county,precinct,office,district,party,candidate,votes,election_day,av_counting_boards,early_votes
Monroe,"Ash Township, Precinct 1",U.S. Senate,,DEM,Gary Peters,239,239,0,0
Monroe,"Ash Township, Precinct 1",U.S. Senate,,DEM,Total Votes,239,239,0,0
Monroe,"Ash Township, Precinct 1",U.S. Senate,,DEM,Write-In,2,2,0,0
Monroe,"Ash Township, Precinct 1",U.S. Senate,,DEM,Ballots Cast,664,664,0,0
Monroe,"Ash Township, Precinct 2",U.S. Senate,,DEM,Gary Peters,257,257,0,0
Monroe,"Ash Township, Precinct 2",U.S. Senate,,DEM,Total Votes,257,257,0,0
Monroe,"Ash Township, Precinct 2",U.S. Senate,,DEM,Write-In,1,1,0,0
Monroe,"Ash Township, Precinct 2",U.S. Senate,,DEM,Ballots Cast,732,732,0,0
Monroe,"Ash Township, Precinct 3",U.S. Senate,,DEM,Gary Peters,200,200,0,0
Monroe,"Ash Township, Precinct 3",U.S. Senate,,DEM,Total Votes,200,200,0,0
Monroe,"Ash Township, Precinct 3",U.S. Senate,,DEM,Ballots Cast,593,593,0,0
Monroe,"Bedford Township, Precinct 1",U.S. Senate,,DEM,Gary Peters,101,36,65,0
Monroe,"Bedford Township, Precinct 1",U.S. Senate,,DEM,Total Votes,101,36,65,0
Monroe,"Bedford Township, Precinct 1",U.S. Senate,,DEM,Ballots Cast,338,169,169,0
Monroe,"Bedford Township, Precinct 10",U.S. Senate,,DEM,Gary Peters,140,36,104,0
Monroe,"Bedford Township, Precinct 10",U.S. Senate,,DEM,Total Votes,140,36,104,0
Monroe,"Bedford Township, Precinct 10",U.S. Senate,,DEM,Write-In,2,1,1,0
Monroe,"Bedford Township, Precinct 10",U.S. Senate,,DEM,Ballots Cast,470,192,278,0
Monroe,"Bedford Township, Precinct 11",U.S. Senate,,DEM,Gary Peters,216,58,158,0
Monroe,"Bedford Township, Precinct 11",U.S. Senate,,DEM,Total Votes,216,58,158,0
Monroe,"Bedford Township, Precinct 11",U.S. Senate,,DEM,Ballots Cast,805,356,449,0
Monroe,"Bedford Township, Precinct 12",U.S. Senate,,DEM,Gary Peters,224,61,163,0
Monroe,"Bedford Township, Precinct 12",U.S. Senate,,DEM,Total Votes,224,61,163,0
Monroe,"Bedford Township, Precinct 12",U.S. Senate,,DEM,Ballots Cast,578,218,360,0
Monroe,"Bedford Township, Precinct 13",U.S. Senate,,DEM,Gary Peters,193,58,135,0
Monroe,"Bedford Township, Precinct 13",U.S. Senate,,DEM,Total Votes,193,58,135,0
Monroe,"Bedford Township, Precinct 13",U.S. Senate,,DEM,Ballots Cast,662,292,370,0
Monroe,"Bedford Township, Precinct 14",U.S. Senate,,DEM,Gary Peters,170,40,130,0
Monroe,"Bedford Township, Precinct 14",U.S. Senate,,DEM,Total Votes,170,40,130,0
Monroe,"Bedford Township, Precinct 14",U.S. Senate,,DEM,Ballots Cast,403,145,258,0
Monroe,"Bedford Township, Precinct 2",U.S. Senate,,DEM,Gary Peters,188,50,138,0
Monroe,"Bedford Township, Precinct 2",U.S. Senate,,DEM,Total Votes,188,50,138,0
Monroe,"Bedford Township, Precinct 2",U.S. Senate,,DEM,Write-In,1,1,0,0
Monroe,"Bedford Township, Precinct 2",U.S. Senate,,DEM,Ballots Cast,641,246,395,0
Monroe,"Bedford Township, Precinct 3",U.S. Senate,,DEM,Gary Peters,179,55,124,0
Monroe,"Bedford Township, Precinct 3",U.S. Senate,,DEM,Total Votes,179,55,124,0
Monroe,"Bedford Township, Precinct 3",U.S. Senate,,DEM,Write-In,1,0,1,0
Monroe,"Bedford Township, Precinct 3",U.S. Senate,,DEM,Ballots Cast,588,288,300,0
Monroe,"Bedford Township, Precinct 4",U.S. Senate,,DEM,Gary Peters,263,61,202,0
Monroe,"Bedford Township, Precinct 4",U.S. Senate,,DEM,Total Votes,263,61,202,0
Monroe,"Bedford Township, Precinct 4",U.S. Senate,,DEM,Write-In,1,0,1,0
Monroe,"Bedford Township, Precinct 4",U.S. Senate,,DEM,Ballots Cast,763,283,480,0
Monroe,"Bedford Township, Precinct 5",U.S. Senate,,DEM,Gary Peters,234,56,178,0
Monroe,"Bedford Township, Precinct 5",U.S. Senate,,DEM,Total Votes,234,56,178,0
Monroe,"Bedford Township, Precinct 5",U.S. Senate,,DEM,Write-In,1,1,0,0
Monroe,"Bedford Township, Precinct 5",U.S. Senate,,DEM,Ballots Cast,647,250,397,0
Monroe,"Bedford Township, Precinct 6",U.S. Senate,,DEM,Gary Peters,305,79,226,0
Monroe,"Bedford Township, Precinct 6",U.S. Senate,,DEM,Total Votes,305,79,226,0
Monroe,"Bedford Township, Precinct 6",U.S. Senate,,DEM,Write-In,1,1,0,0
Monroe,"Bedford Township, Precinct 6",U.S. Senate,,DEM,Ballots Cast,937,407,530,0
Monroe,"Bedford Township, Precinct 7",U.S. Senate,,DEM,Gary Peters,234,50,184,0
Monroe,"Bedford Township, Precinct 7",U.S. Senate,,DEM,Total Votes,234,50,184,0
Monroe,"Bedford Township, Precinct 7",U.S. Senate,,DEM,Ballots Cast,739,263,476,0
Monroe,"Bedford Township, Precinct 8",U.S. Senate,,DEM,Gary Peters,266,77,189,0
Monroe,"Bedford Township, Precinct 8",U.S. Senate,,DEM,Total Votes,266,77,189,0
Monroe,"Bedford Township, Precinct 8",U.S. Senate,,DEM,Ballots Cast,814,291,523,0
Monroe,"Bedford Township, Precinct 9",U.S. Senate,,DEM,Gary Peters,186,36,150,0
Monroe,"Bedford Township, Precinct 9",U.S. Senate,,DEM,Total Votes,186,36,150,0
Monroe,"Bedford Township, Precinct 9",U.S. Senate,,DEM,Ballots Cast,535,190,345,0
Monroe,"Berlin Township, Precinct 1",U.S. Senate,,DEM,Gary Peters,179,179,0,0
Monroe,"Berlin Township, Precinct 1",U.S. Senate,,DEM,Total Votes,179,179,0,0
Monroe,"Berlin Township, Precinct 1",U.S. Senate,,DEM,Ballots Cast,444,444,0,0
Monroe,"Berlin Township, Precinct 2",U.S. Senate,,DEM,Gary Peters,286,286,0,0
Monroe,"Berlin Township, Precinct 2",U.S. Senate,,DEM,Total Votes,286,286,0,0
Monroe,"Berlin Township, Precinct 2",U.S. Senate,,DEM,Write-In,2,2,0,0
Monroe,"Berlin Township, Precinct 2",U.S. Senate,,DEM,Ballots Cast,731,731,0,0
Monroe,"Berlin Township, Precinct 3",U.S. Senate,,DEM,Gary Peters,152,152,0,0
Monroe,"Berlin Township, Precinct 3",U.S. Senate,,DEM,Total Votes,152,152,0,0
Monroe,"Berlin Township, Precinct 3",U.S. Senate,,DEM,Ballots Cast,407,407,0,0
Monroe,"Berlin Township, Precinct 4",U.S. Senate,,DEM,Gary Peters,214,214,0,0
Monroe,"Berlin Township, Precinct 4",U.S. Senate,,DEM,Total Votes,214,214,0,0
Monroe,"Berlin Township, Precinct 4",U.S. Senate,,DEM,Ballots Cast,582,582,0,0
Monroe,"City of Luna Pier, Precinct 1",U.S. Senate,,DEM,Gary Peters,151,151,0,0
Monroe,"City of Luna Pier, Precinct 1",U.S. Senate,,DEM,Total Votes,151,151,0,0
Monroe,"City of Luna Pier, Precinct 1",U.S. Senate,,DEM,Ballots Cast,372,372,0,0
Monroe,"City of Milan, Precinct 1",U.S. Senate,,DEM,Gary Peters,237,237,0,0
Monroe,"City of Milan, Precinct 1",U.S. Senate,,DEM,Total Votes,237,237,0,0
Monroe,"City of Milan, Precinct 1",U.S. Senate,,DEM,Ballots Cast,423,423,0,0
Monroe,"City of Monroe, Precinct 1",U.S. Senate,,DEM,Gary Peters,317,57,260,0
Monroe,"City of Monroe, Precinct 1",U.S. Senate,,DEM,Total Votes,317,57,260,0
Monroe,"City of Monroe, Precinct 1",U.S. Senate,,DEM,Write-In,3,0,3,0
Monroe,"City of Monroe, Precinct 1",U.S. Senate,,DEM,Ballots Cast,608,158,450,0
Monroe,"City of Monroe, Precinct 2",U.S. Senate,,DEM,Gary Peters,234,70,164,0
Monroe,"City of Monroe, Precinct 2",U.S. Senate,,DEM,Total Votes,234,70,164,0
Monroe,"City of Monroe, Precinct 2",U.S. Senate,,DEM,Write-In,2,1,1,0
Monroe,"City of Monroe, Precinct 2",U.S. Senate,,DEM,Ballots Cast,487,180,307,0
Monroe,"City of Monroe, Precinct 3N",U.S. Senate,,DEM,Gary Peters,137,41,96,0
Monroe,"City of Monroe, Precinct 3N",U.S. Senate,,DEM,Total Votes,137,41,96,0
Monroe,"City of Monroe, Precinct 3N",U.S. Senate,,DEM,Ballots Cast,288,116,172,0
Monroe,"City of Monroe, Precinct 3S",U.S. Senate,,DEM,Gary Peters,137,51,86,0
Monroe,"City of Monroe, Precinct 3S",U.S. Senate,,DEM,Total Votes,137,51,86,0
Monroe,"City of Monroe, Precinct 3S",U.S. Senate,,DEM,Write-In,1,0,1,0
Monroe,"City of Monroe, Precinct 3S",U.S. Senate,,DEM,Ballots Cast,213,88,125,0
Monroe,"City of Monroe, Precinct 4",U.S. Senate,,DEM,Gary Peters,422,81,341,0
Monroe,"City of Monroe, Precinct 4",U.S. Senate,,DEM,Total Votes,422,81,341,0
Monroe,"City of Monroe, Precinct 4",U.S. Senate,,DEM,Write-In,4,2,2,0
Monroe,"City of Monroe, Precinct 4",U.S. Senate,,DEM,Ballots Cast,872,283,589,0
Monroe,"City of Monroe, Precinct 5",U.S. Senate,,DEM,Gary Peters,457,59,398,0
Monroe,"City of Monroe, Precinct 5",U.S. Senate,,DEM,Total Votes,457,59,398,0
Monroe,"City of Monroe, Precinct 5",U.S. Senate,,DEM,Write-In,1,1,0,0
Monroe,"City of Monroe, Precinct 5",U.S. Senate,,DEM,Ballots Cast,956,226,730,0
Monroe,"City of Monroe, Precinct 6",U.S. Senate,,DEM,Gary Peters,297,69,228,0
Monroe,"City of Monroe, Precinct 6",U.S. Senate,,DEM,Total Votes,297,69,228,0
Monroe,"City of Monroe, Precinct 6",U.S. Senate,,DEM,Ballots Cast,692,212,480,0
Monroe,"City of Petersburg, Precinct 1",U.S. Senate,,DEM,Gary Peters,118,118,0,0
Monroe,"City of Petersburg, Precinct 1",U.S. Senate,,DEM,Total Votes,118,118,0,0
Monroe,"City of Petersburg, Precinct 1",U.S. Senate,,DEM,Ballots Cast,268,268,0,0
Monroe,"Dundee Township, Precinct 1",U.S. Senate,,DEM,Gary Peters,179,179,0,0
Monroe,"Dundee Township, Precinct 1",U.S. Senate,,DEM,Total Votes,179,179,0,0
Monroe,"Dundee Township, Precinct 1",U.S. Senate,,DEM,Write-In,1,1,0,0
Monroe,"Dundee Township, Precinct 1",U.S. Senate,,DEM,Ballots Cast,467,467,0,0
Monroe,"Dundee Township, Precinct 2",U.S. Senate,,DEM,Gary Peters,240,240,0,0
Monroe,"Dundee Township, Precinct 2",U.S. Senate,,DEM,Total Votes,240,240,0,0
Monroe,"Dundee Township, Precinct 2",U.S. Senate,,DEM,Ballots Cast,654,654,0,0
Monroe,"Dundee Township, Precinct 3",U.S. Senate,,DEM,Gary Peters,250,250,0,0
Monroe,"Dundee Township, Precinct 3",U.S. Senate,,DEM,Total Votes,250,250,0,0
Monroe,"Dundee Township, Precinct 3",U.S. Senate,,DEM,Ballots Cast,692,692,0,0
Monroe,"Erie Township, Precinct 1",U.S. Senate,,DEM,Gary Peters,195,51,144,0
Monroe,"Erie Township, Precinct 1",U.S. Senate,,DEM,Total Votes,195,51,144,0
Monroe,"Erie Township, Precinct 1",U.S. Senate,,DEM,Ballots Cast,672,249,423,0
Monroe,"Erie Township, Precinct 2",U.S. Senate,,DEM,Gary Peters,112,21,91,0
Monroe,"Erie Township, Precinct 2",U.S. Senate,,DEM,Total Votes,112,21,91,0
Monroe,"Erie Township, Precinct 2",U.S. Senate,,DEM,Ballots Cast,402,164,238,0
Monroe,"Exeter Township, Precinct 1",U.S. Senate,,DEM,Gary Peters,135,135,0,0
Monroe,"Exeter Township, Precinct 1",U.S. Senate,,DEM,Total Votes,135,135,0,0
Monroe,"Exeter Township, Precinct 1",U.S. Senate,,DEM,Ballots Cast,396,396,0,0
Monroe,"Exeter Township, Precinct 2",U.S. Senate,,DEM,Gary Peters,186,186,0,0
Monroe,"Exeter Township, Precinct 2",U.S. Senate,,DEM,Total Votes,186,186,0,0
Monroe,"Exeter Township, Precinct 2",U.S. Senate,,DEM,Ballots Cast,475,475,0,0
Monroe,"Frenchtown Township, Precinct 1",U.S. Senate,,DEM,Gary Peters,91,23,68,0
Monroe,"Frenchtown Township, Precinct 1",U.S. Senate,,DEM,Total Votes,91,23,68,0
Monroe,"Frenchtown Township, Precinct 1",U.S. Senate,,DEM,Ballots Cast,307,126,181,0
Monroe,"Frenchtown Township, Precinct 2",U.S. Senate,,DEM,Gary Peters,144,30,114,0
Monroe,"Frenchtown Township, Precinct 2",U.S. Senate,,DEM,Total Votes,144,30,114,0
Monroe,"Frenchtown Township, Precinct 2",U.S. Senate,,DEM,Ballots Cast,384,141,243,0
Monroe,"Frenchtown Township, Precinct 3",U.S. Senate,,DEM,Gary Peters,134,22,112,0
Monroe,"Frenchtown Township, Precinct 3",U.S. Senate,,DEM,Total Votes,134,22,112,0
Monroe,"Frenchtown Township, Precinct 3",U.S. Senate,,DEM,Write-In,1,1,0,0
Monroe,"Frenchtown Township, Precinct 3",U.S. Senate,,DEM,Ballots Cast,465,151,314,0
Monroe,"Frenchtown Township, Precinct 4",U.S. Senate,,DEM,Gary Peters,235,27,208,0
Monroe,"Frenchtown Township, Precinct 4",U.S. Senate,,DEM,Total Votes,235,27,208,0
Monroe,"Frenchtown Township, Precinct 4",U.S. Senate,,DEM,Write-In,1,0,1,0
Monroe,"Frenchtown Township, Precinct 4",U.S. Senate,,DEM,Ballots Cast,657,154,503,0
Monroe,"Frenchtown Township, Precinct 5",U.S. Senate,,DEM,Gary Peters,180,31,149,0
Monroe,"Frenchtown Township, Precinct 5",U.S. Senate,,DEM,Total Votes,180,31,149,0
Monroe,"Frenchtown Township, Precinct 5",U.S. Senate,,DEM,Write-In,1,1,0,0
Monroe,"Frenchtown Township, Precinct 5",U.S. Senate,,DEM,Ballots Cast,417,139,278,0
Monroe,"Frenchtown Township, Precinct 6",U.S. Senate,,DEM,Gary Peters,207,47,160,0
Monroe,"Frenchtown Township, Precinct 6",U.S. Senate,,DEM,Total Votes,207,47,160,0
Monroe,"Frenchtown Township, Precinct 6",U.S. Senate,,DEM,Write-In,1,0,1,0
Monroe,"Frenchtown Township, Precinct 6",U.S. Senate,,DEM,Ballots Cast,625,230,395,0
Monroe,"Frenchtown Township, Precinct 7",U.S. Senate,,DEM,Gary Peters,353,49,304,0
Monroe,"Frenchtown Township, Precinct 7",U.S. Senate,,DEM,Total Votes,353,49,304,0
Monroe,"Frenchtown Township, Precinct 7",U.S. Senate,,DEM,Write-In,1,0,1,0
Monroe,"Frenchtown Township, Precinct 7",U.S. Senate,,DEM,Ballots Cast,1005,238,767,0
Monroe,"Frenchtown Township, Precinct 8",U.S. Senate,,DEM,Gary Peters,164,42,122,0
Monroe,"Frenchtown Township, Precinct 8",U.S. Senate,,DEM,Total Votes,164,42,122,0
Monroe,"Frenchtown Township, Precinct 8",U.S. Senate,,DEM,Write-In,1,0,1,0
Monroe,"Frenchtown Township, Precinct 8",U.S. Senate,,DEM,Ballots Cast,488,175,313,0
Monroe,"Frenchtown Township, Precinct 9",U.S. Senate,,DEM,Gary Peters,147,31,116,0
Monroe,"Frenchtown Township, Precinct 9",U.S. Senate,,DEM,Total Votes,147,31,116,0
Monroe,"Frenchtown Township, Precinct 9",U.S. Senate,,DEM,Ballots Cast,313,89,224,0
Monroe,"Ida Township, Precinct 1",U.S. Senate,,DEM,Gary Peters,149,43,106,0
Monroe,"Ida Township, Precinct 1",U.S. Senate,,DEM,Total Votes,149,43,106,0
Monroe,"Ida Township, Precinct 1",U.S. Senate,,DEM,Ballots Cast,618,272,346,0
Monroe,"Ida Township, Precinct 2",U.S. Senate,,DEM,Gary Peters,190,57,133,0
Monroe,"Ida Township, Precinct 2",U.S. Senate,,DEM,Total Votes,190,57,133,0
Monroe,"Ida Township, Precinct 2",U.S. Senate,,DEM,Ballots Cast,687,293,394,0
Monroe,"La Salle Township, Precinct 1",U.S. Senate,,DEM,Gary Peters,129,27,102,0
Monroe,"La Salle Township, Precinct 1",U.S. Senate,,DEM,Total Votes,129,27,102,0
Monroe,"La Salle Township, Precinct 1",U.S. Senate,,DEM,Write-In,1,1,0,0
Monroe,"La Salle Township, Precinct 1",U.S. Senate,,DEM,Ballots Cast,672,253,419,0
Monroe,"La Salle Township, Precinct 2",U.S. Senate,,DEM,Gary Peters,211,59,152,0
Monroe,"La Salle Township, Precinct 2",U.S. Senate,,DEM,Total Votes,211,59,152,0
Monroe,"La Salle Township, Precinct 2",U.S. Senate,,DEM,Ballots Cast,779,325,454,0
Monroe,"London Township, Precinct 1",U.S. Senate,,DEM,Gary Peters,242,242,0,0
Monroe,"London Township, Precinct 1",U.S. Senate,,DEM,Total Votes,242,242,0,0
Monroe,"London Township, Precinct 1",U.S. Senate,,DEM,Ballots Cast,834,834,0,0
Monroe,"Milan Township, Precinct 1",U.S. Senate,,DEM,Gary Peters,156,156,0,0
Monroe,"Milan Township, Precinct 1",U.S. Senate,,DEM,Total Votes,156,156,0,0
Monroe,"Milan Township, Precinct 1",U.S. Senate,,DEM,Ballots Cast,451,451,0,0
Monroe,"Monroe Township, Precinct 1",U.S. Senate,,DEM,Gary Peters,217,42,175,0
Monroe,"Monroe Township, Precinct 1",U.S. Senate,,DEM,Total Votes,217,42,175,0
Monroe,"Monroe Township, Precinct 1",U.S. Senate,,DEM,Ballots Cast,452,114,338,0
Monroe,"Monroe Township, Precinct 2",U.S. Senate,,DEM,Gary Peters,115,23,92,0
Monroe,"Monroe Township, Precinct 2",U.S. Senate,,DEM,Total Votes,115,23,92,0
Monroe,"Monroe Township, Precinct 2",U.S. Senate,,DEM,Ballots Cast,248,75,173,0
Monroe,"Monroe Township, Precinct 3",U.S. Senate,,DEM,Gary Peters,180,33,147,0
Monroe,"Monroe Township, Precinct 3",U.S. Senate,,DEM,Total Votes,180,33,147,0
Monroe,"Monroe Township, Precinct 3",U.S. Senate,,DEM,Ballots Cast,454,146,308,0
Monroe,"Monroe Township, Precinct 4",U.S. Senate,,DEM,Gary Peters,249,53,196,0
Monroe,"Monroe Township, Precinct 4",U.S. Senate,,DEM,Total Votes,249,53,196,0
Monroe,"Monroe Township, Precinct 4",U.S. Senate,,DEM,Write-In,4,0,4,0
Monroe,"Monroe Township, Precinct 4",U.S. Senate,,DEM,Ballots Cast,577,186,391,0
Monroe,"Monroe Township, Precinct 5",U.S. Senate,,DEM,Gary Peters,292,33,259,0
Monroe,"Monroe Township, Precinct 5",U.S. Senate,,DEM,Total Votes,292,33,259,0
Monroe,"Monroe Township, Precinct 5",U.S. Senate,,DEM,Write-In,3,0,3,0
Monroe,"Monroe Township, Precinct 5",U.S. Senate,,DEM,Ballots Cast,831,242,589,0
Monroe,"Monroe Township, Precinct 6",U.S. Senate,,DEM,Gary Peters,206,34,172,0
Monroe,"Monroe Township, Precinct 6",U.S. Senate,,DEM,Total Votes,206,34,172,0
Monroe,"Monroe Township, Precinct 6",U.S. Senate,,DEM,Ballots Cast,538,141,397,0
Monroe,"Raisinville Township, Precinct 1",U.S. Senate,,DEM,Gary Peters,240,29,211,0
Monroe,"Raisinville Township, Precinct 1",U.S. Senate,,DEM,Total Votes,240,29,211,0
Monroe,"Raisinville Township, Precinct 1",U.S. Senate,,DEM,Ballots Cast,833,241,592,0
Monroe,"Raisinville Township, Precinct 2",U.S. Senate,,DEM,Gary Peters,295,64,231,0
Monroe,"Raisinville Township, Precinct 2",U.S. Senate,,DEM,Total Votes,295,64,231,0
Monroe,"Raisinville Township, Precinct 2",U.S. Senate,,DEM,Write-In,2,1,1,0
Monroe,"Raisinville Township, Precinct 2",U.S. Senate,,DEM,Ballots Cast,791,271,520,0
Monroe,"Summerfield Township, Precinct 1",U.S. Senate,,DEM,Gary Peters,182,182,0,0
Monroe,"Summerfield Township, Precinct 1",U.S. Senate,,DEM,Total Votes,182,182,0,0
Monroe,"Summerfield Township, Precinct 1",U.S. Senate,,DEM,Write-In,2,2,0,0
Monroe,"Summerfield Township, Precinct 1",U.S. Senate,,DEM,Ballots Cast,984,984,0,0
Monroe,"Whiteford Township, Precinct 1",U.S. Senate,,DEM,Gary Peters,157,43,114,0
Monroe,"Whiteford Township, Precinct 1",U.S. Senate,,DEM,Total Votes,157,43,114,0
Monroe,"Whiteford Township, Precinct 1",U.S. Senate,,DEM,Ballots Cast,518,213,305,0
Monroe,"Whiteford Township, Precinct 2",U.S. Senate,,DEM,Gary Peters,84,26,58,0
Monroe,"Whiteford Township, Precinct 2",U.S. Senate,,DEM,Total Votes,84,26,58,0
Monroe,"Whiteford Township, Precinct 2",U.S. Senate,,DEM,Write-In,1,1,0,0
Monroe,"Whiteford Township, Precinct 2",U.S. Senate,,DEM,Ballots Cast,385,170,215,0
Monroe,"Ash Township, Precinct 1",U.S. House,7,DEM,Gretchen D. Driskell,243,243,0,0
Monroe,"Ash Township, Precinct 1",U.S. House,7,DEM,Total Votes,243,243,0,0
Monroe,"Ash Township, Precinct 1",U.S. House,7,DEM,Write-In,1,1,0,0
Monroe,"Ash Township, Precinct 1",U.S. House,7,DEM,Ballots Cast,664,664,0,0
Monroe,"Ash Township, Precinct 2",U.S. House,7,DEM,Gretchen D. Driskell,256,256,0,0
Monroe,"Ash Township, Precinct 2",U.S. House,7,DEM,Total Votes,256,256,0,0
Monroe,"Ash Township, Precinct 2",U.S. House,7,DEM,Ballots Cast,732,732,0,0
Monroe,"Ash Township, Precinct 3",U.S. House,7,DEM,Gretchen D. Driskell,198,198,0,0
Monroe,"Ash Township, Precinct 3",U.S. House,7,DEM,Total Votes,198,198,0,0
Monroe,"Ash Township, Precinct 3",U.S. House,7,DEM,Ballots Cast,593,593,0,0
Monroe,"Bedford Township, Precinct 1",U.S. House,7,DEM,Gretchen D. Driskell,100,36,64,0
Monroe,"Bedford Township, Precinct 1",U.S. House,7,DEM,Total Votes,100,36,64,0
Monroe,"Bedford Township, Precinct 1",U.S. House,7,DEM,Ballots Cast,338,169,169,0
Monroe,"Bedford Township, Precinct 10",U.S. House,7,DEM,Gretchen D. Driskell,140,36,104,0
Monroe,"Bedford Township, Precinct 10",U.S. House,7,DEM,Total Votes,140,36,104,0
Monroe,"Bedford Township, Precinct 10",U.S. House,7,DEM,Write-In,2,1,1,0
Monroe,"Bedford Township, Precinct 10",U.S. House,7,DEM,Ballots Cast,470,192,278,0
Monroe,"Bedford Township, Precinct 11",U.S. House,7,DEM,Gretchen D. Driskell,215,58,157,0
Monroe,"Bedford Township, Precinct 11",U.S. House,7,DEM,Total Votes,215,58,157,0
Monroe,"Bedford Township, Precinct 11",U.S. House,7,DEM,Ballots Cast,805,356,449,0
Monroe,"Bedford Township, Precinct 12",U.S. House,7,DEM,Gretchen D. Driskell,223,61,162,0
Monroe,"Bedford Township, Precinct 12",U.S. House,7,DEM,Total Votes,223,61,162,0
Monroe,"Bedford Township, Precinct 12",U.S. House,7,DEM,Ballots Cast,578,218,360,0
Monroe,"Bedford Township, Precinct 13",U.S. House,7,DEM,Gretchen D. Driskell,192,56,136,0
Monroe,"Bedford Township, Precinct 13",U.S. House,7,DEM,Total Votes,192,56,136,0
Monroe,"Bedford Township, Precinct 13",U.S. House,7,DEM,Write-In,1,1,0,0
Monroe,"Bedford Township, Precinct 13",U.S. House,7,DEM,Ballots Cast,662,292,370,0
Monroe,"Bedford Township, Precinct 14",U.S. House,7,DEM,Gretchen D. Driskell,169,38,131,0
Monroe,"Bedford Township, Precinct 14",U.S. House,7,DEM,Total Votes,169,38,131,0
Monroe,"Bedford Township, Precinct 14",U.S. House,7,DEM,Ballots Cast,403,145,258,0
Monroe,"Bedford Township, Precinct 2",U.S. House,7,DEM,Gretchen D. Driskell,186,49,137,0
Monroe,"Bedford Township, Precinct 2",U.S. House,7,DEM,Total Votes,186,49,137,0
Monroe,"Bedford Township, Precinct 2",U.S. House,7,DEM,Ballots Cast,641,246,395,0
Monroe,"Bedford Township, Precinct 3",U.S. House,7,DEM,Gretchen D. Driskell,182,55,127,0
Monroe,"Bedford Township, Precinct 3",U.S. House,7,DEM,Total Votes,182,55,127,0
Monroe,"Bedford Township, Precinct 3",U.S. House,7,DEM,Ballots Cast,588,288,300,0
Monroe,"Bedford Township, Precinct 4",U.S. House,7,DEM,Gretchen D. Driskell,259,59,200,0
Monroe,"Bedford Township, Precinct 4",U.S. House,7,DEM,Total Votes,259,59,200,0
Monroe,"Bedford Township, Precinct 4",U.S. House,7,DEM,Write-In,2,0,2,0
Monroe,"Bedford Township, Precinct 4",U.S. House,7,DEM,Ballots Cast,763,283,480,0
Monroe,"Bedford Township, Precinct 5",U.S. House,7,DEM,Gretchen D. Driskell,232,56,176,0
Monroe,"Bedford Township, Precinct 5",U.S. House,7,DEM,Total Votes,232,56,176,0
Monroe,"Bedford Township, Precinct 5",U.S. House,7,DEM,Ballots Cast,647,250,397,0
Monroe,"Bedford Township, Precinct 6",U.S. House,7,DEM,Gretchen D. Driskell,311,81,230,0
Monroe,"Bedford Township, Precinct 6",U.S. House,7,DEM,Total Votes,311,81,230,0
Monroe,"Bedford Township, Precinct 6",U.S. House,7,DEM,Ballots Cast,937,407,530,0
Monroe,"Bedford Township, Precinct 7",U.S. House,7,DEM,Gretchen D. Driskell,236,50,186,0
Monroe,"Bedford Township, Precinct 7",U.S. House,7,DEM,Total Votes,236,50,186,0
Monroe,"Bedford Township, Precinct 7",U.S. House,7,DEM,Write-In,1,1,0,0
Monroe,"Bedford Township, Precinct 7",U.S. House,7,DEM,Ballots Cast,739,263,476,0
Monroe,"Bedford Township, Precinct 8",U.S. House,7,DEM,Gretchen D. Driskell,265,76,189,0
Monroe,"Bedford Township, Precinct 8",U.S. House,7,DEM,Total Votes,265,76,189,0
Monroe,"Bedford Township, Precinct 8",U.S. House,7,DEM,Ballots Cast,814,291,523,0
Monroe,"Bedford Township, Precinct 9",U.S. House,7,DEM,Gretchen D. Driskell,183,35,148,0
Monroe,"Bedford Township, Precinct 9",U.S. House,7,DEM,Total Votes,183,35,148,0
Monroe,"Bedford Township, Precinct 9",U.S. House,7,DEM,Ballots Cast,535,190,345,0
Monroe,"Berlin Township, Precinct 1",U.S. House,7,DEM,Gretchen D. Driskell,177,177,0,0
Monroe,"Berlin Township, Precinct 1",U.S. House,7,DEM,Total Votes,177,177,0,0
Monroe,"Berlin Township, Precinct 1",U.S. House,7,DEM,Write-In,1,1,0,0
Monroe,"Berlin Township, Precinct 1",U.S. House,7,DEM,Ballots Cast,444,444,0,0
Monroe,"Berlin Township, Precinct 2",U.S. House,7,DEM,Gretchen D. Driskell,280,280,0,0
Monroe,"Berlin Township, Precinct 2",U.S. House,7,DEM,Total Votes,280,280,0,0
Monroe,"Berlin Township, Precinct 2",U.S. House,7,DEM,Write-In,1,1,0,0
Monroe,"Berlin Township, Precinct 2",U.S. House,7,DEM,Ballots Cast,731,731,0,0
Monroe,"Berlin Township, Precinct 3",U.S. House,7,DEM,Gretchen D. Driskell,151,151,0,0
Monroe,"Berlin Township, Precinct 3",U.S. House,7,DEM,Total Votes,151,151,0,0
Monroe,"Berlin Township, Precinct 3",U.S. House,7,DEM,Ballots Cast,407,407,0,0
Monroe,"Berlin Township, Precinct 4",U.S. House,7,DEM,Gretchen D. Driskell,208,208,0,0
Monroe,"Berlin Township, Precinct 4",U.S. House,7,DEM,Total Votes,208,208,0,0
Monroe,"Berlin Township, Precinct 4",U.S. House,7,DEM,Ballots Cast,582,582,0,0
Monroe,"City of Luna Pier, Precinct 1",U.S. House,7,DEM,Gretchen D. Driskell,150,150,0,0
Monroe,"City of Luna Pier, Precinct 1",U.S. House,7,DEM,Total Votes,150,150,0,0
Monroe,"City of Luna Pier, Precinct 1",U.S. House,7,DEM,Ballots Cast,372,372,0,0
Monroe,"City of Milan, Precinct 1",U.S. House,7,DEM,Gretchen D. Driskell,234,234,0,0
Monroe,"City of Milan, Precinct 1",U.S. House,7,DEM,Total Votes,234,234,0,0
Monroe,"City of Milan, Precinct 1",U.S. House,7,DEM,Ballots Cast,423,423,0,0
Monroe,"City of Monroe, Precinct 1",U.S. House,7,DEM,Gretchen D. Driskell,320,56,264,0
Monroe,"City of Monroe, Precinct 1",U.S. House,7,DEM,Total Votes,320,56,264,0
Monroe,"City of Monroe, Precinct 1",U.S. House,7,DEM,Ballots Cast,608,158,450,0
Monroe,"City of Monroe, Precinct 2",U.S. House,7,DEM,Gretchen D. Driskell,237,71,166,0
Monroe,"City of Monroe, Precinct 2",U.S. House,7,DEM,Total Votes,237,71,166,0
Monroe,"City of Monroe, Precinct 2",U.S. House,7,DEM,Ballots Cast,487,180,307,0
Monroe,"City of Monroe, Precinct 3N",U.S. House,7,DEM,Gretchen D. Driskell,137,43,94,0
Monroe,"City of Monroe, Precinct 3N",U.S. House,7,DEM,Total Votes,137,43,94,0
Monroe,"City of Monroe, Precinct 3N",U.S. House,7,DEM,Ballots Cast,288,116,172,0
Monroe,"City of Monroe, Precinct 3S",U.S. House,7,DEM,Gretchen D. Driskell,137,53,84,0
Monroe,"City of Monroe, Precinct 3S",U.S. House,7,DEM,Total Votes,137,53,84,0
Monroe,"City of Monroe, Precinct 3S",U.S. House,7,DEM,Write-In,1,1,0,0
Monroe,"City of Monroe, Precinct 3S",U.S. House,7,DEM,Ballots Cast,213,88,125,0
Monroe,"City of Monroe, Precinct 4",U.S. House,7,DEM,Gretchen D. Driskell,429,82,347,0
Monroe,"City of Monroe, Precinct 4",U.S. House,7,DEM,Total Votes,429,82,347,0
Monroe,"City of Monroe, Precinct 4",U.S. House,7,DEM,Write-In,2,2,0,0
Monroe,"City of Monroe, Precinct 4",U.S. House,7,DEM,Ballots Cast,872,283,589,0
Monroe,"City of Monroe, Precinct 5",U.S. House,7,DEM,Gretchen D. Driskell,463,60,403,0
Monroe,"City of Monroe, Precinct 5",U.S. House,7,DEM,Total Votes,463,60,403,0
Monroe,"City of Monroe, Precinct 5",U.S. House,7,DEM,Write-In,1,1,0,0
Monroe,"City of Monroe, Precinct 5",U.S. House,7,DEM,Ballots Cast,956,226,730,0
Monroe,"City of Monroe, Precinct 6",U.S. House,7,DEM,Gretchen D. Driskell,301,70,231,0
Monroe,"City of Monroe, Precinct 6",U.S. House,7,DEM,Total Votes,301,70,231,0
Monroe,"City of Monroe, Precinct 6",U.S. House,7,DEM,Write-In,1,0,1,0
Monroe,"City of Monroe, Precinct 6",U.S. House,7,DEM,Ballots Cast,692,212,480,0
Monroe,"City of Petersburg, Precinct 1",U.S. House,7,DEM,Gretchen D. Driskell,112,112,0,0
Monroe,"City of Petersburg, Precinct 1",U.S. House,7,DEM,Total Votes,112,112,0,0
Monroe,"City of Petersburg, Precinct 1",U.S. House,7,DEM,Ballots Cast,268,268,0,0
Monroe,"Dundee Township, Precinct 1",U.S. House,7,DEM,Gretchen D. Driskell,182,182,0,0
Monroe,"Dundee Township, Precinct 1",U.S. House,7,DEM,Total Votes,182,182,0,0
Monroe,"Dundee Township, Precinct 1",U.S. House,7,DEM,Write-In,1,1,0,0
Monroe,"Dundee Township, Precinct 1",U.S. House,7,DEM,Ballots Cast,467,467,0,0
Monroe,"Dundee Township, Precinct 2",U.S. House,7,DEM,Gretchen D. Driskell,234,234,0,0
Monroe,"Dundee Township, Precinct 2",U.S. House,7,DEM,Total Votes,234,234,0,0
Monroe,"Dundee Township, Precinct 2",U.S. House,7,DEM,Ballots Cast,654,654,0,0
Monroe,"Dundee Township, Precinct 3",U.S. House,7,DEM,Gretchen D. Driskell,247,247,0,0
Monroe,"Dundee Township, Precinct 3",U.S. House,7,DEM,Total Votes,247,247,0,0
Monroe,"Dundee Township, Precinct 3",U.S. House,7,DEM,Ballots Cast,692,692,0,0
Monroe,"Erie Township, Precinct 1",U.S. House,7,DEM,Gretchen D. Driskell,193,52,141,0
Monroe,"Erie Township, Precinct 1",U.S. House,7,DEM,Total Votes,193,52,141,0
Monroe,"Erie Township, Precinct 1",U.S. House,7,DEM,Ballots Cast,672,249,423,0
Monroe,"Erie Township, Precinct 2",U.S. House,7,DEM,Gretchen D. Driskell,111,20,91,0
Monroe,"Erie Township, Precinct 2",U.S. House,7,DEM,Total Votes,111,20,91,0
Monroe,"Erie Township, Precinct 2",U.S. House,7,DEM,Ballots Cast,402,164,238,0
Monroe,"Exeter Township, Precinct 1",U.S. House,7,DEM,Gretchen D. Driskell,134,134,0,0
Monroe,"Exeter Township, Precinct 1",U.S. House,7,DEM,Total Votes,134,134,0,0
Monroe,"Exeter Township, Precinct 1",U.S. House,7,DEM,Ballots Cast,396,396,0,0
Monroe,"Exeter Township, Precinct 2",U.S. House,7,DEM,Gretchen D. Driskell,182,182,0,0
Monroe,"Exeter Township, Precinct 2",U.S. House,7,DEM,Total Votes,182,182,0,0
Monroe,"Exeter Township, Precinct 2",U.S. House,7,DEM,Ballots Cast,475,475,0,0
Monroe,"Frenchtown Township, Precinct 1",U.S. House,7,DEM,Gretchen D. Driskell,90,22,68,0
Monroe,"Frenchtown Township, Precinct 1",U.S. House,7,DEM,Total Votes,90,22,68,0
Monroe,"Frenchtown Township, Precinct 1",U.S. House,7,DEM,Ballots Cast,307,126,181,0
Monroe,"Frenchtown Township, Precinct 2",U.S. House,7,DEM,Gretchen D. Driskell,144,30,114,0
Monroe,"Frenchtown Township, Precinct 2",U.S. House,7,DEM,Total Votes,144,30,114,0
Monroe,"Frenchtown Township, Precinct 2",U.S. House,7,DEM,Ballots Cast,384,141,243,0
Monroe,"Frenchtown Township, Precinct 3",U.S. House,7,DEM,Gretchen D. Driskell,132,22,110,0
Monroe,"Frenchtown Township, Precinct 3",U.S. House,7,DEM,Total Votes,132,22,110,0
Monroe,"Frenchtown Township, Precinct 3",U.S. House,7,DEM,Write-In,1,1,0,0
Monroe,"Frenchtown Township, Precinct 3",U.S. House,7,DEM,Ballots Cast,465,151,314,0
Monroe,"Frenchtown Township, Precinct 4",U.S. House,7,DEM,Gretchen D. Driskell,236,26,210,0
Monroe,"Frenchtown Township, Precinct 4",U.S. House,7,DEM,Total Votes,236,26,210,0
Monroe,"Frenchtown Township, Precinct 4",U.S. House,7,DEM,Ballots Cast,657,154,503,0
Monroe,"Frenchtown Township, Precinct 5",U.S. House,7,DEM,Gretchen D. Driskell,174,30,144,0
Monroe,"Frenchtown Township, Precinct 5",U.S. House,7,DEM,Total Votes,174,30,144,0
Monroe,"Frenchtown Township, Precinct 5",U.S. House,7,DEM,Ballots Cast,417,139,278,0
Monroe,"Frenchtown Township, Precinct 6",U.S. House,7,DEM,Gretchen D. Driskell,209,45,164,0
Monroe,"Frenchtown Township, Precinct 6",U.S. House,7,DEM,Total Votes,209,45,164,0
Monroe,"Frenchtown Township, Precinct 6",U.S. House,7,DEM,Write-In,1,0,1,0
Monroe,"Frenchtown Township, Precinct 6",U.S. House,7,DEM,Ballots Cast,625,230,395,0
Monroe,"Frenchtown Township, Precinct 7",U.S. House,7,DEM,Gretchen D. Driskell,353,47,306,0
Monroe,"Frenchtown Township, Precinct 7",U.S. House,7,DEM,Total Votes,353,47,306,0
Monroe,"Frenchtown Township, Precinct 7",U.S. House,7,DEM,Ballots Cast,1005,238,767,0
Monroe,"Frenchtown Township, Precinct 8",U.S. House,7,DEM,Gretchen D. Driskell,163,42,121,0
Monroe,"Frenchtown Township, Precinct 8",U.S. House,7,DEM,Total Votes,163,42,121,0
Monroe,"Frenchtown Township, Precinct 8",U.S. House,7,DEM,Ballots Cast,488,175,313,0
Monroe,"Frenchtown Township, Precinct 9",U.S. House,7,DEM,Gretchen D. Driskell,146,31,115,0
Monroe,"Frenchtown Township, Precinct 9",U.S. House,7,DEM,Total Votes,146,31,115,0
Monroe,"Frenchtown Township, Precinct 9",U.S. House,7,DEM,Ballots Cast,313,89,224,0
Monroe,"Ida Township, Precinct 1",U.S. House,7,DEM,Gretchen D. Driskell,149,42,107,0
Monroe,"Ida Township, Precinct 1",U.S. House,7,DEM,Total Votes,149,42,107,0
Monroe,"Ida Township, Precinct 1",U.S. House,7,DEM,Ballots Cast,618,272,346,0
Monroe,"Ida Township, Precinct 2",U.S. House,7,DEM,Gretchen D. Driskell,185,56,129,0
Monroe,"Ida Township, Precinct 2",U.S. House,7,DEM,Total Votes,185,56,129,0
Monroe,"Ida Township, Precinct 2",U.S. House,7,DEM,Ballots Cast,687,293,394,0
Monroe,"La Salle Township, Precinct 1",U.S. House,7,DEM,Gretchen D. Driskell,131,27,104,0
Monroe,"La Salle Township, Precinct 1",U.S. House,7,DEM,Total Votes,131,27,104,0
Monroe,"La Salle Township, Precinct 1",U.S. House,7,DEM,Ballots Cast,672,253,419,0
Monroe,"La Salle Township, Precinct 2",U.S. House,7,DEM,Gretchen D. Driskell,208,57,151,0
Monroe,"La Salle Township, Precinct 2",U.S. House,7,DEM,Total Votes,208,57,151,0
Monroe,"La Salle Township, Precinct 2",U.S. House,7,DEM,Write-In,1,0,1,0
Monroe,"La Salle Township, Precinct 2",U.S. House,7,DEM,Ballots Cast,779,325,454,0
Monroe,"London Township, Precinct 1",U.S. House,7,DEM,Gretchen D. Driskell,243,243,0,0
Monroe,"London Township, Precinct 1",U.S. House,7,DEM,Total Votes,243,243,0,0
Monroe,"London Township, Precinct 1",U.S. House,7,DEM,Ballots Cast,834,834,0,0
Monroe,"Milan Township, Precinct 1",U.S. House,7,DEM,Gretchen D. Driskell,155,155,0,0
Monroe,"Milan Township, Precinct 1",U.S. House,7,DEM,Total Votes,155,155,0,0
Monroe,"Milan Township, Precinct 1",U.S. House,7,DEM,Write-In,1,1,0,0
Monroe,"Milan Township, Precinct 1",U.S. House,7,DEM,Ballots Cast,451,451,0,0
Monroe,"Monroe Township, Precinct 1",U.S. House,7,DEM,Gretchen D. Driskell,216,42,174,0
Monroe,"Monroe Township, Precinct 1",U.S. House,7,DEM,Total Votes,216,42,174,0
Monroe,"Monroe Township, Precinct 1",U.S. House,7,DEM,Ballots Cast,452,114,338,0
Monroe,"Monroe Township, Precinct 2",U.S. House,7,DEM,Gretchen D. Driskell,114,22,92,0
Monroe,"Monroe Township, Precinct 2",U.S. House,7,DEM,Total Votes,114,22,92,0
Monroe,"Monroe Township, Precinct 2",U.S. House,7,DEM,Ballots Cast,248,75,173,0
Monroe,"Monroe Township, Precinct 3",U.S. House,7,DEM,Gretchen D. Driskell,185,34,151,0
Monroe,"Monroe Township, Precinct 3",U.S. House,7,DEM,Total Votes,185,34,151,0
Monroe,"Monroe Township, Precinct 3",U.S. House,7,DEM,Ballots Cast,454,146,308,0
Monroe,"Monroe Township, Precinct 4",U.S. House,7,DEM,Gretchen D. Driskell,251,52,199,0
Monroe,"Monroe Township, Precinct 4",U.S. House,7,DEM,Total Votes,251,52,199,0
Monroe,"Monroe Township, Precinct 4",U.S. House,7,DEM,Write-In,2,2,0,0
Monroe,"Monroe Township, Precinct 4",U.S. House,7,DEM,Ballots Cast,577,186,391,0
Monroe,"Monroe Township, Precinct 5",U.S. House,7,DEM,Gretchen D. Driskell,296,34,262,0
Monroe,"Monroe Township, Precinct 5",U.S. House,7,DEM,Total Votes,296,34,262,0
Monroe,"Monroe Township, Precinct 5",U.S. House,7,DEM,Write-In,2,0,2,0
Monroe,"Monroe Township, Precinct 5",U.S. House,7,DEM,Ballots Cast,831,242,589,0
Monroe,"Monroe Township, Precinct 6",U.S. House,7,DEM,Gretchen D. Driskell,207,35,172,0
Monroe,"Monroe Township, Precinct 6",U.S. House,7,DEM,Total Votes,207,35,172,0
Monroe,"Monroe Township, Precinct 6",U.S. House,7,DEM,Ballots Cast,538,141,397,0
Monroe,"Raisinville Township, Precinct 1",U.S. House,7,DEM,Gretchen D. Driskell,238,30,208,0
Monroe,"Raisinville Township, Precinct 1",U.S. House,7,DEM,Total Votes,238,30,208,0
Monroe,"Raisinville Township, Precinct 1",U.S. House,7,DEM,Ballots Cast,833,241,592,0
Monroe,"Raisinville Township, Precinct 2",U.S. House,7,DEM,Gretchen D. Driskell,300,65,235,0
Monroe,"Raisinville Township, Precinct 2",U.S. House,7,DEM,Total Votes,300,65,235,0
Monroe,"Raisinville Township, Precinct 2",U.S. House,7,DEM,Write-In,3,1,2,0
Monroe,"Raisinville Township, Precinct 2",U.S. House,7,DEM,Ballots Cast,791,271,520,0
Monroe,"Summerfield Township, Precinct 1",U.S. House,7,DEM,Gretchen D. Driskell,186,186,0,0
Monroe,"Summerfield Township, Precinct 1",U.S. House,7,DEM,Total Votes,186,186,0,0
Monroe,"Summerfield Township, Precinct 1",U.S. House,7,DEM,Write-In,2,2,0,0
Monroe,"Summerfield Township, Precinct 1",U.S. House,7,DEM,Ballots Cast,984,984,0,0
Monroe,"Whiteford Township, Precinct 1",U.S. House,7,DEM,Gretchen D. Driskell,161,46,115,0
Monroe,"Whiteford Township, Precinct 1",U.S. House,7,DEM,Total Votes,161,46,115,0
Monroe,"Whiteford Township, Precinct 1",U.S. House,7,DEM,Ballots Cast,518,213,305,0
Monroe,"Whiteford Township, Precinct 2",U.S. House,7,DEM,Gretchen D. Driskell,88,28,60,0
Monroe,"Whiteford Township, Precinct 2",U.S. House,7,DEM,Total Votes,88,28,60,0
Monroe,"Whiteford Township, Precinct 2",U.S. House,7,DEM,Ballots Cast,385,170,215,0
Monroe,"Ash Township, Precinct 1",State House,17,DEM,Christopher Slat,100,100,0,0
Monroe,"Ash Township, Precinct 1",State House,17,DEM,Scott Cramton,125,125,0,0
Monroe,"Ash Township, Precinct 1",State House,17,DEM,Total Votes,225,225,0,0
Monroe,"Ash Township, Precinct 1",State House,17,DEM,Write-In,1,1,0,0
Monroe,"Ash Township, Precinct 1",State House,17,DEM,Ballots Cast,664,664,0,0
Monroe,"Ash Township, Precinct 2",State House,17,DEM,Christopher Slat,147,147,0,0
Monroe,"Ash Township, Precinct 2",State House,17,DEM,Scott Cramton,84,84,0,0
Monroe,"Ash Township, Precinct 2",State House,17,DEM,Total Votes,231,231,0,0
Monroe,"Ash Township, Precinct 2",State House,17,DEM,Write-In,1,1,0,0
Monroe,"Ash Township, Precinct 2",State House,17,DEM,Ballots Cast,732,732,0,0
Monroe,"Ash Township, Precinct 3",State House,17,DEM,Christopher Slat,118,118,0,0
Monroe,"Ash Township, Precinct 3",State House,17,DEM,Scott Cramton,69,69,0,0
Monroe,"Ash Township, Precinct 3",State House,17,DEM,Total Votes,187,187,0,0
Monroe,"Ash Township, Precinct 3",State House,17,DEM,Ballots Cast,593,593,0,0
Monroe,"Berlin Township, Precinct 1",State House,17,DEM,Christopher Slat,118,118,0,0
Monroe,"Berlin Township, Precinct 1",State House,17,DEM,Scott Cramton,52,52,0,0
Monroe,"Berlin Township, Precinct 1",State House,17,DEM,Total Votes,170,170,0,0
Monroe,"Berlin Township, Precinct 1",State House,17,DEM,Write-In,1,1,0,0
Monroe,"Berlin Township, Precinct 1",State House,17,DEM,Ballots Cast,444,444,0,0
Monroe,"Berlin Township, Precinct 2",State House,17,DEM,Christopher Slat,144,144,0,0
Monroe,"Berlin Township, Precinct 2",State House,17,DEM,Scott Cramton,121,121,0,0
Monroe,"Berlin Township, Precinct 2",State House,17,DEM,Total Votes,265,265,0,0
Monroe,"Berlin Township, Precinct 2",State House,17,DEM,Ballots Cast,731,731,0,0
Monroe,"Berlin Township, Precinct 3",State House,17,DEM,Christopher Slat,105,105,0,0
Monroe,"Berlin Township, Precinct 3",State House,17,DEM,Scott Cramton,37,37,0,0
Monroe,"Berlin Township, Precinct 3",State House,17,DEM,Total Votes,142,142,0,0
Monroe,"Berlin Township, Precinct 3",State House,17,DEM,Ballots Cast,407,407,0,0
Monroe,"Berlin Township, Precinct 4",State House,17,DEM,Christopher Slat,100,100,0,0
Monroe,"Berlin Township, Precinct 4",State House,17,DEM,Scott Cramton,87,87,0,0
Monroe,"Berlin Township, Precinct 4",State House,17,DEM,Total Votes,187,187,0,0
Monroe,"Berlin Township, Precinct 4",State House,17,DEM,Write-In,1,1,0,0
Monroe,"Berlin Township, Precinct 4",State House,17,DEM,Ballots Cast,582,582,0,0
Monroe,"City of Monroe, Precinct 1",State House,17,DEM,Christopher Slat,243,40,203,0
Monroe,"City of Monroe, Precinct 1",State House,17,DEM,Scott Cramton,67,11,56,0
Monroe,"City of Monroe, Precinct 1",State House,17,DEM,Total Votes,310,51,259,0
Monroe,"City of Monroe, Precinct 1",State House,17,DEM,Write-In,2,2,0,0
Monroe,"City of Monroe, Precinct 1",State House,17,DEM,Ballots Cast,608,158,450,0
Monroe,"City of Monroe, Precinct 2",State House,17,DEM,Christopher Slat,144,48,96,0
Monroe,"City of Monroe, Precinct 2",State House,17,DEM,Scott Cramton,79,21,58,0
Monroe,"City of Monroe, Precinct 2",State House,17,DEM,Total Votes,223,69,154,0
Monroe,"City of Monroe, Precinct 2",State House,17,DEM,Write-In,1,0,1,0
Monroe,"City of Monroe, Precinct 2",State House,17,DEM,Ballots Cast,487,180,307,0
Monroe,"City of Monroe, Precinct 3N",State House,17,DEM,Christopher Slat,113,35,78,0
Monroe,"City of Monroe, Precinct 3N",State House,17,DEM,Scott Cramton,27,9,18,0
Monroe,"City of Monroe, Precinct 3N",State House,17,DEM,Total Votes,140,44,96,0
Monroe,"City of Monroe, Precinct 3N",State House,17,DEM,Ballots Cast,288,116,172,0
Monroe,"City of Monroe, Precinct 3S",State House,17,DEM,Christopher Slat,72,32,40,0
Monroe,"City of Monroe, Precinct 3S",State House,17,DEM,Scott Cramton,62,20,42,0
Monroe,"City of Monroe, Precinct 3S",State House,17,DEM,Total Votes,134,52,82,0
Monroe,"City of Monroe, Precinct 3S",State House,17,DEM,Write-In,1,1,0,0
Monroe,"City of Monroe, Precinct 3S",State House,17,DEM,Ballots Cast,213,88,125,0
Monroe,"City of Monroe, Precinct 4",State House,17,DEM,Christopher Slat,321,69,252,0
Monroe,"City of Monroe, Precinct 4",State House,17,DEM,Scott Cramton,83,15,68,0
Monroe,"City of Monroe, Precinct 4",State House,17,DEM,Total Votes,404,84,320,0
Monroe,"City of Monroe, Precinct 4",State House,17,DEM,Write-In,2,2,0,0
Monroe,"City of Monroe, Precinct 4",State House,17,DEM,Ballots Cast,872,283,589,0
Monroe,"City of Monroe, Precinct 5",State House,17,DEM,Christopher Slat,254,38,216,0
Monroe,"City of Monroe, Precinct 5",State House,17,DEM,Scott Cramton,174,21,153,0
Monroe,"City of Monroe, Precinct 5",State House,17,DEM,Total Votes,428,59,369,0
Monroe,"City of Monroe, Precinct 5",State House,17,DEM,Write-In,1,0,1,0
Monroe,"City of Monroe, Precinct 5",State House,17,DEM,Ballots Cast,956,226,730,0
Monroe,"City of Monroe, Precinct 6",State House,17,DEM,Christopher Slat,209,51,158,0
Monroe,"City of Monroe, Precinct 6",State House,17,DEM,Scott Cramton,72,17,55,0
Monroe,"City of Monroe, Precinct 6",State House,17,DEM,Total Votes,281,68,213,0
Monroe,"City of Monroe, Precinct 6",State House,17,DEM,Write-In,1,0,1,0
Monroe,"City of Monroe, Precinct 6",State House,17,DEM,Ballots Cast,692,212,480,0
Monroe,"Exeter Township, Precinct 1",State House,17,DEM,Christopher Slat,82,82,0,0
Monroe,"Exeter Township, Precinct 1",State House,17,DEM,Scott Cramton,40,40,0,0
Monroe,"Exeter Township, Precinct 1",State House,17,DEM,Total Votes,122,122,0,0
Monroe,"Exeter Township, Precinct 1",State House,17,DEM,Ballots Cast,396,396,0,0
Monroe,"Exeter Township, Precinct 2",State House,17,DEM,Christopher Slat,110,110,0,0
Monroe,"Exeter Township, Precinct 2",State House,17,DEM,Scott Cramton,51,51,0,0
Monroe,"Exeter Township, Precinct 2",State House,17,DEM,Total Votes,161,161,0,0
Monroe,"Exeter Township, Precinct 2",State House,17,DEM,Ballots Cast,475,475,0,0
Monroe,"Frenchtown Township, Precinct 1",State House,17,DEM,Christopher Slat,44,9,35,0
Monroe,"Frenchtown Township, Precinct 1",State House,17,DEM,Scott Cramton,33,10,23,0
Monroe,"Frenchtown Township, Precinct 1",State House,17,DEM,Total Votes,77,19,58,0
Monroe,"Frenchtown Township, Precinct 1",State House,17,DEM,Write-In,1,1,0,0
Monroe,"Frenchtown Township, Precinct 1",State House,17,DEM,Ballots Cast,307,126,181,0
Monroe,"Frenchtown Township, Precinct 2",State House,17,DEM,Christopher Slat,92,20,72,0
Monroe,"Frenchtown Township, Precinct 2",State House,17,DEM,Scott Cramton,39,8,31,0
Monroe,"Frenchtown Township, Precinct 2",State House,17,DEM,Total Votes,131,28,103,0
Monroe,"Frenchtown Township, Precinct 2",State House,17,DEM,Write-In,1,0,1,0
Monroe,"Frenchtown Township, Precinct 2",State House,17,DEM,Ballots Cast,384,141,243,0
Monroe,"Frenchtown Township, Precinct 3",State House,17,DEM,Christopher Slat,52,11,41,0
Monroe,"Frenchtown Township, Precinct 3",State House,17,DEM,Scott Cramton,62,9,53,0
Monroe,"Frenchtown Township, Precinct 3",State House,17,DEM,Total Votes,114,20,94,0
Monroe,"Frenchtown Township, Precinct 3",State House,17,DEM,Write-In,1,1,0,0
Monroe,"Frenchtown Township, Precinct 3",State House,17,DEM,Ballots Cast,465,151,314,0
Monroe,"Frenchtown Township, Precinct 4",State House,17,DEM,Christopher Slat,179,21,158,0
Monroe,"Frenchtown Township, Precinct 4",State House,17,DEM,Scott Cramton,48,7,41,0
Monroe,"Frenchtown Township, Precinct 4",State House,17,DEM,Total Votes,227,28,199,0
Monroe,"Frenchtown Township, Precinct 4",State House,17,DEM,Ballots Cast,657,154,503,0
Monroe,"Frenchtown Township, Precinct 5",State House,17,DEM,Christopher Slat,85,17,68,0
Monroe,"Frenchtown Township, Precinct 5",State House,17,DEM,Scott Cramton,81,14,67,0
Monroe,"Frenchtown Township, Precinct 5",State House,17,DEM,Total Votes,166,31,135,0
Monroe,"Frenchtown Township, Precinct 5",State House,17,DEM,Write-In,1,1,0,0
Monroe,"Frenchtown Township, Precinct 5",State House,17,DEM,Ballots Cast,417,139,278,0
Monroe,"Frenchtown Township, Precinct 6",State House,17,DEM,Christopher Slat,134,34,100,0
Monroe,"Frenchtown Township, Precinct 6",State House,17,DEM,Scott Cramton,56,10,46,0
Monroe,"Frenchtown Township, Precinct 6",State House,17,DEM,Total Votes,190,44,146,0
Monroe,"Frenchtown Township, Precinct 6",State House,17,DEM,Ballots Cast,625,230,395,0
Monroe,"Frenchtown Township, Precinct 7",State House,17,DEM,Christopher Slat,179,28,151,0
Monroe,"Frenchtown Township, Precinct 7",State House,17,DEM,Scott Cramton,146,16,130,0
Monroe,"Frenchtown Township, Precinct 7",State House,17,DEM,Total Votes,325,44,281,0
Monroe,"Frenchtown Township, Precinct 7",State House,17,DEM,Ballots Cast,1005,238,767,0
Monroe,"Frenchtown Township, Precinct 8",State House,17,DEM,Christopher Slat,112,33,79,0
Monroe,"Frenchtown Township, Precinct 8",State House,17,DEM,Scott Cramton,43,7,36,0
Monroe,"Frenchtown Township, Precinct 8",State House,17,DEM,Total Votes,155,40,115,0
Monroe,"Frenchtown Township, Precinct 8",State House,17,DEM,Ballots Cast,488,175,313,0
Monroe,"Frenchtown Township, Precinct 9",State House,17,DEM,Christopher Slat,88,25,63,0
Monroe,"Frenchtown Township, Precinct 9",State House,17,DEM,Scott Cramton,52,7,45,0
Monroe,"Frenchtown Township, Precinct 9",State House,17,DEM,Total Votes,140,32,108,0
Monroe,"Frenchtown Township, Precinct 9",State House,17,DEM,Ballots Cast,313,89,224,0
Monroe,"London Township, Precinct 1",State House,17,DEM,Christopher Slat,153,153,0,0
Monroe,"London Township, Precinct 1",State House,17,DEM,Scott Cramton,74,74,0,0
Monroe,"London Township, Precinct 1",State House,17,DEM,Total Votes,227,227,0,0
Monroe,"London Township, Precinct 1",State House,17,DEM,Ballots Cast,834,834,0,0
Monroe,"Monroe Township, Precinct 6",State House,17,DEM,Christopher Slat,3,0,3,0
Monroe,"Monroe Township, Precinct 6",State House,17,DEM,Scott Cramton,4,3,1,0
Monroe,"Monroe Township, Precinct 6",State House,17,DEM,Total Votes,7,3,4,0
Monroe,"Monroe Township, Precinct 6",State House,17,DEM,Ballots Cast,22,8,14,0
Monroe,"Bedford Township, Precinct 1",State House,56,DEM,Ernie Whiteside,39,12,27,0
Monroe,"Bedford Township, Precinct 1",State House,56,DEM,Keith W. Kitchens,52,20,32,0
Monroe,"Bedford Township, Precinct 1",State House,56,DEM,Total Votes,91,32,59,0
Monroe,"Bedford Township, Precinct 1",State House,56,DEM,Ballots Cast,338,169,169,0
Monroe,"Bedford Township, Precinct 10",State House,56,DEM,Ernie Whiteside,64,19,45,0
Monroe,"Bedford Township, Precinct 10",State House,56,DEM,Keith W. Kitchens,70,15,55,0
Monroe,"Bedford Township, Precinct 10",State House,56,DEM,Total Votes,134,34,100,0
Monroe,"Bedford Township, Precinct 10",State House,56,DEM,Ballots Cast,470,192,278,0
Monroe,"Bedford Township, Precinct 11",State House,56,DEM,Ernie Whiteside,87,22,65,0
Monroe,"Bedford Township, Precinct 11",State House,56,DEM,Keith W. Kitchens,111,32,79,0
Monroe,"Bedford Township, Precinct 11",State House,56,DEM,Total Votes,198,54,144,0
Monroe,"Bedford Township, Precinct 11",State House,56,DEM,Ballots Cast,805,356,449,0
Monroe,"Bedford Township, Precinct 12",State House,56,DEM,Ernie Whiteside,109,29,80,0
Monroe,"Bedford Township, Precinct 12",State House,56,DEM,Keith W. Kitchens,81,21,60,0
Monroe,"Bedford Township, Precinct 12",State House,56,DEM,Total Votes,190,50,140,0
Monroe,"Bedford Township, Precinct 12",State House,56,DEM,Ballots Cast,578,218,360,0
Monroe,"Bedford Township, Precinct 13",State House,56,DEM,Ernie Whiteside,73,19,54,0
Monroe,"Bedford Township, Precinct 13",State House,56,DEM,Keith W. Kitchens,103,35,68,0
Monroe,"Bedford Township, Precinct 13",State House,56,DEM,Total Votes,176,54,122,0
Monroe,"Bedford Township, Precinct 13",State House,56,DEM,Ballots Cast,662,292,370,0
Monroe,"Bedford Township, Precinct 14",State House,56,DEM,Ernie Whiteside,80,23,57,0
Monroe,"Bedford Township, Precinct 14",State House,56,DEM,Keith W. Kitchens,80,15,65,0
Monroe,"Bedford Township, Precinct 14",State House,56,DEM,Total Votes,160,38,122,0
Monroe,"Bedford Township, Precinct 14",State House,56,DEM,Ballots Cast,403,145,258,0
Monroe,"Bedford Township, Precinct 2",State House,56,DEM,Ernie Whiteside,93,22,71,0
Monroe,"Bedford Township, Precinct 2",State House,56,DEM,Keith W. Kitchens,83,29,54,0
Monroe,"Bedford Township, Precinct 2",State House,56,DEM,Total Votes,176,51,125,0
Monroe,"Bedford Township, Precinct 2",State House,56,DEM,Write-In,1,0,1,0
Monroe,"Bedford Township, Precinct 2",State House,56,DEM,Ballots Cast,641,246,395,0
Monroe,"Bedford Township, Precinct 3",State House,56,DEM,Ernie Whiteside,66,20,46,0
Monroe,"Bedford Township, Precinct 3",State House,56,DEM,Keith W. Kitchens,103,33,70,0
Monroe,"Bedford Township, Precinct 3",State House,56,DEM,Total Votes,169,53,116,0
Monroe,"Bedford Township, Precinct 3",State House,56,DEM,Ballots Cast,588,288,300,0
Monroe,"Bedford Township, Precinct 4",State House,56,DEM,Ernie Whiteside,95,20,75,0
Monroe,"Bedford Township, Precinct 4",State House,56,DEM,Keith W. Kitchens,141,34,107,0
Monroe,"Bedford Township, Precinct 4",State House,56,DEM,Total Votes,236,54,182,0
Monroe,"Bedford Township, Precinct 4",State House,56,DEM,Write-In,1,1,0,0
Monroe,"Bedford Township, Precinct 4",State House,56,DEM,Ballots Cast,763,283,480,0
Monroe,"Bedford Township, Precinct 5",State House,56,DEM,Ernie Whiteside,83,20,63,0
Monroe,"Bedford Township, Precinct 5",State House,56,DEM,Keith W. Kitchens,127,34,93,0
Monroe,"Bedford Township, Precinct 5",State House,56,DEM,Total Votes,210,54,156,0
Monroe,"Bedford Township, Precinct 5",State House,56,DEM,Write-In,1,1,0,0
Monroe,"Bedford Township, Precinct 5",State House,56,DEM,Ballots Cast,647,250,397,0
Monroe,"Bedford Township, Precinct 6",State House,56,DEM,Ernie Whiteside,145,36,109,0
Monroe,"Bedford Township, Precinct 6",State House,56,DEM,Keith W. Kitchens,134,35,99,0
Monroe,"Bedford Township, Precinct 6",State House,56,DEM,Total Votes,279,71,208,0
Monroe,"Bedford Township, Precinct 6",State House,56,DEM,Write-In,1,1,0,0
Monroe,"Bedford Township, Precinct 6",State House,56,DEM,Ballots Cast,937,407,530,0
Monroe,"Bedford Township, Precinct 7",State House,56,DEM,Ernie Whiteside,72,12,60,0
Monroe,"Bedford Township, Precinct 7",State House,56,DEM,Keith W. Kitchens,147,34,113,0
Monroe,"Bedford Township, Precinct 7",State House,56,DEM,Total Votes,219,46,173,0
Monroe,"Bedford Township, Precinct 7",State House,56,DEM,Write-In,1,1,0,0
Monroe,"Bedford Township, Precinct 7",State House,56,DEM,Ballots Cast,739,263,476,0
Monroe,"Bedford Township, Precinct 8",State House,56,DEM,Ernie Whiteside,112,30,82,0
Monroe,"Bedford Township, Precinct 8",State House,56,DEM,Keith W. Kitchens,129,39,90,0
Monroe,"Bedford Township, Precinct 8",State House,56,DEM,Total Votes,241,69,172,0
Monroe,"Bedford Township, Precinct 8",State House,56,DEM,Write-In,1,1,0,0
Monroe,"Bedford Township, Precinct 8",State House,56,DEM,Ballots Cast,814,291,523,0
Monroe,"Bedford Township, Precinct 9",State House,56,DEM,Ernie Whiteside,58,13,45,0
Monroe,"Bedford Township, Precinct 9",State House,56,DEM,Keith W. Kitchens,111,17,94,0
Monroe,"Bedford Township, Precinct 9",State House,56,DEM,Total Votes,169,30,139,0
Monroe,"Bedford Township, Precinct 9",State House,56,DEM,Ballots Cast,535,190,345,0
Monroe,"City of Luna Pier, Precinct 1",State House,56,DEM,Ernie Whiteside,60,60,0,0
Monroe,"City of Luna Pier, Precinct 1",State House,56,DEM,Keith W. Kitchens,80,80,0,0
Monroe,"City of Luna Pier, Precinct 1",State House,56,DEM,Total Votes,140,140,0,0
Monroe,"City of Luna Pier, Precinct 1",State House,56,DEM,Ballots Cast,372,372,0,0
Monroe,"City of Milan, Precinct 1",State House,56,DEM,Ernie Whiteside,102,102,0,0
Monroe,"City of Milan, Precinct 1",State House,56,DEM,Keith W. Kitchens,120,120,0,0
Monroe,"City of Milan, Precinct 1",State House,56,DEM,Total Votes,222,222,0,0
Monroe,"City of Milan, Precinct 1",State House,56,DEM,Ballots Cast,423,423,0,0
Monroe,"City of Petersburg, Precinct 1",State House,56,DEM,Ernie Whiteside,43,43,0,0
Monroe,"City of Petersburg, Precinct 1",State House,56,DEM,Keith W. Kitchens,58,58,0,0
Monroe,"City of Petersburg, Precinct 1",State House,56,DEM,Total Votes,101,101,0,0
Monroe,"City of Petersburg, Precinct 1",State House,56,DEM,Ballots Cast,268,268,0,0
Monroe,"Dundee Township, Precinct 1",State House,56,DEM,Ernie Whiteside,83,83,0,0
Monroe,"Dundee Township, Precinct 1",State House,56,DEM,Keith W. Kitchens,72,72,0,0
Monroe,"Dundee Township, Precinct 1",State House,56,DEM,Total Votes,155,155,0,0
Monroe,"Dundee Township, Precinct 1",State House,56,DEM,Ballots Cast,467,467,0,0
Monroe,"Dundee Township, Precinct 2",State House,56,DEM,Ernie Whiteside,106,106,0,0
Monroe,"Dundee Township, Precinct 2",State House,56,DEM,Keith W. Kitchens,110,110,0,0
Monroe,"Dundee Township, Precinct 2",State House,56,DEM,Total Votes,216,216,0,0
Monroe,"Dundee Township, Precinct 2",State House,56,DEM,Write-In,1,1,0,0
Monroe,"Dundee Township, Precinct 2",State House,56,DEM,Ballots Cast,654,654,0,0
Monroe,"Dundee Township, Precinct 3",State House,56,DEM,Ernie Whiteside,144,144,0,0
Monroe,"Dundee Township, Precinct 3",State House,56,DEM,Keith W. Kitchens,95,95,0,0
Monroe,"Dundee Township, Precinct 3",State House,56,DEM,Total Votes,239,239,0,0
Monroe,"Dundee Township, Precinct 3",State House,56,DEM,Ballots Cast,692,692,0,0
Monroe,"Erie Township, Precinct 1",State House,56,DEM,Ernie Whiteside,73,12,61,0
Monroe,"Erie Township, Precinct 1",State House,56,DEM,Keith W. Kitchens,105,34,71,0
Monroe,"Erie Township, Precinct 1",State House,56,DEM,Total Votes,178,46,132,0
Monroe,"Erie Township, Precinct 1",State House,56,DEM,Write-In,1,1,0,0
Monroe,"Erie Township, Precinct 1",State House,56,DEM,Ballots Cast,672,249,423,0
Monroe,"Erie Township, Precinct 2",State House,56,DEM,Ernie Whiteside,63,8,55,0
Monroe,"Erie Township, Precinct 2",State House,56,DEM,Keith W. Kitchens,42,9,33,0
Monroe,"Erie Township, Precinct 2",State House,56,DEM,Total Votes,105,17,88,0
Monroe,"Erie Township, Precinct 2",State House,56,DEM,Ballots Cast,402,164,238,0
Monroe,"Ida Township, Precinct 1",State House,56,DEM,Ernie Whiteside,58,11,47,0
Monroe,"Ida Township, Precinct 1",State House,56,DEM,Keith W. Kitchens,82,27,55,0
Monroe,"Ida Township, Precinct 1",State House,56,DEM,Total Votes,140,38,102,0
Monroe,"Ida Township, Precinct 1",State House,56,DEM,Ballots Cast,618,272,346,0
Monroe,"Ida Township, Precinct 2",State House,56,DEM,Ernie Whiteside,98,31,67,0
Monroe,"Ida Township, Precinct 2",State House,56,DEM,Keith W. Kitchens,69,21,48,0
Monroe,"Ida Township, Precinct 2",State House,56,DEM,Total Votes,167,52,115,0
Monroe,"Ida Township, Precinct 2",State House,56,DEM,Ballots Cast,687,293,394,0
Monroe,"La Salle Township, Precinct 1",State House,56,DEM,Ernie Whiteside,64,9,55,0
Monroe,"La Salle Township, Precinct 1",State House,56,DEM,Keith W. Kitchens,59,17,42,0
Monroe,"La Salle Township, Precinct 1",State House,56,DEM,Total Votes,123,26,97,0
Monroe,"La Salle Township, Precinct 1",State House,56,DEM,Ballots Cast,672,253,419,0
Monroe,"La Salle Township, Precinct 2",State House,56,DEM,Ernie Whiteside,113,28,85,0
Monroe,"La Salle Township, Precinct 2",State House,56,DEM,Keith W. Kitchens,78,23,55,0
Monroe,"La Salle Township, Precinct 2",State House,56,DEM,Total Votes,191,51,140,0
Monroe,"La Salle Township, Precinct 2",State House,56,DEM,Ballots Cast,779,325,454,0
Monroe,"Milan Township, Precinct 1",State House,56,DEM,Ernie Whiteside,65,65,0,0
Monroe,"Milan Township, Precinct 1",State House,56,DEM,Keith W. Kitchens,72,72,0,0
Monroe,"Milan Township, Precinct 1",State House,56,DEM,Total Votes,137,137,0,0
Monroe,"Milan Township, Precinct 1",State House,56,DEM,Write-In,1,1,0,0
Monroe,"Milan Township, Precinct 1",State House,56,DEM,Ballots Cast,451,451,0,0
Monroe,"Monroe Township, Precinct 1",State House,56,DEM,Ernie Whiteside,113,27,86,0
Monroe,"Monroe Township, Precinct 1",State House,56,DEM,Keith W. Kitchens,79,12,67,0
Monroe,"Monroe Township, Precinct 1",State House,56,DEM,Total Votes,192,39,153,0
Monroe,"Monroe Township, Precinct 1",State House,56,DEM,Ballots Cast,452,114,338,0
Monroe,"Monroe Township, Precinct 2",State House,56,DEM,Ernie Whiteside,57,8,49,0
Monroe,"Monroe Township, Precinct 2",State House,56,DEM,Keith W. Kitchens,52,11,41,0
Monroe,"Monroe Township, Precinct 2",State House,56,DEM,Total Votes,109,19,90,0
Monroe,"Monroe Township, Precinct 2",State House,56,DEM,Ballots Cast,248,75,173,0
Monroe,"Monroe Township, Precinct 3",State House,56,DEM,Ernie Whiteside,98,17,81,0
Monroe,"Monroe Township, Precinct 3",State House,56,DEM,Keith W. Kitchens,65,16,49,0
Monroe,"Monroe Township, Precinct 3",State House,56,DEM,Total Votes,163,33,130,0
Monroe,"Monroe Township, Precinct 3",State House,56,DEM,Ballots Cast,454,146,308,0
Monroe,"Monroe Township, Precinct 4",State House,56,DEM,Ernie Whiteside,90,27,63,0
Monroe,"Monroe Township, Precinct 4",State House,56,DEM,Keith W. Kitchens,142,22,120,0
Monroe,"Monroe Township, Precinct 4",State House,56,DEM,Total Votes,232,49,183,0
Monroe,"Monroe Township, Precinct 4",State House,56,DEM,Write-In,3,1,2,0
Monroe,"Monroe Township, Precinct 4",State House,56,DEM,Ballots Cast,577,186,391,0
Monroe,"Monroe Township, Precinct 5",State House,56,DEM,Ernie Whiteside,163,18,145,0
Monroe,"Monroe Township, Precinct 5",State House,56,DEM,Keith W. Kitchens,106,16,90,0
Monroe,"Monroe Township, Precinct 5",State House,56,DEM,Total Votes,269,34,235,0
Monroe,"Monroe Township, Precinct 5",State House,56,DEM,Write-In,1,0,1,0
Monroe,"Monroe Township, Precinct 5",State House,56,DEM,Ballots Cast,831,242,589,0
Monroe,"Monroe Township, Precinct 6",State House,56,DEM,Ernie Whiteside,87,16,71,0
Monroe,"Monroe Township, Precinct 6",State House,56,DEM,Keith W. Kitchens,97,11,86,0
Monroe,"Monroe Township, Precinct 6",State House,56,DEM,Total Votes,184,27,157,0
Monroe,"Monroe Township, Precinct 6",State House,56,DEM,Write-In,1,1,0,0
Monroe,"Monroe Township, Precinct 6",State House,56,DEM,Ballots Cast,516,133,383,0
Monroe,"Raisinville Township, Precinct 1",State House,56,DEM,Ernie Whiteside,128,15,113,0
Monroe,"Raisinville Township, Precinct 1",State House,56,DEM,Keith W. Kitchens,84,12,72,0
Monroe,"Raisinville Township, Precinct 1",State House,56,DEM,Total Votes,212,27,185,0
Monroe,"Raisinville Township, Precinct 1",State House,56,DEM,Ballots Cast,833,241,592,0
Monroe,"Raisinville Township, Precinct 2",State House,56,DEM,Ernie Whiteside,118,28,90,0
Monroe,"Raisinville Township, Precinct 2",State House,56,DEM,Keith W. Kitchens,157,30,127,0
Monroe,"Raisinville Township, Precinct 2",State House,56,DEM,Total Votes,275,58,217,0
Monroe,"Raisinville Township, Precinct 2",State House,56,DEM,Ballots Cast,791,271,520,0
Monroe,"Summerfield Township, Precinct 1",State House,56,DEM,Ernie Whiteside,99,99,0,0
Monroe,"Summerfield Township, Precinct 1",State House,56,DEM,Keith W. Kitchens,67,67,0,0
Monroe,"Summerfield Township, Precinct 1",State House,56,DEM,Total Votes,166,166,0,0
Monroe,"Summerfield Township, Precinct 1",State House,56,DEM,Write-In,1,1,0,0
Monroe,"Summerfield Township, Precinct 1",State House,56,DEM,Ballots Cast,984,984,0,0
Monroe,"Whiteford Township, Precinct 1",State House,56,DEM,Ernie Whiteside,59,14,45,0
Monroe,"Whiteford Township, Precinct 1",State House,56,DEM,Keith W. Kitchens,97,29,68,0
Monroe,"Whiteford Township, Precinct 1",State House,56,DEM,Total Votes,156,43,113,0
Monroe,"Whiteford Township, Precinct 1",State House,56,DEM,Ballots Cast,518,213,305,0
Monroe,"Whiteford Township, Precinct 2",State House,56,DEM,Ernie Whiteside,31,11,20,0
Monroe,"Whiteford Township, Precinct 2",State House,56,DEM,Keith W. Kitchens,45,14,31,0
Monroe,"Whiteford Township, Precinct 2",State House,56,DEM,Total Votes,76,25,51,0
Monroe,"Whiteford Township, Precinct 2",State House,56,DEM,Ballots Cast,385,170,215,0
Monroe,"Ash Township, Precinct 1",County Prosecuting Attorney,,DEM,Write-In,28,28,0,0
Monroe,"Ash Township, Precinct 1",County Prosecuting Attorney,,DEM,Ballots Cast,664,664,0,0
Monroe,"Ash Township, Precinct 2",County Prosecuting Attorney,,DEM,Write-In,31,31,0,0
Monroe,"Ash Township, Precinct 2",County Prosecuting Attorney,,DEM,Ballots Cast,732,732,0,0
Monroe,"Ash Township, Precinct 3",County Prosecuting Attorney,,DEM,Write-In,25,25,0,0
Monroe,"Ash Township, Precinct 3",County Prosecuting Attorney,,DEM,Ballots Cast,593,593,0,0
Monroe,"Bedford Township, Precinct 1",County Prosecuting Attorney,,DEM,Write-In,9,1,8,0
Monroe,"Bedford Township, Precinct 1",County Prosecuting Attorney,,DEM,Ballots Cast,338,169,169,0
Monroe,"Bedford Township, Precinct 10",County Prosecuting Attorney,,DEM,Write-In,14,4,10,0
Monroe,"Bedford Township, Precinct 10",County Prosecuting Attorney,,DEM,Ballots Cast,470,192,278,0
Monroe,"Bedford Township, Precinct 11",County Prosecuting Attorney,,DEM,Write-In,21,7,14,0
Monroe,"Bedford Township, Precinct 11",County Prosecuting Attorney,,DEM,Ballots Cast,805,356,449,0
Monroe,"Bedford Township, Precinct 12",County Prosecuting Attorney,,DEM,Write-In,16,7,9,0
Monroe,"Bedford Township, Precinct 12",County Prosecuting Attorney,,DEM,Ballots Cast,578,218,360,0
Monroe,"Bedford Township, Precinct 13",County Prosecuting Attorney,,DEM,Write-In,22,8,14,0
Monroe,"Bedford Township, Precinct 13",County Prosecuting Attorney,,DEM,Ballots Cast,662,292,370,0
Monroe,"Bedford Township, Precinct 14",County Prosecuting Attorney,,DEM,Write-In,20,5,15,0
Monroe,"Bedford Township, Precinct 14",County Prosecuting Attorney,,DEM,Ballots Cast,403,145,258,0
Monroe,"Bedford Township, Precinct 2",County Prosecuting Attorney,,DEM,Write-In,15,6,9,0
Monroe,"Bedford Township, Precinct 2",County Prosecuting Attorney,,DEM,Ballots Cast,641,246,395,0
Monroe,"Bedford Township, Precinct 3",County Prosecuting Attorney,,DEM,Write-In,11,8,3,0
Monroe,"Bedford Township, Precinct 3",County Prosecuting Attorney,,DEM,Ballots Cast,588,288,300,0
Monroe,"Bedford Township, Precinct 4",County Prosecuting Attorney,,DEM,Write-In,24,3,21,0
Monroe,"Bedford Township, Precinct 4",County Prosecuting Attorney,,DEM,Ballots Cast,763,283,480,0
Monroe,"Bedford Township, Precinct 5",County Prosecuting Attorney,,DEM,Write-In,19,2,17,0
Monroe,"Bedford Township, Precinct 5",County Prosecuting Attorney,,DEM,Ballots Cast,647,250,397,0
Monroe,"Bedford Township, Precinct 6",County Prosecuting Attorney,,DEM,Write-In,21,9,12,0
Monroe,"Bedford Township, Precinct 6",County Prosecuting Attorney,,DEM,Ballots Cast,937,407,530,0
Monroe,"Bedford Township, Precinct 7",County Prosecuting Attorney,,DEM,Write-In,12,3,9,0
Monroe,"Bedford Township, Precinct 7",County Prosecuting Attorney,,DEM,Ballots Cast,739,263,476,0
Monroe,"Bedford Township, Precinct 8",County Prosecuting Attorney,,DEM,Write-In,14,6,8,0
Monroe,"Bedford Township, Precinct 8",County Prosecuting Attorney,,DEM,Ballots Cast,814,291,523,0
Monroe,"Bedford Township, Precinct 9",County Prosecuting Attorney,,DEM,Write-In,13,2,11,0
Monroe,"Bedford Township, Precinct 9",County Prosecuting Attorney,,DEM,Ballots Cast,535,190,345,0
Monroe,"Berlin Township, Precinct 1",County Prosecuting Attorney,,DEM,Write-In,23,23,0,0
Monroe,"Berlin Township, Precinct 1",County Prosecuting Attorney,,DEM,Ballots Cast,444,444,0,0
Monroe,"Berlin Township, Precinct 2",County Prosecuting Attorney,,DEM,Write-In,39,39,0,0
Monroe,"Berlin Township, Precinct 2",County Prosecuting Attorney,,DEM,Ballots Cast,731,731,0,0
Monroe,"Berlin Township, Precinct 3",County Prosecuting Attorney,,DEM,Write-In,17,17,0,0
Monroe,"Berlin Township, Precinct 3",County Prosecuting Attorney,,DEM,Ballots Cast,407,407,0,0
Monroe,"Berlin Township, Precinct 4",County Prosecuting Attorney,,DEM,Write-In,26,26,0,0
Monroe,"Berlin Township, Precinct 4",County Prosecuting Attorney,,DEM,Ballots Cast,582,582,0,0
Monroe,"City of Luna Pier, Precinct 1",County Prosecuting Attorney,,DEM,Write-In,22,22,0,0
Monroe,"City of Luna Pier, Precinct 1",County Prosecuting Attorney,,DEM,Ballots Cast,372,372,0,0
Monroe,"City of Milan, Precinct 1",County Prosecuting Attorney,,DEM,Ballots Cast,423,423,0,0
Monroe,"City of Monroe, Precinct 1",County Prosecuting Attorney,,DEM,Write-In,48,6,42,0
Monroe,"City of Monroe, Precinct 1",County Prosecuting Attorney,,DEM,Ballots Cast,608,158,450,0
Monroe,"City of Monroe, Precinct 2",County Prosecuting Attorney,,DEM,Write-In,39,16,23,0
Monroe,"City of Monroe, Precinct 2",County Prosecuting Attorney,,DEM,Ballots Cast,487,180,307,0
Monroe,"City of Monroe, Precinct 3N",County Prosecuting Attorney,,DEM,Write-In,26,12,14,0
Monroe,"City of Monroe, Precinct 3N",County Prosecuting Attorney,,DEM,Ballots Cast,288,116,172,0
Monroe,"City of Monroe, Precinct 3S",County Prosecuting Attorney,,DEM,Write-In,32,12,20,0
Monroe,"City of Monroe, Precinct 3S",County Prosecuting Attorney,,DEM,Ballots Cast,213,88,125,0
Monroe,"City of Monroe, Precinct 4",County Prosecuting Attorney,,DEM,Write-In,51,13,38,0
Monroe,"City of Monroe, Precinct 4",County Prosecuting Attorney,,DEM,Ballots Cast,872,283,589,0
Monroe,"City of Monroe, Precinct 5",County Prosecuting Attorney,,DEM,Write-In,55,8,47,0
Monroe,"City of Monroe, Precinct 5",County Prosecuting Attorney,,DEM,Ballots Cast,956,226,730,0
Monroe,"City of Monroe, Precinct 6",County Prosecuting Attorney,,DEM,Write-In,39,18,21,0
Monroe,"City of Monroe, Precinct 6",County Prosecuting Attorney,,DEM,Ballots Cast,692,212,480,0
Monroe,"City of Petersburg, Precinct 1",County Prosecuting Attorney,,DEM,Write-In,8,8,0,0
Monroe,"City of Petersburg, Precinct 1",County Prosecuting Attorney,,DEM,Ballots Cast,268,268,0,0
Monroe,"Dundee Township, Precinct 1",County Prosecuting Attorney,,DEM,Write-In,15,15,0,0
Monroe,"Dundee Township, Precinct 1",County Prosecuting Attorney,,DEM,Ballots Cast,467,467,0,0
Monroe,"Dundee Township, Precinct 2",County Prosecuting Attorney,,DEM,Write-In,19,19,0,0
Monroe,"Dundee Township, Precinct 2",County Prosecuting Attorney,,DEM,Ballots Cast,654,654,0,0
Monroe,"Dundee Township, Precinct 3",County Prosecuting Attorney,,DEM,Write-In,22,22,0,0
Monroe,"Dundee Township, Precinct 3",County Prosecuting Attorney,,DEM,Ballots Cast,692,692,0,0
Monroe,"Erie Township, Precinct 1",County Prosecuting Attorney,,DEM,Write-In,21,8,13,0
Monroe,"Erie Township, Precinct 1",County Prosecuting Attorney,,DEM,Ballots Cast,672,249,423,0
Monroe,"Erie Township, Precinct 2",County Prosecuting Attorney,,DEM,Write-In,12,4,8,0
Monroe,"Erie Township, Precinct 2",County Prosecuting Attorney,,DEM,Ballots Cast,402,164,238,0
Monroe,"Exeter Township, Precinct 1",County Prosecuting Attorney,,DEM,Write-In,20,20,0,0
Monroe,"Exeter Township, Precinct 1",County Prosecuting Attorney,,DEM,Ballots Cast,396,396,0,0
Monroe,"Exeter Township, Precinct 2",County Prosecuting Attorney,,DEM,Write-In,23,23,0,0
Monroe,"Exeter Township, Precinct 2",County Prosecuting Attorney,,DEM,Ballots Cast,475,475,0,0
Monroe,"Frenchtown Township, Precinct 1",County Prosecuting Attorney,,DEM,Write-In,9,2,7,0
Monroe,"Frenchtown Township, Precinct 1",County Prosecuting Attorney,,DEM,Ballots Cast,307,126,181,0
Monroe,"Frenchtown Township, Precinct 2",County Prosecuting Attorney,,DEM,Write-In,12,2,10,0
Monroe,"Frenchtown Township, Precinct 2",County Prosecuting Attorney,,DEM,Ballots Cast,384,141,243,0
Monroe,"Frenchtown Township, Precinct 3",County Prosecuting Attorney,,DEM,Write-In,7,0,7,0
Monroe,"Frenchtown Township, Precinct 3",County Prosecuting Attorney,,DEM,Ballots Cast,465,151,314,0
Monroe,"Frenchtown Township, Precinct 4",County Prosecuting Attorney,,DEM,Write-In,21,3,18,0
Monroe,"Frenchtown Township, Precinct 4",County Prosecuting Attorney,,DEM,Ballots Cast,657,154,503,0
Monroe,"Frenchtown Township, Precinct 5",County Prosecuting Attorney,,DEM,Write-In,17,4,13,0
Monroe,"Frenchtown Township, Precinct 5",County Prosecuting Attorney,,DEM,Ballots Cast,417,139,278,0
Monroe,"Frenchtown Township, Precinct 6",County Prosecuting Attorney,,DEM,Write-In,20,4,16,0
Monroe,"Frenchtown Township, Precinct 6",County Prosecuting Attorney,,DEM,Ballots Cast,625,230,395,0
Monroe,"Frenchtown Township, Precinct 7",County Prosecuting Attorney,,DEM,Write-In,33,7,26,0
Monroe,"Frenchtown Township, Precinct 7",County Prosecuting Attorney,,DEM,Ballots Cast,1005,238,767,0
Monroe,"Frenchtown Township, Precinct 8",County Prosecuting Attorney,,DEM,Write-In,14,7,7,0
Monroe,"Frenchtown Township, Precinct 8",County Prosecuting Attorney,,DEM,Ballots Cast,488,175,313,0
Monroe,"Frenchtown Township, Precinct 9",County Prosecuting Attorney,,DEM,Write-In,15,4,11,0
Monroe,"Frenchtown Township, Precinct 9",County Prosecuting Attorney,,DEM,Ballots Cast,313,89,224,0
Monroe,"Ida Township, Precinct 1",County Prosecuting Attorney,,DEM,Write-In,6,4,2,0
Monroe,"Ida Township, Precinct 1",County Prosecuting Attorney,,DEM,Ballots Cast,618,272,346,0
Monroe,"Ida Township, Precinct 2",County Prosecuting Attorney,,DEM,Write-In,13,5,8,0
Monroe,"Ida Township, Precinct 2",County Prosecuting Attorney,,DEM,Ballots Cast,687,293,394,0
Monroe,"La Salle Township, Precinct 1",County Prosecuting Attorney,,DEM,Write-In,7,1,6,0
Monroe,"La Salle Township, Precinct 1",County Prosecuting Attorney,,DEM,Ballots Cast,672,253,419,0
Monroe,"La Salle Township, Precinct 2",County Prosecuting Attorney,,DEM,Write-In,17,4,13,0
Monroe,"La Salle Township, Precinct 2",County Prosecuting Attorney,,DEM,Ballots Cast,779,325,454,0
Monroe,"London Township, Precinct 1",County Prosecuting Attorney,,DEM,Write-In,39,39,0,0
Monroe,"London Township, Precinct 1",County Prosecuting Attorney,,DEM,Ballots Cast,834,834,0,0
Monroe,"Milan Township, Precinct 1",County Prosecuting Attorney,,DEM,Write-In,17,17,0,0
Monroe,"Milan Township, Precinct 1",County Prosecuting Attorney,,DEM,Ballots Cast,451,451,0,0
Monroe,"Monroe Township, Precinct 1",County Prosecuting Attorney,,DEM,Write-In,22,6,16,0
Monroe,"Monroe Township, Precinct 1",County Prosecuting Attorney,,DEM,Ballots Cast,452,114,338,0
Monroe,"Monroe Township, Precinct 2",County Prosecuting Attorney,,DEM,Write-In,13,5,8,0
Monroe,"Monroe Township, Precinct 2",County Prosecuting Attorney,,DEM,Ballots Cast,248,75,173,0
Monroe,"Monroe Township, Precinct 3",County Prosecuting Attorney,,DEM,Write-In,22,9,13,0
Monroe,"Monroe Township, Precinct 3",County Prosecuting Attorney,,DEM,Ballots Cast,454,146,308,0
Monroe,"Monroe Township, Precinct 4",County Prosecuting Attorney,,DEM,Write-In,38,11,27,0
Monroe,"Monroe Township, Precinct 4",County Prosecuting Attorney,,DEM,Ballots Cast,577,186,391,0
Monroe,"Monroe Township, Precinct 5",County Prosecuting Attorney,,DEM,Write-In,34,8,26,0
Monroe,"Monroe Township, Precinct 5",County Prosecuting Attorney,,DEM,Ballots Cast,831,242,589,0
Monroe,"Monroe Township, Precinct 6",County Prosecuting Attorney,,DEM,Write-In,28,9,19,0
Monroe,"Monroe Township, Precinct 6",County Prosecuting Attorney,,DEM,Ballots Cast,538,141,397,0
Monroe,"Raisinville Township, Precinct 1",County Prosecuting Attorney,,DEM,Write-In,24,6,18,0
Monroe,"Raisinville Township, Precinct 1",County Prosecuting Attorney,,DEM,Ballots Cast,833,241,592,0
Monroe,"Raisinville Township, Precinct 2",County Prosecuting Attorney,,DEM,Write-In,28,11,17,0
Monroe,"Raisinville Township, Precinct 2",County Prosecuting Attorney,,DEM,Ballots Cast,791,271,520,0
Monroe,"Summerfield Township, Precinct 1",County Prosecuting Attorney,,DEM,Write-In,15,15,0,0
Monroe,"Summerfield Township, Precinct 1",County Prosecuting Attorney,,DEM,Ballots Cast,984,984,0,0
Monroe,"Whiteford Township, Precinct 1",County Prosecuting Attorney,,DEM,Write-In,16,3,13,0
Monroe,"Whiteford Township, Precinct 1",County Prosecuting Attorney,,DEM,Ballots Cast,518,213,305,0
Monroe,"Whiteford Township, Precinct 2",County Prosecuting Attorney,,DEM,Write-In,7,3,4,0
Monroe,"Whiteford Township, Precinct 2",County Prosecuting Attorney,,DEM,Ballots Cast,385,170,215,0
Monroe,"Ash Township, Precinct 1",County Sheriff,,DEM,Total Votes,239,239,0,0
Monroe,"Ash Township, Precinct 1",County Sheriff,,DEM,Troy Goodnough,239,239,0,0
Monroe,"Ash Township, Precinct 1",County Sheriff,,DEM,Write-In,1,1,0,0
Monroe,"Ash Township, Precinct 1",County Sheriff,,DEM,Ballots Cast,664,664,0,0
Monroe,"Ash Township, Precinct 2",County Sheriff,,DEM,Total Votes,254,254,0,0
Monroe,"Ash Township, Precinct 2",County Sheriff,,DEM,Troy Goodnough,254,254,0,0
Monroe,"Ash Township, Precinct 2",County Sheriff,,DEM,Write-In,1,1,0,0
Monroe,"Ash Township, Precinct 2",County Sheriff,,DEM,Ballots Cast,732,732,0,0
Monroe,"Ash Township, Precinct 3",County Sheriff,,DEM,Total Votes,202,202,0,0
Monroe,"Ash Township, Precinct 3",County Sheriff,,DEM,Troy Goodnough,202,202,0,0
Monroe,"Ash Township, Precinct 3",County Sheriff,,DEM,Ballots Cast,593,593,0,0
Monroe,"Bedford Township, Precinct 1",County Sheriff,,DEM,Total Votes,91,35,56,0
Monroe,"Bedford Township, Precinct 1",County Sheriff,,DEM,Troy Goodnough,91,35,56,0
Monroe,"Bedford Township, Precinct 1",County Sheriff,,DEM,Write-In,1,0,1,0
Monroe,"Bedford Township, Precinct 1",County Sheriff,,DEM,Ballots Cast,338,169,169,0
Monroe,"Bedford Township, Precinct 10",County Sheriff,,DEM,Total Votes,142,38,104,0
Monroe,"Bedford Township, Precinct 10",County Sheriff,,DEM,Troy Goodnough,142,38,104,0
Monroe,"Bedford Township, Precinct 10",County Sheriff,,DEM,Ballots Cast,470,192,278,0
Monroe,"Bedford Township, Precinct 11",County Sheriff,,DEM,Total Votes,211,61,150,0
Monroe,"Bedford Township, Precinct 11",County Sheriff,,DEM,Troy Goodnough,211,61,150,0
Monroe,"Bedford Township, Precinct 11",County Sheriff,,DEM,Ballots Cast,805,356,449,0
Monroe,"Bedford Township, Precinct 12",County Sheriff,,DEM,Total Votes,209,58,151,0
Monroe,"Bedford Township, Precinct 12",County Sheriff,,DEM,Troy Goodnough,209,58,151,0
Monroe,"Bedford Township, Precinct 12",County Sheriff,,DEM,Ballots Cast,578,218,360,0
Monroe,"Bedford Township, Precinct 13",County Sheriff,,DEM,Total Votes,190,57,133,0
Monroe,"Bedford Township, Precinct 13",County Sheriff,,DEM,Troy Goodnough,190,57,133,0
Monroe,"Bedford Township, Precinct 13",County Sheriff,,DEM,Ballots Cast,662,292,370,0
Monroe,"Bedford Township, Precinct 14",County Sheriff,,DEM,Total Votes,162,38,124,0
Monroe,"Bedford Township, Precinct 14",County Sheriff,,DEM,Troy Goodnough,162,38,124,0
Monroe,"Bedford Township, Precinct 14",County Sheriff,,DEM,Ballots Cast,403,145,258,0
Monroe,"Bedford Township, Precinct 2",County Sheriff,,DEM,Total Votes,187,53,134,0
Monroe,"Bedford Township, Precinct 2",County Sheriff,,DEM,Troy Goodnough,187,53,134,0
Monroe,"Bedford Township, Precinct 2",County Sheriff,,DEM,Write-In,1,0,1,0
Monroe,"Bedford Township, Precinct 2",County Sheriff,,DEM,Ballots Cast,641,246,395,0
Monroe,"Bedford Township, Precinct 3",County Sheriff,,DEM,Total Votes,177,54,123,0
Monroe,"Bedford Township, Precinct 3",County Sheriff,,DEM,Troy Goodnough,177,54,123,0
Monroe,"Bedford Township, Precinct 3",County Sheriff,,DEM,Write-In,1,0,1,0
Monroe,"Bedford Township, Precinct 3",County Sheriff,,DEM,Ballots Cast,588,288,300,0
Monroe,"Bedford Township, Precinct 4",County Sheriff,,DEM,Total Votes,251,58,193,0
Monroe,"Bedford Township, Precinct 4",County Sheriff,,DEM,Troy Goodnough,251,58,193,0
Monroe,"Bedford Township, Precinct 4",County Sheriff,,DEM,Write-In,1,0,1,0
Monroe,"Bedford Township, Precinct 4",County Sheriff,,DEM,Ballots Cast,763,283,480,0
Monroe,"Bedford Township, Precinct 5",County Sheriff,,DEM,Total Votes,228,56,172,0
Monroe,"Bedford Township, Precinct 5",County Sheriff,,DEM,Troy Goodnough,228,56,172,0
Monroe,"Bedford Township, Precinct 5",County Sheriff,,DEM,Ballots Cast,647,250,397,0
Monroe,"Bedford Township, Precinct 6",County Sheriff,,DEM,Total Votes,285,74,211,0
Monroe,"Bedford Township, Precinct 6",County Sheriff,,DEM,Troy Goodnough,285,74,211,0
Monroe,"Bedford Township, Precinct 6",County Sheriff,,DEM,Write-In,1,1,0,0
Monroe,"Bedford Township, Precinct 6",County Sheriff,,DEM,Ballots Cast,937,407,530,0
Monroe,"Bedford Township, Precinct 7",County Sheriff,,DEM,Total Votes,228,48,180,0
Monroe,"Bedford Township, Precinct 7",County Sheriff,,DEM,Troy Goodnough,228,48,180,0
Monroe,"Bedford Township, Precinct 7",County Sheriff,,DEM,Ballots Cast,739,263,476,0
Monroe,"Bedford Township, Precinct 8",County Sheriff,,DEM,Total Votes,254,76,178,0
Monroe,"Bedford Township, Precinct 8",County Sheriff,,DEM,Troy Goodnough,254,76,178,0
Monroe,"Bedford Township, Precinct 8",County Sheriff,,DEM,Ballots Cast,814,291,523,0
Monroe,"Bedford Township, Precinct 9",County Sheriff,,DEM,Total Votes,174,34,140,0
Monroe,"Bedford Township, Precinct 9",County Sheriff,,DEM,Troy Goodnough,174,34,140,0
Monroe,"Bedford Township, Precinct 9",County Sheriff,,DEM,Ballots Cast,535,190,345,0
Monroe,"Berlin Township, Precinct 1",County Sheriff,,DEM,Total Votes,174,174,0,0
Monroe,"Berlin Township, Precinct 1",County Sheriff,,DEM,Troy Goodnough,174,174,0,0
Monroe,"Berlin Township, Precinct 1",County Sheriff,,DEM,Ballots Cast,444,444,0,0
Monroe,"Berlin Township, Precinct 2",County Sheriff,,DEM,Total Votes,281,281,0,0
Monroe,"Berlin Township, Precinct 2",County Sheriff,,DEM,Troy Goodnough,281,281,0,0
Monroe,"Berlin Township, Precinct 2",County Sheriff,,DEM,Write-In,2,2,0,0
Monroe,"Berlin Township, Precinct 2",County Sheriff,,DEM,Ballots Cast,731,731,0,0
Monroe,"Berlin Township, Precinct 3",County Sheriff,,DEM,Total Votes,148,148,0,0
Monroe,"Berlin Township, Precinct 3",County Sheriff,,DEM,Troy Goodnough,148,148,0,0
Monroe,"Berlin Township, Precinct 3",County Sheriff,,DEM,Write-In,2,2,0,0
Monroe,"Berlin Township, Precinct 3",County Sheriff,,DEM,Ballots Cast,407,407,0,0
Monroe,"Berlin Township, Precinct 4",County Sheriff,,DEM,Total Votes,210,210,0,0
Monroe,"Berlin Township, Precinct 4",County Sheriff,,DEM,Troy Goodnough,210,210,0,0
Monroe,"Berlin Township, Precinct 4",County Sheriff,,DEM,Write-In,1,1,0,0
Monroe,"Berlin Township, Precinct 4",County Sheriff,,DEM,Ballots Cast,582,582,0,0
Monroe,"City of Luna Pier, Precinct 1",County Sheriff,,DEM,Total Votes,155,155,0,0
Monroe,"City of Luna Pier, Precinct 1",County Sheriff,,DEM,Troy Goodnough,155,155,0,0
Monroe,"City of Luna Pier, Precinct 1",County Sheriff,,DEM,Ballots Cast,372,372,0,0
Monroe,"City of Milan, Precinct 1",County Sheriff,,DEM,Total Votes,221,221,0,0
Monroe,"City of Milan, Precinct 1",County Sheriff,,DEM,Troy Goodnough,221,221,0,0
Monroe,"City of Milan, Precinct 1",County Sheriff,,DEM,Ballots Cast,423,423,0,0
Monroe,"City of Monroe, Precinct 1",County Sheriff,,DEM,Total Votes,311,53,258,0
Monroe,"City of Monroe, Precinct 1",County Sheriff,,DEM,Troy Goodnough,311,53,258,0
Monroe,"City of Monroe, Precinct 1",County Sheriff,,DEM,Write-In,1,1,0,0
Monroe,"City of Monroe, Precinct 1",County Sheriff,,DEM,Ballots Cast,608,158,450,0
Monroe,"City of Monroe, Precinct 2",County Sheriff,,DEM,Total Votes,226,65,161,0
Monroe,"City of Monroe, Precinct 2",County Sheriff,,DEM,Troy Goodnough,226,65,161,0
Monroe,"City of Monroe, Precinct 2",County Sheriff,,DEM,Write-In,2,2,0,0
Monroe,"City of Monroe, Precinct 2",County Sheriff,,DEM,Ballots Cast,487,180,307,0
Monroe,"City of Monroe, Precinct 3N",County Sheriff,,DEM,Total Votes,135,42,93,0
Monroe,"City of Monroe, Precinct 3N",County Sheriff,,DEM,Troy Goodnough,135,42,93,0
Monroe,"City of Monroe, Precinct 3N",County Sheriff,,DEM,Ballots Cast,288,116,172,0
Monroe,"City of Monroe, Precinct 3S",County Sheriff,,DEM,Total Votes,129,48,81,0
Monroe,"City of Monroe, Precinct 3S",County Sheriff,,DEM,Troy Goodnough,129,48,81,0
Monroe,"City of Monroe, Precinct 3S",County Sheriff,,DEM,Write-In,3,3,0,0
Monroe,"City of Monroe, Precinct 3S",County Sheriff,,DEM,Ballots Cast,213,88,125,0
Monroe,"City of Monroe, Precinct 4",County Sheriff,,DEM,Total Votes,420,75,345,0
Monroe,"City of Monroe, Precinct 4",County Sheriff,,DEM,Troy Goodnough,420,75,345,0
Monroe,"City of Monroe, Precinct 4",County Sheriff,,DEM,Write-In,4,1,3,0
Monroe,"City of Monroe, Precinct 4",County Sheriff,,DEM,Ballots Cast,872,283,589,0
Monroe,"City of Monroe, Precinct 5",County Sheriff,,DEM,Total Votes,457,63,394,0
Monroe,"City of Monroe, Precinct 5",County Sheriff,,DEM,Troy Goodnough,457,63,394,0
Monroe,"City of Monroe, Precinct 5",County Sheriff,,DEM,Write-In,1,1,0,0
Monroe,"City of Monroe, Precinct 5",County Sheriff,,DEM,Ballots Cast,956,226,730,0
Monroe,"City of Monroe, Precinct 6",County Sheriff,,DEM,Total Votes,297,67,230,0
Monroe,"City of Monroe, Precinct 6",County Sheriff,,DEM,Troy Goodnough,297,67,230,0
Monroe,"City of Monroe, Precinct 6",County Sheriff,,DEM,Write-In,2,0,2,0
Monroe,"City of Monroe, Precinct 6",County Sheriff,,DEM,Ballots Cast,692,212,480,0
Monroe,"City of Petersburg, Precinct 1",County Sheriff,,DEM,Total Votes,115,115,0,0
Monroe,"City of Petersburg, Precinct 1",County Sheriff,,DEM,Troy Goodnough,115,115,0,0
Monroe,"City of Petersburg, Precinct 1",County Sheriff,,DEM,Ballots Cast,268,268,0,0
Monroe,"Dundee Township, Precinct 1",County Sheriff,,DEM,Total Votes,182,182,0,0
Monroe,"Dundee Township, Precinct 1",County Sheriff,,DEM,Troy Goodnough,182,182,0,0
Monroe,"Dundee Township, Precinct 1",County Sheriff,,DEM,Ballots Cast,467,467,0,0
Monroe,"Dundee Township, Precinct 2",County Sheriff,,DEM,Total Votes,229,229,0,0
Monroe,"Dundee Township, Precinct 2",County Sheriff,,DEM,Troy Goodnough,229,229,0,0
Monroe,"Dundee Township, Precinct 2",County Sheriff,,DEM,Ballots Cast,654,654,0,0
Monroe,"Dundee Township, Precinct 3",County Sheriff,,DEM,Total Votes,252,252,0,0
Monroe,"Dundee Township, Precinct 3",County Sheriff,,DEM,Troy Goodnough,252,252,0,0
Monroe,"Dundee Township, Precinct 3",County Sheriff,,DEM,Ballots Cast,692,692,0,0
Monroe,"Erie Township, Precinct 1",County Sheriff,,DEM,Total Votes,193,55,138,0
Monroe,"Erie Township, Precinct 1",County Sheriff,,DEM,Troy Goodnough,193,55,138,0
Monroe,"Erie Township, Precinct 1",County Sheriff,,DEM,Ballots Cast,672,249,423,0
Monroe,"Erie Township, Precinct 2",County Sheriff,,DEM,Total Votes,110,20,90,0
Monroe,"Erie Township, Precinct 2",County Sheriff,,DEM,Troy Goodnough,110,20,90,0
Monroe,"Erie Township, Precinct 2",County Sheriff,,DEM,Ballots Cast,402,164,238,0
Monroe,"Exeter Township, Precinct 1",County Sheriff,,DEM,Total Votes,139,139,0,0
Monroe,"Exeter Township, Precinct 1",County Sheriff,,DEM,Troy Goodnough,139,139,0,0
Monroe,"Exeter Township, Precinct 1",County Sheriff,,DEM,Ballots Cast,396,396,0,0
Monroe,"Exeter Township, Precinct 2",County Sheriff,,DEM,Total Votes,169,169,0,0
Monroe,"Exeter Township, Precinct 2",County Sheriff,,DEM,Troy Goodnough,169,169,0,0
Monroe,"Exeter Township, Precinct 2",County Sheriff,,DEM,Ballots Cast,475,475,0,0
Monroe,"Frenchtown Township, Precinct 1",County Sheriff,,DEM,Total Votes,87,22,65,0
Monroe,"Frenchtown Township, Precinct 1",County Sheriff,,DEM,Troy Goodnough,87,22,65,0
Monroe,"Frenchtown Township, Precinct 1",County Sheriff,,DEM,Write-In,1,1,0,0
Monroe,"Frenchtown Township, Precinct 1",County Sheriff,,DEM,Ballots Cast,307,126,181,0
Monroe,"Frenchtown Township, Precinct 2",County Sheriff,,DEM,Total Votes,142,29,113,0
Monroe,"Frenchtown Township, Precinct 2",County Sheriff,,DEM,Troy Goodnough,142,29,113,0
Monroe,"Frenchtown Township, Precinct 2",County Sheriff,,DEM,Write-In,1,0,1,0
Monroe,"Frenchtown Township, Precinct 2",County Sheriff,,DEM,Ballots Cast,384,141,243,0
Monroe,"Frenchtown Township, Precinct 3",County Sheriff,,DEM,Total Votes,131,22,109,0
Monroe,"Frenchtown Township, Precinct 3",County Sheriff,,DEM,Troy Goodnough,131,22,109,0
Monroe,"Frenchtown Township, Precinct 3",County Sheriff,,DEM,Ballots Cast,465,151,314,0
Monroe,"Frenchtown Township, Precinct 4",County Sheriff,,DEM,Total Votes,231,26,205,0
Monroe,"Frenchtown Township, Precinct 4",County Sheriff,,DEM,Troy Goodnough,231,26,205,0
Monroe,"Frenchtown Township, Precinct 4",County Sheriff,,DEM,Write-In,1,0,1,0
Monroe,"Frenchtown Township, Precinct 4",County Sheriff,,DEM,Ballots Cast,657,154,503,0
Monroe,"Frenchtown Township, Precinct 5",County Sheriff,,DEM,Total Votes,170,30,140,0
Monroe,"Frenchtown Township, Precinct 5",County Sheriff,,DEM,Troy Goodnough,170,30,140,0
Monroe,"Frenchtown Township, Precinct 5",County Sheriff,,DEM,Ballots Cast,417,139,278,0
Monroe,"Frenchtown Township, Precinct 6",County Sheriff,,DEM,Total Votes,204,45,159,0
Monroe,"Frenchtown Township, Precinct 6",County Sheriff,,DEM,Troy Goodnough,204,45,159,0
Monroe,"Frenchtown Township, Precinct 6",County Sheriff,,DEM,Ballots Cast,625,230,395,0
Monroe,"Frenchtown Township, Precinct 7",County Sheriff,,DEM,Total Votes,346,48,298,0
Monroe,"Frenchtown Township, Precinct 7",County Sheriff,,DEM,Troy Goodnough,346,48,298,0
Monroe,"Frenchtown Township, Precinct 7",County Sheriff,,DEM,Write-In,1,1,0,0
Monroe,"Frenchtown Township, Precinct 7",County Sheriff,,DEM,Ballots Cast,1005,238,767,0
Monroe,"Frenchtown Township, Precinct 8",County Sheriff,,DEM,Total Votes,158,40,118,0
Monroe,"Frenchtown Township, Precinct 8",County Sheriff,,DEM,Troy Goodnough,158,40,118,0
Monroe,"Frenchtown Township, Precinct 8",County Sheriff,,DEM,Ballots Cast,488,175,313,0
Monroe,"Frenchtown Township, Precinct 9",County Sheriff,,DEM,Total Votes,144,30,114,0
Monroe,"Frenchtown Township, Precinct 9",County Sheriff,,DEM,Troy Goodnough,144,30,114,0
Monroe,"Frenchtown Township, Precinct 9",County Sheriff,,DEM,Write-In,1,1,0,0
Monroe,"Frenchtown Township, Precinct 9",County Sheriff,,DEM,Ballots Cast,313,89,224,0
Monroe,"Ida Township, Precinct 1",County Sheriff,,DEM,Total Votes,149,43,106,0
Monroe,"Ida Township, Precinct 1",County Sheriff,,DEM,Troy Goodnough,149,43,106,0
Monroe,"Ida Township, Precinct 1",County Sheriff,,DEM,Ballots Cast,618,272,346,0
Monroe,"Ida Township, Precinct 2",County Sheriff,,DEM,Total Votes,175,50,125,0
Monroe,"Ida Township, Precinct 2",County Sheriff,,DEM,Troy Goodnough,175,50,125,0
Monroe,"Ida Township, Precinct 2",County Sheriff,,DEM,Write-In,1,0,1,0
Monroe,"Ida Township, Precinct 2",County Sheriff,,DEM,Ballots Cast,687,293,394,0
Monroe,"La Salle Township, Precinct 1",County Sheriff,,DEM,Total Votes,131,28,103,0
Monroe,"La Salle Township, Precinct 1",County Sheriff,,DEM,Troy Goodnough,131,28,103,0
Monroe,"La Salle Township, Precinct 1",County Sheriff,,DEM,Ballots Cast,672,253,419,0
Monroe,"La Salle Township, Precinct 2",County Sheriff,,DEM,Total Votes,202,54,148,0
Monroe,"La Salle Township, Precinct 2",County Sheriff,,DEM,Troy Goodnough,202,54,148,0
Monroe,"La Salle Township, Precinct 2",County Sheriff,,DEM,Ballots Cast,779,325,454,0
Monroe,"London Township, Precinct 1",County Sheriff,,DEM,Total Votes,241,241,0,0
Monroe,"London Township, Precinct 1",County Sheriff,,DEM,Troy Goodnough,241,241,0,0
Monroe,"London Township, Precinct 1",County Sheriff,,DEM,Write-In,3,3,0,0
Monroe,"London Township, Precinct 1",County Sheriff,,DEM,Ballots Cast,834,834,0,0
Monroe,"Milan Township, Precinct 1",County Sheriff,,DEM,Total Votes,150,150,0,0
Monroe,"Milan Township, Precinct 1",County Sheriff,,DEM,Troy Goodnough,150,150,0,0
Monroe,"Milan Township, Precinct 1",County Sheriff,,DEM,Ballots Cast,451,451,0,0
Monroe,"Monroe Township, Precinct 1",County Sheriff,,DEM,Total Votes,214,39,175,0
Monroe,"Monroe Township, Precinct 1",County Sheriff,,DEM,Troy Goodnough,214,39,175,0
Monroe,"Monroe Township, Precinct 1",County Sheriff,,DEM,Write-In,4,1,3,0
Monroe,"Monroe Township, Precinct 1",County Sheriff,,DEM,Ballots Cast,452,114,338,0
Monroe,"Monroe Township, Precinct 2",County Sheriff,,DEM,Total Votes,111,21,90,0
Monroe,"Monroe Township, Precinct 2",County Sheriff,,DEM,Troy Goodnough,111,21,90,0
Monroe,"Monroe Township, Precinct 2",County Sheriff,,DEM,Write-In,1,1,0,0
Monroe,"Monroe Township, Precinct 2",County Sheriff,,DEM,Ballots Cast,248,75,173,0
Monroe,"Monroe Township, Precinct 3",County Sheriff,,DEM,Total Votes,184,33,151,0
Monroe,"Monroe Township, Precinct 3",County Sheriff,,DEM,Troy Goodnough,184,33,151,0
Monroe,"Monroe Township, Precinct 3",County Sheriff,,DEM,Write-In,1,1,0,0
Monroe,"Monroe Township, Precinct 3",County Sheriff,,DEM,Ballots Cast,454,146,308,0
Monroe,"Monroe Township, Precinct 4",County Sheriff,,DEM,Total Votes,251,56,195,0
Monroe,"Monroe Township, Precinct 4",County Sheriff,,DEM,Troy Goodnough,251,56,195,0
Monroe,"Monroe Township, Precinct 4",County Sheriff,,DEM,Write-In,4,2,2,0
Monroe,"Monroe Township, Precinct 4",County Sheriff,,DEM,Ballots Cast,577,186,391,0
Monroe,"Monroe Township, Precinct 5",County Sheriff,,DEM,Total Votes,304,39,265,0
Monroe,"Monroe Township, Precinct 5",County Sheriff,,DEM,Troy Goodnough,304,39,265,0
Monroe,"Monroe Township, Precinct 5",County Sheriff,,DEM,Write-In,1,0,1,0
Monroe,"Monroe Township, Precinct 5",County Sheriff,,DEM,Ballots Cast,831,242,589,0
Monroe,"Monroe Township, Precinct 6",County Sheriff,,DEM,Total Votes,211,34,177,0
Monroe,"Monroe Township, Precinct 6",County Sheriff,,DEM,Troy Goodnough,211,34,177,0
Monroe,"Monroe Township, Precinct 6",County Sheriff,,DEM,Ballots Cast,538,141,397,0
Monroe,"Raisinville Township, Precinct 1",County Sheriff,,DEM,Total Votes,235,30,205,0
Monroe,"Raisinville Township, Precinct 1",County Sheriff,,DEM,Troy Goodnough,235,30,205,0
Monroe,"Raisinville Township, Precinct 1",County Sheriff,,DEM,Ballots Cast,833,241,592,0
Monroe,"Raisinville Township, Precinct 2",County Sheriff,,DEM,Total Votes,289,65,224,0
Monroe,"Raisinville Township, Precinct 2",County Sheriff,,DEM,Troy Goodnough,289,65,224,0
Monroe,"Raisinville Township, Precinct 2",County Sheriff,,DEM,Write-In,2,0,2,0
Monroe,"Raisinville Township, Precinct 2",County Sheriff,,DEM,Ballots Cast,791,271,520,0
Monroe,"Summerfield Township, Precinct 1",County Sheriff,,DEM,Total Votes,176,176,0,0
Monroe,"Summerfield Township, Precinct 1",County Sheriff,,DEM,Troy Goodnough,176,176,0,0
Monroe,"Summerfield Township, Precinct 1",County Sheriff,,DEM,Write-In,1,1,0,0
Monroe,"Summerfield Township, Precinct 1",County Sheriff,,DEM,Ballots Cast,984,984,0,0
Monroe,"Whiteford Township, Precinct 1",County Sheriff,,DEM,Total Votes,160,47,113,0
Monroe,"Whiteford Township, Precinct 1",County Sheriff,,DEM,Troy Goodnough,160,47,113,0
Monroe,"Whiteford Township, Precinct 1",County Sheriff,,DEM,Ballots Cast,518,213,305,0
Monroe,"Whiteford Township, Precinct 2",County Sheriff,,DEM,Total Votes,79,24,55,0
Monroe,"Whiteford Township, Precinct 2",County Sheriff,,DEM,Troy Goodnough,79,24,55,0
Monroe,"Whiteford Township, Precinct 2",County Sheriff,,DEM,Write-In,1,1,0,0
Monroe,"Whiteford Township, Precinct 2",County Sheriff,,DEM,Ballots Cast,385,170,215,0
Monroe,"Ash Township, Precinct 1",County Clerk and Register of Deeds,,DEM,Jerry Oley,66,66,0,0
Monroe,"Ash Township, Precinct 1",County Clerk and Register of Deeds,,DEM,Sandra L. Blank,157,157,0,0
Monroe,"Ash Township, Precinct 1",County Clerk and Register of Deeds,,DEM,Total Votes,223,223,0,0
Monroe,"Ash Township, Precinct 1",County Clerk and Register of Deeds,,DEM,Write-In,1,1,0,0
Monroe,"Ash Township, Precinct 1",County Clerk and Register of Deeds,,DEM,Ballots Cast,664,664,0,0
Monroe,"Ash Township, Precinct 2",County Clerk and Register of Deeds,,DEM,Jerry Oley,96,96,0,0
Monroe,"Ash Township, Precinct 2",County Clerk and Register of Deeds,,DEM,Sandra L. Blank,146,146,0,0
Monroe,"Ash Township, Precinct 2",County Clerk and Register of Deeds,,DEM,Total Votes,242,242,0,0
Monroe,"Ash Township, Precinct 2",County Clerk and Register of Deeds,,DEM,Ballots Cast,732,732,0,0
Monroe,"Ash Township, Precinct 3",County Clerk and Register of Deeds,,DEM,Jerry Oley,88,88,0,0
Monroe,"Ash Township, Precinct 3",County Clerk and Register of Deeds,,DEM,Sandra L. Blank,110,110,0,0
Monroe,"Ash Township, Precinct 3",County Clerk and Register of Deeds,,DEM,Total Votes,198,198,0,0
Monroe,"Ash Township, Precinct 3",County Clerk and Register of Deeds,,DEM,Ballots Cast,593,593,0,0
Monroe,"Bedford Township, Precinct 1",County Clerk and Register of Deeds,,DEM,Jerry Oley,23,10,13,0
Monroe,"Bedford Township, Precinct 1",County Clerk and Register of Deeds,,DEM,Sandra L. Blank,76,26,50,0
Monroe,"Bedford Township, Precinct 1",County Clerk and Register of Deeds,,DEM,Total Votes,99,36,63,0
Monroe,"Bedford Township, Precinct 1",County Clerk and Register of Deeds,,DEM,Ballots Cast,338,169,169,0
Monroe,"Bedford Township, Precinct 10",County Clerk and Register of Deeds,,DEM,Jerry Oley,35,10,25,0
Monroe,"Bedford Township, Precinct 10",County Clerk and Register of Deeds,,DEM,Sandra L. Blank,97,25,72,0
Monroe,"Bedford Township, Precinct 10",County Clerk and Register of Deeds,,DEM,Total Votes,132,35,97,0
Monroe,"Bedford Township, Precinct 10",County Clerk and Register of Deeds,,DEM,Ballots Cast,470,192,278,0
Monroe,"Bedford Township, Precinct 11",County Clerk and Register of Deeds,,DEM,Jerry Oley,63,21,42,0
Monroe,"Bedford Township, Precinct 11",County Clerk and Register of Deeds,,DEM,Sandra L. Blank,135,35,100,0
Monroe,"Bedford Township, Precinct 11",County Clerk and Register of Deeds,,DEM,Total Votes,198,56,142,0
Monroe,"Bedford Township, Precinct 11",County Clerk and Register of Deeds,,DEM,Ballots Cast,805,356,449,0
Monroe,"Bedford Township, Precinct 12",County Clerk and Register of Deeds,,DEM,Jerry Oley,52,7,45,0
Monroe,"Bedford Township, Precinct 12",County Clerk and Register of Deeds,,DEM,Sandra L. Blank,144,44,100,0
Monroe,"Bedford Township, Precinct 12",County Clerk and Register of Deeds,,DEM,Total Votes,196,51,145,0
Monroe,"Bedford Township, Precinct 12",County Clerk and Register of Deeds,,DEM,Ballots Cast,578,218,360,0
Monroe,"Bedford Township, Precinct 13",County Clerk and Register of Deeds,,DEM,Jerry Oley,50,14,36,0
Monroe,"Bedford Township, Precinct 13",County Clerk and Register of Deeds,,DEM,Sandra L. Blank,130,42,88,0
Monroe,"Bedford Township, Precinct 13",County Clerk and Register of Deeds,,DEM,Total Votes,180,56,124,0
Monroe,"Bedford Township, Precinct 13",County Clerk and Register of Deeds,,DEM,Ballots Cast,662,292,370,0
Monroe,"Bedford Township, Precinct 14",County Clerk and Register of Deeds,,DEM,Jerry Oley,30,4,26,0
Monroe,"Bedford Township, Precinct 14",County Clerk and Register of Deeds,,DEM,Sandra L. Blank,130,34,96,0
Monroe,"Bedford Township, Precinct 14",County Clerk and Register of Deeds,,DEM,Total Votes,160,38,122,0
Monroe,"Bedford Township, Precinct 14",County Clerk and Register of Deeds,,DEM,Ballots Cast,403,145,258,0
Monroe,"Bedford Township, Precinct 2",County Clerk and Register of Deeds,,DEM,Jerry Oley,38,14,24,0
Monroe,"Bedford Township, Precinct 2",County Clerk and Register of Deeds,,DEM,Sandra L. Blank,147,40,107,0
Monroe,"Bedford Township, Precinct 2",County Clerk and Register of Deeds,,DEM,Total Votes,185,54,131,0
Monroe,"Bedford Township, Precinct 2",County Clerk and Register of Deeds,,DEM,Write-In,1,0,1,0
Monroe,"Bedford Township, Precinct 2",County Clerk and Register of Deeds,,DEM,Ballots Cast,641,246,395,0
Monroe,"Bedford Township, Precinct 3",County Clerk and Register of Deeds,,DEM,Jerry Oley,61,15,46,0
Monroe,"Bedford Township, Precinct 3",County Clerk and Register of Deeds,,DEM,Sandra L. Blank,107,37,70,0
Monroe,"Bedford Township, Precinct 3",County Clerk and Register of Deeds,,DEM,Total Votes,168,52,116,0
Monroe,"Bedford Township, Precinct 3",County Clerk and Register of Deeds,,DEM,Ballots Cast,588,288,300,0
Monroe,"Bedford Township, Precinct 4",County Clerk and Register of Deeds,,DEM,Jerry Oley,62,9,53,0
Monroe,"Bedford Township, Precinct 4",County Clerk and Register of Deeds,,DEM,Sandra L. Blank,175,46,129,0
Monroe,"Bedford Township, Precinct 4",County Clerk and Register of Deeds,,DEM,Total Votes,237,55,182,0
Monroe,"Bedford Township, Precinct 4",County Clerk and Register of Deeds,,DEM,Write-In,2,1,1,0
Monroe,"Bedford Township, Precinct 4",County Clerk and Register of Deeds,,DEM,Ballots Cast,763,283,480,0
Monroe,"Bedford Township, Precinct 5",County Clerk and Register of Deeds,,DEM,Jerry Oley,55,13,42,0
Monroe,"Bedford Township, Precinct 5",County Clerk and Register of Deeds,,DEM,Sandra L. Blank,162,42,120,0
Monroe,"Bedford Township, Precinct 5",County Clerk and Register of Deeds,,DEM,Total Votes,217,55,162,0
Monroe,"Bedford Township, Precinct 5",County Clerk and Register of Deeds,,DEM,Ballots Cast,647,250,397,0
Monroe,"Bedford Township, Precinct 6",County Clerk and Register of Deeds,,DEM,Jerry Oley,82,18,64,0
Monroe,"Bedford Township, Precinct 6",County Clerk and Register of Deeds,,DEM,Sandra L. Blank,209,55,154,0
Monroe,"Bedford Township, Precinct 6",County Clerk and Register of Deeds,,DEM,Total Votes,291,73,218,0
Monroe,"Bedford Township, Precinct 6",County Clerk and Register of Deeds,,DEM,Ballots Cast,937,407,530,0
Monroe,"Bedford Township, Precinct 7",County Clerk and Register of Deeds,,DEM,Jerry Oley,58,12,46,0
Monroe,"Bedford Township, Precinct 7",County Clerk and Register of Deeds,,DEM,Sandra L. Blank,169,36,133,0
Monroe,"Bedford Township, Precinct 7",County Clerk and Register of Deeds,,DEM,Total Votes,227,48,179,0
Monroe,"Bedford Township, Precinct 7",County Clerk and Register of Deeds,,DEM,Ballots Cast,739,263,476,0
Monroe,"Bedford Township, Precinct 8",County Clerk and Register of Deeds,,DEM,Jerry Oley,42,6,36,0
Monroe,"Bedford Township, Precinct 8",County Clerk and Register of Deeds,,DEM,Sandra L. Blank,203,64,139,0
Monroe,"Bedford Township, Precinct 8",County Clerk and Register of Deeds,,DEM,Total Votes,245,70,175,0
Monroe,"Bedford Township, Precinct 8",County Clerk and Register of Deeds,,DEM,Write-In,1,1,0,0
Monroe,"Bedford Township, Precinct 8",County Clerk and Register of Deeds,,DEM,Ballots Cast,814,291,523,0
Monroe,"Bedford Township, Precinct 9",County Clerk and Register of Deeds,,DEM,Jerry Oley,63,16,47,0
Monroe,"Bedford Township, Precinct 9",County Clerk and Register of Deeds,,DEM,Sandra L. Blank,106,14,92,0
Monroe,"Bedford Township, Precinct 9",County Clerk and Register of Deeds,,DEM,Total Votes,169,30,139,0
Monroe,"Bedford Township, Precinct 9",County Clerk and Register of Deeds,,DEM,Ballots Cast,535,190,345,0
Monroe,"Berlin Township, Precinct 1",County Clerk and Register of Deeds,,DEM,Jerry Oley,55,55,0,0
Monroe,"Berlin Township, Precinct 1",County Clerk and Register of Deeds,,DEM,Sandra L. Blank,112,112,0,0
Monroe,"Berlin Township, Precinct 1",County Clerk and Register of Deeds,,DEM,Total Votes,167,167,0,0
Monroe,"Berlin Township, Precinct 1",County Clerk and Register of Deeds,,DEM,Ballots Cast,444,444,0,0
Monroe,"Berlin Township, Precinct 2",County Clerk and Register of Deeds,,DEM,Jerry Oley,85,85,0,0
Monroe,"Berlin Township, Precinct 2",County Clerk and Register of Deeds,,DEM,Sandra L. Blank,190,190,0,0
Monroe,"Berlin Township, Precinct 2",County Clerk and Register of Deeds,,DEM,Total Votes,275,275,0,0
Monroe,"Berlin Township, Precinct 2",County Clerk and Register of Deeds,,DEM,Ballots Cast,731,731,0,0
Monroe,"Berlin Township, Precinct 3",County Clerk and Register of Deeds,,DEM,Jerry Oley,78,78,0,0
Monroe,"Berlin Township, Precinct 3",County Clerk and Register of Deeds,,DEM,Sandra L. Blank,73,73,0,0
Monroe,"Berlin Township, Precinct 3",County Clerk and Register of Deeds,,DEM,Total Votes,151,151,0,0
Monroe,"Berlin Township, Precinct 3",County Clerk and Register of Deeds,,DEM,Ballots Cast,407,407,0,0
Monroe,"Berlin Township, Precinct 4",County Clerk and Register of Deeds,,DEM,Jerry Oley,70,70,0,0
Monroe,"Berlin Township, Precinct 4",County Clerk and Register of Deeds,,DEM,Sandra L. Blank,142,142,0,0
Monroe,"Berlin Township, Precinct 4",County Clerk and Register of Deeds,,DEM,Total Votes,212,212,0,0
Monroe,"Berlin Township, Precinct 4",County Clerk and Register of Deeds,,DEM,Write-In,1,1,0,0
Monroe,"Berlin Township, Precinct 4",County Clerk and Register of Deeds,,DEM,Ballots Cast,582,582,0,0
Monroe,"City of Luna Pier, Precinct 1",County Clerk and Register of Deeds,,DEM,Jerry Oley,54,54,0,0
Monroe,"City of Luna Pier, Precinct 1",County Clerk and Register of Deeds,,DEM,Sandra L. Blank,90,90,0,0
Monroe,"City of Luna Pier, Precinct 1",County Clerk and Register of Deeds,,DEM,Total Votes,144,144,0,0
Monroe,"City of Luna Pier, Precinct 1",County Clerk and Register of Deeds,,DEM,Ballots Cast,372,372,0,0
Monroe,"City of Milan, Precinct 1",County Clerk and Register of Deeds,,DEM,Jerry Oley,63,63,0,0
Monroe,"City of Milan, Precinct 1",County Clerk and Register of Deeds,,DEM,Sandra L. Blank,157,157,0,0
Monroe,"City of Milan, Precinct 1",County Clerk and Register of Deeds,,DEM,Total Votes,220,220,0,0
Monroe,"City of Milan, Precinct 1",County Clerk and Register of Deeds,,DEM,Ballots Cast,423,423,0,0
Monroe,"City of Monroe, Precinct 1",County Clerk and Register of Deeds,,DEM,Jerry Oley,166,21,145,0
Monroe,"City of Monroe, Precinct 1",County Clerk and Register of Deeds,,DEM,Sandra L. Blank,158,34,124,0
Monroe,"City of Monroe, Precinct 1",County Clerk and Register of Deeds,,DEM,Total Votes,324,55,269,0
Monroe,"City of Monroe, Precinct 1",County Clerk and Register of Deeds,,DEM,Write-In,1,1,0,0
Monroe,"City of Monroe, Precinct 1",County Clerk and Register of Deeds,,DEM,Ballots Cast,608,158,450,0
Monroe,"City of Monroe, Precinct 2",County Clerk and Register of Deeds,,DEM,Jerry Oley,121,34,87,0
Monroe,"City of Monroe, Precinct 2",County Clerk and Register of Deeds,,DEM,Sandra L. Blank,116,39,77,0
Monroe,"City of Monroe, Precinct 2",County Clerk and Register of Deeds,,DEM,Total Votes,237,73,164,0
Monroe,"City of Monroe, Precinct 2",County Clerk and Register of Deeds,,DEM,Ballots Cast,487,180,307,0
Monroe,"City of Monroe, Precinct 3N",County Clerk and Register of Deeds,,DEM,Jerry Oley,71,14,57,0
Monroe,"City of Monroe, Precinct 3N",County Clerk and Register of Deeds,,DEM,Sandra L. Blank,68,29,39,0
Monroe,"City of Monroe, Precinct 3N",County Clerk and Register of Deeds,,DEM,Total Votes,139,43,96,0
Monroe,"City of Monroe, Precinct 3N",County Clerk and Register of Deeds,,DEM,Ballots Cast,288,116,172,0
Monroe,"City of Monroe, Precinct 3S",County Clerk and Register of Deeds,,DEM,Jerry Oley,69,26,43,0
Monroe,"City of Monroe, Precinct 3S",County Clerk and Register of Deeds,,DEM,Sandra L. Blank,68,28,40,0
Monroe,"City of Monroe, Precinct 3S",County Clerk and Register of Deeds,,DEM,Total Votes,137,54,83,0
Monroe,"City of Monroe, Precinct 3S",County Clerk and Register of Deeds,,DEM,Ballots Cast,213,88,125,0
Monroe,"City of Monroe, Precinct 4",County Clerk and Register of Deeds,,DEM,Jerry Oley,196,35,161,0
Monroe,"City of Monroe, Precinct 4",County Clerk and Register of Deeds,,DEM,Sandra L. Blank,224,48,176,0
Monroe,"City of Monroe, Precinct 4",County Clerk and Register of Deeds,,DEM,Total Votes,420,83,337,0
Monroe,"City of Monroe, Precinct 4",County Clerk and Register of Deeds,,DEM,Write-In,2,2,0,0
Monroe,"City of Monroe, Precinct 4",County Clerk and Register of Deeds,,DEM,Ballots Cast,872,283,589,0
Monroe,"City of Monroe, Precinct 5",County Clerk and Register of Deeds,,DEM,Jerry Oley,155,18,137,0
Monroe,"City of Monroe, Precinct 5",County Clerk and Register of Deeds,,DEM,Sandra L. Blank,308,44,264,0
Monroe,"City of Monroe, Precinct 5",County Clerk and Register of Deeds,,DEM,Total Votes,463,62,401,0
Monroe,"City of Monroe, Precinct 5",County Clerk and Register of Deeds,,DEM,Ballots Cast,956,226,730,0
Monroe,"City of Monroe, Precinct 6",County Clerk and Register of Deeds,,DEM,Jerry Oley,158,33,125,0
Monroe,"City of Monroe, Precinct 6",County Clerk and Register of Deeds,,DEM,Sandra L. Blank,145,36,109,0
Monroe,"City of Monroe, Precinct 6",County Clerk and Register of Deeds,,DEM,Total Votes,303,69,234,0
Monroe,"City of Monroe, Precinct 6",County Clerk and Register of Deeds,,DEM,Ballots Cast,692,212,480,0
Monroe,"City of Petersburg, Precinct 1",County Clerk and Register of Deeds,,DEM,Jerry Oley,31,31,0,0
Monroe,"City of Petersburg, Precinct 1",County Clerk and Register of Deeds,,DEM,Sandra L. Blank,70,70,0,0
Monroe,"City of Petersburg, Precinct 1",County Clerk and Register of Deeds,,DEM,Total Votes,101,101,0,0
Monroe,"City of Petersburg, Precinct 1",County Clerk and Register of Deeds,,DEM,Ballots Cast,268,268,0,0
Monroe,"Dundee Township, Precinct 1",County Clerk and Register of Deeds,,DEM,Jerry Oley,55,55,0,0
Monroe,"Dundee Township, Precinct 1",County Clerk and Register of Deeds,,DEM,Sandra L. Blank,111,111,0,0
Monroe,"Dundee Township, Precinct 1",County Clerk and Register of Deeds,,DEM,Total Votes,166,166,0,0
Monroe,"Dundee Township, Precinct 1",County Clerk and Register of Deeds,,DEM,Ballots Cast,467,467,0,0
Monroe,"Dundee Township, Precinct 2",County Clerk and Register of Deeds,,DEM,Jerry Oley,77,77,0,0
Monroe,"Dundee Township, Precinct 2",County Clerk and Register of Deeds,,DEM,Sandra L. Blank,140,140,0,0
Monroe,"Dundee Township, Precinct 2",County Clerk and Register of Deeds,,DEM,Total Votes,217,217,0,0
Monroe,"Dundee Township, Precinct 2",County Clerk and Register of Deeds,,DEM,Ballots Cast,654,654,0,0
Monroe,"Dundee Township, Precinct 3",County Clerk and Register of Deeds,,DEM,Jerry Oley,101,101,0,0
Monroe,"Dundee Township, Precinct 3",County Clerk and Register of Deeds,,DEM,Sandra L. Blank,146,146,0,0
Monroe,"Dundee Township, Precinct 3",County Clerk and Register of Deeds,,DEM,Total Votes,247,247,0,0
Monroe,"Dundee Township, Precinct 3",County Clerk and Register of Deeds,,DEM,Ballots Cast,692,692,0,0
Monroe,"Erie Township, Precinct 1",County Clerk and Register of Deeds,,DEM,Jerry Oley,47,12,35,0
Monroe,"Erie Township, Precinct 1",County Clerk and Register of Deeds,,DEM,Sandra L. Blank,133,37,96,0
Monroe,"Erie Township, Precinct 1",County Clerk and Register of Deeds,,DEM,Total Votes,180,49,131,0
Monroe,"Erie Township, Precinct 1",County Clerk and Register of Deeds,,DEM,Ballots Cast,672,249,423,0
Monroe,"Erie Township, Precinct 2",County Clerk and Register of Deeds,,DEM,Jerry Oley,32,2,30,0
Monroe,"Erie Township, Precinct 2",County Clerk and Register of Deeds,,DEM,Sandra L. Blank,75,14,61,0
Monroe,"Erie Township, Precinct 2",County Clerk and Register of Deeds,,DEM,Total Votes,107,16,91,0
Monroe,"Erie Township, Precinct 2",County Clerk and Register of Deeds,,DEM,Ballots Cast,402,164,238,0
Monroe,"Exeter Township, Precinct 1",County Clerk and Register of Deeds,,DEM,Jerry Oley,75,75,0,0
Monroe,"Exeter Township, Precinct 1",County Clerk and Register of Deeds,,DEM,Sandra L. Blank,57,57,0,0
Monroe,"Exeter Township, Precinct 1",County Clerk and Register of Deeds,,DEM,Total Votes,132,132,0,0
Monroe,"Exeter Township, Precinct 1",County Clerk and Register of Deeds,,DEM,Ballots Cast,396,396,0,0
Monroe,"Exeter Township, Precinct 2",County Clerk and Register of Deeds,,DEM,Jerry Oley,55,55,0,0
Monroe,"Exeter Township, Precinct 2",County Clerk and Register of Deeds,,DEM,Sandra L. Blank,111,111,0,0
Monroe,"Exeter Township, Precinct 2",County Clerk and Register of Deeds,,DEM,Total Votes,166,166,0,0
Monroe,"Exeter Township, Precinct 2",County Clerk and Register of Deeds,,DEM,Ballots Cast,475,475,0,0
Monroe,"Frenchtown Township, Precinct 1",County Clerk and Register of Deeds,,DEM,Jerry Oley,31,5,26,0
Monroe,"Frenchtown Township, Precinct 1",County Clerk and Register of Deeds,,DEM,Sandra L. Blank,58,17,41,0
Monroe,"Frenchtown Township, Precinct 1",County Clerk and Register of Deeds,,DEM,Total Votes,89,22,67,0
Monroe,"Frenchtown Township, Precinct 1",County Clerk and Register of Deeds,,DEM,Write-In,1,1,0,0
Monroe,"Frenchtown Township, Precinct 1",County Clerk and Register of Deeds,,DEM,Ballots Cast,307,126,181,0
Monroe,"Frenchtown Township, Precinct 2",County Clerk and Register of Deeds,,DEM,Jerry Oley,64,11,53,0
Monroe,"Frenchtown Township, Precinct 2",County Clerk and Register of Deeds,,DEM,Sandra L. Blank,80,18,62,0
Monroe,"Frenchtown Township, Precinct 2",County Clerk and Register of Deeds,,DEM,Total Votes,144,29,115,0
Monroe,"Frenchtown Township, Precinct 2",County Clerk and Register of Deeds,,DEM,Ballots Cast,384,141,243,0
Monroe,"Frenchtown Township, Precinct 3",County Clerk and Register of Deeds,,DEM,Jerry Oley,60,9,51,0
Monroe,"Frenchtown Township, Precinct 3",County Clerk and Register of Deeds,,DEM,Sandra L. Blank,74,13,61,0
Monroe,"Frenchtown Township, Precinct 3",County Clerk and Register of Deeds,,DEM,Total Votes,134,22,112,0
Monroe,"Frenchtown Township, Precinct 3",County Clerk and Register of Deeds,,DEM,Ballots Cast,465,151,314,0
Monroe,"Frenchtown Township, Precinct 4",County Clerk and Register of Deeds,,DEM,Jerry Oley,110,10,100,0
Monroe,"Frenchtown Township, Precinct 4",County Clerk and Register of Deeds,,DEM,Sandra L. Blank,121,16,105,0
Monroe,"Frenchtown Township, Precinct 4",County Clerk and Register of Deeds,,DEM,Total Votes,231,26,205,0
Monroe,"Frenchtown Township, Precinct 4",County Clerk and Register of Deeds,,DEM,Ballots Cast,657,154,503,0
Monroe,"Frenchtown Township, Precinct 5",County Clerk and Register of Deeds,,DEM,Jerry Oley,42,6,36,0
Monroe,"Frenchtown Township, Precinct 5",County Clerk and Register of Deeds,,DEM,Sandra L. Blank,132,26,106,0
Monroe,"Frenchtown Township, Precinct 5",County Clerk and Register of Deeds,,DEM,Total Votes,174,32,142,0
Monroe,"Frenchtown Township, Precinct 5",County Clerk and Register of Deeds,,DEM,Write-In,1,1,0,0
Monroe,"Frenchtown Township, Precinct 5",County Clerk and Register of Deeds,,DEM,Ballots Cast,417,139,278,0
Monroe,"Frenchtown Township, Precinct 6",County Clerk and Register of Deeds,,DEM,Jerry Oley,101,18,83,0
Monroe,"Frenchtown Township, Precinct 6",County Clerk and Register of Deeds,,DEM,Sandra L. Blank,100,25,75,0
Monroe,"Frenchtown Township, Precinct 6",County Clerk and Register of Deeds,,DEM,Total Votes,201,43,158,0
Monroe,"Frenchtown Township, Precinct 6",County Clerk and Register of Deeds,,DEM,Ballots Cast,625,230,395,0
Monroe,"Frenchtown Township, Precinct 7",County Clerk and Register of Deeds,,DEM,Jerry Oley,156,17,139,0
Monroe,"Frenchtown Township, Precinct 7",County Clerk and Register of Deeds,,DEM,Sandra L. Blank,199,31,168,0
Monroe,"Frenchtown Township, Precinct 7",County Clerk and Register of Deeds,,DEM,Total Votes,355,48,307,0
Monroe,"Frenchtown Township, Precinct 7",County Clerk and Register of Deeds,,DEM,Ballots Cast,1005,238,767,0
Monroe,"Frenchtown Township, Precinct 8",County Clerk and Register of Deeds,,DEM,Jerry Oley,57,12,45,0
Monroe,"Frenchtown Township, Precinct 8",County Clerk and Register of Deeds,,DEM,Sandra L. Blank,105,31,74,0
Monroe,"Frenchtown Township, Precinct 8",County Clerk and Register of Deeds,,DEM,Total Votes,162,43,119,0
Monroe,"Frenchtown Township, Precinct 8",County Clerk and Register of Deeds,,DEM,Ballots Cast,488,175,313,0
Monroe,"Frenchtown Township, Precinct 9",County Clerk and Register of Deeds,,DEM,Jerry Oley,59,8,51,0
Monroe,"Frenchtown Township, Precinct 9",County Clerk and Register of Deeds,,DEM,Sandra L. Blank,90,24,66,0
Monroe,"Frenchtown Township, Precinct 9",County Clerk and Register of Deeds,,DEM,Total Votes,149,32,117,0
Monroe,"Frenchtown Township, Precinct 9",County Clerk and Register of Deeds,,DEM,Ballots Cast,313,89,224,0
Monroe,"Ida Township, Precinct 1",County Clerk and Register of Deeds,,DEM,Jerry Oley,59,17,42,0
Monroe,"Ida Township, Precinct 1",County Clerk and Register of Deeds,,DEM,Sandra L. Blank,89,23,66,0
Monroe,"Ida Township, Precinct 1",County Clerk and Register of Deeds,,DEM,Total Votes,148,40,108,0
Monroe,"Ida Township, Precinct 1",County Clerk and Register of Deeds,,DEM,Ballots Cast,618,272,346,0
Monroe,"Ida Township, Precinct 2",County Clerk and Register of Deeds,,DEM,Jerry Oley,53,11,42,0
Monroe,"Ida Township, Precinct 2",County Clerk and Register of Deeds,,DEM,Sandra L. Blank,127,45,82,0
Monroe,"Ida Township, Precinct 2",County Clerk and Register of Deeds,,DEM,Total Votes,180,56,124,0
Monroe,"Ida Township, Precinct 2",County Clerk and Register of Deeds,,DEM,Write-In,1,1,0,0
Monroe,"Ida Township, Precinct 2",County Clerk and Register of Deeds,,DEM,Ballots Cast,687,293,394,0
Monroe,"La Salle Township, Precinct 1",County Clerk and Register of Deeds,,DEM,Jerry Oley,50,13,37,0
Monroe,"La Salle Township, Precinct 1",County Clerk and Register of Deeds,,DEM,Sandra L. Blank,79,14,65,0
Monroe,"La Salle Township, Precinct 1",County Clerk and Register of Deeds,,DEM,Total Votes,129,27,102,0
Monroe,"La Salle Township, Precinct 1",County Clerk and Register of Deeds,,DEM,Ballots Cast,672,253,419,0
Monroe,"La Salle Township, Precinct 2",County Clerk and Register of Deeds,,DEM,Jerry Oley,85,26,59,0
Monroe,"La Salle Township, Precinct 2",County Clerk and Register of Deeds,,DEM,Sandra L. Blank,115,30,85,0
Monroe,"La Salle Township, Precinct 2",County Clerk and Register of Deeds,,DEM,Total Votes,200,56,144,0
Monroe,"La Salle Township, Precinct 2",County Clerk and Register of Deeds,,DEM,Ballots Cast,779,325,454,0
Monroe,"London Township, Precinct 1",County Clerk and Register of Deeds,,DEM,Jerry Oley,88,88,0,0
Monroe,"London Township, Precinct 1",County Clerk and Register of Deeds,,DEM,Sandra L. Blank,151,151,0,0
Monroe,"London Township, Precinct 1",County Clerk and Register of Deeds,,DEM,Total Votes,239,239,0,0
Monroe,"London Township, Precinct 1",County Clerk and Register of Deeds,,DEM,Ballots Cast,834,834,0,0
Monroe,"Milan Township, Precinct 1",County Clerk and Register of Deeds,,DEM,Jerry Oley,33,33,0,0
Monroe,"Milan Township, Precinct 1",County Clerk and Register of Deeds,,DEM,Sandra L. Blank,108,108,0,0
Monroe,"Milan Township, Precinct 1",County Clerk and Register of Deeds,,DEM,Total Votes,141,141,0,0
Monroe,"Milan Township, Precinct 1",County Clerk and Register of Deeds,,DEM,Ballots Cast,451,451,0,0
Monroe,"Monroe Township, Precinct 1",County Clerk and Register of Deeds,,DEM,Jerry Oley,112,15,97,0
Monroe,"Monroe Township, Precinct 1",County Clerk and Register of Deeds,,DEM,Sandra L. Blank,111,27,84,0
Monroe,"Monroe Township, Precinct 1",County Clerk and Register of Deeds,,DEM,Total Votes,223,42,181,0
Monroe,"Monroe Township, Precinct 1",County Clerk and Register of Deeds,,DEM,Ballots Cast,452,114,338,0
Monroe,"Monroe Township, Precinct 2",County Clerk and Register of Deeds,,DEM,Jerry Oley,58,10,48,0
Monroe,"Monroe Township, Precinct 2",County Clerk and Register of Deeds,,DEM,Sandra L. Blank,59,12,47,0
Monroe,"Monroe Township, Precinct 2",County Clerk and Register of Deeds,,DEM,Total Votes,117,22,95,0
Monroe,"Monroe Township, Precinct 2",County Clerk and Register of Deeds,,DEM,Ballots Cast,248,75,173,0
Monroe,"Monroe Township, Precinct 3",County Clerk and Register of Deeds,,DEM,Jerry Oley,101,18,83,0
Monroe,"Monroe Township, Precinct 3",County Clerk and Register of Deeds,,DEM,Sandra L. Blank,92,17,75,0
Monroe,"Monroe Township, Precinct 3",County Clerk and Register of Deeds,,DEM,Total Votes,193,35,158,0
Monroe,"Monroe Township, Precinct 3",County Clerk and Register of Deeds,,DEM,Ballots Cast,454,146,308,0
Monroe,"Monroe Township, Precinct 4",County Clerk and Register of Deeds,,DEM,Jerry Oley,93,22,71,0
Monroe,"Monroe Township, Precinct 4",County Clerk and Register of Deeds,,DEM,Sandra L. Blank,160,31,129,0
Monroe,"Monroe Township, Precinct 4",County Clerk and Register of Deeds,,DEM,Total Votes,253,53,200,0
Monroe,"Monroe Township, Precinct 4",County Clerk and Register of Deeds,,DEM,Write-In,3,1,2,0
Monroe,"Monroe Township, Precinct 4",County Clerk and Register of Deeds,,DEM,Ballots Cast,577,186,391,0
Monroe,"Monroe Township, Precinct 5",County Clerk and Register of Deeds,,DEM,Jerry Oley,174,18,156,0
Monroe,"Monroe Township, Precinct 5",County Clerk and Register of Deeds,,DEM,Sandra L. Blank,129,18,111,0
Monroe,"Monroe Township, Precinct 5",County Clerk and Register of Deeds,,DEM,Total Votes,303,36,267,0
Monroe,"Monroe Township, Precinct 5",County Clerk and Register of Deeds,,DEM,Write-In,1,0,1,0
Monroe,"Monroe Township, Precinct 5",County Clerk and Register of Deeds,,DEM,Ballots Cast,831,242,589,0
Monroe,"Monroe Township, Precinct 6",County Clerk and Register of Deeds,,DEM,Jerry Oley,96,15,81,0
Monroe,"Monroe Township, Precinct 6",County Clerk and Register of Deeds,,DEM,Sandra L. Blank,117,22,95,0
Monroe,"Monroe Township, Precinct 6",County Clerk and Register of Deeds,,DEM,Total Votes,213,37,176,0
Monroe,"Monroe Township, Precinct 6",County Clerk and Register of Deeds,,DEM,Ballots Cast,538,141,397,0
Monroe,"Raisinville Township, Precinct 1",County Clerk and Register of Deeds,,DEM,Jerry Oley,124,15,109,0
Monroe,"Raisinville Township, Precinct 1",County Clerk and Register of Deeds,,DEM,Sandra L. Blank,118,17,101,0
Monroe,"Raisinville Township, Precinct 1",County Clerk and Register of Deeds,,DEM,Total Votes,242,32,210,0
Monroe,"Raisinville Township, Precinct 1",County Clerk and Register of Deeds,,DEM,Ballots Cast,833,241,592,0
Monroe,"Raisinville Township, Precinct 2",County Clerk and Register of Deeds,,DEM,Jerry Oley,130,26,104,0
Monroe,"Raisinville Township, Precinct 2",County Clerk and Register of Deeds,,DEM,Sandra L. Blank,164,40,124,0
Monroe,"Raisinville Township, Precinct 2",County Clerk and Register of Deeds,,DEM,Total Votes,294,66,228,0
Monroe,"Raisinville Township, Precinct 2",County Clerk and Register of Deeds,,DEM,Write-In,1,0,1,0
Monroe,"Raisinville Township, Precinct 2",County Clerk and Register of Deeds,,DEM,Ballots Cast,791,271,520,0
Monroe,"Summerfield Township, Precinct 1",County Clerk and Register of Deeds,,DEM,Jerry Oley,72,72,0,0
Monroe,"Summerfield Township, Precinct 1",County Clerk and Register of Deeds,,DEM,Sandra L. Blank,102,102,0,0
Monroe,"Summerfield Township, Precinct 1",County Clerk and Register of Deeds,,DEM,Total Votes,174,174,0,0
Monroe,"Summerfield Township, Precinct 1",County Clerk and Register of Deeds,,DEM,Write-In,1,1,0,0
Monroe,"Summerfield Township, Precinct 1",County Clerk and Register of Deeds,,DEM,Ballots Cast,984,984,0,0
Monroe,"Whiteford Township, Precinct 1",County Clerk and Register of Deeds,,DEM,Jerry Oley,39,7,32,0
Monroe,"Whiteford Township, Precinct 1",County Clerk and Register of Deeds,,DEM,Sandra L. Blank,119,38,81,0
Monroe,"Whiteford Township, Precinct 1",County Clerk and Register of Deeds,,DEM,Total Votes,158,45,113,0
Monroe,"Whiteford Township, Precinct 1",County Clerk and Register of Deeds,,DEM,Write-In,1,0,1,0
Monroe,"Whiteford Township, Precinct 1",County Clerk and Register of Deeds,,DEM,Ballots Cast,518,213,305,0
Monroe,"Whiteford Township, Precinct 2",County Clerk and Register of Deeds,,DEM,Jerry Oley,22,10,12,0
Monroe,"Whiteford Township, Precinct 2",County Clerk and Register of Deeds,,DEM,Sandra L. Blank,49,13,36,0
Monroe,"Whiteford Township, Precinct 2",County Clerk and Register of Deeds,,DEM,Total Votes,71,23,48,0
Monroe,"Whiteford Township, Precinct 2",County Clerk and Register of Deeds,,DEM,Ballots Cast,385,170,215,0
Monroe,"Ash Township, Precinct 1",County Treasurer,,DEM,Andrew B. Felder,227,227,0,0
Monroe,"Ash Township, Precinct 1",County Treasurer,,DEM,Total Votes,227,227,0,0
Monroe,"Ash Township, Precinct 1",County Treasurer,,DEM,Write-In,1,1,0,0
Monroe,"Ash Township, Precinct 1",County Treasurer,,DEM,Ballots Cast,664,664,0,0
Monroe,"Ash Township, Precinct 2",County Treasurer,,DEM,Andrew B. Felder,239,239,0,0
Monroe,"Ash Township, Precinct 2",County Treasurer,,DEM,Total Votes,239,239,0,0
Monroe,"Ash Township, Precinct 2",County Treasurer,,DEM,Write-In,1,1,0,0
Monroe,"Ash Township, Precinct 2",County Treasurer,,DEM,Ballots Cast,732,732,0,0
Monroe,"Ash Township, Precinct 3",County Treasurer,,DEM,Andrew B. Felder,187,187,0,0
Monroe,"Ash Township, Precinct 3",County Treasurer,,DEM,Total Votes,187,187,0,0
Monroe,"Ash Township, Precinct 3",County Treasurer,,DEM,Ballots Cast,593,593,0,0
Monroe,"Bedford Township, Precinct 1",County Treasurer,,DEM,Andrew B. Felder,91,32,59,0
Monroe,"Bedford Township, Precinct 1",County Treasurer,,DEM,Total Votes,91,32,59,0
Monroe,"Bedford Township, Precinct 1",County Treasurer,,DEM,Write-In,1,0,1,0
Monroe,"Bedford Township, Precinct 1",County Treasurer,,DEM,Ballots Cast,338,169,169,0
Monroe,"Bedford Township, Precinct 10",County Treasurer,,DEM,Andrew B. Felder,129,35,94,0
Monroe,"Bedford Township, Precinct 10",County Treasurer,,DEM,Total Votes,129,35,94,0
Monroe,"Bedford Township, Precinct 10",County Treasurer,,DEM,Write-In,2,0,2,0
Monroe,"Bedford Township, Precinct 10",County Treasurer,,DEM,Ballots Cast,470,192,278,0
Monroe,"Bedford Township, Precinct 11",County Treasurer,,DEM,Andrew B. Felder,201,56,145,0
Monroe,"Bedford Township, Precinct 11",County Treasurer,,DEM,Total Votes,201,56,145,0
Monroe,"Bedford Township, Precinct 11",County Treasurer,,DEM,Ballots Cast,805,356,449,0
Monroe,"Bedford Township, Precinct 12",County Treasurer,,DEM,Andrew B. Felder,200,53,147,0
Monroe,"Bedford Township, Precinct 12",County Treasurer,,DEM,Total Votes,200,53,147,0
Monroe,"Bedford Township, Precinct 12",County Treasurer,,DEM,Ballots Cast,578,218,360,0
Monroe,"Bedford Township, Precinct 13",County Treasurer,,DEM,Andrew B. Felder,183,55,128,0
Monroe,"Bedford Township, Precinct 13",County Treasurer,,DEM,Total Votes,183,55,128,0
Monroe,"Bedford Township, Precinct 13",County Treasurer,,DEM,Ballots Cast,662,292,370,0
Monroe,"Bedford Township, Precinct 14",County Treasurer,,DEM,Andrew B. Felder,156,35,121,0
Monroe,"Bedford Township, Precinct 14",County Treasurer,,DEM,Total Votes,156,35,121,0
Monroe,"Bedford Township, Precinct 14",County Treasurer,,DEM,Write-In,2,1,1,0
Monroe,"Bedford Township, Precinct 14",County Treasurer,,DEM,Ballots Cast,403,145,258,0
Monroe,"Bedford Township, Precinct 2",County Treasurer,,DEM,Andrew B. Felder,175,48,127,0
Monroe,"Bedford Township, Precinct 2",County Treasurer,,DEM,Total Votes,175,48,127,0
Monroe,"Bedford Township, Precinct 2",County Treasurer,,DEM,Write-In,1,1,0,0
Monroe,"Bedford Township, Precinct 2",County Treasurer,,DEM,Ballots Cast,641,246,395,0
Monroe,"Bedford Township, Precinct 3",County Treasurer,,DEM,Andrew B. Felder,172,52,120,0
Monroe,"Bedford Township, Precinct 3",County Treasurer,,DEM,Total Votes,172,52,120,0
Monroe,"Bedford Township, Precinct 3",County Treasurer,,DEM,Ballots Cast,588,288,300,0
Monroe,"Bedford Township, Precinct 4",County Treasurer,,DEM,Andrew B. Felder,239,51,188,0
Monroe,"Bedford Township, Precinct 4",County Treasurer,,DEM,Total Votes,239,51,188,0
Monroe,"Bedford Township, Precinct 4",County Treasurer,,DEM,Write-In,2,2,0,0
Monroe,"Bedford Township, Precinct 4",County Treasurer,,DEM,Ballots Cast,763,283,480,0
Monroe,"Bedford Township, Precinct 5",County Treasurer,,DEM,Andrew B. Felder,217,52,165,0
Monroe,"Bedford Township, Precinct 5",County Treasurer,,DEM,Total Votes,217,52,165,0
Monroe,"Bedford Township, Precinct 5",County Treasurer,,DEM,Ballots Cast,647,250,397,0
Monroe,"Bedford Township, Precinct 6",County Treasurer,,DEM,Andrew B. Felder,276,69,207,0
Monroe,"Bedford Township, Precinct 6",County Treasurer,,DEM,Total Votes,276,69,207,0
Monroe,"Bedford Township, Precinct 6",County Treasurer,,DEM,Ballots Cast,937,407,530,0
Monroe,"Bedford Township, Precinct 7",County Treasurer,,DEM,Andrew B. Felder,222,47,175,0
Monroe,"Bedford Township, Precinct 7",County Treasurer,,DEM,Total Votes,222,47,175,0
Monroe,"Bedford Township, Precinct 7",County Treasurer,,DEM,Write-In,1,1,0,0
Monroe,"Bedford Township, Precinct 7",County Treasurer,,DEM,Ballots Cast,739,263,476,0
Monroe,"Bedford Township, Precinct 8",County Treasurer,,DEM,Andrew B. Felder,244,69,175,0
Monroe,"Bedford Township, Precinct 8",County Treasurer,,DEM,Total Votes,244,69,175,0
Monroe,"Bedford Township, Precinct 8",County Treasurer,,DEM,Write-In,1,1,0,0
Monroe,"Bedford Township, Precinct 8",County Treasurer,,DEM,Ballots Cast,814,291,523,0
Monroe,"Bedford Township, Precinct 9",County Treasurer,,DEM,Andrew B. Felder,164,31,133,0
Monroe,"Bedford Township, Precinct 9",County Treasurer,,DEM,Total Votes,164,31,133,0
Monroe,"Bedford Township, Precinct 9",County Treasurer,,DEM,Write-In,3,0,3,0
Monroe,"Bedford Township, Precinct 9",County Treasurer,,DEM,Ballots Cast,535,190,345,0
Monroe,"Berlin Township, Precinct 1",County Treasurer,,DEM,Andrew B. Felder,170,170,0,0
Monroe,"Berlin Township, Precinct 1",County Treasurer,,DEM,Total Votes,170,170,0,0
Monroe,"Berlin Township, Precinct 1",County Treasurer,,DEM,Write-In,1,1,0,0
Monroe,"Berlin Township, Precinct 1",County Treasurer,,DEM,Ballots Cast,444,444,0,0
Monroe,"Berlin Township, Precinct 2",County Treasurer,,DEM,Andrew B. Felder,276,276,0,0
Monroe,"Berlin Township, Precinct 2",County Treasurer,,DEM,Total Votes,276,276,0,0
Monroe,"Berlin Township, Precinct 2",County Treasurer,,DEM,Ballots Cast,731,731,0,0
Monroe,"Berlin Township, Precinct 3",County Treasurer,,DEM,Andrew B. Felder,138,138,0,0
Monroe,"Berlin Township, Precinct 3",County Treasurer,,DEM,Total Votes,138,138,0,0
Monroe,"Berlin Township, Precinct 3",County Treasurer,,DEM,Ballots Cast,407,407,0,0
Monroe,"Berlin Township, Precinct 4",County Treasurer,,DEM,Andrew B. Felder,204,204,0,0
Monroe,"Berlin Township, Precinct 4",County Treasurer,,DEM,Total Votes,204,204,0,0
Monroe,"Berlin Township, Precinct 4",County Treasurer,,DEM,Write-In,1,1,0,0
Monroe,"Berlin Township, Precinct 4",County Treasurer,,DEM,Ballots Cast,582,582,0,0
Monroe,"City of Luna Pier, Precinct 1",County Treasurer,,DEM,Andrew B. Felder,146,146,0,0
Monroe,"City of Luna Pier, Precinct 1",County Treasurer,,DEM,Total Votes,146,146,0,0
Monroe,"City of Luna Pier, Precinct 1",County Treasurer,,DEM,Ballots Cast,372,372,0,0
Monroe,"City of Milan, Precinct 1",County Treasurer,,DEM,Andrew B. Felder,216,216,0,0
Monroe,"City of Milan, Precinct 1",County Treasurer,,DEM,Total Votes,216,216,0,0
Monroe,"City of Milan, Precinct 1",County Treasurer,,DEM,Ballots Cast,423,423,0,0
Monroe,"City of Monroe, Precinct 1",County Treasurer,,DEM,Andrew B. Felder,308,55,253,0
Monroe,"City of Monroe, Precinct 1",County Treasurer,,DEM,Total Votes,308,55,253,0
Monroe,"City of Monroe, Precinct 1",County Treasurer,,DEM,Ballots Cast,608,158,450,0
Monroe,"City of Monroe, Precinct 2",County Treasurer,,DEM,Andrew B. Felder,220,67,153,0
Monroe,"City of Monroe, Precinct 2",County Treasurer,,DEM,Total Votes,220,67,153,0
Monroe,"City of Monroe, Precinct 2",County Treasurer,,DEM,Ballots Cast,487,180,307,0
Monroe,"City of Monroe, Precinct 3N",County Treasurer,,DEM,Andrew B. Felder,136,42,94,0
Monroe,"City of Monroe, Precinct 3N",County Treasurer,,DEM,Total Votes,136,42,94,0
Monroe,"City of Monroe, Precinct 3N",County Treasurer,,DEM,Ballots Cast,288,116,172,0
Monroe,"City of Monroe, Precinct 3S",County Treasurer,,DEM,Andrew B. Felder,132,51,81,0
Monroe,"City of Monroe, Precinct 3S",County Treasurer,,DEM,Total Votes,132,51,81,0
Monroe,"City of Monroe, Precinct 3S",County Treasurer,,DEM,Ballots Cast,213,88,125,0
Monroe,"City of Monroe, Precinct 4",County Treasurer,,DEM,Andrew B. Felder,419,76,343,0
Monroe,"City of Monroe, Precinct 4",County Treasurer,,DEM,Total Votes,419,76,343,0
Monroe,"City of Monroe, Precinct 4",County Treasurer,,DEM,Write-In,4,2,2,0
Monroe,"City of Monroe, Precinct 4",County Treasurer,,DEM,Ballots Cast,872,283,589,0
Monroe,"City of Monroe, Precinct 5",County Treasurer,,DEM,Andrew B. Felder,444,58,386,0
Monroe,"City of Monroe, Precinct 5",County Treasurer,,DEM,Total Votes,444,58,386,0
Monroe,"City of Monroe, Precinct 5",County Treasurer,,DEM,Write-In,4,2,2,0
Monroe,"City of Monroe, Precinct 5",County Treasurer,,DEM,Ballots Cast,956,226,730,0
Monroe,"City of Monroe, Precinct 6",County Treasurer,,DEM,Andrew B. Felder,289,63,226,0
Monroe,"City of Monroe, Precinct 6",County Treasurer,,DEM,Total Votes,289,63,226,0
Monroe,"City of Monroe, Precinct 6",County Treasurer,,DEM,Ballots Cast,692,212,480,0
Monroe,"City of Petersburg, Precinct 1",County Treasurer,,DEM,Andrew B. Felder,105,105,0,0
Monroe,"City of Petersburg, Precinct 1",County Treasurer,,DEM,Total Votes,105,105,0,0
Monroe,"City of Petersburg, Precinct 1",County Treasurer,,DEM,Ballots Cast,268,268,0,0
Monroe,"Dundee Township, Precinct 1",County Treasurer,,DEM,Andrew B. Felder,164,164,0,0
Monroe,"Dundee Township, Precinct 1",County Treasurer,,DEM,Total Votes,164,164,0,0
Monroe,"Dundee Township, Precinct 1",County Treasurer,,DEM,Write-In,1,1,0,0
Monroe,"Dundee Township, Precinct 1",County Treasurer,,DEM,Ballots Cast,467,467,0,0
Monroe,"Dundee Township, Precinct 2",County Treasurer,,DEM,Andrew B. Felder,211,211,0,0
Monroe,"Dundee Township, Precinct 2",County Treasurer,,DEM,Total Votes,211,211,0,0
Monroe,"Dundee Township, Precinct 2",County Treasurer,,DEM,Ballots Cast,654,654,0,0
Monroe,"Dundee Township, Precinct 3",County Treasurer,,DEM,Andrew B. Felder,241,241,0,0
Monroe,"Dundee Township, Precinct 3",County Treasurer,,DEM,Total Votes,241,241,0,0
Monroe,"Dundee Township, Precinct 3",County Treasurer,,DEM,Ballots Cast,692,692,0,0
Monroe,"Erie Township, Precinct 1",County Treasurer,,DEM,Andrew B. Felder,186,52,134,0
Monroe,"Erie Township, Precinct 1",County Treasurer,,DEM,Total Votes,186,52,134,0
Monroe,"Erie Township, Precinct 1",County Treasurer,,DEM,Ballots Cast,672,249,423,0
Monroe,"Erie Township, Precinct 2",County Treasurer,,DEM,Andrew B. Felder,105,17,88,0
Monroe,"Erie Township, Precinct 2",County Treasurer,,DEM,Total Votes,105,17,88,0
Monroe,"Erie Township, Precinct 2",County Treasurer,,DEM,Ballots Cast,402,164,238,0
Monroe,"Exeter Township, Precinct 1",County Treasurer,,DEM,Andrew B. Felder,124,124,0,0
Monroe,"Exeter Township, Precinct 1",County Treasurer,,DEM,Total Votes,124,124,0,0
Monroe,"Exeter Township, Precinct 1",County Treasurer,,DEM,Ballots Cast,396,396,0,0
Monroe,"Exeter Township, Precinct 2",County Treasurer,,DEM,Andrew B. Felder,161,161,0,0
Monroe,"Exeter Township, Precinct 2",County Treasurer,,DEM,Total Votes,161,161,0,0
Monroe,"Exeter Township, Precinct 2",County Treasurer,,DEM,Ballots Cast,475,475,0,0
Monroe,"Frenchtown Township, Precinct 1",County Treasurer,,DEM,Andrew B. Felder,87,21,66,0
Monroe,"Frenchtown Township, Precinct 1",County Treasurer,,DEM,Total Votes,87,21,66,0
Monroe,"Frenchtown Township, Precinct 1",County Treasurer,,DEM,Write-In,1,1,0,0
Monroe,"Frenchtown Township, Precinct 1",County Treasurer,,DEM,Ballots Cast,307,126,181,0
Monroe,"Frenchtown Township, Precinct 2",County Treasurer,,DEM,Andrew B. Felder,143,27,116,0
Monroe,"Frenchtown Township, Precinct 2",County Treasurer,,DEM,Total Votes,143,27,116,0
Monroe,"Frenchtown Township, Precinct 2",County Treasurer,,DEM,Write-In,1,0,1,0
Monroe,"Frenchtown Township, Precinct 2",County Treasurer,,DEM,Ballots Cast,384,141,243,0
Monroe,"Frenchtown Township, Precinct 3",County Treasurer,,DEM,Andrew B. Felder,123,20,103,0
Monroe,"Frenchtown Township, Precinct 3",County Treasurer,,DEM,Total Votes,123,20,103,0
Monroe,"Frenchtown Township, Precinct 3",County Treasurer,,DEM,Write-In,1,1,0,0
Monroe,"Frenchtown Township, Precinct 3",County Treasurer,,DEM,Ballots Cast,465,151,314,0
Monroe,"Frenchtown Township, Precinct 4",County Treasurer,,DEM,Andrew B. Felder,229,25,204,0
Monroe,"Frenchtown Township, Precinct 4",County Treasurer,,DEM,Total Votes,229,25,204,0
Monroe,"Frenchtown Township, Precinct 4",County Treasurer,,DEM,Write-In,1,0,1,0
Monroe,"Frenchtown Township, Precinct 4",County Treasurer,,DEM,Ballots Cast,657,154,503,0
Monroe,"Frenchtown Township, Precinct 5",County Treasurer,,DEM,Andrew B. Felder,170,28,142,0
Monroe,"Frenchtown Township, Precinct 5",County Treasurer,,DEM,Total Votes,170,28,142,0
Monroe,"Frenchtown Township, Precinct 5",County Treasurer,,DEM,Write-In,1,1,0,0
Monroe,"Frenchtown Township, Precinct 5",County Treasurer,,DEM,Ballots Cast,417,139,278,0
Monroe,"Frenchtown Township, Precinct 6",County Treasurer,,DEM,Andrew B. Felder,199,43,156,0
Monroe,"Frenchtown Township, Precinct 6",County Treasurer,,DEM,Total Votes,199,43,156,0
Monroe,"Frenchtown Township, Precinct 6",County Treasurer,,DEM,Ballots Cast,625,230,395,0
Monroe,"Frenchtown Township, Precinct 7",County Treasurer,,DEM,Andrew B. Felder,341,46,295,0
Monroe,"Frenchtown Township, Precinct 7",County Treasurer,,DEM,Total Votes,341,46,295,0
Monroe,"Frenchtown Township, Precinct 7",County Treasurer,,DEM,Ballots Cast,1005,238,767,0
Monroe,"Frenchtown Township, Precinct 8",County Treasurer,,DEM,Andrew B. Felder,157,39,118,0
Monroe,"Frenchtown Township, Precinct 8",County Treasurer,,DEM,Total Votes,157,39,118,0
Monroe,"Frenchtown Township, Precinct 8",County Treasurer,,DEM,Ballots Cast,488,175,313,0
Monroe,"Frenchtown Township, Precinct 9",County Treasurer,,DEM,Andrew B. Felder,144,33,111,0
Monroe,"Frenchtown Township, Precinct 9",County Treasurer,,DEM,Total Votes,144,33,111,0
Monroe,"Frenchtown Township, Precinct 9",County Treasurer,,DEM,Ballots Cast,313,89,224,0
Monroe,"Ida Township, Precinct 1",County Treasurer,,DEM,Andrew B. Felder,144,39,105,0
Monroe,"Ida Township, Precinct 1",County Treasurer,,DEM,Total Votes,144,39,105,0
Monroe,"Ida Township, Precinct 1",County Treasurer,,DEM,Ballots Cast,618,272,346,0
Monroe,"Ida Township, Precinct 2",County Treasurer,,DEM,Andrew B. Felder,172,49,123,0
Monroe,"Ida Township, Precinct 2",County Treasurer,,DEM,Total Votes,172,49,123,0
Monroe,"Ida Township, Precinct 2",County Treasurer,,DEM,Write-In,1,0,1,0
Monroe,"Ida Township, Precinct 2",County Treasurer,,DEM,Ballots Cast,687,293,394,0
Monroe,"La Salle Township, Precinct 1",County Treasurer,,DEM,Andrew B. Felder,128,26,102,0
Monroe,"La Salle Township, Precinct 1",County Treasurer,,DEM,Total Votes,128,26,102,0
Monroe,"La Salle Township, Precinct 1",County Treasurer,,DEM,Ballots Cast,672,253,419,0
Monroe,"La Salle Township, Precinct 2",County Treasurer,,DEM,Andrew B. Felder,200,52,148,0
Monroe,"La Salle Township, Precinct 2",County Treasurer,,DEM,Total Votes,200,52,148,0
Monroe,"La Salle Township, Precinct 2",County Treasurer,,DEM,Write-In,1,0,1,0
Monroe,"La Salle Township, Precinct 2",County Treasurer,,DEM,Ballots Cast,779,325,454,0
Monroe,"London Township, Precinct 1",County Treasurer,,DEM,Andrew B. Felder,233,233,0,0
Monroe,"London Township, Precinct 1",County Treasurer,,DEM,Total Votes,233,233,0,0
Monroe,"London Township, Precinct 1",County Treasurer,,DEM,Write-In,1,1,0,0
Monroe,"London Township, Precinct 1",County Treasurer,,DEM,Ballots Cast,834,834,0,0
Monroe,"Milan Township, Precinct 1",County Treasurer,,DEM,Andrew B. Felder,141,141,0,0
Monroe,"Milan Township, Precinct 1",County Treasurer,,DEM,Total Votes,141,141,0,0
Monroe,"Milan Township, Precinct 1",County Treasurer,,DEM,Ballots Cast,451,451,0,0
Monroe,"Monroe Township, Precinct 1",County Treasurer,,DEM,Andrew B. Felder,209,41,168,0
Monroe,"Monroe Township, Precinct 1",County Treasurer,,DEM,Total Votes,209,41,168,0
Monroe,"Monroe Township, Precinct 1",County Treasurer,,DEM,Ballots Cast,452,114,338,0
Monroe,"Monroe Township, Precinct 2",County Treasurer,,DEM,Andrew B. Felder,112,21,91,0
Monroe,"Monroe Township, Precinct 2",County Treasurer,,DEM,Total Votes,112,21,91,0
Monroe,"Monroe Township, Precinct 2",County Treasurer,,DEM,Ballots Cast,248,75,173,0
Monroe,"Monroe Township, Precinct 3",County Treasurer,,DEM,Andrew B. Felder,172,34,138,0
Monroe,"Monroe Township, Precinct 3",County Treasurer,,DEM,Total Votes,172,34,138,0
Monroe,"Monroe Township, Precinct 3",County Treasurer,,DEM,Ballots Cast,454,146,308,0
Monroe,"Monroe Township, Precinct 4",County Treasurer,,DEM,Andrew B. Felder,243,50,193,0
Monroe,"Monroe Township, Precinct 4",County Treasurer,,DEM,Total Votes,243,50,193,0
Monroe,"Monroe Township, Precinct 4",County Treasurer,,DEM,Write-In,3,2,1,0
Monroe,"Monroe Township, Precinct 4",County Treasurer,,DEM,Ballots Cast,577,186,391,0
Monroe,"Monroe Township, Precinct 5",County Treasurer,,DEM,Andrew B. Felder,281,32,249,0
Monroe,"Monroe Township, Precinct 5",County Treasurer,,DEM,Total Votes,281,32,249,0
Monroe,"Monroe Township, Precinct 5",County Treasurer,,DEM,Write-In,1,0,1,0
Monroe,"Monroe Township, Precinct 5",County Treasurer,,DEM,Ballots Cast,831,242,589,0
Monroe,"Monroe Township, Precinct 6",County Treasurer,,DEM,Andrew B. Felder,199,33,166,0
Monroe,"Monroe Township, Precinct 6",County Treasurer,,DEM,Total Votes,199,33,166,0
Monroe,"Monroe Township, Precinct 6",County Treasurer,,DEM,Write-In,1,1,0,0
Monroe,"Monroe Township, Precinct 6",County Treasurer,,DEM,Ballots Cast,538,141,397,0
Monroe,"Raisinville Township, Precinct 1",County Treasurer,,DEM,Andrew B. Felder,226,29,197,0
Monroe,"Raisinville Township, Precinct 1",County Treasurer,,DEM,Total Votes,226,29,197,0
Monroe,"Raisinville Township, Precinct 1",County Treasurer,,DEM,Ballots Cast,833,241,592,0
Monroe,"Raisinville Township, Precinct 2",County Treasurer,,DEM,Andrew B. Felder,282,61,221,0
Monroe,"Raisinville Township, Precinct 2",County Treasurer,,DEM,Total Votes,282,61,221,0
Monroe,"Raisinville Township, Precinct 2",County Treasurer,,DEM,Ballots Cast,791,271,520,0
Monroe,"Summerfield Township, Precinct 1",County Treasurer,,DEM,Andrew B. Felder,171,171,0,0
Monroe,"Summerfield Township, Precinct 1",County Treasurer,,DEM,Total Votes,171,171,0,0
Monroe,"Summerfield Township, Precinct 1",County Treasurer,,DEM,Write-In,2,2,0,0
Monroe,"Summerfield Township, Precinct 1",County Treasurer,,DEM,Ballots Cast,984,984,0,0
Monroe,"Whiteford Township, Precinct 1",County Treasurer,,DEM,Andrew B. Felder,150,40,110,0
Monroe,"Whiteford Township, Precinct 1",County Treasurer,,DEM,Total Votes,150,40,110,0
Monroe,"Whiteford Township, Precinct 1",County Treasurer,,DEM,Write-In,1,0,1,0
Monroe,"Whiteford Township, Precinct 1",County Treasurer,,DEM,Ballots Cast,518,213,305,0
Monroe,"Whiteford Township, Precinct 2",County Treasurer,,DEM,Andrew B. Felder,74,23,51,0
Monroe,"Whiteford Township, Precinct 2",County Treasurer,,DEM,Total Votes,74,23,51,0
Monroe,"Whiteford Township, Precinct 2",County Treasurer,,DEM,Ballots Cast,385,170,215,0
Monroe,"Ash Township, Precinct 1",County Drain Commissioner,,DEM,David P. Thompson,229,229,0,0
Monroe,"Ash Township, Precinct 1",County Drain Commissioner,,DEM,Total Votes,229,229,0,0
Monroe,"Ash Township, Precinct 1",County Drain Commissioner,,DEM,Write-In,1,1,0,0
Monroe,"Ash Township, Precinct 1",County Drain Commissioner,,DEM,Ballots Cast,664,664,0,0
Monroe,"Ash Township, Precinct 2",County Drain Commissioner,,DEM,David P. Thompson,246,246,0,0
Monroe,"Ash Township, Precinct 2",County Drain Commissioner,,DEM,Total Votes,246,246,0,0
Monroe,"Ash Township, Precinct 2",County Drain Commissioner,,DEM,Ballots Cast,732,732,0,0
Monroe,"Ash Township, Precinct 3",County Drain Commissioner,,DEM,David P. Thompson,186,186,0,0
Monroe,"Ash Township, Precinct 3",County Drain Commissioner,,DEM,Total Votes,186,186,0,0
Monroe,"Ash Township, Precinct 3",County Drain Commissioner,,DEM,Ballots Cast,593,593,0,0
Monroe,"Bedford Township, Precinct 1",County Drain Commissioner,,DEM,David P. Thompson,95,32,63,0
Monroe,"Bedford Township, Precinct 1",County Drain Commissioner,,DEM,Total Votes,95,32,63,0
Monroe,"Bedford Township, Precinct 1",County Drain Commissioner,,DEM,Ballots Cast,338,169,169,0
Monroe,"Bedford Township, Precinct 10",County Drain Commissioner,,DEM,David P. Thompson,134,36,98,0
Monroe,"Bedford Township, Precinct 10",County Drain Commissioner,,DEM,Total Votes,134,36,98,0
Monroe,"Bedford Township, Precinct 10",County Drain Commissioner,,DEM,Ballots Cast,470,192,278,0
Monroe,"Bedford Township, Precinct 11",County Drain Commissioner,,DEM,David P. Thompson,201,57,144,0
Monroe,"Bedford Township, Precinct 11",County Drain Commissioner,,DEM,Total Votes,201,57,144,0
Monroe,"Bedford Township, Precinct 11",County Drain Commissioner,,DEM,Ballots Cast,805,356,449,0
Monroe,"Bedford Township, Precinct 12",County Drain Commissioner,,DEM,David P. Thompson,193,54,139,0
Monroe,"Bedford Township, Precinct 12",County Drain Commissioner,,DEM,Total Votes,193,54,139,0
Monroe,"Bedford Township, Precinct 12",County Drain Commissioner,,DEM,Write-In,1,0,1,0
Monroe,"Bedford Township, Precinct 12",County Drain Commissioner,,DEM,Ballots Cast,578,218,360,0
Monroe,"Bedford Township, Precinct 13",County Drain Commissioner,,DEM,David P. Thompson,184,57,127,0
Monroe,"Bedford Township, Precinct 13",County Drain Commissioner,,DEM,Total Votes,184,57,127,0
Monroe,"Bedford Township, Precinct 13",County Drain Commissioner,,DEM,Ballots Cast,662,292,370,0
Monroe,"Bedford Township, Precinct 14",County Drain Commissioner,,DEM,David P. Thompson,158,36,122,0
Monroe,"Bedford Township, Precinct 14",County Drain Commissioner,,DEM,Total Votes,158,36,122,0
Monroe,"Bedford Township, Precinct 14",County Drain Commissioner,,DEM,Ballots Cast,403,145,258,0
Monroe,"Bedford Township, Precinct 2",County Drain Commissioner,,DEM,David P. Thompson,174,49,125,0
Monroe,"Bedford Township, Precinct 2",County Drain Commissioner,,DEM,Total Votes,174,49,125,0
Monroe,"Bedford Township, Precinct 2",County Drain Commissioner,,DEM,Write-In,2,0,2,0
Monroe,"Bedford Township, Precinct 2",County Drain Commissioner,,DEM,Ballots Cast,641,246,395,0
Monroe,"Bedford Township, Precinct 3",County Drain Commissioner,,DEM,David P. Thompson,168,51,117,0
Monroe,"Bedford Township, Precinct 3",County Drain Commissioner,,DEM,Total Votes,168,51,117,0
Monroe,"Bedford Township, Precinct 3",County Drain Commissioner,,DEM,Write-In,1,0,1,0
Monroe,"Bedford Township, Precinct 3",County Drain Commissioner,,DEM,Ballots Cast,588,288,300,0
Monroe,"Bedford Township, Precinct 4",County Drain Commissioner,,DEM,David P. Thompson,238,55,183,0
Monroe,"Bedford Township, Precinct 4",County Drain Commissioner,,DEM,Total Votes,238,55,183,0
Monroe,"Bedford Township, Precinct 4",County Drain Commissioner,,DEM,Write-In,2,0,2,0
Monroe,"Bedford Township, Precinct 4",County Drain Commissioner,,DEM,Ballots Cast,763,283,480,0
Monroe,"Bedford Township, Precinct 5",County Drain Commissioner,,DEM,David P. Thompson,225,52,173,0
Monroe,"Bedford Township, Precinct 5",County Drain Commissioner,,DEM,Total Votes,225,52,173,0
Monroe,"Bedford Township, Precinct 5",County Drain Commissioner,,DEM,Ballots Cast,647,250,397,0
Monroe,"Bedford Township, Precinct 6",County Drain Commissioner,,DEM,David P. Thompson,275,68,207,0
Monroe,"Bedford Township, Precinct 6",County Drain Commissioner,,DEM,Total Votes,275,68,207,0
Monroe,"Bedford Township, Precinct 6",County Drain Commissioner,,DEM,Write-In,2,0,2,0
Monroe,"Bedford Township, Precinct 6",County Drain Commissioner,,DEM,Ballots Cast,937,407,530,0
Monroe,"Bedford Township, Precinct 7",County Drain Commissioner,,DEM,David P. Thompson,222,46,176,0
Monroe,"Bedford Township, Precinct 7",County Drain Commissioner,,DEM,Total Votes,222,46,176,0
Monroe,"Bedford Township, Precinct 7",County Drain Commissioner,,DEM,Write-In,1,1,0,0
Monroe,"Bedford Township, Precinct 7",County Drain Commissioner,,DEM,Ballots Cast,739,263,476,0
Monroe,"Bedford Township, Precinct 8",County Drain Commissioner,,DEM,David P. Thompson,243,71,172,0
Monroe,"Bedford Township, Precinct 8",County Drain Commissioner,,DEM,Total Votes,243,71,172,0
Monroe,"Bedford Township, Precinct 8",County Drain Commissioner,,DEM,Write-In,1,1,0,0
Monroe,"Bedford Township, Precinct 8",County Drain Commissioner,,DEM,Ballots Cast,814,291,523,0
Monroe,"Bedford Township, Precinct 9",County Drain Commissioner,,DEM,David P. Thompson,168,31,137,0
Monroe,"Bedford Township, Precinct 9",County Drain Commissioner,,DEM,Total Votes,168,31,137,0
Monroe,"Bedford Township, Precinct 9",County Drain Commissioner,,DEM,Ballots Cast,535,190,345,0
Monroe,"Berlin Township, Precinct 1",County Drain Commissioner,,DEM,David P. Thompson,166,166,0,0
Monroe,"Berlin Township, Precinct 1",County Drain Commissioner,,DEM,Total Votes,166,166,0,0
Monroe,"Berlin Township, Precinct 1",County Drain Commissioner,,DEM,Ballots Cast,444,444,0,0
Monroe,"Berlin Township, Precinct 2",County Drain Commissioner,,DEM,David P. Thompson,273,273,0,0
Monroe,"Berlin Township, Precinct 2",County Drain Commissioner,,DEM,Total Votes,273,273,0,0
Monroe,"Berlin Township, Precinct 2",County Drain Commissioner,,DEM,Ballots Cast,731,731,0,0
Monroe,"Berlin Township, Precinct 3",County Drain Commissioner,,DEM,David P. Thompson,137,137,0,0
Monroe,"Berlin Township, Precinct 3",County Drain Commissioner,,DEM,Total Votes,137,137,0,0
Monroe,"Berlin Township, Precinct 3",County Drain Commissioner,,DEM,Ballots Cast,407,407,0,0
Monroe,"Berlin Township, Precinct 4",County Drain Commissioner,,DEM,David P. Thompson,199,199,0,0
Monroe,"Berlin Township, Precinct 4",County Drain Commissioner,,DEM,Total Votes,199,199,0,0
Monroe,"Berlin Township, Precinct 4",County Drain Commissioner,,DEM,Write-In,1,1,0,0
Monroe,"Berlin Township, Precinct 4",County Drain Commissioner,,DEM,Ballots Cast,582,582,0,0
Monroe,"City of Luna Pier, Precinct 1",County Drain Commissioner,,DEM,David P. Thompson,140,140,0,0
Monroe,"City of Luna Pier, Precinct 1",County Drain Commissioner,,DEM,Total Votes,140,140,0,0
Monroe,"City of Luna Pier, Precinct 1",County Drain Commissioner,,DEM,Write-In,1,1,0,0
Monroe,"City of Luna Pier, Precinct 1",County Drain Commissioner,,DEM,Ballots Cast,372,372,0,0
Monroe,"City of Milan, Precinct 1",County Drain Commissioner,,DEM,David P. Thompson,216,216,0,0
Monroe,"City of Milan, Precinct 1",County Drain Commissioner,,DEM,Total Votes,216,216,0,0
Monroe,"City of Milan, Precinct 1",County Drain Commissioner,,DEM,Ballots Cast,423,423,0,0
Monroe,"City of Monroe, Precinct 1",County Drain Commissioner,,DEM,David P. Thompson,309,53,256,0
Monroe,"City of Monroe, Precinct 1",County Drain Commissioner,,DEM,Total Votes,309,53,256,0
Monroe,"City of Monroe, Precinct 1",County Drain Commissioner,,DEM,Write-In,1,1,0,0
Monroe,"City of Monroe, Precinct 1",County Drain Commissioner,,DEM,Ballots Cast,608,158,450,0
Monroe,"City of Monroe, Precinct 2",County Drain Commissioner,,DEM,David P. Thompson,219,65,154,0
Monroe,"City of Monroe, Precinct 2",County Drain Commissioner,,DEM,Total Votes,219,65,154,0
Monroe,"City of Monroe, Precinct 2",County Drain Commissioner,,DEM,Write-In,1,1,0,0
Monroe,"City of Monroe, Precinct 2",County Drain Commissioner,,DEM,Ballots Cast,487,180,307,0
Monroe,"City of Monroe, Precinct 3N",County Drain Commissioner,,DEM,David P. Thompson,133,41,92,0
Monroe,"City of Monroe, Precinct 3N",County Drain Commissioner,,DEM,Total Votes,133,41,92,0
Monroe,"City of Monroe, Precinct 3N",County Drain Commissioner,,DEM,Ballots Cast,288,116,172,0
Monroe,"City of Monroe, Precinct 3S",County Drain Commissioner,,DEM,David P. Thompson,128,49,79,0
Monroe,"City of Monroe, Precinct 3S",County Drain Commissioner,,DEM,Total Votes,128,49,79,0
Monroe,"City of Monroe, Precinct 3S",County Drain Commissioner,,DEM,Ballots Cast,213,88,125,0
Monroe,"City of Monroe, Precinct 4",County Drain Commissioner,,DEM,David P. Thompson,413,74,339,0
Monroe,"City of Monroe, Precinct 4",County Drain Commissioner,,DEM,Total Votes,413,74,339,0
Monroe,"City of Monroe, Precinct 4",County Drain Commissioner,,DEM,Write-In,3,3,0,0
Monroe,"City of Monroe, Precinct 4",County Drain Commissioner,,DEM,Ballots Cast,872,283,589,0
Monroe,"City of Monroe, Precinct 5",County Drain Commissioner,,DEM,David P. Thompson,439,56,383,0
Monroe,"City of Monroe, Precinct 5",County Drain Commissioner,,DEM,Total Votes,439,56,383,0
Monroe,"City of Monroe, Precinct 5",County Drain Commissioner,,DEM,Write-In,3,2,1,0
Monroe,"City of Monroe, Precinct 5",County Drain Commissioner,,DEM,Ballots Cast,956,226,730,0
Monroe,"City of Monroe, Precinct 6",County Drain Commissioner,,DEM,David P. Thompson,287,64,223,0
Monroe,"City of Monroe, Precinct 6",County Drain Commissioner,,DEM,Total Votes,287,64,223,0
Monroe,"City of Monroe, Precinct 6",County Drain Commissioner,,DEM,Ballots Cast,692,212,480,0
Monroe,"City of Petersburg, Precinct 1",County Drain Commissioner,,DEM,David P. Thompson,106,106,0,0
Monroe,"City of Petersburg, Precinct 1",County Drain Commissioner,,DEM,Total Votes,106,106,0,0
Monroe,"City of Petersburg, Precinct 1",County Drain Commissioner,,DEM,Ballots Cast,268,268,0,0
Monroe,"Dundee Township, Precinct 1",County Drain Commissioner,,DEM,David P. Thompson,161,161,0,0
Monroe,"Dundee Township, Precinct 1",County Drain Commissioner,,DEM,Total Votes,161,161,0,0
Monroe,"Dundee Township, Precinct 1",County Drain Commissioner,,DEM,Write-In,1,1,0,0
Monroe,"Dundee Township, Precinct 1",County Drain Commissioner,,DEM,Ballots Cast,467,467,0,0
Monroe,"Dundee Township, Precinct 2",County Drain Commissioner,,DEM,David P. Thompson,210,210,0,0
Monroe,"Dundee Township, Precinct 2",County Drain Commissioner,,DEM,Total Votes,210,210,0,0
Monroe,"Dundee Township, Precinct 2",County Drain Commissioner,,DEM,Write-In,1,1,0,0
Monroe,"Dundee Township, Precinct 2",County Drain Commissioner,,DEM,Ballots Cast,654,654,0,0
Monroe,"Dundee Township, Precinct 3",County Drain Commissioner,,DEM,David P. Thompson,246,246,0,0
Monroe,"Dundee Township, Precinct 3",County Drain Commissioner,,DEM,Total Votes,246,246,0,0
Monroe,"Dundee Township, Precinct 3",County Drain Commissioner,,DEM,Ballots Cast,692,692,0,0
Monroe,"Erie Township, Precinct 1",County Drain Commissioner,,DEM,David P. Thompson,186,52,134,0
Monroe,"Erie Township, Precinct 1",County Drain Commissioner,,DEM,Total Votes,186,52,134,0
Monroe,"Erie Township, Precinct 1",County Drain Commissioner,,DEM,Ballots Cast,672,249,423,0
Monroe,"Erie Township, Precinct 2",County Drain Commissioner,,DEM,David P. Thompson,104,18,86,0
Monroe,"Erie Township, Precinct 2",County Drain Commissioner,,DEM,Total Votes,104,18,86,0
Monroe,"Erie Township, Precinct 2",County Drain Commissioner,,DEM,Ballots Cast,402,164,238,0
Monroe,"Exeter Township, Precinct 1",County Drain Commissioner,,DEM,David P. Thompson,125,125,0,0
Monroe,"Exeter Township, Precinct 1",County Drain Commissioner,,DEM,Total Votes,125,125,0,0
Monroe,"Exeter Township, Precinct 1",County Drain Commissioner,,DEM,Ballots Cast,396,396,0,0
Monroe,"Exeter Township, Precinct 2",County Drain Commissioner,,DEM,David P. Thompson,165,165,0,0
Monroe,"Exeter Township, Precinct 2",County Drain Commissioner,,DEM,Total Votes,165,165,0,0
Monroe,"Exeter Township, Precinct 2",County Drain Commissioner,,DEM,Ballots Cast,475,475,0,0
Monroe,"Frenchtown Township, Precinct 1",County Drain Commissioner,,DEM,David P. Thompson,84,20,64,0
Monroe,"Frenchtown Township, Precinct 1",County Drain Commissioner,,DEM,Total Votes,84,20,64,0
Monroe,"Frenchtown Township, Precinct 1",County Drain Commissioner,,DEM,Write-In,1,1,0,0
Monroe,"Frenchtown Township, Precinct 1",County Drain Commissioner,,DEM,Ballots Cast,307,126,181,0
Monroe,"Frenchtown Township, Precinct 2",County Drain Commissioner,,DEM,David P. Thompson,139,27,112,0
Monroe,"Frenchtown Township, Precinct 2",County Drain Commissioner,,DEM,Total Votes,139,27,112,0
Monroe,"Frenchtown Township, Precinct 2",County Drain Commissioner,,DEM,Ballots Cast,384,141,243,0
Monroe,"Frenchtown Township, Precinct 3",County Drain Commissioner,,DEM,David P. Thompson,128,20,108,0
Monroe,"Frenchtown Township, Precinct 3",County Drain Commissioner,,DEM,Total Votes,128,20,108,0
Monroe,"Frenchtown Township, Precinct 3",County Drain Commissioner,,DEM,Write-In,1,1,0,0
Monroe,"Frenchtown Township, Precinct 3",County Drain Commissioner,,DEM,Ballots Cast,465,151,314,0
Monroe,"Frenchtown Township, Precinct 4",County Drain Commissioner,,DEM,David P. Thompson,225,25,200,0
Monroe,"Frenchtown Township, Precinct 4",County Drain Commissioner,,DEM,Total Votes,225,25,200,0
Monroe,"Frenchtown Township, Precinct 4",County Drain Commissioner,,DEM,Write-In,1,0,1,0
Monroe,"Frenchtown Township, Precinct 4",County Drain Commissioner,,DEM,Ballots Cast,657,154,503,0
Monroe,"Frenchtown Township, Precinct 5",County Drain Commissioner,,DEM,David P. Thompson,170,28,142,0
Monroe,"Frenchtown Township, Precinct 5",County Drain Commissioner,,DEM,Total Votes,170,28,142,0
Monroe,"Frenchtown Township, Precinct 5",County Drain Commissioner,,DEM,Write-In,1,1,0,0
Monroe,"Frenchtown Township, Precinct 5",County Drain Commissioner,,DEM,Ballots Cast,417,139,278,0
Monroe,"Frenchtown Township, Precinct 6",County Drain Commissioner,,DEM,David P. Thompson,196,42,154,0
Monroe,"Frenchtown Township, Precinct 6",County Drain Commissioner,,DEM,Total Votes,196,42,154,0
Monroe,"Frenchtown Township, Precinct 6",County Drain Commissioner,,DEM,Ballots Cast,625,230,395,0
Monroe,"Frenchtown Township, Precinct 7",County Drain Commissioner,,DEM,David P. Thompson,346,48,298,0
Monroe,"Frenchtown Township, Precinct 7",County Drain Commissioner,,DEM,Total Votes,346,48,298,0
Monroe,"Frenchtown Township, Precinct 7",County Drain Commissioner,,DEM,Write-In,1,0,1,0
Monroe,"Frenchtown Township, Precinct 7",County Drain Commissioner,,DEM,Ballots Cast,1005,238,767,0
Monroe,"Frenchtown Township, Precinct 8",County Drain Commissioner,,DEM,David P. Thompson,155,38,117,0
Monroe,"Frenchtown Township, Precinct 8",County Drain Commissioner,,DEM,Total Votes,155,38,117,0
Monroe,"Frenchtown Township, Precinct 8",County Drain Commissioner,,DEM,Ballots Cast,488,175,313,0
Monroe,"Frenchtown Township, Precinct 9",County Drain Commissioner,,DEM,David P. Thompson,144,30,114,0
Monroe,"Frenchtown Township, Precinct 9",County Drain Commissioner,,DEM,Total Votes,144,30,114,0
Monroe,"Frenchtown Township, Precinct 9",County Drain Commissioner,,DEM,Write-In,1,0,1,0
Monroe,"Frenchtown Township, Precinct 9",County Drain Commissioner,,DEM,Ballots Cast,313,89,224,0
Monroe,"Ida Township, Precinct 1",County Drain Commissioner,,DEM,David P. Thompson,144,41,103,0
Monroe,"Ida Township, Precinct 1",County Drain Commissioner,,DEM,Total Votes,144,41,103,0
Monroe,"Ida Township, Precinct 1",County Drain Commissioner,,DEM,Write-In,1,1,0,0
Monroe,"Ida Township, Precinct 1",County Drain Commissioner,,DEM,Ballots Cast,618,272,346,0
Monroe,"Ida Township, Precinct 2",County Drain Commissioner,,DEM,David P. Thompson,174,53,121,0
Monroe,"Ida Township, Precinct 2",County Drain Commissioner,,DEM,Total Votes,174,53,121,0
Monroe,"Ida Township, Precinct 2",County Drain Commissioner,,DEM,Write-In,1,0,1,0
Monroe,"Ida Township, Precinct 2",County Drain Commissioner,,DEM,Ballots Cast,687,293,394,0
Monroe,"La Salle Township, Precinct 1",County Drain Commissioner,,DEM,David P. Thompson,128,26,102,0
Monroe,"La Salle Township, Precinct 1",County Drain Commissioner,,DEM,Total Votes,128,26,102,0
Monroe,"La Salle Township, Precinct 1",County Drain Commissioner,,DEM,Ballots Cast,672,253,419,0
Monroe,"La Salle Township, Precinct 2",County Drain Commissioner,,DEM,David P. Thompson,196,51,145,0
Monroe,"La Salle Township, Precinct 2",County Drain Commissioner,,DEM,Total Votes,196,51,145,0
Monroe,"La Salle Township, Precinct 2",County Drain Commissioner,,DEM,Write-In,1,0,1,0
Monroe,"La Salle Township, Precinct 2",County Drain Commissioner,,DEM,Ballots Cast,779,325,454,0
Monroe,"London Township, Precinct 1",County Drain Commissioner,,DEM,David P. Thompson,233,233,0,0
Monroe,"London Township, Precinct 1",County Drain Commissioner,,DEM,Total Votes,233,233,0,0
Monroe,"London Township, Precinct 1",County Drain Commissioner,,DEM,Write-In,2,2,0,0
Monroe,"London Township, Precinct 1",County Drain Commissioner,,DEM,Ballots Cast,834,834,0,0
Monroe,"Milan Township, Precinct 1",County Drain Commissioner,,DEM,David P. Thompson,139,139,0,0
Monroe,"Milan Township, Precinct 1",County Drain Commissioner,,DEM,Total Votes,139,139,0,0
Monroe,"Milan Township, Precinct 1",County Drain Commissioner,,DEM,Ballots Cast,451,451,0,0
Monroe,"Monroe Township, Precinct 1",County Drain Commissioner,,DEM,David P. Thompson,209,40,169,0
Monroe,"Monroe Township, Precinct 1",County Drain Commissioner,,DEM,Total Votes,209,40,169,0
Monroe,"Monroe Township, Precinct 1",County Drain Commissioner,,DEM,Write-In,1,1,0,0
Monroe,"Monroe Township, Precinct 1",County Drain Commissioner,,DEM,Ballots Cast,452,114,338,0
Monroe,"Monroe Township, Precinct 2",County Drain Commissioner,,DEM,David P. Thompson,112,21,91,0
Monroe,"Monroe Township, Precinct 2",County Drain Commissioner,,DEM,Total Votes,112,21,91,0
Monroe,"Monroe Township, Precinct 2",County Drain Commissioner,,DEM,Ballots Cast,248,75,173,0
Monroe,"Monroe Township, Precinct 3",County Drain Commissioner,,DEM,David P. Thompson,177,33,144,0
Monroe,"Monroe Township, Precinct 3",County Drain Commissioner,,DEM,Total Votes,177,33,144,0
Monroe,"Monroe Township, Precinct 3",County Drain Commissioner,,DEM,Ballots Cast,454,146,308,0
Monroe,"Monroe Township, Precinct 4",County Drain Commissioner,,DEM,David P. Thompson,241,51,190,0
Monroe,"Monroe Township, Precinct 4",County Drain Commissioner,,DEM,Total Votes,241,51,190,0
Monroe,"Monroe Township, Precinct 4",County Drain Commissioner,,DEM,Write-In,4,2,2,0
Monroe,"Monroe Township, Precinct 4",County Drain Commissioner,,DEM,Ballots Cast,577,186,391,0
Monroe,"Monroe Township, Precinct 5",County Drain Commissioner,,DEM,David P. Thompson,282,33,249,0
Monroe,"Monroe Township, Precinct 5",County Drain Commissioner,,DEM,Total Votes,282,33,249,0
Monroe,"Monroe Township, Precinct 5",County Drain Commissioner,,DEM,Write-In,2,0,2,0
Monroe,"Monroe Township, Precinct 5",County Drain Commissioner,,DEM,Ballots Cast,831,242,589,0
Monroe,"Monroe Township, Precinct 6",County Drain Commissioner,,DEM,David P. Thompson,201,31,170,0
Monroe,"Monroe Township, Precinct 6",County Drain Commissioner,,DEM,Total Votes,201,31,170,0
Monroe,"Monroe Township, Precinct 6",County Drain Commissioner,,DEM,Write-In,2,2,0,0
Monroe,"Monroe Township, Precinct 6",County Drain Commissioner,,DEM,Ballots Cast,538,141,397,0
Monroe,"Raisinville Township, Precinct 1",County Drain Commissioner,,DEM,David P. Thompson,226,30,196,0
Monroe,"Raisinville Township, Precinct 1",County Drain Commissioner,,DEM,Total Votes,226,30,196,0
Monroe,"Raisinville Township, Precinct 1",County Drain Commissioner,,DEM,Ballots Cast,833,241,592,0
Monroe,"Raisinville Township, Precinct 2",County Drain Commissioner,,DEM,David P. Thompson,282,63,219,0
Monroe,"Raisinville Township, Precinct 2",County Drain Commissioner,,DEM,Total Votes,282,63,219,0
Monroe,"Raisinville Township, Precinct 2",County Drain Commissioner,,DEM,Write-In,2,0,2,0
Monroe,"Raisinville Township, Precinct 2",County Drain Commissioner,,DEM,Ballots Cast,791,271,520,0
Monroe,"Summerfield Township, Precinct 1",County Drain Commissioner,,DEM,David P. Thompson,172,172,0,0
Monroe,"Summerfield Township, Precinct 1",County Drain Commissioner,,DEM,Total Votes,172,172,0,0
Monroe,"Summerfield Township, Precinct 1",County Drain Commissioner,,DEM,Write-In,1,1,0,0
Monroe,"Summerfield Township, Precinct 1",County Drain Commissioner,,DEM,Ballots Cast,984,984,0,0
Monroe,"Whiteford Township, Precinct 1",County Drain Commissioner,,DEM,David P. Thompson,151,44,107,0
Monroe,"Whiteford Township, Precinct 1",County Drain Commissioner,,DEM,Total Votes,151,44,107,0
Monroe,"Whiteford Township, Precinct 1",County Drain Commissioner,,DEM,Ballots Cast,518,213,305,0
Monroe,"Whiteford Township, Precinct 2",County Drain Commissioner,,DEM,David P. Thompson,75,22,53,0
Monroe,"Whiteford Township, Precinct 2",County Drain Commissioner,,DEM,Total Votes,75,22,53,0
Monroe,"Whiteford Township, Precinct 2",County Drain Commissioner,,DEM,Write-In,1,1,0,0
Monroe,"Whiteford Township, Precinct 2",County Drain Commissioner,,DEM,Ballots Cast,385,170,215,0
Monroe,"Ash Township, Precinct 1",County Surveyor,,DEM,Scott Warnke,228,228,0,0
Monroe,"Ash Township, Precinct 1",County Surveyor,,DEM,Total Votes,228,228,0,0
Monroe,"Ash Township, Precinct 1",County Surveyor,,DEM,Write-In,1,1,0,0
Monroe,"Ash Township, Precinct 1",County Surveyor,,DEM,Ballots Cast,664,664,0,0
Monroe,"Ash Township, Precinct 2",County Surveyor,,DEM,Scott Warnke,241,241,0,0
Monroe,"Ash Township, Precinct 2",County Surveyor,,DEM,Total Votes,241,241,0,0
Monroe,"Ash Township, Precinct 2",County Surveyor,,DEM,Ballots Cast,732,732,0,0
Monroe,"Ash Township, Precinct 3",County Surveyor,,DEM,Scott Warnke,184,184,0,0
Monroe,"Ash Township, Precinct 3",County Surveyor,,DEM,Total Votes,184,184,0,0
Monroe,"Ash Township, Precinct 3",County Surveyor,,DEM,Ballots Cast,593,593,0,0
Monroe,"Bedford Township, Precinct 1",County Surveyor,,DEM,Scott Warnke,100,34,66,0
Monroe,"Bedford Township, Precinct 1",County Surveyor,,DEM,Total Votes,100,34,66,0
Monroe,"Bedford Township, Precinct 1",County Surveyor,,DEM,Ballots Cast,338,169,169,0
Monroe,"Bedford Township, Precinct 10",County Surveyor,,DEM,Scott Warnke,134,35,99,0
Monroe,"Bedford Township, Precinct 10",County Surveyor,,DEM,Total Votes,134,35,99,0
Monroe,"Bedford Township, Precinct 10",County Surveyor,,DEM,Ballots Cast,470,192,278,0
Monroe,"Bedford Township, Precinct 11",County Surveyor,,DEM,Scott Warnke,202,58,144,0
Monroe,"Bedford Township, Precinct 11",County Surveyor,,DEM,Total Votes,202,58,144,0
Monroe,"Bedford Township, Precinct 11",County Surveyor,,DEM,Write-In,1,1,0,0
Monroe,"Bedford Township, Precinct 11",County Surveyor,,DEM,Ballots Cast,805,356,449,0
Monroe,"Bedford Township, Precinct 12",County Surveyor,,DEM,Scott Warnke,194,53,141,0
Monroe,"Bedford Township, Precinct 12",County Surveyor,,DEM,Total Votes,194,53,141,0
Monroe,"Bedford Township, Precinct 12",County Surveyor,,DEM,Ballots Cast,578,218,360,0
Monroe,"Bedford Township, Precinct 13",County Surveyor,,DEM,Scott Warnke,190,57,133,0
Monroe,"Bedford Township, Precinct 13",County Surveyor,,DEM,Total Votes,190,57,133,0
Monroe,"Bedford Township, Precinct 13",County Surveyor,,DEM,Ballots Cast,662,292,370,0
Monroe,"Bedford Township, Precinct 14",County Surveyor,,DEM,Scott Warnke,160,38,122,0
Monroe,"Bedford Township, Precinct 14",County Surveyor,,DEM,Total Votes,160,38,122,0
Monroe,"Bedford Township, Precinct 14",County Surveyor,,DEM,Ballots Cast,403,145,258,0
Monroe,"Bedford Township, Precinct 2",County Surveyor,,DEM,Scott Warnke,174,48,126,0
Monroe,"Bedford Township, Precinct 2",County Surveyor,,DEM,Total Votes,174,48,126,0
Monroe,"Bedford Township, Precinct 2",County Surveyor,,DEM,Write-In,1,1,0,0
Monroe,"Bedford Township, Precinct 2",County Surveyor,,DEM,Ballots Cast,641,246,395,0
Monroe,"Bedford Township, Precinct 3",County Surveyor,,DEM,Scott Warnke,170,51,119,0
Monroe,"Bedford Township, Precinct 3",County Surveyor,,DEM,Total Votes,170,51,119,0
Monroe,"Bedford Township, Precinct 3",County Surveyor,,DEM,Ballots Cast,588,288,300,0
Monroe,"Bedford Township, Precinct 4",County Surveyor,,DEM,Scott Warnke,247,55,192,0
Monroe,"Bedford Township, Precinct 4",County Surveyor,,DEM,Total Votes,247,55,192,0
Monroe,"Bedford Township, Precinct 4",County Surveyor,,DEM,Write-In,1,0,1,0
Monroe,"Bedford Township, Precinct 4",County Surveyor,,DEM,Ballots Cast,763,283,480,0
Monroe,"Bedford Township, Precinct 5",County Surveyor,,DEM,Scott Warnke,225,52,173,0
Monroe,"Bedford Township, Precinct 5",County Surveyor,,DEM,Total Votes,225,52,173,0
Monroe,"Bedford Township, Precinct 5",County Surveyor,,DEM,Ballots Cast,647,250,397,0
Monroe,"Bedford Township, Precinct 6",County Surveyor,,DEM,Scott Warnke,285,71,214,0
Monroe,"Bedford Township, Precinct 6",County Surveyor,,DEM,Total Votes,285,71,214,0
Monroe,"Bedford Township, Precinct 6",County Surveyor,,DEM,Write-In,1,0,1,0
Monroe,"Bedford Township, Precinct 6",County Surveyor,,DEM,Ballots Cast,937,407,530,0
Monroe,"Bedford Township, Precinct 7",County Surveyor,,DEM,Scott Warnke,218,45,173,0
Monroe,"Bedford Township, Precinct 7",County Surveyor,,DEM,Total Votes,218,45,173,0
Monroe,"Bedford Township, Precinct 7",County Surveyor,,DEM,Write-In,1,1,0,0
Monroe,"Bedford Township, Precinct 7",County Surveyor,,DEM,Ballots Cast,739,263,476,0
Monroe,"Bedford Township, Precinct 8",County Surveyor,,DEM,Scott Warnke,246,71,175,0
Monroe,"Bedford Township, Precinct 8",County Surveyor,,DEM,Total Votes,246,71,175,0
Monroe,"Bedford Township, Precinct 8",County Surveyor,,DEM,Write-In,1,1,0,0
Monroe,"Bedford Township, Precinct 8",County Surveyor,,DEM,Ballots Cast,814,291,523,0
Monroe,"Bedford Township, Precinct 9",County Surveyor,,DEM,Scott Warnke,174,34,140,0
Monroe,"Bedford Township, Precinct 9",County Surveyor,,DEM,Total Votes,174,34,140,0
Monroe,"Bedford Township, Precinct 9",County Surveyor,,DEM,Ballots Cast,535,190,345,0
Monroe,"Berlin Township, Precinct 1",County Surveyor,,DEM,Scott Warnke,167,167,0,0
Monroe,"Berlin Township, Precinct 1",County Surveyor,,DEM,Total Votes,167,167,0,0
Monroe,"Berlin Township, Precinct 1",County Surveyor,,DEM,Ballots Cast,444,444,0,0
Monroe,"Berlin Township, Precinct 2",County Surveyor,,DEM,Scott Warnke,270,270,0,0
Monroe,"Berlin Township, Precinct 2",County Surveyor,,DEM,Total Votes,270,270,0,0
Monroe,"Berlin Township, Precinct 2",County Surveyor,,DEM,Ballots Cast,731,731,0,0
Monroe,"Berlin Township, Precinct 3",County Surveyor,,DEM,Scott Warnke,136,136,0,0
Monroe,"Berlin Township, Precinct 3",County Surveyor,,DEM,Total Votes,136,136,0,0
Monroe,"Berlin Township, Precinct 3",County Surveyor,,DEM,Ballots Cast,407,407,0,0
Monroe,"Berlin Township, Precinct 4",County Surveyor,,DEM,Scott Warnke,197,197,0,0
Monroe,"Berlin Township, Precinct 4",County Surveyor,,DEM,Total Votes,197,197,0,0
Monroe,"Berlin Township, Precinct 4",County Surveyor,,DEM,Write-In,1,1,0,0
Monroe,"Berlin Township, Precinct 4",County Surveyor,,DEM,Ballots Cast,582,582,0,0
Monroe,"City of Luna Pier, Precinct 1",County Surveyor,,DEM,Scott Warnke,145,145,0,0
Monroe,"City of Luna Pier, Precinct 1",County Surveyor,,DEM,Total Votes,145,145,0,0
Monroe,"City of Luna Pier, Precinct 1",County Surveyor,,DEM,Ballots Cast,372,372,0,0
Monroe,"City of Milan, Precinct 1",County Surveyor,,DEM,Scott Warnke,216,216,0,0
Monroe,"City of Milan, Precinct 1",County Surveyor,,DEM,Total Votes,216,216,0,0
Monroe,"City of Milan, Precinct 1",County Surveyor,,DEM,Ballots Cast,423,423,0,0
Monroe,"City of Monroe, Precinct 1",County Surveyor,,DEM,Scott Warnke,307,52,255,0
Monroe,"City of Monroe, Precinct 1",County Surveyor,,DEM,Total Votes,307,52,255,0
Monroe,"City of Monroe, Precinct 1",County Surveyor,,DEM,Write-In,1,1,0,0
Monroe,"City of Monroe, Precinct 1",County Surveyor,,DEM,Ballots Cast,608,158,450,0
Monroe,"City of Monroe, Precinct 2",County Surveyor,,DEM,Scott Warnke,215,64,151,0
Monroe,"City of Monroe, Precinct 2",County Surveyor,,DEM,Total Votes,215,64,151,0
Monroe,"City of Monroe, Precinct 2",County Surveyor,,DEM,Write-In,1,0,1,0
Monroe,"City of Monroe, Precinct 2",County Surveyor,,DEM,Ballots Cast,487,180,307,0
Monroe,"City of Monroe, Precinct 3N",County Surveyor,,DEM,Scott Warnke,133,42,91,0
Monroe,"City of Monroe, Precinct 3N",County Surveyor,,DEM,Total Votes,133,42,91,0
Monroe,"City of Monroe, Precinct 3N",County Surveyor,,DEM,Ballots Cast,288,116,172,0
Monroe,"City of Monroe, Precinct 3S",County Surveyor,,DEM,Scott Warnke,129,51,78,0
Monroe,"City of Monroe, Precinct 3S",County Surveyor,,DEM,Total Votes,129,51,78,0
Monroe,"City of Monroe, Precinct 3S",County Surveyor,,DEM,Ballots Cast,213,88,125,0
Monroe,"City of Monroe, Precinct 4",County Surveyor,,DEM,Scott Warnke,411,72,339,0
Monroe,"City of Monroe, Precinct 4",County Surveyor,,DEM,Total Votes,411,72,339,0
Monroe,"City of Monroe, Precinct 4",County Surveyor,,DEM,Write-In,3,3,0,0
Monroe,"City of Monroe, Precinct 4",County Surveyor,,DEM,Ballots Cast,872,283,589,0
Monroe,"City of Monroe, Precinct 5",County Surveyor,,DEM,Scott Warnke,438,61,377,0
Monroe,"City of Monroe, Precinct 5",County Surveyor,,DEM,Total Votes,438,61,377,0
Monroe,"City of Monroe, Precinct 5",County Surveyor,,DEM,Write-In,1,0,1,0
Monroe,"City of Monroe, Precinct 5",County Surveyor,,DEM,Ballots Cast,956,226,730,0
Monroe,"City of Monroe, Precinct 6",County Surveyor,,DEM,Scott Warnke,284,65,219,0
Monroe,"City of Monroe, Precinct 6",County Surveyor,,DEM,Total Votes,284,65,219,0
Monroe,"City of Monroe, Precinct 6",County Surveyor,,DEM,Ballots Cast,692,212,480,0
Monroe,"City of Petersburg, Precinct 1",County Surveyor,,DEM,Scott Warnke,106,106,0,0
Monroe,"City of Petersburg, Precinct 1",County Surveyor,,DEM,Total Votes,106,106,0,0
Monroe,"City of Petersburg, Precinct 1",County Surveyor,,DEM,Ballots Cast,268,268,0,0
Monroe,"Dundee Township, Precinct 1",County Surveyor,,DEM,Scott Warnke,160,160,0,0
Monroe,"Dundee Township, Precinct 1",County Surveyor,,DEM,Total Votes,160,160,0,0
Monroe,"Dundee Township, Precinct 1",County Surveyor,,DEM,Ballots Cast,467,467,0,0
Monroe,"Dundee Township, Precinct 2",County Surveyor,,DEM,Scott Warnke,212,212,0,0
Monroe,"Dundee Township, Precinct 2",County Surveyor,,DEM,Total Votes,212,212,0,0
Monroe,"Dundee Township, Precinct 2",County Surveyor,,DEM,Ballots Cast,654,654,0,0
Monroe,"Dundee Township, Precinct 3",County Surveyor,,DEM,Scott Warnke,244,244,0,0
Monroe,"Dundee Township, Precinct 3",County Surveyor,,DEM,Total Votes,244,244,0,0
Monroe,"Dundee Township, Precinct 3",County Surveyor,,DEM,Ballots Cast,692,692,0,0
Monroe,"Erie Township, Precinct 1",County Surveyor,,DEM,Scott Warnke,186,51,135,0
Monroe,"Erie Township, Precinct 1",County Surveyor,,DEM,Total Votes,186,51,135,0
Monroe,"Erie Township, Precinct 1",County Surveyor,,DEM,Ballots Cast,672,249,423,0
Monroe,"Erie Township, Precinct 2",County Surveyor,,DEM,Scott Warnke,104,18,86,0
Monroe,"Erie Township, Precinct 2",County Surveyor,,DEM,Total Votes,104,18,86,0
Monroe,"Erie Township, Precinct 2",County Surveyor,,DEM,Ballots Cast,402,164,238,0
Monroe,"Exeter Township, Precinct 1",County Surveyor,,DEM,Scott Warnke,120,120,0,0
Monroe,"Exeter Township, Precinct 1",County Surveyor,,DEM,Total Votes,120,120,0,0
Monroe,"Exeter Township, Precinct 1",County Surveyor,,DEM,Ballots Cast,396,396,0,0
Monroe,"Exeter Township, Precinct 2",County Surveyor,,DEM,Scott Warnke,166,166,0,0
Monroe,"Exeter Township, Precinct 2",County Surveyor,,DEM,Total Votes,166,166,0,0
Monroe,"Exeter Township, Precinct 2",County Surveyor,,DEM,Ballots Cast,475,475,0,0
Monroe,"Frenchtown Township, Precinct 1",County Surveyor,,DEM,Scott Warnke,81,18,63,0
Monroe,"Frenchtown Township, Precinct 1",County Surveyor,,DEM,Total Votes,81,18,63,0
Monroe,"Frenchtown Township, Precinct 1",County Surveyor,,DEM,Write-In,1,1,0,0
Monroe,"Frenchtown Township, Precinct 1",County Surveyor,,DEM,Ballots Cast,307,126,181,0
Monroe,"Frenchtown Township, Precinct 2",County Surveyor,,DEM,Scott Warnke,135,28,107,0
Monroe,"Frenchtown Township, Precinct 2",County Surveyor,,DEM,Total Votes,135,28,107,0
Monroe,"Frenchtown Township, Precinct 2",County Surveyor,,DEM,Ballots Cast,384,141,243,0
Monroe,"Frenchtown Township, Precinct 3",County Surveyor,,DEM,Scott Warnke,125,20,105,0
Monroe,"Frenchtown Township, Precinct 3",County Surveyor,,DEM,Total Votes,125,20,105,0
Monroe,"Frenchtown Township, Precinct 3",County Surveyor,,DEM,Write-In,1,1,0,0
Monroe,"Frenchtown Township, Precinct 3",County Surveyor,,DEM,Ballots Cast,465,151,314,0
Monroe,"Frenchtown Township, Precinct 4",County Surveyor,,DEM,Scott Warnke,229,26,203,0
Monroe,"Frenchtown Township, Precinct 4",County Surveyor,,DEM,Total Votes,229,26,203,0
Monroe,"Frenchtown Township, Precinct 4",County Surveyor,,DEM,Write-In,1,0,1,0
Monroe,"Frenchtown Township, Precinct 4",County Surveyor,,DEM,Ballots Cast,657,154,503,0
Monroe,"Frenchtown Township, Precinct 5",County Surveyor,,DEM,Scott Warnke,171,28,143,0
Monroe,"Frenchtown Township, Precinct 5",County Surveyor,,DEM,Total Votes,171,28,143,0
Monroe,"Frenchtown Township, Precinct 5",County Surveyor,,DEM,Write-In,1,1,0,0
Monroe,"Frenchtown Township, Precinct 5",County Surveyor,,DEM,Ballots Cast,417,139,278,0
Monroe,"Frenchtown Township, Precinct 6",County Surveyor,,DEM,Scott Warnke,194,43,151,0
Monroe,"Frenchtown Township, Precinct 6",County Surveyor,,DEM,Total Votes,194,43,151,0
Monroe,"Frenchtown Township, Precinct 6",County Surveyor,,DEM,Ballots Cast,625,230,395,0
Monroe,"Frenchtown Township, Precinct 7",County Surveyor,,DEM,Scott Warnke,333,47,286,0
Monroe,"Frenchtown Township, Precinct 7",County Surveyor,,DEM,Total Votes,333,47,286,0
Monroe,"Frenchtown Township, Precinct 7",County Surveyor,,DEM,Write-In,1,1,0,0
Monroe,"Frenchtown Township, Precinct 7",County Surveyor,,DEM,Ballots Cast,1005,238,767,0
Monroe,"Frenchtown Township, Precinct 8",County Surveyor,,DEM,Scott Warnke,152,38,114,0
Monroe,"Frenchtown Township, Precinct 8",County Surveyor,,DEM,Total Votes,152,38,114,0
Monroe,"Frenchtown Township, Precinct 8",County Surveyor,,DEM,Ballots Cast,488,175,313,0
Monroe,"Frenchtown Township, Precinct 9",County Surveyor,,DEM,Scott Warnke,136,28,108,0
Monroe,"Frenchtown Township, Precinct 9",County Surveyor,,DEM,Total Votes,136,28,108,0
Monroe,"Frenchtown Township, Precinct 9",County Surveyor,,DEM,Write-In,3,2,1,0
Monroe,"Frenchtown Township, Precinct 9",County Surveyor,,DEM,Ballots Cast,313,89,224,0
Monroe,"Ida Township, Precinct 1",County Surveyor,,DEM,Scott Warnke,140,38,102,0
Monroe,"Ida Township, Precinct 1",County Surveyor,,DEM,Total Votes,140,38,102,0
Monroe,"Ida Township, Precinct 1",County Surveyor,,DEM,Ballots Cast,618,272,346,0
Monroe,"Ida Township, Precinct 2",County Surveyor,,DEM,Scott Warnke,172,50,122,0
Monroe,"Ida Township, Precinct 2",County Surveyor,,DEM,Total Votes,172,50,122,0
Monroe,"Ida Township, Precinct 2",County Surveyor,,DEM,Write-In,2,1,1,0
Monroe,"Ida Township, Precinct 2",County Surveyor,,DEM,Ballots Cast,687,293,394,0
Monroe,"La Salle Township, Precinct 1",County Surveyor,,DEM,Scott Warnke,129,25,104,0
Monroe,"La Salle Township, Precinct 1",County Surveyor,,DEM,Total Votes,129,25,104,0
Monroe,"La Salle Township, Precinct 1",County Surveyor,,DEM,Ballots Cast,672,253,419,0
Monroe,"La Salle Township, Precinct 2",County Surveyor,,DEM,Scott Warnke,190,49,141,0
Monroe,"La Salle Township, Precinct 2",County Surveyor,,DEM,Total Votes,190,49,141,0
Monroe,"La Salle Township, Precinct 2",County Surveyor,,DEM,Ballots Cast,779,325,454,0
Monroe,"London Township, Precinct 1",County Surveyor,,DEM,Scott Warnke,234,234,0,0
Monroe,"London Township, Precinct 1",County Surveyor,,DEM,Total Votes,234,234,0,0
Monroe,"London Township, Precinct 1",County Surveyor,,DEM,Ballots Cast,834,834,0,0
Monroe,"Milan Township, Precinct 1",County Surveyor,,DEM,Scott Warnke,140,140,0,0
Monroe,"Milan Township, Precinct 1",County Surveyor,,DEM,Total Votes,140,140,0,0
Monroe,"Milan Township, Precinct 1",County Surveyor,,DEM,Ballots Cast,451,451,0,0
Monroe,"Monroe Township, Precinct 1",County Surveyor,,DEM,Scott Warnke,204,40,164,0
Monroe,"Monroe Township, Precinct 1",County Surveyor,,DEM,Total Votes,204,40,164,0
Monroe,"Monroe Township, Precinct 1",County Surveyor,,DEM,Ballots Cast,452,114,338,0
Monroe,"Monroe Township, Precinct 2",County Surveyor,,DEM,Scott Warnke,111,21,90,0
Monroe,"Monroe Township, Precinct 2",County Surveyor,,DEM,Total Votes,111,21,90,0
Monroe,"Monroe Township, Precinct 2",County Surveyor,,DEM,Ballots Cast,248,75,173,0
Monroe,"Monroe Township, Precinct 3",County Surveyor,,DEM,Scott Warnke,173,35,138,0
Monroe,"Monroe Township, Precinct 3",County Surveyor,,DEM,Total Votes,173,35,138,0
Monroe,"Monroe Township, Precinct 3",County Surveyor,,DEM,Ballots Cast,454,146,308,0
Monroe,"Monroe Township, Precinct 4",County Surveyor,,DEM,Scott Warnke,236,51,185,0
Monroe,"Monroe Township, Precinct 4",County Surveyor,,DEM,Total Votes,236,51,185,0
Monroe,"Monroe Township, Precinct 4",County Surveyor,,DEM,Write-In,5,2,3,0
Monroe,"Monroe Township, Precinct 4",County Surveyor,,DEM,Ballots Cast,577,186,391,0
Monroe,"Monroe Township, Precinct 5",County Surveyor,,DEM,Scott Warnke,273,33,240,0
Monroe,"Monroe Township, Precinct 5",County Surveyor,,DEM,Total Votes,273,33,240,0
Monroe,"Monroe Township, Precinct 5",County Surveyor,,DEM,Write-In,2,0,2,0
Monroe,"Monroe Township, Precinct 5",County Surveyor,,DEM,Ballots Cast,831,242,589,0
Monroe,"Monroe Township, Precinct 6",County Surveyor,,DEM,Scott Warnke,194,31,163,0
Monroe,"Monroe Township, Precinct 6",County Surveyor,,DEM,Total Votes,194,31,163,0
Monroe,"Monroe Township, Precinct 6",County Surveyor,,DEM,Write-In,1,1,0,0
Monroe,"Monroe Township, Precinct 6",County Surveyor,,DEM,Ballots Cast,538,141,397,0
Monroe,"Raisinville Township, Precinct 1",County Surveyor,,DEM,Scott Warnke,226,29,197,0
Monroe,"Raisinville Township, Precinct 1",County Surveyor,,DEM,Total Votes,226,29,197,0
Monroe,"Raisinville Township, Precinct 1",County Surveyor,,DEM,Ballots Cast,833,241,592,0
Monroe,"Raisinville Township, Precinct 2",County Surveyor,,DEM,Scott Warnke,282,60,222,0
Monroe,"Raisinville Township, Precinct 2",County Surveyor,,DEM,Total Votes,282,60,222,0
Monroe,"Raisinville Township, Precinct 2",County Surveyor,,DEM,Write-In,1,0,1,0
Monroe,"Raisinville Township, Precinct 2",County Surveyor,,DEM,Ballots Cast,791,271,520,0
Monroe,"Summerfield Township, Precinct 1",County Surveyor,,DEM,Scott Warnke,166,166,0,0
Monroe,"Summerfield Township, Precinct 1",County Surveyor,,DEM,Total Votes,166,166,0,0
Monroe,"Summerfield Township, Precinct 1",County Surveyor,,DEM,Write-In,1,1,0,0
Monroe,"Summerfield Township, Precinct 1",County Surveyor,,DEM,Ballots Cast,984,984,0,0
Monroe,"Whiteford Township, Precinct 1",County Surveyor,,DEM,Scott Warnke,154,44,110,0
Monroe,"Whiteford Township, Precinct 1",County Surveyor,,DEM,Total Votes,154,44,110,0
Monroe,"Whiteford Township, Precinct 1",County Surveyor,,DEM,Ballots Cast,518,213,305,0
Monroe,"Whiteford Township, Precinct 2",County Surveyor,,DEM,Scott Warnke,75,22,53,0
Monroe,"Whiteford Township, Precinct 2",County Surveyor,,DEM,Total Votes,75,22,53,0
Monroe,"Whiteford Township, Precinct 2",County Surveyor,,DEM,Write-In,1,1,0,0
Monroe,"Whiteford Township, Precinct 2",County Surveyor,,DEM,Ballots Cast,385,170,215,0
Monroe,"City of Petersburg, Precinct 1",County Commissioner 1st District,,DEM,Write-In,9,9,0,0
Monroe,"City of Petersburg, Precinct 1",County Commissioner 1st District,,DEM,Ballots Cast,268,268,0,0
Monroe,"Dundee Township, Precinct 1",County Commissioner 1st District,,DEM,Write-In,15,15,0,0
Monroe,"Dundee Township, Precinct 1",County Commissioner 1st District,,DEM,Ballots Cast,467,467,0,0
Monroe,"Dundee Township, Precinct 2",County Commissioner 1st District,,DEM,Write-In,12,12,0,0
Monroe,"Dundee Township, Precinct 2",County Commissioner 1st District,,DEM,Ballots Cast,654,654,0,0
Monroe,"Dundee Township, Precinct 3",County Commissioner 1st District,,DEM,Write-In,27,27,0,0
Monroe,"Dundee Township, Precinct 3",County Commissioner 1st District,,DEM,Ballots Cast,692,692,0,0
Monroe,"Ida Township, Precinct 1",County Commissioner 1st District,,DEM,Write-In,7,5,2,0
Monroe,"Ida Township, Precinct 1",County Commissioner 1st District,,DEM,Ballots Cast,618,272,346,0
Monroe,"Ida Township, Precinct 2",County Commissioner 1st District,,DEM,Write-In,17,9,8,0
Monroe,"Ida Township, Precinct 2",County Commissioner 1st District,,DEM,Ballots Cast,687,293,394,0
Monroe,"Summerfield Township, Precinct 1",County Commissioner 1st District,,DEM,Write-In,18,18,0,0
Monroe,"Summerfield Township, Precinct 1",County Commissioner 1st District,,DEM,Ballots Cast,984,984,0,0
Monroe,"City of Milan, Precinct 1",County Commissioner 2nd District,,DEM,Write-In,12,12,0,0
Monroe,"City of Milan, Precinct 1",County Commissioner 2nd District,,DEM,Ballots Cast,423,423,0,0
Monroe,"Exeter Township, Precinct 1",County Commissioner 2nd District,,DEM,Write-In,16,16,0,0
Monroe,"Exeter Township, Precinct 1",County Commissioner 2nd District,,DEM,Ballots Cast,396,396,0,0
Monroe,"Exeter Township, Precinct 2",County Commissioner 2nd District,,DEM,Write-In,23,23,0,0
Monroe,"Exeter Township, Precinct 2",County Commissioner 2nd District,,DEM,Ballots Cast,475,475,0,0
Monroe,"London Township, Precinct 1",County Commissioner 2nd District,,DEM,Write-In,34,34,0,0
Monroe,"London Township, Precinct 1",County Commissioner 2nd District,,DEM,Ballots Cast,834,834,0,0
Monroe,"Milan Township, Precinct 1",County Commissioner 2nd District,,DEM,Write-In,15,15,0,0
Monroe,"Milan Township, Precinct 1",County Commissioner 2nd District,,DEM,Ballots Cast,451,451,0,0
Monroe,"Raisinville Township, Precinct 1",County Commissioner 2nd District,,DEM,Write-In,22,7,15,0
Monroe,"Raisinville Township, Precinct 1",County Commissioner 2nd District,,DEM,Ballots Cast,833,241,592,0
Monroe,"Raisinville Township, Precinct 2",County Commissioner 2nd District,,DEM,Write-In,21,7,14,0
Monroe,"Raisinville Township, Precinct 2",County Commissioner 2nd District,,DEM,Ballots Cast,791,271,520,0
Monroe,"Ash Township, Precinct 1",County Commissioner 3rd District,,DEM,Timothy P. Duffy,237,237,0,0
Monroe,"Ash Township, Precinct 1",County Commissioner 3rd District,,DEM,Total Votes,237,237,0,0
Monroe,"Ash Township, Precinct 1",County Commissioner 3rd District,,DEM,Write-In,1,1,0,0
Monroe,"Ash Township, Precinct 1",County Commissioner 3rd District,,DEM,Ballots Cast,664,664,0,0
Monroe,"Ash Township, Precinct 2",County Commissioner 3rd District,,DEM,Timothy P. Duffy,252,252,0,0
Monroe,"Ash Township, Precinct 2",County Commissioner 3rd District,,DEM,Total Votes,252,252,0,0
Monroe,"Ash Township, Precinct 2",County Commissioner 3rd District,,DEM,Ballots Cast,732,732,0,0
Monroe,"Ash Township, Precinct 3",County Commissioner 3rd District,,DEM,Timothy P. Duffy,204,204,0,0
Monroe,"Ash Township, Precinct 3",County Commissioner 3rd District,,DEM,Total Votes,204,204,0,0
Monroe,"Ash Township, Precinct 3",County Commissioner 3rd District,,DEM,Ballots Cast,593,593,0,0
Monroe,"Berlin Township, Precinct 1",County Commissioner 3rd District,,DEM,Timothy P. Duffy,176,176,0,0
Monroe,"Berlin Township, Precinct 1",County Commissioner 3rd District,,DEM,Total Votes,176,176,0,0
Monroe,"Berlin Township, Precinct 1",County Commissioner 3rd District,,DEM,Ballots Cast,444,444,0,0
Monroe,"Berlin Township, Precinct 2",County Commissioner 3rd District,,DEM,Timothy P. Duffy,283,283,0,0
Monroe,"Berlin Township, Precinct 2",County Commissioner 3rd District,,DEM,Total Votes,283,283,0,0
Monroe,"Berlin Township, Precinct 2",County Commissioner 3rd District,,DEM,Ballots Cast,731,731,0,0
Monroe,"Berlin Township, Precinct 3",County Commissioner 3rd District,,DEM,Timothy P. Duffy,138,138,0,0
Monroe,"Berlin Township, Precinct 3",County Commissioner 3rd District,,DEM,Total Votes,138,138,0,0
Monroe,"Berlin Township, Precinct 3",County Commissioner 3rd District,,DEM,Ballots Cast,407,407,0,0
Monroe,"Berlin Township, Precinct 4",County Commissioner 3rd District,,DEM,Timothy P. Duffy,207,207,0,0
Monroe,"Berlin Township, Precinct 4",County Commissioner 3rd District,,DEM,Total Votes,207,207,0,0
Monroe,"Berlin Township, Precinct 4",County Commissioner 3rd District,,DEM,Write-In,1,1,0,0
Monroe,"Berlin Township, Precinct 4",County Commissioner 3rd District,,DEM,Ballots Cast,582,582,0,0
Monroe,"Frenchtown Township, Precinct 1",County Commissioner 4th District,,DEM,George Lee Jondro,84,19,65,0
Monroe,"Frenchtown Township, Precinct 1",County Commissioner 4th District,,DEM,Total Votes,84,19,65,0
Monroe,"Frenchtown Township, Precinct 1",County Commissioner 4th District,,DEM,Write-In,1,1,0,0
Monroe,"Frenchtown Township, Precinct 1",County Commissioner 4th District,,DEM,Ballots Cast,307,126,181,0
Monroe,"Frenchtown Township, Precinct 2",County Commissioner 4th District,,DEM,George Lee Jondro,134,27,107,0
Monroe,"Frenchtown Township, Precinct 2",County Commissioner 4th District,,DEM,Total Votes,134,27,107,0
Monroe,"Frenchtown Township, Precinct 2",County Commissioner 4th District,,DEM,Ballots Cast,384,141,243,0
Monroe,"Frenchtown Township, Precinct 3",County Commissioner 4th District,,DEM,George Lee Jondro,128,20,108,0
Monroe,"Frenchtown Township, Precinct 3",County Commissioner 4th District,,DEM,Total Votes,128,20,108,0
Monroe,"Frenchtown Township, Precinct 3",County Commissioner 4th District,,DEM,Write-In,1,1,0,0
Monroe,"Frenchtown Township, Precinct 3",County Commissioner 4th District,,DEM,Ballots Cast,465,151,314,0
Monroe,"Frenchtown Township, Precinct 5",County Commissioner 4th District,,DEM,George Lee Jondro,167,28,139,0
Monroe,"Frenchtown Township, Precinct 5",County Commissioner 4th District,,DEM,Total Votes,167,28,139,0
Monroe,"Frenchtown Township, Precinct 5",County Commissioner 4th District,,DEM,Write-In,1,1,0,0
Monroe,"Frenchtown Township, Precinct 5",County Commissioner 4th District,,DEM,Ballots Cast,417,139,278,0
Monroe,"Frenchtown Township, Precinct 6",County Commissioner 4th District,,DEM,George Lee Jondro,193,43,150,0
Monroe,"Frenchtown Township, Precinct 6",County Commissioner 4th District,,DEM,Total Votes,193,43,150,0
Monroe,"Frenchtown Township, Precinct 6",County Commissioner 4th District,,DEM,Ballots Cast,625,230,395,0
Monroe,"Frenchtown Township, Precinct 7",County Commissioner 4th District,,DEM,George Lee Jondro,334,47,287,0
Monroe,"Frenchtown Township, Precinct 7",County Commissioner 4th District,,DEM,Total Votes,334,47,287,0
Monroe,"Frenchtown Township, Precinct 7",County Commissioner 4th District,,DEM,Ballots Cast,1005,238,767,0
Monroe,"Frenchtown Township, Precinct 8",County Commissioner 4th District,,DEM,George Lee Jondro,157,38,119,0
Monroe,"Frenchtown Township, Precinct 8",County Commissioner 4th District,,DEM,Total Votes,157,38,119,0
Monroe,"Frenchtown Township, Precinct 8",County Commissioner 4th District,,DEM,Ballots Cast,488,175,313,0
Monroe,"City of Monroe, Precinct 3N",County Commissioner 5th District,,DEM,Bill LaVoy,133,41,92,0
Monroe,"City of Monroe, Precinct 3N",County Commissioner 5th District,,DEM,Total Votes,133,41,92,0
Monroe,"City of Monroe, Precinct 3N",County Commissioner 5th District,,DEM,Ballots Cast,288,116,172,0
Monroe,"City of Monroe, Precinct 4",County Commissioner 5th District,,DEM,Bill LaVoy,415,77,338,0
Monroe,"City of Monroe, Precinct 4",County Commissioner 5th District,,DEM,Total Votes,415,77,338,0
Monroe,"City of Monroe, Precinct 4",County Commissioner 5th District,,DEM,Write-In,4,2,2,0
Monroe,"City of Monroe, Precinct 4",County Commissioner 5th District,,DEM,Ballots Cast,872,283,589,0
Monroe,"City of Monroe, Precinct 5",County Commissioner 5th District,,DEM,Bill LaVoy,450,58,392,0
Monroe,"City of Monroe, Precinct 5",County Commissioner 5th District,,DEM,Total Votes,450,58,392,0
Monroe,"City of Monroe, Precinct 5",County Commissioner 5th District,,DEM,Write-In,2,1,1,0
Monroe,"City of Monroe, Precinct 5",County Commissioner 5th District,,DEM,Ballots Cast,956,226,730,0
Monroe,"City of Monroe, Precinct 6",County Commissioner 5th District,,DEM,Bill LaVoy,296,65,231,0
Monroe,"City of Monroe, Precinct 6",County Commissioner 5th District,,DEM,Total Votes,296,65,231,0
Monroe,"City of Monroe, Precinct 6",County Commissioner 5th District,,DEM,Write-In,1,0,1,0
Monroe,"City of Monroe, Precinct 6",County Commissioner 5th District,,DEM,Ballots Cast,692,212,480,0
Monroe,"Frenchtown Township, Precinct 4",County Commissioner 5th District,,DEM,Bill LaVoy,226,28,198,0
Monroe,"Frenchtown Township, Precinct 4",County Commissioner 5th District,,DEM,Total Votes,226,28,198,0
Monroe,"Frenchtown Township, Precinct 4",County Commissioner 5th District,,DEM,Write-In,2,0,2,0
Monroe,"Frenchtown Township, Precinct 4",County Commissioner 5th District,,DEM,Ballots Cast,657,154,503,0
Monroe,"Frenchtown Township, Precinct 9",County Commissioner 5th District,,DEM,Bill LaVoy,143,30,113,0
Monroe,"Frenchtown Township, Precinct 9",County Commissioner 5th District,,DEM,Total Votes,143,30,113,0
Monroe,"Frenchtown Township, Precinct 9",County Commissioner 5th District,,DEM,Write-In,1,0,1,0
Monroe,"Frenchtown Township, Precinct 9",County Commissioner 5th District,,DEM,Ballots Cast,313,89,224,0
Monroe,"City of Monroe, Precinct 1",County Commissioner 6th District,,DEM,Sharon D. Lemasters,308,51,257,0
Monroe,"City of Monroe, Precinct 1",County Commissioner 6th District,,DEM,Total Votes,308,51,257,0
Monroe,"City of Monroe, Precinct 1",County Commissioner 6th District,,DEM,Ballots Cast,608,158,450,0
Monroe,"City of Monroe, Precinct 2",County Commissioner 6th District,,DEM,Sharon D. Lemasters,224,68,156,0
Monroe,"City of Monroe, Precinct 2",County Commissioner 6th District,,DEM,Total Votes,224,68,156,0
Monroe,"City of Monroe, Precinct 2",County Commissioner 6th District,,DEM,Ballots Cast,487,180,307,0
Monroe,"City of Monroe, Precinct 3S",County Commissioner 6th District,,DEM,Sharon D. Lemasters,131,50,81,0
Monroe,"City of Monroe, Precinct 3S",County Commissioner 6th District,,DEM,Total Votes,131,50,81,0
Monroe,"City of Monroe, Precinct 3S",County Commissioner 6th District,,DEM,Write-In,1,1,0,0
Monroe,"City of Monroe, Precinct 3S",County Commissioner 6th District,,DEM,Ballots Cast,213,88,125,0
Monroe,"Monroe Township, Precinct 1",County Commissioner 6th District,,DEM,Sharon D. Lemasters,209,39,170,0
Monroe,"Monroe Township, Precinct 1",County Commissioner 6th District,,DEM,Total Votes,209,39,170,0
Monroe,"Monroe Township, Precinct 1",County Commissioner 6th District,,DEM,Write-In,1,1,0,0
Monroe,"Monroe Township, Precinct 1",County Commissioner 6th District,,DEM,Ballots Cast,452,114,338,0
Monroe,"Monroe Township, Precinct 2",County Commissioner 6th District,,DEM,Sharon D. Lemasters,115,22,93,0
Monroe,"Monroe Township, Precinct 2",County Commissioner 6th District,,DEM,Total Votes,115,22,93,0
Monroe,"Monroe Township, Precinct 2",County Commissioner 6th District,,DEM,Ballots Cast,248,75,173,0
Monroe,"Monroe Township, Precinct 3",County Commissioner 6th District,,DEM,Sharon D. Lemasters,177,34,143,0
Monroe,"Monroe Township, Precinct 3",County Commissioner 6th District,,DEM,Total Votes,177,34,143,0
Monroe,"Monroe Township, Precinct 3",County Commissioner 6th District,,DEM,Ballots Cast,454,146,308,0
Monroe,"Monroe Township, Precinct 6",County Commissioner 6th District,,DEM,Sharon D. Lemasters,205,35,170,0
Monroe,"Monroe Township, Precinct 6",County Commissioner 6th District,,DEM,Total Votes,205,35,170,0
Monroe,"Monroe Township, Precinct 6",County Commissioner 6th District,,DEM,Ballots Cast,538,141,397,0
Monroe,"City of Luna Pier, Precinct 1",County Commissioner 7th District,,DEM,Write-In,22,22,0,0
Monroe,"City of Luna Pier, Precinct 1",County Commissioner 7th District,,DEM,Ballots Cast,372,372,0,0
Monroe,"Erie Township, Precinct 1",County Commissioner 7th District,,DEM,Write-In,12,5,7,0
Monroe,"Erie Township, Precinct 1",County Commissioner 7th District,,DEM,Ballots Cast,672,249,423,0
Monroe,"Erie Township, Precinct 2",County Commissioner 7th District,,DEM,Write-In,9,2,7,0
Monroe,"Erie Township, Precinct 2",County Commissioner 7th District,,DEM,Ballots Cast,402,164,238,0
Monroe,"La Salle Township, Precinct 1",County Commissioner 7th District,,DEM,Write-In,9,3,6,0
Monroe,"La Salle Township, Precinct 1",County Commissioner 7th District,,DEM,Ballots Cast,672,253,419,0
Monroe,"La Salle Township, Precinct 2",County Commissioner 7th District,,DEM,Write-In,12,2,10,0
Monroe,"La Salle Township, Precinct 2",County Commissioner 7th District,,DEM,Ballots Cast,779,325,454,0
Monroe,"Monroe Township, Precinct 4",County Commissioner 7th District,,DEM,Write-In,33,8,25,0
Monroe,"Monroe Township, Precinct 4",County Commissioner 7th District,,DEM,Ballots Cast,577,186,391,0
Monroe,"Monroe Township, Precinct 5",County Commissioner 7th District,,DEM,Write-In,33,8,25,0
Monroe,"Monroe Township, Precinct 5",County Commissioner 7th District,,DEM,Ballots Cast,831,242,589,0
Monroe,"Bedford Township, Precinct 10",County Commissioner 8th District,,DEM,R. Mark Ellsworth,134,36,98,0
Monroe,"Bedford Township, Precinct 10",County Commissioner 8th District,,DEM,Total Votes,134,36,98,0
Monroe,"Bedford Township, Precinct 10",County Commissioner 8th District,,DEM,Write-In,1,0,1,0
Monroe,"Bedford Township, Precinct 10",County Commissioner 8th District,,DEM,Ballots Cast,470,192,278,0
Monroe,"Bedford Township, Precinct 13",County Commissioner 8th District,,DEM,R. Mark Ellsworth,197,58,139,0
Monroe,"Bedford Township, Precinct 13",County Commissioner 8th District,,DEM,Total Votes,197,58,139,0
Monroe,"Bedford Township, Precinct 13",County Commissioner 8th District,,DEM,Ballots Cast,662,292,370,0
Monroe,"Bedford Township, Precinct 14",County Commissioner 8th District,,DEM,R. Mark Ellsworth,164,40,124,0
Monroe,"Bedford Township, Precinct 14",County Commissioner 8th District,,DEM,Total Votes,164,40,124,0
Monroe,"Bedford Township, Precinct 14",County Commissioner 8th District,,DEM,Ballots Cast,403,145,258,0
Monroe,"Bedford Township, Precinct 3",County Commissioner 8th District,,DEM,R. Mark Ellsworth,173,53,120,0
Monroe,"Bedford Township, Precinct 3",County Commissioner 8th District,,DEM,Total Votes,173,53,120,0
Monroe,"Bedford Township, Precinct 3",County Commissioner 8th District,,DEM,Ballots Cast,588,288,300,0
Monroe,"Bedford Township, Precinct 5",County Commissioner 8th District,,DEM,R. Mark Ellsworth,228,56,172,0
Monroe,"Bedford Township, Precinct 5",County Commissioner 8th District,,DEM,Total Votes,228,56,172,0
Monroe,"Bedford Township, Precinct 5",County Commissioner 8th District,,DEM,Write-In,1,1,0,0
Monroe,"Bedford Township, Precinct 5",County Commissioner 8th District,,DEM,Ballots Cast,647,250,397,0
Monroe,"Bedford Township, Precinct 6",County Commissioner 8th District,,DEM,R. Mark Ellsworth,291,78,213,0
Monroe,"Bedford Township, Precinct 6",County Commissioner 8th District,,DEM,Total Votes,291,78,213,0
Monroe,"Bedford Township, Precinct 6",County Commissioner 8th District,,DEM,Ballots Cast,937,407,530,0
Monroe,"Bedford Township, Precinct 7",County Commissioner 8th District,,DEM,R. Mark Ellsworth,233,49,184,0
Monroe,"Bedford Township, Precinct 7",County Commissioner 8th District,,DEM,Total Votes,233,49,184,0
Monroe,"Bedford Township, Precinct 7",County Commissioner 8th District,,DEM,Write-In,1,1,0,0
Monroe,"Bedford Township, Precinct 7",County Commissioner 8th District,,DEM,Ballots Cast,739,263,476,0
Monroe,"Bedford Township, Precinct 9",County Commissioner 8th District,,DEM,R. Mark Ellsworth,172,32,140,0
Monroe,"Bedford Township, Precinct 9",County Commissioner 8th District,,DEM,Total Votes,172,32,140,0
Monroe,"Bedford Township, Precinct 9",County Commissioner 8th District,,DEM,Ballots Cast,535,190,345,0
Monroe,"Bedford Township, Precinct 1",County Commissioner 9th District,,DEM,Write-In,9,2,7,0
Monroe,"Bedford Township, Precinct 1",County Commissioner 9th District,,DEM,Ballots Cast,338,169,169,0
Monroe,"Bedford Township, Precinct 11",County Commissioner 9th District,,DEM,Write-In,18,5,13,0
Monroe,"Bedford Township, Precinct 11",County Commissioner 9th District,,DEM,Ballots Cast,805,356,449,0
Monroe,"Bedford Township, Precinct 12",County Commissioner 9th District,,DEM,Write-In,20,9,11,0
Monroe,"Bedford Township, Precinct 12",County Commissioner 9th District,,DEM,Ballots Cast,578,218,360,0
Monroe,"Bedford Township, Precinct 2",County Commissioner 9th District,,DEM,Write-In,13,4,9,0
Monroe,"Bedford Township, Precinct 2",County Commissioner 9th District,,DEM,Ballots Cast,641,246,395,0
Monroe,"Bedford Township, Precinct 4",County Commissioner 9th District,,DEM,Write-In,18,4,14,0
Monroe,"Bedford Township, Precinct 4",County Commissioner 9th District,,DEM,Ballots Cast,763,283,480,0
Monroe,"Bedford Township, Precinct 8",County Commissioner 9th District,,DEM,Write-In,15,9,6,0
Monroe,"Bedford Township, Precinct 8",County Commissioner 9th District,,DEM,Ballots Cast,814,291,523,0
Monroe,"Whiteford Township, Precinct 1",County Commissioner 9th District,,DEM,Write-In,14,5,9,0
Monroe,"Whiteford Township, Precinct 1",County Commissioner 9th District,,DEM,Ballots Cast,518,213,305,0
Monroe,"Whiteford Township, Precinct 2",County Commissioner 9th District,,DEM,Write-In,7,4,3,0
Monroe,"Whiteford Township, Precinct 2",County Commissioner 9th District,,DEM,Ballots Cast,385,170,215,0
Monroe,"Ash Township, Precinct 1",Ash Township Supervisor,,DEM,Robin Lee Carmack,227,227,0,0
Monroe,"Ash Township, Precinct 1",Ash Township Supervisor,,DEM,Total Votes,227,227,0,0
Monroe,"Ash Township, Precinct 1",Ash Township Supervisor,,DEM,Write-In,1,1,0,0
Monroe,"Ash Township, Precinct 1",Ash Township Supervisor,,DEM,Ballots Cast,664,664,0,0
Monroe,"Ash Township, Precinct 2",Ash Township Supervisor,,DEM,Robin Lee Carmack,249,249,0,0
Monroe,"Ash Township, Precinct 2",Ash Township Supervisor,,DEM,Total Votes,249,249,0,0
Monroe,"Ash Township, Precinct 2",Ash Township Supervisor,,DEM,Write-In,1,1,0,0
Monroe,"Ash Township, Precinct 2",Ash Township Supervisor,,DEM,Ballots Cast,732,732,0,0
Monroe,"Ash Township, Precinct 3",Ash Township Supervisor,,DEM,Robin Lee Carmack,185,185,0,0
Monroe,"Ash Township, Precinct 3",Ash Township Supervisor,,DEM,Total Votes,185,185,0,0
Monroe,"Ash Township, Precinct 3",Ash Township Supervisor,,DEM,Write-In,1,1,0,0
Monroe,"Ash Township, Precinct 3",Ash Township Supervisor,,DEM,Ballots Cast,593,593,0,0
Monroe,"Ash Township, Precinct 1",Ash Township Clerk,,DEM,Michele Geiermann,237,237,0,0
Monroe,"Ash Township, Precinct 1",Ash Township Clerk,,DEM,Total Votes,237,237,0,0
Monroe,"Ash Township, Precinct 1",Ash Township Clerk,,DEM,Write-In,2,2,0,0
Monroe,"Ash Township, Precinct 1",Ash Township Clerk,,DEM,Ballots Cast,664,664,0,0
Monroe,"Ash Township, Precinct 2",Ash Township Clerk,,DEM,Michele Geiermann,262,262,0,0
Monroe,"Ash Township, Precinct 2",Ash Township Clerk,,DEM,Total Votes,262,262,0,0
Monroe,"Ash Township, Precinct 2",Ash Township Clerk,,DEM,Ballots Cast,732,732,0,0
Monroe,"Ash Township, Precinct 3",Ash Township Clerk,,DEM,Michele Geiermann,198,198,0,0
Monroe,"Ash Township, Precinct 3",Ash Township Clerk,,DEM,Total Votes,198,198,0,0
Monroe,"Ash Township, Precinct 3",Ash Township Clerk,,DEM,Ballots Cast,593,593,0,0
Monroe,"Ash Township, Precinct 1",Ash Township Treasurer,,DEM,Rob Schock,233,233,0,0
Monroe,"Ash Township, Precinct 1",Ash Township Treasurer,,DEM,Total Votes,233,233,0,0
Monroe,"Ash Township, Precinct 1",Ash Township Treasurer,,DEM,Write-In,1,1,0,0
Monroe,"Ash Township, Precinct 1",Ash Township Treasurer,,DEM,Ballots Cast,664,664,0,0
Monroe,"Ash Township, Precinct 2",Ash Township Treasurer,,DEM,Rob Schock,243,243,0,0
Monroe,"Ash Township, Precinct 2",Ash Township Treasurer,,DEM,Total Votes,243,243,0,0
Monroe,"Ash Township, Precinct 2",Ash Township Treasurer,,DEM,Ballots Cast,732,732,0,0
Monroe,"Ash Township, Precinct 3",Ash Township Treasurer,,DEM,Rob Schock,187,187,0,0
Monroe,"Ash Township, Precinct 3",Ash Township Treasurer,,DEM,Total Votes,187,187,0,0
Monroe,"Ash Township, Precinct 3",Ash Township Treasurer,,DEM,Ballots Cast,593,593,0,0
Monroe,"Ash Township, Precinct 1",Ash Township Trustee,,DEM,Adam John Grabetz,157,157,0,0
Monroe,"Ash Township, Precinct 1",Ash Township Trustee,,DEM,Jim Booth,179,179,0,0
Monroe,"Ash Township, Precinct 1",Ash Township Trustee,,DEM,Total Votes,336,336,0,0
Monroe,"Ash Township, Precinct 1",Ash Township Trustee,,DEM,Write-In,1,1,0,0
Monroe,"Ash Township, Precinct 1",Ash Township Trustee,,DEM,Ballots Cast,664,664,0,0
Monroe,"Ash Township, Precinct 2",Ash Township Trustee,,DEM,Adam John Grabetz,194,194,0,0
Monroe,"Ash Township, Precinct 2",Ash Township Trustee,,DEM,Jim Booth,207,207,0,0
Monroe,"Ash Township, Precinct 2",Ash Township Trustee,,DEM,Total Votes,401,401,0,0
Monroe,"Ash Township, Precinct 2",Ash Township Trustee,,DEM,Ballots Cast,732,732,0,0
Monroe,"Ash Township, Precinct 3",Ash Township Trustee,,DEM,Adam John Grabetz,157,157,0,0
Monroe,"Ash Township, Precinct 3",Ash Township Trustee,,DEM,Jim Booth,154,154,0,0
Monroe,"Ash Township, Precinct 3",Ash Township Trustee,,DEM,Total Votes,311,311,0,0
Monroe,"Ash Township, Precinct 3",Ash Township Trustee,,DEM,Ballots Cast,593,593,0,0
Monroe,"Bedford Township, Precinct 1",Bedford Township Supervisor,,DEM,Write-In,34,11,23,0
Monroe,"Bedford Township, Precinct 1",Bedford Township Supervisor,,DEM,Ballots Cast,338,169,169,0
Monroe,"Bedford Township, Precinct 10",Bedford Township Supervisor,,DEM,Write-In,51,15,36,0
Monroe,"Bedford Township, Precinct 10",Bedford Township Supervisor,,DEM,Ballots Cast,470,192,278,0
Monroe,"Bedford Township, Precinct 11",Bedford Township Supervisor,,DEM,Write-In,82,24,58,0
Monroe,"Bedford Township, Precinct 11",Bedford Township Supervisor,,DEM,Ballots Cast,805,356,449,0
Monroe,"Bedford Township, Precinct 12",Bedford Township Supervisor,,DEM,Write-In,78,23,55,0
Monroe,"Bedford Township, Precinct 12",Bedford Township Supervisor,,DEM,Ballots Cast,578,218,360,0
Monroe,"Bedford Township, Precinct 13",Bedford Township Supervisor,,DEM,Write-In,85,27,58,0
Monroe,"Bedford Township, Precinct 13",Bedford Township Supervisor,,DEM,Ballots Cast,662,292,370,0
Monroe,"Bedford Township, Precinct 14",Bedford Township Supervisor,,DEM,Write-In,58,18,40,0
Monroe,"Bedford Township, Precinct 14",Bedford Township Supervisor,,DEM,Ballots Cast,403,145,258,0
Monroe,"Bedford Township, Precinct 2",Bedford Township Supervisor,,DEM,Write-In,73,23,50,0
Monroe,"Bedford Township, Precinct 2",Bedford Township Supervisor,,DEM,Ballots Cast,641,246,395,0
Monroe,"Bedford Township, Precinct 3",Bedford Township Supervisor,,DEM,Write-In,69,30,39,0
Monroe,"Bedford Township, Precinct 3",Bedford Township Supervisor,,DEM,Ballots Cast,588,288,300,0
Monroe,"Bedford Township, Precinct 4",Bedford Township Supervisor,,DEM,Write-In,85,20,65,0
Monroe,"Bedford Township, Precinct 4",Bedford Township Supervisor,,DEM,Ballots Cast,763,283,480,0
Monroe,"Bedford Township, Precinct 5",Bedford Township Supervisor,,DEM,Write-In,82,25,57,0
Monroe,"Bedford Township, Precinct 5",Bedford Township Supervisor,,DEM,Ballots Cast,647,250,397,0
Monroe,"Bedford Township, Precinct 6",Bedford Township Supervisor,,DEM,Write-In,127,39,88,0
Monroe,"Bedford Township, Precinct 6",Bedford Township Supervisor,,DEM,Ballots Cast,937,407,530,0
Monroe,"Bedford Township, Precinct 7",Bedford Township Supervisor,,DEM,Write-In,95,20,75,0
Monroe,"Bedford Township, Precinct 7",Bedford Township Supervisor,,DEM,Ballots Cast,739,263,476,0
Monroe,"Bedford Township, Precinct 8",Bedford Township Supervisor,,DEM,Write-In,74,21,53,0
Monroe,"Bedford Township, Precinct 8",Bedford Township Supervisor,,DEM,Ballots Cast,814,291,523,0
Monroe,"Bedford Township, Precinct 9",Bedford Township Supervisor,,DEM,Write-In,53,11,42,0
Monroe,"Bedford Township, Precinct 9",Bedford Township Supervisor,,DEM,Ballots Cast,535,190,345,0
Monroe,"Bedford Township, Precinct 1",Bedford Township Clerk,,DEM,Write-In,9,2,7,0
Monroe,"Bedford Township, Precinct 1",Bedford Township Clerk,,DEM,Ballots Cast,338,169,169,0
Monroe,"Bedford Township, Precinct 10",Bedford Township Clerk,,DEM,Write-In,10,5,5,0
Monroe,"Bedford Township, Precinct 10",Bedford Township Clerk,,DEM,Ballots Cast,470,192,278,0
Monroe,"Bedford Township, Precinct 11",Bedford Township Clerk,,DEM,Write-In,16,4,12,0
Monroe,"Bedford Township, Precinct 11",Bedford Township Clerk,,DEM,Ballots Cast,805,356,449,0
Monroe,"Bedford Township, Precinct 12",Bedford Township Clerk,,DEM,Write-In,15,7,8,0
Monroe,"Bedford Township, Precinct 12",Bedford Township Clerk,,DEM,Ballots Cast,578,218,360,0
Monroe,"Bedford Township, Precinct 13",Bedford Township Clerk,,DEM,Write-In,18,7,11,0
Monroe,"Bedford Township, Precinct 13",Bedford Township Clerk,,DEM,Ballots Cast,662,292,370,0
Monroe,"Bedford Township, Precinct 14",Bedford Township Clerk,,DEM,Write-In,11,3,8,0
Monroe,"Bedford Township, Precinct 14",Bedford Township Clerk,,DEM,Ballots Cast,403,145,258,0
Monroe,"Bedford Township, Precinct 2",Bedford Township Clerk,,DEM,Write-In,11,4,7,0
Monroe,"Bedford Township, Precinct 2",Bedford Township Clerk,,DEM,Ballots Cast,641,246,395,0
Monroe,"Bedford Township, Precinct 3",Bedford Township Clerk,,DEM,Write-In,8,5,3,0
Monroe,"Bedford Township, Precinct 3",Bedford Township Clerk,,DEM,Ballots Cast,588,288,300,0
Monroe,"Bedford Township, Precinct 4",Bedford Township Clerk,,DEM,Write-In,17,4,13,0
Monroe,"Bedford Township, Precinct 4",Bedford Township Clerk,,DEM,Ballots Cast,763,283,480,0
Monroe,"Bedford Township, Precinct 5",Bedford Township Clerk,,DEM,Write-In,16,5,11,0
Monroe,"Bedford Township, Precinct 5",Bedford Township Clerk,,DEM,Ballots Cast,647,250,397,0
Monroe,"Bedford Township, Precinct 6",Bedford Township Clerk,,DEM,Write-In,20,8,12,0
Monroe,"Bedford Township, Precinct 6",Bedford Township Clerk,,DEM,Ballots Cast,937,407,530,0
Monroe,"Bedford Township, Precinct 7",Bedford Township Clerk,,DEM,Write-In,13,8,5,0
Monroe,"Bedford Township, Precinct 7",Bedford Township Clerk,,DEM,Ballots Cast,739,263,476,0
Monroe,"Bedford Township, Precinct 8",Bedford Township Clerk,,DEM,Write-In,13,9,4,0
Monroe,"Bedford Township, Precinct 8",Bedford Township Clerk,,DEM,Ballots Cast,814,291,523,0
Monroe,"Bedford Township, Precinct 9",Bedford Township Clerk,,DEM,Write-In,7,1,6,0
Monroe,"Bedford Township, Precinct 9",Bedford Township Clerk,,DEM,Ballots Cast,535,190,345,0
Monroe,"Bedford Township, Precinct 1",Bedford Township Treasurer,,DEM,Write-In,12,3,9,0
Monroe,"Bedford Township, Precinct 1",Bedford Township Treasurer,,DEM,Ballots Cast,338,169,169,0
Monroe,"Bedford Township, Precinct 10",Bedford Township Treasurer,,DEM,Write-In,9,4,5,0
Monroe,"Bedford Township, Precinct 10",Bedford Township Treasurer,,DEM,Ballots Cast,470,192,278,0
Monroe,"Bedford Township, Precinct 11",Bedford Township Treasurer,,DEM,Write-In,17,5,12,0
Monroe,"Bedford Township, Precinct 11",Bedford Township Treasurer,,DEM,Ballots Cast,805,356,449,0
Monroe,"Bedford Township, Precinct 12",Bedford Township Treasurer,,DEM,Write-In,15,8,7,0
Monroe,"Bedford Township, Precinct 12",Bedford Township Treasurer,,DEM,Ballots Cast,578,218,360,0
Monroe,"Bedford Township, Precinct 13",Bedford Township Treasurer,,DEM,Write-In,19,7,12,0
Monroe,"Bedford Township, Precinct 13",Bedford Township Treasurer,,DEM,Ballots Cast,662,292,370,0
Monroe,"Bedford Township, Precinct 14",Bedford Township Treasurer,,DEM,Write-In,14,4,10,0
Monroe,"Bedford Township, Precinct 14",Bedford Township Treasurer,,DEM,Ballots Cast,403,145,258,0
Monroe,"Bedford Township, Precinct 2",Bedford Township Treasurer,,DEM,Write-In,12,6,6,0
Monroe,"Bedford Township, Precinct 2",Bedford Township Treasurer,,DEM,Ballots Cast,641,246,395,0
Monroe,"Bedford Township, Precinct 3",Bedford Township Treasurer,,DEM,Write-In,6,3,3,0
Monroe,"Bedford Township, Precinct 3",Bedford Township Treasurer,,DEM,Ballots Cast,588,288,300,0
Monroe,"Bedford Township, Precinct 4",Bedford Township Treasurer,,DEM,Write-In,15,4,11,0
Monroe,"Bedford Township, Precinct 4",Bedford Township Treasurer,,DEM,Ballots Cast,763,283,480,0
Monroe,"Bedford Township, Precinct 5",Bedford Township Treasurer,,DEM,Write-In,18,6,12,0
Monroe,"Bedford Township, Precinct 5",Bedford Township Treasurer,,DEM,Ballots Cast,647,250,397,0
Monroe,"Bedford Township, Precinct 6",Bedford Township Treasurer,,DEM,Write-In,23,7,16,0
Monroe,"Bedford Township, Precinct 6",Bedford Township Treasurer,,DEM,Ballots Cast,937,407,530,0
Monroe,"Bedford Township, Precinct 7",Bedford Township Treasurer,,DEM,Write-In,13,8,5,0
Monroe,"Bedford Township, Precinct 7",Bedford Township Treasurer,,DEM,Ballots Cast,739,263,476,0
Monroe,"Bedford Township, Precinct 8",Bedford Township Treasurer,,DEM,Write-In,13,7,6,0
Monroe,"Bedford Township, Precinct 8",Bedford Township Treasurer,,DEM,Ballots Cast,814,291,523,0
Monroe,"Bedford Township, Precinct 9",Bedford Township Treasurer,,DEM,Write-In,8,1,7,0
Monroe,"Bedford Township, Precinct 9",Bedford Township Treasurer,,DEM,Ballots Cast,535,190,345,0
Monroe,"Bedford Township, Precinct 1",Bedford Township Trustee,,DEM,Mike Smith,93,30,63,0
Monroe,"Bedford Township, Precinct 1",Bedford Township Trustee,,DEM,Total Votes,93,30,63,0
Monroe,"Bedford Township, Precinct 1",Bedford Township Trustee,,DEM,Write-In,40,14,26,0
Monroe,"Bedford Township, Precinct 1",Bedford Township Trustee,,DEM,Ballots Cast,338,169,169,0
Monroe,"Bedford Township, Precinct 10",Bedford Township Trustee,,DEM,Mike Smith,139,38,101,0
Monroe,"Bedford Township, Precinct 10",Bedford Township Trustee,,DEM,Total Votes,139,38,101,0
Monroe,"Bedford Township, Precinct 10",Bedford Township Trustee,,DEM,Write-In,39,7,32,0
Monroe,"Bedford Township, Precinct 10",Bedford Township Trustee,,DEM,Ballots Cast,470,192,278,0
Monroe,"Bedford Township, Precinct 11",Bedford Township Trustee,,DEM,Mike Smith,196,52,144,0
Monroe,"Bedford Township, Precinct 11",Bedford Township Trustee,,DEM,Total Votes,196,52,144,0
Monroe,"Bedford Township, Precinct 11",Bedford Township Trustee,,DEM,Write-In,60,13,47,0
Monroe,"Bedford Township, Precinct 11",Bedford Township Trustee,,DEM,Ballots Cast,805,356,449,0
Monroe,"Bedford Township, Precinct 12",Bedford Township Trustee,,DEM,Mike Smith,206,56,150,0
Monroe,"Bedford Township, Precinct 12",Bedford Township Trustee,,DEM,Total Votes,206,56,150,0
Monroe,"Bedford Township, Precinct 12",Bedford Township Trustee,,DEM,Write-In,62,22,40,0
Monroe,"Bedford Township, Precinct 12",Bedford Township Trustee,,DEM,Ballots Cast,578,218,360,0
Monroe,"Bedford Township, Precinct 13",Bedford Township Trustee,,DEM,Mike Smith,190,56,134,0
Monroe,"Bedford Township, Precinct 13",Bedford Township Trustee,,DEM,Total Votes,190,56,134,0
Monroe,"Bedford Township, Precinct 13",Bedford Township Trustee,,DEM,Write-In,59,11,48,0
Monroe,"Bedford Township, Precinct 13",Bedford Township Trustee,,DEM,Ballots Cast,662,292,370,0
Monroe,"Bedford Township, Precinct 14",Bedford Township Trustee,,DEM,Mike Smith,159,36,123,0
Monroe,"Bedford Township, Precinct 14",Bedford Township Trustee,,DEM,Total Votes,159,36,123,0
Monroe,"Bedford Township, Precinct 14",Bedford Township Trustee,,DEM,Write-In,33,16,17,0
Monroe,"Bedford Township, Precinct 14",Bedford Township Trustee,,DEM,Ballots Cast,403,145,258,0
Monroe,"Bedford Township, Precinct 2",Bedford Township Trustee,,DEM,Mike Smith,181,51,130,0
Monroe,"Bedford Township, Precinct 2",Bedford Township Trustee,,DEM,Total Votes,181,51,130,0
Monroe,"Bedford Township, Precinct 2",Bedford Township Trustee,,DEM,Write-In,36,10,26,0
Monroe,"Bedford Township, Precinct 2",Bedford Township Trustee,,DEM,Ballots Cast,641,246,395,0
Monroe,"Bedford Township, Precinct 3",Bedford Township Trustee,,DEM,Mike Smith,164,49,115,0
Monroe,"Bedford Township, Precinct 3",Bedford Township Trustee,,DEM,Total Votes,164,49,115,0
Monroe,"Bedford Township, Precinct 3",Bedford Township Trustee,,DEM,Write-In,51,16,35,0
Monroe,"Bedford Township, Precinct 3",Bedford Township Trustee,,DEM,Ballots Cast,588,288,300,0
Monroe,"Bedford Township, Precinct 4",Bedford Township Trustee,,DEM,Mike Smith,242,52,190,0
Monroe,"Bedford Township, Precinct 4",Bedford Township Trustee,,DEM,Total Votes,242,52,190,0
Monroe,"Bedford Township, Precinct 4",Bedford Township Trustee,,DEM,Write-In,40,15,25,0
Monroe,"Bedford Township, Precinct 4",Bedford Township Trustee,,DEM,Ballots Cast,763,283,480,0
Monroe,"Bedford Township, Precinct 5",Bedford Township Trustee,,DEM,Mike Smith,211,50,161,0
Monroe,"Bedford Township, Precinct 5",Bedford Township Trustee,,DEM,Total Votes,211,50,161,0
Monroe,"Bedford Township, Precinct 5",Bedford Township Trustee,,DEM,Write-In,47,16,31,0
Monroe,"Bedford Township, Precinct 5",Bedford Township Trustee,,DEM,Ballots Cast,647,250,397,0
Monroe,"Bedford Township, Precinct 6",Bedford Township Trustee,,DEM,Mike Smith,284,72,212,0
Monroe,"Bedford Township, Precinct 6",Bedford Township Trustee,,DEM,Total Votes,284,72,212,0
Monroe,"Bedford Township, Precinct 6",Bedford Township Trustee,,DEM,Write-In,79,20,59,0
Monroe,"Bedford Township, Precinct 6",Bedford Township Trustee,,DEM,Ballots Cast,937,407,530,0
Monroe,"Bedford Township, Precinct 7",Bedford Township Trustee,,DEM,Mike Smith,223,48,175,0
Monroe,"Bedford Township, Precinct 7",Bedford Township Trustee,,DEM,Total Votes,223,48,175,0
Monroe,"Bedford Township, Precinct 7",Bedford Township Trustee,,DEM,Write-In,54,12,42,0
Monroe,"Bedford Township, Precinct 7",Bedford Township Trustee,,DEM,Ballots Cast,739,263,476,0
Monroe,"Bedford Township, Precinct 8",Bedford Township Trustee,,DEM,Mike Smith,254,74,180,0
Monroe,"Bedford Township, Precinct 8",Bedford Township Trustee,,DEM,Total Votes,254,74,180,0
Monroe,"Bedford Township, Precinct 8",Bedford Township Trustee,,DEM,Write-In,55,19,36,0
Monroe,"Bedford Township, Precinct 8",Bedford Township Trustee,,DEM,Ballots Cast,814,291,523,0
Monroe,"Bedford Township, Precinct 9",Bedford Township Trustee,,DEM,Mike Smith,176,36,140,0
Monroe,"Bedford Township, Precinct 9",Bedford Township Trustee,,DEM,Total Votes,176,36,140,0
Monroe,"Bedford Township, Precinct 9",Bedford Township Trustee,,DEM,Write-In,32,7,25,0
Monroe,"Bedford Township, Precinct 9",Bedford Township Trustee,,DEM,Ballots Cast,535,190,345,0
Monroe,"Bedford Township, Precinct 1",Bedford Township Park Commissioner,,DEM,Carol A. Laurie,97,34,63,0
Monroe,"Bedford Township, Precinct 1",Bedford Township Park Commissioner,,DEM,Total Votes,97,34,63,0
Monroe,"Bedford Township, Precinct 1",Bedford Township Park Commissioner,,DEM,Write-In,8,0,8,0
Monroe,"Bedford Township, Precinct 1",Bedford Township Park Commissioner,,DEM,Ballots Cast,338,169,169,0
Monroe,"Bedford Township, Precinct 10",Bedford Township Park Commissioner,,DEM,Carol A. Laurie,135,36,99,0
Monroe,"Bedford Township, Precinct 10",Bedford Township Park Commissioner,,DEM,Total Votes,135,36,99,0
Monroe,"Bedford Township, Precinct 10",Bedford Township Park Commissioner,,DEM,Ballots Cast,470,192,278,0
Monroe,"Bedford Township, Precinct 11",Bedford Township Park Commissioner,,DEM,Carol A. Laurie,200,53,147,0
Monroe,"Bedford Township, Precinct 11",Bedford Township Park Commissioner,,DEM,Total Votes,200,53,147,0
Monroe,"Bedford Township, Precinct 11",Bedford Township Park Commissioner,,DEM,Write-In,2,1,1,0
Monroe,"Bedford Township, Precinct 11",Bedford Township Park Commissioner,,DEM,Ballots Cast,805,356,449,0
Monroe,"Bedford Township, Precinct 12",Bedford Township Park Commissioner,,DEM,Carol A. Laurie,196,52,144,0
Monroe,"Bedford Township, Precinct 12",Bedford Township Park Commissioner,,DEM,Total Votes,196,52,144,0
Monroe,"Bedford Township, Precinct 12",Bedford Township Park Commissioner,,DEM,Write-In,5,3,2,0
Monroe,"Bedford Township, Precinct 12",Bedford Township Park Commissioner,,DEM,Ballots Cast,578,218,360,0
Monroe,"Bedford Township, Precinct 13",Bedford Township Park Commissioner,,DEM,Carol A. Laurie,185,56,129,0
Monroe,"Bedford Township, Precinct 13",Bedford Township Park Commissioner,,DEM,Total Votes,185,56,129,0
Monroe,"Bedford Township, Precinct 13",Bedford Township Park Commissioner,,DEM,Write-In,10,2,8,0
Monroe,"Bedford Township, Precinct 13",Bedford Township Park Commissioner,,DEM,Ballots Cast,662,292,370,0
Monroe,"Bedford Township, Precinct 14",Bedford Township Park Commissioner,,DEM,Carol A. Laurie,157,37,120,0
Monroe,"Bedford Township, Precinct 14",Bedford Township Park Commissioner,,DEM,Total Votes,157,37,120,0
Monroe,"Bedford Township, Precinct 14",Bedford Township Park Commissioner,,DEM,Write-In,4,4,0,0
Monroe,"Bedford Township, Precinct 14",Bedford Township Park Commissioner,,DEM,Ballots Cast,403,145,258,0
Monroe,"Bedford Township, Precinct 2",Bedford Township Park Commissioner,,DEM,Carol A. Laurie,176,50,126,0
Monroe,"Bedford Township, Precinct 2",Bedford Township Park Commissioner,,DEM,Total Votes,176,50,126,0
Monroe,"Bedford Township, Precinct 2",Bedford Township Park Commissioner,,DEM,Write-In,5,0,5,0
Monroe,"Bedford Township, Precinct 2",Bedford Township Park Commissioner,,DEM,Ballots Cast,641,246,395,0
Monroe,"Bedford Township, Precinct 3",Bedford Township Park Commissioner,,DEM,Carol A. Laurie,167,49,118,0
Monroe,"Bedford Township, Precinct 3",Bedford Township Park Commissioner,,DEM,Total Votes,167,49,118,0
Monroe,"Bedford Township, Precinct 3",Bedford Township Park Commissioner,,DEM,Write-In,1,0,1,0
Monroe,"Bedford Township, Precinct 3",Bedford Township Park Commissioner,,DEM,Ballots Cast,588,288,300,0
Monroe,"Bedford Township, Precinct 4",Bedford Township Park Commissioner,,DEM,Carol A. Laurie,238,52,186,0
Monroe,"Bedford Township, Precinct 4",Bedford Township Park Commissioner,,DEM,Total Votes,238,52,186,0
Monroe,"Bedford Township, Precinct 4",Bedford Township Park Commissioner,,DEM,Write-In,2,0,2,0
Monroe,"Bedford Township, Precinct 4",Bedford Township Park Commissioner,,DEM,Ballots Cast,763,283,480,0
Monroe,"Bedford Township, Precinct 5",Bedford Township Park Commissioner,,DEM,Carol A. Laurie,217,51,166,0
Monroe,"Bedford Township, Precinct 5",Bedford Township Park Commissioner,,DEM,Total Votes,217,51,166,0
Monroe,"Bedford Township, Precinct 5",Bedford Township Park Commissioner,,DEM,Write-In,5,1,4,0
Monroe,"Bedford Township, Precinct 5",Bedford Township Park Commissioner,,DEM,Ballots Cast,647,250,397,0
Monroe,"Bedford Township, Precinct 6",Bedford Township Park Commissioner,,DEM,Carol A. Laurie,274,68,206,0
Monroe,"Bedford Township, Precinct 6",Bedford Township Park Commissioner,,DEM,Total Votes,274,68,206,0
Monroe,"Bedford Township, Precinct 6",Bedford Township Park Commissioner,,DEM,Write-In,11,2,9,0
Monroe,"Bedford Township, Precinct 6",Bedford Township Park Commissioner,,DEM,Ballots Cast,937,407,530,0
Monroe,"Bedford Township, Precinct 7",Bedford Township Park Commissioner,,DEM,Carol A. Laurie,221,47,174,0
Monroe,"Bedford Township, Precinct 7",Bedford Township Park Commissioner,,DEM,Total Votes,221,47,174,0
Monroe,"Bedford Township, Precinct 7",Bedford Township Park Commissioner,,DEM,Write-In,6,5,1,0
Monroe,"Bedford Township, Precinct 7",Bedford Township Park Commissioner,,DEM,Ballots Cast,739,263,476,0
Monroe,"Bedford Township, Precinct 8",Bedford Township Park Commissioner,,DEM,Carol A. Laurie,253,71,182,0
Monroe,"Bedford Township, Precinct 8",Bedford Township Park Commissioner,,DEM,Total Votes,253,71,182,0
Monroe,"Bedford Township, Precinct 8",Bedford Township Park Commissioner,,DEM,Write-In,3,1,2,0
Monroe,"Bedford Township, Precinct 8",Bedford Township Park Commissioner,,DEM,Ballots Cast,814,291,523,0
Monroe,"Bedford Township, Precinct 9",Bedford Township Park Commissioner,,DEM,Carol A. Laurie,175,34,141,0
Monroe,"Bedford Township, Precinct 9",Bedford Township Park Commissioner,,DEM,Total Votes,175,34,141,0
Monroe,"Bedford Township, Precinct 9",Bedford Township Park Commissioner,,DEM,Write-In,2,0,2,0
Monroe,"Bedford Township, Precinct 9",Bedford Township Park Commissioner,,DEM,Ballots Cast,535,190,345,0
Monroe,"Berlin Township, Precinct 1",Berlin Township Supervisor,,DEM,Dave Reaume,172,172,0,0
Monroe,"Berlin Township, Precinct 1",Berlin Township Supervisor,,DEM,Total Votes,172,172,0,0
Monroe,"Berlin Township, Precinct 1",Berlin Township Supervisor,,DEM,Ballots Cast,444,444,0,0
Monroe,"Berlin Township, Precinct 2",Berlin Township Supervisor,,DEM,Dave Reaume,281,281,0,0
Monroe,"Berlin Township, Precinct 2",Berlin Township Supervisor,,DEM,Total Votes,281,281,0,0
Monroe,"Berlin Township, Precinct 2",Berlin Township Supervisor,,DEM,Ballots Cast,731,731,0,0
Monroe,"Berlin Township, Precinct 3",Berlin Township Supervisor,,DEM,Dave Reaume,149,149,0,0
Monroe,"Berlin Township, Precinct 3",Berlin Township Supervisor,,DEM,Total Votes,149,149,0,0
Monroe,"Berlin Township, Precinct 3",Berlin Township Supervisor,,DEM,Ballots Cast,407,407,0,0
Monroe,"Berlin Township, Precinct 4",Berlin Township Supervisor,,DEM,Dave Reaume,204,204,0,0
Monroe,"Berlin Township, Precinct 4",Berlin Township Supervisor,,DEM,Total Votes,204,204,0,0
Monroe,"Berlin Township, Precinct 4",Berlin Township Supervisor,,DEM,Write-In,1,1,0,0
Monroe,"Berlin Township, Precinct 4",Berlin Township Supervisor,,DEM,Ballots Cast,582,582,0,0
Monroe,"Berlin Township, Precinct 1",Berlin Township Clerk,,DEM,Denise Sovey-Meyer,169,169,0,0
Monroe,"Berlin Township, Precinct 1",Berlin Township Clerk,,DEM,Total Votes,169,169,0,0
Monroe,"Berlin Township, Precinct 1",Berlin Township Clerk,,DEM,Ballots Cast,444,444,0,0
Monroe,"Berlin Township, Precinct 2",Berlin Township Clerk,,DEM,Denise Sovey-Meyer,277,277,0,0
Monroe,"Berlin Township, Precinct 2",Berlin Township Clerk,,DEM,Total Votes,277,277,0,0
Monroe,"Berlin Township, Precinct 2",Berlin Township Clerk,,DEM,Write-In,5,5,0,0
Monroe,"Berlin Township, Precinct 2",Berlin Township Clerk,,DEM,Ballots Cast,731,731,0,0
Monroe,"Berlin Township, Precinct 3",Berlin Township Clerk,,DEM,Denise Sovey-Meyer,149,149,0,0
Monroe,"Berlin Township, Precinct 3",Berlin Township Clerk,,DEM,Total Votes,149,149,0,0
Monroe,"Berlin Township, Precinct 3",Berlin Township Clerk,,DEM,Ballots Cast,407,407,0,0
Monroe,"Berlin Township, Precinct 4",Berlin Township Clerk,,DEM,Denise Sovey-Meyer,206,206,0,0
Monroe,"Berlin Township, Precinct 4",Berlin Township Clerk,,DEM,Total Votes,206,206,0,0
Monroe,"Berlin Township, Precinct 4",Berlin Township Clerk,,DEM,Write-In,3,3,0,0
Monroe,"Berlin Township, Precinct 4",Berlin Township Clerk,,DEM,Ballots Cast,582,582,0,0
Monroe,"Berlin Township, Precinct 1",Berlin Township Treasurer,,DEM,Deborah Lynn Masserant,168,168,0,0
Monroe,"Berlin Township, Precinct 1",Berlin Township Treasurer,,DEM,Total Votes,168,168,0,0
Monroe,"Berlin Township, Precinct 1",Berlin Township Treasurer,,DEM,Write-In,1,1,0,0
Monroe,"Berlin Township, Precinct 1",Berlin Township Treasurer,,DEM,Ballots Cast,444,444,0,0
Monroe,"Berlin Township, Precinct 2",Berlin Township Treasurer,,DEM,Deborah Lynn Masserant,278,278,0,0
Monroe,"Berlin Township, Precinct 2",Berlin Township Treasurer,,DEM,Total Votes,278,278,0,0
Monroe,"Berlin Township, Precinct 2",Berlin Township Treasurer,,DEM,Ballots Cast,731,731,0,0
Monroe,"Berlin Township, Precinct 3",Berlin Township Treasurer,,DEM,Deborah Lynn Masserant,148,148,0,0
Monroe,"Berlin Township, Precinct 3",Berlin Township Treasurer,,DEM,Total Votes,148,148,0,0
Monroe,"Berlin Township, Precinct 3",Berlin Township Treasurer,,DEM,Ballots Cast,407,407,0,0
Monroe,"Berlin Township, Precinct 4",Berlin Township Treasurer,,DEM,Deborah Lynn Masserant,200,200,0,0
Monroe,"Berlin Township, Precinct 4",Berlin Township Treasurer,,DEM,Total Votes,200,200,0,0
Monroe,"Berlin Township, Precinct 4",Berlin Township Treasurer,,DEM,Write-In,2,2,0,0
Monroe,"Berlin Township, Precinct 4",Berlin Township Treasurer,,DEM,Ballots Cast,582,582,0,0
Monroe,"Berlin Township, Precinct 1",Berlin Township Trustee,,DEM,Jennifer L. Ewen,135,135,0,0
Monroe,"Berlin Township, Precinct 1",Berlin Township Trustee,,DEM,Kellie Long,129,129,0,0
Monroe,"Berlin Township, Precinct 1",Berlin Township Trustee,,DEM,Robert D. Masserant,136,136,0,0
Monroe,"Berlin Township, Precinct 1",Berlin Township Trustee,,DEM,Total Votes,400,400,0,0
Monroe,"Berlin Township, Precinct 1",Berlin Township Trustee,,DEM,Write-In,3,3,0,0
Monroe,"Berlin Township, Precinct 1",Berlin Township Trustee,,DEM,Ballots Cast,444,444,0,0
Monroe,"Berlin Township, Precinct 2",Berlin Township Trustee,,DEM,Jennifer L. Ewen,225,225,0,0
Monroe,"Berlin Township, Precinct 2",Berlin Township Trustee,,DEM,Kellie Long,234,234,0,0
Monroe,"Berlin Township, Precinct 2",Berlin Township Trustee,,DEM,Robert D. Masserant,232,232,0,0
Monroe,"Berlin Township, Precinct 2",Berlin Township Trustee,,DEM,Total Votes,691,691,0,0
Monroe,"Berlin Township, Precinct 2",Berlin Township Trustee,,DEM,Write-In,3,3,0,0
Monroe,"Berlin Township, Precinct 2",Berlin Township Trustee,,DEM,Ballots Cast,731,731,0,0
Monroe,"Berlin Township, Precinct 3",Berlin Township Trustee,,DEM,Jennifer L. Ewen,106,106,0,0
Monroe,"Berlin Township, Precinct 3",Berlin Township Trustee,,DEM,Kellie Long,123,123,0,0
Monroe,"Berlin Township, Precinct 3",Berlin Township Trustee,,DEM,Robert D. Masserant,130,130,0,0
Monroe,"Berlin Township, Precinct 3",Berlin Township Trustee,,DEM,Total Votes,359,359,0,0
Monroe,"Berlin Township, Precinct 3",Berlin Township Trustee,,DEM,Write-In,4,4,0,0
Monroe,"Berlin Township, Precinct 3",Berlin Township Trustee,,DEM,Ballots Cast,407,407,0,0
Monroe,"Berlin Township, Precinct 4",Berlin Township Trustee,,DEM,Jennifer L. Ewen,158,158,0,0
Monroe,"Berlin Township, Precinct 4",Berlin Township Trustee,,DEM,Kellie Long,162,162,0,0
Monroe,"Berlin Township, Precinct 4",Berlin Township Trustee,,DEM,Robert D. Masserant,161,161,0,0
Monroe,"Berlin Township, Precinct 4",Berlin Township Trustee,,DEM,Total Votes,481,481,0,0
Monroe,"Berlin Township, Precinct 4",Berlin Township Trustee,,DEM,Write-In,5,5,0,0
Monroe,"Berlin Township, Precinct 4",Berlin Township Trustee,,DEM,Ballots Cast,582,582,0,0
Monroe,"Dundee Township, Precinct 1",Dundee Township Supervisor,,DEM,Joanna C. Uhl,166,166,0,0
Monroe,"Dundee Township, Precinct 1",Dundee Township Supervisor,,DEM,Total Votes,166,166,0,0
Monroe,"Dundee Township, Precinct 1",Dundee Township Supervisor,,DEM,Ballots Cast,467,467,0,0
Monroe,"Dundee Township, Precinct 2",Dundee Township Supervisor,,DEM,Joanna C. Uhl,218,218,0,0
Monroe,"Dundee Township, Precinct 2",Dundee Township Supervisor,,DEM,Total Votes,218,218,0,0
Monroe,"Dundee Township, Precinct 2",Dundee Township Supervisor,,DEM,Ballots Cast,654,654,0,0
Monroe,"Dundee Township, Precinct 3",Dundee Township Supervisor,,DEM,Joanna C. Uhl,237,237,0,0
Monroe,"Dundee Township, Precinct 3",Dundee Township Supervisor,,DEM,Total Votes,237,237,0,0
Monroe,"Dundee Township, Precinct 3",Dundee Township Supervisor,,DEM,Ballots Cast,692,692,0,0
Monroe,"Dundee Township, Precinct 1",Dundee Township Clerk,,DEM,Write-In,11,11,0,0
Monroe,"Dundee Township, Precinct 1",Dundee Township Clerk,,DEM,Ballots Cast,467,467,0,0
Monroe,"Dundee Township, Precinct 2",Dundee Township Clerk,,DEM,Write-In,13,13,0,0
Monroe,"Dundee Township, Precinct 2",Dundee Township Clerk,,DEM,Ballots Cast,654,654,0,0
Monroe,"Dundee Township, Precinct 3",Dundee Township Clerk,,DEM,Write-In,16,16,0,0
Monroe,"Dundee Township, Precinct 3",Dundee Township Clerk,,DEM,Ballots Cast,692,692,0,0
Monroe,"Dundee Township, Precinct 1",Dundee Township Treasurer,,DEM,Write-In,8,8,0,0
Monroe,"Dundee Township, Precinct 1",Dundee Township Treasurer,,DEM,Ballots Cast,467,467,0,0
Monroe,"Dundee Township, Precinct 2",Dundee Township Treasurer,,DEM,Write-In,9,9,0,0
Monroe,"Dundee Township, Precinct 2",Dundee Township Treasurer,,DEM,Ballots Cast,654,654,0,0
Monroe,"Dundee Township, Precinct 3",Dundee Township Treasurer,,DEM,Write-In,18,18,0,0
Monroe,"Dundee Township, Precinct 3",Dundee Township Treasurer,,DEM,Ballots Cast,692,692,0,0
Monroe,"Dundee Township, Precinct 1",Dundee Township Trustee,,DEM,Gary J. Lazette,168,168,0,0
Monroe,"Dundee Township, Precinct 1",Dundee Township Trustee,,DEM,Total Votes,168,168,0,0
Monroe,"Dundee Township, Precinct 1",Dundee Township Trustee,,DEM,Ballots Cast,467,467,0,0
Monroe,"Dundee Township, Precinct 2",Dundee Township Trustee,,DEM,Gary J. Lazette,213,213,0,0
Monroe,"Dundee Township, Precinct 2",Dundee Township Trustee,,DEM,Total Votes,213,213,0,0
Monroe,"Dundee Township, Precinct 2",Dundee Township Trustee,,DEM,Write-In,6,6,0,0
Monroe,"Dundee Township, Precinct 2",Dundee Township Trustee,,DEM,Ballots Cast,654,654,0,0
Monroe,"Dundee Township, Precinct 3",Dundee Township Trustee,,DEM,Gary J. Lazette,232,232,0,0
Monroe,"Dundee Township, Precinct 3",Dundee Township Trustee,,DEM,Total Votes,232,232,0,0
Monroe,"Dundee Township, Precinct 3",Dundee Township Trustee,,DEM,Write-In,3,3,0,0
Monroe,"Dundee Township, Precinct 3",Dundee Township Trustee,,DEM,Ballots Cast,692,692,0,0
Monroe,"Erie Township, Precinct 1",Erie Township Supervisor,,DEM,Michael W. Grodi,200,57,143,0
Monroe,"Erie Township, Precinct 1",Erie Township Supervisor,,DEM,Total Votes,200,57,143,0
Monroe,"Erie Township, Precinct 1",Erie Township Supervisor,,DEM,Ballots Cast,672,249,423,0
Monroe,"Erie Township, Precinct 2",Erie Township Supervisor,,DEM,Michael W. Grodi,114,22,92,0
Monroe,"Erie Township, Precinct 2",Erie Township Supervisor,,DEM,Total Votes,114,22,92,0
Monroe,"Erie Township, Precinct 2",Erie Township Supervisor,,DEM,Ballots Cast,402,164,238,0
Monroe,"Erie Township, Precinct 1",Erie Township Clerk,,DEM,Write-In,8,5,3,0
Monroe,"Erie Township, Precinct 1",Erie Township Clerk,,DEM,Ballots Cast,672,249,423,0
Monroe,"Erie Township, Precinct 2",Erie Township Clerk,,DEM,Write-In,8,2,6,0
Monroe,"Erie Township, Precinct 2",Erie Township Clerk,,DEM,Ballots Cast,402,164,238,0
Monroe,"Erie Township, Precinct 1",Erie Township Treasurer,,DEM,Write-In,7,4,3,0
Monroe,"Erie Township, Precinct 1",Erie Township Treasurer,,DEM,Ballots Cast,672,249,423,0
Monroe,"Erie Township, Precinct 2",Erie Township Treasurer,,DEM,Write-In,8,2,6,0
Monroe,"Erie Township, Precinct 2",Erie Township Treasurer,,DEM,Ballots Cast,402,164,238,0
Monroe,"Erie Township, Precinct 1",Erie Township Trustee,,DEM,Write-In,9,4,5,0
Monroe,"Erie Township, Precinct 1",Erie Township Trustee,,DEM,Ballots Cast,672,249,423,0
Monroe,"Erie Township, Precinct 2",Erie Township Trustee,,DEM,Write-In,9,3,6,0
Monroe,"Erie Township, Precinct 2",Erie Township Trustee,,DEM,Ballots Cast,402,164,238,0
Monroe,"Erie Township, Precinct 1",Erie Township Park Commissioner,,DEM,Write-In,4,3,1,0
Monroe,"Erie Township, Precinct 1",Erie Township Park Commissioner,,DEM,Ballots Cast,672,249,423,0
Monroe,"Erie Township, Precinct 2",Erie Township Park Commissioner,,DEM,Write-In,11,6,5,0
Monroe,"Erie Township, Precinct 2",Erie Township Park Commissioner,,DEM,Ballots Cast,402,164,238,0
Monroe,"Exeter Township, Precinct 1",Exeter Township Supervisor,,DEM,Write-In,14,14,0,0
Monroe,"Exeter Township, Precinct 1",Exeter Township Supervisor,,DEM,Ballots Cast,396,396,0,0
Monroe,"Exeter Township, Precinct 2",Exeter Township Supervisor,,DEM,Write-In,14,14,0,0
Monroe,"Exeter Township, Precinct 2",Exeter Township Supervisor,,DEM,Ballots Cast,475,475,0,0
Monroe,"Exeter Township, Precinct 1",Exeter Township Clerk,,DEM,Write-In,13,13,0,0
Monroe,"Exeter Township, Precinct 1",Exeter Township Clerk,,DEM,Ballots Cast,396,396,0,0
Monroe,"Exeter Township, Precinct 2",Exeter Township Clerk,,DEM,Write-In,13,13,0,0
Monroe,"Exeter Township, Precinct 2",Exeter Township Clerk,,DEM,Ballots Cast,475,475,0,0
Monroe,"Exeter Township, Precinct 1",Exeter Township Treasurer,,DEM,Write-In,11,11,0,0
Monroe,"Exeter Township, Precinct 1",Exeter Township Treasurer,,DEM,Ballots Cast,396,396,0,0
Monroe,"Exeter Township, Precinct 2",Exeter Township Treasurer,,DEM,Write-In,12,12,0,0
Monroe,"Exeter Township, Precinct 2",Exeter Township Treasurer,,DEM,Ballots Cast,475,475,0,0
Monroe,"Exeter Township, Precinct 1",Exeter Township Trustee,,DEM,Daniel J. Boggs,113,113,0,0
Monroe,"Exeter Township, Precinct 1",Exeter Township Trustee,,DEM,Total Votes,113,113,0,0
Monroe,"Exeter Township, Precinct 1",Exeter Township Trustee,,DEM,Ballots Cast,396,396,0,0
Monroe,"Exeter Township, Precinct 2",Exeter Township Trustee,,DEM,Daniel J. Boggs,147,147,0,0
Monroe,"Exeter Township, Precinct 2",Exeter Township Trustee,,DEM,Total Votes,147,147,0,0
Monroe,"Exeter Township, Precinct 2",Exeter Township Trustee,,DEM,Ballots Cast,475,475,0,0
Monroe,"Frenchtown Township, Precinct 1",Frenchtown Township Supervisor,,DEM,James A. McDevitt,88,21,67,0
Monroe,"Frenchtown Township, Precinct 1",Frenchtown Township Supervisor,,DEM,Total Votes,88,21,67,0
Monroe,"Frenchtown Township, Precinct 1",Frenchtown Township Supervisor,,DEM,Write-In,1,1,0,0
Monroe,"Frenchtown Township, Precinct 1",Frenchtown Township Supervisor,,DEM,Ballots Cast,307,126,181,0
Monroe,"Frenchtown Township, Precinct 2",Frenchtown Township Supervisor,,DEM,James A. McDevitt,131,24,107,0
Monroe,"Frenchtown Township, Precinct 2",Frenchtown Township Supervisor,,DEM,Total Votes,131,24,107,0
Monroe,"Frenchtown Township, Precinct 2",Frenchtown Township Supervisor,,DEM,Write-In,2,1,1,0
Monroe,"Frenchtown Township, Precinct 2",Frenchtown Township Supervisor,,DEM,Ballots Cast,384,141,243,0
Monroe,"Frenchtown Township, Precinct 3",Frenchtown Township Supervisor,,DEM,James A. McDevitt,117,20,97,0
Monroe,"Frenchtown Township, Precinct 3",Frenchtown Township Supervisor,,DEM,Total Votes,117,20,97,0
Monroe,"Frenchtown Township, Precinct 3",Frenchtown Township Supervisor,,DEM,Ballots Cast,465,151,314,0
Monroe,"Frenchtown Township, Precinct 4",Frenchtown Township Supervisor,,DEM,James A. McDevitt,215,25,190,0
Monroe,"Frenchtown Township, Precinct 4",Frenchtown Township Supervisor,,DEM,Total Votes,215,25,190,0
Monroe,"Frenchtown Township, Precinct 4",Frenchtown Township Supervisor,,DEM,Write-In,1,0,1,0
Monroe,"Frenchtown Township, Precinct 4",Frenchtown Township Supervisor,,DEM,Ballots Cast,657,154,503,0
Monroe,"Frenchtown Township, Precinct 5",Frenchtown Township Supervisor,,DEM,James A. McDevitt,171,29,142,0
Monroe,"Frenchtown Township, Precinct 5",Frenchtown Township Supervisor,,DEM,Total Votes,171,29,142,0
Monroe,"Frenchtown Township, Precinct 5",Frenchtown Township Supervisor,,DEM,Ballots Cast,417,139,278,0
Monroe,"Frenchtown Township, Precinct 6",Frenchtown Township Supervisor,,DEM,James A. McDevitt,188,38,150,0
Monroe,"Frenchtown Township, Precinct 6",Frenchtown Township Supervisor,,DEM,Total Votes,188,38,150,0
Monroe,"Frenchtown Township, Precinct 6",Frenchtown Township Supervisor,,DEM,Write-In,1,0,1,0
Monroe,"Frenchtown Township, Precinct 6",Frenchtown Township Supervisor,,DEM,Ballots Cast,625,230,395,0
Monroe,"Frenchtown Township, Precinct 7",Frenchtown Township Supervisor,,DEM,James A. McDevitt,319,45,274,0
Monroe,"Frenchtown Township, Precinct 7",Frenchtown Township Supervisor,,DEM,Total Votes,319,45,274,0
Monroe,"Frenchtown Township, Precinct 7",Frenchtown Township Supervisor,,DEM,Write-In,4,1,3,0
Monroe,"Frenchtown Township, Precinct 7",Frenchtown Township Supervisor,,DEM,Ballots Cast,1005,238,767,0
Monroe,"Frenchtown Township, Precinct 8",Frenchtown Township Supervisor,,DEM,James A. McDevitt,150,35,115,0
Monroe,"Frenchtown Township, Precinct 8",Frenchtown Township Supervisor,,DEM,Total Votes,150,35,115,0
Monroe,"Frenchtown Township, Precinct 8",Frenchtown Township Supervisor,,DEM,Ballots Cast,488,175,313,0
Monroe,"Frenchtown Township, Precinct 9",Frenchtown Township Supervisor,,DEM,James A. McDevitt,134,28,106,0
Monroe,"Frenchtown Township, Precinct 9",Frenchtown Township Supervisor,,DEM,Total Votes,134,28,106,0
Monroe,"Frenchtown Township, Precinct 9",Frenchtown Township Supervisor,,DEM,Write-In,1,0,1,0
Monroe,"Frenchtown Township, Precinct 9",Frenchtown Township Supervisor,,DEM,Ballots Cast,313,89,224,0
Monroe,"Frenchtown Township, Precinct 1",Frenchtown Township Clerk,,DEM,Natalie (Zieske) Askar,56,15,41,0
Monroe,"Frenchtown Township, Precinct 1",Frenchtown Township Clerk,,DEM,Robert Kull,29,6,23,0
Monroe,"Frenchtown Township, Precinct 1",Frenchtown Township Clerk,,DEM,Total Votes,85,21,64,0
Monroe,"Frenchtown Township, Precinct 1",Frenchtown Township Clerk,,DEM,Write-In,1,1,0,0
Monroe,"Frenchtown Township, Precinct 1",Frenchtown Township Clerk,,DEM,Ballots Cast,307,126,181,0
Monroe,"Frenchtown Township, Precinct 2",Frenchtown Township Clerk,,DEM,Natalie (Zieske) Askar,64,14,50,0
Monroe,"Frenchtown Township, Precinct 2",Frenchtown Township Clerk,,DEM,Robert Kull,73,14,59,0
Monroe,"Frenchtown Township, Precinct 2",Frenchtown Township Clerk,,DEM,Total Votes,137,28,109,0
Monroe,"Frenchtown Township, Precinct 2",Frenchtown Township Clerk,,DEM,Ballots Cast,384,141,243,0
Monroe,"Frenchtown Township, Precinct 3",Frenchtown Township Clerk,,DEM,Natalie (Zieske) Askar,69,15,54,0
Monroe,"Frenchtown Township, Precinct 3",Frenchtown Township Clerk,,DEM,Robert Kull,63,8,55,0
Monroe,"Frenchtown Township, Precinct 3",Frenchtown Township Clerk,,DEM,Total Votes,132,23,109,0
Monroe,"Frenchtown Township, Precinct 3",Frenchtown Township Clerk,,DEM,Ballots Cast,465,151,314,0
Monroe,"Frenchtown Township, Precinct 4",Frenchtown Township Clerk,,DEM,Natalie (Zieske) Askar,109,16,93,0
Monroe,"Frenchtown Township, Precinct 4",Frenchtown Township Clerk,,DEM,Robert Kull,110,11,99,0
Monroe,"Frenchtown Township, Precinct 4",Frenchtown Township Clerk,,DEM,Total Votes,219,27,192,0
Monroe,"Frenchtown Township, Precinct 4",Frenchtown Township Clerk,,DEM,Ballots Cast,657,154,503,0
Monroe,"Frenchtown Township, Precinct 5",Frenchtown Township Clerk,,DEM,Natalie (Zieske) Askar,108,18,90,0
Monroe,"Frenchtown Township, Precinct 5",Frenchtown Township Clerk,,DEM,Robert Kull,60,13,47,0
Monroe,"Frenchtown Township, Precinct 5",Frenchtown Township Clerk,,DEM,Total Votes,168,31,137,0
Monroe,"Frenchtown Township, Precinct 5",Frenchtown Township Clerk,,DEM,Write-In,1,1,0,0
Monroe,"Frenchtown Township, Precinct 5",Frenchtown Township Clerk,,DEM,Ballots Cast,417,139,278,0
Monroe,"Frenchtown Township, Precinct 6",Frenchtown Township Clerk,,DEM,Natalie (Zieske) Askar,77,16,61,0
Monroe,"Frenchtown Township, Precinct 6",Frenchtown Township Clerk,,DEM,Robert Kull,120,26,94,0
Monroe,"Frenchtown Township, Precinct 6",Frenchtown Township Clerk,,DEM,Total Votes,197,42,155,0
Monroe,"Frenchtown Township, Precinct 6",Frenchtown Township Clerk,,DEM,Ballots Cast,625,230,395,0
Monroe,"Frenchtown Township, Precinct 7",Frenchtown Township Clerk,,DEM,Natalie (Zieske) Askar,215,30,185,0
Monroe,"Frenchtown Township, Precinct 7",Frenchtown Township Clerk,,DEM,Robert Kull,136,17,119,0
Monroe,"Frenchtown Township, Precinct 7",Frenchtown Township Clerk,,DEM,Total Votes,351,47,304,0
Monroe,"Frenchtown Township, Precinct 7",Frenchtown Township Clerk,,DEM,Ballots Cast,1005,238,767,0
Monroe,"Frenchtown Township, Precinct 8",Frenchtown Township Clerk,,DEM,Natalie (Zieske) Askar,71,15,56,0
Monroe,"Frenchtown Township, Precinct 8",Frenchtown Township Clerk,,DEM,Robert Kull,82,23,59,0
Monroe,"Frenchtown Township, Precinct 8",Frenchtown Township Clerk,,DEM,Total Votes,153,38,115,0
Monroe,"Frenchtown Township, Precinct 8",Frenchtown Township Clerk,,DEM,Write-In,1,0,1,0
Monroe,"Frenchtown Township, Precinct 8",Frenchtown Township Clerk,,DEM,Ballots Cast,488,175,313,0
Monroe,"Frenchtown Township, Precinct 9",Frenchtown Township Clerk,,DEM,Natalie (Zieske) Askar,102,28,74,0
Monroe,"Frenchtown Township, Precinct 9",Frenchtown Township Clerk,,DEM,Robert Kull,45,4,41,0
Monroe,"Frenchtown Township, Precinct 9",Frenchtown Township Clerk,,DEM,Total Votes,147,32,115,0
Monroe,"Frenchtown Township, Precinct 9",Frenchtown Township Clerk,,DEM,Ballots Cast,313,89,224,0
Monroe,"Frenchtown Township, Precinct 1",Frenchtown Township Treasurer,,DEM,Julie Ellison,84,20,64,0
Monroe,"Frenchtown Township, Precinct 1",Frenchtown Township Treasurer,,DEM,Total Votes,84,20,64,0
Monroe,"Frenchtown Township, Precinct 1",Frenchtown Township Treasurer,,DEM,Write-In,1,1,0,0
Monroe,"Frenchtown Township, Precinct 1",Frenchtown Township Treasurer,,DEM,Ballots Cast,307,126,181,0
Monroe,"Frenchtown Township, Precinct 2",Frenchtown Township Treasurer,,DEM,Julie Ellison,140,26,114,0
Monroe,"Frenchtown Township, Precinct 2",Frenchtown Township Treasurer,,DEM,Total Votes,140,26,114,0
Monroe,"Frenchtown Township, Precinct 2",Frenchtown Township Treasurer,,DEM,Ballots Cast,384,141,243,0
Monroe,"Frenchtown Township, Precinct 3",Frenchtown Township Treasurer,,DEM,Julie Ellison,121,18,103,0
Monroe,"Frenchtown Township, Precinct 3",Frenchtown Township Treasurer,,DEM,Total Votes,121,18,103,0
Monroe,"Frenchtown Township, Precinct 3",Frenchtown Township Treasurer,,DEM,Ballots Cast,465,151,314,0
Monroe,"Frenchtown Township, Precinct 4",Frenchtown Township Treasurer,,DEM,Julie Ellison,217,26,191,0
Monroe,"Frenchtown Township, Precinct 4",Frenchtown Township Treasurer,,DEM,Total Votes,217,26,191,0
Monroe,"Frenchtown Township, Precinct 4",Frenchtown Township Treasurer,,DEM,Ballots Cast,657,154,503,0
Monroe,"Frenchtown Township, Precinct 5",Frenchtown Township Treasurer,,DEM,Julie Ellison,159,26,133,0
Monroe,"Frenchtown Township, Precinct 5",Frenchtown Township Treasurer,,DEM,Total Votes,159,26,133,0
Monroe,"Frenchtown Township, Precinct 5",Frenchtown Township Treasurer,,DEM,Write-In,2,1,1,0
Monroe,"Frenchtown Township, Precinct 5",Frenchtown Township Treasurer,,DEM,Ballots Cast,417,139,278,0
Monroe,"Frenchtown Township, Precinct 6",Frenchtown Township Treasurer,,DEM,Julie Ellison,184,37,147,0
Monroe,"Frenchtown Township, Precinct 6",Frenchtown Township Treasurer,,DEM,Total Votes,184,37,147,0
Monroe,"Frenchtown Township, Precinct 6",Frenchtown Township Treasurer,,DEM,Ballots Cast,625,230,395,0
Monroe,"Frenchtown Township, Precinct 7",Frenchtown Township Treasurer,,DEM,Julie Ellison,334,45,289,0
Monroe,"Frenchtown Township, Precinct 7",Frenchtown Township Treasurer,,DEM,Total Votes,334,45,289,0
Monroe,"Frenchtown Township, Precinct 7",Frenchtown Township Treasurer,,DEM,Ballots Cast,1005,238,767,0
Monroe,"Frenchtown Township, Precinct 8",Frenchtown Township Treasurer,,DEM,Julie Ellison,147,32,115,0
Monroe,"Frenchtown Township, Precinct 8",Frenchtown Township Treasurer,,DEM,Total Votes,147,32,115,0
Monroe,"Frenchtown Township, Precinct 8",Frenchtown Township Treasurer,,DEM,Ballots Cast,488,175,313,0
Monroe,"Frenchtown Township, Precinct 9",Frenchtown Township Treasurer,,DEM,Julie Ellison,136,28,108,0
Monroe,"Frenchtown Township, Precinct 9",Frenchtown Township Treasurer,,DEM,Total Votes,136,28,108,0
Monroe,"Frenchtown Township, Precinct 9",Frenchtown Township Treasurer,,DEM,Ballots Cast,313,89,224,0
Monroe,"Frenchtown Township, Precinct 1",Frenchtown Township Trustee,,DEM,Jon Moore,58,15,43,0
Monroe,"Frenchtown Township, Precinct 1",Frenchtown Township Trustee,,DEM,Kraig A. Yoas,64,16,48,0
Monroe,"Frenchtown Township, Precinct 1",Frenchtown Township Trustee,,DEM,Total Votes,122,31,91,0
Monroe,"Frenchtown Township, Precinct 1",Frenchtown Township Trustee,,DEM,Write-In,6,1,5,0
Monroe,"Frenchtown Township, Precinct 1",Frenchtown Township Trustee,,DEM,Ballots Cast,307,126,181,0
Monroe,"Frenchtown Township, Precinct 2",Frenchtown Township Trustee,,DEM,Jon Moore,103,19,84,0
Monroe,"Frenchtown Township, Precinct 2",Frenchtown Township Trustee,,DEM,Kraig A. Yoas,101,15,86,0
Monroe,"Frenchtown Township, Precinct 2",Frenchtown Township Trustee,,DEM,Total Votes,204,34,170,0
Monroe,"Frenchtown Township, Precinct 2",Frenchtown Township Trustee,,DEM,Write-In,5,1,4,0
Monroe,"Frenchtown Township, Precinct 2",Frenchtown Township Trustee,,DEM,Ballots Cast,384,141,243,0
Monroe,"Frenchtown Township, Precinct 3",Frenchtown Township Trustee,,DEM,Jon Moore,92,12,80,0
Monroe,"Frenchtown Township, Precinct 3",Frenchtown Township Trustee,,DEM,Kraig A. Yoas,103,17,86,0
Monroe,"Frenchtown Township, Precinct 3",Frenchtown Township Trustee,,DEM,Total Votes,195,29,166,0
Monroe,"Frenchtown Township, Precinct 3",Frenchtown Township Trustee,,DEM,Write-In,9,0,9,0
Monroe,"Frenchtown Township, Precinct 3",Frenchtown Township Trustee,,DEM,Ballots Cast,465,151,314,0
Monroe,"Frenchtown Township, Precinct 4",Frenchtown Township Trustee,,DEM,Jon Moore,181,19,162,0
Monroe,"Frenchtown Township, Precinct 4",Frenchtown Township Trustee,,DEM,Kraig A. Yoas,148,19,129,0
Monroe,"Frenchtown Township, Precinct 4",Frenchtown Township Trustee,,DEM,Total Votes,329,38,291,0
Monroe,"Frenchtown Township, Precinct 4",Frenchtown Township Trustee,,DEM,Write-In,6,1,5,0
Monroe,"Frenchtown Township, Precinct 4",Frenchtown Township Trustee,,DEM,Ballots Cast,657,154,503,0
Monroe,"Frenchtown Township, Precinct 5",Frenchtown Township Trustee,,DEM,Jon Moore,125,23,102,0
Monroe,"Frenchtown Township, Precinct 5",Frenchtown Township Trustee,,DEM,Kraig A. Yoas,131,19,112,0
Monroe,"Frenchtown Township, Precinct 5",Frenchtown Township Trustee,,DEM,Total Votes,256,42,214,0
Monroe,"Frenchtown Township, Precinct 5",Frenchtown Township Trustee,,DEM,Write-In,1,1,0,0
Monroe,"Frenchtown Township, Precinct 5",Frenchtown Township Trustee,,DEM,Ballots Cast,417,139,278,0
Monroe,"Frenchtown Township, Precinct 6",Frenchtown Township Trustee,,DEM,Jon Moore,143,27,116,0
Monroe,"Frenchtown Township, Precinct 6",Frenchtown Township Trustee,,DEM,Kraig A. Yoas,155,28,127,0
Monroe,"Frenchtown Township, Precinct 6",Frenchtown Township Trustee,,DEM,Total Votes,298,55,243,0
Monroe,"Frenchtown Township, Precinct 6",Frenchtown Township Trustee,,DEM,Write-In,3,2,1,0
Monroe,"Frenchtown Township, Precinct 6",Frenchtown Township Trustee,,DEM,Ballots Cast,625,230,395,0
Monroe,"Frenchtown Township, Precinct 7",Frenchtown Township Trustee,,DEM,Jon Moore,245,27,218,0
Monroe,"Frenchtown Township, Precinct 7",Frenchtown Township Trustee,,DEM,Kraig A. Yoas,257,32,225,0
Monroe,"Frenchtown Township, Precinct 7",Frenchtown Township Trustee,,DEM,Total Votes,502,59,443,0
Monroe,"Frenchtown Township, Precinct 7",Frenchtown Township Trustee,,DEM,Write-In,13,0,13,0
Monroe,"Frenchtown Township, Precinct 7",Frenchtown Township Trustee,,DEM,Ballots Cast,1005,238,767,0
Monroe,"Frenchtown Township, Precinct 8",Frenchtown Township Trustee,,DEM,Jon Moore,103,23,80,0
Monroe,"Frenchtown Township, Precinct 8",Frenchtown Township Trustee,,DEM,Kraig A. Yoas,124,26,98,0
Monroe,"Frenchtown Township, Precinct 8",Frenchtown Township Trustee,,DEM,Total Votes,227,49,178,0
Monroe,"Frenchtown Township, Precinct 8",Frenchtown Township Trustee,,DEM,Write-In,4,1,3,0
Monroe,"Frenchtown Township, Precinct 8",Frenchtown Township Trustee,,DEM,Ballots Cast,488,175,313,0
Monroe,"Frenchtown Township, Precinct 9",Frenchtown Township Trustee,,DEM,Jon Moore,117,23,94,0
Monroe,"Frenchtown Township, Precinct 9",Frenchtown Township Trustee,,DEM,Kraig A. Yoas,109,20,89,0
Monroe,"Frenchtown Township, Precinct 9",Frenchtown Township Trustee,,DEM,Total Votes,226,43,183,0
Monroe,"Frenchtown Township, Precinct 9",Frenchtown Township Trustee,,DEM,Write-In,4,1,3,0
Monroe,"Frenchtown Township, Precinct 9",Frenchtown Township Trustee,,DEM,Ballots Cast,313,89,224,0
Monroe,"Frenchtown Township, Precinct 1",Frenchtown Township Constable,,DEM,Write-In,4,3,1,0
Monroe,"Frenchtown Township, Precinct 1",Frenchtown Township Constable,,DEM,Ballots Cast,307,126,181,0
Monroe,"Frenchtown Township, Precinct 2",Frenchtown Township Constable,,DEM,Write-In,8,1,7,0
Monroe,"Frenchtown Township, Precinct 2",Frenchtown Township Constable,,DEM,Ballots Cast,384,141,243,0
Monroe,"Frenchtown Township, Precinct 3",Frenchtown Township Constable,,DEM,Write-In,6,0,6,0
Monroe,"Frenchtown Township, Precinct 3",Frenchtown Township Constable,,DEM,Ballots Cast,465,151,314,0
Monroe,"Frenchtown Township, Precinct 4",Frenchtown Township Constable,,DEM,Write-In,7,2,5,0
Monroe,"Frenchtown Township, Precinct 4",Frenchtown Township Constable,,DEM,Ballots Cast,657,154,503,0
Monroe,"Frenchtown Township, Precinct 5",Frenchtown Township Constable,,DEM,Write-In,8,1,7,0
Monroe,"Frenchtown Township, Precinct 5",Frenchtown Township Constable,,DEM,Ballots Cast,417,139,278,0
Monroe,"Frenchtown Township, Precinct 6",Frenchtown Township Constable,,DEM,Write-In,8,1,7,0
Monroe,"Frenchtown Township, Precinct 6",Frenchtown Township Constable,,DEM,Ballots Cast,625,230,395,0
Monroe,"Frenchtown Township, Precinct 7",Frenchtown Township Constable,,DEM,Write-In,9,2,7,0
Monroe,"Frenchtown Township, Precinct 7",Frenchtown Township Constable,,DEM,Ballots Cast,1005,238,767,0
Monroe,"Frenchtown Township, Precinct 8",Frenchtown Township Constable,,DEM,Write-In,2,1,1,0
Monroe,"Frenchtown Township, Precinct 8",Frenchtown Township Constable,,DEM,Ballots Cast,488,175,313,0
Monroe,"Frenchtown Township, Precinct 9",Frenchtown Township Constable,,DEM,Write-In,14,4,10,0
Monroe,"Frenchtown Township, Precinct 9",Frenchtown Township Constable,,DEM,Ballots Cast,313,89,224,0
Monroe,"Ida Township, Precinct 1",Ida Township Supervisor,,DEM,Write-In,9,6,3,0
Monroe,"Ida Township, Precinct 1",Ida Township Supervisor,,DEM,Ballots Cast,618,272,346,0
Monroe,"Ida Township, Precinct 2",Ida Township Supervisor,,DEM,Write-In,16,7,9,0
Monroe,"Ida Township, Precinct 2",Ida Township Supervisor,,DEM,Ballots Cast,687,293,394,0
Monroe,"Ida Township, Precinct 1",Ida Township Clerk,,DEM,Write-In,9,6,3,0
Monroe,"Ida Township, Precinct 1",Ida Township Clerk,,DEM,Ballots Cast,618,272,346,0
Monroe,"Ida Township, Precinct 2",Ida Township Clerk,,DEM,Write-In,15,7,8,0
Monroe,"Ida Township, Precinct 2",Ida Township Clerk,,DEM,Ballots Cast,687,293,394,0
Monroe,"Ida Township, Precinct 1",Ida Township Treasurer,,DEM,Write-In,9,6,3,0
Monroe,"Ida Township, Precinct 1",Ida Township Treasurer,,DEM,Ballots Cast,618,272,346,0
Monroe,"Ida Township, Precinct 2",Ida Township Treasurer,,DEM,Write-In,15,7,8,0
Monroe,"Ida Township, Precinct 2",Ida Township Treasurer,,DEM,Ballots Cast,687,293,394,0
Monroe,"Ida Township, Precinct 1",Ida Township Trustee,,DEM,Write-In,14,10,4,0
Monroe,"Ida Township, Precinct 1",Ida Township Trustee,,DEM,Ballots Cast,618,272,346,0
Monroe,"Ida Township, Precinct 2",Ida Township Trustee,,DEM,Write-In,22,7,15,0
Monroe,"Ida Township, Precinct 2",Ida Township Trustee,,DEM,Ballots Cast,687,293,394,0
Monroe,"Ida Township, Precinct 1",Ida Township Constable,,DEM,Write-In,6,4,2,0
Monroe,"Ida Township, Precinct 1",Ida Township Constable,,DEM,Ballots Cast,618,272,346,0
Monroe,"Ida Township, Precinct 2",Ida Township Constable,,DEM,Write-In,14,7,7,0
Monroe,"Ida Township, Precinct 2",Ida Township Constable,,DEM,Ballots Cast,687,293,394,0
Monroe,"La Salle Township, Precinct 1",La Salle Township Supervisor,,DEM,Write-In,9,3,6,0
Monroe,"La Salle Township, Precinct 1",La Salle Township Supervisor,,DEM,Ballots Cast,672,253,419,0
Monroe,"La Salle Township, Precinct 2",La Salle Township Supervisor,,DEM,Write-In,11,2,9,0
Monroe,"La Salle Township, Precinct 2",La Salle Township Supervisor,,DEM,Ballots Cast,779,325,454,0
Monroe,"La Salle Township, Precinct 1",La Salle Township Clerk,,DEM,Write-In,9,3,6,0
Monroe,"La Salle Township, Precinct 1",La Salle Township Clerk,,DEM,Ballots Cast,672,253,419,0
Monroe,"La Salle Township, Precinct 2",La Salle Township Clerk,,DEM,Write-In,10,2,8,0
Monroe,"La Salle Township, Precinct 2",La Salle Township Clerk,,DEM,Ballots Cast,779,325,454,0
Monroe,"La Salle Township, Precinct 1",La Salle Township Treasurer,,DEM,Write-In,8,3,5,0
Monroe,"La Salle Township, Precinct 1",La Salle Township Treasurer,,DEM,Ballots Cast,672,253,419,0
Monroe,"La Salle Township, Precinct 2",La Salle Township Treasurer,,DEM,Write-In,9,1,8,0
Monroe,"La Salle Township, Precinct 2",La Salle Township Treasurer,,DEM,Ballots Cast,779,325,454,0
Monroe,"La Salle Township, Precinct 1",La Salle Township Trustee,,DEM,Write-In,6,3,3,0
Monroe,"La Salle Township, Precinct 1",La Salle Township Trustee,,DEM,Ballots Cast,672,253,419,0
Monroe,"La Salle Township, Precinct 2",La Salle Township Trustee,,DEM,Write-In,11,1,10,0
Monroe,"La Salle Township, Precinct 2",La Salle Township Trustee,,DEM,Ballots Cast,779,325,454,0
Monroe,"London Township, Precinct 1",London Township Supervisor,,DEM,Darrell Howard,231,231,0,0
Monroe,"London Township, Precinct 1",London Township Supervisor,,DEM,Total Votes,231,231,0,0
Monroe,"London Township, Precinct 1",London Township Supervisor,,DEM,Write-In,2,2,0,0
Monroe,"London Township, Precinct 1",London Township Supervisor,,DEM,Ballots Cast,834,834,0,0
Monroe,"London Township, Precinct 1",London Township Clerk,,DEM,Kimberly A. Sharp,237,237,0,0
Monroe,"London Township, Precinct 1",London Township Clerk,,DEM,Total Votes,237,237,0,0
Monroe,"London Township, Precinct 1",London Township Clerk,,DEM,Ballots Cast,834,834,0,0
Monroe,"London Township, Precinct 1",London Township Treasurer,,DEM,Melissa J. Beauchamp,233,233,0,0
Monroe,"London Township, Precinct 1",London Township Treasurer,,DEM,Total Votes,233,233,0,0
Monroe,"London Township, Precinct 1",London Township Treasurer,,DEM,Write-In,3,3,0,0
Monroe,"London Township, Precinct 1",London Township Treasurer,,DEM,Ballots Cast,834,834,0,0
Monroe,"London Township, Precinct 1",London Township Trustee,,DEM,Jennifer Borso,195,195,0,0
Monroe,"London Township, Precinct 1",London Township Trustee,,DEM,Sheena Slavicek,158,158,0,0
Monroe,"London Township, Precinct 1",London Township Trustee,,DEM,Total Votes,353,353,0,0
Monroe,"London Township, Precinct 1",London Township Trustee,,DEM,Ballots Cast,834,834,0,0
Monroe,"Milan Township, Precinct 1",Milan Township Supervisor,,DEM,Write-In,15,15,0,0
Monroe,"Milan Township, Precinct 1",Milan Township Supervisor,,DEM,Ballots Cast,451,451,0,0
Monroe,"Milan Township, Precinct 1",Milan Township Clerk,,DEM,Write-In,12,12,0,0
Monroe,"Milan Township, Precinct 1",Milan Township Clerk,,DEM,Ballots Cast,451,451,0,0
Monroe,"Milan Township, Precinct 1",Milan Township Treasurer,,DEM,James Early,134,134,0,0
Monroe,"Milan Township, Precinct 1",Milan Township Treasurer,,DEM,Total Votes,134,134,0,0
Monroe,"Milan Township, Precinct 1",Milan Township Treasurer,,DEM,Write-In,1,1,0,0
Monroe,"Milan Township, Precinct 1",Milan Township Treasurer,,DEM,Ballots Cast,451,451,0,0
Monroe,"Milan Township, Precinct 1",Milan Township Trustee,,DEM,Write-In,20,20,0,0
Monroe,"Milan Township, Precinct 1",Milan Township Trustee,,DEM,Ballots Cast,451,451,0,0
Monroe,"Monroe Township, Precinct 1",Monroe Township Supervisor,,DEM,Alan Barron,200,32,168,0
Monroe,"Monroe Township, Precinct 1",Monroe Township Supervisor,,DEM,Total Votes,200,32,168,0
Monroe,"Monroe Township, Precinct 1",Monroe Township Supervisor,,DEM,Write-In,1,1,0,0
Monroe,"Monroe Township, Precinct 1",Monroe Township Supervisor,,DEM,Ballots Cast,452,114,338,0
Monroe,"Monroe Township, Precinct 2",Monroe Township Supervisor,,DEM,Alan Barron,110,18,92,0
Monroe,"Monroe Township, Precinct 2",Monroe Township Supervisor,,DEM,Total Votes,110,18,92,0
Monroe,"Monroe Township, Precinct 2",Monroe Township Supervisor,,DEM,Ballots Cast,248,75,173,0
Monroe,"Monroe Township, Precinct 3",Monroe Township Supervisor,,DEM,Alan Barron,160,29,131,0
Monroe,"Monroe Township, Precinct 3",Monroe Township Supervisor,,DEM,Total Votes,160,29,131,0
Monroe,"Monroe Township, Precinct 3",Monroe Township Supervisor,,DEM,Write-In,3,0,3,0
Monroe,"Monroe Township, Precinct 3",Monroe Township Supervisor,,DEM,Ballots Cast,454,146,308,0
Monroe,"Monroe Township, Precinct 4",Monroe Township Supervisor,,DEM,Alan Barron,235,48,187,0
Monroe,"Monroe Township, Precinct 4",Monroe Township Supervisor,,DEM,Total Votes,235,48,187,0
Monroe,"Monroe Township, Precinct 4",Monroe Township Supervisor,,DEM,Write-In,5,1,4,0
Monroe,"Monroe Township, Precinct 4",Monroe Township Supervisor,,DEM,Ballots Cast,577,186,391,0
Monroe,"Monroe Township, Precinct 5",Monroe Township Supervisor,,DEM,Alan Barron,277,32,245,0
Monroe,"Monroe Township, Precinct 5",Monroe Township Supervisor,,DEM,Total Votes,277,32,245,0
Monroe,"Monroe Township, Precinct 5",Monroe Township Supervisor,,DEM,Write-In,2,0,2,0
Monroe,"Monroe Township, Precinct 5",Monroe Township Supervisor,,DEM,Ballots Cast,831,242,589,0
Monroe,"Monroe Township, Precinct 6",Monroe Township Supervisor,,DEM,Alan Barron,209,32,177,0
Monroe,"Monroe Township, Precinct 6",Monroe Township Supervisor,,DEM,Total Votes,209,32,177,0
Monroe,"Monroe Township, Precinct 6",Monroe Township Supervisor,,DEM,Ballots Cast,538,141,397,0
Monroe,"Monroe Township, Precinct 1",Monroe Township Clerk,,DEM,Write-In,17,4,13,0
Monroe,"Monroe Township, Precinct 1",Monroe Township Clerk,,DEM,Ballots Cast,452,114,338,0
Monroe,"Monroe Township, Precinct 2",Monroe Township Clerk,,DEM,Write-In,11,5,6,0
Monroe,"Monroe Township, Precinct 2",Monroe Township Clerk,,DEM,Ballots Cast,248,75,173,0
Monroe,"Monroe Township, Precinct 3",Monroe Township Clerk,,DEM,Write-In,15,6,9,0
Monroe,"Monroe Township, Precinct 3",Monroe Township Clerk,,DEM,Ballots Cast,454,146,308,0
Monroe,"Monroe Township, Precinct 4",Monroe Township Clerk,,DEM,Write-In,32,7,25,0
Monroe,"Monroe Township, Precinct 4",Monroe Township Clerk,,DEM,Ballots Cast,577,186,391,0
Monroe,"Monroe Township, Precinct 5",Monroe Township Clerk,,DEM,Write-In,24,7,17,0
Monroe,"Monroe Township, Precinct 5",Monroe Township Clerk,,DEM,Ballots Cast,831,242,589,0
Monroe,"Monroe Township, Precinct 6",Monroe Township Clerk,,DEM,Write-In,19,5,14,0
Monroe,"Monroe Township, Precinct 6",Monroe Township Clerk,,DEM,Ballots Cast,538,141,397,0
Monroe,"Monroe Township, Precinct 1",Monroe Township Treasurer,,DEM,Penny D. Barton,202,34,168,0
Monroe,"Monroe Township, Precinct 1",Monroe Township Treasurer,,DEM,Total Votes,202,34,168,0
Monroe,"Monroe Township, Precinct 1",Monroe Township Treasurer,,DEM,Ballots Cast,452,114,338,0
Monroe,"Monroe Township, Precinct 2",Monroe Township Treasurer,,DEM,Penny D. Barton,106,17,89,0
Monroe,"Monroe Township, Precinct 2",Monroe Township Treasurer,,DEM,Total Votes,106,17,89,0
Monroe,"Monroe Township, Precinct 2",Monroe Township Treasurer,,DEM,Ballots Cast,248,75,173,0
Monroe,"Monroe Township, Precinct 3",Monroe Township Treasurer,,DEM,Penny D. Barton,169,30,139,0
Monroe,"Monroe Township, Precinct 3",Monroe Township Treasurer,,DEM,Total Votes,169,30,139,0
Monroe,"Monroe Township, Precinct 3",Monroe Township Treasurer,,DEM,Write-In,1,0,1,0
Monroe,"Monroe Township, Precinct 3",Monroe Township Treasurer,,DEM,Ballots Cast,454,146,308,0
Monroe,"Monroe Township, Precinct 4",Monroe Township Treasurer,,DEM,Penny D. Barton,231,48,183,0
Monroe,"Monroe Township, Precinct 4",Monroe Township Treasurer,,DEM,Total Votes,231,48,183,0
Monroe,"Monroe Township, Precinct 4",Monroe Township Treasurer,,DEM,Write-In,3,1,2,0
Monroe,"Monroe Township, Precinct 4",Monroe Township Treasurer,,DEM,Ballots Cast,577,186,391,0
Monroe,"Monroe Township, Precinct 5",Monroe Township Treasurer,,DEM,Penny D. Barton,284,33,251,0
Monroe,"Monroe Township, Precinct 5",Monroe Township Treasurer,,DEM,Total Votes,284,33,251,0
Monroe,"Monroe Township, Precinct 5",Monroe Township Treasurer,,DEM,Write-In,1,0,1,0
Monroe,"Monroe Township, Precinct 5",Monroe Township Treasurer,,DEM,Ballots Cast,831,242,589,0
Monroe,"Monroe Township, Precinct 6",Monroe Township Treasurer,,DEM,Penny D. Barton,203,32,171,0
Monroe,"Monroe Township, Precinct 6",Monroe Township Treasurer,,DEM,Total Votes,203,32,171,0
Monroe,"Monroe Township, Precinct 6",Monroe Township Treasurer,,DEM,Ballots Cast,538,141,397,0
Monroe,"Monroe Township, Precinct 1",Monroe Township Trustee,,DEM,Total Votes,197,34,163,0
Monroe,"Monroe Township, Precinct 1",Monroe Township Trustee,,DEM,Write-In,7,3,4,0
Monroe,"Monroe Township, Precinct 1",Monroe Township Trustee,,DEM,William F. Heck Jr.,197,34,163,0
Monroe,"Monroe Township, Precinct 1",Monroe Township Trustee,,DEM,Ballots Cast,452,114,338,0
Monroe,"Monroe Township, Precinct 2",Monroe Township Trustee,,DEM,Total Votes,108,17,91,0
Monroe,"Monroe Township, Precinct 2",Monroe Township Trustee,,DEM,Write-In,1,0,1,0
Monroe,"Monroe Township, Precinct 2",Monroe Township Trustee,,DEM,William F. Heck Jr.,108,17,91,0
Monroe,"Monroe Township, Precinct 2",Monroe Township Trustee,,DEM,Ballots Cast,248,75,173,0
Monroe,"Monroe Township, Precinct 3",Monroe Township Trustee,,DEM,Total Votes,158,26,132,0
Monroe,"Monroe Township, Precinct 3",Monroe Township Trustee,,DEM,Write-In,2,1,1,0
Monroe,"Monroe Township, Precinct 3",Monroe Township Trustee,,DEM,William F. Heck Jr.,158,26,132,0
Monroe,"Monroe Township, Precinct 3",Monroe Township Trustee,,DEM,Ballots Cast,454,146,308,0
Monroe,"Monroe Township, Precinct 4",Monroe Township Trustee,,DEM,Total Votes,237,46,191,0
Monroe,"Monroe Township, Precinct 4",Monroe Township Trustee,,DEM,Write-In,9,1,8,0
Monroe,"Monroe Township, Precinct 4",Monroe Township Trustee,,DEM,William F. Heck Jr.,237,46,191,0
Monroe,"Monroe Township, Precinct 4",Monroe Township Trustee,,DEM,Ballots Cast,577,186,391,0
Monroe,"Monroe Township, Precinct 5",Monroe Township Trustee,,DEM,Total Votes,273,33,240,0
Monroe,"Monroe Township, Precinct 5",Monroe Township Trustee,,DEM,Write-In,11,3,8,0
Monroe,"Monroe Township, Precinct 5",Monroe Township Trustee,,DEM,William F. Heck Jr.,273,33,240,0
Monroe,"Monroe Township, Precinct 5",Monroe Township Trustee,,DEM,Ballots Cast,831,242,589,0
Monroe,"Monroe Township, Precinct 6",Monroe Township Trustee,,DEM,Total Votes,199,32,167,0
Monroe,"Monroe Township, Precinct 6",Monroe Township Trustee,,DEM,Write-In,1,1,0,0
Monroe,"Monroe Township, Precinct 6",Monroe Township Trustee,,DEM,William F. Heck Jr.,199,32,167,0
Monroe,"Monroe Township, Precinct 6",Monroe Township Trustee,,DEM,Ballots Cast,538,141,397,0
Monroe,"Raisinville Township, Precinct 1",Raisinville Township Supervisor,,DEM,Gerald Blanchette,229,29,200,0
Monroe,"Raisinville Township, Precinct 1",Raisinville Township Supervisor,,DEM,Total Votes,229,29,200,0
Monroe,"Raisinville Township, Precinct 1",Raisinville Township Supervisor,,DEM,Ballots Cast,833,241,592,0
Monroe,"Raisinville Township, Precinct 2",Raisinville Township Supervisor,,DEM,Gerald Blanchette,281,59,222,0
Monroe,"Raisinville Township, Precinct 2",Raisinville Township Supervisor,,DEM,Total Votes,281,59,222,0
Monroe,"Raisinville Township, Precinct 2",Raisinville Township Supervisor,,DEM,Write-In,2,0,2,0
Monroe,"Raisinville Township, Precinct 2",Raisinville Township Supervisor,,DEM,Ballots Cast,791,271,520,0
Monroe,"Raisinville Township, Precinct 1",Raisinville Township Clerk,,DEM,Write-In,20,6,14,0
Monroe,"Raisinville Township, Precinct 1",Raisinville Township Clerk,,DEM,Ballots Cast,833,241,592,0
Monroe,"Raisinville Township, Precinct 2",Raisinville Township Clerk,,DEM,Write-In,20,4,16,0
Monroe,"Raisinville Township, Precinct 2",Raisinville Township Clerk,,DEM,Ballots Cast,791,271,520,0
Monroe,"Raisinville Township, Precinct 1",Raisinville Township Treasurer,,DEM,Write-In,19,6,13,0
Monroe,"Raisinville Township, Precinct 1",Raisinville Township Treasurer,,DEM,Ballots Cast,833,241,592,0
Monroe,"Raisinville Township, Precinct 2",Raisinville Township Treasurer,,DEM,Write-In,20,4,16,0
Monroe,"Raisinville Township, Precinct 2",Raisinville Township Treasurer,,DEM,Ballots Cast,791,271,520,0
Monroe,"Raisinville Township, Precinct 1",Raisinville Township Trustee,,DEM,Keith Henderson,221,28,193,0
Monroe,"Raisinville Township, Precinct 1",Raisinville Township Trustee,,DEM,Total Votes,221,28,193,0
Monroe,"Raisinville Township, Precinct 1",Raisinville Township Trustee,,DEM,Write-In,1,0,1,0
Monroe,"Raisinville Township, Precinct 1",Raisinville Township Trustee,,DEM,Ballots Cast,833,241,592,0
Monroe,"Raisinville Township, Precinct 2",Raisinville Township Trustee,,DEM,Keith Henderson,268,55,213,0
Monroe,"Raisinville Township, Precinct 2",Raisinville Township Trustee,,DEM,Total Votes,268,55,213,0
Monroe,"Raisinville Township, Precinct 2",Raisinville Township Trustee,,DEM,Write-In,1,0,1,0
Monroe,"Raisinville Township, Precinct 2",Raisinville Township Trustee,,DEM,Ballots Cast,791,271,520,0
Monroe,"Raisinville Township, Precinct 1",Raisinville Township Constable,,DEM,Write-In,19,6,13,0
Monroe,"Raisinville Township, Precinct 1",Raisinville Township Constable,,DEM,Ballots Cast,833,241,592,0
Monroe,"Raisinville Township, Precinct 2",Raisinville Township Constable,,DEM,Write-In,19,4,15,0
Monroe,"Raisinville Township, Precinct 2",Raisinville Township Constable,,DEM,Ballots Cast,791,271,520,0
Monroe,"Summerfield Township, Precinct 1",Summerfield Township Supervisor,,DEM,Write-In,15,15,0,0
Monroe,"Summerfield Township, Precinct 1",Summerfield Township Supervisor,,DEM,Ballots Cast,984,984,0,0
Monroe,"Summerfield Township, Precinct 1",Summerfield Township Clerk,,DEM,Write-In,13,13,0,0
Monroe,"Summerfield Township, Precinct 1",Summerfield Township Clerk,,DEM,Ballots Cast,984,984,0,0
Monroe,"Summerfield Township, Precinct 1",Summerfield Township Treasurer,,DEM,Write-In,13,13,0,0
Monroe,"Summerfield Township, Precinct 1",Summerfield Township Treasurer,,DEM,Ballots Cast,984,984,0,0
Monroe,"Summerfield Township, Precinct 1",Summerfield Township Trustee,,DEM,Write-In,21,21,0,0
Monroe,"Summerfield Township, Precinct 1",Summerfield Township Trustee,,DEM,Ballots Cast,984,984,0,0
Monroe,"Summerfield Township, Precinct 1",Summerfield Township Constable,,DEM,Norman E. Whipple,147,147,0,0
Monroe,"Summerfield Township, Precinct 1",Summerfield Township Constable,,DEM,Total Votes,147,147,0,0
Monroe,"Summerfield Township, Precinct 1",Summerfield Township Constable,,DEM,Write-In,4,4,0,0
Monroe,"Summerfield Township, Precinct 1",Summerfield Township Constable,,DEM,Ballots Cast,984,984,0,0
Monroe,"Whiteford Township, Precinct 1",Whiteford Township Supervisor,,DEM,Write-In,14,6,8,0
Monroe,"Whiteford Township, Precinct 1",Whiteford Township Supervisor,,DEM,Ballots Cast,518,213,305,0
Monroe,"Whiteford Township, Precinct 2",Whiteford Township Supervisor,,DEM,Write-In,6,3,3,0
Monroe,"Whiteford Township, Precinct 2",Whiteford Township Supervisor,,DEM,Ballots Cast,385,170,215,0
Monroe,"Whiteford Township, Precinct 1",Whiteford Township Clerk,,DEM,Write-In,12,4,8,0
Monroe,"Whiteford Township, Precinct 1",Whiteford Township Clerk,,DEM,Ballots Cast,518,213,305,0
Monroe,"Whiteford Township, Precinct 2",Whiteford Township Clerk,,DEM,Write-In,6,3,3,0
Monroe,"Whiteford Township, Precinct 2",Whiteford Township Clerk,,DEM,Ballots Cast,385,170,215,0
Monroe,"Whiteford Township, Precinct 1",Whiteford Township Treasurer,,DEM,Write-In,12,4,8,0
Monroe,"Whiteford Township, Precinct 1",Whiteford Township Treasurer,,DEM,Ballots Cast,518,213,305,0
Monroe,"Whiteford Township, Precinct 2",Whiteford Township Treasurer,,DEM,Write-In,6,3,3,0
Monroe,"Whiteford Township, Precinct 2",Whiteford Township Treasurer,,DEM,Ballots Cast,385,170,215,0
Monroe,"Whiteford Township, Precinct 1",Whiteford Township Trustee,,DEM,Bernice L. Heidelberg,146,40,106,0
Monroe,"Whiteford Township, Precinct 1",Whiteford Township Trustee,,DEM,Total Votes,146,40,106,0
Monroe,"Whiteford Township, Precinct 1",Whiteford Township Trustee,,DEM,Write-In,9,4,5,0
Monroe,"Whiteford Township, Precinct 1",Whiteford Township Trustee,,DEM,Ballots Cast,518,213,305,0
Monroe,"Whiteford Township, Precinct 2",Whiteford Township Trustee,,DEM,Bernice L. Heidelberg,71,19,52,0
Monroe,"Whiteford Township, Precinct 2",Whiteford Township Trustee,,DEM,Total Votes,71,19,52,0
Monroe,"Whiteford Township, Precinct 2",Whiteford Township Trustee,,DEM,Write-In,4,3,1,0
Monroe,"Whiteford Township, Precinct 2",Whiteford Township Trustee,,DEM,Ballots Cast,385,170,215,0
Monroe,"Ash Township, Precinct 1","Ash Township, Precinct 1 Delegate",,DEM,Write-In,8,8,0,0
Monroe,"Ash Township, Precinct 1","Ash Township, Precinct 1 Delegate",,DEM,Ballots Cast,664,664,0,0
Monroe,"Ash Township, Precinct 2","Ash Township, Precinct 2 Delegate",,DEM,Write-In,29,29,0,0
Monroe,"Ash Township, Precinct 2","Ash Township, Precinct 2 Delegate",,DEM,Ballots Cast,732,732,0,0
Monroe,"Ash Township, Precinct 3","Ash Township, Precinct 3 Delegate",,DEM,Write-In,13,13,0,0
Monroe,"Ash Township, Precinct 3","Ash Township, Precinct 3 Delegate",,DEM,Ballots Cast,593,593,0,0
Monroe,"City of Luna Pier, Precinct 1","City of Luna Pier, Precinct 1 Delegate",,DEM,Write-In,34,34,0,0
Monroe,"City of Luna Pier, Precinct 1","City of Luna Pier, Precinct 1 Delegate",,DEM,Ballots Cast,372,372,0,0
Monroe,"City of Milan, Precinct 1","City of Milan, Precinct 1 Delegate",,DEM,Write-In,23,23,0,0
Monroe,"City of Milan, Precinct 1","City of Milan, Precinct 1 Delegate",,DEM,Ballots Cast,423,423,0,0
Monroe,"City of Monroe, Precinct 1","City of Monroe, Precinct 1 Delegate",,DEM,Christine DeRoque,241,34,207,0
Monroe,"City of Monroe, Precinct 1","City of Monroe, Precinct 1 Delegate",,DEM,Jill M. Frederick,213,31,182,0
Monroe,"City of Monroe, Precinct 1","City of Monroe, Precinct 1 Delegate",,DEM,Total Votes,454,65,389,0
Monroe,"City of Monroe, Precinct 1","City of Monroe, Precinct 1 Delegate",,DEM,Write-In,21,8,13,0
Monroe,"City of Monroe, Precinct 1","City of Monroe, Precinct 1 Delegate",,DEM,Ballots Cast,608,158,450,0
Monroe,"City of Monroe, Precinct 2","City of Monroe, Precinct 2 Delegate",,DEM,Rachel Lazere,172,45,127,0
Monroe,"City of Monroe, Precinct 2","City of Monroe, Precinct 2 Delegate",,DEM,Tammy VanRiper,144,41,103,0
Monroe,"City of Monroe, Precinct 2","City of Monroe, Precinct 2 Delegate",,DEM,Total Votes,316,86,230,0
Monroe,"City of Monroe, Precinct 2","City of Monroe, Precinct 2 Delegate",,DEM,Write-In,14,8,6,0
Monroe,"City of Monroe, Precinct 2","City of Monroe, Precinct 2 Delegate",,DEM,Ballots Cast,487,180,307,0
Monroe,"City of Monroe, Precinct 3N","City of Monroe, Precinct 3N Delegate",,DEM,Write-In,42,27,15,0
Monroe,"City of Monroe, Precinct 3N","City of Monroe, Precinct 3N Delegate",,DEM,Ballots Cast,288,116,172,0
Monroe,"City of Monroe, Precinct 3S","City of Monroe, Precinct 3S Delegate",,DEM,Write-In,43,14,29,0
Monroe,"City of Monroe, Precinct 3S","City of Monroe, Precinct 3S Delegate",,DEM,Ballots Cast,213,88,125,0
Monroe,"City of Monroe, Precinct 4","City of Monroe, Precinct 4 Delegate",,DEM,Linda Lauer,397,72,325,0
Monroe,"City of Monroe, Precinct 4","City of Monroe, Precinct 4 Delegate",,DEM,Total Votes,397,72,325,0
Monroe,"City of Monroe, Precinct 4","City of Monroe, Precinct 4 Delegate",,DEM,Write-In,12,3,9,0
Monroe,"City of Monroe, Precinct 4","City of Monroe, Precinct 4 Delegate",,DEM,Ballots Cast,872,283,589,0
Monroe,"City of Monroe, Precinct 5","City of Monroe, Precinct 5 Delegate",,DEM,Branna M. Toles,299,31,268,0
Monroe,"City of Monroe, Precinct 5","City of Monroe, Precinct 5 Delegate",,DEM,Gloria Rafko,362,41,321,0
Monroe,"City of Monroe, Precinct 5","City of Monroe, Precinct 5 Delegate",,DEM,Total Votes,661,72,589,0
Monroe,"City of Monroe, Precinct 5","City of Monroe, Precinct 5 Delegate",,DEM,Write-In,17,7,10,0
Monroe,"City of Monroe, Precinct 5","City of Monroe, Precinct 5 Delegate",,DEM,Ballots Cast,956,226,730,0
Monroe,"City of Monroe, Precinct 6","City of Monroe, Precinct 6 Delegate",,DEM,Write-In,54,24,30,0
Monroe,"City of Monroe, Precinct 6","City of Monroe, Precinct 6 Delegate",,DEM,Ballots Cast,692,212,480,0
Monroe,"City of Petersburg, Precinct 1","City of Petersburg, Precinct 1 Delegate",,DEM,Write-In,15,15,0,0
Monroe,"City of Petersburg, Precinct 1","City of Petersburg, Precinct 1 Delegate",,DEM,Ballots Cast,268,268,0,0
Monroe,"Bedford Township, Precinct 1","Bedford Township, Precinct 1 Delegate",,DEM,Write-In,12,2,10,0
Monroe,"Bedford Township, Precinct 1","Bedford Township, Precinct 1 Delegate",,DEM,Ballots Cast,338,169,169,0
Monroe,"Bedford Township, Precinct 2","Bedford Township, Precinct 2 Delegate",,DEM,Write-In,8,2,6,0
Monroe,"Bedford Township, Precinct 2","Bedford Township, Precinct 2 Delegate",,DEM,Ballots Cast,641,246,395,0
Monroe,"Bedford Township, Precinct 3","Bedford Township, Precinct 3 Delegate",,DEM,Write-In,1,1,0,0
Monroe,"Bedford Township, Precinct 3","Bedford Township, Precinct 3 Delegate",,DEM,Ballots Cast,588,288,300,0
Monroe,"Bedford Township, Precinct 4","Bedford Township, Precinct 4 Delegate",,DEM,Mary Ann Neopolitan,220,50,170,0
Monroe,"Bedford Township, Precinct 4","Bedford Township, Precinct 4 Delegate",,DEM,Ralph Neopolitan,183,40,143,0
Monroe,"Bedford Township, Precinct 4","Bedford Township, Precinct 4 Delegate",,DEM,Total Votes,403,90,313,0
Monroe,"Bedford Township, Precinct 4","Bedford Township, Precinct 4 Delegate",,DEM,Ballots Cast,763,283,480,0
Monroe,"Bedford Township, Precinct 5","Bedford Township, Precinct 5 Delegate",,DEM,Write-In,12,3,9,0
Monroe,"Bedford Township, Precinct 5","Bedford Township, Precinct 5 Delegate",,DEM,Ballots Cast,647,250,397,0
Monroe,"Bedford Township, Precinct 6","Bedford Township, Precinct 6 Delegate",,DEM,Write-In,31,9,22,0
Monroe,"Bedford Township, Precinct 6","Bedford Township, Precinct 6 Delegate",,DEM,Ballots Cast,937,407,530,0
Monroe,"Bedford Township, Precinct 7","Bedford Township, Precinct 7 Delegate",,DEM,Write-In,7,4,3,0
Monroe,"Bedford Township, Precinct 7","Bedford Township, Precinct 7 Delegate",,DEM,Ballots Cast,739,263,476,0
Monroe,"Bedford Township, Precinct 8","Bedford Township, Precinct 8 Delegate",,DEM,Write-In,5,3,2,0
Monroe,"Bedford Township, Precinct 8","Bedford Township, Precinct 8 Delegate",,DEM,Ballots Cast,814,291,523,0
Monroe,"Bedford Township, Precinct 9","Bedford Township, Precinct 9 Delegate",,DEM,Write-In,8,1,7,0
Monroe,"Bedford Township, Precinct 9","Bedford Township, Precinct 9 Delegate",,DEM,Ballots Cast,535,190,345,0
Monroe,"Bedford Township, Precinct 10","Bedford Township, Precinct 10 Delegate",,DEM,Write-In,9,4,5,0
Monroe,"Bedford Township, Precinct 10","Bedford Township, Precinct 10 Delegate",,DEM,Ballots Cast,470,192,278,0
Monroe,"Bedford Township, Precinct 11","Bedford Township, Precinct 11 Delegate",,DEM,Karen V. Kolar,196,53,143,0
Monroe,"Bedford Township, Precinct 11","Bedford Township, Precinct 11 Delegate",,DEM,Total Votes,196,53,143,0
Monroe,"Bedford Township, Precinct 11","Bedford Township, Precinct 11 Delegate",,DEM,Write-In,1,0,1,0
Monroe,"Bedford Township, Precinct 11","Bedford Township, Precinct 11 Delegate",,DEM,Ballots Cast,805,356,449,0
Monroe,"Bedford Township, Precinct 12","Bedford Township, Precinct 12 Delegate",,DEM,Write-In,12,5,7,0
Monroe,"Bedford Township, Precinct 12","Bedford Township, Precinct 12 Delegate",,DEM,Ballots Cast,578,218,360,0
Monroe,"Bedford Township, Precinct 13","Bedford Township, Precinct 13 Delegate",,DEM,Write-In,19,9,10,0
Monroe,"Bedford Township, Precinct 13","Bedford Township, Precinct 13 Delegate",,DEM,Ballots Cast,662,292,370,0
Monroe,"Bedford Township, Precinct 14","Bedford Township, Precinct 14 Delegate",,DEM,Write-In,9,5,4,0
Monroe,"Bedford Township, Precinct 14","Bedford Township, Precinct 14 Delegate",,DEM,Ballots Cast,403,145,258,0
Monroe,"Berlin Township, Precinct 1","Berlin Township, Precinct 1 Delegate",,DEM,Write-In,8,8,0,0
Monroe,"Berlin Township, Precinct 1","Berlin Township, Precinct 1 Delegate",,DEM,Ballots Cast,444,444,0,0
Monroe,"Berlin Township, Precinct 2","Berlin Township, Precinct 2 Delegate",,DEM,Write-In,22,22,0,0
Monroe,"Berlin Township, Precinct 2","Berlin Township, Precinct 2 Delegate",,DEM,Ballots Cast,731,731,0,0
Monroe,"Berlin Township, Precinct 3","Berlin Township, Precinct 3 Delegate",,DEM,Write-In,12,12,0,0
Monroe,"Berlin Township, Precinct 3","Berlin Township, Precinct 3 Delegate",,DEM,Ballots Cast,407,407,0,0
Monroe,"Berlin Township, Precinct 4","Berlin Township, Precinct 4 Delegate",,DEM,Write-In,14,14,0,0
Monroe,"Berlin Township, Precinct 4","Berlin Township, Precinct 4 Delegate",,DEM,Ballots Cast,582,582,0,0
Monroe,"Dundee Township, Precinct 1","Dundee Township, Precinct 1 Delegate",,DEM,Write-In,8,8,0,0
Monroe,"Dundee Township, Precinct 1","Dundee Township, Precinct 1 Delegate",,DEM,Ballots Cast,467,467,0,0
Monroe,"Dundee Township, Precinct 2","Dundee Township, Precinct 2 Delegate",,DEM,Write-In,14,14,0,0
Monroe,"Dundee Township, Precinct 2","Dundee Township, Precinct 2 Delegate",,DEM,Ballots Cast,654,654,0,0
Monroe,"Dundee Township, Precinct 3","Dundee Township, Precinct 3 Delegate",,DEM,Bonnie Weber,209,209,0,0
Monroe,"Dundee Township, Precinct 3","Dundee Township, Precinct 3 Delegate",,DEM,Brian Middleton,185,185,0,0
Monroe,"Dundee Township, Precinct 3","Dundee Township, Precinct 3 Delegate",,DEM,Total Votes,394,394,0,0
Monroe,"Dundee Township, Precinct 3","Dundee Township, Precinct 3 Delegate",,DEM,Write-In,2,2,0,0
Monroe,"Dundee Township, Precinct 3","Dundee Township, Precinct 3 Delegate",,DEM,Ballots Cast,692,692,0,0
Monroe,"Erie Township, Precinct 1","Erie Township, Precinct 1 Delegate",,DEM,Write-In,6,3,3,0
Monroe,"Erie Township, Precinct 1","Erie Township, Precinct 1 Delegate",,DEM,Ballots Cast,672,249,423,0
Monroe,"Erie Township, Precinct 2","Erie Township, Precinct 2 Delegate",,DEM,Sue Anne Brooker,96,17,79,0
Monroe,"Erie Township, Precinct 2","Erie Township, Precinct 2 Delegate",,DEM,Total Votes,96,17,79,0
Monroe,"Erie Township, Precinct 2","Erie Township, Precinct 2 Delegate",,DEM,Ballots Cast,402,164,238,0
Monroe,"Exeter Township, Precinct 1","Exeter Township, Precinct 1 Delegate",,DEM,Write-In,13,13,0,0
Monroe,"Exeter Township, Precinct 1","Exeter Township, Precinct 1 Delegate",,DEM,Ballots Cast,396,396,0,0
Monroe,"Exeter Township, Precinct 2","Exeter Township, Precinct 2 Delegate",,DEM,Write-In,19,19,0,0
Monroe,"Exeter Township, Precinct 2","Exeter Township, Precinct 2 Delegate",,DEM,Ballots Cast,475,475,0,0
Monroe,"Frenchtown Township, Precinct 1","Frenchtown Township, Precinct 1 Delegate",,DEM,Write-In,6,4,2,0
Monroe,"Frenchtown Township, Precinct 1","Frenchtown Township, Precinct 1 Delegate",,DEM,Ballots Cast,307,126,181,0
Monroe,"Frenchtown Township, Precinct 2","Frenchtown Township, Precinct 2 Delegate",,DEM,Rachel Kull,128,26,102,0
Monroe,"Frenchtown Township, Precinct 2","Frenchtown Township, Precinct 2 Delegate",,DEM,Total Votes,128,26,102,0
Monroe,"Frenchtown Township, Precinct 2","Frenchtown Township, Precinct 2 Delegate",,DEM,Ballots Cast,384,141,243,0
Monroe,"Frenchtown Township, Precinct 3","Frenchtown Township, Precinct 3 Delegate",,DEM,Write-In,8,0,8,0
Monroe,"Frenchtown Township, Precinct 3","Frenchtown Township, Precinct 3 Delegate",,DEM,Ballots Cast,465,151,314,0
Monroe,"Frenchtown Township, Precinct 4","Frenchtown Township, Precinct 4 Delegate",,DEM,Jennifer Devenish,216,24,192,0
Monroe,"Frenchtown Township, Precinct 4","Frenchtown Township, Precinct 4 Delegate",,DEM,Total Votes,216,24,192,0
Monroe,"Frenchtown Township, Precinct 4","Frenchtown Township, Precinct 4 Delegate",,DEM,Write-In,5,0,5,0
Monroe,"Frenchtown Township, Precinct 4","Frenchtown Township, Precinct 4 Delegate",,DEM,Ballots Cast,657,154,503,0
Monroe,"Frenchtown Township, Precinct 5","Frenchtown Township, Precinct 5 Delegate",,DEM,Write-In,17,3,14,0
Monroe,"Frenchtown Township, Precinct 5","Frenchtown Township, Precinct 5 Delegate",,DEM,Ballots Cast,417,139,278,0
Monroe,"Frenchtown Township, Precinct 6","Frenchtown Township, Precinct 6 Delegate",,DEM,Justin Albert Kull,136,27,109,0
Monroe,"Frenchtown Township, Precinct 6","Frenchtown Township, Precinct 6 Delegate",,DEM,Rick Kull,148,30,118,0
Monroe,"Frenchtown Township, Precinct 6","Frenchtown Township, Precinct 6 Delegate",,DEM,Robert Kull,132,26,106,0
Monroe,"Frenchtown Township, Precinct 6","Frenchtown Township, Precinct 6 Delegate",,DEM,Total Votes,416,83,333,0
Monroe,"Frenchtown Township, Precinct 6","Frenchtown Township, Precinct 6 Delegate",,DEM,Write-In,1,0,1,0
Monroe,"Frenchtown Township, Precinct 6","Frenchtown Township, Precinct 6 Delegate",,DEM,Ballots Cast,625,230,395,0
Monroe,"Frenchtown Township, Precinct 7","Frenchtown Township, Precinct 7 Delegate",,DEM,Denise D. Brooks,321,40,281,0
Monroe,"Frenchtown Township, Precinct 7","Frenchtown Township, Precinct 7 Delegate",,DEM,Total Votes,321,40,281,0
Monroe,"Frenchtown Township, Precinct 7","Frenchtown Township, Precinct 7 Delegate",,DEM,Write-In,1,0,1,0
Monroe,"Frenchtown Township, Precinct 7","Frenchtown Township, Precinct 7 Delegate",,DEM,Ballots Cast,1005,238,767,0
Monroe,"Frenchtown Township, Precinct 8","Frenchtown Township, Precinct 8 Delegate",,DEM,Mary Etta Kreklau,146,31,115,0
Monroe,"Frenchtown Township, Precinct 8","Frenchtown Township, Precinct 8 Delegate",,DEM,Total Votes,146,31,115,0
Monroe,"Frenchtown Township, Precinct 8","Frenchtown Township, Precinct 8 Delegate",,DEM,Write-In,3,1,2,0
Monroe,"Frenchtown Township, Precinct 8","Frenchtown Township, Precinct 8 Delegate",,DEM,Ballots Cast,488,175,313,0
Monroe,"Frenchtown Township, Precinct 9","Frenchtown Township, Precinct 9 Delegate",,DEM,Write-In,15,5,10,0
Monroe,"Frenchtown Township, Precinct 9","Frenchtown Township, Precinct 9 Delegate",,DEM,Ballots Cast,313,89,224,0
Monroe,"Ida Township, Precinct 1","Ida Township, Precinct 1 Delegate",,DEM,Write-In,17,6,11,0
Monroe,"Ida Township, Precinct 1","Ida Township, Precinct 1 Delegate",,DEM,Ballots Cast,618,272,346,0
Monroe,"Ida Township, Precinct 2","Ida Township, Precinct 2 Delegate",,DEM,Write-In,15,7,8,0
Monroe,"Ida Township, Precinct 2","Ida Township, Precinct 2 Delegate",,DEM,Ballots Cast,687,293,394,0
Monroe,"La Salle Township, Precinct 1","La Salle Township, Precinct 1 Delegate",,DEM,Write-In,10,3,7,0
Monroe,"La Salle Township, Precinct 1","La Salle Township, Precinct 1 Delegate",,DEM,Ballots Cast,672,253,419,0
Monroe,"La Salle Township, Precinct 2","La Salle Township, Precinct 2 Delegate",,DEM,Write-In,30,0,30,0
Monroe,"La Salle Township, Precinct 2","La Salle Township, Precinct 2 Delegate",,DEM,Ballots Cast,779,325,454,0
Monroe,"London Township, Precinct 1","London Township, Precinct 1 Delegate",,DEM,Write-In,33,33,0,0
Monroe,"London Township, Precinct 1","London Township, Precinct 1 Delegate",,DEM,Ballots Cast,834,834,0,0
Monroe,"Milan Township, Precinct 1","Milan Township, Precinct 1 Delegate",,DEM,Write-In,25,25,0,0
Monroe,"Milan Township, Precinct 1","Milan Township, Precinct 1 Delegate",,DEM,Ballots Cast,451,451,0,0
Monroe,"Monroe Township, Precinct 1","Monroe Township, Precinct 1 Delegate",,DEM,Write-In,23,5,18,0
Monroe,"Monroe Township, Precinct 1","Monroe Township, Precinct 1 Delegate",,DEM,Ballots Cast,452,114,338,0
Monroe,"Monroe Township, Precinct 2","Monroe Township, Precinct 2 Delegate",,DEM,Write-In,11,6,5,0
Monroe,"Monroe Township, Precinct 2","Monroe Township, Precinct 2 Delegate",,DEM,Ballots Cast,248,75,173,0
Monroe,"Monroe Township, Precinct 3","Monroe Township, Precinct 3 Delegate",,DEM,Ernie Whiteside,115,16,99,0
Monroe,"Monroe Township, Precinct 3","Monroe Township, Precinct 3 Delegate",,DEM,Leigh Kegerreis,133,20,113,0
Monroe,"Monroe Township, Precinct 3","Monroe Township, Precinct 3 Delegate",,DEM,Lisa Anneberg,125,20,105,0
Monroe,"Monroe Township, Precinct 3","Monroe Township, Precinct 3 Delegate",,DEM,Total Votes,373,56,317,0
Monroe,"Monroe Township, Precinct 3","Monroe Township, Precinct 3 Delegate",,DEM,Ballots Cast,454,146,308,0
Monroe,"Monroe Township, Precinct 4","Monroe Township, Precinct 4 Delegate",,DEM,Write-In,34,4,30,0
Monroe,"Monroe Township, Precinct 4","Monroe Township, Precinct 4 Delegate",,DEM,Ballots Cast,577,186,391,0
Monroe,"Monroe Township, Precinct 5","Monroe Township, Precinct 5 Delegate",,DEM,Write-In,28,9,19,0
Monroe,"Monroe Township, Precinct 5","Monroe Township, Precinct 5 Delegate",,DEM,Ballots Cast,831,242,589,0
Monroe,"Monroe Township, Precinct 6","Monroe Township, Precinct 6 Delegate",,DEM,Write-In,27,2,25,0
Monroe,"Monroe Township, Precinct 6","Monroe Township, Precinct 6 Delegate",,DEM,Ballots Cast,538,141,397,0
Monroe,"Raisinville Township, Precinct 1","Raisinville Township, Precinct 1 Delegate",,DEM,Write-In,43,9,34,0
Monroe,"Raisinville Township, Precinct 1","Raisinville Township, Precinct 1 Delegate",,DEM,Ballots Cast,833,241,592,0
Monroe,"Raisinville Township, Precinct 2","Raisinville Township, Precinct 2 Delegate",,DEM,Catharine Calder,277,56,221,0
Monroe,"Raisinville Township, Precinct 2","Raisinville Township, Precinct 2 Delegate",,DEM,Total Votes,277,56,221,0
Monroe,"Raisinville Township, Precinct 2","Raisinville Township, Precinct 2 Delegate",,DEM,Write-In,7,0,7,0
Monroe,"Raisinville Township, Precinct 2","Raisinville Township, Precinct 2 Delegate",,DEM,Ballots Cast,791,271,520,0
Monroe,"Summerfield Township, Precinct 1","Summerfield Township, Precinct 1 Delegate",,DEM,Write-In,23,23,0,0
Monroe,"Summerfield Township, Precinct 1","Summerfield Township, Precinct 1 Delegate",,DEM,Ballots Cast,984,984,0,0
Monroe,"Whiteford Township, Precinct 1","Whiteford Township, Precinct 1 Delegate",,DEM,Write-In,13,2,11,0
Monroe,"Whiteford Township, Precinct 1","Whiteford Township, Precinct 1 Delegate",,DEM,Ballots Cast,518,213,305,0
Monroe,"Whiteford Township, Precinct 2","Whiteford Township, Precinct 2 Delegate",,DEM,Write-In,8,2,6,0
Monroe,"Whiteford Township, Precinct 2","Whiteford Township, Precinct 2 Delegate",,DEM,Ballots Cast,385,170,215,0
Monroe,"Ash Township, Precinct 1",U.S. Senate,,REP,John James,303,303,0,0
Monroe,"Ash Township, Precinct 1",U.S. Senate,,REP,Total Votes,303,303,0,0
Monroe,"Ash Township, Precinct 1",U.S. Senate,,REP,Write-In,1,1,0,0
Monroe,"Ash Township, Precinct 1",U.S. Senate,,REP,Ballots Cast,664,664,0,0
Monroe,"Ash Township, Precinct 2",U.S. Senate,,REP,John James,326,326,0,0
Monroe,"Ash Township, Precinct 2",U.S. Senate,,REP,Total Votes,326,326,0,0
Monroe,"Ash Township, Precinct 2",U.S. Senate,,REP,Write-In,1,1,0,0
Monroe,"Ash Township, Precinct 2",U.S. Senate,,REP,Ballots Cast,732,732,0,0
Monroe,"Ash Township, Precinct 3",U.S. Senate,,REP,John James,267,267,0,0
Monroe,"Ash Township, Precinct 3",U.S. Senate,,REP,Total Votes,267,267,0,0
Monroe,"Ash Township, Precinct 3",U.S. Senate,,REP,Write-In,3,3,0,0
Monroe,"Ash Township, Precinct 3",U.S. Senate,,REP,Ballots Cast,593,593,0,0
Monroe,"Bedford Township, Precinct 1",U.S. Senate,,REP,John James,193,120,73,0
Monroe,"Bedford Township, Precinct 1",U.S. Senate,,REP,Total Votes,193,120,73,0
Monroe,"Bedford Township, Precinct 1",U.S. Senate,,REP,Write-In,2,0,2,0
Monroe,"Bedford Township, Precinct 1",U.S. Senate,,REP,Ballots Cast,338,169,169,0
Monroe,"Bedford Township, Precinct 10",U.S. Senate,,REP,John James,244,133,111,0
Monroe,"Bedford Township, Precinct 10",U.S. Senate,,REP,Total Votes,244,133,111,0
Monroe,"Bedford Township, Precinct 10",U.S. Senate,,REP,Write-In,1,1,0,0
Monroe,"Bedford Township, Precinct 10",U.S. Senate,,REP,Ballots Cast,470,192,278,0
Monroe,"Bedford Township, Precinct 11",U.S. Senate,,REP,John James,425,245,180,0
Monroe,"Bedford Township, Precinct 11",U.S. Senate,,REP,Total Votes,425,245,180,0
Monroe,"Bedford Township, Precinct 11",U.S. Senate,,REP,Write-In,1,0,1,0
Monroe,"Bedford Township, Precinct 11",U.S. Senate,,REP,Ballots Cast,805,356,449,0
Monroe,"Bedford Township, Precinct 12",U.S. Senate,,REP,John James,258,138,120,0
Monroe,"Bedford Township, Precinct 12",U.S. Senate,,REP,Total Votes,258,138,120,0
Monroe,"Bedford Township, Precinct 12",U.S. Senate,,REP,Ballots Cast,578,218,360,0
Monroe,"Bedford Township, Precinct 13",U.S. Senate,,REP,John James,330,199,131,0
Monroe,"Bedford Township, Precinct 13",U.S. Senate,,REP,Total Votes,330,199,131,0
Monroe,"Bedford Township, Precinct 13",U.S. Senate,,REP,Write-In,1,0,1,0
Monroe,"Bedford Township, Precinct 13",U.S. Senate,,REP,Ballots Cast,662,292,370,0
Monroe,"Bedford Township, Precinct 14",U.S. Senate,,REP,John James,160,84,76,0
Monroe,"Bedford Township, Precinct 14",U.S. Senate,,REP,Total Votes,160,84,76,0
Monroe,"Bedford Township, Precinct 14",U.S. Senate,,REP,Ballots Cast,403,145,258,0
Monroe,"Bedford Township, Precinct 2",U.S. Senate,,REP,John James,317,165,152,0
Monroe,"Bedford Township, Precinct 2",U.S. Senate,,REP,Total Votes,317,165,152,0
Monroe,"Bedford Township, Precinct 2",U.S. Senate,,REP,Ballots Cast,641,246,395,0
Monroe,"Bedford Township, Precinct 3",U.S. Senate,,REP,John James,289,199,90,0
Monroe,"Bedford Township, Precinct 3",U.S. Senate,,REP,Total Votes,289,199,90,0
Monroe,"Bedford Township, Precinct 3",U.S. Senate,,REP,Write-In,2,2,0,0
Monroe,"Bedford Township, Precinct 3",U.S. Senate,,REP,Ballots Cast,588,288,300,0
Monroe,"Bedford Township, Precinct 4",U.S. Senate,,REP,John James,358,186,172,0
Monroe,"Bedford Township, Precinct 4",U.S. Senate,,REP,Total Votes,358,186,172,0
Monroe,"Bedford Township, Precinct 4",U.S. Senate,,REP,Write-In,1,1,0,0
Monroe,"Bedford Township, Precinct 4",U.S. Senate,,REP,Ballots Cast,763,283,480,0
Monroe,"Bedford Township, Precinct 5",U.S. Senate,,REP,John James,296,161,135,0
Monroe,"Bedford Township, Precinct 5",U.S. Senate,,REP,Total Votes,296,161,135,0
Monroe,"Bedford Township, Precinct 5",U.S. Senate,,REP,Ballots Cast,647,250,397,0
Monroe,"Bedford Township, Precinct 6",U.S. Senate,,REP,John James,486,290,196,0
Monroe,"Bedford Township, Precinct 6",U.S. Senate,,REP,Total Votes,486,290,196,0
Monroe,"Bedford Township, Precinct 6",U.S. Senate,,REP,Ballots Cast,937,407,530,0
Monroe,"Bedford Township, Precinct 7",U.S. Senate,,REP,John James,339,187,152,0
Monroe,"Bedford Township, Precinct 7",U.S. Senate,,REP,Total Votes,339,187,152,0
Monroe,"Bedford Township, Precinct 7",U.S. Senate,,REP,Write-In,1,0,1,0
Monroe,"Bedford Township, Precinct 7",U.S. Senate,,REP,Ballots Cast,739,263,476,0
Monroe,"Bedford Township, Precinct 8",U.S. Senate,,REP,John James,393,186,207,0
Monroe,"Bedford Township, Precinct 8",U.S. Senate,,REP,Total Votes,393,186,207,0
Monroe,"Bedford Township, Precinct 8",U.S. Senate,,REP,Write-In,1,0,1,0
Monroe,"Bedford Township, Precinct 8",U.S. Senate,,REP,Ballots Cast,814,291,523,0
Monroe,"Bedford Township, Precinct 9",U.S. Senate,,REP,John James,233,120,113,0
Monroe,"Bedford Township, Precinct 9",U.S. Senate,,REP,Total Votes,233,120,113,0
Monroe,"Bedford Township, Precinct 9",U.S. Senate,,REP,Ballots Cast,535,190,345,0
Monroe,"Berlin Township, Precinct 1",U.S. Senate,,REP,John James,197,197,0,0
Monroe,"Berlin Township, Precinct 1",U.S. Senate,,REP,Total Votes,197,197,0,0
Monroe,"Berlin Township, Precinct 1",U.S. Senate,,REP,Write-In,1,1,0,0
Monroe,"Berlin Township, Precinct 1",U.S. Senate,,REP,Ballots Cast,444,444,0,0
Monroe,"Berlin Township, Precinct 2",U.S. Senate,,REP,John James,350,350,0,0
Monroe,"Berlin Township, Precinct 2",U.S. Senate,,REP,Total Votes,350,350,0,0
Monroe,"Berlin Township, Precinct 2",U.S. Senate,,REP,Ballots Cast,731,731,0,0
Monroe,"Berlin Township, Precinct 3",U.S. Senate,,REP,John James,162,162,0,0
Monroe,"Berlin Township, Precinct 3",U.S. Senate,,REP,Total Votes,162,162,0,0
Monroe,"Berlin Township, Precinct 3",U.S. Senate,,REP,Ballots Cast,407,407,0,0
Monroe,"Berlin Township, Precinct 4",U.S. Senate,,REP,John James,261,261,0,0
Monroe,"Berlin Township, Precinct 4",U.S. Senate,,REP,Total Votes,261,261,0,0
Monroe,"Berlin Township, Precinct 4",U.S. Senate,,REP,Ballots Cast,582,582,0,0
Monroe,"City of Luna Pier, Precinct 1",U.S. Senate,,REP,John James,150,150,0,0
Monroe,"City of Luna Pier, Precinct 1",U.S. Senate,,REP,Total Votes,150,150,0,0
Monroe,"City of Luna Pier, Precinct 1",U.S. Senate,,REP,Ballots Cast,372,372,0,0
Monroe,"City of Milan, Precinct 1",U.S. Senate,,REP,John James,156,156,0,0
Monroe,"City of Milan, Precinct 1",U.S. Senate,,REP,Total Votes,156,156,0,0
Monroe,"City of Milan, Precinct 1",U.S. Senate,,REP,Ballots Cast,423,423,0,0
Monroe,"City of Monroe, Precinct 1",U.S. Senate,,REP,John James,206,98,108,0
Monroe,"City of Monroe, Precinct 1",U.S. Senate,,REP,Total Votes,206,98,108,0
Monroe,"City of Monroe, Precinct 1",U.S. Senate,,REP,Write-In,1,0,1,0
Monroe,"City of Monroe, Precinct 1",U.S. Senate,,REP,Ballots Cast,608,158,450,0
Monroe,"City of Monroe, Precinct 2",U.S. Senate,,REP,John James,168,100,68,0
Monroe,"City of Monroe, Precinct 2",U.S. Senate,,REP,Total Votes,168,100,68,0
Monroe,"City of Monroe, Precinct 2",U.S. Senate,,REP,Write-In,3,2,1,0
Monroe,"City of Monroe, Precinct 2",U.S. Senate,,REP,Ballots Cast,487,180,307,0
Monroe,"City of Monroe, Precinct 3N",U.S. Senate,,REP,John James,103,69,34,0
Monroe,"City of Monroe, Precinct 3N",U.S. Senate,,REP,Total Votes,103,69,34,0
Monroe,"City of Monroe, Precinct 3N",U.S. Senate,,REP,Ballots Cast,288,116,172,0
Monroe,"City of Monroe, Precinct 3S",U.S. Senate,,REP,John James,57,31,26,0
Monroe,"City of Monroe, Precinct 3S",U.S. Senate,,REP,Total Votes,57,31,26,0
Monroe,"City of Monroe, Precinct 3S",U.S. Senate,,REP,Ballots Cast,213,88,125,0
Monroe,"City of Monroe, Precinct 4",U.S. Senate,,REP,John James,332,185,147,0
Monroe,"City of Monroe, Precinct 4",U.S. Senate,,REP,Total Votes,332,185,147,0
Monroe,"City of Monroe, Precinct 4",U.S. Senate,,REP,Write-In,2,2,0,0
Monroe,"City of Monroe, Precinct 4",U.S. Senate,,REP,Ballots Cast,872,283,589,0
Monroe,"City of Monroe, Precinct 5",U.S. Senate,,REP,John James,309,141,168,0
Monroe,"City of Monroe, Precinct 5",U.S. Senate,,REP,Total Votes,309,141,168,0
Monroe,"City of Monroe, Precinct 5",U.S. Senate,,REP,Write-In,3,2,1,0
Monroe,"City of Monroe, Precinct 5",U.S. Senate,,REP,Ballots Cast,956,226,730,0
Monroe,"City of Monroe, Precinct 6",U.S. Senate,,REP,John James,250,124,126,0
Monroe,"City of Monroe, Precinct 6",U.S. Senate,,REP,Total Votes,250,124,126,0
Monroe,"City of Monroe, Precinct 6",U.S. Senate,,REP,Write-In,1,1,0,0
Monroe,"City of Monroe, Precinct 6",U.S. Senate,,REP,Ballots Cast,692,212,480,0
Monroe,"City of Petersburg, Precinct 1",U.S. Senate,,REP,John James,109,109,0,0
Monroe,"City of Petersburg, Precinct 1",U.S. Senate,,REP,Total Votes,109,109,0,0
Monroe,"City of Petersburg, Precinct 1",U.S. Senate,,REP,Ballots Cast,268,268,0,0
Monroe,"Dundee Township, Precinct 1",U.S. Senate,,REP,John James,178,178,0,0
Monroe,"Dundee Township, Precinct 1",U.S. Senate,,REP,Total Votes,178,178,0,0
Monroe,"Dundee Township, Precinct 1",U.S. Senate,,REP,Ballots Cast,467,467,0,0
Monroe,"Dundee Township, Precinct 2",U.S. Senate,,REP,John James,262,262,0,0
Monroe,"Dundee Township, Precinct 2",U.S. Senate,,REP,Total Votes,262,262,0,0
Monroe,"Dundee Township, Precinct 2",U.S. Senate,,REP,Write-In,3,3,0,0
Monroe,"Dundee Township, Precinct 2",U.S. Senate,,REP,Ballots Cast,654,654,0,0
Monroe,"Dundee Township, Precinct 3",U.S. Senate,,REP,John James,311,311,0,0
Monroe,"Dundee Township, Precinct 3",U.S. Senate,,REP,Total Votes,311,311,0,0
Monroe,"Dundee Township, Precinct 3",U.S. Senate,,REP,Ballots Cast,692,692,0,0
Monroe,"Erie Township, Precinct 1",U.S. Senate,,REP,John James,325,161,164,0
Monroe,"Erie Township, Precinct 1",U.S. Senate,,REP,Total Votes,325,161,164,0
Monroe,"Erie Township, Precinct 1",U.S. Senate,,REP,Ballots Cast,672,249,423,0
Monroe,"Erie Township, Precinct 2",U.S. Senate,,REP,John James,200,120,80,0
Monroe,"Erie Township, Precinct 2",U.S. Senate,,REP,Total Votes,200,120,80,0
Monroe,"Erie Township, Precinct 2",U.S. Senate,,REP,Write-In,1,0,1,0
Monroe,"Erie Township, Precinct 2",U.S. Senate,,REP,Ballots Cast,402,164,238,0
Monroe,"Exeter Township, Precinct 1",U.S. Senate,,REP,John James,195,195,0,0
Monroe,"Exeter Township, Precinct 1",U.S. Senate,,REP,Total Votes,195,195,0,0
Monroe,"Exeter Township, Precinct 1",U.S. Senate,,REP,Write-In,3,3,0,0
Monroe,"Exeter Township, Precinct 1",U.S. Senate,,REP,Ballots Cast,396,396,0,0
Monroe,"Exeter Township, Precinct 2",U.S. Senate,,REP,John James,221,221,0,0
Monroe,"Exeter Township, Precinct 2",U.S. Senate,,REP,Total Votes,221,221,0,0
Monroe,"Exeter Township, Precinct 2",U.S. Senate,,REP,Ballots Cast,475,475,0,0
Monroe,"Frenchtown Township, Precinct 1",U.S. Senate,,REP,John James,163,92,71,0
Monroe,"Frenchtown Township, Precinct 1",U.S. Senate,,REP,Total Votes,163,92,71,0
Monroe,"Frenchtown Township, Precinct 1",U.S. Senate,,REP,Ballots Cast,307,126,181,0
Monroe,"Frenchtown Township, Precinct 2",U.S. Senate,,REP,John James,158,97,61,0
Monroe,"Frenchtown Township, Precinct 2",U.S. Senate,,REP,Total Votes,158,97,61,0
Monroe,"Frenchtown Township, Precinct 2",U.S. Senate,,REP,Write-In,2,1,1,0
Monroe,"Frenchtown Township, Precinct 2",U.S. Senate,,REP,Ballots Cast,384,141,243,0
Monroe,"Frenchtown Township, Precinct 3",U.S. Senate,,REP,John James,229,114,115,0
Monroe,"Frenchtown Township, Precinct 3",U.S. Senate,,REP,Total Votes,229,114,115,0
Monroe,"Frenchtown Township, Precinct 3",U.S. Senate,,REP,Write-In,2,1,1,0
Monroe,"Frenchtown Township, Precinct 3",U.S. Senate,,REP,Ballots Cast,465,151,314,0
Monroe,"Frenchtown Township, Precinct 4",U.S. Senate,,REP,John James,306,120,186,0
Monroe,"Frenchtown Township, Precinct 4",U.S. Senate,,REP,Total Votes,306,120,186,0
Monroe,"Frenchtown Township, Precinct 4",U.S. Senate,,REP,Ballots Cast,657,154,503,0
Monroe,"Frenchtown Township, Precinct 5",U.S. Senate,,REP,John James,168,104,64,0
Monroe,"Frenchtown Township, Precinct 5",U.S. Senate,,REP,Total Votes,168,104,64,0
Monroe,"Frenchtown Township, Precinct 5",U.S. Senate,,REP,Write-In,2,0,2,0
Monroe,"Frenchtown Township, Precinct 5",U.S. Senate,,REP,Ballots Cast,417,139,278,0
Monroe,"Frenchtown Township, Precinct 6",U.S. Senate,,REP,John James,275,167,108,0
Monroe,"Frenchtown Township, Precinct 6",U.S. Senate,,REP,Total Votes,275,167,108,0
Monroe,"Frenchtown Township, Precinct 6",U.S. Senate,,REP,Write-In,3,0,3,0
Monroe,"Frenchtown Township, Precinct 6",U.S. Senate,,REP,Ballots Cast,625,230,395,0
Monroe,"Frenchtown Township, Precinct 7",U.S. Senate,,REP,John James,427,155,272,0
Monroe,"Frenchtown Township, Precinct 7",U.S. Senate,,REP,Total Votes,427,155,272,0
Monroe,"Frenchtown Township, Precinct 7",U.S. Senate,,REP,Write-In,6,3,3,0
Monroe,"Frenchtown Township, Precinct 7",U.S. Senate,,REP,Ballots Cast,1005,238,767,0
Monroe,"Frenchtown Township, Precinct 8",U.S. Senate,,REP,John James,230,119,111,0
Monroe,"Frenchtown Township, Precinct 8",U.S. Senate,,REP,Total Votes,230,119,111,0
Monroe,"Frenchtown Township, Precinct 8",U.S. Senate,,REP,Write-In,3,2,1,0
Monroe,"Frenchtown Township, Precinct 8",U.S. Senate,,REP,Ballots Cast,488,175,313,0
Monroe,"Frenchtown Township, Precinct 9",U.S. Senate,,REP,John James,108,53,55,0
Monroe,"Frenchtown Township, Precinct 9",U.S. Senate,,REP,Total Votes,108,53,55,0
Monroe,"Frenchtown Township, Precinct 9",U.S. Senate,,REP,Write-In,1,1,0,0
Monroe,"Frenchtown Township, Precinct 9",U.S. Senate,,REP,Ballots Cast,313,89,224,0
Monroe,"Ida Township, Precinct 1",U.S. Senate,,REP,John James,353,207,146,0
Monroe,"Ida Township, Precinct 1",U.S. Senate,,REP,Total Votes,353,207,146,0
Monroe,"Ida Township, Precinct 1",U.S. Senate,,REP,Ballots Cast,618,272,346,0
Monroe,"Ida Township, Precinct 2",U.S. Senate,,REP,John James,366,212,154,0
Monroe,"Ida Township, Precinct 2",U.S. Senate,,REP,Total Votes,366,212,154,0
Monroe,"Ida Township, Precinct 2",U.S. Senate,,REP,Ballots Cast,687,293,394,0
Monroe,"La Salle Township, Precinct 1",U.S. Senate,,REP,John James,367,200,167,0
Monroe,"La Salle Township, Precinct 1",U.S. Senate,,REP,Total Votes,367,200,167,0
Monroe,"La Salle Township, Precinct 1",U.S. Senate,,REP,Write-In,2,2,0,0
Monroe,"La Salle Township, Precinct 1",U.S. Senate,,REP,Ballots Cast,672,253,419,0
Monroe,"La Salle Township, Precinct 2",U.S. Senate,,REP,John James,427,237,190,0
Monroe,"La Salle Township, Precinct 2",U.S. Senate,,REP,Total Votes,427,237,190,0
Monroe,"La Salle Township, Precinct 2",U.S. Senate,,REP,Write-In,4,4,0,0
Monroe,"La Salle Township, Precinct 2",U.S. Senate,,REP,Ballots Cast,779,325,454,0
Monroe,"London Township, Precinct 1",U.S. Senate,,REP,John James,408,408,0,0
Monroe,"London Township, Precinct 1",U.S. Senate,,REP,Total Votes,408,408,0,0
Monroe,"London Township, Precinct 1",U.S. Senate,,REP,Write-In,4,4,0,0
Monroe,"London Township, Precinct 1",U.S. Senate,,REP,Ballots Cast,834,834,0,0
Monroe,"Milan Township, Precinct 1",U.S. Senate,,REP,John James,216,216,0,0
Monroe,"Milan Township, Precinct 1",U.S. Senate,,REP,Total Votes,216,216,0,0
Monroe,"Milan Township, Precinct 1",U.S. Senate,,REP,Write-In,1,1,0,0
Monroe,"Milan Township, Precinct 1",U.S. Senate,,REP,Ballots Cast,451,451,0,0
Monroe,"Monroe Township, Precinct 1",U.S. Senate,,REP,John James,158,68,90,0
Monroe,"Monroe Township, Precinct 1",U.S. Senate,,REP,Total Votes,158,68,90,0
Monroe,"Monroe Township, Precinct 1",U.S. Senate,,REP,Ballots Cast,452,114,338,0
Monroe,"Monroe Township, Precinct 2",U.S. Senate,,REP,John James,87,46,41,0
Monroe,"Monroe Township, Precinct 2",U.S. Senate,,REP,Total Votes,87,46,41,0
Monroe,"Monroe Township, Precinct 2",U.S. Senate,,REP,Ballots Cast,248,75,173,0
Monroe,"Monroe Township, Precinct 3",U.S. Senate,,REP,John James,188,101,87,0
Monroe,"Monroe Township, Precinct 3",U.S. Senate,,REP,Total Votes,188,101,87,0
Monroe,"Monroe Township, Precinct 3",U.S. Senate,,REP,Write-In,3,1,2,0
Monroe,"Monroe Township, Precinct 3",U.S. Senate,,REP,Ballots Cast,454,146,308,0
Monroe,"Monroe Township, Precinct 4",U.S. Senate,,REP,John James,220,122,98,0
Monroe,"Monroe Township, Precinct 4",U.S. Senate,,REP,Total Votes,220,122,98,0
Monroe,"Monroe Township, Precinct 4",U.S. Senate,,REP,Write-In,2,2,0,0
Monroe,"Monroe Township, Precinct 4",U.S. Senate,,REP,Ballots Cast,577,186,391,0
Monroe,"Monroe Township, Precinct 5",U.S. Senate,,REP,John James,394,198,196,0
Monroe,"Monroe Township, Precinct 5",U.S. Senate,,REP,Total Votes,394,198,196,0
Monroe,"Monroe Township, Precinct 5",U.S. Senate,,REP,Write-In,3,0,3,0
Monroe,"Monroe Township, Precinct 5",U.S. Senate,,REP,Ballots Cast,831,242,589,0
Monroe,"Monroe Township, Precinct 6",U.S. Senate,,REP,John James,233,101,132,0
Monroe,"Monroe Township, Precinct 6",U.S. Senate,,REP,Total Votes,233,101,132,0
Monroe,"Monroe Township, Precinct 6",U.S. Senate,,REP,Ballots Cast,538,141,397,0
Monroe,"Raisinville Township, Precinct 1",U.S. Senate,,REP,John James,436,194,242,0
Monroe,"Raisinville Township, Precinct 1",U.S. Senate,,REP,Total Votes,436,194,242,0
Monroe,"Raisinville Township, Precinct 1",U.S. Senate,,REP,Write-In,1,1,0,0
Monroe,"Raisinville Township, Precinct 1",U.S. Senate,,REP,Ballots Cast,833,241,592,0
Monroe,"Raisinville Township, Precinct 2",U.S. Senate,,REP,John James,345,184,161,0
Monroe,"Raisinville Township, Precinct 2",U.S. Senate,,REP,Total Votes,345,184,161,0
Monroe,"Raisinville Township, Precinct 2",U.S. Senate,,REP,Write-In,2,0,2,0
Monroe,"Raisinville Township, Precinct 2",U.S. Senate,,REP,Ballots Cast,791,271,520,0
Monroe,"Summerfield Township, Precinct 1",U.S. Senate,,REP,John James,558,558,0,0
Monroe,"Summerfield Township, Precinct 1",U.S. Senate,,REP,Total Votes,558,558,0,0
Monroe,"Summerfield Township, Precinct 1",U.S. Senate,,REP,Write-In,2,2,0,0
Monroe,"Summerfield Township, Precinct 1",U.S. Senate,,REP,Ballots Cast,984,984,0,0
Monroe,"Whiteford Township, Precinct 1",U.S. Senate,,REP,John James,273,150,123,0
Monroe,"Whiteford Township, Precinct 1",U.S. Senate,,REP,Total Votes,273,150,123,0
Monroe,"Whiteford Township, Precinct 1",U.S. Senate,,REP,Ballots Cast,518,213,305,0
Monroe,"Whiteford Township, Precinct 2",U.S. Senate,,REP,John James,230,129,101,0
Monroe,"Whiteford Township, Precinct 2",U.S. Senate,,REP,Total Votes,230,129,101,0
Monroe,"Whiteford Township, Precinct 2",U.S. Senate,,REP,Write-In,1,0,1,0
Monroe,"Whiteford Township, Precinct 2",U.S. Senate,,REP,Ballots Cast,385,170,215,0
Monroe,"Ash Township, Precinct 1",U.S. House,7,REP,Tim Walberg,305,305,0,0
Monroe,"Ash Township, Precinct 1",U.S. House,7,REP,Total Votes,305,305,0,0
Monroe,"Ash Township, Precinct 1",U.S. House,7,REP,Write-In,1,1,0,0
Monroe,"Ash Township, Precinct 1",U.S. House,7,REP,Ballots Cast,664,664,0,0
Monroe,"Ash Township, Precinct 2",U.S. House,7,REP,Tim Walberg,336,336,0,0
Monroe,"Ash Township, Precinct 2",U.S. House,7,REP,Total Votes,336,336,0,0
Monroe,"Ash Township, Precinct 2",U.S. House,7,REP,Write-In,1,1,0,0
Monroe,"Ash Township, Precinct 2",U.S. House,7,REP,Ballots Cast,732,732,0,0
Monroe,"Ash Township, Precinct 3",U.S. House,7,REP,Tim Walberg,265,265,0,0
Monroe,"Ash Township, Precinct 3",U.S. House,7,REP,Total Votes,265,265,0,0
Monroe,"Ash Township, Precinct 3",U.S. House,7,REP,Write-In,4,4,0,0
Monroe,"Ash Township, Precinct 3",U.S. House,7,REP,Ballots Cast,593,593,0,0
Monroe,"Bedford Township, Precinct 1",U.S. House,7,REP,Tim Walberg,193,118,75,0
Monroe,"Bedford Township, Precinct 1",U.S. House,7,REP,Total Votes,193,118,75,0
Monroe,"Bedford Township, Precinct 1",U.S. House,7,REP,Write-In,1,0,1,0
Monroe,"Bedford Township, Precinct 1",U.S. House,7,REP,Ballots Cast,338,169,169,0
Monroe,"Bedford Township, Precinct 10",U.S. House,7,REP,Tim Walberg,253,140,113,0
Monroe,"Bedford Township, Precinct 10",U.S. House,7,REP,Total Votes,253,140,113,0
Monroe,"Bedford Township, Precinct 10",U.S. House,7,REP,Write-In,1,1,0,0
Monroe,"Bedford Township, Precinct 10",U.S. House,7,REP,Ballots Cast,470,192,278,0
Monroe,"Bedford Township, Precinct 11",U.S. House,7,REP,Tim Walberg,426,244,182,0
Monroe,"Bedford Township, Precinct 11",U.S. House,7,REP,Total Votes,426,244,182,0
Monroe,"Bedford Township, Precinct 11",U.S. House,7,REP,Ballots Cast,805,356,449,0
Monroe,"Bedford Township, Precinct 12",U.S. House,7,REP,Tim Walberg,259,138,121,0
Monroe,"Bedford Township, Precinct 12",U.S. House,7,REP,Total Votes,259,138,121,0
Monroe,"Bedford Township, Precinct 12",U.S. House,7,REP,Write-In,1,1,0,0
Monroe,"Bedford Township, Precinct 12",U.S. House,7,REP,Ballots Cast,578,218,360,0
Monroe,"Bedford Township, Precinct 13",U.S. House,7,REP,Tim Walberg,346,200,146,0
Monroe,"Bedford Township, Precinct 13",U.S. House,7,REP,Total Votes,346,200,146,0
Monroe,"Bedford Township, Precinct 13",U.S. House,7,REP,Ballots Cast,662,292,370,0
Monroe,"Bedford Township, Precinct 14",U.S. House,7,REP,Tim Walberg,163,87,76,0
Monroe,"Bedford Township, Precinct 14",U.S. House,7,REP,Total Votes,163,87,76,0
Monroe,"Bedford Township, Precinct 14",U.S. House,7,REP,Ballots Cast,403,145,258,0
Monroe,"Bedford Township, Precinct 2",U.S. House,7,REP,Tim Walberg,326,168,158,0
Monroe,"Bedford Township, Precinct 2",U.S. House,7,REP,Total Votes,326,168,158,0
Monroe,"Bedford Township, Precinct 2",U.S. House,7,REP,Ballots Cast,641,246,395,0
Monroe,"Bedford Township, Precinct 3",U.S. House,7,REP,Tim Walberg,305,202,103,0
Monroe,"Bedford Township, Precinct 3",U.S. House,7,REP,Total Votes,305,202,103,0
Monroe,"Bedford Township, Precinct 3",U.S. House,7,REP,Write-In,1,1,0,0
Monroe,"Bedford Township, Precinct 3",U.S. House,7,REP,Ballots Cast,588,288,300,0
Monroe,"Bedford Township, Precinct 4",U.S. House,7,REP,Tim Walberg,362,188,174,0
Monroe,"Bedford Township, Precinct 4",U.S. House,7,REP,Total Votes,362,188,174,0
Monroe,"Bedford Township, Precinct 4",U.S. House,7,REP,Ballots Cast,763,283,480,0
Monroe,"Bedford Township, Precinct 5",U.S. House,7,REP,Tim Walberg,306,160,146,0
Monroe,"Bedford Township, Precinct 5",U.S. House,7,REP,Total Votes,306,160,146,0
Monroe,"Bedford Township, Precinct 5",U.S. House,7,REP,Ballots Cast,647,250,397,0
Monroe,"Bedford Township, Precinct 6",U.S. House,7,REP,Tim Walberg,490,285,205,0
Monroe,"Bedford Township, Precinct 6",U.S. House,7,REP,Total Votes,490,285,205,0
Monroe,"Bedford Township, Precinct 6",U.S. House,7,REP,Ballots Cast,937,407,530,0
Monroe,"Bedford Township, Precinct 7",U.S. House,7,REP,Tim Walberg,353,188,165,0
Monroe,"Bedford Township, Precinct 7",U.S. House,7,REP,Total Votes,353,188,165,0
Monroe,"Bedford Township, Precinct 7",U.S. House,7,REP,Ballots Cast,739,263,476,0
Monroe,"Bedford Township, Precinct 8",U.S. House,7,REP,Tim Walberg,396,182,214,0
Monroe,"Bedford Township, Precinct 8",U.S. House,7,REP,Total Votes,396,182,214,0
Monroe,"Bedford Township, Precinct 8",U.S. House,7,REP,Ballots Cast,814,291,523,0
Monroe,"Bedford Township, Precinct 9",U.S. House,7,REP,Tim Walberg,236,122,114,0
Monroe,"Bedford Township, Precinct 9",U.S. House,7,REP,Total Votes,236,122,114,0
Monroe,"Bedford Township, Precinct 9",U.S. House,7,REP,Ballots Cast,535,190,345,0
Monroe,"Berlin Township, Precinct 1",U.S. House,7,REP,Tim Walberg,199,199,0,0
Monroe,"Berlin Township, Precinct 1",U.S. House,7,REP,Total Votes,199,199,0,0
Monroe,"Berlin Township, Precinct 1",U.S. House,7,REP,Write-In,1,1,0,0
Monroe,"Berlin Township, Precinct 1",U.S. House,7,REP,Ballots Cast,444,444,0,0
Monroe,"Berlin Township, Precinct 2",U.S. House,7,REP,Tim Walberg,351,351,0,0
Monroe,"Berlin Township, Precinct 2",U.S. House,7,REP,Total Votes,351,351,0,0
Monroe,"Berlin Township, Precinct 2",U.S. House,7,REP,Ballots Cast,731,731,0,0
Monroe,"Berlin Township, Precinct 3",U.S. House,7,REP,Tim Walberg,164,164,0,0
Monroe,"Berlin Township, Precinct 3",U.S. House,7,REP,Total Votes,164,164,0,0
Monroe,"Berlin Township, Precinct 3",U.S. House,7,REP,Ballots Cast,407,407,0,0
Monroe,"Berlin Township, Precinct 4",U.S. House,7,REP,Tim Walberg,265,265,0,0
Monroe,"Berlin Township, Precinct 4",U.S. House,7,REP,Total Votes,265,265,0,0
Monroe,"Berlin Township, Precinct 4",U.S. House,7,REP,Ballots Cast,582,582,0,0
Monroe,"City of Luna Pier, Precinct 1",U.S. House,7,REP,Tim Walberg,152,152,0,0
Monroe,"City of Luna Pier, Precinct 1",U.S. House,7,REP,Total Votes,152,152,0,0
Monroe,"City of Luna Pier, Precinct 1",U.S. House,7,REP,Write-In,1,1,0,0
Monroe,"City of Luna Pier, Precinct 1",U.S. House,7,REP,Ballots Cast,372,372,0,0
Monroe,"City of Milan, Precinct 1",U.S. House,7,REP,Tim Walberg,159,159,0,0
Monroe,"City of Milan, Precinct 1",U.S. House,7,REP,Total Votes,159,159,0,0
Monroe,"City of Milan, Precinct 1",U.S. House,7,REP,Ballots Cast,423,423,0,0
Monroe,"City of Monroe, Precinct 1",U.S. House,7,REP,Tim Walberg,206,94,112,0
Monroe,"City of Monroe, Precinct 1",U.S. House,7,REP,Total Votes,206,94,112,0
Monroe,"City of Monroe, Precinct 1",U.S. House,7,REP,Ballots Cast,608,158,450,0
Monroe,"City of Monroe, Precinct 2",U.S. House,7,REP,Tim Walberg,175,102,73,0
Monroe,"City of Monroe, Precinct 2",U.S. House,7,REP,Total Votes,175,102,73,0
Monroe,"City of Monroe, Precinct 2",U.S. House,7,REP,Write-In,2,1,1,0
Monroe,"City of Monroe, Precinct 2",U.S. House,7,REP,Ballots Cast,487,180,307,0
Monroe,"City of Monroe, Precinct 3N",U.S. House,7,REP,Tim Walberg,102,67,35,0
Monroe,"City of Monroe, Precinct 3N",U.S. House,7,REP,Total Votes,102,67,35,0
Monroe,"City of Monroe, Precinct 3N",U.S. House,7,REP,Ballots Cast,288,116,172,0
Monroe,"City of Monroe, Precinct 3S",U.S. House,7,REP,Tim Walberg,58,31,27,0
Monroe,"City of Monroe, Precinct 3S",U.S. House,7,REP,Total Votes,58,31,27,0
Monroe,"City of Monroe, Precinct 3S",U.S. House,7,REP,Ballots Cast,213,88,125,0
Monroe,"City of Monroe, Precinct 4",U.S. House,7,REP,Tim Walberg,332,185,147,0
Monroe,"City of Monroe, Precinct 4",U.S. House,7,REP,Total Votes,332,185,147,0
Monroe,"City of Monroe, Precinct 4",U.S. House,7,REP,Write-In,1,0,1,0
Monroe,"City of Monroe, Precinct 4",U.S. House,7,REP,Ballots Cast,872,283,589,0
Monroe,"City of Monroe, Precinct 5",U.S. House,7,REP,Tim Walberg,317,137,180,0
Monroe,"City of Monroe, Precinct 5",U.S. House,7,REP,Total Votes,317,137,180,0
Monroe,"City of Monroe, Precinct 5",U.S. House,7,REP,Write-In,1,1,0,0
Monroe,"City of Monroe, Precinct 5",U.S. House,7,REP,Ballots Cast,956,226,730,0
Monroe,"City of Monroe, Precinct 6",U.S. House,7,REP,Tim Walberg,257,122,135,0
Monroe,"City of Monroe, Precinct 6",U.S. House,7,REP,Total Votes,257,122,135,0
Monroe,"City of Monroe, Precinct 6",U.S. House,7,REP,Ballots Cast,692,212,480,0
Monroe,"City of Petersburg, Precinct 1",U.S. House,7,REP,Tim Walberg,108,108,0,0
Monroe,"City of Petersburg, Precinct 1",U.S. House,7,REP,Total Votes,108,108,0,0
Monroe,"City of Petersburg, Precinct 1",U.S. House,7,REP,Ballots Cast,268,268,0,0
Monroe,"Dundee Township, Precinct 1",U.S. House,7,REP,Tim Walberg,180,180,0,0
Monroe,"Dundee Township, Precinct 1",U.S. House,7,REP,Total Votes,180,180,0,0
Monroe,"Dundee Township, Precinct 1",U.S. House,7,REP,Ballots Cast,467,467,0,0
Monroe,"Dundee Township, Precinct 2",U.S. House,7,REP,Tim Walberg,269,269,0,0
Monroe,"Dundee Township, Precinct 2",U.S. House,7,REP,Total Votes,269,269,0,0
Monroe,"Dundee Township, Precinct 2",U.S. House,7,REP,Write-In,1,1,0,0
Monroe,"Dundee Township, Precinct 2",U.S. House,7,REP,Ballots Cast,654,654,0,0
Monroe,"Dundee Township, Precinct 3",U.S. House,7,REP,Tim Walberg,308,308,0,0
Monroe,"Dundee Township, Precinct 3",U.S. House,7,REP,Total Votes,308,308,0,0
Monroe,"Dundee Township, Precinct 3",U.S. House,7,REP,Ballots Cast,692,692,0,0
Monroe,"Erie Township, Precinct 1",U.S. House,7,REP,Tim Walberg,338,165,173,0
Monroe,"Erie Township, Precinct 1",U.S. House,7,REP,Total Votes,338,165,173,0
Monroe,"Erie Township, Precinct 1",U.S. House,7,REP,Ballots Cast,672,249,423,0
Monroe,"Erie Township, Precinct 2",U.S. House,7,REP,Tim Walberg,205,124,81,0
Monroe,"Erie Township, Precinct 2",U.S. House,7,REP,Total Votes,205,124,81,0
Monroe,"Erie Township, Precinct 2",U.S. House,7,REP,Write-In,1,0,1,0
Monroe,"Erie Township, Precinct 2",U.S. House,7,REP,Ballots Cast,402,164,238,0
Monroe,"Exeter Township, Precinct 1",U.S. House,7,REP,Tim Walberg,194,194,0,0
Monroe,"Exeter Township, Precinct 1",U.S. House,7,REP,Total Votes,194,194,0,0
Monroe,"Exeter Township, Precinct 1",U.S. House,7,REP,Write-In,1,1,0,0
Monroe,"Exeter Township, Precinct 1",U.S. House,7,REP,Ballots Cast,396,396,0,0
Monroe,"Exeter Township, Precinct 2",U.S. House,7,REP,Tim Walberg,227,227,0,0
Monroe,"Exeter Township, Precinct 2",U.S. House,7,REP,Total Votes,227,227,0,0
Monroe,"Exeter Township, Precinct 2",U.S. House,7,REP,Ballots Cast,475,475,0,0
Monroe,"Frenchtown Township, Precinct 1",U.S. House,7,REP,Tim Walberg,165,91,74,0
Monroe,"Frenchtown Township, Precinct 1",U.S. House,7,REP,Total Votes,165,91,74,0
Monroe,"Frenchtown Township, Precinct 1",U.S. House,7,REP,Ballots Cast,307,126,181,0
Monroe,"Frenchtown Township, Precinct 2",U.S. House,7,REP,Tim Walberg,162,98,64,0
Monroe,"Frenchtown Township, Precinct 2",U.S. House,7,REP,Total Votes,162,98,64,0
Monroe,"Frenchtown Township, Precinct 2",U.S. House,7,REP,Write-In,4,3,1,0
Monroe,"Frenchtown Township, Precinct 2",U.S. House,7,REP,Ballots Cast,384,141,243,0
Monroe,"Frenchtown Township, Precinct 3",U.S. House,7,REP,Tim Walberg,232,112,120,0
Monroe,"Frenchtown Township, Precinct 3",U.S. House,7,REP,Total Votes,232,112,120,0
Monroe,"Frenchtown Township, Precinct 3",U.S. House,7,REP,Write-In,2,1,1,0
Monroe,"Frenchtown Township, Precinct 3",U.S. House,7,REP,Ballots Cast,465,151,314,0
Monroe,"Frenchtown Township, Precinct 4",U.S. House,7,REP,Tim Walberg,308,117,191,0
Monroe,"Frenchtown Township, Precinct 4",U.S. House,7,REP,Total Votes,308,117,191,0
Monroe,"Frenchtown Township, Precinct 4",U.S. House,7,REP,Write-In,2,2,0,0
Monroe,"Frenchtown Township, Precinct 4",U.S. House,7,REP,Ballots Cast,657,154,503,0
Monroe,"Frenchtown Township, Precinct 5",U.S. House,7,REP,Tim Walberg,170,102,68,0
Monroe,"Frenchtown Township, Precinct 5",U.S. House,7,REP,Total Votes,170,102,68,0
Monroe,"Frenchtown Township, Precinct 5",U.S. House,7,REP,Ballots Cast,417,139,278,0
Monroe,"Frenchtown Township, Precinct 6",U.S. House,7,REP,Tim Walberg,282,167,115,0
Monroe,"Frenchtown Township, Precinct 6",U.S. House,7,REP,Total Votes,282,167,115,0
Monroe,"Frenchtown Township, Precinct 6",U.S. House,7,REP,Write-In,1,0,1,0
Monroe,"Frenchtown Township, Precinct 6",U.S. House,7,REP,Ballots Cast,625,230,395,0
Monroe,"Frenchtown Township, Precinct 7",U.S. House,7,REP,Tim Walberg,446,159,287,0
Monroe,"Frenchtown Township, Precinct 7",U.S. House,7,REP,Total Votes,446,159,287,0
Monroe,"Frenchtown Township, Precinct 7",U.S. House,7,REP,Write-In,2,2,0,0
Monroe,"Frenchtown Township, Precinct 7",U.S. House,7,REP,Ballots Cast,1005,238,767,0
Monroe,"Frenchtown Township, Precinct 8",U.S. House,7,REP,Tim Walberg,240,118,122,0
Monroe,"Frenchtown Township, Precinct 8",U.S. House,7,REP,Total Votes,240,118,122,0
Monroe,"Frenchtown Township, Precinct 8",U.S. House,7,REP,Write-In,1,1,0,0
Monroe,"Frenchtown Township, Precinct 8",U.S. House,7,REP,Ballots Cast,488,175,313,0
Monroe,"Frenchtown Township, Precinct 9",U.S. House,7,REP,Tim Walberg,111,51,60,0
Monroe,"Frenchtown Township, Precinct 9",U.S. House,7,REP,Total Votes,111,51,60,0
Monroe,"Frenchtown Township, Precinct 9",U.S. House,7,REP,Write-In,4,3,1,0
Monroe,"Frenchtown Township, Precinct 9",U.S. House,7,REP,Ballots Cast,313,89,224,0
Monroe,"Ida Township, Precinct 1",U.S. House,7,REP,Tim Walberg,359,209,150,0
Monroe,"Ida Township, Precinct 1",U.S. House,7,REP,Total Votes,359,209,150,0
Monroe,"Ida Township, Precinct 1",U.S. House,7,REP,Ballots Cast,618,272,346,0
Monroe,"Ida Township, Precinct 2",U.S. House,7,REP,Tim Walberg,372,213,159,0
Monroe,"Ida Township, Precinct 2",U.S. House,7,REP,Total Votes,372,213,159,0
Monroe,"Ida Township, Precinct 2",U.S. House,7,REP,Ballots Cast,687,293,394,0
Monroe,"La Salle Township, Precinct 1",U.S. House,7,REP,Tim Walberg,375,198,177,0
Monroe,"La Salle Township, Precinct 1",U.S. House,7,REP,Total Votes,375,198,177,0
Monroe,"La Salle Township, Precinct 1",U.S. House,7,REP,Ballots Cast,672,253,419,0
Monroe,"La Salle Township, Precinct 2",U.S. House,7,REP,Tim Walberg,438,240,198,0
Monroe,"La Salle Township, Precinct 2",U.S. House,7,REP,Total Votes,438,240,198,0
Monroe,"La Salle Township, Precinct 2",U.S. House,7,REP,Write-In,4,3,1,0
Monroe,"La Salle Township, Precinct 2",U.S. House,7,REP,Ballots Cast,779,325,454,0
Monroe,"London Township, Precinct 1",U.S. House,7,REP,Tim Walberg,405,405,0,0
Monroe,"London Township, Precinct 1",U.S. House,7,REP,Total Votes,405,405,0,0
Monroe,"London Township, Precinct 1",U.S. House,7,REP,Write-In,1,1,0,0
Monroe,"London Township, Precinct 1",U.S. House,7,REP,Ballots Cast,834,834,0,0
Monroe,"Milan Township, Precinct 1",U.S. House,7,REP,Tim Walberg,229,229,0,0
Monroe,"Milan Township, Precinct 1",U.S. House,7,REP,Total Votes,229,229,0,0
Monroe,"Milan Township, Precinct 1",U.S. House,7,REP,Ballots Cast,451,451,0,0
Monroe,"Monroe Township, Precinct 1",U.S. House,7,REP,Tim Walberg,165,66,99,0
Monroe,"Monroe Township, Precinct 1",U.S. House,7,REP,Total Votes,165,66,99,0
Monroe,"Monroe Township, Precinct 1",U.S. House,7,REP,Ballots Cast,452,114,338,0
Monroe,"Monroe Township, Precinct 2",U.S. House,7,REP,Tim Walberg,86,46,40,0
Monroe,"Monroe Township, Precinct 2",U.S. House,7,REP,Total Votes,86,46,40,0
Monroe,"Monroe Township, Precinct 2",U.S. House,7,REP,Ballots Cast,248,75,173,0
Monroe,"Monroe Township, Precinct 3",U.S. House,7,REP,Tim Walberg,181,97,84,0
Monroe,"Monroe Township, Precinct 3",U.S. House,7,REP,Total Votes,181,97,84,0
Monroe,"Monroe Township, Precinct 3",U.S. House,7,REP,Write-In,4,1,3,0
Monroe,"Monroe Township, Precinct 3",U.S. House,7,REP,Ballots Cast,454,146,308,0
Monroe,"Monroe Township, Precinct 4",U.S. House,7,REP,Tim Walberg,223,121,102,0
Monroe,"Monroe Township, Precinct 4",U.S. House,7,REP,Total Votes,223,121,102,0
Monroe,"Monroe Township, Precinct 4",U.S. House,7,REP,Write-In,3,3,0,0
Monroe,"Monroe Township, Precinct 4",U.S. House,7,REP,Ballots Cast,577,186,391,0
Monroe,"Monroe Township, Precinct 5",U.S. House,7,REP,Tim Walberg,397,197,200,0
Monroe,"Monroe Township, Precinct 5",U.S. House,7,REP,Total Votes,397,197,200,0
Monroe,"Monroe Township, Precinct 5",U.S. House,7,REP,Write-In,2,0,2,0
Monroe,"Monroe Township, Precinct 5",U.S. House,7,REP,Ballots Cast,831,242,589,0
Monroe,"Monroe Township, Precinct 6",U.S. House,7,REP,Tim Walberg,238,102,136,0
Monroe,"Monroe Township, Precinct 6",U.S. House,7,REP,Total Votes,238,102,136,0
Monroe,"Monroe Township, Precinct 6",U.S. House,7,REP,Ballots Cast,538,141,397,0
Monroe,"Raisinville Township, Precinct 1",U.S. House,7,REP,Tim Walberg,438,191,247,0
Monroe,"Raisinville Township, Precinct 1",U.S. House,7,REP,Total Votes,438,191,247,0
Monroe,"Raisinville Township, Precinct 1",U.S. House,7,REP,Write-In,1,1,0,0
Monroe,"Raisinville Township, Precinct 1",U.S. House,7,REP,Ballots Cast,833,241,592,0
Monroe,"Raisinville Township, Precinct 2",U.S. House,7,REP,Tim Walberg,352,182,170,0
Monroe,"Raisinville Township, Precinct 2",U.S. House,7,REP,Total Votes,352,182,170,0
Monroe,"Raisinville Township, Precinct 2",U.S. House,7,REP,Write-In,3,0,3,0
Monroe,"Raisinville Township, Precinct 2",U.S. House,7,REP,Ballots Cast,791,271,520,0
Monroe,"Summerfield Township, Precinct 1",U.S. House,7,REP,Tim Walberg,565,565,0,0
Monroe,"Summerfield Township, Precinct 1",U.S. House,7,REP,Total Votes,565,565,0,0
Monroe,"Summerfield Township, Precinct 1",U.S. House,7,REP,Write-In,2,2,0,0
Monroe,"Summerfield Township, Precinct 1",U.S. House,7,REP,Ballots Cast,984,984,0,0
Monroe,"Whiteford Township, Precinct 1",U.S. House,7,REP,Tim Walberg,285,153,132,0
Monroe,"Whiteford Township, Precinct 1",U.S. House,7,REP,Total Votes,285,153,132,0
Monroe,"Whiteford Township, Precinct 1",U.S. House,7,REP,Ballots Cast,518,213,305,0
Monroe,"Whiteford Township, Precinct 2",U.S. House,7,REP,Tim Walberg,231,125,106,0
Monroe,"Whiteford Township, Precinct 2",U.S. House,7,REP,Total Votes,231,125,106,0
Monroe,"Whiteford Township, Precinct 2",U.S. House,7,REP,Ballots Cast,385,170,215,0
Monroe,"Ash Township, Precinct 1",State House,17,REP,"Joe Bellino, Jr.",305,305,0,0
Monroe,"Ash Township, Precinct 1",State House,17,REP,Total Votes,305,305,0,0
Monroe,"Ash Township, Precinct 1",State House,17,REP,Ballots Cast,664,664,0,0
Monroe,"Ash Township, Precinct 2",State House,17,REP,"Joe Bellino, Jr.",332,332,0,0
Monroe,"Ash Township, Precinct 2",State House,17,REP,Total Votes,332,332,0,0
Monroe,"Ash Township, Precinct 2",State House,17,REP,Ballots Cast,732,732,0,0
Monroe,"Ash Township, Precinct 3",State House,17,REP,"Joe Bellino, Jr.",269,269,0,0
Monroe,"Ash Township, Precinct 3",State House,17,REP,Total Votes,269,269,0,0
Monroe,"Ash Township, Precinct 3",State House,17,REP,Write-In,4,4,0,0
Monroe,"Ash Township, Precinct 3",State House,17,REP,Ballots Cast,593,593,0,0
Monroe,"Berlin Township, Precinct 1",State House,17,REP,"Joe Bellino, Jr.",198,198,0,0
Monroe,"Berlin Township, Precinct 1",State House,17,REP,Total Votes,198,198,0,0
Monroe,"Berlin Township, Precinct 1",State House,17,REP,Write-In,1,1,0,0
Monroe,"Berlin Township, Precinct 1",State House,17,REP,Ballots Cast,444,444,0,0
Monroe,"Berlin Township, Precinct 2",State House,17,REP,"Joe Bellino, Jr.",347,347,0,0
Monroe,"Berlin Township, Precinct 2",State House,17,REP,Total Votes,347,347,0,0
Monroe,"Berlin Township, Precinct 2",State House,17,REP,Ballots Cast,731,731,0,0
Monroe,"Berlin Township, Precinct 3",State House,17,REP,"Joe Bellino, Jr.",166,166,0,0
Monroe,"Berlin Township, Precinct 3",State House,17,REP,Total Votes,166,166,0,0
Monroe,"Berlin Township, Precinct 3",State House,17,REP,Ballots Cast,407,407,0,0
Monroe,"Berlin Township, Precinct 4",State House,17,REP,"Joe Bellino, Jr.",275,275,0,0
Monroe,"Berlin Township, Precinct 4",State House,17,REP,Total Votes,275,275,0,0
Monroe,"Berlin Township, Precinct 4",State House,17,REP,Ballots Cast,582,582,0,0
Monroe,"City of Monroe, Precinct 1",State House,17,REP,"Joe Bellino, Jr.",208,93,115,0
Monroe,"City of Monroe, Precinct 1",State House,17,REP,Total Votes,208,93,115,0
Monroe,"City of Monroe, Precinct 1",State House,17,REP,Write-In,1,1,0,0
Monroe,"City of Monroe, Precinct 1",State House,17,REP,Ballots Cast,608,158,450,0
Monroe,"City of Monroe, Precinct 2",State House,17,REP,"Joe Bellino, Jr.",178,103,75,0
Monroe,"City of Monroe, Precinct 2",State House,17,REP,Total Votes,178,103,75,0
Monroe,"City of Monroe, Precinct 2",State House,17,REP,Write-In,2,1,1,0
Monroe,"City of Monroe, Precinct 2",State House,17,REP,Ballots Cast,487,180,307,0
Monroe,"City of Monroe, Precinct 3N",State House,17,REP,"Joe Bellino, Jr.",108,69,39,0
Monroe,"City of Monroe, Precinct 3N",State House,17,REP,Total Votes,108,69,39,0
Monroe,"City of Monroe, Precinct 3N",State House,17,REP,Ballots Cast,288,116,172,0
Monroe,"City of Monroe, Precinct 3S",State House,17,REP,"Joe Bellino, Jr.",56,30,26,0
Monroe,"City of Monroe, Precinct 3S",State House,17,REP,Total Votes,56,30,26,0
Monroe,"City of Monroe, Precinct 3S",State House,17,REP,Ballots Cast,213,88,125,0
Monroe,"City of Monroe, Precinct 4",State House,17,REP,"Joe Bellino, Jr.",337,186,151,0
Monroe,"City of Monroe, Precinct 4",State House,17,REP,Total Votes,337,186,151,0
Monroe,"City of Monroe, Precinct 4",State House,17,REP,Write-In,1,1,0,0
Monroe,"City of Monroe, Precinct 4",State House,17,REP,Ballots Cast,872,283,589,0
Monroe,"City of Monroe, Precinct 5",State House,17,REP,"Joe Bellino, Jr.",330,139,191,0
Monroe,"City of Monroe, Precinct 5",State House,17,REP,Total Votes,330,139,191,0
Monroe,"City of Monroe, Precinct 5",State House,17,REP,Write-In,1,1,0,0
Monroe,"City of Monroe, Precinct 5",State House,17,REP,Ballots Cast,956,226,730,0
Monroe,"City of Monroe, Precinct 6",State House,17,REP,"Joe Bellino, Jr.",261,125,136,0
Monroe,"City of Monroe, Precinct 6",State House,17,REP,Total Votes,261,125,136,0
Monroe,"City of Monroe, Precinct 6",State House,17,REP,Write-In,2,0,2,0
Monroe,"City of Monroe, Precinct 6",State House,17,REP,Ballots Cast,692,212,480,0
Monroe,"Exeter Township, Precinct 1",State House,17,REP,"Joe Bellino, Jr.",199,199,0,0
Monroe,"Exeter Township, Precinct 1",State House,17,REP,Total Votes,199,199,0,0
Monroe,"Exeter Township, Precinct 1",State House,17,REP,Write-In,1,1,0,0
Monroe,"Exeter Township, Precinct 1",State House,17,REP,Ballots Cast,396,396,0,0
Monroe,"Exeter Township, Precinct 2",State House,17,REP,"Joe Bellino, Jr.",229,229,0,0
Monroe,"Exeter Township, Precinct 2",State House,17,REP,Total Votes,229,229,0,0
Monroe,"Exeter Township, Precinct 2",State House,17,REP,Ballots Cast,475,475,0,0
Monroe,"Frenchtown Township, Precinct 1",State House,17,REP,"Joe Bellino, Jr.",164,93,71,0
Monroe,"Frenchtown Township, Precinct 1",State House,17,REP,Total Votes,164,93,71,0
Monroe,"Frenchtown Township, Precinct 1",State House,17,REP,Ballots Cast,307,126,181,0
Monroe,"Frenchtown Township, Precinct 2",State House,17,REP,"Joe Bellino, Jr.",170,100,70,0
Monroe,"Frenchtown Township, Precinct 2",State House,17,REP,Total Votes,170,100,70,0
Monroe,"Frenchtown Township, Precinct 2",State House,17,REP,Write-In,1,1,0,0
Monroe,"Frenchtown Township, Precinct 2",State House,17,REP,Ballots Cast,384,141,243,0
Monroe,"Frenchtown Township, Precinct 3",State House,17,REP,"Joe Bellino, Jr.",238,114,124,0
Monroe,"Frenchtown Township, Precinct 3",State House,17,REP,Total Votes,238,114,124,0
Monroe,"Frenchtown Township, Precinct 3",State House,17,REP,Write-In,1,1,0,0
Monroe,"Frenchtown Township, Precinct 3",State House,17,REP,Ballots Cast,465,151,314,0
Monroe,"Frenchtown Township, Precinct 4",State House,17,REP,"Joe Bellino, Jr.",305,115,190,0
Monroe,"Frenchtown Township, Precinct 4",State House,17,REP,Total Votes,305,115,190,0
Monroe,"Frenchtown Township, Precinct 4",State House,17,REP,Write-In,2,2,0,0
Monroe,"Frenchtown Township, Precinct 4",State House,17,REP,Ballots Cast,657,154,503,0
Monroe,"Frenchtown Township, Precinct 5",State House,17,REP,"Joe Bellino, Jr.",175,105,70,0
Monroe,"Frenchtown Township, Precinct 5",State House,17,REP,Total Votes,175,105,70,0
Monroe,"Frenchtown Township, Precinct 5",State House,17,REP,Ballots Cast,417,139,278,0
Monroe,"Frenchtown Township, Precinct 6",State House,17,REP,"Joe Bellino, Jr.",286,166,120,0
Monroe,"Frenchtown Township, Precinct 6",State House,17,REP,Total Votes,286,166,120,0
Monroe,"Frenchtown Township, Precinct 6",State House,17,REP,Ballots Cast,625,230,395,0
Monroe,"Frenchtown Township, Precinct 7",State House,17,REP,"Joe Bellino, Jr.",468,163,305,0
Monroe,"Frenchtown Township, Precinct 7",State House,17,REP,Total Votes,468,163,305,0
Monroe,"Frenchtown Township, Precinct 7",State House,17,REP,Ballots Cast,1005,238,767,0
Monroe,"Frenchtown Township, Precinct 8",State House,17,REP,"Joe Bellino, Jr.",238,119,119,0
Monroe,"Frenchtown Township, Precinct 8",State House,17,REP,Total Votes,238,119,119,0
Monroe,"Frenchtown Township, Precinct 8",State House,17,REP,Write-In,2,2,0,0
Monroe,"Frenchtown Township, Precinct 8",State House,17,REP,Ballots Cast,488,175,313,0
Monroe,"Frenchtown Township, Precinct 9",State House,17,REP,"Joe Bellino, Jr.",113,52,61,0
Monroe,"Frenchtown Township, Precinct 9",State House,17,REP,Total Votes,113,52,61,0
Monroe,"Frenchtown Township, Precinct 9",State House,17,REP,Write-In,1,1,0,0
Monroe,"Frenchtown Township, Precinct 9",State House,17,REP,Ballots Cast,313,89,224,0
Monroe,"London Township, Precinct 1",State House,17,REP,"Joe Bellino, Jr.",402,402,0,0
Monroe,"London Township, Precinct 1",State House,17,REP,Total Votes,402,402,0,0
Monroe,"London Township, Precinct 1",State House,17,REP,Write-In,1,1,0,0
Monroe,"London Township, Precinct 1",State House,17,REP,Ballots Cast,834,834,0,0
Monroe,"Monroe Township, Precinct 6",State House,17,REP,"Joe Bellino, Jr.",11,4,7,0
Monroe,"Monroe Township, Precinct 6",State House,17,REP,Total Votes,11,4,7,0
Monroe,"Monroe Township, Precinct 6",State House,17,REP,Ballots Cast,22,8,14,0
Monroe,"Bedford Township, Precinct 1",State House,56,REP,Austin Blaine,42,27,15,0
Monroe,"Bedford Township, Precinct 1",State House,56,REP,TC Clements,150,92,58,0
Monroe,"Bedford Township, Precinct 1",State House,56,REP,Total Votes,192,119,73,0
Monroe,"Bedford Township, Precinct 1",State House,56,REP,Ballots Cast,338,169,169,0
Monroe,"Bedford Township, Precinct 10",State House,56,REP,Austin Blaine,41,17,24,0
Monroe,"Bedford Township, Precinct 10",State House,56,REP,TC Clements,216,121,95,0
Monroe,"Bedford Township, Precinct 10",State House,56,REP,Total Votes,257,138,119,0
Monroe,"Bedford Township, Precinct 10",State House,56,REP,Write-In,1,1,0,0
Monroe,"Bedford Township, Precinct 10",State House,56,REP,Ballots Cast,470,192,278,0
Monroe,"Bedford Township, Precinct 11",State House,56,REP,Austin Blaine,101,50,51,0
Monroe,"Bedford Township, Precinct 11",State House,56,REP,TC Clements,353,206,147,0
Monroe,"Bedford Township, Precinct 11",State House,56,REP,Total Votes,454,256,198,0
Monroe,"Bedford Township, Precinct 11",State House,56,REP,Write-In,1,1,0,0
Monroe,"Bedford Township, Precinct 11",State House,56,REP,Ballots Cast,805,356,449,0
Monroe,"Bedford Township, Precinct 12",State House,56,REP,Austin Blaine,47,22,25,0
Monroe,"Bedford Township, Precinct 12",State House,56,REP,TC Clements,223,121,102,0
Monroe,"Bedford Township, Precinct 12",State House,56,REP,Total Votes,270,143,127,0
Monroe,"Bedford Township, Precinct 12",State House,56,REP,Ballots Cast,578,218,360,0
Monroe,"Bedford Township, Precinct 13",State House,56,REP,Austin Blaine,74,40,34,0
Monroe,"Bedford Township, Precinct 13",State House,56,REP,TC Clements,285,171,114,0
Monroe,"Bedford Township, Precinct 13",State House,56,REP,Total Votes,359,211,148,0
Monroe,"Bedford Township, Precinct 13",State House,56,REP,Ballots Cast,662,292,370,0
Monroe,"Bedford Township, Precinct 14",State House,56,REP,Austin Blaine,42,18,24,0
Monroe,"Bedford Township, Precinct 14",State House,56,REP,TC Clements,113,63,50,0
Monroe,"Bedford Township, Precinct 14",State House,56,REP,Total Votes,155,81,74,0
Monroe,"Bedford Township, Precinct 14",State House,56,REP,Ballots Cast,403,145,258,0
Monroe,"Bedford Township, Precinct 2",State House,56,REP,Austin Blaine,60,22,38,0
Monroe,"Bedford Township, Precinct 2",State House,56,REP,TC Clements,286,157,129,0
Monroe,"Bedford Township, Precinct 2",State House,56,REP,Total Votes,346,179,167,0
Monroe,"Bedford Township, Precinct 2",State House,56,REP,Ballots Cast,641,246,395,0
Monroe,"Bedford Township, Precinct 3",State House,56,REP,Austin Blaine,63,31,32,0
Monroe,"Bedford Township, Precinct 3",State House,56,REP,TC Clements,258,179,79,0
Monroe,"Bedford Township, Precinct 3",State House,56,REP,Total Votes,321,210,111,0
Monroe,"Bedford Township, Precinct 3",State House,56,REP,Ballots Cast,588,288,300,0
Monroe,"Bedford Township, Precinct 4",State House,56,REP,Austin Blaine,67,29,38,0
Monroe,"Bedford Township, Precinct 4",State House,56,REP,TC Clements,306,166,140,0
Monroe,"Bedford Township, Precinct 4",State House,56,REP,Total Votes,373,195,178,0
Monroe,"Bedford Township, Precinct 4",State House,56,REP,Ballots Cast,763,283,480,0
Monroe,"Bedford Township, Precinct 5",State House,56,REP,Austin Blaine,70,36,34,0
Monroe,"Bedford Township, Precinct 5",State House,56,REP,TC Clements,246,132,114,0
Monroe,"Bedford Township, Precinct 5",State House,56,REP,Total Votes,316,168,148,0
Monroe,"Bedford Township, Precinct 5",State House,56,REP,Ballots Cast,647,250,397,0
Monroe,"Bedford Township, Precinct 6",State House,56,REP,Austin Blaine,91,47,44,0
Monroe,"Bedford Township, Precinct 6",State House,56,REP,TC Clements,408,248,160,0
Monroe,"Bedford Township, Precinct 6",State House,56,REP,Total Votes,499,295,204,0
Monroe,"Bedford Township, Precinct 6",State House,56,REP,Ballots Cast,937,407,530,0
Monroe,"Bedford Township, Precinct 7",State House,56,REP,Austin Blaine,87,43,44,0
Monroe,"Bedford Township, Precinct 7",State House,56,REP,TC Clements,273,140,133,0
Monroe,"Bedford Township, Precinct 7",State House,56,REP,Total Votes,360,183,177,0
Monroe,"Bedford Township, Precinct 7",State House,56,REP,Ballots Cast,739,263,476,0
Monroe,"Bedford Township, Precinct 8",State House,56,REP,Austin Blaine,89,34,55,0
Monroe,"Bedford Township, Precinct 8",State House,56,REP,TC Clements,334,159,175,0
Monroe,"Bedford Township, Precinct 8",State House,56,REP,Total Votes,423,193,230,0
Monroe,"Bedford Township, Precinct 8",State House,56,REP,Ballots Cast,814,291,523,0
Monroe,"Bedford Township, Precinct 9",State House,56,REP,Austin Blaine,48,23,25,0
Monroe,"Bedford Township, Precinct 9",State House,56,REP,TC Clements,203,113,90,0
Monroe,"Bedford Township, Precinct 9",State House,56,REP,Total Votes,251,136,115,0
Monroe,"Bedford Township, Precinct 9",State House,56,REP,Ballots Cast,535,190,345,0
Monroe,"City of Luna Pier, Precinct 1",State House,56,REP,Austin Blaine,58,58,0,0
Monroe,"City of Luna Pier, Precinct 1",State House,56,REP,TC Clements,88,88,0,0
Monroe,"City of Luna Pier, Precinct 1",State House,56,REP,Total Votes,146,146,0,0
Monroe,"City of Luna Pier, Precinct 1",State House,56,REP,Ballots Cast,372,372,0,0
Monroe,"City of Milan, Precinct 1",State House,56,REP,Austin Blaine,101,101,0,0
Monroe,"City of Milan, Precinct 1",State House,56,REP,TC Clements,52,52,0,0
Monroe,"City of Milan, Precinct 1",State House,56,REP,Total Votes,153,153,0,0
Monroe,"City of Milan, Precinct 1",State House,56,REP,Ballots Cast,423,423,0,0
Monroe,"City of Petersburg, Precinct 1",State House,56,REP,Austin Blaine,47,47,0,0
Monroe,"City of Petersburg, Precinct 1",State House,56,REP,TC Clements,58,58,0,0
Monroe,"City of Petersburg, Precinct 1",State House,56,REP,Total Votes,105,105,0,0
Monroe,"City of Petersburg, Precinct 1",State House,56,REP,Ballots Cast,268,268,0,0
Monroe,"Dundee Township, Precinct 1",State House,56,REP,Austin Blaine,56,56,0,0
Monroe,"Dundee Township, Precinct 1",State House,56,REP,TC Clements,118,118,0,0
Monroe,"Dundee Township, Precinct 1",State House,56,REP,Total Votes,174,174,0,0
Monroe,"Dundee Township, Precinct 1",State House,56,REP,Ballots Cast,467,467,0,0
Monroe,"Dundee Township, Precinct 2",State House,56,REP,Austin Blaine,94,94,0,0
Monroe,"Dundee Township, Precinct 2",State House,56,REP,TC Clements,160,160,0,0
Monroe,"Dundee Township, Precinct 2",State House,56,REP,Total Votes,254,254,0,0
Monroe,"Dundee Township, Precinct 2",State House,56,REP,Write-In,1,1,0,0
Monroe,"Dundee Township, Precinct 2",State House,56,REP,Ballots Cast,654,654,0,0
Monroe,"Dundee Township, Precinct 3",State House,56,REP,Austin Blaine,88,88,0,0
Monroe,"Dundee Township, Precinct 3",State House,56,REP,TC Clements,213,213,0,0
Monroe,"Dundee Township, Precinct 3",State House,56,REP,Total Votes,301,301,0,0
Monroe,"Dundee Township, Precinct 3",State House,56,REP,Write-In,1,1,0,0
Monroe,"Dundee Township, Precinct 3",State House,56,REP,Ballots Cast,692,692,0,0
Monroe,"Erie Township, Precinct 1",State House,56,REP,Austin Blaine,98,54,44,0
Monroe,"Erie Township, Precinct 1",State House,56,REP,TC Clements,226,102,124,0
Monroe,"Erie Township, Precinct 1",State House,56,REP,Total Votes,324,156,168,0
Monroe,"Erie Township, Precinct 1",State House,56,REP,Ballots Cast,672,249,423,0
Monroe,"Erie Township, Precinct 2",State House,56,REP,Austin Blaine,49,31,18,0
Monroe,"Erie Township, Precinct 2",State House,56,REP,TC Clements,141,86,55,0
Monroe,"Erie Township, Precinct 2",State House,56,REP,Total Votes,190,117,73,0
Monroe,"Erie Township, Precinct 2",State House,56,REP,Write-In,2,2,0,0
Monroe,"Erie Township, Precinct 2",State House,56,REP,Ballots Cast,402,164,238,0
Monroe,"Ida Township, Precinct 1",State House,56,REP,Austin Blaine,90,56,34,0
Monroe,"Ida Township, Precinct 1",State House,56,REP,TC Clements,249,146,103,0
Monroe,"Ida Township, Precinct 1",State House,56,REP,Total Votes,339,202,137,0
Monroe,"Ida Township, Precinct 1",State House,56,REP,Ballots Cast,618,272,346,0
Monroe,"Ida Township, Precinct 2",State House,56,REP,Austin Blaine,85,56,29,0
Monroe,"Ida Township, Precinct 2",State House,56,REP,TC Clements,277,156,121,0
Monroe,"Ida Township, Precinct 2",State House,56,REP,Total Votes,362,212,150,0
Monroe,"Ida Township, Precinct 2",State House,56,REP,Write-In,3,2,1,0
Monroe,"Ida Township, Precinct 2",State House,56,REP,Ballots Cast,687,293,394,0
Monroe,"La Salle Township, Precinct 1",State House,56,REP,Austin Blaine,117,56,61,0
Monroe,"La Salle Township, Precinct 1",State House,56,REP,TC Clements,243,135,108,0
Monroe,"La Salle Township, Precinct 1",State House,56,REP,Total Votes,360,191,169,0
Monroe,"La Salle Township, Precinct 1",State House,56,REP,Ballots Cast,672,253,419,0
Monroe,"La Salle Township, Precinct 2",State House,56,REP,Austin Blaine,116,57,59,0
Monroe,"La Salle Township, Precinct 2",State House,56,REP,TC Clements,306,178,128,0
Monroe,"La Salle Township, Precinct 2",State House,56,REP,Total Votes,422,235,187,0
Monroe,"La Salle Township, Precinct 2",State House,56,REP,Write-In,1,1,0,0
Monroe,"La Salle Township, Precinct 2",State House,56,REP,Ballots Cast,779,325,454,0
Monroe,"Milan Township, Precinct 1",State House,56,REP,Austin Blaine,163,163,0,0
Monroe,"Milan Township, Precinct 1",State House,56,REP,TC Clements,65,65,0,0
Monroe,"Milan Township, Precinct 1",State House,56,REP,Total Votes,228,228,0,0
Monroe,"Milan Township, Precinct 1",State House,56,REP,Ballots Cast,451,451,0,0
Monroe,"Monroe Township, Precinct 1",State House,56,REP,Austin Blaine,39,18,21,0
Monroe,"Monroe Township, Precinct 1",State House,56,REP,TC Clements,111,45,66,0
Monroe,"Monroe Township, Precinct 1",State House,56,REP,Total Votes,150,63,87,0
Monroe,"Monroe Township, Precinct 1",State House,56,REP,Write-In,1,1,0,0
Monroe,"Monroe Township, Precinct 1",State House,56,REP,Ballots Cast,452,114,338,0
Monroe,"Monroe Township, Precinct 2",State House,56,REP,Austin Blaine,40,20,20,0
Monroe,"Monroe Township, Precinct 2",State House,56,REP,TC Clements,44,27,17,0
Monroe,"Monroe Township, Precinct 2",State House,56,REP,Total Votes,84,47,37,0
Monroe,"Monroe Township, Precinct 2",State House,56,REP,Ballots Cast,248,75,173,0
Monroe,"Monroe Township, Precinct 3",State House,56,REP,Austin Blaine,48,23,25,0
Monroe,"Monroe Township, Precinct 3",State House,56,REP,TC Clements,132,74,58,0
Monroe,"Monroe Township, Precinct 3",State House,56,REP,Total Votes,180,97,83,0
Monroe,"Monroe Township, Precinct 3",State House,56,REP,Write-In,3,1,2,0
Monroe,"Monroe Township, Precinct 3",State House,56,REP,Ballots Cast,454,146,308,0
Monroe,"Monroe Township, Precinct 4",State House,56,REP,Austin Blaine,61,32,29,0
Monroe,"Monroe Township, Precinct 4",State House,56,REP,TC Clements,150,84,66,0
Monroe,"Monroe Township, Precinct 4",State House,56,REP,Total Votes,211,116,95,0
Monroe,"Monroe Township, Precinct 4",State House,56,REP,Ballots Cast,577,186,391,0
Monroe,"Monroe Township, Precinct 5",State House,56,REP,Austin Blaine,89,44,45,0
Monroe,"Monroe Township, Precinct 5",State House,56,REP,TC Clements,286,142,144,0
Monroe,"Monroe Township, Precinct 5",State House,56,REP,Total Votes,375,186,189,0
Monroe,"Monroe Township, Precinct 5",State House,56,REP,Write-In,2,1,1,0
Monroe,"Monroe Township, Precinct 5",State House,56,REP,Ballots Cast,831,242,589,0
Monroe,"Monroe Township, Precinct 6",State House,56,REP,Austin Blaine,75,33,42,0
Monroe,"Monroe Township, Precinct 6",State House,56,REP,TC Clements,140,58,82,0
Monroe,"Monroe Township, Precinct 6",State House,56,REP,Total Votes,215,91,124,0
Monroe,"Monroe Township, Precinct 6",State House,56,REP,Write-In,1,1,0,0
Monroe,"Monroe Township, Precinct 6",State House,56,REP,Ballots Cast,516,133,383,0
Monroe,"Raisinville Township, Precinct 1",State House,56,REP,Austin Blaine,119,55,64,0
Monroe,"Raisinville Township, Precinct 1",State House,56,REP,TC Clements,286,125,161,0
Monroe,"Raisinville Township, Precinct 1",State House,56,REP,Total Votes,405,180,225,0
Monroe,"Raisinville Township, Precinct 1",State House,56,REP,Write-In,2,1,1,0
Monroe,"Raisinville Township, Precinct 1",State House,56,REP,Ballots Cast,833,241,592,0
Monroe,"Raisinville Township, Precinct 2",State House,56,REP,Austin Blaine,106,53,53,0
Monroe,"Raisinville Township, Precinct 2",State House,56,REP,TC Clements,218,115,103,0
Monroe,"Raisinville Township, Precinct 2",State House,56,REP,Total Votes,324,168,156,0
Monroe,"Raisinville Township, Precinct 2",State House,56,REP,Ballots Cast,791,271,520,0
Monroe,"Summerfield Township, Precinct 1",State House,56,REP,Austin Blaine,175,175,0,0
Monroe,"Summerfield Township, Precinct 1",State House,56,REP,TC Clements,358,358,0,0
Monroe,"Summerfield Township, Precinct 1",State House,56,REP,Total Votes,533,533,0,0
Monroe,"Summerfield Township, Precinct 1",State House,56,REP,Write-In,3,3,0,0
Monroe,"Summerfield Township, Precinct 1",State House,56,REP,Ballots Cast,984,984,0,0
Monroe,"Whiteford Township, Precinct 1",State House,56,REP,Austin Blaine,70,26,44,0
Monroe,"Whiteford Township, Precinct 1",State House,56,REP,TC Clements,195,119,76,0
Monroe,"Whiteford Township, Precinct 1",State House,56,REP,Total Votes,265,145,120,0
Monroe,"Whiteford Township, Precinct 1",State House,56,REP,Write-In,1,1,0,0
Monroe,"Whiteford Township, Precinct 1",State House,56,REP,Ballots Cast,518,213,305,0
Monroe,"Whiteford Township, Precinct 2",State House,56,REP,Austin Blaine,56,21,35,0
Monroe,"Whiteford Township, Precinct 2",State House,56,REP,TC Clements,157,100,57,0
Monroe,"Whiteford Township, Precinct 2",State House,56,REP,Total Votes,213,121,92,0
Monroe,"Whiteford Township, Precinct 2",State House,56,REP,Ballots Cast,385,170,215,0
Monroe,"Ash Township, Precinct 1",County Prosecuting Attorney,,REP,Michael G. Roehrig,290,290,0,0
Monroe,"Ash Township, Precinct 1",County Prosecuting Attorney,,REP,Total Votes,290,290,0,0
Monroe,"Ash Township, Precinct 1",County Prosecuting Attorney,,REP,Write-In,1,1,0,0
Monroe,"Ash Township, Precinct 1",County Prosecuting Attorney,,REP,Ballots Cast,664,664,0,0
Monroe,"Ash Township, Precinct 2",County Prosecuting Attorney,,REP,Michael G. Roehrig,311,311,0,0
Monroe,"Ash Township, Precinct 2",County Prosecuting Attorney,,REP,Total Votes,311,311,0,0
Monroe,"Ash Township, Precinct 2",County Prosecuting Attorney,,REP,Write-In,1,1,0,0
Monroe,"Ash Township, Precinct 2",County Prosecuting Attorney,,REP,Ballots Cast,732,732,0,0
Monroe,"Ash Township, Precinct 3",County Prosecuting Attorney,,REP,Michael G. Roehrig,260,260,0,0
Monroe,"Ash Township, Precinct 3",County Prosecuting Attorney,,REP,Total Votes,260,260,0,0
Monroe,"Ash Township, Precinct 3",County Prosecuting Attorney,,REP,Write-In,5,5,0,0
Monroe,"Ash Township, Precinct 3",County Prosecuting Attorney,,REP,Ballots Cast,593,593,0,0
Monroe,"Bedford Township, Precinct 1",County Prosecuting Attorney,,REP,Michael G. Roehrig,182,111,71,0
Monroe,"Bedford Township, Precinct 1",County Prosecuting Attorney,,REP,Total Votes,182,111,71,0
Monroe,"Bedford Township, Precinct 1",County Prosecuting Attorney,,REP,Write-In,1,1,0,0
Monroe,"Bedford Township, Precinct 1",County Prosecuting Attorney,,REP,Ballots Cast,338,169,169,0
Monroe,"Bedford Township, Precinct 10",County Prosecuting Attorney,,REP,Michael G. Roehrig,230,127,103,0
Monroe,"Bedford Township, Precinct 10",County Prosecuting Attorney,,REP,Total Votes,230,127,103,0
Monroe,"Bedford Township, Precinct 10",County Prosecuting Attorney,,REP,Write-In,1,1,0,0
Monroe,"Bedford Township, Precinct 10",County Prosecuting Attorney,,REP,Ballots Cast,470,192,278,0
Monroe,"Bedford Township, Precinct 11",County Prosecuting Attorney,,REP,Michael G. Roehrig,378,217,161,0
Monroe,"Bedford Township, Precinct 11",County Prosecuting Attorney,,REP,Total Votes,378,217,161,0
Monroe,"Bedford Township, Precinct 11",County Prosecuting Attorney,,REP,Ballots Cast,805,356,449,0
Monroe,"Bedford Township, Precinct 12",County Prosecuting Attorney,,REP,Michael G. Roehrig,240,128,112,0
Monroe,"Bedford Township, Precinct 12",County Prosecuting Attorney,,REP,Total Votes,240,128,112,0
Monroe,"Bedford Township, Precinct 12",County Prosecuting Attorney,,REP,Ballots Cast,578,218,360,0
Monroe,"Bedford Township, Precinct 13",County Prosecuting Attorney,,REP,Michael G. Roehrig,316,181,135,0
Monroe,"Bedford Township, Precinct 13",County Prosecuting Attorney,,REP,Total Votes,316,181,135,0
Monroe,"Bedford Township, Precinct 13",County Prosecuting Attorney,,REP,Ballots Cast,662,292,370,0
Monroe,"Bedford Township, Precinct 14",County Prosecuting Attorney,,REP,Michael G. Roehrig,143,74,69,0
Monroe,"Bedford Township, Precinct 14",County Prosecuting Attorney,,REP,Total Votes,143,74,69,0
Monroe,"Bedford Township, Precinct 14",County Prosecuting Attorney,,REP,Write-In,1,1,0,0
Monroe,"Bedford Township, Precinct 14",County Prosecuting Attorney,,REP,Ballots Cast,403,145,258,0
Monroe,"Bedford Township, Precinct 2",County Prosecuting Attorney,,REP,Michael G. Roehrig,297,156,141,0
Monroe,"Bedford Township, Precinct 2",County Prosecuting Attorney,,REP,Total Votes,297,156,141,0
Monroe,"Bedford Township, Precinct 2",County Prosecuting Attorney,,REP,Ballots Cast,641,246,395,0
Monroe,"Bedford Township, Precinct 3",County Prosecuting Attorney,,REP,Michael G. Roehrig,279,190,89,0
Monroe,"Bedford Township, Precinct 3",County Prosecuting Attorney,,REP,Total Votes,279,190,89,0
Monroe,"Bedford Township, Precinct 3",County Prosecuting Attorney,,REP,Ballots Cast,588,288,300,0
Monroe,"Bedford Township, Precinct 4",County Prosecuting Attorney,,REP,Michael G. Roehrig,313,165,148,0
Monroe,"Bedford Township, Precinct 4",County Prosecuting Attorney,,REP,Total Votes,313,165,148,0
Monroe,"Bedford Township, Precinct 4",County Prosecuting Attorney,,REP,Ballots Cast,763,283,480,0
Monroe,"Bedford Township, Precinct 5",County Prosecuting Attorney,,REP,Michael G. Roehrig,280,147,133,0
Monroe,"Bedford Township, Precinct 5",County Prosecuting Attorney,,REP,Total Votes,280,147,133,0
Monroe,"Bedford Township, Precinct 5",County Prosecuting Attorney,,REP,Ballots Cast,647,250,397,0
Monroe,"Bedford Township, Precinct 6",County Prosecuting Attorney,,REP,Michael G. Roehrig,438,260,178,0
Monroe,"Bedford Township, Precinct 6",County Prosecuting Attorney,,REP,Total Votes,438,260,178,0
Monroe,"Bedford Township, Precinct 6",County Prosecuting Attorney,,REP,Ballots Cast,937,407,530,0
Monroe,"Bedford Township, Precinct 7",County Prosecuting Attorney,,REP,Michael G. Roehrig,314,166,148,0
Monroe,"Bedford Township, Precinct 7",County Prosecuting Attorney,,REP,Total Votes,314,166,148,0
Monroe,"Bedford Township, Precinct 7",County Prosecuting Attorney,,REP,Ballots Cast,739,263,476,0
Monroe,"Bedford Township, Precinct 8",County Prosecuting Attorney,,REP,Michael G. Roehrig,352,161,191,0
Monroe,"Bedford Township, Precinct 8",County Prosecuting Attorney,,REP,Total Votes,352,161,191,0
Monroe,"Bedford Township, Precinct 8",County Prosecuting Attorney,,REP,Write-In,1,1,0,0
Monroe,"Bedford Township, Precinct 8",County Prosecuting Attorney,,REP,Ballots Cast,814,291,523,0
Monroe,"Bedford Township, Precinct 9",County Prosecuting Attorney,,REP,Michael G. Roehrig,217,113,104,0
Monroe,"Bedford Township, Precinct 9",County Prosecuting Attorney,,REP,Total Votes,217,113,104,0
Monroe,"Bedford Township, Precinct 9",County Prosecuting Attorney,,REP,Ballots Cast,535,190,345,0
Monroe,"Berlin Township, Precinct 1",County Prosecuting Attorney,,REP,Michael G. Roehrig,188,188,0,0
Monroe,"Berlin Township, Precinct 1",County Prosecuting Attorney,,REP,Total Votes,188,188,0,0
Monroe,"Berlin Township, Precinct 1",County Prosecuting Attorney,,REP,Write-In,1,1,0,0
Monroe,"Berlin Township, Precinct 1",County Prosecuting Attorney,,REP,Ballots Cast,444,444,0,0
Monroe,"Berlin Township, Precinct 2",County Prosecuting Attorney,,REP,Michael G. Roehrig,335,335,0,0
Monroe,"Berlin Township, Precinct 2",County Prosecuting Attorney,,REP,Total Votes,335,335,0,0
Monroe,"Berlin Township, Precinct 2",County Prosecuting Attorney,,REP,Write-In,1,1,0,0
Monroe,"Berlin Township, Precinct 2",County Prosecuting Attorney,,REP,Ballots Cast,731,731,0,0
Monroe,"Berlin Township, Precinct 3",County Prosecuting Attorney,,REP,Michael G. Roehrig,154,154,0,0
Monroe,"Berlin Township, Precinct 3",County Prosecuting Attorney,,REP,Total Votes,154,154,0,0
Monroe,"Berlin Township, Precinct 3",County Prosecuting Attorney,,REP,Ballots Cast,407,407,0,0
Monroe,"Berlin Township, Precinct 4",County Prosecuting Attorney,,REP,Michael G. Roehrig,258,258,0,0
Monroe,"Berlin Township, Precinct 4",County Prosecuting Attorney,,REP,Total Votes,258,258,0,0
Monroe,"Berlin Township, Precinct 4",County Prosecuting Attorney,,REP,Write-In,1,1,0,0
Monroe,"Berlin Township, Precinct 4",County Prosecuting Attorney,,REP,Ballots Cast,582,582,0,0
Monroe,"City of Luna Pier, Precinct 1",County Prosecuting Attorney,,REP,Michael G. Roehrig,143,143,0,0
Monroe,"City of Luna Pier, Precinct 1",County Prosecuting Attorney,,REP,Total Votes,143,143,0,0
Monroe,"City of Luna Pier, Precinct 1",County Prosecuting Attorney,,REP,Write-In,1,1,0,0
Monroe,"City of Luna Pier, Precinct 1",County Prosecuting Attorney,,REP,Ballots Cast,372,372,0,0
Monroe,"City of Milan, Precinct 1",County Prosecuting Attorney,,REP,Michael G. Roehrig,145,145,0,0
Monroe,"City of Milan, Precinct 1",County Prosecuting Attorney,,REP,Total Votes,145,145,0,0
Monroe,"City of Milan, Precinct 1",County Prosecuting Attorney,,REP,Ballots Cast,423,423,0,0
Monroe,"City of Monroe, Precinct 1",County Prosecuting Attorney,,REP,Michael G. Roehrig,203,94,109,0
Monroe,"City of Monroe, Precinct 1",County Prosecuting Attorney,,REP,Total Votes,203,94,109,0
Monroe,"City of Monroe, Precinct 1",County Prosecuting Attorney,,REP,Write-In,1,0,1,0
Monroe,"City of Monroe, Precinct 1",County Prosecuting Attorney,,REP,Ballots Cast,608,158,450,0
Monroe,"City of Monroe, Precinct 2",County Prosecuting Attorney,,REP,Michael G. Roehrig,173,98,75,0
Monroe,"City of Monroe, Precinct 2",County Prosecuting Attorney,,REP,Total Votes,173,98,75,0
Monroe,"City of Monroe, Precinct 2",County Prosecuting Attorney,,REP,Write-In,3,2,1,0
Monroe,"City of Monroe, Precinct 2",County Prosecuting Attorney,,REP,Ballots Cast,487,180,307,0
Monroe,"City of Monroe, Precinct 3N",County Prosecuting Attorney,,REP,Michael G. Roehrig,100,65,35,0
Monroe,"City of Monroe, Precinct 3N",County Prosecuting Attorney,,REP,Total Votes,100,65,35,0
Monroe,"City of Monroe, Precinct 3N",County Prosecuting Attorney,,REP,Ballots Cast,288,116,172,0
Monroe,"City of Monroe, Precinct 3S",County Prosecuting Attorney,,REP,Michael G. Roehrig,54,29,25,0
Monroe,"City of Monroe, Precinct 3S",County Prosecuting Attorney,,REP,Total Votes,54,29,25,0
Monroe,"City of Monroe, Precinct 3S",County Prosecuting Attorney,,REP,Ballots Cast,213,88,125,0
Monroe,"City of Monroe, Precinct 4",County Prosecuting Attorney,,REP,Michael G. Roehrig,324,179,145,0
Monroe,"City of Monroe, Precinct 4",County Prosecuting Attorney,,REP,Total Votes,324,179,145,0
Monroe,"City of Monroe, Precinct 4",County Prosecuting Attorney,,REP,Ballots Cast,872,283,589,0
Monroe,"City of Monroe, Precinct 5",County Prosecuting Attorney,,REP,Michael G. Roehrig,316,132,184,0
Monroe,"City of Monroe, Precinct 5",County Prosecuting Attorney,,REP,Total Votes,316,132,184,0
Monroe,"City of Monroe, Precinct 5",County Prosecuting Attorney,,REP,Ballots Cast,956,226,730,0
Monroe,"City of Monroe, Precinct 6",County Prosecuting Attorney,,REP,Michael G. Roehrig,245,118,127,0
Monroe,"City of Monroe, Precinct 6",County Prosecuting Attorney,,REP,Total Votes,245,118,127,0
Monroe,"City of Monroe, Precinct 6",County Prosecuting Attorney,,REP,Write-In,1,0,1,0
Monroe,"City of Monroe, Precinct 6",County Prosecuting Attorney,,REP,Ballots Cast,692,212,480,0
Monroe,"City of Petersburg, Precinct 1",County Prosecuting Attorney,,REP,Michael G. Roehrig,102,102,0,0
Monroe,"City of Petersburg, Precinct 1",County Prosecuting Attorney,,REP,Total Votes,102,102,0,0
Monroe,"City of Petersburg, Precinct 1",County Prosecuting Attorney,,REP,Ballots Cast,268,268,0,0
Monroe,"Dundee Township, Precinct 1",County Prosecuting Attorney,,REP,Michael G. Roehrig,161,161,0,0
Monroe,"Dundee Township, Precinct 1",County Prosecuting Attorney,,REP,Total Votes,161,161,0,0
Monroe,"Dundee Township, Precinct 1",County Prosecuting Attorney,,REP,Ballots Cast,467,467,0,0
Monroe,"Dundee Township, Precinct 2",County Prosecuting Attorney,,REP,Michael G. Roehrig,254,254,0,0
Monroe,"Dundee Township, Precinct 2",County Prosecuting Attorney,,REP,Total Votes,254,254,0,0
Monroe,"Dundee Township, Precinct 2",County Prosecuting Attorney,,REP,Ballots Cast,654,654,0,0
Monroe,"Dundee Township, Precinct 3",County Prosecuting Attorney,,REP,Michael G. Roehrig,294,294,0,0
Monroe,"Dundee Township, Precinct 3",County Prosecuting Attorney,,REP,Total Votes,294,294,0,0
Monroe,"Dundee Township, Precinct 3",County Prosecuting Attorney,,REP,Ballots Cast,692,692,0,0
Monroe,"Erie Township, Precinct 1",County Prosecuting Attorney,,REP,Michael G. Roehrig,302,154,148,0
Monroe,"Erie Township, Precinct 1",County Prosecuting Attorney,,REP,Total Votes,302,154,148,0
Monroe,"Erie Township, Precinct 1",County Prosecuting Attorney,,REP,Write-In,1,0,1,0
Monroe,"Erie Township, Precinct 1",County Prosecuting Attorney,,REP,Ballots Cast,672,249,423,0
Monroe,"Erie Township, Precinct 2",County Prosecuting Attorney,,REP,Michael G. Roehrig,177,108,69,0
Monroe,"Erie Township, Precinct 2",County Prosecuting Attorney,,REP,Total Votes,177,108,69,0
Monroe,"Erie Township, Precinct 2",County Prosecuting Attorney,,REP,Write-In,2,2,0,0
Monroe,"Erie Township, Precinct 2",County Prosecuting Attorney,,REP,Ballots Cast,402,164,238,0
Monroe,"Exeter Township, Precinct 1",County Prosecuting Attorney,,REP,Michael G. Roehrig,182,182,0,0
Monroe,"Exeter Township, Precinct 1",County Prosecuting Attorney,,REP,Total Votes,182,182,0,0
Monroe,"Exeter Township, Precinct 1",County Prosecuting Attorney,,REP,Write-In,1,1,0,0
Monroe,"Exeter Township, Precinct 1",County Prosecuting Attorney,,REP,Ballots Cast,396,396,0,0
Monroe,"Exeter Township, Precinct 2",County Prosecuting Attorney,,REP,Michael G. Roehrig,217,217,0,0
Monroe,"Exeter Township, Precinct 2",County Prosecuting Attorney,,REP,Total Votes,217,217,0,0
Monroe,"Exeter Township, Precinct 2",County Prosecuting Attorney,,REP,Ballots Cast,475,475,0,0
Monroe,"Frenchtown Township, Precinct 1",County Prosecuting Attorney,,REP,Michael G. Roehrig,158,88,70,0
Monroe,"Frenchtown Township, Precinct 1",County Prosecuting Attorney,,REP,Total Votes,158,88,70,0
Monroe,"Frenchtown Township, Precinct 1",County Prosecuting Attorney,,REP,Ballots Cast,307,126,181,0
Monroe,"Frenchtown Township, Precinct 2",County Prosecuting Attorney,,REP,Michael G. Roehrig,145,85,60,0
Monroe,"Frenchtown Township, Precinct 2",County Prosecuting Attorney,,REP,Total Votes,145,85,60,0
Monroe,"Frenchtown Township, Precinct 2",County Prosecuting Attorney,,REP,Write-In,3,3,0,0
Monroe,"Frenchtown Township, Precinct 2",County Prosecuting Attorney,,REP,Ballots Cast,384,141,243,0
Monroe,"Frenchtown Township, Precinct 3",County Prosecuting Attorney,,REP,Michael G. Roehrig,223,105,118,0
Monroe,"Frenchtown Township, Precinct 3",County Prosecuting Attorney,,REP,Total Votes,223,105,118,0
Monroe,"Frenchtown Township, Precinct 3",County Prosecuting Attorney,,REP,Write-In,2,2,0,0
Monroe,"Frenchtown Township, Precinct 3",County Prosecuting Attorney,,REP,Ballots Cast,465,151,314,0
Monroe,"Frenchtown Township, Precinct 4",County Prosecuting Attorney,,REP,Michael G. Roehrig,302,117,185,0
Monroe,"Frenchtown Township, Precinct 4",County Prosecuting Attorney,,REP,Total Votes,302,117,185,0
Monroe,"Frenchtown Township, Precinct 4",County Prosecuting Attorney,,REP,Write-In,1,1,0,0
Monroe,"Frenchtown Township, Precinct 4",County Prosecuting Attorney,,REP,Ballots Cast,657,154,503,0
Monroe,"Frenchtown Township, Precinct 5",County Prosecuting Attorney,,REP,Michael G. Roehrig,163,99,64,0
Monroe,"Frenchtown Township, Precinct 5",County Prosecuting Attorney,,REP,Total Votes,163,99,64,0
Monroe,"Frenchtown Township, Precinct 5",County Prosecuting Attorney,,REP,Ballots Cast,417,139,278,0
Monroe,"Frenchtown Township, Precinct 6",County Prosecuting Attorney,,REP,Michael G. Roehrig,264,156,108,0
Monroe,"Frenchtown Township, Precinct 6",County Prosecuting Attorney,,REP,Total Votes,264,156,108,0
Monroe,"Frenchtown Township, Precinct 6",County Prosecuting Attorney,,REP,Ballots Cast,625,230,395,0
Monroe,"Frenchtown Township, Precinct 7",County Prosecuting Attorney,,REP,Michael G. Roehrig,431,151,280,0
Monroe,"Frenchtown Township, Precinct 7",County Prosecuting Attorney,,REP,Total Votes,431,151,280,0
Monroe,"Frenchtown Township, Precinct 7",County Prosecuting Attorney,,REP,Ballots Cast,1005,238,767,0
Monroe,"Frenchtown Township, Precinct 8",County Prosecuting Attorney,,REP,Michael G. Roehrig,225,115,110,0
Monroe,"Frenchtown Township, Precinct 8",County Prosecuting Attorney,,REP,Total Votes,225,115,110,0
Monroe,"Frenchtown Township, Precinct 8",County Prosecuting Attorney,,REP,Write-In,2,2,0,0
Monroe,"Frenchtown Township, Precinct 8",County Prosecuting Attorney,,REP,Ballots Cast,488,175,313,0
Monroe,"Frenchtown Township, Precinct 9",County Prosecuting Attorney,,REP,Michael G. Roehrig,107,51,56,0
Monroe,"Frenchtown Township, Precinct 9",County Prosecuting Attorney,,REP,Total Votes,107,51,56,0
Monroe,"Frenchtown Township, Precinct 9",County Prosecuting Attorney,,REP,Write-In,1,1,0,0
Monroe,"Frenchtown Township, Precinct 9",County Prosecuting Attorney,,REP,Ballots Cast,313,89,224,0
Monroe,"Ida Township, Precinct 1",County Prosecuting Attorney,,REP,Michael G. Roehrig,325,190,135,0
Monroe,"Ida Township, Precinct 1",County Prosecuting Attorney,,REP,Total Votes,325,190,135,0
Monroe,"Ida Township, Precinct 1",County Prosecuting Attorney,,REP,Ballots Cast,618,272,346,0
Monroe,"Ida Township, Precinct 2",County Prosecuting Attorney,,REP,Michael G. Roehrig,335,194,141,0
Monroe,"Ida Township, Precinct 2",County Prosecuting Attorney,,REP,Total Votes,335,194,141,0
Monroe,"Ida Township, Precinct 2",County Prosecuting Attorney,,REP,Write-In,2,1,1,0
Monroe,"Ida Township, Precinct 2",County Prosecuting Attorney,,REP,Ballots Cast,687,293,394,0
Monroe,"La Salle Township, Precinct 1",County Prosecuting Attorney,,REP,Michael G. Roehrig,349,183,166,0
Monroe,"La Salle Township, Precinct 1",County Prosecuting Attorney,,REP,Total Votes,349,183,166,0
Monroe,"La Salle Township, Precinct 1",County Prosecuting Attorney,,REP,Write-In,3,2,1,0
Monroe,"La Salle Township, Precinct 1",County Prosecuting Attorney,,REP,Ballots Cast,672,253,419,0
Monroe,"La Salle Township, Precinct 2",County Prosecuting Attorney,,REP,Michael G. Roehrig,408,223,185,0
Monroe,"La Salle Township, Precinct 2",County Prosecuting Attorney,,REP,Total Votes,408,223,185,0
Monroe,"La Salle Township, Precinct 2",County Prosecuting Attorney,,REP,Write-In,2,1,1,0
Monroe,"La Salle Township, Precinct 2",County Prosecuting Attorney,,REP,Ballots Cast,779,325,454,0
Monroe,"London Township, Precinct 1",County Prosecuting Attorney,,REP,Michael G. Roehrig,380,380,0,0
Monroe,"London Township, Precinct 1",County Prosecuting Attorney,,REP,Total Votes,380,380,0,0
Monroe,"London Township, Precinct 1",County Prosecuting Attorney,,REP,Write-In,1,1,0,0
Monroe,"London Township, Precinct 1",County Prosecuting Attorney,,REP,Ballots Cast,834,834,0,0
Monroe,"Milan Township, Precinct 1",County Prosecuting Attorney,,REP,Michael G. Roehrig,216,216,0,0
Monroe,"Milan Township, Precinct 1",County Prosecuting Attorney,,REP,Total Votes,216,216,0,0
Monroe,"Milan Township, Precinct 1",County Prosecuting Attorney,,REP,Write-In,1,1,0,0
Monroe,"Milan Township, Precinct 1",County Prosecuting Attorney,,REP,Ballots Cast,451,451,0,0
Monroe,"Monroe Township, Precinct 1",County Prosecuting Attorney,,REP,Michael G. Roehrig,156,62,94,0
Monroe,"Monroe Township, Precinct 1",County Prosecuting Attorney,,REP,Total Votes,156,62,94,0
Monroe,"Monroe Township, Precinct 1",County Prosecuting Attorney,,REP,Write-In,2,1,1,0
Monroe,"Monroe Township, Precinct 1",County Prosecuting Attorney,,REP,Ballots Cast,452,114,338,0
Monroe,"Monroe Township, Precinct 2",County Prosecuting Attorney,,REP,Michael G. Roehrig,83,43,40,0
Monroe,"Monroe Township, Precinct 2",County Prosecuting Attorney,,REP,Total Votes,83,43,40,0
Monroe,"Monroe Township, Precinct 2",County Prosecuting Attorney,,REP,Write-In,1,1,0,0
Monroe,"Monroe Township, Precinct 2",County Prosecuting Attorney,,REP,Ballots Cast,248,75,173,0
Monroe,"Monroe Township, Precinct 3",County Prosecuting Attorney,,REP,Michael G. Roehrig,172,92,80,0
Monroe,"Monroe Township, Precinct 3",County Prosecuting Attorney,,REP,Total Votes,172,92,80,0
Monroe,"Monroe Township, Precinct 3",County Prosecuting Attorney,,REP,Write-In,3,0,3,0
Monroe,"Monroe Township, Precinct 3",County Prosecuting Attorney,,REP,Ballots Cast,454,146,308,0
Monroe,"Monroe Township, Precinct 4",County Prosecuting Attorney,,REP,Michael G. Roehrig,207,115,92,0
Monroe,"Monroe Township, Precinct 4",County Prosecuting Attorney,,REP,Total Votes,207,115,92,0
Monroe,"Monroe Township, Precinct 4",County Prosecuting Attorney,,REP,Write-In,1,1,0,0
Monroe,"Monroe Township, Precinct 4",County Prosecuting Attorney,,REP,Ballots Cast,577,186,391,0
Monroe,"Monroe Township, Precinct 5",County Prosecuting Attorney,,REP,Michael G. Roehrig,376,183,193,0
Monroe,"Monroe Township, Precinct 5",County Prosecuting Attorney,,REP,Total Votes,376,183,193,0
Monroe,"Monroe Township, Precinct 5",County Prosecuting Attorney,,REP,Write-In,2,1,1,0
Monroe,"Monroe Township, Precinct 5",County Prosecuting Attorney,,REP,Ballots Cast,831,242,589,0
Monroe,"Monroe Township, Precinct 6",County Prosecuting Attorney,,REP,Michael G. Roehrig,227,95,132,0
Monroe,"Monroe Township, Precinct 6",County Prosecuting Attorney,,REP,Total Votes,227,95,132,0
Monroe,"Monroe Township, Precinct 6",County Prosecuting Attorney,,REP,Write-In,1,0,1,0
Monroe,"Monroe Township, Precinct 6",County Prosecuting Attorney,,REP,Ballots Cast,538,141,397,0
Monroe,"Raisinville Township, Precinct 1",County Prosecuting Attorney,,REP,Michael G. Roehrig,406,178,228,0
Monroe,"Raisinville Township, Precinct 1",County Prosecuting Attorney,,REP,Total Votes,406,178,228,0
Monroe,"Raisinville Township, Precinct 1",County Prosecuting Attorney,,REP,Write-In,1,1,0,0
Monroe,"Raisinville Township, Precinct 1",County Prosecuting Attorney,,REP,Ballots Cast,833,241,592,0
Monroe,"Raisinville Township, Precinct 2",County Prosecuting Attorney,,REP,Michael G. Roehrig,330,168,162,0
Monroe,"Raisinville Township, Precinct 2",County Prosecuting Attorney,,REP,Total Votes,330,168,162,0
Monroe,"Raisinville Township, Precinct 2",County Prosecuting Attorney,,REP,Write-In,1,0,1,0
Monroe,"Raisinville Township, Precinct 2",County Prosecuting Attorney,,REP,Ballots Cast,791,271,520,0
Monroe,"Summerfield Township, Precinct 1",County Prosecuting Attorney,,REP,Michael G. Roehrig,511,511,0,0
Monroe,"Summerfield Township, Precinct 1",County Prosecuting Attorney,,REP,Total Votes,511,511,0,0
Monroe,"Summerfield Township, Precinct 1",County Prosecuting Attorney,,REP,Write-In,6,6,0,0
Monroe,"Summerfield Township, Precinct 1",County Prosecuting Attorney,,REP,Ballots Cast,984,984,0,0
Monroe,"Whiteford Township, Precinct 1",County Prosecuting Attorney,,REP,Michael G. Roehrig,256,139,117,0
Monroe,"Whiteford Township, Precinct 1",County Prosecuting Attorney,,REP,Total Votes,256,139,117,0
Monroe,"Whiteford Township, Precinct 1",County Prosecuting Attorney,,REP,Ballots Cast,518,213,305,0
Monroe,"Whiteford Township, Precinct 2",County Prosecuting Attorney,,REP,Michael G. Roehrig,211,117,94,0
Monroe,"Whiteford Township, Precinct 2",County Prosecuting Attorney,,REP,Total Votes,211,117,94,0
Monroe,"Whiteford Township, Precinct 2",County Prosecuting Attorney,,REP,Ballots Cast,385,170,215,0
Monroe,"Ash Township, Precinct 1",County Sheriff,,REP,Logan Tisdale,275,275,0,0
Monroe,"Ash Township, Precinct 1",County Sheriff,,REP,Total Votes,275,275,0,0
Monroe,"Ash Township, Precinct 1",County Sheriff,,REP,Ballots Cast,664,664,0,0
Monroe,"Ash Township, Precinct 2",County Sheriff,,REP,Logan Tisdale,310,310,0,0
Monroe,"Ash Township, Precinct 2",County Sheriff,,REP,Total Votes,310,310,0,0
Monroe,"Ash Township, Precinct 2",County Sheriff,,REP,Ballots Cast,732,732,0,0
Monroe,"Ash Township, Precinct 3",County Sheriff,,REP,Logan Tisdale,241,241,0,0
Monroe,"Ash Township, Precinct 3",County Sheriff,,REP,Total Votes,241,241,0,0
Monroe,"Ash Township, Precinct 3",County Sheriff,,REP,Write-In,5,5,0,0
Monroe,"Ash Township, Precinct 3",County Sheriff,,REP,Ballots Cast,593,593,0,0
Monroe,"Bedford Township, Precinct 1",County Sheriff,,REP,Logan Tisdale,185,114,71,0
Monroe,"Bedford Township, Precinct 1",County Sheriff,,REP,Total Votes,185,114,71,0
Monroe,"Bedford Township, Precinct 1",County Sheriff,,REP,Ballots Cast,338,169,169,0
Monroe,"Bedford Township, Precinct 10",County Sheriff,,REP,Logan Tisdale,224,126,98,0
Monroe,"Bedford Township, Precinct 10",County Sheriff,,REP,Total Votes,224,126,98,0
Monroe,"Bedford Township, Precinct 10",County Sheriff,,REP,Write-In,1,1,0,0
Monroe,"Bedford Township, Precinct 10",County Sheriff,,REP,Ballots Cast,470,192,278,0
Monroe,"Bedford Township, Precinct 11",County Sheriff,,REP,Logan Tisdale,385,225,160,0
Monroe,"Bedford Township, Precinct 11",County Sheriff,,REP,Total Votes,385,225,160,0
Monroe,"Bedford Township, Precinct 11",County Sheriff,,REP,Write-In,3,3,0,0
Monroe,"Bedford Township, Precinct 11",County Sheriff,,REP,Ballots Cast,805,356,449,0
Monroe,"Bedford Township, Precinct 12",County Sheriff,,REP,Logan Tisdale,230,125,105,0
Monroe,"Bedford Township, Precinct 12",County Sheriff,,REP,Total Votes,230,125,105,0
Monroe,"Bedford Township, Precinct 12",County Sheriff,,REP,Ballots Cast,578,218,360,0
Monroe,"Bedford Township, Precinct 13",County Sheriff,,REP,Logan Tisdale,305,179,126,0
Monroe,"Bedford Township, Precinct 13",County Sheriff,,REP,Total Votes,305,179,126,0
Monroe,"Bedford Township, Precinct 13",County Sheriff,,REP,Ballots Cast,662,292,370,0
Monroe,"Bedford Township, Precinct 14",County Sheriff,,REP,Logan Tisdale,141,73,68,0
Monroe,"Bedford Township, Precinct 14",County Sheriff,,REP,Total Votes,141,73,68,0
Monroe,"Bedford Township, Precinct 14",County Sheriff,,REP,Write-In,1,1,0,0
Monroe,"Bedford Township, Precinct 14",County Sheriff,,REP,Ballots Cast,403,145,258,0
Monroe,"Bedford Township, Precinct 2",County Sheriff,,REP,Logan Tisdale,293,158,135,0
Monroe,"Bedford Township, Precinct 2",County Sheriff,,REP,Total Votes,293,158,135,0
Monroe,"Bedford Township, Precinct 2",County Sheriff,,REP,Ballots Cast,641,246,395,0
Monroe,"Bedford Township, Precinct 3",County Sheriff,,REP,Logan Tisdale,284,190,94,0
Monroe,"Bedford Township, Precinct 3",County Sheriff,,REP,Total Votes,284,190,94,0
Monroe,"Bedford Township, Precinct 3",County Sheriff,,REP,Write-In,1,1,0,0
Monroe,"Bedford Township, Precinct 3",County Sheriff,,REP,Ballots Cast,588,288,300,0
Monroe,"Bedford Township, Precinct 4",County Sheriff,,REP,Logan Tisdale,325,168,157,0
Monroe,"Bedford Township, Precinct 4",County Sheriff,,REP,Total Votes,325,168,157,0
Monroe,"Bedford Township, Precinct 4",County Sheriff,,REP,Write-In,1,1,0,0
Monroe,"Bedford Township, Precinct 4",County Sheriff,,REP,Ballots Cast,763,283,480,0
Monroe,"Bedford Township, Precinct 5",County Sheriff,,REP,Logan Tisdale,272,142,130,0
Monroe,"Bedford Township, Precinct 5",County Sheriff,,REP,Total Votes,272,142,130,0
Monroe,"Bedford Township, Precinct 5",County Sheriff,,REP,Write-In,1,1,0,0
Monroe,"Bedford Township, Precinct 5",County Sheriff,,REP,Ballots Cast,647,250,397,0
Monroe,"Bedford Township, Precinct 6",County Sheriff,,REP,Logan Tisdale,426,259,167,0
Monroe,"Bedford Township, Precinct 6",County Sheriff,,REP,Total Votes,426,259,167,0
Monroe,"Bedford Township, Precinct 6",County Sheriff,,REP,Write-In,2,1,1,0
Monroe,"Bedford Township, Precinct 6",County Sheriff,,REP,Ballots Cast,937,407,530,0
Monroe,"Bedford Township, Precinct 7",County Sheriff,,REP,Logan Tisdale,325,172,153,0
Monroe,"Bedford Township, Precinct 7",County Sheriff,,REP,Total Votes,325,172,153,0
Monroe,"Bedford Township, Precinct 7",County Sheriff,,REP,Ballots Cast,739,263,476,0
Monroe,"Bedford Township, Precinct 8",County Sheriff,,REP,Logan Tisdale,354,160,194,0
Monroe,"Bedford Township, Precinct 8",County Sheriff,,REP,Total Votes,354,160,194,0
Monroe,"Bedford Township, Precinct 8",County Sheriff,,REP,Write-In,3,3,0,0
Monroe,"Bedford Township, Precinct 8",County Sheriff,,REP,Ballots Cast,814,291,523,0
Monroe,"Bedford Township, Precinct 9",County Sheriff,,REP,Logan Tisdale,226,113,113,0
Monroe,"Bedford Township, Precinct 9",County Sheriff,,REP,Total Votes,226,113,113,0
Monroe,"Bedford Township, Precinct 9",County Sheriff,,REP,Ballots Cast,535,190,345,0
Monroe,"Berlin Township, Precinct 1",County Sheriff,,REP,Logan Tisdale,181,181,0,0
Monroe,"Berlin Township, Precinct 1",County Sheriff,,REP,Total Votes,181,181,0,0
Monroe,"Berlin Township, Precinct 1",County Sheriff,,REP,Write-In,2,2,0,0
Monroe,"Berlin Township, Precinct 1",County Sheriff,,REP,Ballots Cast,444,444,0,0
Monroe,"Berlin Township, Precinct 2",County Sheriff,,REP,Logan Tisdale,321,321,0,0
Monroe,"Berlin Township, Precinct 2",County Sheriff,,REP,Total Votes,321,321,0,0
Monroe,"Berlin Township, Precinct 2",County Sheriff,,REP,Ballots Cast,731,731,0,0
Monroe,"Berlin Township, Precinct 3",County Sheriff,,REP,Logan Tisdale,144,144,0,0
Monroe,"Berlin Township, Precinct 3",County Sheriff,,REP,Total Votes,144,144,0,0
Monroe,"Berlin Township, Precinct 3",County Sheriff,,REP,Write-In,1,1,0,0
Monroe,"Berlin Township, Precinct 3",County Sheriff,,REP,Ballots Cast,407,407,0,0
Monroe,"Berlin Township, Precinct 4",County Sheriff,,REP,Logan Tisdale,249,249,0,0
Monroe,"Berlin Township, Precinct 4",County Sheriff,,REP,Total Votes,249,249,0,0
Monroe,"Berlin Township, Precinct 4",County Sheriff,,REP,Ballots Cast,582,582,0,0
Monroe,"City of Luna Pier, Precinct 1",County Sheriff,,REP,Logan Tisdale,141,141,0,0
Monroe,"City of Luna Pier, Precinct 1",County Sheriff,,REP,Total Votes,141,141,0,0
Monroe,"City of Luna Pier, Precinct 1",County Sheriff,,REP,Ballots Cast,372,372,0,0
Monroe,"City of Milan, Precinct 1",County Sheriff,,REP,Logan Tisdale,146,146,0,0
Monroe,"City of Milan, Precinct 1",County Sheriff,,REP,Total Votes,146,146,0,0
Monroe,"City of Milan, Precinct 1",County Sheriff,,REP,Ballots Cast,423,423,0,0
Monroe,"City of Monroe, Precinct 1",County Sheriff,,REP,Logan Tisdale,192,91,101,0
Monroe,"City of Monroe, Precinct 1",County Sheriff,,REP,Total Votes,192,91,101,0
Monroe,"City of Monroe, Precinct 1",County Sheriff,,REP,Write-In,1,0,1,0
Monroe,"City of Monroe, Precinct 1",County Sheriff,,REP,Ballots Cast,608,158,450,0
Monroe,"City of Monroe, Precinct 2",County Sheriff,,REP,Logan Tisdale,159,91,68,0
Monroe,"City of Monroe, Precinct 2",County Sheriff,,REP,Total Votes,159,91,68,0
Monroe,"City of Monroe, Precinct 2",County Sheriff,,REP,Write-In,5,4,1,0
Monroe,"City of Monroe, Precinct 2",County Sheriff,,REP,Ballots Cast,487,180,307,0
Monroe,"City of Monroe, Precinct 3N",County Sheriff,,REP,Logan Tisdale,95,62,33,0
Monroe,"City of Monroe, Precinct 3N",County Sheriff,,REP,Total Votes,95,62,33,0
Monroe,"City of Monroe, Precinct 3N",County Sheriff,,REP,Ballots Cast,288,116,172,0
Monroe,"City of Monroe, Precinct 3S",County Sheriff,,REP,Logan Tisdale,53,28,25,0
Monroe,"City of Monroe, Precinct 3S",County Sheriff,,REP,Total Votes,53,28,25,0
Monroe,"City of Monroe, Precinct 3S",County Sheriff,,REP,Ballots Cast,213,88,125,0
Monroe,"City of Monroe, Precinct 4",County Sheriff,,REP,Logan Tisdale,299,171,128,0
Monroe,"City of Monroe, Precinct 4",County Sheriff,,REP,Total Votes,299,171,128,0
Monroe,"City of Monroe, Precinct 4",County Sheriff,,REP,Write-In,1,1,0,0
Monroe,"City of Monroe, Precinct 4",County Sheriff,,REP,Ballots Cast,872,283,589,0
Monroe,"City of Monroe, Precinct 5",County Sheriff,,REP,Logan Tisdale,266,127,139,0
Monroe,"City of Monroe, Precinct 5",County Sheriff,,REP,Total Votes,266,127,139,0
Monroe,"City of Monroe, Precinct 5",County Sheriff,,REP,Ballots Cast,956,226,730,0
Monroe,"City of Monroe, Precinct 6",County Sheriff,,REP,Logan Tisdale,223,110,113,0
Monroe,"City of Monroe, Precinct 6",County Sheriff,,REP,Total Votes,223,110,113,0
Monroe,"City of Monroe, Precinct 6",County Sheriff,,REP,Write-In,3,3,0,0
Monroe,"City of Monroe, Precinct 6",County Sheriff,,REP,Ballots Cast,692,212,480,0
Monroe,"City of Petersburg, Precinct 1",County Sheriff,,REP,Logan Tisdale,96,96,0,0
Monroe,"City of Petersburg, Precinct 1",County Sheriff,,REP,Total Votes,96,96,0,0
Monroe,"City of Petersburg, Precinct 1",County Sheriff,,REP,Ballots Cast,268,268,0,0
Monroe,"Dundee Township, Precinct 1",County Sheriff,,REP,Logan Tisdale,157,157,0,0
Monroe,"Dundee Township, Precinct 1",County Sheriff,,REP,Total Votes,157,157,0,0
Monroe,"Dundee Township, Precinct 1",County Sheriff,,REP,Ballots Cast,467,467,0,0
Monroe,"Dundee Township, Precinct 2",County Sheriff,,REP,Logan Tisdale,247,247,0,0
Monroe,"Dundee Township, Precinct 2",County Sheriff,,REP,Total Votes,247,247,0,0
Monroe,"Dundee Township, Precinct 2",County Sheriff,,REP,Write-In,2,2,0,0
Monroe,"Dundee Township, Precinct 2",County Sheriff,,REP,Ballots Cast,654,654,0,0
Monroe,"Dundee Township, Precinct 3",County Sheriff,,REP,Logan Tisdale,288,288,0,0
Monroe,"Dundee Township, Precinct 3",County Sheriff,,REP,Total Votes,288,288,0,0
Monroe,"Dundee Township, Precinct 3",County Sheriff,,REP,Write-In,1,1,0,0
Monroe,"Dundee Township, Precinct 3",County Sheriff,,REP,Ballots Cast,692,692,0,0
Monroe,"Erie Township, Precinct 1",County Sheriff,,REP,Logan Tisdale,271,141,130,0
Monroe,"Erie Township, Precinct 1",County Sheriff,,REP,Total Votes,271,141,130,0
Monroe,"Erie Township, Precinct 1",County Sheriff,,REP,Write-In,1,1,0,0
Monroe,"Erie Township, Precinct 1",County Sheriff,,REP,Ballots Cast,672,249,423,0
Monroe,"Erie Township, Precinct 2",County Sheriff,,REP,Logan Tisdale,174,110,64,0
Monroe,"Erie Township, Precinct 2",County Sheriff,,REP,Total Votes,174,110,64,0
Monroe,"Erie Township, Precinct 2",County Sheriff,,REP,Write-In,1,1,0,0
Monroe,"Erie Township, Precinct 2",County Sheriff,,REP,Ballots Cast,402,164,238,0
Monroe,"Exeter Township, Precinct 1",County Sheriff,,REP,Logan Tisdale,170,170,0,0
Monroe,"Exeter Township, Precinct 1",County Sheriff,,REP,Total Votes,170,170,0,0
Monroe,"Exeter Township, Precinct 1",County Sheriff,,REP,Write-In,3,3,0,0
Monroe,"Exeter Township, Precinct 1",County Sheriff,,REP,Ballots Cast,396,396,0,0
Monroe,"Exeter Township, Precinct 2",County Sheriff,,REP,Logan Tisdale,211,211,0,0
Monroe,"Exeter Township, Precinct 2",County Sheriff,,REP,Total Votes,211,211,0,0
Monroe,"Exeter Township, Precinct 2",County Sheriff,,REP,Ballots Cast,475,475,0,0
Monroe,"Frenchtown Township, Precinct 1",County Sheriff,,REP,Logan Tisdale,148,83,65,0
Monroe,"Frenchtown Township, Precinct 1",County Sheriff,,REP,Total Votes,148,83,65,0
Monroe,"Frenchtown Township, Precinct 1",County Sheriff,,REP,Ballots Cast,307,126,181,0
Monroe,"Frenchtown Township, Precinct 2",County Sheriff,,REP,Logan Tisdale,144,89,55,0
Monroe,"Frenchtown Township, Precinct 2",County Sheriff,,REP,Total Votes,144,89,55,0
Monroe,"Frenchtown Township, Precinct 2",County Sheriff,,REP,Write-In,2,2,0,0
Monroe,"Frenchtown Township, Precinct 2",County Sheriff,,REP,Ballots Cast,384,141,243,0
Monroe,"Frenchtown Township, Precinct 3",County Sheriff,,REP,Logan Tisdale,212,100,112,0
Monroe,"Frenchtown Township, Precinct 3",County Sheriff,,REP,Total Votes,212,100,112,0
Monroe,"Frenchtown Township, Precinct 3",County Sheriff,,REP,Write-In,1,1,0,0
Monroe,"Frenchtown Township, Precinct 3",County Sheriff,,REP,Ballots Cast,465,151,314,0
Monroe,"Frenchtown Township, Precinct 4",County Sheriff,,REP,Logan Tisdale,261,106,155,0
Monroe,"Frenchtown Township, Precinct 4",County Sheriff,,REP,Total Votes,261,106,155,0
Monroe,"Frenchtown Township, Precinct 4",County Sheriff,,REP,Write-In,3,2,1,0
Monroe,"Frenchtown Township, Precinct 4",County Sheriff,,REP,Ballots Cast,657,154,503,0
Monroe,"Frenchtown Township, Precinct 5",County Sheriff,,REP,Logan Tisdale,167,102,65,0
Monroe,"Frenchtown Township, Precinct 5",County Sheriff,,REP,Total Votes,167,102,65,0
Monroe,"Frenchtown Township, Precinct 5",County Sheriff,,REP,Write-In,1,0,1,0
Monroe,"Frenchtown Township, Precinct 5",County Sheriff,,REP,Ballots Cast,417,139,278,0
Monroe,"Frenchtown Township, Precinct 6",County Sheriff,,REP,Logan Tisdale,241,147,94,0
Monroe,"Frenchtown Township, Precinct 6",County Sheriff,,REP,Total Votes,241,147,94,0
Monroe,"Frenchtown Township, Precinct 6",County Sheriff,,REP,Write-In,2,0,2,0
Monroe,"Frenchtown Township, Precinct 6",County Sheriff,,REP,Ballots Cast,625,230,395,0
Monroe,"Frenchtown Township, Precinct 7",County Sheriff,,REP,Logan Tisdale,401,151,250,0
Monroe,"Frenchtown Township, Precinct 7",County Sheriff,,REP,Total Votes,401,151,250,0
Monroe,"Frenchtown Township, Precinct 7",County Sheriff,,REP,Write-In,2,0,2,0
Monroe,"Frenchtown Township, Precinct 7",County Sheriff,,REP,Ballots Cast,1005,238,767,0
Monroe,"Frenchtown Township, Precinct 8",County Sheriff,,REP,Logan Tisdale,215,108,107,0
Monroe,"Frenchtown Township, Precinct 8",County Sheriff,,REP,Total Votes,215,108,107,0
Monroe,"Frenchtown Township, Precinct 8",County Sheriff,,REP,Write-In,2,1,1,0
Monroe,"Frenchtown Township, Precinct 8",County Sheriff,,REP,Ballots Cast,488,175,313,0
Monroe,"Frenchtown Township, Precinct 9",County Sheriff,,REP,Logan Tisdale,99,49,50,0
Monroe,"Frenchtown Township, Precinct 9",County Sheriff,,REP,Total Votes,99,49,50,0
Monroe,"Frenchtown Township, Precinct 9",County Sheriff,,REP,Write-In,3,1,2,0
Monroe,"Frenchtown Township, Precinct 9",County Sheriff,,REP,Ballots Cast,313,89,224,0
Monroe,"Ida Township, Precinct 1",County Sheriff,,REP,Logan Tisdale,308,184,124,0
Monroe,"Ida Township, Precinct 1",County Sheriff,,REP,Total Votes,308,184,124,0
Monroe,"Ida Township, Precinct 1",County Sheriff,,REP,Ballots Cast,618,272,346,0
Monroe,"Ida Township, Precinct 2",County Sheriff,,REP,Logan Tisdale,311,182,129,0
Monroe,"Ida Township, Precinct 2",County Sheriff,,REP,Total Votes,311,182,129,0
Monroe,"Ida Township, Precinct 2",County Sheriff,,REP,Write-In,2,2,0,0
Monroe,"Ida Township, Precinct 2",County Sheriff,,REP,Ballots Cast,687,293,394,0
Monroe,"La Salle Township, Precinct 1",County Sheriff,,REP,Logan Tisdale,319,172,147,0
Monroe,"La Salle Township, Precinct 1",County Sheriff,,REP,Total Votes,319,172,147,0
Monroe,"La Salle Township, Precinct 1",County Sheriff,,REP,Write-In,2,1,1,0
Monroe,"La Salle Township, Precinct 1",County Sheriff,,REP,Ballots Cast,672,253,419,0
Monroe,"La Salle Township, Precinct 2",County Sheriff,,REP,Logan Tisdale,385,214,171,0
Monroe,"La Salle Township, Precinct 2",County Sheriff,,REP,Total Votes,385,214,171,0
Monroe,"La Salle Township, Precinct 2",County Sheriff,,REP,Write-In,3,3,0,0
Monroe,"La Salle Township, Precinct 2",County Sheriff,,REP,Ballots Cast,779,325,454,0
Monroe,"London Township, Precinct 1",County Sheriff,,REP,Logan Tisdale,377,377,0,0
Monroe,"London Township, Precinct 1",County Sheriff,,REP,Total Votes,377,377,0,0
Monroe,"London Township, Precinct 1",County Sheriff,,REP,Write-In,2,2,0,0
Monroe,"London Township, Precinct 1",County Sheriff,,REP,Ballots Cast,834,834,0,0
Monroe,"Milan Township, Precinct 1",County Sheriff,,REP,Logan Tisdale,211,211,0,0
Monroe,"Milan Township, Precinct 1",County Sheriff,,REP,Total Votes,211,211,0,0
Monroe,"Milan Township, Precinct 1",County Sheriff,,REP,Write-In,1,1,0,0
Monroe,"Milan Township, Precinct 1",County Sheriff,,REP,Ballots Cast,451,451,0,0
Monroe,"Monroe Township, Precinct 1",County Sheriff,,REP,Logan Tisdale,144,60,84,0
Monroe,"Monroe Township, Precinct 1",County Sheriff,,REP,Total Votes,144,60,84,0
Monroe,"Monroe Township, Precinct 1",County Sheriff,,REP,Ballots Cast,452,114,338,0
Monroe,"Monroe Township, Precinct 2",County Sheriff,,REP,Logan Tisdale,81,43,38,0
Monroe,"Monroe Township, Precinct 2",County Sheriff,,REP,Total Votes,81,43,38,0
Monroe,"Monroe Township, Precinct 2",County Sheriff,,REP,Ballots Cast,248,75,173,0
Monroe,"Monroe Township, Precinct 3",County Sheriff,,REP,Logan Tisdale,145,81,64,0
Monroe,"Monroe Township, Precinct 3",County Sheriff,,REP,Total Votes,145,81,64,0
Monroe,"Monroe Township, Precinct 3",County Sheriff,,REP,Write-In,4,2,2,0
Monroe,"Monroe Township, Precinct 3",County Sheriff,,REP,Ballots Cast,454,146,308,0
Monroe,"Monroe Township, Precinct 4",County Sheriff,,REP,Logan Tisdale,185,104,81,0
Monroe,"Monroe Township, Precinct 4",County Sheriff,,REP,Total Votes,185,104,81,0
Monroe,"Monroe Township, Precinct 4",County Sheriff,,REP,Ballots Cast,577,186,391,0
Monroe,"Monroe Township, Precinct 5",County Sheriff,,REP,Logan Tisdale,356,180,176,0
Monroe,"Monroe Township, Precinct 5",County Sheriff,,REP,Total Votes,356,180,176,0
Monroe,"Monroe Township, Precinct 5",County Sheriff,,REP,Write-In,2,2,0,0
Monroe,"Monroe Township, Precinct 5",County Sheriff,,REP,Ballots Cast,831,242,589,0
Monroe,"Monroe Township, Precinct 6",County Sheriff,,REP,Logan Tisdale,203,90,113,0
Monroe,"Monroe Township, Precinct 6",County Sheriff,,REP,Total Votes,203,90,113,0
Monroe,"Monroe Township, Precinct 6",County Sheriff,,REP,Ballots Cast,538,141,397,0
Monroe,"Raisinville Township, Precinct 1",County Sheriff,,REP,Logan Tisdale,368,170,198,0
Monroe,"Raisinville Township, Precinct 1",County Sheriff,,REP,Total Votes,368,170,198,0
Monroe,"Raisinville Township, Precinct 1",County Sheriff,,REP,Write-In,2,1,1,0
Monroe,"Raisinville Township, Precinct 1",County Sheriff,,REP,Ballots Cast,833,241,592,0
Monroe,"Raisinville Township, Precinct 2",County Sheriff,,REP,Logan Tisdale,301,150,151,0
Monroe,"Raisinville Township, Precinct 2",County Sheriff,,REP,Total Votes,301,150,151,0
Monroe,"Raisinville Township, Precinct 2",County Sheriff,,REP,Write-In,3,2,1,0
Monroe,"Raisinville Township, Precinct 2",County Sheriff,,REP,Ballots Cast,791,271,520,0
Monroe,"Summerfield Township, Precinct 1",County Sheriff,,REP,Logan Tisdale,505,505,0,0
Monroe,"Summerfield Township, Precinct 1",County Sheriff,,REP,Total Votes,505,505,0,0
Monroe,"Summerfield Township, Precinct 1",County Sheriff,,REP,Write-In,4,4,0,0
Monroe,"Summerfield Township, Precinct 1",County Sheriff,,REP,Ballots Cast,984,984,0,0
Monroe,"Whiteford Township, Precinct 1",County Sheriff,,REP,Logan Tisdale,254,140,114,0
Monroe,"Whiteford Township, Precinct 1",County Sheriff,,REP,Total Votes,254,140,114,0
Monroe,"Whiteford Township, Precinct 1",County Sheriff,,REP,Ballots Cast,518,213,305,0
Monroe,"Whiteford Township, Precinct 2",County Sheriff,,REP,Logan Tisdale,220,123,97,0
Monroe,"Whiteford Township, Precinct 2",County Sheriff,,REP,Total Votes,220,123,97,0
Monroe,"Whiteford Township, Precinct 2",County Sheriff,,REP,Ballots Cast,385,170,215,0
Monroe,"Ash Township, Precinct 1",County Clerk and Register of Deeds,,REP,Annamarie Osment,277,277,0,0
Monroe,"Ash Township, Precinct 1",County Clerk and Register of Deeds,,REP,Total Votes,277,277,0,0
Monroe,"Ash Township, Precinct 1",County Clerk and Register of Deeds,,REP,Ballots Cast,664,664,0,0
Monroe,"Ash Township, Precinct 2",County Clerk and Register of Deeds,,REP,Annamarie Osment,315,315,0,0
Monroe,"Ash Township, Precinct 2",County Clerk and Register of Deeds,,REP,Total Votes,315,315,0,0
Monroe,"Ash Township, Precinct 2",County Clerk and Register of Deeds,,REP,Ballots Cast,732,732,0,0
Monroe,"Ash Township, Precinct 3",County Clerk and Register of Deeds,,REP,Annamarie Osment,249,249,0,0
Monroe,"Ash Township, Precinct 3",County Clerk and Register of Deeds,,REP,Total Votes,249,249,0,0
Monroe,"Ash Township, Precinct 3",County Clerk and Register of Deeds,,REP,Write-In,4,4,0,0
Monroe,"Ash Township, Precinct 3",County Clerk and Register of Deeds,,REP,Ballots Cast,593,593,0,0
Monroe,"Bedford Township, Precinct 1",County Clerk and Register of Deeds,,REP,Annamarie Osment,181,112,69,0
Monroe,"Bedford Township, Precinct 1",County Clerk and Register of Deeds,,REP,Total Votes,181,112,69,0
Monroe,"Bedford Township, Precinct 1",County Clerk and Register of Deeds,,REP,Ballots Cast,338,169,169,0
Monroe,"Bedford Township, Precinct 10",County Clerk and Register of Deeds,,REP,Annamarie Osment,215,119,96,0
Monroe,"Bedford Township, Precinct 10",County Clerk and Register of Deeds,,REP,Total Votes,215,119,96,0
Monroe,"Bedford Township, Precinct 10",County Clerk and Register of Deeds,,REP,Write-In,2,2,0,0
Monroe,"Bedford Township, Precinct 10",County Clerk and Register of Deeds,,REP,Ballots Cast,470,192,278,0
Monroe,"Bedford Township, Precinct 11",County Clerk and Register of Deeds,,REP,Annamarie Osment,372,208,164,0
Monroe,"Bedford Township, Precinct 11",County Clerk and Register of Deeds,,REP,Total Votes,372,208,164,0
Monroe,"Bedford Township, Precinct 11",County Clerk and Register of Deeds,,REP,Ballots Cast,805,356,449,0
Monroe,"Bedford Township, Precinct 12",County Clerk and Register of Deeds,,REP,Annamarie Osment,233,125,108,0
Monroe,"Bedford Township, Precinct 12",County Clerk and Register of Deeds,,REP,Total Votes,233,125,108,0
Monroe,"Bedford Township, Precinct 12",County Clerk and Register of Deeds,,REP,Ballots Cast,578,218,360,0
Monroe,"Bedford Township, Precinct 13",County Clerk and Register of Deeds,,REP,Annamarie Osment,316,189,127,0
Monroe,"Bedford Township, Precinct 13",County Clerk and Register of Deeds,,REP,Total Votes,316,189,127,0
Monroe,"Bedford Township, Precinct 13",County Clerk and Register of Deeds,,REP,Ballots Cast,662,292,370,0
Monroe,"Bedford Township, Precinct 14",County Clerk and Register of Deeds,,REP,Annamarie Osment,137,72,65,0
Monroe,"Bedford Township, Precinct 14",County Clerk and Register of Deeds,,REP,Total Votes,137,72,65,0
Monroe,"Bedford Township, Precinct 14",County Clerk and Register of Deeds,,REP,Write-In,1,1,0,0
Monroe,"Bedford Township, Precinct 14",County Clerk and Register of Deeds,,REP,Ballots Cast,403,145,258,0
Monroe,"Bedford Township, Precinct 2",County Clerk and Register of Deeds,,REP,Annamarie Osment,291,148,143,0
Monroe,"Bedford Township, Precinct 2",County Clerk and Register of Deeds,,REP,Total Votes,291,148,143,0
Monroe,"Bedford Township, Precinct 2",County Clerk and Register of Deeds,,REP,Ballots Cast,641,246,395,0
Monroe,"Bedford Township, Precinct 3",County Clerk and Register of Deeds,,REP,Annamarie Osment,279,184,95,0
Monroe,"Bedford Township, Precinct 3",County Clerk and Register of Deeds,,REP,Total Votes,279,184,95,0
Monroe,"Bedford Township, Precinct 3",County Clerk and Register of Deeds,,REP,Ballots Cast,588,288,300,0
Monroe,"Bedford Township, Precinct 4",County Clerk and Register of Deeds,,REP,Annamarie Osment,308,158,150,0
Monroe,"Bedford Township, Precinct 4",County Clerk and Register of Deeds,,REP,Total Votes,308,158,150,0
Monroe,"Bedford Township, Precinct 4",County Clerk and Register of Deeds,,REP,Write-In,1,1,0,0
Monroe,"Bedford Township, Precinct 4",County Clerk and Register of Deeds,,REP,Ballots Cast,763,283,480,0
Monroe,"Bedford Township, Precinct 5",County Clerk and Register of Deeds,,REP,Annamarie Osment,267,140,127,0
Monroe,"Bedford Township, Precinct 5",County Clerk and Register of Deeds,,REP,Total Votes,267,140,127,0
Monroe,"Bedford Township, Precinct 5",County Clerk and Register of Deeds,,REP,Ballots Cast,647,250,397,0
Monroe,"Bedford Township, Precinct 6",County Clerk and Register of Deeds,,REP,Annamarie Osment,417,257,160,0
Monroe,"Bedford Township, Precinct 6",County Clerk and Register of Deeds,,REP,Total Votes,417,257,160,0
Monroe,"Bedford Township, Precinct 6",County Clerk and Register of Deeds,,REP,Write-In,1,0,1,0
Monroe,"Bedford Township, Precinct 6",County Clerk and Register of Deeds,,REP,Ballots Cast,937,407,530,0
Monroe,"Bedford Township, Precinct 7",County Clerk and Register of Deeds,,REP,Annamarie Osment,310,166,144,0
Monroe,"Bedford Township, Precinct 7",County Clerk and Register of Deeds,,REP,Total Votes,310,166,144,0
Monroe,"Bedford Township, Precinct 7",County Clerk and Register of Deeds,,REP,Ballots Cast,739,263,476,0
Monroe,"Bedford Township, Precinct 8",County Clerk and Register of Deeds,,REP,Annamarie Osment,352,164,188,0
Monroe,"Bedford Township, Precinct 8",County Clerk and Register of Deeds,,REP,Total Votes,352,164,188,0
Monroe,"Bedford Township, Precinct 8",County Clerk and Register of Deeds,,REP,Ballots Cast,814,291,523,0
Monroe,"Bedford Township, Precinct 9",County Clerk and Register of Deeds,,REP,Annamarie Osment,212,109,103,0
Monroe,"Bedford Township, Precinct 9",County Clerk and Register of Deeds,,REP,Total Votes,212,109,103,0
Monroe,"Bedford Township, Precinct 9",County Clerk and Register of Deeds,,REP,Ballots Cast,535,190,345,0
Monroe,"Berlin Township, Precinct 1",County Clerk and Register of Deeds,,REP,Annamarie Osment,185,185,0,0
Monroe,"Berlin Township, Precinct 1",County Clerk and Register of Deeds,,REP,Total Votes,185,185,0,0
Monroe,"Berlin Township, Precinct 1",County Clerk and Register of Deeds,,REP,Write-In,1,1,0,0
Monroe,"Berlin Township, Precinct 1",County Clerk and Register of Deeds,,REP,Ballots Cast,444,444,0,0
Monroe,"Berlin Township, Precinct 2",County Clerk and Register of Deeds,,REP,Annamarie Osment,323,323,0,0
Monroe,"Berlin Township, Precinct 2",County Clerk and Register of Deeds,,REP,Total Votes,323,323,0,0
Monroe,"Berlin Township, Precinct 2",County Clerk and Register of Deeds,,REP,Ballots Cast,731,731,0,0
Monroe,"Berlin Township, Precinct 3",County Clerk and Register of Deeds,,REP,Annamarie Osment,146,146,0,0
Monroe,"Berlin Township, Precinct 3",County Clerk and Register of Deeds,,REP,Total Votes,146,146,0,0
Monroe,"Berlin Township, Precinct 3",County Clerk and Register of Deeds,,REP,Ballots Cast,407,407,0,0
Monroe,"Berlin Township, Precinct 4",County Clerk and Register of Deeds,,REP,Annamarie Osment,251,251,0,0
Monroe,"Berlin Township, Precinct 4",County Clerk and Register of Deeds,,REP,Total Votes,251,251,0,0
Monroe,"Berlin Township, Precinct 4",County Clerk and Register of Deeds,,REP,Ballots Cast,582,582,0,0
Monroe,"City of Luna Pier, Precinct 1",County Clerk and Register of Deeds,,REP,Annamarie Osment,137,137,0,0
Monroe,"City of Luna Pier, Precinct 1",County Clerk and Register of Deeds,,REP,Total Votes,137,137,0,0
Monroe,"City of Luna Pier, Precinct 1",County Clerk and Register of Deeds,,REP,Ballots Cast,372,372,0,0
Monroe,"City of Milan, Precinct 1",County Clerk and Register of Deeds,,REP,Annamarie Osment,141,141,0,0
Monroe,"City of Milan, Precinct 1",County Clerk and Register of Deeds,,REP,Total Votes,141,141,0,0
Monroe,"City of Milan, Precinct 1",County Clerk and Register of Deeds,,REP,Ballots Cast,423,423,0,0
Monroe,"City of Monroe, Precinct 1",County Clerk and Register of Deeds,,REP,Annamarie Osment,197,90,107,0
Monroe,"City of Monroe, Precinct 1",County Clerk and Register of Deeds,,REP,Total Votes,197,90,107,0
Monroe,"City of Monroe, Precinct 1",County Clerk and Register of Deeds,,REP,Write-In,1,1,0,0
Monroe,"City of Monroe, Precinct 1",County Clerk and Register of Deeds,,REP,Ballots Cast,608,158,450,0
Monroe,"City of Monroe, Precinct 2",County Clerk and Register of Deeds,,REP,Annamarie Osment,167,96,71,0
Monroe,"City of Monroe, Precinct 2",County Clerk and Register of Deeds,,REP,Total Votes,167,96,71,0
Monroe,"City of Monroe, Precinct 2",County Clerk and Register of Deeds,,REP,Write-In,4,3,1,0
Monroe,"City of Monroe, Precinct 2",County Clerk and Register of Deeds,,REP,Ballots Cast,487,180,307,0
Monroe,"City of Monroe, Precinct 3N",County Clerk and Register of Deeds,,REP,Annamarie Osment,95,63,32,0
Monroe,"City of Monroe, Precinct 3N",County Clerk and Register of Deeds,,REP,Total Votes,95,63,32,0
Monroe,"City of Monroe, Precinct 3N",County Clerk and Register of Deeds,,REP,Write-In,1,0,1,0
Monroe,"City of Monroe, Precinct 3N",County Clerk and Register of Deeds,,REP,Ballots Cast,288,116,172,0
Monroe,"City of Monroe, Precinct 3S",County Clerk and Register of Deeds,,REP,Annamarie Osment,56,30,26,0
Monroe,"City of Monroe, Precinct 3S",County Clerk and Register of Deeds,,REP,Total Votes,56,30,26,0
Monroe,"City of Monroe, Precinct 3S",County Clerk and Register of Deeds,,REP,Ballots Cast,213,88,125,0
Monroe,"City of Monroe, Precinct 4",County Clerk and Register of Deeds,,REP,Annamarie Osment,310,174,136,0
Monroe,"City of Monroe, Precinct 4",County Clerk and Register of Deeds,,REP,Total Votes,310,174,136,0
Monroe,"City of Monroe, Precinct 4",County Clerk and Register of Deeds,,REP,Write-In,2,2,0,0
Monroe,"City of Monroe, Precinct 4",County Clerk and Register of Deeds,,REP,Ballots Cast,872,283,589,0
Monroe,"City of Monroe, Precinct 5",County Clerk and Register of Deeds,,REP,Annamarie Osment,297,129,168,0
Monroe,"City of Monroe, Precinct 5",County Clerk and Register of Deeds,,REP,Total Votes,297,129,168,0
Monroe,"City of Monroe, Precinct 5",County Clerk and Register of Deeds,,REP,Ballots Cast,956,226,730,0
Monroe,"City of Monroe, Precinct 6",County Clerk and Register of Deeds,,REP,Annamarie Osment,239,116,123,0
Monroe,"City of Monroe, Precinct 6",County Clerk and Register of Deeds,,REP,Total Votes,239,116,123,0
Monroe,"City of Monroe, Precinct 6",County Clerk and Register of Deeds,,REP,Ballots Cast,692,212,480,0
Monroe,"City of Petersburg, Precinct 1",County Clerk and Register of Deeds,,REP,Annamarie Osment,101,101,0,0
Monroe,"City of Petersburg, Precinct 1",County Clerk and Register of Deeds,,REP,Total Votes,101,101,0,0
Monroe,"City of Petersburg, Precinct 1",County Clerk and Register of Deeds,,REP,Ballots Cast,268,268,0,0
Monroe,"Dundee Township, Precinct 1",County Clerk and Register of Deeds,,REP,Annamarie Osment,167,167,0,0
Monroe,"Dundee Township, Precinct 1",County Clerk and Register of Deeds,,REP,Total Votes,167,167,0,0
Monroe,"Dundee Township, Precinct 1",County Clerk and Register of Deeds,,REP,Ballots Cast,467,467,0,0
Monroe,"Dundee Township, Precinct 2",County Clerk and Register of Deeds,,REP,Annamarie Osment,248,248,0,0
Monroe,"Dundee Township, Precinct 2",County Clerk and Register of Deeds,,REP,Total Votes,248,248,0,0
Monroe,"Dundee Township, Precinct 2",County Clerk and Register of Deeds,,REP,Ballots Cast,654,654,0,0
Monroe,"Dundee Township, Precinct 3",County Clerk and Register of Deeds,,REP,Annamarie Osment,287,287,0,0
Monroe,"Dundee Township, Precinct 3",County Clerk and Register of Deeds,,REP,Total Votes,287,287,0,0
Monroe,"Dundee Township, Precinct 3",County Clerk and Register of Deeds,,REP,Write-In,1,1,0,0
Monroe,"Dundee Township, Precinct 3",County Clerk and Register of Deeds,,REP,Ballots Cast,692,692,0,0
Monroe,"Erie Township, Precinct 1",County Clerk and Register of Deeds,,REP,Annamarie Osment,281,147,134,0
Monroe,"Erie Township, Precinct 1",County Clerk and Register of Deeds,,REP,Total Votes,281,147,134,0
Monroe,"Erie Township, Precinct 1",County Clerk and Register of Deeds,,REP,Write-In,2,1,1,0
Monroe,"Erie Township, Precinct 1",County Clerk and Register of Deeds,,REP,Ballots Cast,672,249,423,0
Monroe,"Erie Township, Precinct 2",County Clerk and Register of Deeds,,REP,Annamarie Osment,179,106,73,0
Monroe,"Erie Township, Precinct 2",County Clerk and Register of Deeds,,REP,Total Votes,179,106,73,0
Monroe,"Erie Township, Precinct 2",County Clerk and Register of Deeds,,REP,Write-In,1,1,0,0
Monroe,"Erie Township, Precinct 2",County Clerk and Register of Deeds,,REP,Ballots Cast,402,164,238,0
Monroe,"Exeter Township, Precinct 1",County Clerk and Register of Deeds,,REP,Annamarie Osment,179,179,0,0
Monroe,"Exeter Township, Precinct 1",County Clerk and Register of Deeds,,REP,Total Votes,179,179,0,0
Monroe,"Exeter Township, Precinct 1",County Clerk and Register of Deeds,,REP,Write-In,1,1,0,0
Monroe,"Exeter Township, Precinct 1",County Clerk and Register of Deeds,,REP,Ballots Cast,396,396,0,0
Monroe,"Exeter Township, Precinct 2",County Clerk and Register of Deeds,,REP,Annamarie Osment,207,207,0,0
Monroe,"Exeter Township, Precinct 2",County Clerk and Register of Deeds,,REP,Total Votes,207,207,0,0
Monroe,"Exeter Township, Precinct 2",County Clerk and Register of Deeds,,REP,Ballots Cast,475,475,0,0
Monroe,"Frenchtown Township, Precinct 1",County Clerk and Register of Deeds,,REP,Annamarie Osment,149,84,65,0
Monroe,"Frenchtown Township, Precinct 1",County Clerk and Register of Deeds,,REP,Total Votes,149,84,65,0
Monroe,"Frenchtown Township, Precinct 1",County Clerk and Register of Deeds,,REP,Write-In,1,0,1,0
Monroe,"Frenchtown Township, Precinct 1",County Clerk and Register of Deeds,,REP,Ballots Cast,307,126,181,0
Monroe,"Frenchtown Township, Precinct 2",County Clerk and Register of Deeds,,REP,Annamarie Osment,143,89,54,0
Monroe,"Frenchtown Township, Precinct 2",County Clerk and Register of Deeds,,REP,Total Votes,143,89,54,0
Monroe,"Frenchtown Township, Precinct 2",County Clerk and Register of Deeds,,REP,Write-In,3,3,0,0
Monroe,"Frenchtown Township, Precinct 2",County Clerk and Register of Deeds,,REP,Ballots Cast,384,141,243,0
Monroe,"Frenchtown Township, Precinct 3",County Clerk and Register of Deeds,,REP,Annamarie Osment,214,105,109,0
Monroe,"Frenchtown Township, Precinct 3",County Clerk and Register of Deeds,,REP,Total Votes,214,105,109,0
Monroe,"Frenchtown Township, Precinct 3",County Clerk and Register of Deeds,,REP,Write-In,1,1,0,0
Monroe,"Frenchtown Township, Precinct 3",County Clerk and Register of Deeds,,REP,Ballots Cast,465,151,314,0
Monroe,"Frenchtown Township, Precinct 4",County Clerk and Register of Deeds,,REP,Annamarie Osment,282,110,172,0
Monroe,"Frenchtown Township, Precinct 4",County Clerk and Register of Deeds,,REP,Total Votes,282,110,172,0
Monroe,"Frenchtown Township, Precinct 4",County Clerk and Register of Deeds,,REP,Ballots Cast,657,154,503,0
Monroe,"Frenchtown Township, Precinct 5",County Clerk and Register of Deeds,,REP,Annamarie Osment,163,100,63,0
Monroe,"Frenchtown Township, Precinct 5",County Clerk and Register of Deeds,,REP,Total Votes,163,100,63,0
Monroe,"Frenchtown Township, Precinct 5",County Clerk and Register of Deeds,,REP,Ballots Cast,417,139,278,0
Monroe,"Frenchtown Township, Precinct 6",County Clerk and Register of Deeds,,REP,Annamarie Osment,258,153,105,0
Monroe,"Frenchtown Township, Precinct 6",County Clerk and Register of Deeds,,REP,Total Votes,258,153,105,0
Monroe,"Frenchtown Township, Precinct 6",County Clerk and Register of Deeds,,REP,Write-In,2,1,1,0
Monroe,"Frenchtown Township, Precinct 6",County Clerk and Register of Deeds,,REP,Ballots Cast,625,230,395,0
Monroe,"Frenchtown Township, Precinct 7",County Clerk and Register of Deeds,,REP,Annamarie Osment,411,150,261,0
Monroe,"Frenchtown Township, Precinct 7",County Clerk and Register of Deeds,,REP,Total Votes,411,150,261,0
Monroe,"Frenchtown Township, Precinct 7",County Clerk and Register of Deeds,,REP,Write-In,1,0,1,0
Monroe,"Frenchtown Township, Precinct 7",County Clerk and Register of Deeds,,REP,Ballots Cast,1005,238,767,0
Monroe,"Frenchtown Township, Precinct 8",County Clerk and Register of Deeds,,REP,Annamarie Osment,223,111,112,0
Monroe,"Frenchtown Township, Precinct 8",County Clerk and Register of Deeds,,REP,Total Votes,223,111,112,0
Monroe,"Frenchtown Township, Precinct 8",County Clerk and Register of Deeds,,REP,Write-In,2,1,1,0
Monroe,"Frenchtown Township, Precinct 8",County Clerk and Register of Deeds,,REP,Ballots Cast,488,175,313,0
Monroe,"Frenchtown Township, Precinct 9",County Clerk and Register of Deeds,,REP,Annamarie Osment,103,50,53,0
Monroe,"Frenchtown Township, Precinct 9",County Clerk and Register of Deeds,,REP,Total Votes,103,50,53,0
Monroe,"Frenchtown Township, Precinct 9",County Clerk and Register of Deeds,,REP,Write-In,2,1,1,0
Monroe,"Frenchtown Township, Precinct 9",County Clerk and Register of Deeds,,REP,Ballots Cast,313,89,224,0
Monroe,"Ida Township, Precinct 1",County Clerk and Register of Deeds,,REP,Annamarie Osment,320,188,132,0
Monroe,"Ida Township, Precinct 1",County Clerk and Register of Deeds,,REP,Total Votes,320,188,132,0
Monroe,"Ida Township, Precinct 1",County Clerk and Register of Deeds,,REP,Ballots Cast,618,272,346,0
Monroe,"Ida Township, Precinct 2",County Clerk and Register of Deeds,,REP,Annamarie Osment,332,190,142,0
Monroe,"Ida Township, Precinct 2",County Clerk and Register of Deeds,,REP,Total Votes,332,190,142,0
Monroe,"Ida Township, Precinct 2",County Clerk and Register of Deeds,,REP,Write-In,3,2,1,0
Monroe,"Ida Township, Precinct 2",County Clerk and Register of Deeds,,REP,Ballots Cast,687,293,394,0
Monroe,"La Salle Township, Precinct 1",County Clerk and Register of Deeds,,REP,Annamarie Osment,339,181,158,0
Monroe,"La Salle Township, Precinct 1",County Clerk and Register of Deeds,,REP,Total Votes,339,181,158,0
Monroe,"La Salle Township, Precinct 1",County Clerk and Register of Deeds,,REP,Ballots Cast,672,253,419,0
Monroe,"La Salle Township, Precinct 2",County Clerk and Register of Deeds,,REP,Annamarie Osment,401,221,180,0
Monroe,"La Salle Township, Precinct 2",County Clerk and Register of Deeds,,REP,Total Votes,401,221,180,0
Monroe,"La Salle Township, Precinct 2",County Clerk and Register of Deeds,,REP,Write-In,1,1,0,0
Monroe,"La Salle Township, Precinct 2",County Clerk and Register of Deeds,,REP,Ballots Cast,779,325,454,0
Monroe,"London Township, Precinct 1",County Clerk and Register of Deeds,,REP,Annamarie Osment,378,378,0,0
Monroe,"London Township, Precinct 1",County Clerk and Register of Deeds,,REP,Total Votes,378,378,0,0
Monroe,"London Township, Precinct 1",County Clerk and Register of Deeds,,REP,Write-In,2,2,0,0
Monroe,"London Township, Precinct 1",County Clerk and Register of Deeds,,REP,Ballots Cast,834,834,0,0
Monroe,"Milan Township, Precinct 1",County Clerk and Register of Deeds,,REP,Annamarie Osment,212,212,0,0
Monroe,"Milan Township, Precinct 1",County Clerk and Register of Deeds,,REP,Total Votes,212,212,0,0
Monroe,"Milan Township, Precinct 1",County Clerk and Register of Deeds,,REP,Ballots Cast,451,451,0,0
Monroe,"Monroe Township, Precinct 1",County Clerk and Register of Deeds,,REP,Annamarie Osment,153,60,93,0
Monroe,"Monroe Township, Precinct 1",County Clerk and Register of Deeds,,REP,Total Votes,153,60,93,0
Monroe,"Monroe Township, Precinct 1",County Clerk and Register of Deeds,,REP,Write-In,1,1,0,0
Monroe,"Monroe Township, Precinct 1",County Clerk and Register of Deeds,,REP,Ballots Cast,452,114,338,0
Monroe,"Monroe Township, Precinct 2",County Clerk and Register of Deeds,,REP,Annamarie Osment,82,43,39,0
Monroe,"Monroe Township, Precinct 2",County Clerk and Register of Deeds,,REP,Total Votes,82,43,39,0
Monroe,"Monroe Township, Precinct 2",County Clerk and Register of Deeds,,REP,Ballots Cast,248,75,173,0
Monroe,"Monroe Township, Precinct 3",County Clerk and Register of Deeds,,REP,Annamarie Osment,177,96,81,0
Monroe,"Monroe Township, Precinct 3",County Clerk and Register of Deeds,,REP,Total Votes,177,96,81,0
Monroe,"Monroe Township, Precinct 3",County Clerk and Register of Deeds,,REP,Write-In,3,1,2,0
Monroe,"Monroe Township, Precinct 3",County Clerk and Register of Deeds,,REP,Ballots Cast,454,146,308,0
Monroe,"Monroe Township, Precinct 4",County Clerk and Register of Deeds,,REP,Annamarie Osment,200,110,90,0
Monroe,"Monroe Township, Precinct 4",County Clerk and Register of Deeds,,REP,Total Votes,200,110,90,0
Monroe,"Monroe Township, Precinct 4",County Clerk and Register of Deeds,,REP,Write-In,3,3,0,0
Monroe,"Monroe Township, Precinct 4",County Clerk and Register of Deeds,,REP,Ballots Cast,577,186,391,0
Monroe,"Monroe Township, Precinct 5",County Clerk and Register of Deeds,,REP,Annamarie Osment,369,186,183,0
Monroe,"Monroe Township, Precinct 5",County Clerk and Register of Deeds,,REP,Total Votes,369,186,183,0
Monroe,"Monroe Township, Precinct 5",County Clerk and Register of Deeds,,REP,Write-In,1,1,0,0
Monroe,"Monroe Township, Precinct 5",County Clerk and Register of Deeds,,REP,Ballots Cast,831,242,589,0
Monroe,"Monroe Township, Precinct 6",County Clerk and Register of Deeds,,REP,Annamarie Osment,225,94,131,0
Monroe,"Monroe Township, Precinct 6",County Clerk and Register of Deeds,,REP,Total Votes,225,94,131,0
Monroe,"Monroe Township, Precinct 6",County Clerk and Register of Deeds,,REP,Write-In,1,0,1,0
Monroe,"Monroe Township, Precinct 6",County Clerk and Register of Deeds,,REP,Ballots Cast,538,141,397,0
Monroe,"Raisinville Township, Precinct 1",County Clerk and Register of Deeds,,REP,Annamarie Osment,396,174,222,0
Monroe,"Raisinville Township, Precinct 1",County Clerk and Register of Deeds,,REP,Total Votes,396,174,222,0
Monroe,"Raisinville Township, Precinct 1",County Clerk and Register of Deeds,,REP,Write-In,1,1,0,0
Monroe,"Raisinville Township, Precinct 1",County Clerk and Register of Deeds,,REP,Ballots Cast,833,241,592,0
Monroe,"Raisinville Township, Precinct 2",County Clerk and Register of Deeds,,REP,Annamarie Osment,321,163,158,0
Monroe,"Raisinville Township, Precinct 2",County Clerk and Register of Deeds,,REP,Total Votes,321,163,158,0
Monroe,"Raisinville Township, Precinct 2",County Clerk and Register of Deeds,,REP,Ballots Cast,791,271,520,0
Monroe,"Summerfield Township, Precinct 1",County Clerk and Register of Deeds,,REP,Annamarie Osment,502,502,0,0
Monroe,"Summerfield Township, Precinct 1",County Clerk and Register of Deeds,,REP,Total Votes,502,502,0,0
Monroe,"Summerfield Township, Precinct 1",County Clerk and Register of Deeds,,REP,Write-In,4,4,0,0
Monroe,"Summerfield Township, Precinct 1",County Clerk and Register of Deeds,,REP,Ballots Cast,984,984,0,0
Monroe,"Whiteford Township, Precinct 1",County Clerk and Register of Deeds,,REP,Annamarie Osment,255,139,116,0
Monroe,"Whiteford Township, Precinct 1",County Clerk and Register of Deeds,,REP,Total Votes,255,139,116,0
Monroe,"Whiteford Township, Precinct 1",County Clerk and Register of Deeds,,REP,Ballots Cast,518,213,305,0
Monroe,"Whiteford Township, Precinct 2",County Clerk and Register of Deeds,,REP,Annamarie Osment,215,120,95,0
Monroe,"Whiteford Township, Precinct 2",County Clerk and Register of Deeds,,REP,Total Votes,215,120,95,0
Monroe,"Whiteford Township, Precinct 2",County Clerk and Register of Deeds,,REP,Ballots Cast,385,170,215,0
Monroe,"Ash Township, Precinct 1",County Treasurer,,REP,Jesse Stanford,276,276,0,0
Monroe,"Ash Township, Precinct 1",County Treasurer,,REP,Total Votes,276,276,0,0
Monroe,"Ash Township, Precinct 1",County Treasurer,,REP,Ballots Cast,664,664,0,0
Monroe,"Ash Township, Precinct 2",County Treasurer,,REP,Jesse Stanford,315,315,0,0
Monroe,"Ash Township, Precinct 2",County Treasurer,,REP,Total Votes,315,315,0,0
Monroe,"Ash Township, Precinct 2",County Treasurer,,REP,Ballots Cast,732,732,0,0
Monroe,"Ash Township, Precinct 3",County Treasurer,,REP,Jesse Stanford,247,247,0,0
Monroe,"Ash Township, Precinct 3",County Treasurer,,REP,Total Votes,247,247,0,0
Monroe,"Ash Township, Precinct 3",County Treasurer,,REP,Write-In,4,4,0,0
Monroe,"Ash Township, Precinct 3",County Treasurer,,REP,Ballots Cast,593,593,0,0
Monroe,"Bedford Township, Precinct 1",County Treasurer,,REP,Jesse Stanford,177,111,66,0
Monroe,"Bedford Township, Precinct 1",County Treasurer,,REP,Total Votes,177,111,66,0
Monroe,"Bedford Township, Precinct 1",County Treasurer,,REP,Write-In,2,2,0,0
Monroe,"Bedford Township, Precinct 1",County Treasurer,,REP,Ballots Cast,338,169,169,0
Monroe,"Bedford Township, Precinct 10",County Treasurer,,REP,Jesse Stanford,214,117,97,0
Monroe,"Bedford Township, Precinct 10",County Treasurer,,REP,Total Votes,214,117,97,0
Monroe,"Bedford Township, Precinct 10",County Treasurer,,REP,Write-In,2,2,0,0
Monroe,"Bedford Township, Precinct 10",County Treasurer,,REP,Ballots Cast,470,192,278,0
Monroe,"Bedford Township, Precinct 11",County Treasurer,,REP,Jesse Stanford,359,206,153,0
Monroe,"Bedford Township, Precinct 11",County Treasurer,,REP,Total Votes,359,206,153,0
Monroe,"Bedford Township, Precinct 11",County Treasurer,,REP,Write-In,2,2,0,0
Monroe,"Bedford Township, Precinct 11",County Treasurer,,REP,Ballots Cast,805,356,449,0
Monroe,"Bedford Township, Precinct 12",County Treasurer,,REP,Jesse Stanford,231,126,105,0
Monroe,"Bedford Township, Precinct 12",County Treasurer,,REP,Total Votes,231,126,105,0
Monroe,"Bedford Township, Precinct 12",County Treasurer,,REP,Ballots Cast,578,218,360,0
Monroe,"Bedford Township, Precinct 13",County Treasurer,,REP,Jesse Stanford,297,179,118,0
Monroe,"Bedford Township, Precinct 13",County Treasurer,,REP,Total Votes,297,179,118,0
Monroe,"Bedford Township, Precinct 13",County Treasurer,,REP,Ballots Cast,662,292,370,0
Monroe,"Bedford Township, Precinct 14",County Treasurer,,REP,Jesse Stanford,133,70,63,0
Monroe,"Bedford Township, Precinct 14",County Treasurer,,REP,Total Votes,133,70,63,0
Monroe,"Bedford Township, Precinct 14",County Treasurer,,REP,Write-In,2,2,0,0
Monroe,"Bedford Township, Precinct 14",County Treasurer,,REP,Ballots Cast,403,145,258,0
Monroe,"Bedford Township, Precinct 2",County Treasurer,,REP,Jesse Stanford,282,144,138,0
Monroe,"Bedford Township, Precinct 2",County Treasurer,,REP,Total Votes,282,144,138,0
Monroe,"Bedford Township, Precinct 2",County Treasurer,,REP,Write-In,1,0,1,0
Monroe,"Bedford Township, Precinct 2",County Treasurer,,REP,Ballots Cast,641,246,395,0
Monroe,"Bedford Township, Precinct 3",County Treasurer,,REP,Jesse Stanford,269,177,92,0
Monroe,"Bedford Township, Precinct 3",County Treasurer,,REP,Total Votes,269,177,92,0
Monroe,"Bedford Township, Precinct 3",County Treasurer,,REP,Write-In,3,3,0,0
Monroe,"Bedford Township, Precinct 3",County Treasurer,,REP,Ballots Cast,588,288,300,0
Monroe,"Bedford Township, Precinct 4",County Treasurer,,REP,Jesse Stanford,305,160,145,0
Monroe,"Bedford Township, Precinct 4",County Treasurer,,REP,Total Votes,305,160,145,0
Monroe,"Bedford Township, Precinct 4",County Treasurer,,REP,Ballots Cast,763,283,480,0
Monroe,"Bedford Township, Precinct 5",County Treasurer,,REP,Jesse Stanford,260,137,123,0
Monroe,"Bedford Township, Precinct 5",County Treasurer,,REP,Total Votes,260,137,123,0
Monroe,"Bedford Township, Precinct 5",County Treasurer,,REP,Write-In,1,1,0,0
Monroe,"Bedford Township, Precinct 5",County Treasurer,,REP,Ballots Cast,647,250,397,0
Monroe,"Bedford Township, Precinct 6",County Treasurer,,REP,Jesse Stanford,406,248,158,0
Monroe,"Bedford Township, Precinct 6",County Treasurer,,REP,Total Votes,406,248,158,0
Monroe,"Bedford Township, Precinct 6",County Treasurer,,REP,Write-In,3,2,1,0
Monroe,"Bedford Township, Precinct 6",County Treasurer,,REP,Ballots Cast,937,407,530,0
Monroe,"Bedford Township, Precinct 7",County Treasurer,,REP,Jesse Stanford,306,163,143,0
Monroe,"Bedford Township, Precinct 7",County Treasurer,,REP,Total Votes,306,163,143,0
Monroe,"Bedford Township, Precinct 7",County Treasurer,,REP,Ballots Cast,739,263,476,0
Monroe,"Bedford Township, Precinct 8",County Treasurer,,REP,Jesse Stanford,346,156,190,0
Monroe,"Bedford Township, Precinct 8",County Treasurer,,REP,Total Votes,346,156,190,0
Monroe,"Bedford Township, Precinct 8",County Treasurer,,REP,Write-In,2,2,0,0
Monroe,"Bedford Township, Precinct 8",County Treasurer,,REP,Ballots Cast,814,291,523,0
Monroe,"Bedford Township, Precinct 9",County Treasurer,,REP,Jesse Stanford,208,106,102,0
Monroe,"Bedford Township, Precinct 9",County Treasurer,,REP,Total Votes,208,106,102,0
Monroe,"Bedford Township, Precinct 9",County Treasurer,,REP,Write-In,1,0,1,0
Monroe,"Bedford Township, Precinct 9",County Treasurer,,REP,Ballots Cast,535,190,345,0
Monroe,"Berlin Township, Precinct 1",County Treasurer,,REP,Jesse Stanford,185,185,0,0
Monroe,"Berlin Township, Precinct 1",County Treasurer,,REP,Total Votes,185,185,0,0
Monroe,"Berlin Township, Precinct 1",County Treasurer,,REP,Write-In,1,1,0,0
Monroe,"Berlin Township, Precinct 1",County Treasurer,,REP,Ballots Cast,444,444,0,0
Monroe,"Berlin Township, Precinct 2",County Treasurer,,REP,Jesse Stanford,321,321,0,0
Monroe,"Berlin Township, Precinct 2",County Treasurer,,REP,Total Votes,321,321,0,0
Monroe,"Berlin Township, Precinct 2",County Treasurer,,REP,Ballots Cast,731,731,0,0
Monroe,"Berlin Township, Precinct 3",County Treasurer,,REP,Jesse Stanford,140,140,0,0
Monroe,"Berlin Township, Precinct 3",County Treasurer,,REP,Total Votes,140,140,0,0
Monroe,"Berlin Township, Precinct 3",County Treasurer,,REP,Ballots Cast,407,407,0,0
Monroe,"Berlin Township, Precinct 4",County Treasurer,,REP,Jesse Stanford,246,246,0,0
Monroe,"Berlin Township, Precinct 4",County Treasurer,,REP,Total Votes,246,246,0,0
Monroe,"Berlin Township, Precinct 4",County Treasurer,,REP,Ballots Cast,582,582,0,0
Monroe,"City of Luna Pier, Precinct 1",County Treasurer,,REP,Jesse Stanford,136,136,0,0
Monroe,"City of Luna Pier, Precinct 1",County Treasurer,,REP,Total Votes,136,136,0,0
Monroe,"City of Luna Pier, Precinct 1",County Treasurer,,REP,Ballots Cast,372,372,0,0
Monroe,"City of Milan, Precinct 1",County Treasurer,,REP,Jesse Stanford,142,142,0,0
Monroe,"City of Milan, Precinct 1",County Treasurer,,REP,Total Votes,142,142,0,0
Monroe,"City of Milan, Precinct 1",County Treasurer,,REP,Ballots Cast,423,423,0,0
Monroe,"City of Monroe, Precinct 1",County Treasurer,,REP,Jesse Stanford,197,93,104,0
Monroe,"City of Monroe, Precinct 1",County Treasurer,,REP,Total Votes,197,93,104,0
Monroe,"City of Monroe, Precinct 1",County Treasurer,,REP,Ballots Cast,608,158,450,0
Monroe,"City of Monroe, Precinct 2",County Treasurer,,REP,Jesse Stanford,168,93,75,0
Monroe,"City of Monroe, Precinct 2",County Treasurer,,REP,Total Votes,168,93,75,0
Monroe,"City of Monroe, Precinct 2",County Treasurer,,REP,Write-In,2,2,0,0
Monroe,"City of Monroe, Precinct 2",County Treasurer,,REP,Ballots Cast,487,180,307,0
Monroe,"City of Monroe, Precinct 3N",County Treasurer,,REP,Jesse Stanford,96,62,34,0
Monroe,"City of Monroe, Precinct 3N",County Treasurer,,REP,Total Votes,96,62,34,0
Monroe,"City of Monroe, Precinct 3N",County Treasurer,,REP,Ballots Cast,288,116,172,0
Monroe,"City of Monroe, Precinct 3S",County Treasurer,,REP,Jesse Stanford,52,26,26,0
Monroe,"City of Monroe, Precinct 3S",County Treasurer,,REP,Total Votes,52,26,26,0
Monroe,"City of Monroe, Precinct 3S",County Treasurer,,REP,Ballots Cast,213,88,125,0
Monroe,"City of Monroe, Precinct 4",County Treasurer,,REP,Jesse Stanford,310,174,136,0
Monroe,"City of Monroe, Precinct 4",County Treasurer,,REP,Total Votes,310,174,136,0
Monroe,"City of Monroe, Precinct 4",County Treasurer,,REP,Write-In,1,1,0,0
Monroe,"City of Monroe, Precinct 4",County Treasurer,,REP,Ballots Cast,872,283,589,0
Monroe,"City of Monroe, Precinct 5",County Treasurer,,REP,Jesse Stanford,278,123,155,0
Monroe,"City of Monroe, Precinct 5",County Treasurer,,REP,Total Votes,278,123,155,0
Monroe,"City of Monroe, Precinct 5",County Treasurer,,REP,Write-In,1,1,0,0
Monroe,"City of Monroe, Precinct 5",County Treasurer,,REP,Ballots Cast,956,226,730,0
Monroe,"City of Monroe, Precinct 6",County Treasurer,,REP,Jesse Stanford,224,112,112,0
Monroe,"City of Monroe, Precinct 6",County Treasurer,,REP,Total Votes,224,112,112,0
Monroe,"City of Monroe, Precinct 6",County Treasurer,,REP,Ballots Cast,692,212,480,0
Monroe,"City of Petersburg, Precinct 1",County Treasurer,,REP,Jesse Stanford,102,102,0,0
Monroe,"City of Petersburg, Precinct 1",County Treasurer,,REP,Total Votes,102,102,0,0
Monroe,"City of Petersburg, Precinct 1",County Treasurer,,REP,Ballots Cast,268,268,0,0
Monroe,"Dundee Township, Precinct 1",County Treasurer,,REP,Jesse Stanford,163,163,0,0
Monroe,"Dundee Township, Precinct 1",County Treasurer,,REP,Total Votes,163,163,0,0
Monroe,"Dundee Township, Precinct 1",County Treasurer,,REP,Write-In,1,1,0,0
Monroe,"Dundee Township, Precinct 1",County Treasurer,,REP,Ballots Cast,467,467,0,0
Monroe,"Dundee Township, Precinct 2",County Treasurer,,REP,Jesse Stanford,248,248,0,0
Monroe,"Dundee Township, Precinct 2",County Treasurer,,REP,Total Votes,248,248,0,0
Monroe,"Dundee Township, Precinct 2",County Treasurer,,REP,Ballots Cast,654,654,0,0
Monroe,"Dundee Township, Precinct 3",County Treasurer,,REP,Jesse Stanford,282,282,0,0
Monroe,"Dundee Township, Precinct 3",County Treasurer,,REP,Total Votes,282,282,0,0
Monroe,"Dundee Township, Precinct 3",County Treasurer,,REP,Ballots Cast,692,692,0,0
Monroe,"Erie Township, Precinct 1",County Treasurer,,REP,Jesse Stanford,277,146,131,0
Monroe,"Erie Township, Precinct 1",County Treasurer,,REP,Total Votes,277,146,131,0
Monroe,"Erie Township, Precinct 1",County Treasurer,,REP,Write-In,2,1,1,0
Monroe,"Erie Township, Precinct 1",County Treasurer,,REP,Ballots Cast,672,249,423,0
Monroe,"Erie Township, Precinct 2",County Treasurer,,REP,Jesse Stanford,175,109,66,0
Monroe,"Erie Township, Precinct 2",County Treasurer,,REP,Total Votes,175,109,66,0
Monroe,"Erie Township, Precinct 2",County Treasurer,,REP,Ballots Cast,402,164,238,0
Monroe,"Exeter Township, Precinct 1",County Treasurer,,REP,Jesse Stanford,177,177,0,0
Monroe,"Exeter Township, Precinct 1",County Treasurer,,REP,Total Votes,177,177,0,0
Monroe,"Exeter Township, Precinct 1",County Treasurer,,REP,Write-In,2,2,0,0
Monroe,"Exeter Township, Precinct 1",County Treasurer,,REP,Ballots Cast,396,396,0,0
Monroe,"Exeter Township, Precinct 2",County Treasurer,,REP,Jesse Stanford,208,208,0,0
Monroe,"Exeter Township, Precinct 2",County Treasurer,,REP,Total Votes,208,208,0,0
Monroe,"Exeter Township, Precinct 2",County Treasurer,,REP,Ballots Cast,475,475,0,0
Monroe,"Frenchtown Township, Precinct 1",County Treasurer,,REP,Jesse Stanford,150,83,67,0
Monroe,"Frenchtown Township, Precinct 1",County Treasurer,,REP,Total Votes,150,83,67,0
Monroe,"Frenchtown Township, Precinct 1",County Treasurer,,REP,Ballots Cast,307,126,181,0
Monroe,"Frenchtown Township, Precinct 2",County Treasurer,,REP,Jesse Stanford,141,86,55,0
Monroe,"Frenchtown Township, Precinct 2",County Treasurer,,REP,Total Votes,141,86,55,0
Monroe,"Frenchtown Township, Precinct 2",County Treasurer,,REP,Write-In,2,2,0,0
Monroe,"Frenchtown Township, Precinct 2",County Treasurer,,REP,Ballots Cast,384,141,243,0
Monroe,"Frenchtown Township, Precinct 3",County Treasurer,,REP,Jesse Stanford,200,103,97,0
Monroe,"Frenchtown Township, Precinct 3",County Treasurer,,REP,Total Votes,200,103,97,0
Monroe,"Frenchtown Township, Precinct 3",County Treasurer,,REP,Write-In,2,1,1,0
Monroe,"Frenchtown Township, Precinct 3",County Treasurer,,REP,Ballots Cast,465,151,314,0
Monroe,"Frenchtown Township, Precinct 4",County Treasurer,,REP,Jesse Stanford,272,109,163,0
Monroe,"Frenchtown Township, Precinct 4",County Treasurer,,REP,Total Votes,272,109,163,0
Monroe,"Frenchtown Township, Precinct 4",County Treasurer,,REP,Ballots Cast,657,154,503,0
Monroe,"Frenchtown Township, Precinct 5",County Treasurer,,REP,Jesse Stanford,160,99,61,0
Monroe,"Frenchtown Township, Precinct 5",County Treasurer,,REP,Total Votes,160,99,61,0
Monroe,"Frenchtown Township, Precinct 5",County Treasurer,,REP,Ballots Cast,417,139,278,0
Monroe,"Frenchtown Township, Precinct 6",County Treasurer,,REP,Jesse Stanford,244,145,99,0
Monroe,"Frenchtown Township, Precinct 6",County Treasurer,,REP,Total Votes,244,145,99,0
Monroe,"Frenchtown Township, Precinct 6",County Treasurer,,REP,Write-In,3,2,1,0
Monroe,"Frenchtown Township, Precinct 6",County Treasurer,,REP,Ballots Cast,625,230,395,0
Monroe,"Frenchtown Township, Precinct 7",County Treasurer,,REP,Jesse Stanford,404,151,253,0
Monroe,"Frenchtown Township, Precinct 7",County Treasurer,,REP,Total Votes,404,151,253,0
Monroe,"Frenchtown Township, Precinct 7",County Treasurer,,REP,Ballots Cast,1005,238,767,0
Monroe,"Frenchtown Township, Precinct 8",County Treasurer,,REP,Jesse Stanford,208,104,104,0
Monroe,"Frenchtown Township, Precinct 8",County Treasurer,,REP,Total Votes,208,104,104,0
Monroe,"Frenchtown Township, Precinct 8",County Treasurer,,REP,Write-In,2,1,1,0
Monroe,"Frenchtown Township, Precinct 8",County Treasurer,,REP,Ballots Cast,488,175,313,0
Monroe,"Frenchtown Township, Precinct 9",County Treasurer,,REP,Jesse Stanford,105,51,54,0
Monroe,"Frenchtown Township, Precinct 9",County Treasurer,,REP,Total Votes,105,51,54,0
Monroe,"Frenchtown Township, Precinct 9",County Treasurer,,REP,Write-In,1,0,1,0
Monroe,"Frenchtown Township, Precinct 9",County Treasurer,,REP,Ballots Cast,313,89,224,0
Monroe,"Ida Township, Precinct 1",County Treasurer,,REP,Jesse Stanford,311,183,128,0
Monroe,"Ida Township, Precinct 1",County Treasurer,,REP,Total Votes,311,183,128,0
Monroe,"Ida Township, Precinct 1",County Treasurer,,REP,Ballots Cast,618,272,346,0
Monroe,"Ida Township, Precinct 2",County Treasurer,,REP,Jesse Stanford,320,186,134,0
Monroe,"Ida Township, Precinct 2",County Treasurer,,REP,Total Votes,320,186,134,0
Monroe,"Ida Township, Precinct 2",County Treasurer,,REP,Write-In,1,1,0,0
Monroe,"Ida Township, Precinct 2",County Treasurer,,REP,Ballots Cast,687,293,394,0
Monroe,"La Salle Township, Precinct 1",County Treasurer,,REP,Jesse Stanford,309,163,146,0
Monroe,"La Salle Township, Precinct 1",County Treasurer,,REP,Total Votes,309,163,146,0
Monroe,"La Salle Township, Precinct 1",County Treasurer,,REP,Ballots Cast,672,253,419,0
Monroe,"La Salle Township, Precinct 2",County Treasurer,,REP,Jesse Stanford,379,206,173,0
Monroe,"La Salle Township, Precinct 2",County Treasurer,,REP,Total Votes,379,206,173,0
Monroe,"La Salle Township, Precinct 2",County Treasurer,,REP,Write-In,3,3,0,0
Monroe,"La Salle Township, Precinct 2",County Treasurer,,REP,Ballots Cast,779,325,454,0
Monroe,"London Township, Precinct 1",County Treasurer,,REP,Jesse Stanford,373,373,0,0
Monroe,"London Township, Precinct 1",County Treasurer,,REP,Total Votes,373,373,0,0
Monroe,"London Township, Precinct 1",County Treasurer,,REP,Write-In,2,2,0,0
Monroe,"London Township, Precinct 1",County Treasurer,,REP,Ballots Cast,834,834,0,0
Monroe,"Milan Township, Precinct 1",County Treasurer,,REP,Jesse Stanford,214,214,0,0
Monroe,"Milan Township, Precinct 1",County Treasurer,,REP,Total Votes,214,214,0,0
Monroe,"Milan Township, Precinct 1",County Treasurer,,REP,Ballots Cast,451,451,0,0
Monroe,"Monroe Township, Precinct 1",County Treasurer,,REP,Jesse Stanford,143,59,84,0
Monroe,"Monroe Township, Precinct 1",County Treasurer,,REP,Total Votes,143,59,84,0
Monroe,"Monroe Township, Precinct 1",County Treasurer,,REP,Write-In,1,1,0,0
Monroe,"Monroe Township, Precinct 1",County Treasurer,,REP,Ballots Cast,452,114,338,0
Monroe,"Monroe Township, Precinct 2",County Treasurer,,REP,Jesse Stanford,81,44,37,0
Monroe,"Monroe Township, Precinct 2",County Treasurer,,REP,Total Votes,81,44,37,0
Monroe,"Monroe Township, Precinct 2",County Treasurer,,REP,Ballots Cast,248,75,173,0
Monroe,"Monroe Township, Precinct 3",County Treasurer,,REP,Jesse Stanford,160,91,69,0
Monroe,"Monroe Township, Precinct 3",County Treasurer,,REP,Total Votes,160,91,69,0
Monroe,"Monroe Township, Precinct 3",County Treasurer,,REP,Write-In,2,0,2,0
Monroe,"Monroe Township, Precinct 3",County Treasurer,,REP,Ballots Cast,454,146,308,0
Monroe,"Monroe Township, Precinct 4",County Treasurer,,REP,Jesse Stanford,194,110,84,0
Monroe,"Monroe Township, Precinct 4",County Treasurer,,REP,Total Votes,194,110,84,0
Monroe,"Monroe Township, Precinct 4",County Treasurer,,REP,Ballots Cast,577,186,391,0
Monroe,"Monroe Township, Precinct 5",County Treasurer,,REP,Jesse Stanford,359,180,179,0
Monroe,"Monroe Township, Precinct 5",County Treasurer,,REP,Total Votes,359,180,179,0
Monroe,"Monroe Township, Precinct 5",County Treasurer,,REP,Write-In,3,2,1,0
Monroe,"Monroe Township, Precinct 5",County Treasurer,,REP,Ballots Cast,831,242,589,0
Monroe,"Monroe Township, Precinct 6",County Treasurer,,REP,Jesse Stanford,207,90,117,0
Monroe,"Monroe Township, Precinct 6",County Treasurer,,REP,Total Votes,207,90,117,0
Monroe,"Monroe Township, Precinct 6",County Treasurer,,REP,Ballots Cast,538,141,397,0
Monroe,"Raisinville Township, Precinct 1",County Treasurer,,REP,Jesse Stanford,379,171,208,0
Monroe,"Raisinville Township, Precinct 1",County Treasurer,,REP,Total Votes,379,171,208,0
Monroe,"Raisinville Township, Precinct 1",County Treasurer,,REP,Write-In,2,1,1,0
Monroe,"Raisinville Township, Precinct 1",County Treasurer,,REP,Ballots Cast,833,241,592,0
Monroe,"Raisinville Township, Precinct 2",County Treasurer,,REP,Jesse Stanford,305,154,151,0
Monroe,"Raisinville Township, Precinct 2",County Treasurer,,REP,Total Votes,305,154,151,0
Monroe,"Raisinville Township, Precinct 2",County Treasurer,,REP,Ballots Cast,791,271,520,0
Monroe,"Summerfield Township, Precinct 1",County Treasurer,,REP,Jesse Stanford,507,507,0,0
Monroe,"Summerfield Township, Precinct 1",County Treasurer,,REP,Total Votes,507,507,0,0
Monroe,"Summerfield Township, Precinct 1",County Treasurer,,REP,Write-In,3,3,0,0
Monroe,"Summerfield Township, Precinct 1",County Treasurer,,REP,Ballots Cast,984,984,0,0
Monroe,"Whiteford Township, Precinct 1",County Treasurer,,REP,Jesse Stanford,255,138,117,0
Monroe,"Whiteford Township, Precinct 1",County Treasurer,,REP,Total Votes,255,138,117,0
Monroe,"Whiteford Township, Precinct 1",County Treasurer,,REP,Write-In,1,1,0,0
Monroe,"Whiteford Township, Precinct 1",County Treasurer,,REP,Ballots Cast,518,213,305,0
Monroe,"Whiteford Township, Precinct 2",County Treasurer,,REP,Jesse Stanford,213,120,93,0
Monroe,"Whiteford Township, Precinct 2",County Treasurer,,REP,Total Votes,213,120,93,0
Monroe,"Whiteford Township, Precinct 2",County Treasurer,,REP,Ballots Cast,385,170,215,0
Monroe,"Ash Township, Precinct 1",County Drain Commissioner,,REP,Write-In,55,55,0,0
Monroe,"Ash Township, Precinct 1",County Drain Commissioner,,REP,Ballots Cast,664,664,0,0
Monroe,"Ash Township, Precinct 2",County Drain Commissioner,,REP,Write-In,73,73,0,0
Monroe,"Ash Township, Precinct 2",County Drain Commissioner,,REP,Ballots Cast,732,732,0,0
Monroe,"Ash Township, Precinct 3",County Drain Commissioner,,REP,Write-In,46,46,0,0
Monroe,"Ash Township, Precinct 3",County Drain Commissioner,,REP,Ballots Cast,593,593,0,0
Monroe,"Bedford Township, Precinct 1",County Drain Commissioner,,REP,Write-In,20,17,3,0
Monroe,"Bedford Township, Precinct 1",County Drain Commissioner,,REP,Ballots Cast,338,169,169,0
Monroe,"Bedford Township, Precinct 10",County Drain Commissioner,,REP,Write-In,31,17,14,0
Monroe,"Bedford Township, Precinct 10",County Drain Commissioner,,REP,Ballots Cast,470,192,278,0
Monroe,"Bedford Township, Precinct 11",County Drain Commissioner,,REP,Write-In,43,33,10,0
Monroe,"Bedford Township, Precinct 11",County Drain Commissioner,,REP,Ballots Cast,805,356,449,0
Monroe,"Bedford Township, Precinct 12",County Drain Commissioner,,REP,Write-In,28,19,9,0
Monroe,"Bedford Township, Precinct 12",County Drain Commissioner,,REP,Ballots Cast,578,218,360,0
Monroe,"Bedford Township, Precinct 13",County Drain Commissioner,,REP,Write-In,40,26,14,0
Monroe,"Bedford Township, Precinct 13",County Drain Commissioner,,REP,Ballots Cast,662,292,370,0
Monroe,"Bedford Township, Precinct 14",County Drain Commissioner,,REP,Write-In,18,9,9,0
Monroe,"Bedford Township, Precinct 14",County Drain Commissioner,,REP,Ballots Cast,403,145,258,0
Monroe,"Bedford Township, Precinct 2",County Drain Commissioner,,REP,Write-In,36,19,17,0
Monroe,"Bedford Township, Precinct 2",County Drain Commissioner,,REP,Ballots Cast,641,246,395,0
Monroe,"Bedford Township, Precinct 3",County Drain Commissioner,,REP,Write-In,28,26,2,0
Monroe,"Bedford Township, Precinct 3",County Drain Commissioner,,REP,Ballots Cast,588,288,300,0
Monroe,"Bedford Township, Precinct 4",County Drain Commissioner,,REP,Write-In,40,20,20,0
Monroe,"Bedford Township, Precinct 4",County Drain Commissioner,,REP,Ballots Cast,763,283,480,0
Monroe,"Bedford Township, Precinct 5",County Drain Commissioner,,REP,Write-In,21,16,5,0
Monroe,"Bedford Township, Precinct 5",County Drain Commissioner,,REP,Ballots Cast,647,250,397,0
Monroe,"Bedford Township, Precinct 6",County Drain Commissioner,,REP,Write-In,46,34,12,0
Monroe,"Bedford Township, Precinct 6",County Drain Commissioner,,REP,Ballots Cast,937,407,530,0
Monroe,"Bedford Township, Precinct 7",County Drain Commissioner,,REP,Write-In,31,19,12,0
Monroe,"Bedford Township, Precinct 7",County Drain Commissioner,,REP,Ballots Cast,739,263,476,0
Monroe,"Bedford Township, Precinct 8",County Drain Commissioner,,REP,Write-In,54,39,15,0
Monroe,"Bedford Township, Precinct 8",County Drain Commissioner,,REP,Ballots Cast,814,291,523,0
Monroe,"Bedford Township, Precinct 9",County Drain Commissioner,,REP,Write-In,21,11,10,0
Monroe,"Bedford Township, Precinct 9",County Drain Commissioner,,REP,Ballots Cast,535,190,345,0
Monroe,"Berlin Township, Precinct 1",County Drain Commissioner,,REP,Write-In,38,38,0,0
Monroe,"Berlin Township, Precinct 1",County Drain Commissioner,,REP,Ballots Cast,444,444,0,0
Monroe,"Berlin Township, Precinct 2",County Drain Commissioner,,REP,Write-In,57,57,0,0
Monroe,"Berlin Township, Precinct 2",County Drain Commissioner,,REP,Ballots Cast,731,731,0,0
Monroe,"Berlin Township, Precinct 3",County Drain Commissioner,,REP,Write-In,27,27,0,0
Monroe,"Berlin Township, Precinct 3",County Drain Commissioner,,REP,Ballots Cast,407,407,0,0
Monroe,"Berlin Township, Precinct 4",County Drain Commissioner,,REP,Write-In,38,38,0,0
Monroe,"Berlin Township, Precinct 4",County Drain Commissioner,,REP,Ballots Cast,582,582,0,0
Monroe,"City of Luna Pier, Precinct 1",County Drain Commissioner,,REP,Write-In,24,24,0,0
Monroe,"City of Luna Pier, Precinct 1",County Drain Commissioner,,REP,Ballots Cast,372,372,0,0
Monroe,"City of Milan, Precinct 1",County Drain Commissioner,,REP,Write-In,22,22,0,0
Monroe,"City of Milan, Precinct 1",County Drain Commissioner,,REP,Ballots Cast,423,423,0,0
Monroe,"City of Monroe, Precinct 1",County Drain Commissioner,,REP,Write-In,39,29,10,0
Monroe,"City of Monroe, Precinct 1",County Drain Commissioner,,REP,Ballots Cast,608,158,450,0
Monroe,"City of Monroe, Precinct 2",County Drain Commissioner,,REP,Write-In,43,32,11,0
Monroe,"City of Monroe, Precinct 2",County Drain Commissioner,,REP,Ballots Cast,487,180,307,0
Monroe,"City of Monroe, Precinct 3N",County Drain Commissioner,,REP,Write-In,25,16,9,0
Monroe,"City of Monroe, Precinct 3N",County Drain Commissioner,,REP,Ballots Cast,288,116,172,0
Monroe,"City of Monroe, Precinct 3S",County Drain Commissioner,,REP,Write-In,13,10,3,0
Monroe,"City of Monroe, Precinct 3S",County Drain Commissioner,,REP,Ballots Cast,213,88,125,0
Monroe,"City of Monroe, Precinct 4",County Drain Commissioner,,REP,Write-In,49,28,21,0
Monroe,"City of Monroe, Precinct 4",County Drain Commissioner,,REP,Ballots Cast,872,283,589,0
Monroe,"City of Monroe, Precinct 5",County Drain Commissioner,,REP,Write-In,63,33,30,0
Monroe,"City of Monroe, Precinct 5",County Drain Commissioner,,REP,Ballots Cast,956,226,730,0
Monroe,"City of Monroe, Precinct 6",County Drain Commissioner,,REP,Write-In,35,23,12,0
Monroe,"City of Monroe, Precinct 6",County Drain Commissioner,,REP,Ballots Cast,692,212,480,0
Monroe,"City of Petersburg, Precinct 1",County Drain Commissioner,,REP,Write-In,16,16,0,0
Monroe,"City of Petersburg, Precinct 1",County Drain Commissioner,,REP,Ballots Cast,268,268,0,0
Monroe,"Dundee Township, Precinct 1",County Drain Commissioner,,REP,Write-In,25,25,0,0
Monroe,"Dundee Township, Precinct 1",County Drain Commissioner,,REP,Ballots Cast,467,467,0,0
Monroe,"Dundee Township, Precinct 2",County Drain Commissioner,,REP,Write-In,37,37,0,0
Monroe,"Dundee Township, Precinct 2",County Drain Commissioner,,REP,Ballots Cast,654,654,0,0
Monroe,"Dundee Township, Precinct 3",County Drain Commissioner,,REP,Write-In,49,49,0,0
Monroe,"Dundee Township, Precinct 3",County Drain Commissioner,,REP,Ballots Cast,692,692,0,0
Monroe,"Erie Township, Precinct 1",County Drain Commissioner,,REP,Write-In,35,29,6,0
Monroe,"Erie Township, Precinct 1",County Drain Commissioner,,REP,Ballots Cast,672,249,423,0
Monroe,"Erie Township, Precinct 2",County Drain Commissioner,,REP,Write-In,24,17,7,0
Monroe,"Erie Township, Precinct 2",County Drain Commissioner,,REP,Ballots Cast,402,164,238,0
Monroe,"Exeter Township, Precinct 1",County Drain Commissioner,,REP,Write-In,33,33,0,0
Monroe,"Exeter Township, Precinct 1",County Drain Commissioner,,REP,Ballots Cast,396,396,0,0
Monroe,"Exeter Township, Precinct 2",County Drain Commissioner,,REP,Write-In,27,27,0,0
Monroe,"Exeter Township, Precinct 2",County Drain Commissioner,,REP,Ballots Cast,475,475,0,0
Monroe,"Frenchtown Township, Precinct 1",County Drain Commissioner,,REP,Write-In,28,17,11,0
Monroe,"Frenchtown Township, Precinct 1",County Drain Commissioner,,REP,Ballots Cast,307,126,181,0
Monroe,"Frenchtown Township, Precinct 2",County Drain Commissioner,,REP,Write-In,27,22,5,0
Monroe,"Frenchtown Township, Precinct 2",County Drain Commissioner,,REP,Ballots Cast,384,141,243,0
Monroe,"Frenchtown Township, Precinct 3",County Drain Commissioner,,REP,Write-In,34,23,11,0
Monroe,"Frenchtown Township, Precinct 3",County Drain Commissioner,,REP,Ballots Cast,465,151,314,0
Monroe,"Frenchtown Township, Precinct 4",County Drain Commissioner,,REP,Write-In,32,17,15,0
Monroe,"Frenchtown Township, Precinct 4",County Drain Commissioner,,REP,Ballots Cast,657,154,503,0
Monroe,"Frenchtown Township, Precinct 5",County Drain Commissioner,,REP,Write-In,43,31,12,0
Monroe,"Frenchtown Township, Precinct 5",County Drain Commissioner,,REP,Ballots Cast,417,139,278,0
Monroe,"Frenchtown Township, Precinct 6",County Drain Commissioner,,REP,Write-In,42,27,15,0
Monroe,"Frenchtown Township, Precinct 6",County Drain Commissioner,,REP,Ballots Cast,625,230,395,0
Monroe,"Frenchtown Township, Precinct 7",County Drain Commissioner,,REP,Write-In,66,34,32,0
Monroe,"Frenchtown Township, Precinct 7",County Drain Commissioner,,REP,Ballots Cast,1005,238,767,0
Monroe,"Frenchtown Township, Precinct 8",County Drain Commissioner,,REP,Write-In,25,20,5,0
Monroe,"Frenchtown Township, Precinct 8",County Drain Commissioner,,REP,Ballots Cast,488,175,313,0
Monroe,"Frenchtown Township, Precinct 9",County Drain Commissioner,,REP,Write-In,17,14,3,0
Monroe,"Frenchtown Township, Precinct 9",County Drain Commissioner,,REP,Ballots Cast,313,89,224,0
Monroe,"Ida Township, Precinct 1",County Drain Commissioner,,REP,Write-In,45,30,15,0
Monroe,"Ida Township, Precinct 1",County Drain Commissioner,,REP,Ballots Cast,618,272,346,0
Monroe,"Ida Township, Precinct 2",County Drain Commissioner,,REP,Write-In,47,37,10,0
Monroe,"Ida Township, Precinct 2",County Drain Commissioner,,REP,Ballots Cast,687,293,394,0
Monroe,"La Salle Township, Precinct 1",County Drain Commissioner,,REP,Write-In,35,23,12,0
Monroe,"La Salle Township, Precinct 1",County Drain Commissioner,,REP,Ballots Cast,672,253,419,0
Monroe,"La Salle Township, Precinct 2",County Drain Commissioner,,REP,Write-In,44,27,17,0
Monroe,"La Salle Township, Precinct 2",County Drain Commissioner,,REP,Ballots Cast,779,325,454,0
Monroe,"London Township, Precinct 1",County Drain Commissioner,,REP,Write-In,84,84,0,0
Monroe,"London Township, Precinct 1",County Drain Commissioner,,REP,Ballots Cast,834,834,0,0
Monroe,"Milan Township, Precinct 1",County Drain Commissioner,,REP,Write-In,32,32,0,0
Monroe,"Milan Township, Precinct 1",County Drain Commissioner,,REP,Ballots Cast,451,451,0,0
Monroe,"Monroe Township, Precinct 1",County Drain Commissioner,,REP,Write-In,18,9,9,0
Monroe,"Monroe Township, Precinct 1",County Drain Commissioner,,REP,Ballots Cast,452,114,338,0
Monroe,"Monroe Township, Precinct 2",County Drain Commissioner,,REP,Write-In,11,10,1,0
Monroe,"Monroe Township, Precinct 2",County Drain Commissioner,,REP,Ballots Cast,248,75,173,0
Monroe,"Monroe Township, Precinct 3",County Drain Commissioner,,REP,Write-In,24,22,2,0
Monroe,"Monroe Township, Precinct 3",County Drain Commissioner,,REP,Ballots Cast,454,146,308,0
Monroe,"Monroe Township, Precinct 4",County Drain Commissioner,,REP,Write-In,27,18,9,0
Monroe,"Monroe Township, Precinct 4",County Drain Commissioner,,REP,Ballots Cast,577,186,391,0
Monroe,"Monroe Township, Precinct 5",County Drain Commissioner,,REP,Write-In,73,47,26,0
Monroe,"Monroe Township, Precinct 5",County Drain Commissioner,,REP,Ballots Cast,831,242,589,0
Monroe,"Monroe Township, Precinct 6",County Drain Commissioner,,REP,Write-In,33,20,13,0
Monroe,"Monroe Township, Precinct 6",County Drain Commissioner,,REP,Ballots Cast,538,141,397,0
Monroe,"Raisinville Township, Precinct 1",County Drain Commissioner,,REP,Write-In,45,20,25,0
Monroe,"Raisinville Township, Precinct 1",County Drain Commissioner,,REP,Ballots Cast,833,241,592,0
Monroe,"Raisinville Township, Precinct 2",County Drain Commissioner,,REP,Write-In,45,31,14,0
Monroe,"Raisinville Township, Precinct 2",County Drain Commissioner,,REP,Ballots Cast,791,271,520,0
Monroe,"Summerfield Township, Precinct 1",County Drain Commissioner,,REP,Write-In,54,54,0,0
Monroe,"Summerfield Township, Precinct 1",County Drain Commissioner,,REP,Ballots Cast,984,984,0,0
Monroe,"Whiteford Township, Precinct 1",County Drain Commissioner,,REP,Write-In,36,24,12,0
Monroe,"Whiteford Township, Precinct 1",County Drain Commissioner,,REP,Ballots Cast,518,213,305,0
Monroe,"Whiteford Township, Precinct 2",County Drain Commissioner,,REP,Write-In,23,17,6,0
Monroe,"Whiteford Township, Precinct 2",County Drain Commissioner,,REP,Ballots Cast,385,170,215,0
Monroe,"Ash Township, Precinct 1",County Surveyor,,REP,Write-In,43,43,0,0
Monroe,"Ash Township, Precinct 1",County Surveyor,,REP,Ballots Cast,664,664,0,0
Monroe,"Ash Township, Precinct 2",County Surveyor,,REP,Write-In,51,51,0,0
Monroe,"Ash Township, Precinct 2",County Surveyor,,REP,Ballots Cast,732,732,0,0
Monroe,"Ash Township, Precinct 3",County Surveyor,,REP,Write-In,34,34,0,0
Monroe,"Ash Township, Precinct 3",County Surveyor,,REP,Ballots Cast,593,593,0,0
Monroe,"Bedford Township, Precinct 1",County Surveyor,,REP,Write-In,19,16,3,0
Monroe,"Bedford Township, Precinct 1",County Surveyor,,REP,Ballots Cast,338,169,169,0
Monroe,"Bedford Township, Precinct 10",County Surveyor,,REP,Write-In,23,14,9,0
Monroe,"Bedford Township, Precinct 10",County Surveyor,,REP,Ballots Cast,470,192,278,0
Monroe,"Bedford Township, Precinct 11",County Surveyor,,REP,Write-In,30,24,6,0
Monroe,"Bedford Township, Precinct 11",County Surveyor,,REP,Ballots Cast,805,356,449,0
Monroe,"Bedford Township, Precinct 12",County Surveyor,,REP,Write-In,19,14,5,0
Monroe,"Bedford Township, Precinct 12",County Surveyor,,REP,Ballots Cast,578,218,360,0
Monroe,"Bedford Township, Precinct 13",County Surveyor,,REP,Write-In,28,19,9,0
Monroe,"Bedford Township, Precinct 13",County Surveyor,,REP,Ballots Cast,662,292,370,0
Monroe,"Bedford Township, Precinct 14",County Surveyor,,REP,Write-In,13,7,6,0
Monroe,"Bedford Township, Precinct 14",County Surveyor,,REP,Ballots Cast,403,145,258,0
Monroe,"Bedford Township, Precinct 2",County Surveyor,,REP,Write-In,25,14,11,0
Monroe,"Bedford Township, Precinct 2",County Surveyor,,REP,Ballots Cast,641,246,395,0
Monroe,"Bedford Township, Precinct 3",County Surveyor,,REP,Write-In,22,19,3,0
Monroe,"Bedford Township, Precinct 3",County Surveyor,,REP,Ballots Cast,588,288,300,0
Monroe,"Bedford Township, Precinct 4",County Surveyor,,REP,Write-In,27,16,11,0
Monroe,"Bedford Township, Precinct 4",County Surveyor,,REP,Ballots Cast,763,283,480,0
Monroe,"Bedford Township, Precinct 5",County Surveyor,,REP,Write-In,12,8,4,0
Monroe,"Bedford Township, Precinct 5",County Surveyor,,REP,Ballots Cast,647,250,397,0
Monroe,"Bedford Township, Precinct 6",County Surveyor,,REP,Write-In,27,23,4,0
Monroe,"Bedford Township, Precinct 6",County Surveyor,,REP,Ballots Cast,937,407,530,0
Monroe,"Bedford Township, Precinct 7",County Surveyor,,REP,Write-In,19,14,5,0
Monroe,"Bedford Township, Precinct 7",County Surveyor,,REP,Ballots Cast,739,263,476,0
Monroe,"Bedford Township, Precinct 8",County Surveyor,,REP,Write-In,39,28,11,0
Monroe,"Bedford Township, Precinct 8",County Surveyor,,REP,Ballots Cast,814,291,523,0
Monroe,"Bedford Township, Precinct 9",County Surveyor,,REP,Write-In,16,9,7,0
Monroe,"Bedford Township, Precinct 9",County Surveyor,,REP,Ballots Cast,535,190,345,0
Monroe,"Berlin Township, Precinct 1",County Surveyor,,REP,Write-In,31,31,0,0
Monroe,"Berlin Township, Precinct 1",County Surveyor,,REP,Ballots Cast,444,444,0,0
Monroe,"Berlin Township, Precinct 2",County Surveyor,,REP,Write-In,50,50,0,0
Monroe,"Berlin Township, Precinct 2",County Surveyor,,REP,Ballots Cast,731,731,0,0
Monroe,"Berlin Township, Precinct 3",County Surveyor,,REP,Write-In,21,21,0,0
Monroe,"Berlin Township, Precinct 3",County Surveyor,,REP,Ballots Cast,407,407,0,0
Monroe,"Berlin Township, Precinct 4",County Surveyor,,REP,Write-In,26,26,0,0
Monroe,"Berlin Township, Precinct 4",County Surveyor,,REP,Ballots Cast,582,582,0,0
Monroe,"City of Luna Pier, Precinct 1",County Surveyor,,REP,Write-In,16,16,0,0
Monroe,"City of Luna Pier, Precinct 1",County Surveyor,,REP,Ballots Cast,372,372,0,0
Monroe,"City of Milan, Precinct 1",County Surveyor,,REP,Write-In,14,14,0,0
Monroe,"City of Milan, Precinct 1",County Surveyor,,REP,Ballots Cast,423,423,0,0
Monroe,"City of Monroe, Precinct 1",County Surveyor,,REP,Write-In,34,25,9,0
Monroe,"City of Monroe, Precinct 1",County Surveyor,,REP,Ballots Cast,608,158,450,0
Monroe,"City of Monroe, Precinct 2",County Surveyor,,REP,Write-In,32,26,6,0
Monroe,"City of Monroe, Precinct 2",County Surveyor,,REP,Ballots Cast,487,180,307,0
Monroe,"City of Monroe, Precinct 3N",County Surveyor,,REP,Write-In,22,13,9,0
Monroe,"City of Monroe, Precinct 3N",County Surveyor,,REP,Ballots Cast,288,116,172,0
Monroe,"City of Monroe, Precinct 3S",County Surveyor,,REP,Write-In,11,8,3,0
Monroe,"City of Monroe, Precinct 3S",County Surveyor,,REP,Ballots Cast,213,88,125,0
Monroe,"City of Monroe, Precinct 4",County Surveyor,,REP,Write-In,38,22,16,0
Monroe,"City of Monroe, Precinct 4",County Surveyor,,REP,Ballots Cast,872,283,589,0
Monroe,"City of Monroe, Precinct 5",County Surveyor,,REP,Write-In,46,26,20,0
Monroe,"City of Monroe, Precinct 5",County Surveyor,,REP,Ballots Cast,956,226,730,0
Monroe,"City of Monroe, Precinct 6",County Surveyor,,REP,Write-In,26,17,9,0
Monroe,"City of Monroe, Precinct 6",County Surveyor,,REP,Ballots Cast,692,212,480,0
Monroe,"City of Petersburg, Precinct 1",County Surveyor,,REP,Write-In,12,12,0,0
Monroe,"City of Petersburg, Precinct 1",County Surveyor,,REP,Ballots Cast,268,268,0,0
Monroe,"Dundee Township, Precinct 1",County Surveyor,,REP,Write-In,18,18,0,0
Monroe,"Dundee Township, Precinct 1",County Surveyor,,REP,Ballots Cast,467,467,0,0
Monroe,"Dundee Township, Precinct 2",County Surveyor,,REP,Write-In,26,26,0,0
Monroe,"Dundee Township, Precinct 2",County Surveyor,,REP,Ballots Cast,654,654,0,0
Monroe,"Dundee Township, Precinct 3",County Surveyor,,REP,Write-In,35,35,0,0
Monroe,"Dundee Township, Precinct 3",County Surveyor,,REP,Ballots Cast,692,692,0,0
Monroe,"Erie Township, Precinct 1",County Surveyor,,REP,Write-In,25,21,4,0
Monroe,"Erie Township, Precinct 1",County Surveyor,,REP,Ballots Cast,672,249,423,0
Monroe,"Erie Township, Precinct 2",County Surveyor,,REP,Write-In,18,13,5,0
Monroe,"Erie Township, Precinct 2",County Surveyor,,REP,Ballots Cast,402,164,238,0
Monroe,"Exeter Township, Precinct 1",County Surveyor,,REP,Write-In,22,22,0,0
Monroe,"Exeter Township, Precinct 1",County Surveyor,,REP,Ballots Cast,396,396,0,0
Monroe,"Exeter Township, Precinct 2",County Surveyor,,REP,Write-In,15,15,0,0
Monroe,"Exeter Township, Precinct 2",County Surveyor,,REP,Ballots Cast,475,475,0,0
Monroe,"Frenchtown Township, Precinct 1",County Surveyor,,REP,Write-In,25,15,10,0
Monroe,"Frenchtown Township, Precinct 1",County Surveyor,,REP,Ballots Cast,307,126,181,0
Monroe,"Frenchtown Township, Precinct 2",County Surveyor,,REP,Write-In,23,19,4,0
Monroe,"Frenchtown Township, Precinct 2",County Surveyor,,REP,Ballots Cast,384,141,243,0
Monroe,"Frenchtown Township, Precinct 3",County Surveyor,,REP,Write-In,29,20,9,0
Monroe,"Frenchtown Township, Precinct 3",County Surveyor,,REP,Ballots Cast,465,151,314,0
Monroe,"Frenchtown Township, Precinct 4",County Surveyor,,REP,Write-In,22,10,12,0
Monroe,"Frenchtown Township, Precinct 4",County Surveyor,,REP,Ballots Cast,657,154,503,0
Monroe,"Frenchtown Township, Precinct 5",County Surveyor,,REP,Write-In,36,27,9,0
Monroe,"Frenchtown Township, Precinct 5",County Surveyor,,REP,Ballots Cast,417,139,278,0
Monroe,"Frenchtown Township, Precinct 6",County Surveyor,,REP,Write-In,33,24,9,0
Monroe,"Frenchtown Township, Precinct 6",County Surveyor,,REP,Ballots Cast,625,230,395,0
Monroe,"Frenchtown Township, Precinct 7",County Surveyor,,REP,Write-In,49,27,22,0
Monroe,"Frenchtown Township, Precinct 7",County Surveyor,,REP,Ballots Cast,1005,238,767,0
Monroe,"Frenchtown Township, Precinct 8",County Surveyor,,REP,Write-In,19,15,4,0
Monroe,"Frenchtown Township, Precinct 8",County Surveyor,,REP,Ballots Cast,488,175,313,0
Monroe,"Frenchtown Township, Precinct 9",County Surveyor,,REP,Write-In,16,13,3,0
Monroe,"Frenchtown Township, Precinct 9",County Surveyor,,REP,Ballots Cast,313,89,224,0
Monroe,"Ida Township, Precinct 1",County Surveyor,,REP,Write-In,29,19,10,0
Monroe,"Ida Township, Precinct 1",County Surveyor,,REP,Ballots Cast,618,272,346,0
Monroe,"Ida Township, Precinct 2",County Surveyor,,REP,Write-In,37,31,6,0
Monroe,"Ida Township, Precinct 2",County Surveyor,,REP,Ballots Cast,687,293,394,0
Monroe,"La Salle Township, Precinct 1",County Surveyor,,REP,Write-In,27,14,13,0
Monroe,"La Salle Township, Precinct 1",County Surveyor,,REP,Ballots Cast,672,253,419,0
Monroe,"La Salle Township, Precinct 2",County Surveyor,,REP,Write-In,35,25,10,0
Monroe,"La Salle Township, Precinct 2",County Surveyor,,REP,Ballots Cast,779,325,454,0
Monroe,"London Township, Precinct 1",County Surveyor,,REP,Write-In,63,63,0,0
Monroe,"London Township, Precinct 1",County Surveyor,,REP,Ballots Cast,834,834,0,0
Monroe,"Milan Township, Precinct 1",County Surveyor,,REP,Write-In,22,22,0,0
Monroe,"Milan Township, Precinct 1",County Surveyor,,REP,Ballots Cast,451,451,0,0
Monroe,"Monroe Township, Precinct 1",County Surveyor,,REP,Write-In,17,10,7,0
Monroe,"Monroe Township, Precinct 1",County Surveyor,,REP,Ballots Cast,452,114,338,0
Monroe,"Monroe Township, Precinct 2",County Surveyor,,REP,Write-In,10,9,1,0
Monroe,"Monroe Township, Precinct 2",County Surveyor,,REP,Ballots Cast,248,75,173,0
Monroe,"Monroe Township, Precinct 3",County Surveyor,,REP,Write-In,22,20,2,0
Monroe,"Monroe Township, Precinct 3",County Surveyor,,REP,Ballots Cast,454,146,308,0
Monroe,"Monroe Township, Precinct 4",County Surveyor,,REP,Write-In,24,18,6,0
Monroe,"Monroe Township, Precinct 4",County Surveyor,,REP,Ballots Cast,577,186,391,0
Monroe,"Monroe Township, Precinct 5",County Surveyor,,REP,Write-In,52,36,16,0
Monroe,"Monroe Township, Precinct 5",County Surveyor,,REP,Ballots Cast,831,242,589,0
Monroe,"Monroe Township, Precinct 6",County Surveyor,,REP,Write-In,24,17,7,0
Monroe,"Monroe Township, Precinct 6",County Surveyor,,REP,Ballots Cast,538,141,397,0
Monroe,"Raisinville Township, Precinct 1",County Surveyor,,REP,Write-In,34,15,19,0
Monroe,"Raisinville Township, Precinct 1",County Surveyor,,REP,Ballots Cast,833,241,592,0
Monroe,"Raisinville Township, Precinct 2",County Surveyor,,REP,Write-In,36,25,11,0
Monroe,"Raisinville Township, Precinct 2",County Surveyor,,REP,Ballots Cast,791,271,520,0
Monroe,"Summerfield Township, Precinct 1",County Surveyor,,REP,Write-In,43,43,0,0
Monroe,"Summerfield Township, Precinct 1",County Surveyor,,REP,Ballots Cast,984,984,0,0
Monroe,"Whiteford Township, Precinct 1",County Surveyor,,REP,Write-In,29,20,9,0
Monroe,"Whiteford Township, Precinct 1",County Surveyor,,REP,Ballots Cast,518,213,305,0
Monroe,"Whiteford Township, Precinct 2",County Surveyor,,REP,Write-In,16,9,7,0
Monroe,"Whiteford Township, Precinct 2",County Surveyor,,REP,Ballots Cast,385,170,215,0
Monroe,"City of Petersburg, Precinct 1",County Commissioner 1st District,,REP,David C. Hoffman,98,98,0,0
Monroe,"City of Petersburg, Precinct 1",County Commissioner 1st District,,REP,Total Votes,98,98,0,0
Monroe,"City of Petersburg, Precinct 1",County Commissioner 1st District,,REP,Ballots Cast,268,268,0,0
Monroe,"Dundee Township, Precinct 1",County Commissioner 1st District,,REP,David C. Hoffman,166,166,0,0
Monroe,"Dundee Township, Precinct 1",County Commissioner 1st District,,REP,Total Votes,166,166,0,0
Monroe,"Dundee Township, Precinct 1",County Commissioner 1st District,,REP,Ballots Cast,467,467,0,0
Monroe,"Dundee Township, Precinct 2",County Commissioner 1st District,,REP,David C. Hoffman,255,255,0,0
Monroe,"Dundee Township, Precinct 2",County Commissioner 1st District,,REP,Total Votes,255,255,0,0
Monroe,"Dundee Township, Precinct 2",County Commissioner 1st District,,REP,Ballots Cast,654,654,0,0
Monroe,"Dundee Township, Precinct 3",County Commissioner 1st District,,REP,David C. Hoffman,292,292,0,0
Monroe,"Dundee Township, Precinct 3",County Commissioner 1st District,,REP,Total Votes,292,292,0,0
Monroe,"Dundee Township, Precinct 3",County Commissioner 1st District,,REP,Write-In,1,1,0,0
Monroe,"Dundee Township, Precinct 3",County Commissioner 1st District,,REP,Ballots Cast,692,692,0,0
Monroe,"Ida Township, Precinct 1",County Commissioner 1st District,,REP,David C. Hoffman,312,181,131,0
Monroe,"Ida Township, Precinct 1",County Commissioner 1st District,,REP,Total Votes,312,181,131,0
Monroe,"Ida Township, Precinct 1",County Commissioner 1st District,,REP,Write-In,2,2,0,0
Monroe,"Ida Township, Precinct 1",County Commissioner 1st District,,REP,Ballots Cast,618,272,346,0
Monroe,"Ida Township, Precinct 2",County Commissioner 1st District,,REP,David C. Hoffman,341,193,148,0
Monroe,"Ida Township, Precinct 2",County Commissioner 1st District,,REP,Total Votes,341,193,148,0
Monroe,"Ida Township, Precinct 2",County Commissioner 1st District,,REP,Ballots Cast,687,293,394,0
Monroe,"Summerfield Township, Precinct 1",County Commissioner 1st District,,REP,David C. Hoffman,512,512,0,0
Monroe,"Summerfield Township, Precinct 1",County Commissioner 1st District,,REP,Total Votes,512,512,0,0
Monroe,"Summerfield Township, Precinct 1",County Commissioner 1st District,,REP,Write-In,1,1,0,0
Monroe,"Summerfield Township, Precinct 1",County Commissioner 1st District,,REP,Ballots Cast,984,984,0,0
Monroe,"City of Milan, Precinct 1",County Commissioner 2nd District,,REP,Mark Brant,137,137,0,0
Monroe,"City of Milan, Precinct 1",County Commissioner 2nd District,,REP,Total Votes,137,137,0,0
Monroe,"City of Milan, Precinct 1",County Commissioner 2nd District,,REP,Ballots Cast,423,423,0,0
Monroe,"Exeter Township, Precinct 1",County Commissioner 2nd District,,REP,Mark Brant,179,179,0,0
Monroe,"Exeter Township, Precinct 1",County Commissioner 2nd District,,REP,Total Votes,179,179,0,0
Monroe,"Exeter Township, Precinct 1",County Commissioner 2nd District,,REP,Write-In,2,2,0,0
Monroe,"Exeter Township, Precinct 1",County Commissioner 2nd District,,REP,Ballots Cast,396,396,0,0
Monroe,"Exeter Township, Precinct 2",County Commissioner 2nd District,,REP,Mark Brant,199,199,0,0
Monroe,"Exeter Township, Precinct 2",County Commissioner 2nd District,,REP,Total Votes,199,199,0,0
Monroe,"Exeter Township, Precinct 2",County Commissioner 2nd District,,REP,Ballots Cast,475,475,0,0
Monroe,"London Township, Precinct 1",County Commissioner 2nd District,,REP,Mark Brant,366,366,0,0
Monroe,"London Township, Precinct 1",County Commissioner 2nd District,,REP,Total Votes,366,366,0,0
Monroe,"London Township, Precinct 1",County Commissioner 2nd District,,REP,Write-In,3,3,0,0
Monroe,"London Township, Precinct 1",County Commissioner 2nd District,,REP,Ballots Cast,834,834,0,0
Monroe,"Milan Township, Precinct 1",County Commissioner 2nd District,,REP,Mark Brant,209,209,0,0
Monroe,"Milan Township, Precinct 1",County Commissioner 2nd District,,REP,Total Votes,209,209,0,0
Monroe,"Milan Township, Precinct 1",County Commissioner 2nd District,,REP,Ballots Cast,451,451,0,0
Monroe,"Raisinville Township, Precinct 1",County Commissioner 2nd District,,REP,Mark Brant,378,171,207,0
Monroe,"Raisinville Township, Precinct 1",County Commissioner 2nd District,,REP,Total Votes,378,171,207,0
Monroe,"Raisinville Township, Precinct 1",County Commissioner 2nd District,,REP,Write-In,6,0,6,0
Monroe,"Raisinville Township, Precinct 1",County Commissioner 2nd District,,REP,Ballots Cast,833,241,592,0
Monroe,"Raisinville Township, Precinct 2",County Commissioner 2nd District,,REP,Mark Brant,307,153,154,0
Monroe,"Raisinville Township, Precinct 2",County Commissioner 2nd District,,REP,Total Votes,307,153,154,0
Monroe,"Raisinville Township, Precinct 2",County Commissioner 2nd District,,REP,Write-In,2,2,0,0
Monroe,"Raisinville Township, Precinct 2",County Commissioner 2nd District,,REP,Ballots Cast,791,271,520,0
Monroe,"Ash Township, Precinct 1",County Commissioner 3rd District,,REP,Dawn Asper,273,273,0,0
Monroe,"Ash Township, Precinct 1",County Commissioner 3rd District,,REP,Total Votes,273,273,0,0
Monroe,"Ash Township, Precinct 1",County Commissioner 3rd District,,REP,Write-In,2,2,0,0
Monroe,"Ash Township, Precinct 1",County Commissioner 3rd District,,REP,Ballots Cast,664,664,0,0
Monroe,"Ash Township, Precinct 2",County Commissioner 3rd District,,REP,Dawn Asper,305,305,0,0
Monroe,"Ash Township, Precinct 2",County Commissioner 3rd District,,REP,Total Votes,305,305,0,0
Monroe,"Ash Township, Precinct 2",County Commissioner 3rd District,,REP,Ballots Cast,732,732,0,0
Monroe,"Ash Township, Precinct 3",County Commissioner 3rd District,,REP,Dawn Asper,245,245,0,0
Monroe,"Ash Township, Precinct 3",County Commissioner 3rd District,,REP,Total Votes,245,245,0,0
Monroe,"Ash Township, Precinct 3",County Commissioner 3rd District,,REP,Write-In,2,2,0,0
Monroe,"Ash Township, Precinct 3",County Commissioner 3rd District,,REP,Ballots Cast,593,593,0,0
Monroe,"Berlin Township, Precinct 1",County Commissioner 3rd District,,REP,Dawn Asper,183,183,0,0
Monroe,"Berlin Township, Precinct 1",County Commissioner 3rd District,,REP,Total Votes,183,183,0,0
Monroe,"Berlin Township, Precinct 1",County Commissioner 3rd District,,REP,Write-In,1,1,0,0
Monroe,"Berlin Township, Precinct 1",County Commissioner 3rd District,,REP,Ballots Cast,444,444,0,0
Monroe,"Berlin Township, Precinct 2",County Commissioner 3rd District,,REP,Dawn Asper,320,320,0,0
Monroe,"Berlin Township, Precinct 2",County Commissioner 3rd District,,REP,Total Votes,320,320,0,0
Monroe,"Berlin Township, Precinct 2",County Commissioner 3rd District,,REP,Write-In,1,1,0,0
Monroe,"Berlin Township, Precinct 2",County Commissioner 3rd District,,REP,Ballots Cast,731,731,0,0
Monroe,"Berlin Township, Precinct 3",County Commissioner 3rd District,,REP,Dawn Asper,142,142,0,0
Monroe,"Berlin Township, Precinct 3",County Commissioner 3rd District,,REP,Total Votes,142,142,0,0
Monroe,"Berlin Township, Precinct 3",County Commissioner 3rd District,,REP,Ballots Cast,407,407,0,0
Monroe,"Berlin Township, Precinct 4",County Commissioner 3rd District,,REP,Dawn Asper,242,242,0,0
Monroe,"Berlin Township, Precinct 4",County Commissioner 3rd District,,REP,Total Votes,242,242,0,0
Monroe,"Berlin Township, Precinct 4",County Commissioner 3rd District,,REP,Ballots Cast,582,582,0,0
Monroe,"Frenchtown Township, Precinct 1",County Commissioner 4th District,,REP,Write-In,23,15,8,0
Monroe,"Frenchtown Township, Precinct 1",County Commissioner 4th District,,REP,Ballots Cast,307,126,181,0
Monroe,"Frenchtown Township, Precinct 2",County Commissioner 4th District,,REP,Write-In,25,22,3,0
Monroe,"Frenchtown Township, Precinct 2",County Commissioner 4th District,,REP,Ballots Cast,384,141,243,0
Monroe,"Frenchtown Township, Precinct 3",County Commissioner 4th District,,REP,Write-In,26,19,7,0
Monroe,"Frenchtown Township, Precinct 3",County Commissioner 4th District,,REP,Ballots Cast,465,151,314,0
Monroe,"Frenchtown Township, Precinct 5",County Commissioner 4th District,,REP,Write-In,35,26,9,0
Monroe,"Frenchtown Township, Precinct 5",County Commissioner 4th District,,REP,Ballots Cast,417,139,278,0
Monroe,"Frenchtown Township, Precinct 6",County Commissioner 4th District,,REP,Write-In,34,24,10,0
Monroe,"Frenchtown Township, Precinct 6",County Commissioner 4th District,,REP,Ballots Cast,625,230,395,0
Monroe,"Frenchtown Township, Precinct 7",County Commissioner 4th District,,REP,Write-In,57,31,26,0
Monroe,"Frenchtown Township, Precinct 7",County Commissioner 4th District,,REP,Ballots Cast,1005,238,767,0
Monroe,"Frenchtown Township, Precinct 8",County Commissioner 4th District,,REP,Write-In,18,13,5,0
Monroe,"Frenchtown Township, Precinct 8",County Commissioner 4th District,,REP,Ballots Cast,488,175,313,0
Monroe,"City of Monroe, Precinct 3N",County Commissioner 5th District,,REP,Randy Richardville,99,63,36,0
Monroe,"City of Monroe, Precinct 3N",County Commissioner 5th District,,REP,Total Votes,99,63,36,0
Monroe,"City of Monroe, Precinct 3N",County Commissioner 5th District,,REP,Ballots Cast,288,116,172,0
Monroe,"City of Monroe, Precinct 4",County Commissioner 5th District,,REP,Randy Richardville,319,181,138,0
Monroe,"City of Monroe, Precinct 4",County Commissioner 5th District,,REP,Total Votes,319,181,138,0
Monroe,"City of Monroe, Precinct 4",County Commissioner 5th District,,REP,Write-In,1,1,0,0
Monroe,"City of Monroe, Precinct 4",County Commissioner 5th District,,REP,Ballots Cast,872,283,589,0
Monroe,"City of Monroe, Precinct 5",County Commissioner 5th District,,REP,Randy Richardville,292,124,168,0
Monroe,"City of Monroe, Precinct 5",County Commissioner 5th District,,REP,Total Votes,292,124,168,0
Monroe,"City of Monroe, Precinct 5",County Commissioner 5th District,,REP,Write-In,1,1,0,0
Monroe,"City of Monroe, Precinct 5",County Commissioner 5th District,,REP,Ballots Cast,956,226,730,0
Monroe,"City of Monroe, Precinct 6",County Commissioner 5th District,,REP,Randy Richardville,247,114,133,0
Monroe,"City of Monroe, Precinct 6",County Commissioner 5th District,,REP,Total Votes,247,114,133,0
Monroe,"City of Monroe, Precinct 6",County Commissioner 5th District,,REP,Write-In,2,0,2,0
Monroe,"City of Monroe, Precinct 6",County Commissioner 5th District,,REP,Ballots Cast,692,212,480,0
Monroe,"Frenchtown Township, Precinct 4",County Commissioner 5th District,,REP,Randy Richardville,297,113,184,0
Monroe,"Frenchtown Township, Precinct 4",County Commissioner 5th District,,REP,Total Votes,297,113,184,0
Monroe,"Frenchtown Township, Precinct 4",County Commissioner 5th District,,REP,Write-In,2,1,1,0
Monroe,"Frenchtown Township, Precinct 4",County Commissioner 5th District,,REP,Ballots Cast,657,154,503,0
Monroe,"Frenchtown Township, Precinct 9",County Commissioner 5th District,,REP,Randy Richardville,107,51,56,0
Monroe,"Frenchtown Township, Precinct 9",County Commissioner 5th District,,REP,Total Votes,107,51,56,0
Monroe,"Frenchtown Township, Precinct 9",County Commissioner 5th District,,REP,Ballots Cast,313,89,224,0
Monroe,"City of Monroe, Precinct 1",County Commissioner 6th District,,REP,John Gonta,192,90,102,0
Monroe,"City of Monroe, Precinct 1",County Commissioner 6th District,,REP,Total Votes,192,90,102,0
Monroe,"City of Monroe, Precinct 1",County Commissioner 6th District,,REP,Ballots Cast,608,158,450,0
Monroe,"City of Monroe, Precinct 2",County Commissioner 6th District,,REP,John Gonta,166,95,71,0
Monroe,"City of Monroe, Precinct 2",County Commissioner 6th District,,REP,Total Votes,166,95,71,0
Monroe,"City of Monroe, Precinct 2",County Commissioner 6th District,,REP,Write-In,2,1,1,0
Monroe,"City of Monroe, Precinct 2",County Commissioner 6th District,,REP,Ballots Cast,487,180,307,0
Monroe,"City of Monroe, Precinct 3S",County Commissioner 6th District,,REP,John Gonta,53,29,24,0
Monroe,"City of Monroe, Precinct 3S",County Commissioner 6th District,,REP,Total Votes,53,29,24,0
Monroe,"City of Monroe, Precinct 3S",County Commissioner 6th District,,REP,Write-In,1,0,1,0
Monroe,"City of Monroe, Precinct 3S",County Commissioner 6th District,,REP,Ballots Cast,213,88,125,0
Monroe,"Monroe Township, Precinct 1",County Commissioner 6th District,,REP,John Gonta,143,58,85,0
Monroe,"Monroe Township, Precinct 1",County Commissioner 6th District,,REP,Total Votes,143,58,85,0
Monroe,"Monroe Township, Precinct 1",County Commissioner 6th District,,REP,Write-In,1,1,0,0
Monroe,"Monroe Township, Precinct 1",County Commissioner 6th District,,REP,Ballots Cast,452,114,338,0
Monroe,"Monroe Township, Precinct 2",County Commissioner 6th District,,REP,John Gonta,80,42,38,0
Monroe,"Monroe Township, Precinct 2",County Commissioner 6th District,,REP,Total Votes,80,42,38,0
Monroe,"Monroe Township, Precinct 2",County Commissioner 6th District,,REP,Write-In,1,1,0,0
Monroe,"Monroe Township, Precinct 2",County Commissioner 6th District,,REP,Ballots Cast,248,75,173,0
Monroe,"Monroe Township, Precinct 3",County Commissioner 6th District,,REP,John Gonta,162,92,70,0
Monroe,"Monroe Township, Precinct 3",County Commissioner 6th District,,REP,Total Votes,162,92,70,0
Monroe,"Monroe Township, Precinct 3",County Commissioner 6th District,,REP,Write-In,2,0,2,0
Monroe,"Monroe Township, Precinct 3",County Commissioner 6th District,,REP,Ballots Cast,454,146,308,0
Monroe,"Monroe Township, Precinct 6",County Commissioner 6th District,,REP,John Gonta,210,92,118,0
Monroe,"Monroe Township, Precinct 6",County Commissioner 6th District,,REP,Total Votes,210,92,118,0
Monroe,"Monroe Township, Precinct 6",County Commissioner 6th District,,REP,Ballots Cast,538,141,397,0
Monroe,"City of Luna Pier, Precinct 1",County Commissioner 7th District,,REP,David G. Swartout,132,132,0,0
Monroe,"City of Luna Pier, Precinct 1",County Commissioner 7th District,,REP,Total Votes,132,132,0,0
Monroe,"City of Luna Pier, Precinct 1",County Commissioner 7th District,,REP,Ballots Cast,372,372,0,0
Monroe,"Erie Township, Precinct 1",County Commissioner 7th District,,REP,David G. Swartout,269,139,130,0
Monroe,"Erie Township, Precinct 1",County Commissioner 7th District,,REP,Total Votes,269,139,130,0
Monroe,"Erie Township, Precinct 1",County Commissioner 7th District,,REP,Write-In,1,1,0,0
Monroe,"Erie Township, Precinct 1",County Commissioner 7th District,,REP,Ballots Cast,672,249,423,0
Monroe,"Erie Township, Precinct 2",County Commissioner 7th District,,REP,David G. Swartout,168,101,67,0
Monroe,"Erie Township, Precinct 2",County Commissioner 7th District,,REP,Total Votes,168,101,67,0
Monroe,"Erie Township, Precinct 2",County Commissioner 7th District,,REP,Ballots Cast,402,164,238,0
Monroe,"La Salle Township, Precinct 1",County Commissioner 7th District,,REP,David G. Swartout,329,174,155,0
Monroe,"La Salle Township, Precinct 1",County Commissioner 7th District,,REP,Total Votes,329,174,155,0
Monroe,"La Salle Township, Precinct 1",County Commissioner 7th District,,REP,Ballots Cast,672,253,419,0
Monroe,"La Salle Township, Precinct 2",County Commissioner 7th District,,REP,David G. Swartout,389,208,181,0
Monroe,"La Salle Township, Precinct 2",County Commissioner 7th District,,REP,Total Votes,389,208,181,0
Monroe,"La Salle Township, Precinct 2",County Commissioner 7th District,,REP,Write-In,3,2,1,0
Monroe,"La Salle Township, Precinct 2",County Commissioner 7th District,,REP,Ballots Cast,779,325,454,0
Monroe,"Monroe Township, Precinct 4",County Commissioner 7th District,,REP,David G. Swartout,207,112,95,0
Monroe,"Monroe Township, Precinct 4",County Commissioner 7th District,,REP,Total Votes,207,112,95,0
Monroe,"Monroe Township, Precinct 4",County Commissioner 7th District,,REP,Ballots Cast,577,186,391,0
Monroe,"Monroe Township, Precinct 5",County Commissioner 7th District,,REP,David G. Swartout,359,178,181,0
Monroe,"Monroe Township, Precinct 5",County Commissioner 7th District,,REP,Total Votes,359,178,181,0
Monroe,"Monroe Township, Precinct 5",County Commissioner 7th District,,REP,Write-In,2,1,1,0
Monroe,"Monroe Township, Precinct 5",County Commissioner 7th District,,REP,Ballots Cast,831,242,589,0
Monroe,"Bedford Township, Precinct 10",County Commissioner 8th District,,REP,"Greg Moore, Jr.",207,119,88,0
Monroe,"Bedford Township, Precinct 10",County Commissioner 8th District,,REP,Total Votes,207,119,88,0
Monroe,"Bedford Township, Precinct 10",County Commissioner 8th District,,REP,Write-In,4,3,1,0
Monroe,"Bedford Township, Precinct 10",County Commissioner 8th District,,REP,Ballots Cast,470,192,278,0
Monroe,"Bedford Township, Precinct 13",County Commissioner 8th District,,REP,"Greg Moore, Jr.",297,179,118,0
Monroe,"Bedford Township, Precinct 13",County Commissioner 8th District,,REP,Total Votes,297,179,118,0
Monroe,"Bedford Township, Precinct 13",County Commissioner 8th District,,REP,Write-In,3,2,1,0
Monroe,"Bedford Township, Precinct 13",County Commissioner 8th District,,REP,Ballots Cast,662,292,370,0
Monroe,"Bedford Township, Precinct 14",County Commissioner 8th District,,REP,"Greg Moore, Jr.",125,68,57,0
Monroe,"Bedford Township, Precinct 14",County Commissioner 8th District,,REP,Total Votes,125,68,57,0
Monroe,"Bedford Township, Precinct 14",County Commissioner 8th District,,REP,Write-In,2,2,0,0
Monroe,"Bedford Township, Precinct 14",County Commissioner 8th District,,REP,Ballots Cast,403,145,258,0
Monroe,"Bedford Township, Precinct 3",County Commissioner 8th District,,REP,"Greg Moore, Jr.",268,181,87,0
Monroe,"Bedford Township, Precinct 3",County Commissioner 8th District,,REP,Total Votes,268,181,87,0
Monroe,"Bedford Township, Precinct 3",County Commissioner 8th District,,REP,Write-In,3,3,0,0
Monroe,"Bedford Township, Precinct 3",County Commissioner 8th District,,REP,Ballots Cast,588,288,300,0
Monroe,"Bedford Township, Precinct 5",County Commissioner 8th District,,REP,"Greg Moore, Jr.",253,139,114,0
Monroe,"Bedford Township, Precinct 5",County Commissioner 8th District,,REP,Total Votes,253,139,114,0
Monroe,"Bedford Township, Precinct 5",County Commissioner 8th District,,REP,Write-In,1,1,0,0
Monroe,"Bedford Township, Precinct 5",County Commissioner 8th District,,REP,Ballots Cast,647,250,397,0
Monroe,"Bedford Township, Precinct 6",County Commissioner 8th District,,REP,"Greg Moore, Jr.",393,241,152,0
Monroe,"Bedford Township, Precinct 6",County Commissioner 8th District,,REP,Total Votes,393,241,152,0
Monroe,"Bedford Township, Precinct 6",County Commissioner 8th District,,REP,Write-In,4,3,1,0
Monroe,"Bedford Township, Precinct 6",County Commissioner 8th District,,REP,Ballots Cast,937,407,530,0
Monroe,"Bedford Township, Precinct 7",County Commissioner 8th District,,REP,"Greg Moore, Jr.",295,157,138,0
Monroe,"Bedford Township, Precinct 7",County Commissioner 8th District,,REP,Total Votes,295,157,138,0
Monroe,"Bedford Township, Precinct 7",County Commissioner 8th District,,REP,Write-In,1,1,0,0
Monroe,"Bedford Township, Precinct 7",County Commissioner 8th District,,REP,Ballots Cast,739,263,476,0
Monroe,"Bedford Township, Precinct 9",County Commissioner 8th District,,REP,"Greg Moore, Jr.",202,104,98,0
Monroe,"Bedford Township, Precinct 9",County Commissioner 8th District,,REP,Total Votes,202,104,98,0
Monroe,"Bedford Township, Precinct 9",County Commissioner 8th District,,REP,Ballots Cast,535,190,345,0
Monroe,"Bedford Township, Precinct 1",County Commissioner 9th District,,REP,J. Henry Lievens,174,105,69,0
Monroe,"Bedford Township, Precinct 1",County Commissioner 9th District,,REP,Total Votes,174,105,69,0
Monroe,"Bedford Township, Precinct 1",County Commissioner 9th District,,REP,Ballots Cast,338,169,169,0
Monroe,"Bedford Township, Precinct 11",County Commissioner 9th District,,REP,J. Henry Lievens,373,214,159,0
Monroe,"Bedford Township, Precinct 11",County Commissioner 9th District,,REP,Total Votes,373,214,159,0
Monroe,"Bedford Township, Precinct 11",County Commissioner 9th District,,REP,Ballots Cast,805,356,449,0
Monroe,"Bedford Township, Precinct 12",County Commissioner 9th District,,REP,J. Henry Lievens,239,126,113,0
Monroe,"Bedford Township, Precinct 12",County Commissioner 9th District,,REP,Total Votes,239,126,113,0
Monroe,"Bedford Township, Precinct 12",County Commissioner 9th District,,REP,Write-In,2,2,0,0
Monroe,"Bedford Township, Precinct 12",County Commissioner 9th District,,REP,Ballots Cast,578,218,360,0
Monroe,"Bedford Township, Precinct 2",County Commissioner 9th District,,REP,J. Henry Lievens,290,149,141,0
Monroe,"Bedford Township, Precinct 2",County Commissioner 9th District,,REP,Total Votes,290,149,141,0
Monroe,"Bedford Township, Precinct 2",County Commissioner 9th District,,REP,Ballots Cast,641,246,395,0
Monroe,"Bedford Township, Precinct 4",County Commissioner 9th District,,REP,J. Henry Lievens,315,162,153,0
Monroe,"Bedford Township, Precinct 4",County Commissioner 9th District,,REP,Total Votes,315,162,153,0
Monroe,"Bedford Township, Precinct 4",County Commissioner 9th District,,REP,Write-In,2,1,1,0
Monroe,"Bedford Township, Precinct 4",County Commissioner 9th District,,REP,Ballots Cast,763,283,480,0
Monroe,"Bedford Township, Precinct 8",County Commissioner 9th District,,REP,J. Henry Lievens,346,158,188,0
Monroe,"Bedford Township, Precinct 8",County Commissioner 9th District,,REP,Total Votes,346,158,188,0
Monroe,"Bedford Township, Precinct 8",County Commissioner 9th District,,REP,Write-In,2,1,1,0
Monroe,"Bedford Township, Precinct 8",County Commissioner 9th District,,REP,Ballots Cast,814,291,523,0
Monroe,"Whiteford Township, Precinct 1",County Commissioner 9th District,,REP,J. Henry Lievens,263,140,123,0
Monroe,"Whiteford Township, Precinct 1",County Commissioner 9th District,,REP,Total Votes,263,140,123,0
Monroe,"Whiteford Township, Precinct 1",County Commissioner 9th District,,REP,Write-In,1,1,0,0
Monroe,"Whiteford Township, Precinct 1",County Commissioner 9th District,,REP,Ballots Cast,518,213,305,0
Monroe,"Whiteford Township, Precinct 2",County Commissioner 9th District,,REP,J. Henry Lievens,221,121,100,0
Monroe,"Whiteford Township, Precinct 2",County Commissioner 9th District,,REP,Total Votes,221,121,100,0
Monroe,"Whiteford Township, Precinct 2",County Commissioner 9th District,,REP,Ballots Cast,385,170,215,0
Monroe,"Ash Township, Precinct 1",Ash Township Supervisor,,REP,Write-In,43,43,0,0
Monroe,"Ash Township, Precinct 1",Ash Township Supervisor,,REP,Ballots Cast,664,664,0,0
Monroe,"Ash Township, Precinct 2",Ash Township Supervisor,,REP,Write-In,50,50,0,0
Monroe,"Ash Township, Precinct 2",Ash Township Supervisor,,REP,Ballots Cast,732,732,0,0
Monroe,"Ash Township, Precinct 3",Ash Township Supervisor,,REP,Write-In,38,38,0,0
Monroe,"Ash Township, Precinct 3",Ash Township Supervisor,,REP,Ballots Cast,593,593,0,0
Monroe,"Ash Township, Precinct 1",Ash Township Clerk,,REP,Write-In,40,40,0,0
Monroe,"Ash Township, Precinct 1",Ash Township Clerk,,REP,Ballots Cast,664,664,0,0
Monroe,"Ash Township, Precinct 2",Ash Township Clerk,,REP,Write-In,45,45,0,0
Monroe,"Ash Township, Precinct 2",Ash Township Clerk,,REP,Ballots Cast,732,732,0,0
Monroe,"Ash Township, Precinct 3",Ash Township Clerk,,REP,Write-In,30,30,0,0
Monroe,"Ash Township, Precinct 3",Ash Township Clerk,,REP,Ballots Cast,593,593,0,0
Monroe,"Ash Township, Precinct 1",Ash Township Treasurer,,REP,Write-In,39,39,0,0
Monroe,"Ash Township, Precinct 1",Ash Township Treasurer,,REP,Ballots Cast,664,664,0,0
Monroe,"Ash Township, Precinct 2",Ash Township Treasurer,,REP,Write-In,43,43,0,0
Monroe,"Ash Township, Precinct 2",Ash Township Treasurer,,REP,Ballots Cast,732,732,0,0
Monroe,"Ash Township, Precinct 3",Ash Township Treasurer,,REP,Write-In,30,30,0,0
Monroe,"Ash Township, Precinct 3",Ash Township Treasurer,,REP,Ballots Cast,593,593,0,0
Monroe,"Ash Township, Precinct 1",Ash Township Trustee,,REP,Write-In,40,40,0,0
Monroe,"Ash Township, Precinct 1",Ash Township Trustee,,REP,Ballots Cast,664,664,0,0
Monroe,"Ash Township, Precinct 2",Ash Township Trustee,,REP,Write-In,54,54,0,0
Monroe,"Ash Township, Precinct 2",Ash Township Trustee,,REP,Ballots Cast,732,732,0,0
Monroe,"Ash Township, Precinct 3",Ash Township Trustee,,REP,Write-In,35,35,0,0
Monroe,"Ash Township, Precinct 3",Ash Township Trustee,,REP,Ballots Cast,593,593,0,0
Monroe,"Bedford Township, Precinct 1",Bedford Township Supervisor,,REP,Paul Pirrone,182,109,73,0
Monroe,"Bedford Township, Precinct 1",Bedford Township Supervisor,,REP,Total Votes,182,109,73,0
Monroe,"Bedford Township, Precinct 1",Bedford Township Supervisor,,REP,Write-In,1,0,1,0
Monroe,"Bedford Township, Precinct 1",Bedford Township Supervisor,,REP,Ballots Cast,338,169,169,0
Monroe,"Bedford Township, Precinct 10",Bedford Township Supervisor,,REP,Paul Pirrone,241,132,109,0
Monroe,"Bedford Township, Precinct 10",Bedford Township Supervisor,,REP,Total Votes,241,132,109,0
Monroe,"Bedford Township, Precinct 10",Bedford Township Supervisor,,REP,Write-In,2,2,0,0
Monroe,"Bedford Township, Precinct 10",Bedford Township Supervisor,,REP,Ballots Cast,470,192,278,0
Monroe,"Bedford Township, Precinct 11",Bedford Township Supervisor,,REP,Paul Pirrone,397,223,174,0
Monroe,"Bedford Township, Precinct 11",Bedford Township Supervisor,,REP,Total Votes,397,223,174,0
Monroe,"Bedford Township, Precinct 11",Bedford Township Supervisor,,REP,Write-In,9,4,5,0
Monroe,"Bedford Township, Precinct 11",Bedford Township Supervisor,,REP,Ballots Cast,805,356,449,0
Monroe,"Bedford Township, Precinct 12",Bedford Township Supervisor,,REP,Paul Pirrone,257,136,121,0
Monroe,"Bedford Township, Precinct 12",Bedford Township Supervisor,,REP,Total Votes,257,136,121,0
Monroe,"Bedford Township, Precinct 12",Bedford Township Supervisor,,REP,Write-In,1,1,0,0
Monroe,"Bedford Township, Precinct 12",Bedford Township Supervisor,,REP,Ballots Cast,578,218,360,0
Monroe,"Bedford Township, Precinct 13",Bedford Township Supervisor,,REP,Paul Pirrone,326,189,137,0
Monroe,"Bedford Township, Precinct 13",Bedford Township Supervisor,,REP,Total Votes,326,189,137,0
Monroe,"Bedford Township, Precinct 13",Bedford Township Supervisor,,REP,Write-In,6,3,3,0
Monroe,"Bedford Township, Precinct 13",Bedford Township Supervisor,,REP,Ballots Cast,662,292,370,0
Monroe,"Bedford Township, Precinct 14",Bedford Township Supervisor,,REP,Paul Pirrone,150,82,68,0
Monroe,"Bedford Township, Precinct 14",Bedford Township Supervisor,,REP,Total Votes,150,82,68,0
Monroe,"Bedford Township, Precinct 14",Bedford Township Supervisor,,REP,Ballots Cast,403,145,258,0
Monroe,"Bedford Township, Precinct 2",Bedford Township Supervisor,,REP,Paul Pirrone,320,164,156,0
Monroe,"Bedford Township, Precinct 2",Bedford Township Supervisor,,REP,Total Votes,320,164,156,0
Monroe,"Bedford Township, Precinct 2",Bedford Township Supervisor,,REP,Write-In,5,3,2,0
Monroe,"Bedford Township, Precinct 2",Bedford Township Supervisor,,REP,Ballots Cast,641,246,395,0
Monroe,"Bedford Township, Precinct 3",Bedford Township Supervisor,,REP,Paul Pirrone,280,180,100,0
Monroe,"Bedford Township, Precinct 3",Bedford Township Supervisor,,REP,Total Votes,280,180,100,0
Monroe,"Bedford Township, Precinct 3",Bedford Township Supervisor,,REP,Write-In,7,5,2,0
Monroe,"Bedford Township, Precinct 3",Bedford Township Supervisor,,REP,Ballots Cast,588,288,300,0
Monroe,"Bedford Township, Precinct 4",Bedford Township Supervisor,,REP,Paul Pirrone,344,183,161,0
Monroe,"Bedford Township, Precinct 4",Bedford Township Supervisor,,REP,Total Votes,344,183,161,0
Monroe,"Bedford Township, Precinct 4",Bedford Township Supervisor,,REP,Write-In,9,5,4,0
Monroe,"Bedford Township, Precinct 4",Bedford Township Supervisor,,REP,Ballots Cast,763,283,480,0
Monroe,"Bedford Township, Precinct 5",Bedford Township Supervisor,,REP,Paul Pirrone,292,152,140,0
Monroe,"Bedford Township, Precinct 5",Bedford Township Supervisor,,REP,Total Votes,292,152,140,0
Monroe,"Bedford Township, Precinct 5",Bedford Township Supervisor,,REP,Write-In,2,1,1,0
Monroe,"Bedford Township, Precinct 5",Bedford Township Supervisor,,REP,Ballots Cast,647,250,397,0
Monroe,"Bedford Township, Precinct 6",Bedford Township Supervisor,,REP,Paul Pirrone,443,257,186,0
Monroe,"Bedford Township, Precinct 6",Bedford Township Supervisor,,REP,Total Votes,443,257,186,0
Monroe,"Bedford Township, Precinct 6",Bedford Township Supervisor,,REP,Write-In,6,4,2,0
Monroe,"Bedford Township, Precinct 6",Bedford Township Supervisor,,REP,Ballots Cast,937,407,530,0
Monroe,"Bedford Township, Precinct 7",Bedford Township Supervisor,,REP,Paul Pirrone,338,183,155,0
Monroe,"Bedford Township, Precinct 7",Bedford Township Supervisor,,REP,Total Votes,338,183,155,0
Monroe,"Bedford Township, Precinct 7",Bedford Township Supervisor,,REP,Write-In,4,1,3,0
Monroe,"Bedford Township, Precinct 7",Bedford Township Supervisor,,REP,Ballots Cast,739,263,476,0
Monroe,"Bedford Township, Precinct 8",Bedford Township Supervisor,,REP,Paul Pirrone,372,172,200,0
Monroe,"Bedford Township, Precinct 8",Bedford Township Supervisor,,REP,Total Votes,372,172,200,0
Monroe,"Bedford Township, Precinct 8",Bedford Township Supervisor,,REP,Write-In,5,0,5,0
Monroe,"Bedford Township, Precinct 8",Bedford Township Supervisor,,REP,Ballots Cast,814,291,523,0
Monroe,"Bedford Township, Precinct 9",Bedford Township Supervisor,,REP,Paul Pirrone,236,118,118,0
Monroe,"Bedford Township, Precinct 9",Bedford Township Supervisor,,REP,Total Votes,236,118,118,0
Monroe,"Bedford Township, Precinct 9",Bedford Township Supervisor,,REP,Write-In,5,4,1,0
Monroe,"Bedford Township, Precinct 9",Bedford Township Supervisor,,REP,Ballots Cast,535,190,345,0
Monroe,"Bedford Township, Precinct 1",Bedford Township Clerk,,REP,Total Votes,185,110,75,0
Monroe,"Bedford Township, Precinct 1",Bedford Township Clerk,,REP,Trudy L. Hershberger,185,110,75,0
Monroe,"Bedford Township, Precinct 1",Bedford Township Clerk,,REP,Write-In,1,1,0,0
Monroe,"Bedford Township, Precinct 1",Bedford Township Clerk,,REP,Ballots Cast,338,169,169,0
Monroe,"Bedford Township, Precinct 10",Bedford Township Clerk,,REP,Total Votes,239,126,113,0
Monroe,"Bedford Township, Precinct 10",Bedford Township Clerk,,REP,Trudy L. Hershberger,239,126,113,0
Monroe,"Bedford Township, Precinct 10",Bedford Township Clerk,,REP,Write-In,1,1,0,0
Monroe,"Bedford Township, Precinct 10",Bedford Township Clerk,,REP,Ballots Cast,470,192,278,0
Monroe,"Bedford Township, Precinct 11",Bedford Township Clerk,,REP,Total Votes,397,214,183,0
Monroe,"Bedford Township, Precinct 11",Bedford Township Clerk,,REP,Trudy L. Hershberger,397,214,183,0
Monroe,"Bedford Township, Precinct 11",Bedford Township Clerk,,REP,Write-In,3,2,1,0
Monroe,"Bedford Township, Precinct 11",Bedford Township Clerk,,REP,Ballots Cast,805,356,449,0
Monroe,"Bedford Township, Precinct 12",Bedford Township Clerk,,REP,Total Votes,251,129,122,0
Monroe,"Bedford Township, Precinct 12",Bedford Township Clerk,,REP,Trudy L. Hershberger,251,129,122,0
Monroe,"Bedford Township, Precinct 12",Bedford Township Clerk,,REP,Write-In,1,1,0,0
Monroe,"Bedford Township, Precinct 12",Bedford Township Clerk,,REP,Ballots Cast,578,218,360,0
Monroe,"Bedford Township, Precinct 13",Bedford Township Clerk,,REP,Total Votes,321,190,131,0
Monroe,"Bedford Township, Precinct 13",Bedford Township Clerk,,REP,Trudy L. Hershberger,321,190,131,0
Monroe,"Bedford Township, Precinct 13",Bedford Township Clerk,,REP,Write-In,1,0,1,0
Monroe,"Bedford Township, Precinct 13",Bedford Township Clerk,,REP,Ballots Cast,662,292,370,0
Monroe,"Bedford Township, Precinct 14",Bedford Township Clerk,,REP,Total Votes,145,74,71,0
Monroe,"Bedford Township, Precinct 14",Bedford Township Clerk,,REP,Trudy L. Hershberger,145,74,71,0
Monroe,"Bedford Township, Precinct 14",Bedford Township Clerk,,REP,Write-In,1,0,1,0
Monroe,"Bedford Township, Precinct 14",Bedford Township Clerk,,REP,Ballots Cast,403,145,258,0
Monroe,"Bedford Township, Precinct 2",Bedford Township Clerk,,REP,Total Votes,321,159,162,0
Monroe,"Bedford Township, Precinct 2",Bedford Township Clerk,,REP,Trudy L. Hershberger,321,159,162,0
Monroe,"Bedford Township, Precinct 2",Bedford Township Clerk,,REP,Ballots Cast,641,246,395,0
Monroe,"Bedford Township, Precinct 3",Bedford Township Clerk,,REP,Total Votes,291,189,102,0
Monroe,"Bedford Township, Precinct 3",Bedford Township Clerk,,REP,Trudy L. Hershberger,291,189,102,0
Monroe,"Bedford Township, Precinct 3",Bedford Township Clerk,,REP,Write-In,2,1,1,0
Monroe,"Bedford Township, Precinct 3",Bedford Township Clerk,,REP,Ballots Cast,588,288,300,0
Monroe,"Bedford Township, Precinct 4",Bedford Township Clerk,,REP,Total Votes,357,177,180,0
Monroe,"Bedford Township, Precinct 4",Bedford Township Clerk,,REP,Trudy L. Hershberger,357,177,180,0
Monroe,"Bedford Township, Precinct 4",Bedford Township Clerk,,REP,Write-In,2,0,2,0
Monroe,"Bedford Township, Precinct 4",Bedford Township Clerk,,REP,Ballots Cast,763,283,480,0
Monroe,"Bedford Township, Precinct 5",Bedford Township Clerk,,REP,Total Votes,298,154,144,0
Monroe,"Bedford Township, Precinct 5",Bedford Township Clerk,,REP,Trudy L. Hershberger,298,154,144,0
Monroe,"Bedford Township, Precinct 5",Bedford Township Clerk,,REP,Ballots Cast,647,250,397,0
Monroe,"Bedford Township, Precinct 6",Bedford Township Clerk,,REP,Total Votes,450,256,194,0
Monroe,"Bedford Township, Precinct 6",Bedford Township Clerk,,REP,Trudy L. Hershberger,450,256,194,0
Monroe,"Bedford Township, Precinct 6",Bedford Township Clerk,,REP,Write-In,6,4,2,0
Monroe,"Bedford Township, Precinct 6",Bedford Township Clerk,,REP,Ballots Cast,937,407,530,0
Monroe,"Bedford Township, Precinct 7",Bedford Township Clerk,,REP,Total Votes,333,174,159,0
Monroe,"Bedford Township, Precinct 7",Bedford Township Clerk,,REP,Trudy L. Hershberger,333,174,159,0
Monroe,"Bedford Township, Precinct 7",Bedford Township Clerk,,REP,Write-In,1,1,0,0
Monroe,"Bedford Township, Precinct 7",Bedford Township Clerk,,REP,Ballots Cast,739,263,476,0
Monroe,"Bedford Township, Precinct 8",Bedford Township Clerk,,REP,Total Votes,383,170,213,0
Monroe,"Bedford Township, Precinct 8",Bedford Township Clerk,,REP,Trudy L. Hershberger,383,170,213,0
Monroe,"Bedford Township, Precinct 8",Bedford Township Clerk,,REP,Ballots Cast,814,291,523,0
Monroe,"Bedford Township, Precinct 9",Bedford Township Clerk,,REP,Total Votes,236,111,125,0
Monroe,"Bedford Township, Precinct 9",Bedford Township Clerk,,REP,Trudy L. Hershberger,236,111,125,0
Monroe,"Bedford Township, Precinct 9",Bedford Township Clerk,,REP,Write-In,2,1,1,0
Monroe,"Bedford Township, Precinct 9",Bedford Township Clerk,,REP,Ballots Cast,535,190,345,0
Monroe,"Bedford Township, Precinct 1",Bedford Township Treasurer,,REP,Al Prieur,76,44,32,0
Monroe,"Bedford Township, Precinct 1",Bedford Township Treasurer,,REP,Krista Jandasek,117,72,45,0
Monroe,"Bedford Township, Precinct 1",Bedford Township Treasurer,,REP,Total Votes,193,116,77,0
Monroe,"Bedford Township, Precinct 1",Bedford Township Treasurer,,REP,Ballots Cast,338,169,169,0
Monroe,"Bedford Township, Precinct 10",Bedford Township Treasurer,,REP,Al Prieur,123,64,59,0
Monroe,"Bedford Township, Precinct 10",Bedford Township Treasurer,,REP,Krista Jandasek,135,72,63,0
Monroe,"Bedford Township, Precinct 10",Bedford Township Treasurer,,REP,Total Votes,258,136,122,0
Monroe,"Bedford Township, Precinct 10",Bedford Township Treasurer,,REP,Write-In,1,1,0,0
Monroe,"Bedford Township, Precinct 10",Bedford Township Treasurer,,REP,Ballots Cast,470,192,278,0
Monroe,"Bedford Township, Precinct 11",Bedford Township Treasurer,,REP,Al Prieur,169,94,75,0
Monroe,"Bedford Township, Precinct 11",Bedford Township Treasurer,,REP,Krista Jandasek,273,149,124,0
Monroe,"Bedford Township, Precinct 11",Bedford Township Treasurer,,REP,Total Votes,442,243,199,0
Monroe,"Bedford Township, Precinct 11",Bedford Township Treasurer,,REP,Ballots Cast,805,356,449,0
Monroe,"Bedford Township, Precinct 12",Bedford Township Treasurer,,REP,Al Prieur,116,66,50,0
Monroe,"Bedford Township, Precinct 12",Bedford Township Treasurer,,REP,Krista Jandasek,146,73,73,0
Monroe,"Bedford Township, Precinct 12",Bedford Township Treasurer,,REP,Total Votes,262,139,123,0
Monroe,"Bedford Township, Precinct 12",Bedford Township Treasurer,,REP,Ballots Cast,578,218,360,0
Monroe,"Bedford Township, Precinct 13",Bedford Township Treasurer,,REP,Al Prieur,148,81,67,0
Monroe,"Bedford Township, Precinct 13",Bedford Township Treasurer,,REP,Krista Jandasek,210,127,83,0
Monroe,"Bedford Township, Precinct 13",Bedford Township Treasurer,,REP,Total Votes,358,208,150,0
Monroe,"Bedford Township, Precinct 13",Bedford Township Treasurer,,REP,Ballots Cast,662,292,370,0
Monroe,"Bedford Township, Precinct 14",Bedford Township Treasurer,,REP,Al Prieur,72,37,35,0
Monroe,"Bedford Township, Precinct 14",Bedford Township Treasurer,,REP,Krista Jandasek,94,51,43,0
Monroe,"Bedford Township, Precinct 14",Bedford Township Treasurer,,REP,Total Votes,166,88,78,0
Monroe,"Bedford Township, Precinct 14",Bedford Township Treasurer,,REP,Ballots Cast,403,145,258,0
Monroe,"Bedford Township, Precinct 2",Bedford Township Treasurer,,REP,Al Prieur,164,87,77,0
Monroe,"Bedford Township, Precinct 2",Bedford Township Treasurer,,REP,Krista Jandasek,180,87,93,0
Monroe,"Bedford Township, Precinct 2",Bedford Township Treasurer,,REP,Total Votes,344,174,170,0
Monroe,"Bedford Township, Precinct 2",Bedford Township Treasurer,,REP,Write-In,1,1,0,0
Monroe,"Bedford Township, Precinct 2",Bedford Township Treasurer,,REP,Ballots Cast,641,246,395,0
Monroe,"Bedford Township, Precinct 3",Bedford Township Treasurer,,REP,Al Prieur,113,72,41,0
Monroe,"Bedford Township, Precinct 3",Bedford Township Treasurer,,REP,Krista Jandasek,203,133,70,0
Monroe,"Bedford Township, Precinct 3",Bedford Township Treasurer,,REP,Total Votes,316,205,111,0
Monroe,"Bedford Township, Precinct 3",Bedford Township Treasurer,,REP,Ballots Cast,588,288,300,0
Monroe,"Bedford Township, Precinct 4",Bedford Township Treasurer,,REP,Al Prieur,153,83,70,0
Monroe,"Bedford Township, Precinct 4",Bedford Township Treasurer,,REP,Krista Jandasek,220,112,108,0
Monroe,"Bedford Township, Precinct 4",Bedford Township Treasurer,,REP,Total Votes,373,195,178,0
Monroe,"Bedford Township, Precinct 4",Bedford Township Treasurer,,REP,Ballots Cast,763,283,480,0
Monroe,"Bedford Township, Precinct 5",Bedford Township Treasurer,,REP,Al Prieur,120,64,56,0
Monroe,"Bedford Township, Precinct 5",Bedford Township Treasurer,,REP,Krista Jandasek,208,107,101,0
Monroe,"Bedford Township, Precinct 5",Bedford Township Treasurer,,REP,Total Votes,328,171,157,0
Monroe,"Bedford Township, Precinct 5",Bedford Township Treasurer,,REP,Ballots Cast,647,250,397,0
Monroe,"Bedford Township, Precinct 6",Bedford Township Treasurer,,REP,Al Prieur,246,140,106,0
Monroe,"Bedford Township, Precinct 6",Bedford Township Treasurer,,REP,Krista Jandasek,267,156,111,0
Monroe,"Bedford Township, Precinct 6",Bedford Township Treasurer,,REP,Total Votes,513,296,217,0
Monroe,"Bedford Township, Precinct 6",Bedford Township Treasurer,,REP,Ballots Cast,937,407,530,0
Monroe,"Bedford Township, Precinct 7",Bedford Township Treasurer,,REP,Al Prieur,170,86,84,0
Monroe,"Bedford Township, Precinct 7",Bedford Township Treasurer,,REP,Krista Jandasek,203,105,98,0
Monroe,"Bedford Township, Precinct 7",Bedford Township Treasurer,,REP,Total Votes,373,191,182,0
Monroe,"Bedford Township, Precinct 7",Bedford Township Treasurer,,REP,Ballots Cast,739,263,476,0
Monroe,"Bedford Township, Precinct 8",Bedford Township Treasurer,,REP,Al Prieur,192,89,103,0
Monroe,"Bedford Township, Precinct 8",Bedford Township Treasurer,,REP,Krista Jandasek,236,104,132,0
Monroe,"Bedford Township, Precinct 8",Bedford Township Treasurer,,REP,Total Votes,428,193,235,0
Monroe,"Bedford Township, Precinct 8",Bedford Township Treasurer,,REP,Ballots Cast,814,291,523,0
Monroe,"Bedford Township, Precinct 9",Bedford Township Treasurer,,REP,Al Prieur,103,61,42,0
Monroe,"Bedford Township, Precinct 9",Bedford Township Treasurer,,REP,Krista Jandasek,154,71,83,0
Monroe,"Bedford Township, Precinct 9",Bedford Township Treasurer,,REP,Total Votes,257,132,125,0
Monroe,"Bedford Township, Precinct 9",Bedford Township Treasurer,,REP,Ballots Cast,535,190,345,0
Monroe,"Bedford Township, Precinct 1",Bedford Township Trustee,,REP,Cassie Mullins,53,35,18,0
Monroe,"Bedford Township, Precinct 1",Bedford Township Trustee,,REP,Craig Montri,116,74,42,0
Monroe,"Bedford Township, Precinct 1",Bedford Township Trustee,,REP,James (Jim) E. Krieger,56,27,29,0
Monroe,"Bedford Township, Precinct 1",Bedford Township Trustee,,REP,Joe Gore,68,43,25,0
Monroe,"Bedford Township, Precinct 1",Bedford Township Trustee,,REP,Matt Maraugha,53,32,21,0
Monroe,"Bedford Township, Precinct 1",Bedford Township Trustee,,REP,Matthew J. Angerer,71,49,22,0
Monroe,"Bedford Township, Precinct 1",Bedford Township Trustee,,REP,Rick Steiner,96,51,45,0
Monroe,"Bedford Township, Precinct 1",Bedford Township Trustee,,REP,Todd C. Bruning,125,79,46,0
Monroe,"Bedford Township, Precinct 1",Bedford Township Trustee,,REP,Total Votes,638,390,248,0
Monroe,"Bedford Township, Precinct 1",Bedford Township Trustee,,REP,Write-In,2,0,2,0
Monroe,"Bedford Township, Precinct 1",Bedford Township Trustee,,REP,Ballots Cast,338,169,169,0
Monroe,"Bedford Township, Precinct 10",Bedford Township Trustee,,REP,Cassie Mullins,89,47,42,0
Monroe,"Bedford Township, Precinct 10",Bedford Township Trustee,,REP,Craig Montri,167,85,82,0
Monroe,"Bedford Township, Precinct 10",Bedford Township Trustee,,REP,James (Jim) E. Krieger,61,30,31,0
Monroe,"Bedford Township, Precinct 10",Bedford Township Trustee,,REP,Joe Gore,81,38,43,0
Monroe,"Bedford Township, Precinct 10",Bedford Township Trustee,,REP,Matt Maraugha,82,42,40,0
Monroe,"Bedford Township, Precinct 10",Bedford Township Trustee,,REP,Matthew J. Angerer,119,57,62,0
Monroe,"Bedford Township, Precinct 10",Bedford Township Trustee,,REP,Rick Steiner,133,64,69,0
Monroe,"Bedford Township, Precinct 10",Bedford Township Trustee,,REP,Todd C. Bruning,146,86,60,0
Monroe,"Bedford Township, Precinct 10",Bedford Township Trustee,,REP,Total Votes,878,449,429,0
Monroe,"Bedford Township, Precinct 10",Bedford Township Trustee,,REP,Ballots Cast,470,192,278,0
Monroe,"Bedford Township, Precinct 11",Bedford Township Trustee,,REP,Cassie Mullins,144,76,68,0
Monroe,"Bedford Township, Precinct 11",Bedford Township Trustee,,REP,Craig Montri,241,128,113,0
Monroe,"Bedford Township, Precinct 11",Bedford Township Trustee,,REP,James (Jim) E. Krieger,122,51,71,0
Monroe,"Bedford Township, Precinct 11",Bedford Township Trustee,,REP,Joe Gore,172,100,72,0
Monroe,"Bedford Township, Precinct 11",Bedford Township Trustee,,REP,Matt Maraugha,137,70,67,0
Monroe,"Bedford Township, Precinct 11",Bedford Township Trustee,,REP,Matthew J. Angerer,156,86,70,0
Monroe,"Bedford Township, Precinct 11",Bedford Township Trustee,,REP,Rick Steiner,201,94,107,0
Monroe,"Bedford Township, Precinct 11",Bedford Township Trustee,,REP,Todd C. Bruning,283,172,111,0
Monroe,"Bedford Township, Precinct 11",Bedford Township Trustee,,REP,Total Votes,1456,777,679,0
Monroe,"Bedford Township, Precinct 11",Bedford Township Trustee,,REP,Write-In,1,1,0,0
Monroe,"Bedford Township, Precinct 11",Bedford Township Trustee,,REP,Ballots Cast,805,356,449,0
Monroe,"Bedford Township, Precinct 12",Bedford Township Trustee,,REP,Cassie Mullins,85,44,41,0
Monroe,"Bedford Township, Precinct 12",Bedford Township Trustee,,REP,Craig Montri,143,76,67,0
Monroe,"Bedford Township, Precinct 12",Bedford Township Trustee,,REP,James (Jim) E. Krieger,83,34,49,0
Monroe,"Bedford Township, Precinct 12",Bedford Township Trustee,,REP,Joe Gore,88,51,37,0
Monroe,"Bedford Township, Precinct 12",Bedford Township Trustee,,REP,Matt Maraugha,85,43,42,0
Monroe,"Bedford Township, Precinct 12",Bedford Township Trustee,,REP,Matthew J. Angerer,89,52,37,0
Monroe,"Bedford Township, Precinct 12",Bedford Township Trustee,,REP,Rick Steiner,133,60,73,0
Monroe,"Bedford Township, Precinct 12",Bedford Township Trustee,,REP,Todd C. Bruning,143,76,67,0
Monroe,"Bedford Township, Precinct 12",Bedford Township Trustee,,REP,Total Votes,849,436,413,0
Monroe,"Bedford Township, Precinct 12",Bedford Township Trustee,,REP,Write-In,1,1,0,0
Monroe,"Bedford Township, Precinct 12",Bedford Township Trustee,,REP,Ballots Cast,578,218,360,0
Monroe,"Bedford Township, Precinct 13",Bedford Township Trustee,,REP,Cassie Mullins,110,59,51,0
Monroe,"Bedford Township, Precinct 13",Bedford Township Trustee,,REP,Craig Montri,233,133,100,0
Monroe,"Bedford Township, Precinct 13",Bedford Township Trustee,,REP,James (Jim) E. Krieger,93,54,39,0
Monroe,"Bedford Township, Precinct 13",Bedford Township Trustee,,REP,Joe Gore,116,64,52,0
Monroe,"Bedford Township, Precinct 13",Bedford Township Trustee,,REP,Matt Maraugha,133,76,57,0
Monroe,"Bedford Township, Precinct 13",Bedford Township Trustee,,REP,Matthew J. Angerer,121,71,50,0
Monroe,"Bedford Township, Precinct 13",Bedford Township Trustee,,REP,Rick Steiner,190,100,90,0
Monroe,"Bedford Township, Precinct 13",Bedford Township Trustee,,REP,Todd C. Bruning,177,116,61,0
Monroe,"Bedford Township, Precinct 13",Bedford Township Trustee,,REP,Total Votes,1173,673,500,0
Monroe,"Bedford Township, Precinct 13",Bedford Township Trustee,,REP,Write-In,1,1,0,0
Monroe,"Bedford Township, Precinct 13",Bedford Township Trustee,,REP,Ballots Cast,662,292,370,0
Monroe,"Bedford Township, Precinct 14",Bedford Township Trustee,,REP,Cassie Mullins,60,28,32,0
Monroe,"Bedford Township, Precinct 14",Bedford Township Trustee,,REP,Craig Montri,96,51,45,0
Monroe,"Bedford Township, Precinct 14",Bedford Township Trustee,,REP,James (Jim) E. Krieger,42,22,20,0
Monroe,"Bedford Township, Precinct 14",Bedford Township Trustee,,REP,Joe Gore,53,35,18,0
Monroe,"Bedford Township, Precinct 14",Bedford Township Trustee,,REP,Matt Maraugha,50,27,23,0
Monroe,"Bedford Township, Precinct 14",Bedford Township Trustee,,REP,Matthew J. Angerer,55,30,25,0
Monroe,"Bedford Township, Precinct 14",Bedford Township Trustee,,REP,Rick Steiner,87,40,47,0
Monroe,"Bedford Township, Precinct 14",Bedford Township Trustee,,REP,Todd C. Bruning,83,43,40,0
Monroe,"Bedford Township, Precinct 14",Bedford Township Trustee,,REP,Total Votes,526,276,250,0
Monroe,"Bedford Township, Precinct 14",Bedford Township Trustee,,REP,Ballots Cast,403,145,258,0
Monroe,"Bedford Township, Precinct 2",Bedford Township Trustee,,REP,Cassie Mullins,122,59,63,0
Monroe,"Bedford Township, Precinct 2",Bedford Township Trustee,,REP,Craig Montri,207,108,99,0
Monroe,"Bedford Township, Precinct 2",Bedford Township Trustee,,REP,James (Jim) E. Krieger,89,38,51,0
Monroe,"Bedford Township, Precinct 2",Bedford Township Trustee,,REP,Joe Gore,126,69,57,0
Monroe,"Bedford Township, Precinct 2",Bedford Township Trustee,,REP,Matt Maraugha,121,66,55,0
Monroe,"Bedford Township, Precinct 2",Bedford Township Trustee,,REP,Matthew J. Angerer,134,71,63,0
Monroe,"Bedford Township, Precinct 2",Bedford Township Trustee,,REP,Rick Steiner,193,90,103,0
Monroe,"Bedford Township, Precinct 2",Bedford Township Trustee,,REP,Todd C. Bruning,200,115,85,0
Monroe,"Bedford Township, Precinct 2",Bedford Township Trustee,,REP,Total Votes,1192,616,576,0
Monroe,"Bedford Township, Precinct 2",Bedford Township Trustee,,REP,Write-In,1,1,0,0
Monroe,"Bedford Township, Precinct 2",Bedford Township Trustee,,REP,Ballots Cast,641,246,395,0
Monroe,"Bedford Township, Precinct 3",Bedford Township Trustee,,REP,Cassie Mullins,97,54,43,0
Monroe,"Bedford Township, Precinct 3",Bedford Township Trustee,,REP,Craig Montri,197,126,71,0
Monroe,"Bedford Township, Precinct 3",Bedford Township Trustee,,REP,James (Jim) E. Krieger,65,40,25,0
Monroe,"Bedford Township, Precinct 3",Bedford Township Trustee,,REP,Joe Gore,102,68,34,0
Monroe,"Bedford Township, Precinct 3",Bedford Township Trustee,,REP,Matt Maraugha,99,70,29,0
Monroe,"Bedford Township, Precinct 3",Bedford Township Trustee,,REP,Matthew J. Angerer,103,68,35,0
Monroe,"Bedford Township, Precinct 3",Bedford Township Trustee,,REP,Rick Steiner,135,72,63,0
Monroe,"Bedford Township, Precinct 3",Bedford Township Trustee,,REP,Todd C. Bruning,191,131,60,0
Monroe,"Bedford Township, Precinct 3",Bedford Township Trustee,,REP,Total Votes,989,629,360,0
Monroe,"Bedford Township, Precinct 3",Bedford Township Trustee,,REP,Write-In,4,4,0,0
Monroe,"Bedford Township, Precinct 3",Bedford Township Trustee,,REP,Ballots Cast,588,288,300,0
Monroe,"Bedford Township, Precinct 4",Bedford Township Trustee,,REP,Cassie Mullins,119,56,63,0
Monroe,"Bedford Township, Precinct 4",Bedford Township Trustee,,REP,Craig Montri,240,135,105,0
Monroe,"Bedford Township, Precinct 4",Bedford Township Trustee,,REP,James (Jim) E. Krieger,124,59,65,0
Monroe,"Bedford Township, Precinct 4",Bedford Township Trustee,,REP,Joe Gore,141,68,73,0
Monroe,"Bedford Township, Precinct 4",Bedford Township Trustee,,REP,Matt Maraugha,155,88,67,0
Monroe,"Bedford Township, Precinct 4",Bedford Township Trustee,,REP,Matthew J. Angerer,131,70,61,0
Monroe,"Bedford Township, Precinct 4",Bedford Township Trustee,,REP,Rick Steiner,208,99,109,0
Monroe,"Bedford Township, Precinct 4",Bedford Township Trustee,,REP,Todd C. Bruning,200,117,83,0
Monroe,"Bedford Township, Precinct 4",Bedford Township Trustee,,REP,Total Votes,1318,692,626,0
Monroe,"Bedford Township, Precinct 4",Bedford Township Trustee,,REP,Write-In,4,0,4,0
Monroe,"Bedford Township, Precinct 4",Bedford Township Trustee,,REP,Ballots Cast,763,283,480,0
Monroe,"Bedford Township, Precinct 5",Bedford Township Trustee,,REP,Cassie Mullins,106,51,55,0
Monroe,"Bedford Township, Precinct 5",Bedford Township Trustee,,REP,Craig Montri,204,120,84,0
Monroe,"Bedford Township, Precinct 5",Bedford Township Trustee,,REP,James (Jim) E. Krieger,103,34,69,0
Monroe,"Bedford Township, Precinct 5",Bedford Township Trustee,,REP,Joe Gore,100,53,47,0
Monroe,"Bedford Township, Precinct 5",Bedford Township Trustee,,REP,Matt Maraugha,121,55,66,0
Monroe,"Bedford Township, Precinct 5",Bedford Township Trustee,,REP,Matthew J. Angerer,95,50,45,0
Monroe,"Bedford Township, Precinct 5",Bedford Township Trustee,,REP,Rick Steiner,191,84,107,0
Monroe,"Bedford Township, Precinct 5",Bedford Township Trustee,,REP,Todd C. Bruning,183,116,67,0
Monroe,"Bedford Township, Precinct 5",Bedford Township Trustee,,REP,Total Votes,1103,563,540,0
Monroe,"Bedford Township, Precinct 5",Bedford Township Trustee,,REP,Write-In,1,1,0,0
Monroe,"Bedford Township, Precinct 5",Bedford Township Trustee,,REP,Ballots Cast,647,250,397,0
Monroe,"Bedford Township, Precinct 6",Bedford Township Trustee,,REP,Cassie Mullins,168,96,72,0
Monroe,"Bedford Township, Precinct 6",Bedford Township Trustee,,REP,Craig Montri,331,198,133,0
Monroe,"Bedford Township, Precinct 6",Bedford Township Trustee,,REP,James (Jim) E. Krieger,88,51,37,0
Monroe,"Bedford Township, Precinct 6",Bedford Township Trustee,,REP,Joe Gore,202,116,86,0
Monroe,"Bedford Township, Precinct 6",Bedford Township Trustee,,REP,Matt Maraugha,218,121,97,0
Monroe,"Bedford Township, Precinct 6",Bedford Township Trustee,,REP,Matthew J. Angerer,200,120,80,0
Monroe,"Bedford Township, Precinct 6",Bedford Township Trustee,,REP,Rick Steiner,245,128,117,0
Monroe,"Bedford Township, Precinct 6",Bedford Township Trustee,,REP,Todd C. Bruning,269,173,96,0
Monroe,"Bedford Township, Precinct 6",Bedford Township Trustee,,REP,Total Votes,1721,1003,718,0
Monroe,"Bedford Township, Precinct 6",Bedford Township Trustee,,REP,Write-In,4,3,1,0
Monroe,"Bedford Township, Precinct 6",Bedford Township Trustee,,REP,Ballots Cast,937,407,530,0
Monroe,"Bedford Township, Precinct 7",Bedford Township Trustee,,REP,Cassie Mullins,120,60,60,0
Monroe,"Bedford Township, Precinct 7",Bedford Township Trustee,,REP,Craig Montri,235,119,116,0
Monroe,"Bedford Township, Precinct 7",Bedford Township Trustee,,REP,James (Jim) E. Krieger,79,33,46,0
Monroe,"Bedford Township, Precinct 7",Bedford Township Trustee,,REP,Joe Gore,126,65,61,0
Monroe,"Bedford Township, Precinct 7",Bedford Township Trustee,,REP,Matt Maraugha,134,72,62,0
Monroe,"Bedford Township, Precinct 7",Bedford Township Trustee,,REP,Matthew J. Angerer,156,72,84,0
Monroe,"Bedford Township, Precinct 7",Bedford Township Trustee,,REP,Rick Steiner,196,83,113,0
Monroe,"Bedford Township, Precinct 7",Bedford Township Trustee,,REP,Todd C. Bruning,178,111,67,0
Monroe,"Bedford Township, Precinct 7",Bedford Township Trustee,,REP,Total Votes,1224,615,609,0
Monroe,"Bedford Township, Precinct 7",Bedford Township Trustee,,REP,Write-In,1,0,1,0
Monroe,"Bedford Township, Precinct 7",Bedford Township Trustee,,REP,Ballots Cast,739,263,476,0
Monroe,"Bedford Township, Precinct 8",Bedford Township Trustee,,REP,Cassie Mullins,145,55,90,0
Monroe,"Bedford Township, Precinct 8",Bedford Township Trustee,,REP,Craig Montri,235,104,131,0
Monroe,"Bedford Township, Precinct 8",Bedford Township Trustee,,REP,James (Jim) E. Krieger,100,40,60,0
Monroe,"Bedford Township, Precinct 8",Bedford Township Trustee,,REP,Joe Gore,210,108,102,0
Monroe,"Bedford Township, Precinct 8",Bedford Township Trustee,,REP,Matt Maraugha,163,81,82,0
Monroe,"Bedford Township, Precinct 8",Bedford Township Trustee,,REP,Matthew J. Angerer,137,53,84,0
Monroe,"Bedford Township, Precinct 8",Bedford Township Trustee,,REP,Rick Steiner,253,99,154,0
Monroe,"Bedford Township, Precinct 8",Bedford Township Trustee,,REP,Todd C. Bruning,206,113,93,0
Monroe,"Bedford Township, Precinct 8",Bedford Township Trustee,,REP,Total Votes,1449,653,796,0
Monroe,"Bedford Township, Precinct 8",Bedford Township Trustee,,REP,Write-In,2,2,0,0
Monroe,"Bedford Township, Precinct 8",Bedford Township Trustee,,REP,Ballots Cast,814,291,523,0
Monroe,"Bedford Township, Precinct 9",Bedford Township Trustee,,REP,Cassie Mullins,94,48,46,0
Monroe,"Bedford Township, Precinct 9",Bedford Township Trustee,,REP,Craig Montri,167,85,82,0
Monroe,"Bedford Township, Precinct 9",Bedford Township Trustee,,REP,James (Jim) E. Krieger,62,21,41,0
Monroe,"Bedford Township, Precinct 9",Bedford Township Trustee,,REP,Joe Gore,90,53,37,0
Monroe,"Bedford Township, Precinct 9",Bedford Township Trustee,,REP,Matt Maraugha,108,58,50,0
Monroe,"Bedford Township, Precinct 9",Bedford Township Trustee,,REP,Matthew J. Angerer,106,62,44,0
Monroe,"Bedford Township, Precinct 9",Bedford Township Trustee,,REP,Rick Steiner,140,66,74,0
Monroe,"Bedford Township, Precinct 9",Bedford Township Trustee,,REP,Todd C. Bruning,146,86,60,0
Monroe,"Bedford Township, Precinct 9",Bedford Township Trustee,,REP,Total Votes,913,479,434,0
Monroe,"Bedford Township, Precinct 9",Bedford Township Trustee,,REP,Write-In,3,3,0,0
Monroe,"Bedford Township, Precinct 9",Bedford Township Trustee,,REP,Ballots Cast,535,190,345,0
Monroe,"Bedford Township, Precinct 1",Bedford Township Park Commissioner,,REP,Aaron Adler,122,69,53,0
Monroe,"Bedford Township, Precinct 1",Bedford Township Park Commissioner,,REP,Andrew Brenot,99,52,47,0
Monroe,"Bedford Township, Precinct 1",Bedford Township Park Commissioner,,REP,Christopher D. Schlegel,110,64,46,0
Monroe,"Bedford Township, Precinct 1",Bedford Township Park Commissioner,,REP,Total Votes,331,185,146,0
Monroe,"Bedford Township, Precinct 1",Bedford Township Park Commissioner,,REP,Write-In,7,7,0,0
Monroe,"Bedford Township, Precinct 1",Bedford Township Park Commissioner,,REP,Ballots Cast,338,169,169,0
Monroe,"Bedford Township, Precinct 10",Bedford Township Park Commissioner,,REP,Aaron Adler,153,80,73,0
Monroe,"Bedford Township, Precinct 10",Bedford Township Park Commissioner,,REP,Andrew Brenot,146,76,70,0
Monroe,"Bedford Township, Precinct 10",Bedford Township Park Commissioner,,REP,Christopher D. Schlegel,139,70,69,0
Monroe,"Bedford Township, Precinct 10",Bedford Township Park Commissioner,,REP,Total Votes,438,226,212,0
Monroe,"Bedford Township, Precinct 10",Bedford Township Park Commissioner,,REP,Write-In,7,6,1,0
Monroe,"Bedford Township, Precinct 10",Bedford Township Park Commissioner,,REP,Ballots Cast,470,192,278,0
Monroe,"Bedford Township, Precinct 11",Bedford Township Park Commissioner,,REP,Aaron Adler,228,114,114,0
Monroe,"Bedford Township, Precinct 11",Bedford Township Park Commissioner,,REP,Andrew Brenot,205,94,111,0
Monroe,"Bedford Township, Precinct 11",Bedford Township Park Commissioner,,REP,Christopher D. Schlegel,222,113,109,0
Monroe,"Bedford Township, Precinct 11",Bedford Township Park Commissioner,,REP,Total Votes,655,321,334,0
Monroe,"Bedford Township, Precinct 11",Bedford Township Park Commissioner,,REP,Write-In,58,53,5,0
Monroe,"Bedford Township, Precinct 11",Bedford Township Park Commissioner,,REP,Ballots Cast,805,356,449,0
Monroe,"Bedford Township, Precinct 12",Bedford Township Park Commissioner,,REP,Aaron Adler,165,88,77,0
Monroe,"Bedford Township, Precinct 12",Bedford Township Park Commissioner,,REP,Andrew Brenot,151,75,76,0
Monroe,"Bedford Township, Precinct 12",Bedford Township Park Commissioner,,REP,Christopher D. Schlegel,151,74,77,0
Monroe,"Bedford Township, Precinct 12",Bedford Township Park Commissioner,,REP,Total Votes,467,237,230,0
Monroe,"Bedford Township, Precinct 12",Bedford Township Park Commissioner,,REP,Write-In,2,2,0,0
Monroe,"Bedford Township, Precinct 12",Bedford Township Park Commissioner,,REP,Ballots Cast,578,218,360,0
Monroe,"Bedford Township, Precinct 13",Bedford Township Park Commissioner,,REP,Aaron Adler,189,104,85,0
Monroe,"Bedford Township, Precinct 13",Bedford Township Park Commissioner,,REP,Andrew Brenot,171,101,70,0
Monroe,"Bedford Township, Precinct 13",Bedford Township Park Commissioner,,REP,Christopher D. Schlegel,176,104,72,0
Monroe,"Bedford Township, Precinct 13",Bedford Township Park Commissioner,,REP,Total Votes,536,309,227,0
Monroe,"Bedford Township, Precinct 13",Bedford Township Park Commissioner,,REP,Write-In,16,15,1,0
Monroe,"Bedford Township, Precinct 13",Bedford Township Park Commissioner,,REP,Ballots Cast,662,292,370,0
Monroe,"Bedford Township, Precinct 14",Bedford Township Park Commissioner,,REP,Aaron Adler,94,49,45,0
Monroe,"Bedford Township, Precinct 14",Bedford Township Park Commissioner,,REP,Andrew Brenot,81,38,43,0
Monroe,"Bedford Township, Precinct 14",Bedford Township Park Commissioner,,REP,Christopher D. Schlegel,87,41,46,0
Monroe,"Bedford Township, Precinct 14",Bedford Township Park Commissioner,,REP,Total Votes,262,128,134,0
Monroe,"Bedford Township, Precinct 14",Bedford Township Park Commissioner,,REP,Write-In,3,0,3,0
Monroe,"Bedford Township, Precinct 14",Bedford Township Park Commissioner,,REP,Ballots Cast,403,145,258,0
Monroe,"Bedford Township, Precinct 2",Bedford Township Park Commissioner,,REP,Aaron Adler,215,110,105,0
Monroe,"Bedford Township, Precinct 2",Bedford Township Park Commissioner,,REP,Andrew Brenot,183,85,98,0
Monroe,"Bedford Township, Precinct 2",Bedford Township Park Commissioner,,REP,Christopher D. Schlegel,191,86,105,0
Monroe,"Bedford Township, Precinct 2",Bedford Township Park Commissioner,,REP,Total Votes,589,281,308,0
Monroe,"Bedford Township, Precinct 2",Bedford Township Park Commissioner,,REP,Write-In,8,1,7,0
Monroe,"Bedford Township, Precinct 2",Bedford Township Park Commissioner,,REP,Ballots Cast,641,246,395,0
Monroe,"Bedford Township, Precinct 3",Bedford Township Park Commissioner,,REP,Aaron Adler,173,108,65,0
Monroe,"Bedford Township, Precinct 3",Bedford Township Park Commissioner,,REP,Andrew Brenot,153,95,58,0
Monroe,"Bedford Township, Precinct 3",Bedford Township Park Commissioner,,REP,Christopher D. Schlegel,153,94,59,0
Monroe,"Bedford Township, Precinct 3",Bedford Township Park Commissioner,,REP,Total Votes,479,297,182,0
Monroe,"Bedford Township, Precinct 3",Bedford Township Park Commissioner,,REP,Write-In,15,13,2,0
Monroe,"Bedford Township, Precinct 3",Bedford Township Park Commissioner,,REP,Ballots Cast,588,288,300,0
Monroe,"Bedford Township, Precinct 4",Bedford Township Park Commissioner,,REP,Aaron Adler,211,109,102,0
Monroe,"Bedford Township, Precinct 4",Bedford Township Park Commissioner,,REP,Andrew Brenot,200,100,100,0
Monroe,"Bedford Township, Precinct 4",Bedford Township Park Commissioner,,REP,Christopher D. Schlegel,219,110,109,0
Monroe,"Bedford Township, Precinct 4",Bedford Township Park Commissioner,,REP,Total Votes,630,319,311,0
Monroe,"Bedford Township, Precinct 4",Bedford Township Park Commissioner,,REP,Write-In,10,5,5,0
Monroe,"Bedford Township, Precinct 4",Bedford Township Park Commissioner,,REP,Ballots Cast,763,283,480,0
Monroe,"Bedford Township, Precinct 5",Bedford Township Park Commissioner,,REP,Aaron Adler,177,82,95,0
Monroe,"Bedford Township, Precinct 5",Bedford Township Park Commissioner,,REP,Andrew Brenot,158,73,85,0
Monroe,"Bedford Township, Precinct 5",Bedford Township Park Commissioner,,REP,Christopher D. Schlegel,171,82,89,0
Monroe,"Bedford Township, Precinct 5",Bedford Township Park Commissioner,,REP,Total Votes,506,237,269,0
Monroe,"Bedford Township, Precinct 5",Bedford Township Park Commissioner,,REP,Write-In,7,3,4,0
Monroe,"Bedford Township, Precinct 5",Bedford Township Park Commissioner,,REP,Ballots Cast,647,250,397,0
Monroe,"Bedford Township, Precinct 6",Bedford Township Park Commissioner,,REP,Aaron Adler,287,166,121,0
Monroe,"Bedford Township, Precinct 6",Bedford Township Park Commissioner,,REP,Andrew Brenot,264,142,122,0
Monroe,"Bedford Township, Precinct 6",Bedford Township Park Commissioner,,REP,Christopher D. Schlegel,264,140,124,0
Monroe,"Bedford Township, Precinct 6",Bedford Township Park Commissioner,,REP,Total Votes,815,448,367,0
Monroe,"Bedford Township, Precinct 6",Bedford Township Park Commissioner,,REP,Write-In,15,11,4,0
Monroe,"Bedford Township, Precinct 6",Bedford Township Park Commissioner,,REP,Ballots Cast,937,407,530,0
Monroe,"Bedford Township, Precinct 7",Bedford Township Park Commissioner,,REP,Aaron Adler,209,100,109,0
Monroe,"Bedford Township, Precinct 7",Bedford Township Park Commissioner,,REP,Andrew Brenot,212,98,114,0
Monroe,"Bedford Township, Precinct 7",Bedford Township Park Commissioner,,REP,Christopher D. Schlegel,208,100,108,0
Monroe,"Bedford Township, Precinct 7",Bedford Township Park Commissioner,,REP,Total Votes,629,298,331,0
Monroe,"Bedford Township, Precinct 7",Bedford Township Park Commissioner,,REP,Write-In,11,6,5,0
Monroe,"Bedford Township, Precinct 7",Bedford Township Park Commissioner,,REP,Ballots Cast,739,263,476,0
Monroe,"Bedford Township, Precinct 8",Bedford Township Park Commissioner,,REP,Aaron Adler,253,106,147,0
Monroe,"Bedford Township, Precinct 8",Bedford Township Park Commissioner,,REP,Andrew Brenot,231,94,137,0
Monroe,"Bedford Township, Precinct 8",Bedford Township Park Commissioner,,REP,Christopher D. Schlegel,236,96,140,0
Monroe,"Bedford Township, Precinct 8",Bedford Township Park Commissioner,,REP,Total Votes,720,296,424,0
Monroe,"Bedford Township, Precinct 8",Bedford Township Park Commissioner,,REP,Write-In,5,1,4,0
Monroe,"Bedford Township, Precinct 8",Bedford Township Park Commissioner,,REP,Ballots Cast,814,291,523,0
Monroe,"Bedford Township, Precinct 9",Bedford Township Park Commissioner,,REP,Aaron Adler,128,62,66,0
Monroe,"Bedford Township, Precinct 9",Bedford Township Park Commissioner,,REP,Andrew Brenot,125,63,62,0
Monroe,"Bedford Township, Precinct 9",Bedford Township Park Commissioner,,REP,Christopher D. Schlegel,136,66,70,0
Monroe,"Bedford Township, Precinct 9",Bedford Township Park Commissioner,,REP,Total Votes,389,191,198,0
Monroe,"Bedford Township, Precinct 9",Bedford Township Park Commissioner,,REP,Write-In,15,10,5,0
Monroe,"Bedford Township, Precinct 9",Bedford Township Park Commissioner,,REP,Ballots Cast,535,190,345,0
Monroe,"Berlin Township, Precinct 1",Berlin Township Supervisor,,REP,Write-In,26,26,0,0
Monroe,"Berlin Township, Precinct 1",Berlin Township Supervisor,,REP,Ballots Cast,444,444,0,0
Monroe,"Berlin Township, Precinct 2",Berlin Township Supervisor,,REP,Write-In,41,41,0,0
Monroe,"Berlin Township, Precinct 2",Berlin Township Supervisor,,REP,Ballots Cast,731,731,0,0
Monroe,"Berlin Township, Precinct 3",Berlin Township Supervisor,,REP,Write-In,21,21,0,0
Monroe,"Berlin Township, Precinct 3",Berlin Township Supervisor,,REP,Ballots Cast,407,407,0,0
Monroe,"Berlin Township, Precinct 4",Berlin Township Supervisor,,REP,Write-In,19,19,0,0
Monroe,"Berlin Township, Precinct 4",Berlin Township Supervisor,,REP,Ballots Cast,582,582,0,0
Monroe,"Berlin Township, Precinct 1",Berlin Township Clerk,,REP,Write-In,23,23,0,0
Monroe,"Berlin Township, Precinct 1",Berlin Township Clerk,,REP,Ballots Cast,444,444,0,0
Monroe,"Berlin Township, Precinct 2",Berlin Township Clerk,,REP,Write-In,39,39,0,0
Monroe,"Berlin Township, Precinct 2",Berlin Township Clerk,,REP,Ballots Cast,731,731,0,0
Monroe,"Berlin Township, Precinct 3",Berlin Township Clerk,,REP,Write-In,19,19,0,0
Monroe,"Berlin Township, Precinct 3",Berlin Township Clerk,,REP,Ballots Cast,407,407,0,0
Monroe,"Berlin Township, Precinct 4",Berlin Township Clerk,,REP,Write-In,19,19,0,0
Monroe,"Berlin Township, Precinct 4",Berlin Township Clerk,,REP,Ballots Cast,582,582,0,0
Monroe,"Berlin Township, Precinct 1",Berlin Township Treasurer,,REP,Write-In,22,22,0,0
Monroe,"Berlin Township, Precinct 1",Berlin Township Treasurer,,REP,Ballots Cast,444,444,0,0
Monroe,"Berlin Township, Precinct 2",Berlin Township Treasurer,,REP,Write-In,36,36,0,0
Monroe,"Berlin Township, Precinct 2",Berlin Township Treasurer,,REP,Ballots Cast,731,731,0,0
Monroe,"Berlin Township, Precinct 3",Berlin Township Treasurer,,REP,Write-In,20,20,0,0
Monroe,"Berlin Township, Precinct 3",Berlin Township Treasurer,,REP,Ballots Cast,407,407,0,0
Monroe,"Berlin Township, Precinct 4",Berlin Township Treasurer,,REP,Write-In,18,18,0,0
Monroe,"Berlin Township, Precinct 4",Berlin Township Treasurer,,REP,Ballots Cast,582,582,0,0
Monroe,"Berlin Township, Precinct 1",Berlin Township Trustee,,REP,James R. Geiermann,173,173,0,0
Monroe,"Berlin Township, Precinct 1",Berlin Township Trustee,,REP,John S. Sorovetz,131,131,0,0
Monroe,"Berlin Township, Precinct 1",Berlin Township Trustee,,REP,Total Votes,304,304,0,0
Monroe,"Berlin Township, Precinct 1",Berlin Township Trustee,,REP,Ballots Cast,444,444,0,0
Monroe,"Berlin Township, Precinct 2",Berlin Township Trustee,,REP,James R. Geiermann,263,263,0,0
Monroe,"Berlin Township, Precinct 2",Berlin Township Trustee,,REP,John S. Sorovetz,240,240,0,0
Monroe,"Berlin Township, Precinct 2",Berlin Township Trustee,,REP,Total Votes,503,503,0,0
Monroe,"Berlin Township, Precinct 2",Berlin Township Trustee,,REP,Write-In,2,2,0,0
Monroe,"Berlin Township, Precinct 2",Berlin Township Trustee,,REP,Ballots Cast,731,731,0,0
Monroe,"Berlin Township, Precinct 3",Berlin Township Trustee,,REP,James R. Geiermann,135,135,0,0
Monroe,"Berlin Township, Precinct 3",Berlin Township Trustee,,REP,John S. Sorovetz,107,107,0,0
Monroe,"Berlin Township, Precinct 3",Berlin Township Trustee,,REP,Total Votes,242,242,0,0
Monroe,"Berlin Township, Precinct 3",Berlin Township Trustee,,REP,Write-In,3,3,0,0
Monroe,"Berlin Township, Precinct 3",Berlin Township Trustee,,REP,Ballots Cast,407,407,0,0
Monroe,"Berlin Township, Precinct 4",Berlin Township Trustee,,REP,James R. Geiermann,200,200,0,0
Monroe,"Berlin Township, Precinct 4",Berlin Township Trustee,,REP,John S. Sorovetz,175,175,0,0
Monroe,"Berlin Township, Precinct 4",Berlin Township Trustee,,REP,Total Votes,375,375,0,0
Monroe,"Berlin Township, Precinct 4",Berlin Township Trustee,,REP,Write-In,2,2,0,0
Monroe,"Berlin Township, Precinct 4",Berlin Township Trustee,,REP,Ballots Cast,582,582,0,0
Monroe,"Dundee Township, Precinct 1",Dundee Township Supervisor,,REP,Write-In,19,19,0,0
Monroe,"Dundee Township, Precinct 1",Dundee Township Supervisor,,REP,Ballots Cast,467,467,0,0
Monroe,"Dundee Township, Precinct 2",Dundee Township Supervisor,,REP,Write-In,22,22,0,0
Monroe,"Dundee Township, Precinct 2",Dundee Township Supervisor,,REP,Ballots Cast,654,654,0,0
Monroe,"Dundee Township, Precinct 3",Dundee Township Supervisor,,REP,Write-In,35,35,0,0
Monroe,"Dundee Township, Precinct 3",Dundee Township Supervisor,,REP,Ballots Cast,692,692,0,0
Monroe,"Dundee Township, Precinct 1",Dundee Township Clerk,,REP,Write-In,17,17,0,0
Monroe,"Dundee Township, Precinct 1",Dundee Township Clerk,,REP,Ballots Cast,467,467,0,0
Monroe,"Dundee Township, Precinct 2",Dundee Township Clerk,,REP,Write-In,19,19,0,0
Monroe,"Dundee Township, Precinct 2",Dundee Township Clerk,,REP,Ballots Cast,654,654,0,0
Monroe,"Dundee Township, Precinct 3",Dundee Township Clerk,,REP,Write-In,31,31,0,0
Monroe,"Dundee Township, Precinct 3",Dundee Township Clerk,,REP,Ballots Cast,692,692,0,0
Monroe,"Dundee Township, Precinct 1",Dundee Township Treasurer,,REP,Write-In,16,16,0,0
Monroe,"Dundee Township, Precinct 1",Dundee Township Treasurer,,REP,Ballots Cast,467,467,0,0
Monroe,"Dundee Township, Precinct 2",Dundee Township Treasurer,,REP,Write-In,18,18,0,0
Monroe,"Dundee Township, Precinct 2",Dundee Township Treasurer,,REP,Ballots Cast,654,654,0,0
Monroe,"Dundee Township, Precinct 3",Dundee Township Treasurer,,REP,Write-In,29,29,0,0
Monroe,"Dundee Township, Precinct 3",Dundee Township Treasurer,,REP,Ballots Cast,692,692,0,0
Monroe,"Dundee Township, Precinct 1",Dundee Township Trustee,,REP,Christian J. Horkey,139,139,0,0
Monroe,"Dundee Township, Precinct 1",Dundee Township Trustee,,REP,Kenneth L. Jaworski,148,148,0,0
Monroe,"Dundee Township, Precinct 1",Dundee Township Trustee,,REP,Total Votes,422,422,0,0
Monroe,"Dundee Township, Precinct 1",Dundee Township Trustee,,REP,Travis M. Horkey,135,135,0,0
Monroe,"Dundee Township, Precinct 1",Dundee Township Trustee,,REP,Write-In,3,3,0,0
Monroe,"Dundee Township, Precinct 1",Dundee Township Trustee,,REP,Ballots Cast,467,467,0,0
Monroe,"Dundee Township, Precinct 2",Dundee Township Trustee,,REP,Christian J. Horkey,209,209,0,0
Monroe,"Dundee Township, Precinct 2",Dundee Township Trustee,,REP,Kenneth L. Jaworski,213,213,0,0
Monroe,"Dundee Township, Precinct 2",Dundee Township Trustee,,REP,Total Votes,625,625,0,0
Monroe,"Dundee Township, Precinct 2",Dundee Township Trustee,,REP,Travis M. Horkey,203,203,0,0
Monroe,"Dundee Township, Precinct 2",Dundee Township Trustee,,REP,Write-In,4,4,0,0
Monroe,"Dundee Township, Precinct 2",Dundee Township Trustee,,REP,Ballots Cast,654,654,0,0
Monroe,"Dundee Township, Precinct 3",Dundee Township Trustee,,REP,Christian J. Horkey,247,247,0,0
Monroe,"Dundee Township, Precinct 3",Dundee Township Trustee,,REP,Kenneth L. Jaworski,252,252,0,0
Monroe,"Dundee Township, Precinct 3",Dundee Township Trustee,,REP,Total Votes,733,733,0,0
Monroe,"Dundee Township, Precinct 3",Dundee Township Trustee,,REP,Travis M. Horkey,234,234,0,0
Monroe,"Dundee Township, Precinct 3",Dundee Township Trustee,,REP,Write-In,1,1,0,0
Monroe,"Dundee Township, Precinct 3",Dundee Township Trustee,,REP,Ballots Cast,692,692,0,0
Monroe,"Erie Township, Precinct 1",Erie Township Supervisor,,REP,Cory Yenor,109,49,60,0
Monroe,"Erie Township, Precinct 1",Erie Township Supervisor,,REP,Gary L. Wilmoth,277,125,152,0
Monroe,"Erie Township, Precinct 1",Erie Township Supervisor,,REP,Total Votes,386,174,212,0
Monroe,"Erie Township, Precinct 1",Erie Township Supervisor,,REP,Write-In,1,0,1,0
Monroe,"Erie Township, Precinct 1",Erie Township Supervisor,,REP,Ballots Cast,672,249,423,0
Monroe,"Erie Township, Precinct 2",Erie Township Supervisor,,REP,Cory Yenor,72,51,21,0
Monroe,"Erie Township, Precinct 2",Erie Township Supervisor,,REP,Gary L. Wilmoth,164,82,82,0
Monroe,"Erie Township, Precinct 2",Erie Township Supervisor,,REP,Total Votes,236,133,103,0
Monroe,"Erie Township, Precinct 2",Erie Township Supervisor,,REP,Ballots Cast,402,164,238,0
Monroe,"Erie Township, Precinct 1",Erie Township Clerk,,REP,Kim Cousino,341,159,182,0
Monroe,"Erie Township, Precinct 1",Erie Township Clerk,,REP,Total Votes,341,159,182,0
Monroe,"Erie Township, Precinct 1",Erie Township Clerk,,REP,Write-In,3,1,2,0
Monroe,"Erie Township, Precinct 1",Erie Township Clerk,,REP,Ballots Cast,672,249,423,0
Monroe,"Erie Township, Precinct 2",Erie Township Clerk,,REP,Kim Cousino,202,119,83,0
Monroe,"Erie Township, Precinct 2",Erie Township Clerk,,REP,Total Votes,202,119,83,0
Monroe,"Erie Township, Precinct 2",Erie Township Clerk,,REP,Ballots Cast,402,164,238,0
Monroe,"Erie Township, Precinct 1",Erie Township Treasurer,,REP,Cynthia Wisbon,342,157,185,0
Monroe,"Erie Township, Precinct 1",Erie Township Treasurer,,REP,Total Votes,342,157,185,0
Monroe,"Erie Township, Precinct 1",Erie Township Treasurer,,REP,Write-In,1,1,0,0
Monroe,"Erie Township, Precinct 1",Erie Township Treasurer,,REP,Ballots Cast,672,249,423,0
Monroe,"Erie Township, Precinct 2",Erie Township Treasurer,,REP,Cynthia Wisbon,200,117,83,0
Monroe,"Erie Township, Precinct 2",Erie Township Treasurer,,REP,Total Votes,200,117,83,0
Monroe,"Erie Township, Precinct 2",Erie Township Treasurer,,REP,Ballots Cast,402,164,238,0
Monroe,"Erie Township, Precinct 1",Erie Township Trustee,,REP,Steve Mishka,305,144,161,0
Monroe,"Erie Township, Precinct 1",Erie Township Trustee,,REP,Total Votes,305,144,161,0
Monroe,"Erie Township, Precinct 1",Erie Township Trustee,,REP,Write-In,3,1,2,0
Monroe,"Erie Township, Precinct 1",Erie Township Trustee,,REP,Ballots Cast,672,249,423,0
Monroe,"Erie Township, Precinct 2",Erie Township Trustee,,REP,Steve Mishka,176,107,69,0
Monroe,"Erie Township, Precinct 2",Erie Township Trustee,,REP,Total Votes,176,107,69,0
Monroe,"Erie Township, Precinct 2",Erie Township Trustee,,REP,Ballots Cast,402,164,238,0
Monroe,"Erie Township, Precinct 1",Erie Township Park Commissioner,,REP,Diane Marie LaPlante,243,108,135,0
Monroe,"Erie Township, Precinct 1",Erie Township Park Commissioner,,REP,Jennifer Mishka,218,90,128,0
Monroe,"Erie Township, Precinct 1",Erie Township Park Commissioner,,REP,Total Votes,461,198,263,0
Monroe,"Erie Township, Precinct 1",Erie Township Park Commissioner,,REP,Ballots Cast,672,249,423,0
Monroe,"Erie Township, Precinct 2",Erie Township Park Commissioner,,REP,Diane Marie LaPlante,146,76,70,0
Monroe,"Erie Township, Precinct 2",Erie Township Park Commissioner,,REP,Jennifer Mishka,122,66,56,0
Monroe,"Erie Township, Precinct 2",Erie Township Park Commissioner,,REP,Total Votes,268,142,126,0
Monroe,"Erie Township, Precinct 2",Erie Township Park Commissioner,,REP,Ballots Cast,402,164,238,0
Monroe,"Exeter Township, Precinct 1",Exeter Township Supervisor,,REP,Write-In,19,19,0,0
Monroe,"Exeter Township, Precinct 1",Exeter Township Supervisor,,REP,Ballots Cast,396,396,0,0
Monroe,"Exeter Township, Precinct 2",Exeter Township Supervisor,,REP,Write-In,10,10,0,0
Monroe,"Exeter Township, Precinct 2",Exeter Township Supervisor,,REP,Ballots Cast,475,475,0,0
Monroe,"Exeter Township, Precinct 1",Exeter Township Clerk,,REP,Write-In,19,19,0,0
Monroe,"Exeter Township, Precinct 1",Exeter Township Clerk,,REP,Ballots Cast,396,396,0,0
Monroe,"Exeter Township, Precinct 2",Exeter Township Clerk,,REP,Write-In,9,9,0,0
Monroe,"Exeter Township, Precinct 2",Exeter Township Clerk,,REP,Ballots Cast,475,475,0,0
Monroe,"Exeter Township, Precinct 1",Exeter Township Treasurer,,REP,Write-In,19,19,0,0
Monroe,"Exeter Township, Precinct 1",Exeter Township Treasurer,,REP,Ballots Cast,396,396,0,0
Monroe,"Exeter Township, Precinct 2",Exeter Township Treasurer,,REP,Write-In,10,10,0,0
Monroe,"Exeter Township, Precinct 2",Exeter Township Treasurer,,REP,Ballots Cast,475,475,0,0
Monroe,"Exeter Township, Precinct 1",Exeter Township Trustee,,REP,Anne Kleinow,96,96,0,0
Monroe,"Exeter Township, Precinct 1",Exeter Township Trustee,,REP,Mark T. Kohlman,84,84,0,0
Monroe,"Exeter Township, Precinct 1",Exeter Township Trustee,,REP,Philip E. Bruck,142,142,0,0
Monroe,"Exeter Township, Precinct 1",Exeter Township Trustee,,REP,Total Votes,322,322,0,0
Monroe,"Exeter Township, Precinct 1",Exeter Township Trustee,,REP,Write-In,2,2,0,0
Monroe,"Exeter Township, Precinct 1",Exeter Township Trustee,,REP,Ballots Cast,396,396,0,0
Monroe,"Exeter Township, Precinct 2",Exeter Township Trustee,,REP,Anne Kleinow,124,124,0,0
Monroe,"Exeter Township, Precinct 2",Exeter Township Trustee,,REP,Mark T. Kohlman,99,99,0,0
Monroe,"Exeter Township, Precinct 2",Exeter Township Trustee,,REP,Philip E. Bruck,135,135,0,0
Monroe,"Exeter Township, Precinct 2",Exeter Township Trustee,,REP,Total Votes,358,358,0,0
Monroe,"Exeter Township, Precinct 2",Exeter Township Trustee,,REP,Ballots Cast,475,475,0,0
Monroe,"Frenchtown Township, Precinct 1",Frenchtown Township Supervisor,,REP,Alan VanWashenova,156,92,64,0
Monroe,"Frenchtown Township, Precinct 1",Frenchtown Township Supervisor,,REP,Total Votes,156,92,64,0
Monroe,"Frenchtown Township, Precinct 1",Frenchtown Township Supervisor,,REP,Write-In,1,0,1,0
Monroe,"Frenchtown Township, Precinct 1",Frenchtown Township Supervisor,,REP,Ballots Cast,307,126,181,0
Monroe,"Frenchtown Township, Precinct 2",Frenchtown Township Supervisor,,REP,Alan VanWashenova,154,92,62,0
Monroe,"Frenchtown Township, Precinct 2",Frenchtown Township Supervisor,,REP,Total Votes,154,92,62,0
Monroe,"Frenchtown Township, Precinct 2",Frenchtown Township Supervisor,,REP,Write-In,1,1,0,0
Monroe,"Frenchtown Township, Precinct 2",Frenchtown Township Supervisor,,REP,Ballots Cast,384,141,243,0
Monroe,"Frenchtown Township, Precinct 3",Frenchtown Township Supervisor,,REP,Alan VanWashenova,225,105,120,0
Monroe,"Frenchtown Township, Precinct 3",Frenchtown Township Supervisor,,REP,Total Votes,225,105,120,0
Monroe,"Frenchtown Township, Precinct 3",Frenchtown Township Supervisor,,REP,Write-In,2,1,1,0
Monroe,"Frenchtown Township, Precinct 3",Frenchtown Township Supervisor,,REP,Ballots Cast,465,151,314,0
Monroe,"Frenchtown Township, Precinct 4",Frenchtown Township Supervisor,,REP,Alan VanWashenova,267,110,157,0
Monroe,"Frenchtown Township, Precinct 4",Frenchtown Township Supervisor,,REP,Total Votes,267,110,157,0
Monroe,"Frenchtown Township, Precinct 4",Frenchtown Township Supervisor,,REP,Write-In,1,1,0,0
Monroe,"Frenchtown Township, Precinct 4",Frenchtown Township Supervisor,,REP,Ballots Cast,657,154,503,0
Monroe,"Frenchtown Township, Precinct 5",Frenchtown Township Supervisor,,REP,Alan VanWashenova,163,97,66,0
Monroe,"Frenchtown Township, Precinct 5",Frenchtown Township Supervisor,,REP,Total Votes,163,97,66,0
Monroe,"Frenchtown Township, Precinct 5",Frenchtown Township Supervisor,,REP,Ballots Cast,417,139,278,0
Monroe,"Frenchtown Township, Precinct 6",Frenchtown Township Supervisor,,REP,Alan VanWashenova,252,151,101,0
Monroe,"Frenchtown Township, Precinct 6",Frenchtown Township Supervisor,,REP,Total Votes,252,151,101,0
Monroe,"Frenchtown Township, Precinct 6",Frenchtown Township Supervisor,,REP,Write-In,1,0,1,0
Monroe,"Frenchtown Township, Precinct 6",Frenchtown Township Supervisor,,REP,Ballots Cast,625,230,395,0
Monroe,"Frenchtown Township, Precinct 7",Frenchtown Township Supervisor,,REP,Alan VanWashenova,412,149,263,0
Monroe,"Frenchtown Township, Precinct 7",Frenchtown Township Supervisor,,REP,Total Votes,412,149,263,0
Monroe,"Frenchtown Township, Precinct 7",Frenchtown Township Supervisor,,REP,Write-In,1,1,0,0
Monroe,"Frenchtown Township, Precinct 7",Frenchtown Township Supervisor,,REP,Ballots Cast,1005,238,767,0
Monroe,"Frenchtown Township, Precinct 8",Frenchtown Township Supervisor,,REP,Alan VanWashenova,217,110,107,0
Monroe,"Frenchtown Township, Precinct 8",Frenchtown Township Supervisor,,REP,Total Votes,217,110,107,0
Monroe,"Frenchtown Township, Precinct 8",Frenchtown Township Supervisor,,REP,Write-In,3,1,2,0
Monroe,"Frenchtown Township, Precinct 8",Frenchtown Township Supervisor,,REP,Ballots Cast,488,175,313,0
Monroe,"Frenchtown Township, Precinct 9",Frenchtown Township Supervisor,,REP,Alan VanWashenova,108,50,58,0
Monroe,"Frenchtown Township, Precinct 9",Frenchtown Township Supervisor,,REP,Total Votes,108,50,58,0
Monroe,"Frenchtown Township, Precinct 9",Frenchtown Township Supervisor,,REP,Write-In,1,1,0,0
Monroe,"Frenchtown Township, Precinct 9",Frenchtown Township Supervisor,,REP,Ballots Cast,313,89,224,0
Monroe,"Frenchtown Township, Precinct 1",Frenchtown Township Clerk,,REP,Christopher VanWashenova,70,44,26,0
Monroe,"Frenchtown Township, Precinct 1",Frenchtown Township Clerk,,REP,Kyle Bryant,95,48,47,0
Monroe,"Frenchtown Township, Precinct 1",Frenchtown Township Clerk,,REP,Total Votes,165,92,73,0
Monroe,"Frenchtown Township, Precinct 1",Frenchtown Township Clerk,,REP,Write-In,1,1,0,0
Monroe,"Frenchtown Township, Precinct 1",Frenchtown Township Clerk,,REP,Ballots Cast,307,126,181,0
Monroe,"Frenchtown Township, Precinct 2",Frenchtown Township Clerk,,REP,Christopher VanWashenova,64,37,27,0
Monroe,"Frenchtown Township, Precinct 2",Frenchtown Township Clerk,,REP,Kyle Bryant,113,65,48,0
Monroe,"Frenchtown Township, Precinct 2",Frenchtown Township Clerk,,REP,Total Votes,177,102,75,0
Monroe,"Frenchtown Township, Precinct 2",Frenchtown Township Clerk,,REP,Ballots Cast,384,141,243,0
Monroe,"Frenchtown Township, Precinct 3",Frenchtown Township Clerk,,REP,Christopher VanWashenova,124,49,75,0
Monroe,"Frenchtown Township, Precinct 3",Frenchtown Township Clerk,,REP,Kyle Bryant,129,64,65,0
Monroe,"Frenchtown Township, Precinct 3",Frenchtown Township Clerk,,REP,Total Votes,253,113,140,0
Monroe,"Frenchtown Township, Precinct 3",Frenchtown Township Clerk,,REP,Ballots Cast,465,151,314,0
Monroe,"Frenchtown Township, Precinct 4",Frenchtown Township Clerk,,REP,Christopher VanWashenova,117,44,73,0
Monroe,"Frenchtown Township, Precinct 4",Frenchtown Township Clerk,,REP,Kyle Bryant,181,71,110,0
Monroe,"Frenchtown Township, Precinct 4",Frenchtown Township Clerk,,REP,Total Votes,298,115,183,0
Monroe,"Frenchtown Township, Precinct 4",Frenchtown Township Clerk,,REP,Ballots Cast,657,154,503,0
Monroe,"Frenchtown Township, Precinct 5",Frenchtown Township Clerk,,REP,Christopher VanWashenova,64,43,21,0
Monroe,"Frenchtown Township, Precinct 5",Frenchtown Township Clerk,,REP,Kyle Bryant,106,58,48,0
Monroe,"Frenchtown Township, Precinct 5",Frenchtown Township Clerk,,REP,Total Votes,170,101,69,0
Monroe,"Frenchtown Township, Precinct 5",Frenchtown Township Clerk,,REP,Write-In,1,1,0,0
Monroe,"Frenchtown Township, Precinct 5",Frenchtown Township Clerk,,REP,Ballots Cast,417,139,278,0
Monroe,"Frenchtown Township, Precinct 6",Frenchtown Township Clerk,,REP,Christopher VanWashenova,97,60,37,0
Monroe,"Frenchtown Township, Precinct 6",Frenchtown Township Clerk,,REP,Kyle Bryant,206,109,97,0
Monroe,"Frenchtown Township, Precinct 6",Frenchtown Township Clerk,,REP,Total Votes,303,169,134,0
Monroe,"Frenchtown Township, Precinct 6",Frenchtown Township Clerk,,REP,Write-In,1,0,1,0
Monroe,"Frenchtown Township, Precinct 6",Frenchtown Township Clerk,,REP,Ballots Cast,625,230,395,0
Monroe,"Frenchtown Township, Precinct 7",Frenchtown Township Clerk,,REP,Christopher VanWashenova,113,35,78,0
Monroe,"Frenchtown Township, Precinct 7",Frenchtown Township Clerk,,REP,Kyle Bryant,328,127,201,0
Monroe,"Frenchtown Township, Precinct 7",Frenchtown Township Clerk,,REP,Total Votes,441,162,279,0
Monroe,"Frenchtown Township, Precinct 7",Frenchtown Township Clerk,,REP,Write-In,1,1,0,0
Monroe,"Frenchtown Township, Precinct 7",Frenchtown Township Clerk,,REP,Ballots Cast,1005,238,767,0
Monroe,"Frenchtown Township, Precinct 8",Frenchtown Township Clerk,,REP,Christopher VanWashenova,77,34,43,0
Monroe,"Frenchtown Township, Precinct 8",Frenchtown Township Clerk,,REP,Kyle Bryant,163,84,79,0
Monroe,"Frenchtown Township, Precinct 8",Frenchtown Township Clerk,,REP,Total Votes,240,118,122,0
Monroe,"Frenchtown Township, Precinct 8",Frenchtown Township Clerk,,REP,Write-In,1,1,0,0
Monroe,"Frenchtown Township, Precinct 8",Frenchtown Township Clerk,,REP,Ballots Cast,488,175,313,0
Monroe,"Frenchtown Township, Precinct 9",Frenchtown Township Clerk,,REP,Christopher VanWashenova,27,13,14,0
Monroe,"Frenchtown Township, Precinct 9",Frenchtown Township Clerk,,REP,Kyle Bryant,81,38,43,0
Monroe,"Frenchtown Township, Precinct 9",Frenchtown Township Clerk,,REP,Total Votes,108,51,57,0
Monroe,"Frenchtown Township, Precinct 9",Frenchtown Township Clerk,,REP,Ballots Cast,313,89,224,0
Monroe,"Frenchtown Township, Precinct 1",Frenchtown Township Treasurer,,REP,Write-In,18,10,8,0
Monroe,"Frenchtown Township, Precinct 1",Frenchtown Township Treasurer,,REP,Ballots Cast,307,126,181,0
Monroe,"Frenchtown Township, Precinct 2",Frenchtown Township Treasurer,,REP,Write-In,10,6,4,0
Monroe,"Frenchtown Township, Precinct 2",Frenchtown Township Treasurer,,REP,Ballots Cast,384,141,243,0
Monroe,"Frenchtown Township, Precinct 3",Frenchtown Township Treasurer,,REP,Write-In,15,8,7,0
Monroe,"Frenchtown Township, Precinct 3",Frenchtown Township Treasurer,,REP,Ballots Cast,465,151,314,0
Monroe,"Frenchtown Township, Precinct 4",Frenchtown Township Treasurer,,REP,Write-In,12,6,6,0
Monroe,"Frenchtown Township, Precinct 4",Frenchtown Township Treasurer,,REP,Ballots Cast,657,154,503,0
Monroe,"Frenchtown Township, Precinct 5",Frenchtown Township Treasurer,,REP,Write-In,21,16,5,0
Monroe,"Frenchtown Township, Precinct 5",Frenchtown Township Treasurer,,REP,Ballots Cast,417,139,278,0
Monroe,"Frenchtown Township, Precinct 6",Frenchtown Township Treasurer,,REP,Write-In,19,12,7,0
Monroe,"Frenchtown Township, Precinct 6",Frenchtown Township Treasurer,,REP,Ballots Cast,625,230,395,0
Monroe,"Frenchtown Township, Precinct 7",Frenchtown Township Treasurer,,REP,Write-In,17,9,8,0
Monroe,"Frenchtown Township, Precinct 7",Frenchtown Township Treasurer,,REP,Ballots Cast,1005,238,767,0
Monroe,"Frenchtown Township, Precinct 8",Frenchtown Township Treasurer,,REP,Write-In,9,8,1,0
Monroe,"Frenchtown Township, Precinct 8",Frenchtown Township Treasurer,,REP,Ballots Cast,488,175,313,0
Monroe,"Frenchtown Township, Precinct 9",Frenchtown Township Treasurer,,REP,Write-In,12,10,2,0
Monroe,"Frenchtown Township, Precinct 9",Frenchtown Township Treasurer,,REP,Ballots Cast,313,89,224,0
Monroe,"Frenchtown Township, Precinct 1",Frenchtown Township Trustee,,REP,Chris Collins,90,48,42,0
Monroe,"Frenchtown Township, Precinct 1",Frenchtown Township Trustee,,REP,Christiaan Carlton,92,48,44,0
Monroe,"Frenchtown Township, Precinct 1",Frenchtown Township Trustee,,REP,Gary D. Klemz,90,52,38,0
Monroe,"Frenchtown Township, Precinct 1",Frenchtown Township Trustee,,REP,Ignazio Cuccia,68,37,31,0
Monroe,"Frenchtown Township, Precinct 1",Frenchtown Township Trustee,,REP,Matthew Rimel,90,56,34,0
Monroe,"Frenchtown Township, Precinct 1",Frenchtown Township Trustee,,REP,Total Votes,430,241,189,0
Monroe,"Frenchtown Township, Precinct 1",Frenchtown Township Trustee,,REP,Ballots Cast,307,126,181,0
Monroe,"Frenchtown Township, Precinct 2",Frenchtown Township Trustee,,REP,Chris Collins,125,71,54,0
Monroe,"Frenchtown Township, Precinct 2",Frenchtown Township Trustee,,REP,Christiaan Carlton,76,40,36,0
Monroe,"Frenchtown Township, Precinct 2",Frenchtown Township Trustee,,REP,Gary D. Klemz,125,63,62,0
Monroe,"Frenchtown Township, Precinct 2",Frenchtown Township Trustee,,REP,Ignazio Cuccia,52,31,21,0
Monroe,"Frenchtown Township, Precinct 2",Frenchtown Township Trustee,,REP,Matthew Rimel,89,50,39,0
Monroe,"Frenchtown Township, Precinct 2",Frenchtown Township Trustee,,REP,Total Votes,467,255,212,0
Monroe,"Frenchtown Township, Precinct 2",Frenchtown Township Trustee,,REP,Write-In,5,3,2,0
Monroe,"Frenchtown Township, Precinct 2",Frenchtown Township Trustee,,REP,Ballots Cast,384,141,243,0
Monroe,"Frenchtown Township, Precinct 3",Frenchtown Township Trustee,,REP,Chris Collins,143,72,71,0
Monroe,"Frenchtown Township, Precinct 3",Frenchtown Township Trustee,,REP,Christiaan Carlton,107,46,61,0
Monroe,"Frenchtown Township, Precinct 3",Frenchtown Township Trustee,,REP,Gary D. Klemz,165,72,93,0
Monroe,"Frenchtown Township, Precinct 3",Frenchtown Township Trustee,,REP,Ignazio Cuccia,79,34,45,0
Monroe,"Frenchtown Township, Precinct 3",Frenchtown Township Trustee,,REP,Matthew Rimel,137,70,67,0
Monroe,"Frenchtown Township, Precinct 3",Frenchtown Township Trustee,,REP,Total Votes,631,294,337,0
Monroe,"Frenchtown Township, Precinct 3",Frenchtown Township Trustee,,REP,Ballots Cast,465,151,314,0
Monroe,"Frenchtown Township, Precinct 4",Frenchtown Township Trustee,,REP,Chris Collins,159,66,93,0
Monroe,"Frenchtown Township, Precinct 4",Frenchtown Township Trustee,,REP,Christiaan Carlton,178,66,112,0
Monroe,"Frenchtown Township, Precinct 4",Frenchtown Township Trustee,,REP,Gary D. Klemz,172,63,109,0
Monroe,"Frenchtown Township, Precinct 4",Frenchtown Township Trustee,,REP,Ignazio Cuccia,191,73,118,0
Monroe,"Frenchtown Township, Precinct 4",Frenchtown Township Trustee,,REP,Matthew Rimel,151,60,91,0
Monroe,"Frenchtown Township, Precinct 4",Frenchtown Township Trustee,,REP,Total Votes,851,328,523,0
Monroe,"Frenchtown Township, Precinct 4",Frenchtown Township Trustee,,REP,Write-In,3,3,0,0
Monroe,"Frenchtown Township, Precinct 4",Frenchtown Township Trustee,,REP,Ballots Cast,657,154,503,0
Monroe,"Frenchtown Township, Precinct 5",Frenchtown Township Trustee,,REP,Chris Collins,104,64,40,0
Monroe,"Frenchtown Township, Precinct 5",Frenchtown Township Trustee,,REP,Christiaan Carlton,83,52,31,0
Monroe,"Frenchtown Township, Precinct 5",Frenchtown Township Trustee,,REP,Gary D. Klemz,101,61,40,0
Monroe,"Frenchtown Township, Precinct 5",Frenchtown Township Trustee,,REP,Ignazio Cuccia,62,37,25,0
Monroe,"Frenchtown Township, Precinct 5",Frenchtown Township Trustee,,REP,Matthew Rimel,103,69,34,0
Monroe,"Frenchtown Township, Precinct 5",Frenchtown Township Trustee,,REP,Total Votes,453,283,170,0
Monroe,"Frenchtown Township, Precinct 5",Frenchtown Township Trustee,,REP,Write-In,2,2,0,0
Monroe,"Frenchtown Township, Precinct 5",Frenchtown Township Trustee,,REP,Ballots Cast,417,139,278,0
Monroe,"Frenchtown Township, Precinct 6",Frenchtown Township Trustee,,REP,Chris Collins,168,101,67,0
Monroe,"Frenchtown Township, Precinct 6",Frenchtown Township Trustee,,REP,Christiaan Carlton,124,66,58,0
Monroe,"Frenchtown Township, Precinct 6",Frenchtown Township Trustee,,REP,Gary D. Klemz,218,120,98,0
Monroe,"Frenchtown Township, Precinct 6",Frenchtown Township Trustee,,REP,Ignazio Cuccia,97,57,40,0
Monroe,"Frenchtown Township, Precinct 6",Frenchtown Township Trustee,,REP,Matthew Rimel,167,96,71,0
Monroe,"Frenchtown Township, Precinct 6",Frenchtown Township Trustee,,REP,Total Votes,774,440,334,0
Monroe,"Frenchtown Township, Precinct 6",Frenchtown Township Trustee,,REP,Write-In,1,0,1,0
Monroe,"Frenchtown Township, Precinct 6",Frenchtown Township Trustee,,REP,Ballots Cast,625,230,395,0
Monroe,"Frenchtown Township, Precinct 7",Frenchtown Township Trustee,,REP,Chris Collins,260,101,159,0
Monroe,"Frenchtown Township, Precinct 7",Frenchtown Township Trustee,,REP,Christiaan Carlton,246,84,162,0
Monroe,"Frenchtown Township, Precinct 7",Frenchtown Township Trustee,,REP,Gary D. Klemz,287,99,188,0
Monroe,"Frenchtown Township, Precinct 7",Frenchtown Township Trustee,,REP,Ignazio Cuccia,200,74,126,0
Monroe,"Frenchtown Township, Precinct 7",Frenchtown Township Trustee,,REP,Matthew Rimel,247,87,160,0
Monroe,"Frenchtown Township, Precinct 7",Frenchtown Township Trustee,,REP,Total Votes,1240,445,795,0
Monroe,"Frenchtown Township, Precinct 7",Frenchtown Township Trustee,,REP,Ballots Cast,1005,238,767,0
Monroe,"Frenchtown Township, Precinct 8",Frenchtown Township Trustee,,REP,Chris Collins,166,83,83,0
Monroe,"Frenchtown Township, Precinct 8",Frenchtown Township Trustee,,REP,Christiaan Carlton,120,57,63,0
Monroe,"Frenchtown Township, Precinct 8",Frenchtown Township Trustee,,REP,Gary D. Klemz,190,85,105,0
Monroe,"Frenchtown Township, Precinct 8",Frenchtown Township Trustee,,REP,Ignazio Cuccia,88,35,53,0
Monroe,"Frenchtown Township, Precinct 8",Frenchtown Township Trustee,,REP,Matthew Rimel,135,61,74,0
Monroe,"Frenchtown Township, Precinct 8",Frenchtown Township Trustee,,REP,Total Votes,699,321,378,0
Monroe,"Frenchtown Township, Precinct 8",Frenchtown Township Trustee,,REP,Write-In,5,1,4,0
Monroe,"Frenchtown Township, Precinct 8",Frenchtown Township Trustee,,REP,Ballots Cast,488,175,313,0
Monroe,"Frenchtown Township, Precinct 9",Frenchtown Township Trustee,,REP,Chris Collins,63,30,33,0
Monroe,"Frenchtown Township, Precinct 9",Frenchtown Township Trustee,,REP,Christiaan Carlton,52,25,27,0
Monroe,"Frenchtown Township, Precinct 9",Frenchtown Township Trustee,,REP,Gary D. Klemz,64,29,35,0
Monroe,"Frenchtown Township, Precinct 9",Frenchtown Township Trustee,,REP,Ignazio Cuccia,46,20,26,0
Monroe,"Frenchtown Township, Precinct 9",Frenchtown Township Trustee,,REP,Matthew Rimel,53,24,29,0
Monroe,"Frenchtown Township, Precinct 9",Frenchtown Township Trustee,,REP,Total Votes,278,128,150,0
Monroe,"Frenchtown Township, Precinct 9",Frenchtown Township Trustee,,REP,Write-In,4,0,4,0
Monroe,"Frenchtown Township, Precinct 9",Frenchtown Township Trustee,,REP,Ballots Cast,313,89,224,0
Monroe,"Frenchtown Township, Precinct 1",Frenchtown Township Constable,,REP,Write-In,16,9,7,0
Monroe,"Frenchtown Township, Precinct 1",Frenchtown Township Constable,,REP,Ballots Cast,307,126,181,0
Monroe,"Frenchtown Township, Precinct 2",Frenchtown Township Constable,,REP,Write-In,18,11,7,0
Monroe,"Frenchtown Township, Precinct 2",Frenchtown Township Constable,,REP,Ballots Cast,384,141,243,0
Monroe,"Frenchtown Township, Precinct 3",Frenchtown Township Constable,,REP,Write-In,15,11,4,0
Monroe,"Frenchtown Township, Precinct 3",Frenchtown Township Constable,,REP,Ballots Cast,465,151,314,0
Monroe,"Frenchtown Township, Precinct 4",Frenchtown Township Constable,,REP,Write-In,15,7,8,0
Monroe,"Frenchtown Township, Precinct 4",Frenchtown Township Constable,,REP,Ballots Cast,657,154,503,0
Monroe,"Frenchtown Township, Precinct 5",Frenchtown Township Constable,,REP,Write-In,30,23,7,0
Monroe,"Frenchtown Township, Precinct 5",Frenchtown Township Constable,,REP,Ballots Cast,417,139,278,0
Monroe,"Frenchtown Township, Precinct 6",Frenchtown Township Constable,,REP,Write-In,33,20,13,0
Monroe,"Frenchtown Township, Precinct 6",Frenchtown Township Constable,,REP,Ballots Cast,625,230,395,0
Monroe,"Frenchtown Township, Precinct 7",Frenchtown Township Constable,,REP,Write-In,18,9,9,0
Monroe,"Frenchtown Township, Precinct 7",Frenchtown Township Constable,,REP,Ballots Cast,1005,238,767,0
Monroe,"Frenchtown Township, Precinct 8",Frenchtown Township Constable,,REP,Write-In,20,16,4,0
Monroe,"Frenchtown Township, Precinct 8",Frenchtown Township Constable,,REP,Ballots Cast,488,175,313,0
Monroe,"Frenchtown Township, Precinct 9",Frenchtown Township Constable,,REP,Write-In,11,9,2,0
Monroe,"Frenchtown Township, Precinct 9",Frenchtown Township Constable,,REP,Ballots Cast,313,89,224,0
Monroe,"Ida Township, Precinct 1",Ida Township Supervisor,,REP,Paul R. Metz,335,191,144,0
Monroe,"Ida Township, Precinct 1",Ida Township Supervisor,,REP,Total Votes,335,191,144,0
Monroe,"Ida Township, Precinct 1",Ida Township Supervisor,,REP,Write-In,2,2,0,0
Monroe,"Ida Township, Precinct 1",Ida Township Supervisor,,REP,Ballots Cast,618,272,346,0
Monroe,"Ida Township, Precinct 2",Ida Township Supervisor,,REP,Paul R. Metz,377,212,165,0
Monroe,"Ida Township, Precinct 2",Ida Township Supervisor,,REP,Total Votes,377,212,165,0
Monroe,"Ida Township, Precinct 2",Ida Township Supervisor,,REP,Write-In,1,0,1,0
Monroe,"Ida Township, Precinct 2",Ida Township Supervisor,,REP,Ballots Cast,687,293,394,0
Monroe,"Ida Township, Precinct 1",Ida Township Clerk,,REP,Tera Shaffer,339,195,144,0
Monroe,"Ida Township, Precinct 1",Ida Township Clerk,,REP,Total Votes,339,195,144,0
Monroe,"Ida Township, Precinct 1",Ida Township Clerk,,REP,Ballots Cast,618,272,346,0
Monroe,"Ida Township, Precinct 2",Ida Township Clerk,,REP,Tera Shaffer,367,208,159,0
Monroe,"Ida Township, Precinct 2",Ida Township Clerk,,REP,Total Votes,367,208,159,0
Monroe,"Ida Township, Precinct 2",Ida Township Clerk,,REP,Ballots Cast,687,293,394,0
Monroe,"Ida Township, Precinct 1",Ida Township Treasurer,,REP,Sherry E. Hilkens,311,175,136,0
Monroe,"Ida Township, Precinct 1",Ida Township Treasurer,,REP,Total Votes,311,175,136,0
Monroe,"Ida Township, Precinct 1",Ida Township Treasurer,,REP,Write-In,1,1,0,0
Monroe,"Ida Township, Precinct 1",Ida Township Treasurer,,REP,Ballots Cast,618,272,346,0
Monroe,"Ida Township, Precinct 2",Ida Township Treasurer,,REP,Sherry E. Hilkens,347,192,155,0
Monroe,"Ida Township, Precinct 2",Ida Township Treasurer,,REP,Total Votes,347,192,155,0
Monroe,"Ida Township, Precinct 2",Ida Township Treasurer,,REP,Ballots Cast,687,293,394,0
Monroe,"Ida Township, Precinct 1",Ida Township Trustee,,REP,Chris Curry,187,113,74,0
Monroe,"Ida Township, Precinct 1",Ida Township Trustee,,REP,Elmer J. Bowman,102,45,57,0
Monroe,"Ida Township, Precinct 1",Ida Township Trustee,,REP,Jim Thomson,127,80,47,0
Monroe,"Ida Township, Precinct 1",Ida Township Trustee,,REP,Tim F. Mata,178,99,79,0
Monroe,"Ida Township, Precinct 1",Ida Township Trustee,,REP,Total Votes,594,337,257,0
Monroe,"Ida Township, Precinct 1",Ida Township Trustee,,REP,Write-In,2,2,0,0
Monroe,"Ida Township, Precinct 1",Ida Township Trustee,,REP,Ballots Cast,618,272,346,0
Monroe,"Ida Township, Precinct 2",Ida Township Trustee,,REP,Chris Curry,196,116,80,0
Monroe,"Ida Township, Precinct 2",Ida Township Trustee,,REP,Elmer J. Bowman,91,33,58,0
Monroe,"Ida Township, Precinct 2",Ida Township Trustee,,REP,Jim Thomson,191,96,95,0
Monroe,"Ida Township, Precinct 2",Ida Township Trustee,,REP,Tim F. Mata,210,127,83,0
Monroe,"Ida Township, Precinct 2",Ida Township Trustee,,REP,Total Votes,688,372,316,0
Monroe,"Ida Township, Precinct 2",Ida Township Trustee,,REP,Write-In,4,2,2,0
Monroe,"Ida Township, Precinct 2",Ida Township Trustee,,REP,Ballots Cast,687,293,394,0
Monroe,"Ida Township, Precinct 1",Ida Township Constable,,REP,Todd D. Hilkens,289,164,125,0
Monroe,"Ida Township, Precinct 1",Ida Township Constable,,REP,Total Votes,289,164,125,0
Monroe,"Ida Township, Precinct 1",Ida Township Constable,,REP,Write-In,4,4,0,0
Monroe,"Ida Township, Precinct 1",Ida Township Constable,,REP,Ballots Cast,618,272,346,0
Monroe,"Ida Township, Precinct 2",Ida Township Constable,,REP,Todd D. Hilkens,316,180,136,0
Monroe,"Ida Township, Precinct 2",Ida Township Constable,,REP,Total Votes,316,180,136,0
Monroe,"Ida Township, Precinct 2",Ida Township Constable,,REP,Write-In,2,1,1,0
Monroe,"Ida Township, Precinct 2",Ida Township Constable,,REP,Ballots Cast,687,293,394,0
Monroe,"La Salle Township, Precinct 1",La Salle Township Supervisor,,REP,Aaron Goldsmith,232,112,120,0
Monroe,"La Salle Township, Precinct 1",La Salle Township Supervisor,,REP,Diane Harvey,190,92,98,0
Monroe,"La Salle Township, Precinct 1",La Salle Township Supervisor,,REP,Total Votes,422,204,218,0
Monroe,"La Salle Township, Precinct 1",La Salle Township Supervisor,,REP,Write-In,1,1,0,0
Monroe,"La Salle Township, Precinct 1",La Salle Township Supervisor,,REP,Ballots Cast,672,253,419,0
Monroe,"La Salle Township, Precinct 2",La Salle Township Supervisor,,REP,Aaron Goldsmith,306,157,149,0
Monroe,"La Salle Township, Precinct 2",La Salle Township Supervisor,,REP,Diane Harvey,136,75,61,0
Monroe,"La Salle Township, Precinct 2",La Salle Township Supervisor,,REP,Total Votes,442,232,210,0
Monroe,"La Salle Township, Precinct 2",La Salle Township Supervisor,,REP,Write-In,2,1,1,0
Monroe,"La Salle Township, Precinct 2",La Salle Township Supervisor,,REP,Ballots Cast,779,325,454,0
Monroe,"La Salle Township, Precinct 1",La Salle Township Clerk,,REP,LaDeana M. Morr,338,169,169,0
Monroe,"La Salle Township, Precinct 1",La Salle Township Clerk,,REP,Total Votes,338,169,169,0
Monroe,"La Salle Township, Precinct 1",La Salle Township Clerk,,REP,Ballots Cast,672,253,419,0
Monroe,"La Salle Township, Precinct 2",La Salle Township Clerk,,REP,LaDeana M. Morr,409,208,201,0
Monroe,"La Salle Township, Precinct 2",La Salle Township Clerk,,REP,Total Votes,409,208,201,0
Monroe,"La Salle Township, Precinct 2",La Salle Township Clerk,,REP,Ballots Cast,779,325,454,0
Monroe,"La Salle Township, Precinct 1",La Salle Township Treasurer,,REP,Julie Durocher,274,130,144,0
Monroe,"La Salle Township, Precinct 1",La Salle Township Treasurer,,REP,Sarah A. Smith,152,70,82,0
Monroe,"La Salle Township, Precinct 1",La Salle Township Treasurer,,REP,Total Votes,426,200,226,0
Monroe,"La Salle Township, Precinct 1",La Salle Township Treasurer,,REP,Write-In,1,0,1,0
Monroe,"La Salle Township, Precinct 1",La Salle Township Treasurer,,REP,Ballots Cast,672,253,419,0
Monroe,"La Salle Township, Precinct 2",La Salle Township Treasurer,,REP,Julie Durocher,264,125,139,0
Monroe,"La Salle Township, Precinct 2",La Salle Township Treasurer,,REP,Sarah A. Smith,166,99,67,0
Monroe,"La Salle Township, Precinct 2",La Salle Township Treasurer,,REP,Total Votes,430,224,206,0
Monroe,"La Salle Township, Precinct 2",La Salle Township Treasurer,,REP,Write-In,1,1,0,0
Monroe,"La Salle Township, Precinct 2",La Salle Township Treasurer,,REP,Ballots Cast,779,325,454,0
Monroe,"La Salle Township, Precinct 1",La Salle Township Trustee,,REP,Bob Willis,201,99,102,0
Monroe,"La Salle Township, Precinct 1",La Salle Township Trustee,,REP,David J. Anteau,189,73,116,0
Monroe,"La Salle Township, Precinct 1",La Salle Township Trustee,,REP,Jeff Davis,120,65,55,0
Monroe,"La Salle Township, Precinct 1",La Salle Township Trustee,,REP,Robert Copp,77,48,29,0
Monroe,"La Salle Township, Precinct 1",La Salle Township Trustee,,REP,Thomas Rutledge,149,72,77,0
Monroe,"La Salle Township, Precinct 1",La Salle Township Trustee,,REP,Total Votes,736,357,379,0
Monroe,"La Salle Township, Precinct 1",La Salle Township Trustee,,REP,Write-In,2,0,2,0
Monroe,"La Salle Township, Precinct 1",La Salle Township Trustee,,REP,Ballots Cast,672,253,419,0
Monroe,"La Salle Township, Precinct 2",La Salle Township Trustee,,REP,Bob Willis,172,74,98,0
Monroe,"La Salle Township, Precinct 2",La Salle Township Trustee,,REP,David J. Anteau,191,81,110,0
Monroe,"La Salle Township, Precinct 2",La Salle Township Trustee,,REP,Jeff Davis,159,82,77,0
Monroe,"La Salle Township, Precinct 2",La Salle Township Trustee,,REP,Robert Copp,68,45,23,0
Monroe,"La Salle Township, Precinct 2",La Salle Township Trustee,,REP,Thomas Rutledge,190,100,90,0
Monroe,"La Salle Township, Precinct 2",La Salle Township Trustee,,REP,Total Votes,780,382,398,0
Monroe,"La Salle Township, Precinct 2",La Salle Township Trustee,,REP,Write-In,1,1,0,0
Monroe,"La Salle Township, Precinct 2",La Salle Township Trustee,,REP,Ballots Cast,779,325,454,0
Monroe,"London Township, Precinct 1",London Township Supervisor,,REP,Gary Taepke,130,130,0,0
Monroe,"London Township, Precinct 1",London Township Supervisor,,REP,Penny Turner,367,367,0,0
Monroe,"London Township, Precinct 1",London Township Supervisor,,REP,Total Votes,497,497,0,0
Monroe,"London Township, Precinct 1",London Township Supervisor,,REP,Write-In,2,2,0,0
Monroe,"London Township, Precinct 1",London Township Supervisor,,REP,Ballots Cast,834,834,0,0
Monroe,"London Township, Precinct 1",London Township Clerk,,REP,Amanda Taepke,242,242,0,0
Monroe,"London Township, Precinct 1",London Township Clerk,,REP,Total Votes,242,242,0,0
Monroe,"London Township, Precinct 1",London Township Clerk,,REP,Write-In,29,29,0,0
Monroe,"London Township, Precinct 1",London Township Clerk,,REP,Ballots Cast,834,834,0,0
Monroe,"London Township, Precinct 1",London Township Treasurer,,REP,Lisa Moore,361,361,0,0
Monroe,"London Township, Precinct 1",London Township Treasurer,,REP,Total Votes,361,361,0,0
Monroe,"London Township, Precinct 1",London Township Treasurer,,REP,Write-In,4,4,0,0
Monroe,"London Township, Precinct 1",London Township Treasurer,,REP,Ballots Cast,834,834,0,0
Monroe,"London Township, Precinct 1",London Township Trustee,,REP,Daryl Nichols,311,311,0,0
Monroe,"London Township, Precinct 1",London Township Trustee,,REP,Michael J. Pinkowski,271,271,0,0
Monroe,"London Township, Precinct 1",London Township Trustee,,REP,Total Votes,582,582,0,0
Monroe,"London Township, Precinct 1",London Township Trustee,,REP,Write-In,6,6,0,0
Monroe,"London Township, Precinct 1",London Township Trustee,,REP,Ballots Cast,834,834,0,0
Monroe,"Milan Township, Precinct 1",Milan Township Supervisor,,REP,Phil Heath,220,220,0,0
Monroe,"Milan Township, Precinct 1",Milan Township Supervisor,,REP,Total Votes,220,220,0,0
Monroe,"Milan Township, Precinct 1",Milan Township Supervisor,,REP,Ballots Cast,451,451,0,0
Monroe,"Milan Township, Precinct 1",Milan Township Clerk,,REP,Barbara J. Collins,218,218,0,0
Monroe,"Milan Township, Precinct 1",Milan Township Clerk,,REP,Total Votes,218,218,0,0
Monroe,"Milan Township, Precinct 1",Milan Township Clerk,,REP,Ballots Cast,451,451,0,0
Monroe,"Milan Township, Precinct 1",Milan Township Treasurer,,REP,Joel Gotts,215,215,0,0
Monroe,"Milan Township, Precinct 1",Milan Township Treasurer,,REP,Total Votes,215,215,0,0
Monroe,"Milan Township, Precinct 1",Milan Township Treasurer,,REP,Ballots Cast,451,451,0,0
Monroe,"Milan Township, Precinct 1",Milan Township Trustee,,REP,Write-In,17,17,0,0
Monroe,"Milan Township, Precinct 1",Milan Township Trustee,,REP,Ballots Cast,451,451,0,0
Monroe,"Monroe Township, Precinct 1",Monroe Township Supervisor,,REP,Total Votes,137,52,85,0
Monroe,"Monroe Township, Precinct 1",Monroe Township Supervisor,,REP,Write-In,3,3,0,0
Monroe,"Monroe Township, Precinct 1",Monroe Township Supervisor,,REP,Wayne L. Blank Sr.,137,52,85,0
Monroe,"Monroe Township, Precinct 1",Monroe Township Supervisor,,REP,Ballots Cast,452,114,338,0
Monroe,"Monroe Township, Precinct 2",Monroe Township Supervisor,,REP,Total Votes,73,37,36,0
Monroe,"Monroe Township, Precinct 2",Monroe Township Supervisor,,REP,Write-In,1,1,0,0
Monroe,"Monroe Township, Precinct 2",Monroe Township Supervisor,,REP,Wayne L. Blank Sr.,73,37,36,0
Monroe,"Monroe Township, Precinct 2",Monroe Township Supervisor,,REP,Ballots Cast,248,75,173,0
Monroe,"Monroe Township, Precinct 3",Monroe Township Supervisor,,REP,Total Votes,142,77,65,0
Monroe,"Monroe Township, Precinct 3",Monroe Township Supervisor,,REP,Write-In,2,0,2,0
Monroe,"Monroe Township, Precinct 3",Monroe Township Supervisor,,REP,Wayne L. Blank Sr.,142,77,65,0
Monroe,"Monroe Township, Precinct 3",Monroe Township Supervisor,,REP,Ballots Cast,454,146,308,0
Monroe,"Monroe Township, Precinct 4",Monroe Township Supervisor,,REP,Total Votes,180,99,81,0
Monroe,"Monroe Township, Precinct 4",Monroe Township Supervisor,,REP,Wayne L. Blank Sr.,180,99,81,0
Monroe,"Monroe Township, Precinct 4",Monroe Township Supervisor,,REP,Ballots Cast,577,186,391,0
Monroe,"Monroe Township, Precinct 5",Monroe Township Supervisor,,REP,Total Votes,350,172,178,0
Monroe,"Monroe Township, Precinct 5",Monroe Township Supervisor,,REP,Write-In,5,2,3,0
Monroe,"Monroe Township, Precinct 5",Monroe Township Supervisor,,REP,Wayne L. Blank Sr.,350,172,178,0
Monroe,"Monroe Township, Precinct 5",Monroe Township Supervisor,,REP,Ballots Cast,831,242,589,0
Monroe,"Monroe Township, Precinct 6",Monroe Township Supervisor,,REP,Total Votes,194,82,112,0
Monroe,"Monroe Township, Precinct 6",Monroe Township Supervisor,,REP,Write-In,2,1,1,0
Monroe,"Monroe Township, Precinct 6",Monroe Township Supervisor,,REP,Wayne L. Blank Sr.,194,82,112,0
Monroe,"Monroe Township, Precinct 6",Monroe Township Supervisor,,REP,Ballots Cast,538,141,397,0
Monroe,"Monroe Township, Precinct 1",Monroe Township Clerk,,REP,Christina Smith,135,47,88,0
Monroe,"Monroe Township, Precinct 1",Monroe Township Clerk,,REP,Total Votes,135,47,88,0
Monroe,"Monroe Township, Precinct 1",Monroe Township Clerk,,REP,Write-In,2,2,0,0
Monroe,"Monroe Township, Precinct 1",Monroe Township Clerk,,REP,Ballots Cast,452,114,338,0
Monroe,"Monroe Township, Precinct 2",Monroe Township Clerk,,REP,Christina Smith,77,40,37,0
Monroe,"Monroe Township, Precinct 2",Monroe Township Clerk,,REP,Total Votes,77,40,37,0
Monroe,"Monroe Township, Precinct 2",Monroe Township Clerk,,REP,Ballots Cast,248,75,173,0
Monroe,"Monroe Township, Precinct 3",Monroe Township Clerk,,REP,Christina Smith,156,79,77,0
Monroe,"Monroe Township, Precinct 3",Monroe Township Clerk,,REP,Total Votes,156,79,77,0
Monroe,"Monroe Township, Precinct 3",Monroe Township Clerk,,REP,Write-In,3,1,2,0
Monroe,"Monroe Township, Precinct 3",Monroe Township Clerk,,REP,Ballots Cast,454,146,308,0
Monroe,"Monroe Township, Precinct 4",Monroe Township Clerk,,REP,Christina Smith,183,98,85,0
Monroe,"Monroe Township, Precinct 4",Monroe Township Clerk,,REP,Total Votes,183,98,85,0
Monroe,"Monroe Township, Precinct 4",Monroe Township Clerk,,REP,Write-In,1,1,0,0
Monroe,"Monroe Township, Precinct 4",Monroe Township Clerk,,REP,Ballots Cast,577,186,391,0
Monroe,"Monroe Township, Precinct 5",Monroe Township Clerk,,REP,Christina Smith,366,177,189,0
Monroe,"Monroe Township, Precinct 5",Monroe Township Clerk,,REP,Total Votes,366,177,189,0
Monroe,"Monroe Township, Precinct 5",Monroe Township Clerk,,REP,Write-In,3,1,2,0
Monroe,"Monroe Township, Precinct 5",Monroe Township Clerk,,REP,Ballots Cast,831,242,589,0
Monroe,"Monroe Township, Precinct 6",Monroe Township Clerk,,REP,Christina Smith,206,88,118,0
Monroe,"Monroe Township, Precinct 6",Monroe Township Clerk,,REP,Total Votes,206,88,118,0
Monroe,"Monroe Township, Precinct 6",Monroe Township Clerk,,REP,Ballots Cast,538,141,397,0
Monroe,"Monroe Township, Precinct 1",Monroe Township Treasurer,,REP,Write-In,16,8,8,0
Monroe,"Monroe Township, Precinct 1",Monroe Township Treasurer,,REP,Ballots Cast,452,114,338,0
Monroe,"Monroe Township, Precinct 2",Monroe Township Treasurer,,REP,Write-In,8,7,1,0
Monroe,"Monroe Township, Precinct 2",Monroe Township Treasurer,,REP,Ballots Cast,248,75,173,0
Monroe,"Monroe Township, Precinct 3",Monroe Township Treasurer,,REP,Write-In,11,10,1,0
Monroe,"Monroe Township, Precinct 3",Monroe Township Treasurer,,REP,Ballots Cast,454,146,308,0
Monroe,"Monroe Township, Precinct 4",Monroe Township Treasurer,,REP,Write-In,11,9,2,0
Monroe,"Monroe Township, Precinct 4",Monroe Township Treasurer,,REP,Ballots Cast,577,186,391,0
Monroe,"Monroe Township, Precinct 5",Monroe Township Treasurer,,REP,Write-In,40,27,13,0
Monroe,"Monroe Township, Precinct 5",Monroe Township Treasurer,,REP,Ballots Cast,831,242,589,0
Monroe,"Monroe Township, Precinct 6",Monroe Township Treasurer,,REP,Write-In,17,12,5,0
Monroe,"Monroe Township, Precinct 6",Monroe Township Treasurer,,REP,Ballots Cast,538,141,397,0
Monroe,"Monroe Township, Precinct 1",Monroe Township Trustee,,REP,Guy Howe,72,31,41,0
Monroe,"Monroe Township, Precinct 1",Monroe Township Trustee,,REP,John Manor,116,40,76,0
Monroe,"Monroe Township, Precinct 1",Monroe Township Trustee,,REP,Kevin Raymo,98,39,59,0
Monroe,"Monroe Township, Precinct 1",Monroe Township Trustee,,REP,Richard A. Janssens,104,37,67,0
Monroe,"Monroe Township, Precinct 1",Monroe Township Trustee,,REP,Terrance Guido Gerin,68,25,43,0
Monroe,"Monroe Township, Precinct 1",Monroe Township Trustee,,REP,Total Votes,458,172,286,0
Monroe,"Monroe Township, Precinct 1",Monroe Township Trustee,,REP,Write-In,2,2,0,0
Monroe,"Monroe Township, Precinct 1",Monroe Township Trustee,,REP,Ballots Cast,452,114,338,0
Monroe,"Monroe Township, Precinct 2",Monroe Township Trustee,,REP,Guy Howe,38,18,20,0
Monroe,"Monroe Township, Precinct 2",Monroe Township Trustee,,REP,John Manor,46,24,22,0
Monroe,"Monroe Township, Precinct 2",Monroe Township Trustee,,REP,Kevin Raymo,56,31,25,0
Monroe,"Monroe Township, Precinct 2",Monroe Township Trustee,,REP,Richard A. Janssens,48,22,26,0
Monroe,"Monroe Township, Precinct 2",Monroe Township Trustee,,REP,Terrance Guido Gerin,37,24,13,0
Monroe,"Monroe Township, Precinct 2",Monroe Township Trustee,,REP,Total Votes,225,119,106,0
Monroe,"Monroe Township, Precinct 2",Monroe Township Trustee,,REP,Ballots Cast,248,75,173,0
Monroe,"Monroe Township, Precinct 3",Monroe Township Trustee,,REP,Guy Howe,81,42,39,0
Monroe,"Monroe Township, Precinct 3",Monroe Township Trustee,,REP,John Manor,144,67,77,0
Monroe,"Monroe Township, Precinct 3",Monroe Township Trustee,,REP,Kevin Raymo,121,54,67,0
Monroe,"Monroe Township, Precinct 3",Monroe Township Trustee,,REP,Richard A. Janssens,106,50,56,0
Monroe,"Monroe Township, Precinct 3",Monroe Township Trustee,,REP,Terrance Guido Gerin,113,50,63,0
Monroe,"Monroe Township, Precinct 3",Monroe Township Trustee,,REP,Total Votes,565,263,302,0
Monroe,"Monroe Township, Precinct 3",Monroe Township Trustee,,REP,Write-In,3,1,2,0
Monroe,"Monroe Township, Precinct 3",Monroe Township Trustee,,REP,Ballots Cast,454,146,308,0
Monroe,"Monroe Township, Precinct 4",Monroe Township Trustee,,REP,Guy Howe,114,54,60,0
Monroe,"Monroe Township, Precinct 4",Monroe Township Trustee,,REP,John Manor,152,73,79,0
Monroe,"Monroe Township, Precinct 4",Monroe Township Trustee,,REP,Kevin Raymo,137,69,68,0
Monroe,"Monroe Township, Precinct 4",Monroe Township Trustee,,REP,Richard A. Janssens,124,63,61,0
Monroe,"Monroe Township, Precinct 4",Monroe Township Trustee,,REP,Terrance Guido Gerin,82,45,37,0
Monroe,"Monroe Township, Precinct 4",Monroe Township Trustee,,REP,Total Votes,609,304,305,0
Monroe,"Monroe Township, Precinct 4",Monroe Township Trustee,,REP,Ballots Cast,577,186,391,0
Monroe,"Monroe Township, Precinct 5",Monroe Township Trustee,,REP,Guy Howe,205,92,113,0
Monroe,"Monroe Township, Precinct 5",Monroe Township Trustee,,REP,John Manor,275,121,154,0
Monroe,"Monroe Township, Precinct 5",Monroe Township Trustee,,REP,Kevin Raymo,249,114,135,0
Monroe,"Monroe Township, Precinct 5",Monroe Township Trustee,,REP,Richard A. Janssens,242,103,139,0
Monroe,"Monroe Township, Precinct 5",Monroe Township Trustee,,REP,Terrance Guido Gerin,148,72,76,0
Monroe,"Monroe Township, Precinct 5",Monroe Township Trustee,,REP,Total Votes,1119,502,617,0
Monroe,"Monroe Township, Precinct 5",Monroe Township Trustee,,REP,Write-In,1,0,1,0
Monroe,"Monroe Township, Precinct 5",Monroe Township Trustee,,REP,Ballots Cast,831,242,589,0
Monroe,"Monroe Township, Precinct 6",Monroe Township Trustee,,REP,Guy Howe,114,45,69,0
Monroe,"Monroe Township, Precinct 6",Monroe Township Trustee,,REP,John Manor,163,66,97,0
Monroe,"Monroe Township, Precinct 6",Monroe Township Trustee,,REP,Kevin Raymo,128,51,77,0
Monroe,"Monroe Township, Precinct 6",Monroe Township Trustee,,REP,Richard A. Janssens,153,59,94,0
Monroe,"Monroe Township, Precinct 6",Monroe Township Trustee,,REP,Terrance Guido Gerin,99,45,54,0
Monroe,"Monroe Township, Precinct 6",Monroe Township Trustee,,REP,Total Votes,657,266,391,0
Monroe,"Monroe Township, Precinct 6",Monroe Township Trustee,,REP,Ballots Cast,538,141,397,0
Monroe,"Raisinville Township, Precinct 1",Raisinville Township Supervisor,,REP,Write-In,33,18,15,0
Monroe,"Raisinville Township, Precinct 1",Raisinville Township Supervisor,,REP,Ballots Cast,833,241,592,0
Monroe,"Raisinville Township, Precinct 2",Raisinville Township Supervisor,,REP,Write-In,38,23,15,0
Monroe,"Raisinville Township, Precinct 2",Raisinville Township Supervisor,,REP,Ballots Cast,791,271,520,0
Monroe,"Raisinville Township, Precinct 1",Raisinville Township Clerk,,REP,Brenda K. Fetterly,400,171,229,0
Monroe,"Raisinville Township, Precinct 1",Raisinville Township Clerk,,REP,Total Votes,400,171,229,0
Monroe,"Raisinville Township, Precinct 1",Raisinville Township Clerk,,REP,Write-In,1,0,1,0
Monroe,"Raisinville Township, Precinct 1",Raisinville Township Clerk,,REP,Ballots Cast,833,241,592,0
Monroe,"Raisinville Township, Precinct 2",Raisinville Township Clerk,,REP,Brenda K. Fetterly,316,151,165,0
Monroe,"Raisinville Township, Precinct 2",Raisinville Township Clerk,,REP,Total Votes,316,151,165,0
Monroe,"Raisinville Township, Precinct 2",Raisinville Township Clerk,,REP,Ballots Cast,791,271,520,0
Monroe,"Raisinville Township, Precinct 1",Raisinville Township Treasurer,,REP,Rosemarie L. Meyer,402,171,231,0
Monroe,"Raisinville Township, Precinct 1",Raisinville Township Treasurer,,REP,Total Votes,402,171,231,0
Monroe,"Raisinville Township, Precinct 1",Raisinville Township Treasurer,,REP,Ballots Cast,833,241,592,0
Monroe,"Raisinville Township, Precinct 2",Raisinville Township Treasurer,,REP,Rosemarie L. Meyer,321,154,167,0
Monroe,"Raisinville Township, Precinct 2",Raisinville Township Treasurer,,REP,Total Votes,321,154,167,0
Monroe,"Raisinville Township, Precinct 2",Raisinville Township Treasurer,,REP,Ballots Cast,791,271,520,0
Monroe,"Raisinville Township, Precinct 1",Raisinville Township Trustee,,REP,Michael E. Jaworski,325,138,187,0
Monroe,"Raisinville Township, Precinct 1",Raisinville Township Trustee,,REP,Thomas G. Woelmer,323,129,194,0
Monroe,"Raisinville Township, Precinct 1",Raisinville Township Trustee,,REP,Total Votes,648,267,381,0
Monroe,"Raisinville Township, Precinct 1",Raisinville Township Trustee,,REP,Ballots Cast,833,241,592,0
Monroe,"Raisinville Township, Precinct 2",Raisinville Township Trustee,,REP,Michael E. Jaworski,239,98,141,0
Monroe,"Raisinville Township, Precinct 2",Raisinville Township Trustee,,REP,Thomas G. Woelmer,277,125,152,0
Monroe,"Raisinville Township, Precinct 2",Raisinville Township Trustee,,REP,Total Votes,516,223,293,0
Monroe,"Raisinville Township, Precinct 2",Raisinville Township Trustee,,REP,Ballots Cast,791,271,520,0
Monroe,"Raisinville Township, Precinct 1",Raisinville Township Constable,,REP,"Jerry Kuehnlein, Jr.",384,169,215,0
Monroe,"Raisinville Township, Precinct 1",Raisinville Township Constable,,REP,Total Votes,384,169,215,0
Monroe,"Raisinville Township, Precinct 1",Raisinville Township Constable,,REP,Write-In,2,0,2,0
Monroe,"Raisinville Township, Precinct 1",Raisinville Township Constable,,REP,Ballots Cast,833,241,592,0
Monroe,"Raisinville Township, Precinct 2",Raisinville Township Constable,,REP,"Jerry Kuehnlein, Jr.",296,140,156,0
Monroe,"Raisinville Township, Precinct 2",Raisinville Township Constable,,REP,Total Votes,296,140,156,0
Monroe,"Raisinville Township, Precinct 2",Raisinville Township Constable,,REP,Ballots Cast,791,271,520,0
Monroe,"Summerfield Township, Precinct 1",Summerfield Township Supervisor,,REP,Dominic Lucarelli,360,360,0,0
Monroe,"Summerfield Township, Precinct 1",Summerfield Township Supervisor,,REP,John R. Chandler,299,299,0,0
Monroe,"Summerfield Township, Precinct 1",Summerfield Township Supervisor,,REP,Total Votes,659,659,0,0
Monroe,"Summerfield Township, Precinct 1",Summerfield Township Supervisor,,REP,Write-In,1,1,0,0
Monroe,"Summerfield Township, Precinct 1",Summerfield Township Supervisor,,REP,Ballots Cast,984,984,0,0
Monroe,"Summerfield Township, Precinct 1",Summerfield Township Clerk,,REP,Total Votes,593,593,0,0
Monroe,"Summerfield Township, Precinct 1",Summerfield Township Clerk,,REP,Trudy L. Goodin,593,593,0,0
Monroe,"Summerfield Township, Precinct 1",Summerfield Township Clerk,,REP,Write-In,2,2,0,0
Monroe,"Summerfield Township, Precinct 1",Summerfield Township Clerk,,REP,Ballots Cast,984,984,0,0
Monroe,"Summerfield Township, Precinct 1",Summerfield Township Treasurer,,REP,Joan E. Wiederhold,583,583,0,0
Monroe,"Summerfield Township, Precinct 1",Summerfield Township Treasurer,,REP,Total Votes,583,583,0,0
Monroe,"Summerfield Township, Precinct 1",Summerfield Township Treasurer,,REP,Write-In,2,2,0,0
Monroe,"Summerfield Township, Precinct 1",Summerfield Township Treasurer,,REP,Ballots Cast,984,984,0,0
Monroe,"Summerfield Township, Precinct 1",Summerfield Township Trustee,,REP,Blaine Wagner,278,278,0,0
Monroe,"Summerfield Township, Precinct 1",Summerfield Township Trustee,,REP,James A. Seegert II,351,351,0,0
Monroe,"Summerfield Township, Precinct 1",Summerfield Township Trustee,,REP,Mark R. Strahan,365,365,0,0
Monroe,"Summerfield Township, Precinct 1",Summerfield Township Trustee,,REP,Total Votes,994,994,0,0
Monroe,"Summerfield Township, Precinct 1",Summerfield Township Trustee,,REP,Write-In,3,3,0,0
Monroe,"Summerfield Township, Precinct 1",Summerfield Township Trustee,,REP,Ballots Cast,984,984,0,0
Monroe,"Summerfield Township, Precinct 1",Summerfield Township Constable,,REP,Benson Hoffman,315,315,0,0
Monroe,"Summerfield Township, Precinct 1",Summerfield Township Constable,,REP,Michael Iott,471,471,0,0
Monroe,"Summerfield Township, Precinct 1",Summerfield Township Constable,,REP,Total Votes,786,786,0,0
Monroe,"Summerfield Township, Precinct 1",Summerfield Township Constable,,REP,Write-In,4,4,0,0
Monroe,"Summerfield Township, Precinct 1",Summerfield Township Constable,,REP,Ballots Cast,984,984,0,0
Monroe,"Whiteford Township, Precinct 1",Whiteford Township Supervisor,,REP,Total Votes,235,125,110,0
Monroe,"Whiteford Township, Precinct 1",Whiteford Township Supervisor,,REP,Write-In,5,5,0,0
Monroe,"Whiteford Township, Precinct 1",Whiteford Township Supervisor,,REP,Walter Ruhl,235,125,110,0
Monroe,"Whiteford Township, Precinct 1",Whiteford Township Supervisor,,REP,Ballots Cast,518,213,305,0
Monroe,"Whiteford Township, Precinct 2",Whiteford Township Supervisor,,REP,Total Votes,185,95,90,0
Monroe,"Whiteford Township, Precinct 2",Whiteford Township Supervisor,,REP,Write-In,7,4,3,0
Monroe,"Whiteford Township, Precinct 2",Whiteford Township Supervisor,,REP,Walter Ruhl,185,95,90,0
Monroe,"Whiteford Township, Precinct 2",Whiteford Township Supervisor,,REP,Ballots Cast,385,170,215,0
Monroe,"Whiteford Township, Precinct 1",Whiteford Township Clerk,,REP,Angela Christensen,263,140,123,0
Monroe,"Whiteford Township, Precinct 1",Whiteford Township Clerk,,REP,Total Votes,263,140,123,0
Monroe,"Whiteford Township, Precinct 1",Whiteford Township Clerk,,REP,Write-In,1,1,0,0
Monroe,"Whiteford Township, Precinct 1",Whiteford Township Clerk,,REP,Ballots Cast,518,213,305,0
Monroe,"Whiteford Township, Precinct 2",Whiteford Township Clerk,,REP,Angela Christensen,213,112,101,0
Monroe,"Whiteford Township, Precinct 2",Whiteford Township Clerk,,REP,Total Votes,213,112,101,0
Monroe,"Whiteford Township, Precinct 2",Whiteford Township Clerk,,REP,Write-In,2,0,2,0
Monroe,"Whiteford Township, Precinct 2",Whiteford Township Clerk,,REP,Ballots Cast,385,170,215,0
Monroe,"Whiteford Township, Precinct 1",Whiteford Township Treasurer,,REP,Timothy J. Hill,261,140,121,0
Monroe,"Whiteford Township, Precinct 1",Whiteford Township Treasurer,,REP,Total Votes,261,140,121,0
Monroe,"Whiteford Township, Precinct 1",Whiteford Township Treasurer,,REP,Write-In,2,2,0,0
Monroe,"Whiteford Township, Precinct 1",Whiteford Township Treasurer,,REP,Ballots Cast,518,213,305,0
Monroe,"Whiteford Township, Precinct 2",Whiteford Township Treasurer,,REP,Timothy J. Hill,211,108,103,0
Monroe,"Whiteford Township, Precinct 2",Whiteford Township Treasurer,,REP,Total Votes,211,108,103,0
Monroe,"Whiteford Township, Precinct 2",Whiteford Township Treasurer,,REP,Ballots Cast,385,170,215,0
Monroe,"Whiteford Township, Precinct 1",Whiteford Township Trustee,,REP,Donald Sahloff,257,140,117,0
Monroe,"Whiteford Township, Precinct 1",Whiteford Township Trustee,,REP,Total Votes,257,140,117,0
Monroe,"Whiteford Township, Precinct 1",Whiteford Township Trustee,,REP,Write-In,18,11,7,0
Monroe,"Whiteford Township, Precinct 1",Whiteford Township Trustee,,REP,Ballots Cast,518,213,305,0
Monroe,"Whiteford Township, Precinct 2",Whiteford Township Trustee,,REP,Donald Sahloff,206,105,101,0
Monroe,"Whiteford Township, Precinct 2",Whiteford Township Trustee,,REP,Total Votes,206,105,101,0
Monroe,"Whiteford Township, Precinct 2",Whiteford Township Trustee,,REP,Write-In,5,3,2,0
Monroe,"Whiteford Township, Precinct 2",Whiteford Township Trustee,,REP,Ballots Cast,385,170,215,0
Monroe,"Ash Township, Precinct 1","Ash Township, Precinct 1 Delegate",,REP,Dawn Asper,246,246,0,0
Monroe,"Ash Township, Precinct 1","Ash Township, Precinct 1 Delegate",,REP,Michelle Nicole Bell,200,200,0,0
Monroe,"Ash Township, Precinct 1","Ash Township, Precinct 1 Delegate",,REP,Total Votes,446,446,0,0
Monroe,"Ash Township, Precinct 1","Ash Township, Precinct 1 Delegate",,REP,Write-In,1,1,0,0
Monroe,"Ash Township, Precinct 1","Ash Township, Precinct 1 Delegate",,REP,Ballots Cast,664,664,0,0
Monroe,"Ash Township, Precinct 2","Ash Township, Precinct 2 Delegate",,REP,Cameron Gaynier,256,256,0,0
Monroe,"Ash Township, Precinct 2","Ash Township, Precinct 2 Delegate",,REP,Jane F. Manor,217,217,0,0
Monroe,"Ash Township, Precinct 2","Ash Township, Precinct 2 Delegate",,REP,Total Votes,473,473,0,0
Monroe,"Ash Township, Precinct 2","Ash Township, Precinct 2 Delegate",,REP,Write-In,6,6,0,0
Monroe,"Ash Township, Precinct 2","Ash Township, Precinct 2 Delegate",,REP,Ballots Cast,732,732,0,0
Monroe,"Ash Township, Precinct 3","Ash Township, Precinct 3 Delegate",,REP,Write-In,38,38,0,0
Monroe,"Ash Township, Precinct 3","Ash Township, Precinct 3 Delegate",,REP,Ballots Cast,593,593,0,0
Monroe,"City of Luna Pier, Precinct 1","City of Luna Pier, Precinct 1 Delegate",,REP,Amanda Welton,102,102,0,0
Monroe,"City of Luna Pier, Precinct 1","City of Luna Pier, Precinct 1 Delegate",,REP,Derrick Welton,106,106,0,0
Monroe,"City of Luna Pier, Precinct 1","City of Luna Pier, Precinct 1 Delegate",,REP,Total Votes,208,208,0,0
Monroe,"City of Luna Pier, Precinct 1","City of Luna Pier, Precinct 1 Delegate",,REP,Write-In,3,3,0,0
Monroe,"City of Luna Pier, Precinct 1","City of Luna Pier, Precinct 1 Delegate",,REP,Ballots Cast,372,372,0,0
Monroe,"City of Milan, Precinct 1","City of Milan, Precinct 1 Delegate",,REP,Write-In,17,17,0,0
Monroe,"City of Milan, Precinct 1","City of Milan, Precinct 1 Delegate",,REP,Ballots Cast,423,423,0,0
Monroe,"City of Monroe, Precinct 1","City of Monroe, Precinct 1 Delegate",,REP,Jesse Stanford,133,55,78,0
Monroe,"City of Monroe, Precinct 1","City of Monroe, Precinct 1 Delegate",,REP,Susan M. Troxell,128,48,80,0
Monroe,"City of Monroe, Precinct 1","City of Monroe, Precinct 1 Delegate",,REP,Total Votes,429,174,255,0
Monroe,"City of Monroe, Precinct 1","City of Monroe, Precinct 1 Delegate",,REP,William Kipf,168,71,97,0
Monroe,"City of Monroe, Precinct 1","City of Monroe, Precinct 1 Delegate",,REP,Ballots Cast,608,158,450,0
Monroe,"City of Monroe, Precinct 2","City of Monroe, Precinct 2 Delegate",,REP,David Richard Strauss,168,96,72,0
Monroe,"City of Monroe, Precinct 2","City of Monroe, Precinct 2 Delegate",,REP,Total Votes,168,96,72,0
Monroe,"City of Monroe, Precinct 2","City of Monroe, Precinct 2 Delegate",,REP,Write-In,3,2,1,0
Monroe,"City of Monroe, Precinct 2","City of Monroe, Precinct 2 Delegate",,REP,Ballots Cast,487,180,307,0
Monroe,"City of Monroe, Precinct 3N","City of Monroe, Precinct 3N Delegate",,REP,Write-In,48,29,19,0
Monroe,"City of Monroe, Precinct 3N","City of Monroe, Precinct 3N Delegate",,REP,Ballots Cast,288,116,172,0
Monroe,"City of Monroe, Precinct 3S","City of Monroe, Precinct 3S Delegate",,REP,Write-In,23,13,10,0
Monroe,"City of Monroe, Precinct 3S","City of Monroe, Precinct 3S Delegate",,REP,Ballots Cast,213,88,125,0
Monroe,"City of Monroe, Precinct 4","City of Monroe, Precinct 4 Delegate",,REP,Cathy Johnson,188,97,91,0
Monroe,"City of Monroe, Precinct 4","City of Monroe, Precinct 4 Delegate",,REP,Connie J. Tyrrell,142,74,68,0
Monroe,"City of Monroe, Precinct 4","City of Monroe, Precinct 4 Delegate",,REP,Margaret R. Bellino,263,143,120,0
Monroe,"City of Monroe, Precinct 4","City of Monroe, Precinct 4 Delegate",,REP,Michelle Germani,200,103,97,0
Monroe,"City of Monroe, Precinct 4","City of Monroe, Precinct 4 Delegate",,REP,Norm Johnson,173,91,82,0
Monroe,"City of Monroe, Precinct 4","City of Monroe, Precinct 4 Delegate",,REP,Total Votes,966,508,458,0
Monroe,"City of Monroe, Precinct 4","City of Monroe, Precinct 4 Delegate",,REP,Write-In,1,1,0,0
Monroe,"City of Monroe, Precinct 4","City of Monroe, Precinct 4 Delegate",,REP,Ballots Cast,872,283,589,0
Monroe,"City of Monroe, Precinct 5","City of Monroe, Precinct 5 Delegate",,REP,Angela M. O'Rourke,166,65,101,0
Monroe,"City of Monroe, Precinct 5","City of Monroe, Precinct 5 Delegate",,REP,Carol A. Ratz,173,69,104,0
Monroe,"City of Monroe, Precinct 5","City of Monroe, Precinct 5 Delegate",,REP,Donna Cherba,143,65,78,0
Monroe,"City of Monroe, Precinct 5","City of Monroe, Precinct 5 Delegate",,REP,Glenda C. Kennon,166,70,96,0
Monroe,"City of Monroe, Precinct 5","City of Monroe, Precinct 5 Delegate",,REP,Rebecca L. Hicks,196,81,115,0
Monroe,"City of Monroe, Precinct 5","City of Monroe, Precinct 5 Delegate",,REP,Total Votes,844,350,494,0
Monroe,"City of Monroe, Precinct 5","City of Monroe, Precinct 5 Delegate",,REP,Write-In,3,2,1,0
Monroe,"City of Monroe, Precinct 5","City of Monroe, Precinct 5 Delegate",,REP,Ballots Cast,956,226,730,0
Monroe,"City of Monroe, Precinct 6","City of Monroe, Precinct 6 Delegate",,REP,Laurie Sullivan,168,71,97,0
Monroe,"City of Monroe, Precinct 6","City of Monroe, Precinct 6 Delegate",,REP,Scott Hughes,191,85,106,0
Monroe,"City of Monroe, Precinct 6","City of Monroe, Precinct 6 Delegate",,REP,Total Votes,525,227,298,0
Monroe,"City of Monroe, Precinct 6","City of Monroe, Precinct 6 Delegate",,REP,Write-In,3,1,2,0
Monroe,"City of Monroe, Precinct 6","City of Monroe, Precinct 6 Delegate",,REP,Yvonne Gnaedinger,166,71,95,0
Monroe,"City of Monroe, Precinct 6","City of Monroe, Precinct 6 Delegate",,REP,Ballots Cast,692,212,480,0
Monroe,"City of Petersburg, Precinct 1","City of Petersburg, Precinct 1 Delegate",,REP,Write-In,16,16,0,0
Monroe,"City of Petersburg, Precinct 1","City of Petersburg, Precinct 1 Delegate",,REP,Ballots Cast,268,268,0,0
Monroe,"Bedford Township, Precinct 1","Bedford Township, Precinct 1 Delegate",,REP,Angela Mills,159,95,64,0
Monroe,"Bedford Township, Precinct 1","Bedford Township, Precinct 1 Delegate",,REP,Total Votes,159,95,64,0
Monroe,"Bedford Township, Precinct 1","Bedford Township, Precinct 1 Delegate",,REP,Ballots Cast,338,169,169,0
Monroe,"Bedford Township, Precinct 2","Bedford Township, Precinct 2 Delegate",,REP,Write-In,4,3,1,0
Monroe,"Bedford Township, Precinct 2","Bedford Township, Precinct 2 Delegate",,REP,Ballots Cast,641,246,395,0
Monroe,"Bedford Township, Precinct 3","Bedford Township, Precinct 3 Delegate",,REP,Daniel L. Roth,226,157,69,0
Monroe,"Bedford Township, Precinct 3","Bedford Township, Precinct 3 Delegate",,REP,Total Votes,226,157,69,0
Monroe,"Bedford Township, Precinct 3","Bedford Township, Precinct 3 Delegate",,REP,Write-In,4,1,3,0
Monroe,"Bedford Township, Precinct 3","Bedford Township, Precinct 3 Delegate",,REP,Ballots Cast,588,288,300,0
Monroe,"Bedford Township, Precinct 4","Bedford Township, Precinct 4 Delegate",,REP,Write-In,23,11,12,0
Monroe,"Bedford Township, Precinct 4","Bedford Township, Precinct 4 Delegate",,REP,Ballots Cast,763,283,480,0
Monroe,"Bedford Township, Precinct 5","Bedford Township, Precinct 5 Delegate",,REP,Write-In,2,1,1,0
Monroe,"Bedford Township, Precinct 5","Bedford Township, Precinct 5 Delegate",,REP,Ballots Cast,647,250,397,0
Monroe,"Bedford Township, Precinct 6","Bedford Township, Precinct 6 Delegate",,REP,Write-In,10,4,6,0
Monroe,"Bedford Township, Precinct 6","Bedford Township, Precinct 6 Delegate",,REP,Ballots Cast,937,407,530,0
Monroe,"Bedford Township, Precinct 7","Bedford Township, Precinct 7 Delegate",,REP,Write-In,12,9,3,0
Monroe,"Bedford Township, Precinct 7","Bedford Township, Precinct 7 Delegate",,REP,Ballots Cast,739,263,476,0
Monroe,"Bedford Township, Precinct 8","Bedford Township, Precinct 8 Delegate",,REP,R. LaMar Frederick,325,144,181,0
Monroe,"Bedford Township, Precinct 8","Bedford Township, Precinct 8 Delegate",,REP,Total Votes,325,144,181,0
Monroe,"Bedford Township, Precinct 8","Bedford Township, Precinct 8 Delegate",,REP,Ballots Cast,814,291,523,0
Monroe,"Bedford Township, Precinct 9","Bedford Township, Precinct 9 Delegate",,REP,Write-In,7,6,1,0
Monroe,"Bedford Township, Precinct 9","Bedford Township, Precinct 9 Delegate",,REP,Ballots Cast,535,190,345,0
Monroe,"Bedford Township, Precinct 10","Bedford Township, Precinct 10 Delegate",,REP,Jamie Clements,163,85,78,0
Monroe,"Bedford Township, Precinct 10","Bedford Township, Precinct 10 Delegate",,REP,Thomas Clements,142,72,70,0
Monroe,"Bedford Township, Precinct 10","Bedford Township, Precinct 10 Delegate",,REP,Tom Clements,158,85,73,0
Monroe,"Bedford Township, Precinct 10","Bedford Township, Precinct 10 Delegate",,REP,Total Votes,463,242,221,0
Monroe,"Bedford Township, Precinct 10","Bedford Township, Precinct 10 Delegate",,REP,Write-In,1,1,0,0
Monroe,"Bedford Township, Precinct 10","Bedford Township, Precinct 10 Delegate",,REP,Ballots Cast,470,192,278,0
Monroe,"Bedford Township, Precinct 11","Bedford Township, Precinct 11 Delegate",,REP,Write-In,13,6,7,0
Monroe,"Bedford Township, Precinct 11","Bedford Township, Precinct 11 Delegate",,REP,Ballots Cast,805,356,449,0
Monroe,"Bedford Township, Precinct 12","Bedford Township, Precinct 12 Delegate",,REP,James Edward Krieger,150,78,72,0
Monroe,"Bedford Township, Precinct 12","Bedford Township, Precinct 12 Delegate",,REP,Mary Kay Thayer,201,99,102,0
Monroe,"Bedford Township, Precinct 12","Bedford Township, Precinct 12 Delegate",,REP,Total Votes,351,177,174,0
Monroe,"Bedford Township, Precinct 12","Bedford Township, Precinct 12 Delegate",,REP,Ballots Cast,578,218,360,0
Monroe,"Bedford Township, Precinct 13","Bedford Township, Precinct 13 Delegate",,REP,Write-In,19,15,4,0
Monroe,"Bedford Township, Precinct 13","Bedford Township, Precinct 13 Delegate",,REP,Ballots Cast,662,292,370,0
Monroe,"Bedford Township, Precinct 14","Bedford Township, Precinct 14 Delegate",,REP,Rick Steiner,128,64,64,0
Monroe,"Bedford Township, Precinct 14","Bedford Township, Precinct 14 Delegate",,REP,Total Votes,128,64,64,0
Monroe,"Bedford Township, Precinct 14","Bedford Township, Precinct 14 Delegate",,REP,Ballots Cast,403,145,258,0
Monroe,"Berlin Township, Precinct 1","Berlin Township, Precinct 1 Delegate",,REP,Write-In,16,16,0,0
Monroe,"Berlin Township, Precinct 1","Berlin Township, Precinct 1 Delegate",,REP,Ballots Cast,444,444,0,0
Monroe,"Berlin Township, Precinct 2","Berlin Township, Precinct 2 Delegate",,REP,Ronald Grose,284,284,0,0
Monroe,"Berlin Township, Precinct 2","Berlin Township, Precinct 2 Delegate",,REP,Total Votes,284,284,0,0
Monroe,"Berlin Township, Precinct 2","Berlin Township, Precinct 2 Delegate",,REP,Ballots Cast,731,731,0,0
Monroe,"Berlin Township, Precinct 3","Berlin Township, Precinct 3 Delegate",,REP,Write-In,6,6,0,0
Monroe,"Berlin Township, Precinct 3","Berlin Township, Precinct 3 Delegate",,REP,Ballots Cast,407,407,0,0
Monroe,"Berlin Township, Precinct 4","Berlin Township, Precinct 4 Delegate",,REP,James Geiermann,192,192,0,0
Monroe,"Berlin Township, Precinct 4","Berlin Township, Precinct 4 Delegate",,REP,Paulette Geiermann,176,176,0,0
Monroe,"Berlin Township, Precinct 4","Berlin Township, Precinct 4 Delegate",,REP,Total Votes,368,368,0,0
Monroe,"Berlin Township, Precinct 4","Berlin Township, Precinct 4 Delegate",,REP,Write-In,3,3,0,0
Monroe,"Berlin Township, Precinct 4","Berlin Township, Precinct 4 Delegate",,REP,Ballots Cast,582,582,0,0
Monroe,"Dundee Township, Precinct 1","Dundee Township, Precinct 1 Delegate",,REP,Write-In,19,19,0,0
Monroe,"Dundee Township, Precinct 1","Dundee Township, Precinct 1 Delegate",,REP,Ballots Cast,467,467,0,0
Monroe,"Dundee Township, Precinct 2","Dundee Township, Precinct 2 Delegate",,REP,Write-In,7,7,0,0
Monroe,"Dundee Township, Precinct 2","Dundee Township, Precinct 2 Delegate",,REP,Ballots Cast,654,654,0,0
Monroe,"Dundee Township, Precinct 3","Dundee Township, Precinct 3 Delegate",,REP,David C. Hoffman,261,261,0,0
Monroe,"Dundee Township, Precinct 3","Dundee Township, Precinct 3 Delegate",,REP,Elizabeth Rubel,216,216,0,0
Monroe,"Dundee Township, Precinct 3","Dundee Township, Precinct 3 Delegate",,REP,Steven Hill,215,215,0,0
Monroe,"Dundee Township, Precinct 3","Dundee Township, Precinct 3 Delegate",,REP,Total Votes,692,692,0,0
Monroe,"Dundee Township, Precinct 3","Dundee Township, Precinct 3 Delegate",,REP,Write-In,5,5,0,0
Monroe,"Dundee Township, Precinct 3","Dundee Township, Precinct 3 Delegate",,REP,Ballots Cast,692,692,0,0
Monroe,"Erie Township, Precinct 1","Erie Township, Precinct 1 Delegate",,REP,Gary Wilmoth,278,123,155,0
Monroe,"Erie Township, Precinct 1","Erie Township, Precinct 1 Delegate",,REP,Total Votes,452,193,259,0
Monroe,"Erie Township, Precinct 1","Erie Township, Precinct 1 Delegate",,REP,Write-In,9,6,3,0
Monroe,"Erie Township, Precinct 1","Erie Township, Precinct 1 Delegate",,REP,William T. Bruck,174,70,104,0
Monroe,"Erie Township, Precinct 1","Erie Township, Precinct 1 Delegate",,REP,Ballots Cast,672,249,423,0
Monroe,"Erie Township, Precinct 2","Erie Township, Precinct 2 Delegate",,REP,Write-In,14,10,4,0
Monroe,"Erie Township, Precinct 2","Erie Township, Precinct 2 Delegate",,REP,Ballots Cast,402,164,238,0
Monroe,"Exeter Township, Precinct 1","Exeter Township, Precinct 1 Delegate",,REP,Connie E. Ammerman,133,133,0,0
Monroe,"Exeter Township, Precinct 1","Exeter Township, Precinct 1 Delegate",,REP,Lorraine R. Fiedler,112,112,0,0
Monroe,"Exeter Township, Precinct 1","Exeter Township, Precinct 1 Delegate",,REP,Total Votes,245,245,0,0
Monroe,"Exeter Township, Precinct 1","Exeter Township, Precinct 1 Delegate",,REP,Write-In,4,4,0,0
Monroe,"Exeter Township, Precinct 1","Exeter Township, Precinct 1 Delegate",,REP,Ballots Cast,396,396,0,0
Monroe,"Exeter Township, Precinct 2","Exeter Township, Precinct 2 Delegate",,REP,James D. Hutchison,152,152,0,0
Monroe,"Exeter Township, Precinct 2","Exeter Township, Precinct 2 Delegate",,REP,Susan J. Hutchison,142,142,0,0
Monroe,"Exeter Township, Precinct 2","Exeter Township, Precinct 2 Delegate",,REP,Total Votes,294,294,0,0
Monroe,"Exeter Township, Precinct 2","Exeter Township, Precinct 2 Delegate",,REP,Write-In,3,3,0,0
Monroe,"Exeter Township, Precinct 2","Exeter Township, Precinct 2 Delegate",,REP,Ballots Cast,475,475,0,0
Monroe,"Frenchtown Township, Precinct 1","Frenchtown Township, Precinct 1 Delegate",,REP,Robert W. Krug,103,55,48,0
Monroe,"Frenchtown Township, Precinct 1","Frenchtown Township, Precinct 1 Delegate",,REP,Thomas P. Diaz,119,64,55,0
Monroe,"Frenchtown Township, Precinct 1","Frenchtown Township, Precinct 1 Delegate",,REP,Total Votes,318,167,151,0
Monroe,"Frenchtown Township, Precinct 1","Frenchtown Township, Precinct 1 Delegate",,REP,Viola M. Krug,96,48,48,0
Monroe,"Frenchtown Township, Precinct 1","Frenchtown Township, Precinct 1 Delegate",,REP,Ballots Cast,307,126,181,0
Monroe,"Frenchtown Township, Precinct 2","Frenchtown Township, Precinct 2 Delegate",,REP,Write-In,19,13,6,0
Monroe,"Frenchtown Township, Precinct 2","Frenchtown Township, Precinct 2 Delegate",,REP,Ballots Cast,384,141,243,0
Monroe,"Frenchtown Township, Precinct 3","Frenchtown Township, Precinct 3 Delegate",,REP,Jeffrey Pitock,164,79,85,0
Monroe,"Frenchtown Township, Precinct 3","Frenchtown Township, Precinct 3 Delegate",,REP,Total Votes,164,79,85,0
Monroe,"Frenchtown Township, Precinct 3","Frenchtown Township, Precinct 3 Delegate",,REP,Write-In,1,1,0,0
Monroe,"Frenchtown Township, Precinct 3","Frenchtown Township, Precinct 3 Delegate",,REP,Ballots Cast,465,151,314,0
Monroe,"Frenchtown Township, Precinct 4","Frenchtown Township, Precinct 4 Delegate",,REP,Frank R. Spreeman,174,64,110,0
Monroe,"Frenchtown Township, Precinct 4","Frenchtown Township, Precinct 4 Delegate",,REP,Gwenda F. Spreeman,171,67,104,0
Monroe,"Frenchtown Township, Precinct 4","Frenchtown Township, Precinct 4 Delegate",,REP,Randy Richardville,261,104,157,0
Monroe,"Frenchtown Township, Precinct 4","Frenchtown Township, Precinct 4 Delegate",,REP,Total Votes,606,235,371,0
Monroe,"Frenchtown Township, Precinct 4","Frenchtown Township, Precinct 4 Delegate",,REP,Write-In,3,3,0,0
Monroe,"Frenchtown Township, Precinct 4","Frenchtown Township, Precinct 4 Delegate",,REP,Ballots Cast,657,154,503,0
Monroe,"Frenchtown Township, Precinct 5","Frenchtown Township, Precinct 5 Delegate",,REP,Kathleen Bressler,146,94,52,0
Monroe,"Frenchtown Township, Precinct 5","Frenchtown Township, Precinct 5 Delegate",,REP,Total Votes,146,94,52,0
Monroe,"Frenchtown Township, Precinct 5","Frenchtown Township, Precinct 5 Delegate",,REP,Write-In,2,2,0,0
Monroe,"Frenchtown Township, Precinct 5","Frenchtown Township, Precinct 5 Delegate",,REP,Ballots Cast,417,139,278,0
Monroe,"Frenchtown Township, Precinct 6","Frenchtown Township, Precinct 6 Delegate",,REP,Write-In,42,33,9,0
Monroe,"Frenchtown Township, Precinct 6","Frenchtown Township, Precinct 6 Delegate",,REP,Ballots Cast,625,230,395,0
Monroe,"Frenchtown Township, Precinct 7","Frenchtown Township, Precinct 7 Delegate",,REP,Ralph Bach,285,105,180,0
Monroe,"Frenchtown Township, Precinct 7","Frenchtown Township, Precinct 7 Delegate",,REP,Sandra P. Stadler,265,92,173,0
Monroe,"Frenchtown Township, Precinct 7","Frenchtown Township, Precinct 7 Delegate",,REP,Total Votes,780,270,510,0
Monroe,"Frenchtown Township, Precinct 7","Frenchtown Township, Precinct 7 Delegate",,REP,Write-In,7,0,7,0
Monroe,"Frenchtown Township, Precinct 7","Frenchtown Township, Precinct 7 Delegate",,REP,Wanda LaFen,230,73,157,0
Monroe,"Frenchtown Township, Precinct 7","Frenchtown Township, Precinct 7 Delegate",,REP,Ballots Cast,1005,238,767,0
Monroe,"Frenchtown Township, Precinct 8","Frenchtown Township, Precinct 8 Delegate",,REP,Write-In,33,29,4,0
Monroe,"Frenchtown Township, Precinct 8","Frenchtown Township, Precinct 8 Delegate",,REP,Ballots Cast,488,175,313,0
Monroe,"Frenchtown Township, Precinct 9","Frenchtown Township, Precinct 9 Delegate",,REP,Autumn Barnett,86,40,46,0
Monroe,"Frenchtown Township, Precinct 9","Frenchtown Township, Precinct 9 Delegate",,REP,Christopher Barnett,83,39,44,0
Monroe,"Frenchtown Township, Precinct 9","Frenchtown Township, Precinct 9 Delegate",,REP,Total Votes,169,79,90,0
Monroe,"Frenchtown Township, Precinct 9","Frenchtown Township, Precinct 9 Delegate",,REP,Write-In,2,0,2,0
Monroe,"Frenchtown Township, Precinct 9","Frenchtown Township, Precinct 9 Delegate",,REP,Ballots Cast,313,89,224,0
Monroe,"Ida Township, Precinct 1","Ida Township, Precinct 1 Delegate",,REP,Write-In,19,7,12,0
Monroe,"Ida Township, Precinct 1","Ida Township, Precinct 1 Delegate",,REP,Ballots Cast,618,272,346,0
Monroe,"Ida Township, Precinct 2","Ida Township, Precinct 2 Delegate",,REP,Write-In,22,14,8,0
Monroe,"Ida Township, Precinct 2","Ida Township, Precinct 2 Delegate",,REP,Ballots Cast,687,293,394,0
Monroe,"La Salle Township, Precinct 1","La Salle Township, Precinct 1 Delegate",,REP,Write-In,8,2,6,0
Monroe,"La Salle Township, Precinct 1","La Salle Township, Precinct 1 Delegate",,REP,Ballots Cast,672,253,419,0
Monroe,"La Salle Township, Precinct 2","La Salle Township, Precinct 2 Delegate",,REP,Michael L. White,363,197,166,0
Monroe,"La Salle Township, Precinct 2","La Salle Township, Precinct 2 Delegate",,REP,Total Votes,363,197,166,0
Monroe,"La Salle Township, Precinct 2","La Salle Township, Precinct 2 Delegate",,REP,Write-In,6,6,0,0
Monroe,"La Salle Township, Precinct 2","La Salle Township, Precinct 2 Delegate",,REP,Ballots Cast,779,325,454,0
Monroe,"London Township, Precinct 1","London Township, Precinct 1 Delegate",,REP,Write-In,11,11,0,0
Monroe,"London Township, Precinct 1","London Township, Precinct 1 Delegate",,REP,Ballots Cast,834,834,0,0
Monroe,"Milan Township, Precinct 1","Milan Township, Precinct 1 Delegate",,REP,Austin Blaine,194,194,0,0
Monroe,"Milan Township, Precinct 1","Milan Township, Precinct 1 Delegate",,REP,Total Votes,194,194,0,0
Monroe,"Milan Township, Precinct 1","Milan Township, Precinct 1 Delegate",,REP,Ballots Cast,451,451,0,0
Monroe,"Monroe Township, Precinct 1","Monroe Township, Precinct 1 Delegate",,REP,Candice Farrell,128,49,79,0
Monroe,"Monroe Township, Precinct 1","Monroe Township, Precinct 1 Delegate",,REP,Total Votes,128,49,79,0
Monroe,"Monroe Township, Precinct 1","Monroe Township, Precinct 1 Delegate",,REP,Write-In,1,1,0,0
Monroe,"Monroe Township, Precinct 1","Monroe Township, Precinct 1 Delegate",,REP,Ballots Cast,452,114,338,0
Monroe,"Monroe Township, Precinct 2","Monroe Township, Precinct 2 Delegate",,REP,Write-In,9,9,0,0
Monroe,"Monroe Township, Precinct 2","Monroe Township, Precinct 2 Delegate",,REP,Ballots Cast,248,75,173,0
Monroe,"Monroe Township, Precinct 3","Monroe Township, Precinct 3 Delegate",,REP,John Manor,145,74,71,0
Monroe,"Monroe Township, Precinct 3","Monroe Township, Precinct 3 Delegate",,REP,Linda Manor,127,58,69,0
Monroe,"Monroe Township, Precinct 3","Monroe Township, Precinct 3 Delegate",,REP,Total Votes,272,132,140,0
Monroe,"Monroe Township, Precinct 3","Monroe Township, Precinct 3 Delegate",,REP,Write-In,8,6,2,0
Monroe,"Monroe Township, Precinct 3","Monroe Township, Precinct 3 Delegate",,REP,Ballots Cast,454,146,308,0
Monroe,"Monroe Township, Precinct 4","Monroe Township, Precinct 4 Delegate",,REP,MaryLouise Allen,186,95,91,0
Monroe,"Monroe Township, Precinct 4","Monroe Township, Precinct 4 Delegate",,REP,Total Votes,186,95,91,0
Monroe,"Monroe Township, Precinct 4","Monroe Township, Precinct 4 Delegate",,REP,Write-In,2,2,0,0
Monroe,"Monroe Township, Precinct 4","Monroe Township, Precinct 4 Delegate",,REP,Ballots Cast,577,186,391,0
Monroe,"Monroe Township, Precinct 5","Monroe Township, Precinct 5 Delegate",,REP,David G. Swartout,353,177,176,0
Monroe,"Monroe Township, Precinct 5","Monroe Township, Precinct 5 Delegate",,REP,Total Votes,353,177,176,0
Monroe,"Monroe Township, Precinct 5","Monroe Township, Precinct 5 Delegate",,REP,Write-In,11,5,6,0
Monroe,"Monroe Township, Precinct 5","Monroe Township, Precinct 5 Delegate",,REP,Ballots Cast,831,242,589,0
Monroe,"Monroe Township, Precinct 6","Monroe Township, Precinct 6 Delegate",,REP,Barbara Joyce Stroupe,136,54,82,0
Monroe,"Monroe Township, Precinct 6","Monroe Township, Precinct 6 Delegate",,REP,Cynthia Marcero,146,61,85,0
Monroe,"Monroe Township, Precinct 6","Monroe Township, Precinct 6 Delegate",,REP,Jeffrey S. Osment,169,68,101,0
Monroe,"Monroe Township, Precinct 6","Monroe Township, Precinct 6 Delegate",,REP,Ruth Ann McPeek,148,63,85,0
Monroe,"Monroe Township, Precinct 6","Monroe Township, Precinct 6 Delegate",,REP,Total Votes,599,246,353,0
Monroe,"Monroe Township, Precinct 6","Monroe Township, Precinct 6 Delegate",,REP,Write-In,2,0,2,0
Monroe,"Monroe Township, Precinct 6","Monroe Township, Precinct 6 Delegate",,REP,Ballots Cast,538,141,397,0
Monroe,"Raisinville Township, Precinct 1","Raisinville Township, Precinct 1 Delegate",,REP,Dale Biniecki,307,122,185,0
Monroe,"Raisinville Township, Precinct 1","Raisinville Township, Precinct 1 Delegate",,REP,Mark Brant,327,136,191,0
Monroe,"Raisinville Township, Precinct 1","Raisinville Township, Precinct 1 Delegate",,REP,Reda D. Biniecki,292,113,179,0
Monroe,"Raisinville Township, Precinct 1","Raisinville Township, Precinct 1 Delegate",,REP,Richard Steckmeyer,288,109,179,0
Monroe,"Raisinville Township, Precinct 1","Raisinville Township, Precinct 1 Delegate",,REP,Total Votes,1214,480,734,0
Monroe,"Raisinville Township, Precinct 1","Raisinville Township, Precinct 1 Delegate",,REP,Write-In,4,3,1,0
Monroe,"Raisinville Township, Precinct 1","Raisinville Township, Precinct 1 Delegate",,REP,Ballots Cast,833,241,592,0
Monroe,"Raisinville Township, Precinct 2","Raisinville Township, Precinct 2 Delegate",,REP,Ann Curry,252,116,136,0
Monroe,"Raisinville Township, Precinct 2","Raisinville Township, Precinct 2 Delegate",,REP,Cynthia L. Zorn,259,122,137,0
Monroe,"Raisinville Township, Precinct 2","Raisinville Township, Precinct 2 Delegate",,REP,Dorothy L. Willis,212,92,120,0
Monroe,"Raisinville Township, Precinct 2","Raisinville Township, Precinct 2 Delegate",,REP,George Willis,224,99,125,0
Monroe,"Raisinville Township, Precinct 2","Raisinville Township, Precinct 2 Delegate",,REP,Total Votes,947,429,518,0
Monroe,"Raisinville Township, Precinct 2","Raisinville Township, Precinct 2 Delegate",,REP,Write-In,6,3,3,0
Monroe,"Raisinville Township, Precinct 2","Raisinville Township, Precinct 2 Delegate",,REP,Ballots Cast,791,271,520,0
Monroe,"Summerfield Township, Precinct 1","Summerfield Township, Precinct 1 Delegate",,REP,Write-In,13,13,0,0
Monroe,"Summerfield Township, Precinct 1","Summerfield Township, Precinct 1 Delegate",,REP,Ballots Cast,984,984,0,0
Monroe,"Whiteford Township, Precinct 1","Whiteford Township, Precinct 1 Delegate",,REP,Write-In,1,1,0,0
Monroe,"Whiteford Township, Precinct 1","Whiteford Township, Precinct 1 Delegate",,REP,Ballots Cast,518,213,305,0
Monroe,"Whiteford Township, Precinct 2","Whiteford Township, Precinct 2 Delegate",,REP,Write-In,8,8,0,0
Monroe,"Whiteford Township, Precinct 2","Whiteford Township, Precinct 2 Delegate",,REP,Ballots Cast,385,170,215,0
Monroe,"Ash Township, Precinct 1",County Library Millage Renewal Proposal,,,No,215,215,0,0
Monroe,"Ash Township, Precinct 1",County Library Millage Renewal Proposal,,,Total Votes,604,604,0,0
Monroe,"Ash Township, Precinct 1",County Library Millage Renewal Proposal,,,Yes,389,389,0,0
Monroe,"Ash Township, Precinct 1",County Library Millage Renewal Proposal,,,Ballots Cast,664,664,0,0
Monroe,"Ash Township, Precinct 2",County Library Millage Renewal Proposal,,,No,266,266,0,0
Monroe,"Ash Township, Precinct 2",County Library Millage Renewal Proposal,,,Total Votes,667,667,0,0
Monroe,"Ash Township, Precinct 2",County Library Millage Renewal Proposal,,,Yes,401,401,0,0
Monroe,"Ash Township, Precinct 2",County Library Millage Renewal Proposal,,,Ballots Cast,732,732,0,0
Monroe,"Ash Township, Precinct 3",County Library Millage Renewal Proposal,,,No,185,185,0,0
Monroe,"Ash Township, Precinct 3",County Library Millage Renewal Proposal,,,Total Votes,538,538,0,0
Monroe,"Ash Township, Precinct 3",County Library Millage Renewal Proposal,,,Yes,353,353,0,0
Monroe,"Ash Township, Precinct 3",County Library Millage Renewal Proposal,,,Ballots Cast,593,593,0,0
Monroe,"Bedford Township, Precinct 1",County Library Millage Renewal Proposal,,,No,125,60,65,0
Monroe,"Bedford Township, Precinct 1",County Library Millage Renewal Proposal,,,Total Votes,311,151,160,0
Monroe,"Bedford Township, Precinct 1",County Library Millage Renewal Proposal,,,Yes,186,91,95,0
Monroe,"Bedford Township, Precinct 1",County Library Millage Renewal Proposal,,,Ballots Cast,338,169,169,0
Monroe,"Bedford Township, Precinct 10",County Library Millage Renewal Proposal,,,No,198,83,115,0
Monroe,"Bedford Township, Precinct 10",County Library Millage Renewal Proposal,,,Total Votes,426,169,257,0
Monroe,"Bedford Township, Precinct 10",County Library Millage Renewal Proposal,,,Yes,228,86,142,0
Monroe,"Bedford Township, Precinct 10",County Library Millage Renewal Proposal,,,Ballots Cast,470,192,278,0
Monroe,"Bedford Township, Precinct 11",County Library Millage Renewal Proposal,,,No,334,148,186,0
Monroe,"Bedford Township, Precinct 11",County Library Millage Renewal Proposal,,,Total Votes,717,309,408,0
Monroe,"Bedford Township, Precinct 11",County Library Millage Renewal Proposal,,,Yes,383,161,222,0
Monroe,"Bedford Township, Precinct 11",County Library Millage Renewal Proposal,,,Ballots Cast,805,356,449,0
Monroe,"Bedford Township, Precinct 12",County Library Millage Renewal Proposal,,,No,159,74,85,0
Monroe,"Bedford Township, Precinct 12",County Library Millage Renewal Proposal,,,Total Votes,526,193,333,0
Monroe,"Bedford Township, Precinct 12",County Library Millage Renewal Proposal,,,Yes,367,119,248,0
Monroe,"Bedford Township, Precinct 12",County Library Millage Renewal Proposal,,,Ballots Cast,578,218,360,0
Monroe,"Bedford Township, Precinct 13",County Library Millage Renewal Proposal,,,No,236,110,126,0
Monroe,"Bedford Township, Precinct 13",County Library Millage Renewal Proposal,,,Total Votes,598,254,344,0
Monroe,"Bedford Township, Precinct 13",County Library Millage Renewal Proposal,,,Yes,362,144,218,0
Monroe,"Bedford Township, Precinct 13",County Library Millage Renewal Proposal,,,Ballots Cast,662,292,370,0
Monroe,"Bedford Township, Precinct 14",County Library Millage Renewal Proposal,,,No,98,42,56,0
Monroe,"Bedford Township, Precinct 14",County Library Millage Renewal Proposal,,,Total Votes,353,118,235,0
Monroe,"Bedford Township, Precinct 14",County Library Millage Renewal Proposal,,,Yes,255,76,179,0
Monroe,"Bedford Township, Precinct 14",County Library Millage Renewal Proposal,,,Ballots Cast,403,145,258,0
Monroe,"Bedford Township, Precinct 2",County Library Millage Renewal Proposal,,,No,210,90,120,0
Monroe,"Bedford Township, Precinct 2",County Library Millage Renewal Proposal,,,Total Votes,576,210,366,0
Monroe,"Bedford Township, Precinct 2",County Library Millage Renewal Proposal,,,Yes,366,120,246,0
Monroe,"Bedford Township, Precinct 2",County Library Millage Renewal Proposal,,,Ballots Cast,641,246,395,0
Monroe,"Bedford Township, Precinct 3",County Library Millage Renewal Proposal,,,No,222,107,115,0
Monroe,"Bedford Township, Precinct 3",County Library Millage Renewal Proposal,,,Total Votes,545,259,286,0
Monroe,"Bedford Township, Precinct 3",County Library Millage Renewal Proposal,,,Yes,323,152,171,0
Monroe,"Bedford Township, Precinct 3",County Library Millage Renewal Proposal,,,Ballots Cast,588,288,300,0
Monroe,"Bedford Township, Precinct 4",County Library Millage Renewal Proposal,,,No,252,92,160,0
Monroe,"Bedford Township, Precinct 4",County Library Millage Renewal Proposal,,,Total Votes,686,248,438,0
Monroe,"Bedford Township, Precinct 4",County Library Millage Renewal Proposal,,,Yes,434,156,278,0
Monroe,"Bedford Township, Precinct 4",County Library Millage Renewal Proposal,,,Ballots Cast,763,283,480,0
Monroe,"Bedford Township, Precinct 5",County Library Millage Renewal Proposal,,,No,196,84,112,0
Monroe,"Bedford Township, Precinct 5",County Library Millage Renewal Proposal,,,Total Votes,601,222,379,0
Monroe,"Bedford Township, Precinct 5",County Library Millage Renewal Proposal,,,Yes,405,138,267,0
Monroe,"Bedford Township, Precinct 5",County Library Millage Renewal Proposal,,,Ballots Cast,647,250,397,0
Monroe,"Bedford Township, Precinct 6",County Library Millage Renewal Proposal,,,No,297,144,153,0
Monroe,"Bedford Township, Precinct 6",County Library Millage Renewal Proposal,,,Total Votes,845,363,482,0
Monroe,"Bedford Township, Precinct 6",County Library Millage Renewal Proposal,,,Yes,548,219,329,0
Monroe,"Bedford Township, Precinct 6",County Library Millage Renewal Proposal,,,Ballots Cast,937,407,530,0
Monroe,"Bedford Township, Precinct 7",County Library Millage Renewal Proposal,,,No,232,80,152,0
Monroe,"Bedford Township, Precinct 7",County Library Millage Renewal Proposal,,,Total Votes,669,220,449,0
Monroe,"Bedford Township, Precinct 7",County Library Millage Renewal Proposal,,,Yes,437,140,297,0
Monroe,"Bedford Township, Precinct 7",County Library Millage Renewal Proposal,,,Ballots Cast,739,263,476,0
Monroe,"Bedford Township, Precinct 8",County Library Millage Renewal Proposal,,,No,253,85,168,0
Monroe,"Bedford Township, Precinct 8",County Library Millage Renewal Proposal,,,Total Votes,725,245,480,0
Monroe,"Bedford Township, Precinct 8",County Library Millage Renewal Proposal,,,Yes,472,160,312,0
Monroe,"Bedford Township, Precinct 8",County Library Millage Renewal Proposal,,,Ballots Cast,814,291,523,0
Monroe,"Bedford Township, Precinct 9",County Library Millage Renewal Proposal,,,No,174,63,111,0
Monroe,"Bedford Township, Precinct 9",County Library Millage Renewal Proposal,,,Total Votes,501,169,332,0
Monroe,"Bedford Township, Precinct 9",County Library Millage Renewal Proposal,,,Yes,327,106,221,0
Monroe,"Bedford Township, Precinct 9",County Library Millage Renewal Proposal,,,Ballots Cast,535,190,345,0
Monroe,"Berlin Township, Precinct 1",County Library Millage Renewal Proposal,,,No,153,153,0,0
Monroe,"Berlin Township, Precinct 1",County Library Millage Renewal Proposal,,,Total Votes,392,392,0,0
Monroe,"Berlin Township, Precinct 1",County Library Millage Renewal Proposal,,,Yes,239,239,0,0
Monroe,"Berlin Township, Precinct 1",County Library Millage Renewal Proposal,,,Ballots Cast,444,444,0,0
Monroe,"Berlin Township, Precinct 2",County Library Millage Renewal Proposal,,,No,272,272,0,0
Monroe,"Berlin Township, Precinct 2",County Library Millage Renewal Proposal,,,Total Votes,643,643,0,0
Monroe,"Berlin Township, Precinct 2",County Library Millage Renewal Proposal,,,Yes,371,371,0,0
Monroe,"Berlin Township, Precinct 2",County Library Millage Renewal Proposal,,,Ballots Cast,731,731,0,0
Monroe,"Berlin Township, Precinct 3",County Library Millage Renewal Proposal,,,No,145,145,0,0
Monroe,"Berlin Township, Precinct 3",County Library Millage Renewal Proposal,,,Total Votes,350,350,0,0
Monroe,"Berlin Township, Precinct 3",County Library Millage Renewal Proposal,,,Yes,205,205,0,0
Monroe,"Berlin Township, Precinct 3",County Library Millage Renewal Proposal,,,Ballots Cast,407,407,0,0
Monroe,"Berlin Township, Precinct 4",County Library Millage Renewal Proposal,,,No,166,166,0,0
Monroe,"Berlin Township, Precinct 4",County Library Millage Renewal Proposal,,,Total Votes,521,521,0,0
Monroe,"Berlin Township, Precinct 4",County Library Millage Renewal Proposal,,,Yes,355,355,0,0
Monroe,"Berlin Township, Precinct 4",County Library Millage Renewal Proposal,,,Ballots Cast,582,582,0,0
Monroe,"City of Luna Pier, Precinct 1",County Library Millage Renewal Proposal,,,No,148,148,0,0
Monroe,"City of Luna Pier, Precinct 1",County Library Millage Renewal Proposal,,,Total Votes,335,335,0,0
Monroe,"City of Luna Pier, Precinct 1",County Library Millage Renewal Proposal,,,Yes,187,187,0,0
Monroe,"City of Luna Pier, Precinct 1",County Library Millage Renewal Proposal,,,Ballots Cast,372,372,0,0
Monroe,"City of Milan, Precinct 1",County Library Millage Renewal Proposal,,,No,132,132,0,0
Monroe,"City of Milan, Precinct 1",County Library Millage Renewal Proposal,,,Total Votes,392,392,0,0
Monroe,"City of Milan, Precinct 1",County Library Millage Renewal Proposal,,,Yes,260,260,0,0
Monroe,"City of Milan, Precinct 1",County Library Millage Renewal Proposal,,,Ballots Cast,423,423,0,0
Monroe,"City of Monroe, Precinct 1",County Library Millage Renewal Proposal,,,No,179,42,137,0
Monroe,"City of Monroe, Precinct 1",County Library Millage Renewal Proposal,,,Total Votes,553,136,417,0
Monroe,"City of Monroe, Precinct 1",County Library Millage Renewal Proposal,,,Yes,374,94,280,0
Monroe,"City of Monroe, Precinct 1",County Library Millage Renewal Proposal,,,Ballots Cast,608,158,450,0
Monroe,"City of Monroe, Precinct 2",County Library Millage Renewal Proposal,,,No,122,52,70,0
Monroe,"City of Monroe, Precinct 2",County Library Millage Renewal Proposal,,,Total Votes,448,161,287,0
Monroe,"City of Monroe, Precinct 2",County Library Millage Renewal Proposal,,,Yes,326,109,217,0
Monroe,"City of Monroe, Precinct 2",County Library Millage Renewal Proposal,,,Ballots Cast,487,180,307,0
Monroe,"City of Monroe, Precinct 3N",County Library Millage Renewal Proposal,,,No,70,33,37,0
Monroe,"City of Monroe, Precinct 3N",County Library Millage Renewal Proposal,,,Total Votes,258,102,156,0
Monroe,"City of Monroe, Precinct 3N",County Library Millage Renewal Proposal,,,Yes,188,69,119,0
Monroe,"City of Monroe, Precinct 3N",County Library Millage Renewal Proposal,,,Ballots Cast,288,116,172,0
Monroe,"City of Monroe, Precinct 3S",County Library Millage Renewal Proposal,,,No,58,15,43,0
Monroe,"City of Monroe, Precinct 3S",County Library Millage Renewal Proposal,,,Total Votes,183,70,113,0
Monroe,"City of Monroe, Precinct 3S",County Library Millage Renewal Proposal,,,Yes,125,55,70,0
Monroe,"City of Monroe, Precinct 3S",County Library Millage Renewal Proposal,,,Ballots Cast,213,88,125,0
Monroe,"City of Monroe, Precinct 4",County Library Millage Renewal Proposal,,,No,211,81,130,0
Monroe,"City of Monroe, Precinct 4",County Library Millage Renewal Proposal,,,Total Votes,802,263,539,0
Monroe,"City of Monroe, Precinct 4",County Library Millage Renewal Proposal,,,Yes,591,182,409,0
Monroe,"City of Monroe, Precinct 4",County Library Millage Renewal Proposal,,,Ballots Cast,872,283,589,0
Monroe,"City of Monroe, Precinct 5",County Library Millage Renewal Proposal,,,No,219,57,162,0
Monroe,"City of Monroe, Precinct 5",County Library Millage Renewal Proposal,,,Total Votes,856,195,661,0
Monroe,"City of Monroe, Precinct 5",County Library Millage Renewal Proposal,,,Yes,637,138,499,0
Monroe,"City of Monroe, Precinct 5",County Library Millage Renewal Proposal,,,Ballots Cast,956,226,730,0
Monroe,"City of Monroe, Precinct 6",County Library Millage Renewal Proposal,,,No,192,64,128,0
Monroe,"City of Monroe, Precinct 6",County Library Millage Renewal Proposal,,,Total Votes,631,184,447,0
Monroe,"City of Monroe, Precinct 6",County Library Millage Renewal Proposal,,,Yes,439,120,319,0
Monroe,"City of Monroe, Precinct 6",County Library Millage Renewal Proposal,,,Ballots Cast,692,212,480,0
Monroe,"City of Petersburg, Precinct 1",County Library Millage Renewal Proposal,,,No,75,75,0,0
Monroe,"City of Petersburg, Precinct 1",County Library Millage Renewal Proposal,,,Total Votes,252,252,0,0
Monroe,"City of Petersburg, Precinct 1",County Library Millage Renewal Proposal,,,Yes,177,177,0,0
Monroe,"City of Petersburg, Precinct 1",County Library Millage Renewal Proposal,,,Ballots Cast,268,268,0,0
Monroe,"Dundee Township, Precinct 1",County Library Millage Renewal Proposal,,,No,111,111,0,0
Monroe,"Dundee Township, Precinct 1",County Library Millage Renewal Proposal,,,Total Votes,422,422,0,0
Monroe,"Dundee Township, Precinct 1",County Library Millage Renewal Proposal,,,Yes,311,311,0,0
Monroe,"Dundee Township, Precinct 1",County Library Millage Renewal Proposal,,,Ballots Cast,467,467,0,0
Monroe,"Dundee Township, Precinct 2",County Library Millage Renewal Proposal,,,No,143,143,0,0
Monroe,"Dundee Township, Precinct 2",County Library Millage Renewal Proposal,,,Total Votes,610,610,0,0
Monroe,"Dundee Township, Precinct 2",County Library Millage Renewal Proposal,,,Yes,467,467,0,0
Monroe,"Dundee Township, Precinct 2",County Library Millage Renewal Proposal,,,Ballots Cast,654,654,0,0
Monroe,"Dundee Township, Precinct 3",County Library Millage Renewal Proposal,,,No,191,191,0,0
Monroe,"Dundee Township, Precinct 3",County Library Millage Renewal Proposal,,,Total Votes,644,644,0,0
Monroe,"Dundee Township, Precinct 3",County Library Millage Renewal Proposal,,,Yes,453,453,0,0
Monroe,"Dundee Township, Precinct 3",County Library Millage Renewal Proposal,,,Ballots Cast,692,692,0,0
Monroe,"Erie Township, Precinct 1",County Library Millage Renewal Proposal,,,No,258,90,168,0
Monroe,"Erie Township, Precinct 1",County Library Millage Renewal Proposal,,,Total Votes,596,209,387,0
Monroe,"Erie Township, Precinct 1",County Library Millage Renewal Proposal,,,Yes,338,119,219,0
Monroe,"Erie Township, Precinct 1",County Library Millage Renewal Proposal,,,Ballots Cast,672,249,423,0
Monroe,"Erie Township, Precinct 2",County Library Millage Renewal Proposal,,,No,150,69,81,0
Monroe,"Erie Township, Precinct 2",County Library Millage Renewal Proposal,,,Total Votes,339,125,214,0
Monroe,"Erie Township, Precinct 2",County Library Millage Renewal Proposal,,,Yes,189,56,133,0
Monroe,"Erie Township, Precinct 2",County Library Millage Renewal Proposal,,,Ballots Cast,402,164,238,0
Monroe,"Exeter Township, Precinct 1",County Library Millage Renewal Proposal,,,No,139,139,0,0
Monroe,"Exeter Township, Precinct 1",County Library Millage Renewal Proposal,,,Total Votes,348,348,0,0
Monroe,"Exeter Township, Precinct 1",County Library Millage Renewal Proposal,,,Yes,209,209,0,0
Monroe,"Exeter Township, Precinct 1",County Library Millage Renewal Proposal,,,Ballots Cast,396,396,0,0
Monroe,"Exeter Township, Precinct 2",County Library Millage Renewal Proposal,,,No,175,175,0,0
Monroe,"Exeter Township, Precinct 2",County Library Millage Renewal Proposal,,,Total Votes,412,412,0,0
Monroe,"Exeter Township, Precinct 2",County Library Millage Renewal Proposal,,,Yes,237,237,0,0
Monroe,"Exeter Township, Precinct 2",County Library Millage Renewal Proposal,,,Ballots Cast,475,475,0,0
Monroe,"Frenchtown Township, Precinct 1",County Library Millage Renewal Proposal,,,No,116,61,55,0
Monroe,"Frenchtown Township, Precinct 1",County Library Millage Renewal Proposal,,,Total Votes,276,112,164,0
Monroe,"Frenchtown Township, Precinct 1",County Library Millage Renewal Proposal,,,Yes,160,51,109,0
Monroe,"Frenchtown Township, Precinct 1",County Library Millage Renewal Proposal,,,Ballots Cast,307,126,181,0
Monroe,"Frenchtown Township, Precinct 2",County Library Millage Renewal Proposal,,,No,110,47,63,0
Monroe,"Frenchtown Township, Precinct 2",County Library Millage Renewal Proposal,,,Total Votes,348,127,221,0
Monroe,"Frenchtown Township, Precinct 2",County Library Millage Renewal Proposal,,,Yes,238,80,158,0
Monroe,"Frenchtown Township, Precinct 2",County Library Millage Renewal Proposal,,,Ballots Cast,384,141,243,0
Monroe,"Frenchtown Township, Precinct 3",County Library Millage Renewal Proposal,,,No,146,45,101,0
Monroe,"Frenchtown Township, Precinct 3",County Library Millage Renewal Proposal,,,Total Votes,419,133,286,0
Monroe,"Frenchtown Township, Precinct 3",County Library Millage Renewal Proposal,,,Yes,273,88,185,0
Monroe,"Frenchtown Township, Precinct 3",County Library Millage Renewal Proposal,,,Ballots Cast,465,151,314,0
Monroe,"Frenchtown Township, Precinct 4",County Library Millage Renewal Proposal,,,No,203,56,147,0
Monroe,"Frenchtown Township, Precinct 4",County Library Millage Renewal Proposal,,,Total Votes,595,147,448,0
Monroe,"Frenchtown Township, Precinct 4",County Library Millage Renewal Proposal,,,Yes,392,91,301,0
Monroe,"Frenchtown Township, Precinct 4",County Library Millage Renewal Proposal,,,Ballots Cast,657,154,503,0
Monroe,"Frenchtown Township, Precinct 5",County Library Millage Renewal Proposal,,,No,118,55,63,0
Monroe,"Frenchtown Township, Precinct 5",County Library Millage Renewal Proposal,,,Total Votes,372,123,249,0
Monroe,"Frenchtown Township, Precinct 5",County Library Millage Renewal Proposal,,,Yes,254,68,186,0
Monroe,"Frenchtown Township, Precinct 5",County Library Millage Renewal Proposal,,,Ballots Cast,417,139,278,0
Monroe,"Frenchtown Township, Precinct 6",County Library Millage Renewal Proposal,,,No,187,72,115,0
Monroe,"Frenchtown Township, Precinct 6",County Library Millage Renewal Proposal,,,Total Votes,556,212,344,0
Monroe,"Frenchtown Township, Precinct 6",County Library Millage Renewal Proposal,,,Yes,369,140,229,0
Monroe,"Frenchtown Township, Precinct 6",County Library Millage Renewal Proposal,,,Ballots Cast,625,230,395,0
Monroe,"Frenchtown Township, Precinct 7",County Library Millage Renewal Proposal,,,No,326,87,239,0
Monroe,"Frenchtown Township, Precinct 7",County Library Millage Renewal Proposal,,,Total Votes,910,220,690,0
Monroe,"Frenchtown Township, Precinct 7",County Library Millage Renewal Proposal,,,Yes,584,133,451,0
Monroe,"Frenchtown Township, Precinct 7",County Library Millage Renewal Proposal,,,Ballots Cast,1005,238,767,0
Monroe,"Frenchtown Township, Precinct 8",County Library Millage Renewal Proposal,,,No,163,60,103,0
Monroe,"Frenchtown Township, Precinct 8",County Library Millage Renewal Proposal,,,Total Votes,449,154,295,0
Monroe,"Frenchtown Township, Precinct 8",County Library Millage Renewal Proposal,,,Yes,286,94,192,0
Monroe,"Frenchtown Township, Precinct 8",County Library Millage Renewal Proposal,,,Ballots Cast,488,175,313,0
Monroe,"Frenchtown Township, Precinct 9",County Library Millage Renewal Proposal,,,No,84,30,54,0
Monroe,"Frenchtown Township, Precinct 9",County Library Millage Renewal Proposal,,,Total Votes,287,86,201,0
Monroe,"Frenchtown Township, Precinct 9",County Library Millage Renewal Proposal,,,Yes,203,56,147,0
Monroe,"Frenchtown Township, Precinct 9",County Library Millage Renewal Proposal,,,Ballots Cast,313,89,224,0
Monroe,"Ida Township, Precinct 1",County Library Millage Renewal Proposal,,,No,203,99,104,0
Monroe,"Ida Township, Precinct 1",County Library Millage Renewal Proposal,,,Total Votes,545,227,318,0
Monroe,"Ida Township, Precinct 1",County Library Millage Renewal Proposal,,,Yes,342,128,214,0
Monroe,"Ida Township, Precinct 1",County Library Millage Renewal Proposal,,,Ballots Cast,618,272,346,0
Monroe,"Ida Township, Precinct 2",County Library Millage Renewal Proposal,,,No,165,80,85,0
Monroe,"Ida Township, Precinct 2",County Library Millage Renewal Proposal,,,Total Votes,616,259,357,0
Monroe,"Ida Township, Precinct 2",County Library Millage Renewal Proposal,,,Yes,451,179,272,0
Monroe,"Ida Township, Precinct 2",County Library Millage Renewal Proposal,,,Ballots Cast,687,293,394,0
Monroe,"La Salle Township, Precinct 1",County Library Millage Renewal Proposal,,,No,268,107,161,0
Monroe,"La Salle Township, Precinct 1",County Library Millage Renewal Proposal,,,Total Votes,579,214,365,0
Monroe,"La Salle Township, Precinct 1",County Library Millage Renewal Proposal,,,Yes,311,107,204,0
Monroe,"La Salle Township, Precinct 1",County Library Millage Renewal Proposal,,,Ballots Cast,672,253,419,0
Monroe,"La Salle Township, Precinct 2",County Library Millage Renewal Proposal,,,No,277,125,152,0
Monroe,"La Salle Township, Precinct 2",County Library Millage Renewal Proposal,,,Total Votes,677,261,416,0
Monroe,"La Salle Township, Precinct 2",County Library Millage Renewal Proposal,,,Yes,400,136,264,0
Monroe,"La Salle Township, Precinct 2",County Library Millage Renewal Proposal,,,Ballots Cast,779,325,454,0
Monroe,"London Township, Precinct 1",County Library Millage Renewal Proposal,,,No,384,384,0,0
Monroe,"London Township, Precinct 1",County Library Millage Renewal Proposal,,,Total Votes,663,663,0,0
Monroe,"London Township, Precinct 1",County Library Millage Renewal Proposal,,,Yes,279,279,0,0
Monroe,"London Township, Precinct 1",County Library Millage Renewal Proposal,,,Ballots Cast,834,834,0,0
Monroe,"Milan Township, Precinct 1",County Library Millage Renewal Proposal,,,No,187,187,0,0
Monroe,"Milan Township, Precinct 1",County Library Millage Renewal Proposal,,,Total Votes,389,389,0,0
Monroe,"Milan Township, Precinct 1",County Library Millage Renewal Proposal,,,Yes,202,202,0,0
Monroe,"Milan Township, Precinct 1",County Library Millage Renewal Proposal,,,Ballots Cast,451,451,0,0
Monroe,"Monroe Township, Precinct 1",County Library Millage Renewal Proposal,,,No,113,31,82,0
Monroe,"Monroe Township, Precinct 1",County Library Millage Renewal Proposal,,,Total Votes,397,93,304,0
Monroe,"Monroe Township, Precinct 1",County Library Millage Renewal Proposal,,,Yes,284,62,222,0
Monroe,"Monroe Township, Precinct 1",County Library Millage Renewal Proposal,,,Ballots Cast,452,114,338,0
Monroe,"Monroe Township, Precinct 2",County Library Millage Renewal Proposal,,,No,54,14,40,0
Monroe,"Monroe Township, Precinct 2",County Library Millage Renewal Proposal,,,Total Votes,220,60,160,0
Monroe,"Monroe Township, Precinct 2",County Library Millage Renewal Proposal,,,Yes,166,46,120,0
Monroe,"Monroe Township, Precinct 2",County Library Millage Renewal Proposal,,,Ballots Cast,248,75,173,0
Monroe,"Monroe Township, Precinct 3",County Library Millage Renewal Proposal,,,No,149,59,90,0
Monroe,"Monroe Township, Precinct 3",County Library Millage Renewal Proposal,,,Total Votes,394,133,261,0
Monroe,"Monroe Township, Precinct 3",County Library Millage Renewal Proposal,,,Yes,245,74,171,0
Monroe,"Monroe Township, Precinct 3",County Library Millage Renewal Proposal,,,Ballots Cast,454,146,308,0
Monroe,"Monroe Township, Precinct 4",County Library Millage Renewal Proposal,,,No,155,55,100,0
Monroe,"Monroe Township, Precinct 4",County Library Millage Renewal Proposal,,,Total Votes,513,167,346,0
Monroe,"Monroe Township, Precinct 4",County Library Millage Renewal Proposal,,,Yes,358,112,246,0
Monroe,"Monroe Township, Precinct 4",County Library Millage Renewal Proposal,,,Ballots Cast,577,186,391,0
Monroe,"Monroe Township, Precinct 5",County Library Millage Renewal Proposal,,,No,253,93,160,0
Monroe,"Monroe Township, Precinct 5",County Library Millage Renewal Proposal,,,Total Votes,768,233,535,0
Monroe,"Monroe Township, Precinct 5",County Library Millage Renewal Proposal,,,Yes,515,140,375,0
Monroe,"Monroe Township, Precinct 5",County Library Millage Renewal Proposal,,,Ballots Cast,831,242,589,0
Monroe,"Monroe Township, Precinct 6",County Library Millage Renewal Proposal,,,No,182,53,129,0
Monroe,"Monroe Township, Precinct 6",County Library Millage Renewal Proposal,,,Total Votes,486,137,349,0
Monroe,"Monroe Township, Precinct 6",County Library Millage Renewal Proposal,,,Yes,304,84,220,0
Monroe,"Monroe Township, Precinct 6",County Library Millage Renewal Proposal,,,Ballots Cast,538,141,397,0
Monroe,"Raisinville Township, Precinct 1",County Library Millage Renewal Proposal,,,No,325,112,213,0
Monroe,"Raisinville Township, Precinct 1",County Library Millage Renewal Proposal,,,Total Votes,729,207,522,0
Monroe,"Raisinville Township, Precinct 1",County Library Millage Renewal Proposal,,,Yes,404,95,309,0
Monroe,"Raisinville Township, Precinct 1",County Library Millage Renewal Proposal,,,Ballots Cast,833,241,592,0
Monroe,"Raisinville Township, Precinct 2",County Library Millage Renewal Proposal,,,No,206,81,125,0
Monroe,"Raisinville Township, Precinct 2",County Library Millage Renewal Proposal,,,Total Votes,724,259,465,0
Monroe,"Raisinville Township, Precinct 2",County Library Millage Renewal Proposal,,,Yes,518,178,340,0
Monroe,"Raisinville Township, Precinct 2",County Library Millage Renewal Proposal,,,Ballots Cast,791,271,520,0
Monroe,"Summerfield Township, Precinct 1",County Library Millage Renewal Proposal,,,No,345,345,0,0
Monroe,"Summerfield Township, Precinct 1",County Library Millage Renewal Proposal,,,Total Votes,857,857,0,0
Monroe,"Summerfield Township, Precinct 1",County Library Millage Renewal Proposal,,,Yes,512,512,0,0
Monroe,"Summerfield Township, Precinct 1",County Library Millage Renewal Proposal,,,Ballots Cast,984,984,0,0
Monroe,"Whiteford Township, Precinct 1",County Library Millage Renewal Proposal,,,No,211,104,107,0
Monroe,"Whiteford Township, Precinct 1",County Library Millage Renewal Proposal,,,Total Votes,472,193,279,0
Monroe,"Whiteford Township, Precinct 1",County Library Millage Renewal Proposal,,,Yes,261,89,172,0
Monroe,"Whiteford Township, Precinct 1",County Library Millage Renewal Proposal,,,Ballots Cast,518,213,305,0
Monroe,"Whiteford Township, Precinct 2",County Library Millage Renewal Proposal,,,No,165,75,90,0
Monroe,"Whiteford Township, Precinct 2",County Library Millage Renewal Proposal,,,Total Votes,335,150,185,0
Monroe,"Whiteford Township, Precinct 2",County Library Millage Renewal Proposal,,,Yes,170,75,95,0
Monroe,"Whiteford Township, Precinct 2",County Library Millage Renewal Proposal,,,Ballots Cast,385,170,215,0
Monroe,"Ash Township, Precinct 1",County Senior Citizen Renewal Proposal,,,No,129,129,0,0
Monroe,"Ash Township, Precinct 1",County Senior Citizen Renewal Proposal,,,Total Votes,606,606,0,0
Monroe,"Ash Township, Precinct 1",County Senior Citizen Renewal Proposal,,,Yes,477,477,0,0
Monroe,"Ash Township, Precinct 1",County Senior Citizen Renewal Proposal,,,Ballots Cast,664,664,0,0
Monroe,"Ash Township, Precinct 2",County Senior Citizen Renewal Proposal,,,No,174,174,0,0
Monroe,"Ash Township, Precinct 2",County Senior Citizen Renewal Proposal,,,Total Votes,673,673,0,0
Monroe,"Ash Township, Precinct 2",County Senior Citizen Renewal Proposal,,,Yes,499,499,0,0
Monroe,"Ash Township, Precinct 2",County Senior Citizen Renewal Proposal,,,Ballots Cast,732,732,0,0
Monroe,"Ash Township, Precinct 3",County Senior Citizen Renewal Proposal,,,No,134,134,0,0
Monroe,"Ash Township, Precinct 3",County Senior Citizen Renewal Proposal,,,Total Votes,539,539,0,0
Monroe,"Ash Township, Precinct 3",County Senior Citizen Renewal Proposal,,,Yes,405,405,0,0
Monroe,"Ash Township, Precinct 3",County Senior Citizen Renewal Proposal,,,Ballots Cast,593,593,0,0
Monroe,"Bedford Township, Precinct 1",County Senior Citizen Renewal Proposal,,,No,80,40,40,0
Monroe,"Bedford Township, Precinct 1",County Senior Citizen Renewal Proposal,,,Total Votes,315,152,163,0
Monroe,"Bedford Township, Precinct 1",County Senior Citizen Renewal Proposal,,,Yes,235,112,123,0
Monroe,"Bedford Township, Precinct 1",County Senior Citizen Renewal Proposal,,,Ballots Cast,338,169,169,0
Monroe,"Bedford Township, Precinct 10",County Senior Citizen Renewal Proposal,,,No,128,53,75,0
Monroe,"Bedford Township, Precinct 10",County Senior Citizen Renewal Proposal,,,Total Votes,428,169,259,0
Monroe,"Bedford Township, Precinct 10",County Senior Citizen Renewal Proposal,,,Yes,300,116,184,0
Monroe,"Bedford Township, Precinct 10",County Senior Citizen Renewal Proposal,,,Ballots Cast,470,192,278,0
Monroe,"Bedford Township, Precinct 11",County Senior Citizen Renewal Proposal,,,No,221,112,109,0
Monroe,"Bedford Township, Precinct 11",County Senior Citizen Renewal Proposal,,,Total Votes,716,307,409,0
Monroe,"Bedford Township, Precinct 11",County Senior Citizen Renewal Proposal,,,Yes,495,195,300,0
Monroe,"Bedford Township, Precinct 11",County Senior Citizen Renewal Proposal,,,Ballots Cast,805,356,449,0
Monroe,"Bedford Township, Precinct 12",County Senior Citizen Renewal Proposal,,,No,117,48,69,0
Monroe,"Bedford Township, Precinct 12",County Senior Citizen Renewal Proposal,,,Total Votes,520,189,331,0
Monroe,"Bedford Township, Precinct 12",County Senior Citizen Renewal Proposal,,,Yes,403,141,262,0
Monroe,"Bedford Township, Precinct 12",County Senior Citizen Renewal Proposal,,,Ballots Cast,578,218,360,0
Monroe,"Bedford Township, Precinct 13",County Senior Citizen Renewal Proposal,,,No,141,70,71,0
Monroe,"Bedford Township, Precinct 13",County Senior Citizen Renewal Proposal,,,Total Votes,600,252,348,0
Monroe,"Bedford Township, Precinct 13",County Senior Citizen Renewal Proposal,,,Yes,459,182,277,0
Monroe,"Bedford Township, Precinct 13",County Senior Citizen Renewal Proposal,,,Ballots Cast,662,292,370,0
Monroe,"Bedford Township, Precinct 14",County Senior Citizen Renewal Proposal,,,No,57,33,24,0
Monroe,"Bedford Township, Precinct 14",County Senior Citizen Renewal Proposal,,,Total Votes,351,117,234,0
Monroe,"Bedford Township, Precinct 14",County Senior Citizen Renewal Proposal,,,Yes,294,84,210,0
Monroe,"Bedford Township, Precinct 14",County Senior Citizen Renewal Proposal,,,Ballots Cast,403,145,258,0
Monroe,"Bedford Township, Precinct 2",County Senior Citizen Renewal Proposal,,,No,169,79,90,0
Monroe,"Bedford Township, Precinct 2",County Senior Citizen Renewal Proposal,,,Total Votes,575,208,367,0
Monroe,"Bedford Township, Precinct 2",County Senior Citizen Renewal Proposal,,,Yes,406,129,277,0
Monroe,"Bedford Township, Precinct 2",County Senior Citizen Renewal Proposal,,,Ballots Cast,641,246,395,0
Monroe,"Bedford Township, Precinct 3",County Senior Citizen Renewal Proposal,,,No,156,70,86,0
Monroe,"Bedford Township, Precinct 3",County Senior Citizen Renewal Proposal,,,Total Votes,540,255,285,0
Monroe,"Bedford Township, Precinct 3",County Senior Citizen Renewal Proposal,,,Yes,384,185,199,0
Monroe,"Bedford Township, Precinct 3",County Senior Citizen Renewal Proposal,,,Ballots Cast,588,288,300,0
Monroe,"Bedford Township, Precinct 4",County Senior Citizen Renewal Proposal,,,No,163,67,96,0
Monroe,"Bedford Township, Precinct 4",County Senior Citizen Renewal Proposal,,,Total Votes,684,246,438,0
Monroe,"Bedford Township, Precinct 4",County Senior Citizen Renewal Proposal,,,Yes,521,179,342,0
Monroe,"Bedford Township, Precinct 4",County Senior Citizen Renewal Proposal,,,Ballots Cast,763,283,480,0
Monroe,"Bedford Township, Precinct 5",County Senior Citizen Renewal Proposal,,,No,131,66,65,0
Monroe,"Bedford Township, Precinct 5",County Senior Citizen Renewal Proposal,,,Total Votes,598,219,379,0
Monroe,"Bedford Township, Precinct 5",County Senior Citizen Renewal Proposal,,,Yes,467,153,314,0
Monroe,"Bedford Township, Precinct 5",County Senior Citizen Renewal Proposal,,,Ballots Cast,647,250,397,0
Monroe,"Bedford Township, Precinct 6",County Senior Citizen Renewal Proposal,,,No,207,105,102,0
Monroe,"Bedford Township, Precinct 6",County Senior Citizen Renewal Proposal,,,Total Votes,839,360,479,0
Monroe,"Bedford Township, Precinct 6",County Senior Citizen Renewal Proposal,,,Yes,632,255,377,0
Monroe,"Bedford Township, Precinct 6",County Senior Citizen Renewal Proposal,,,Ballots Cast,937,407,530,0
Monroe,"Bedford Township, Precinct 7",County Senior Citizen Renewal Proposal,,,No,147,46,101,0
Monroe,"Bedford Township, Precinct 7",County Senior Citizen Renewal Proposal,,,Total Votes,676,222,454,0
Monroe,"Bedford Township, Precinct 7",County Senior Citizen Renewal Proposal,,,Yes,529,176,353,0
Monroe,"Bedford Township, Precinct 7",County Senior Citizen Renewal Proposal,,,Ballots Cast,739,263,476,0
Monroe,"Bedford Township, Precinct 8",County Senior Citizen Renewal Proposal,,,No,185,74,111,0
Monroe,"Bedford Township, Precinct 8",County Senior Citizen Renewal Proposal,,,Total Votes,723,244,479,0
Monroe,"Bedford Township, Precinct 8",County Senior Citizen Renewal Proposal,,,Yes,538,170,368,0
Monroe,"Bedford Township, Precinct 8",County Senior Citizen Renewal Proposal,,,Ballots Cast,814,291,523,0
Monroe,"Bedford Township, Precinct 9",County Senior Citizen Renewal Proposal,,,No,117,42,75,0
Monroe,"Bedford Township, Precinct 9",County Senior Citizen Renewal Proposal,,,Total Votes,498,165,333,0
Monroe,"Bedford Township, Precinct 9",County Senior Citizen Renewal Proposal,,,Yes,381,123,258,0
Monroe,"Bedford Township, Precinct 9",County Senior Citizen Renewal Proposal,,,Ballots Cast,535,190,345,0
Monroe,"Berlin Township, Precinct 1",County Senior Citizen Renewal Proposal,,,No,101,101,0,0
Monroe,"Berlin Township, Precinct 1",County Senior Citizen Renewal Proposal,,,Total Votes,393,393,0,0
Monroe,"Berlin Township, Precinct 1",County Senior Citizen Renewal Proposal,,,Yes,292,292,0,0
Monroe,"Berlin Township, Precinct 1",County Senior Citizen Renewal Proposal,,,Ballots Cast,444,444,0,0
Monroe,"Berlin Township, Precinct 2",County Senior Citizen Renewal Proposal,,,No,176,176,0,0
Monroe,"Berlin Township, Precinct 2",County Senior Citizen Renewal Proposal,,,Total Votes,646,646,0,0
Monroe,"Berlin Township, Precinct 2",County Senior Citizen Renewal Proposal,,,Yes,470,470,0,0
Monroe,"Berlin Township, Precinct 2",County Senior Citizen Renewal Proposal,,,Ballots Cast,731,731,0,0
Monroe,"Berlin Township, Precinct 3",County Senior Citizen Renewal Proposal,,,No,97,97,0,0
Monroe,"Berlin Township, Precinct 3",County Senior Citizen Renewal Proposal,,,Total Votes,348,348,0,0
Monroe,"Berlin Township, Precinct 3",County Senior Citizen Renewal Proposal,,,Yes,251,251,0,0
Monroe,"Berlin Township, Precinct 3",County Senior Citizen Renewal Proposal,,,Ballots Cast,407,407,0,0
Monroe,"Berlin Township, Precinct 4",County Senior Citizen Renewal Proposal,,,No,122,122,0,0
Monroe,"Berlin Township, Precinct 4",County Senior Citizen Renewal Proposal,,,Total Votes,524,524,0,0
Monroe,"Berlin Township, Precinct 4",County Senior Citizen Renewal Proposal,,,Yes,402,402,0,0
Monroe,"Berlin Township, Precinct 4",County Senior Citizen Renewal Proposal,,,Ballots Cast,582,582,0,0
Monroe,"City of Luna Pier, Precinct 1",County Senior Citizen Renewal Proposal,,,No,125,125,0,0
Monroe,"City of Luna Pier, Precinct 1",County Senior Citizen Renewal Proposal,,,Total Votes,335,335,0,0
Monroe,"City of Luna Pier, Precinct 1",County Senior Citizen Renewal Proposal,,,Yes,210,210,0,0
Monroe,"City of Luna Pier, Precinct 1",County Senior Citizen Renewal Proposal,,,Ballots Cast,372,372,0,0
Monroe,"City of Milan, Precinct 1",County Senior Citizen Renewal Proposal,,,No,72,72,0,0
Monroe,"City of Milan, Precinct 1",County Senior Citizen Renewal Proposal,,,Total Votes,396,396,0,0
Monroe,"City of Milan, Precinct 1",County Senior Citizen Renewal Proposal,,,Yes,324,324,0,0
Monroe,"City of Milan, Precinct 1",County Senior Citizen Renewal Proposal,,,Ballots Cast,423,423,0,0
Monroe,"City of Monroe, Precinct 1",County Senior Citizen Renewal Proposal,,,No,96,28,68,0
Monroe,"City of Monroe, Precinct 1",County Senior Citizen Renewal Proposal,,,Total Votes,551,133,418,0
Monroe,"City of Monroe, Precinct 1",County Senior Citizen Renewal Proposal,,,Yes,455,105,350,0
Monroe,"City of Monroe, Precinct 1",County Senior Citizen Renewal Proposal,,,Ballots Cast,608,158,450,0
Monroe,"City of Monroe, Precinct 2",County Senior Citizen Renewal Proposal,,,No,82,28,54,0
Monroe,"City of Monroe, Precinct 2",County Senior Citizen Renewal Proposal,,,Total Votes,449,161,288,0
Monroe,"City of Monroe, Precinct 2",County Senior Citizen Renewal Proposal,,,Yes,367,133,234,0
Monroe,"City of Monroe, Precinct 2",County Senior Citizen Renewal Proposal,,,Ballots Cast,487,180,307,0
Monroe,"City of Monroe, Precinct 3N",County Senior Citizen Renewal Proposal,,,No,43,25,18,0
Monroe,"City of Monroe, Precinct 3N",County Senior Citizen Renewal Proposal,,,Total Votes,257,101,156,0
Monroe,"City of Monroe, Precinct 3N",County Senior Citizen Renewal Proposal,,,Yes,214,76,138,0
Monroe,"City of Monroe, Precinct 3N",County Senior Citizen Renewal Proposal,,,Ballots Cast,288,116,172,0
Monroe,"City of Monroe, Precinct 3S",County Senior Citizen Renewal Proposal,,,No,33,11,22,0
Monroe,"City of Monroe, Precinct 3S",County Senior Citizen Renewal Proposal,,,Total Votes,183,70,113,0
Monroe,"City of Monroe, Precinct 3S",County Senior Citizen Renewal Proposal,,,Yes,150,59,91,0
Monroe,"City of Monroe, Precinct 3S",County Senior Citizen Renewal Proposal,,,Ballots Cast,213,88,125,0
Monroe,"City of Monroe, Precinct 4",County Senior Citizen Renewal Proposal,,,No,132,45,87,0
Monroe,"City of Monroe, Precinct 4",County Senior Citizen Renewal Proposal,,,Total Votes,795,262,533,0
Monroe,"City of Monroe, Precinct 4",County Senior Citizen Renewal Proposal,,,Yes,663,217,446,0
Monroe,"City of Monroe, Precinct 4",County Senior Citizen Renewal Proposal,,,Ballots Cast,872,283,589,0
Monroe,"City of Monroe, Precinct 5",County Senior Citizen Renewal Proposal,,,No,151,53,98,0
Monroe,"City of Monroe, Precinct 5",County Senior Citizen Renewal Proposal,,,Total Votes,855,194,661,0
Monroe,"City of Monroe, Precinct 5",County Senior Citizen Renewal Proposal,,,Yes,704,141,563,0
Monroe,"City of Monroe, Precinct 5",County Senior Citizen Renewal Proposal,,,Ballots Cast,956,226,730,0
Monroe,"City of Monroe, Precinct 6",County Senior Citizen Renewal Proposal,,,No,113,43,70,0
Monroe,"City of Monroe, Precinct 6",County Senior Citizen Renewal Proposal,,,Total Votes,627,181,446,0
Monroe,"City of Monroe, Precinct 6",County Senior Citizen Renewal Proposal,,,Yes,514,138,376,0
Monroe,"City of Monroe, Precinct 6",County Senior Citizen Renewal Proposal,,,Ballots Cast,692,212,480,0
Monroe,"City of Petersburg, Precinct 1",County Senior Citizen Renewal Proposal,,,No,47,47,0,0
Monroe,"City of Petersburg, Precinct 1",County Senior Citizen Renewal Proposal,,,Total Votes,250,250,0,0
Monroe,"City of Petersburg, Precinct 1",County Senior Citizen Renewal Proposal,,,Yes,203,203,0,0
Monroe,"City of Petersburg, Precinct 1",County Senior Citizen Renewal Proposal,,,Ballots Cast,268,268,0,0
Monroe,"Dundee Township, Precinct 1",County Senior Citizen Renewal Proposal,,,No,75,75,0,0
Monroe,"Dundee Township, Precinct 1",County Senior Citizen Renewal Proposal,,,Total Votes,427,427,0,0
Monroe,"Dundee Township, Precinct 1",County Senior Citizen Renewal Proposal,,,Yes,352,352,0,0
Monroe,"Dundee Township, Precinct 1",County Senior Citizen Renewal Proposal,,,Ballots Cast,467,467,0,0
Monroe,"Dundee Township, Precinct 2",County Senior Citizen Renewal Proposal,,,No,94,94,0,0
Monroe,"Dundee Township, Precinct 2",County Senior Citizen Renewal Proposal,,,Total Votes,614,614,0,0
Monroe,"Dundee Township, Precinct 2",County Senior Citizen Renewal Proposal,,,Yes,520,520,0,0
Monroe,"Dundee Township, Precinct 2",County Senior Citizen Renewal Proposal,,,Ballots Cast,654,654,0,0
Monroe,"Dundee Township, Precinct 3",County Senior Citizen Renewal Proposal,,,No,136,136,0,0
Monroe,"Dundee Township, Precinct 3",County Senior Citizen Renewal Proposal,,,Total Votes,647,647,0,0
Monroe,"Dundee Township, Precinct 3",County Senior Citizen Renewal Proposal,,,Yes,511,511,0,0
Monroe,"Dundee Township, Precinct 3",County Senior Citizen Renewal Proposal,,,Ballots Cast,692,692,0,0
Monroe,"Erie Township, Precinct 1",County Senior Citizen Renewal Proposal,,,No,172,81,91,0
Monroe,"Erie Township, Precinct 1",County Senior Citizen Renewal Proposal,,,Total Votes,594,209,385,0
Monroe,"Erie Township, Precinct 1",County Senior Citizen Renewal Proposal,,,Yes,422,128,294,0
Monroe,"Erie Township, Precinct 1",County Senior Citizen Renewal Proposal,,,Ballots Cast,672,249,423,0
Monroe,"Erie Township, Precinct 2",County Senior Citizen Renewal Proposal,,,No,85,42,43,0
Monroe,"Erie Township, Precinct 2",County Senior Citizen Renewal Proposal,,,Total Votes,338,125,213,0
Monroe,"Erie Township, Precinct 2",County Senior Citizen Renewal Proposal,,,Yes,253,83,170,0
Monroe,"Erie Township, Precinct 2",County Senior Citizen Renewal Proposal,,,Ballots Cast,402,164,238,0
Monroe,"Exeter Township, Precinct 1",County Senior Citizen Renewal Proposal,,,No,88,88,0,0
Monroe,"Exeter Township, Precinct 1",County Senior Citizen Renewal Proposal,,,Total Votes,347,347,0,0
Monroe,"Exeter Township, Precinct 1",County Senior Citizen Renewal Proposal,,,Yes,259,259,0,0
Monroe,"Exeter Township, Precinct 1",County Senior Citizen Renewal Proposal,,,Ballots Cast,396,396,0,0
Monroe,"Exeter Township, Precinct 2",County Senior Citizen Renewal Proposal,,,No,127,127,0,0
Monroe,"Exeter Township, Precinct 2",County Senior Citizen Renewal Proposal,,,Total Votes,414,414,0,0
Monroe,"Exeter Township, Precinct 2",County Senior Citizen Renewal Proposal,,,Yes,287,287,0,0
Monroe,"Exeter Township, Precinct 2",County Senior Citizen Renewal Proposal,,,Ballots Cast,475,475,0,0
Monroe,"Frenchtown Township, Precinct 1",County Senior Citizen Renewal Proposal,,,No,65,31,34,0
Monroe,"Frenchtown Township, Precinct 1",County Senior Citizen Renewal Proposal,,,Total Votes,274,111,163,0
Monroe,"Frenchtown Township, Precinct 1",County Senior Citizen Renewal Proposal,,,Yes,209,80,129,0
Monroe,"Frenchtown Township, Precinct 1",County Senior Citizen Renewal Proposal,,,Ballots Cast,307,126,181,0
Monroe,"Frenchtown Township, Precinct 2",County Senior Citizen Renewal Proposal,,,No,66,25,41,0
Monroe,"Frenchtown Township, Precinct 2",County Senior Citizen Renewal Proposal,,,Total Votes,350,126,224,0
Monroe,"Frenchtown Township, Precinct 2",County Senior Citizen Renewal Proposal,,,Yes,284,101,183,0
Monroe,"Frenchtown Township, Precinct 2",County Senior Citizen Renewal Proposal,,,Ballots Cast,384,141,243,0
Monroe,"Frenchtown Township, Precinct 3",County Senior Citizen Renewal Proposal,,,No,89,26,63,0
Monroe,"Frenchtown Township, Precinct 3",County Senior Citizen Renewal Proposal,,,Total Votes,422,134,288,0
Monroe,"Frenchtown Township, Precinct 3",County Senior Citizen Renewal Proposal,,,Yes,333,108,225,0
Monroe,"Frenchtown Township, Precinct 3",County Senior Citizen Renewal Proposal,,,Ballots Cast,465,151,314,0
Monroe,"Frenchtown Township, Precinct 4",County Senior Citizen Renewal Proposal,,,No,134,43,91,0
Monroe,"Frenchtown Township, Precinct 4",County Senior Citizen Renewal Proposal,,,Total Votes,599,147,452,0
Monroe,"Frenchtown Township, Precinct 4",County Senior Citizen Renewal Proposal,,,Yes,465,104,361,0
Monroe,"Frenchtown Township, Precinct 4",County Senior Citizen Renewal Proposal,,,Ballots Cast,657,154,503,0
Monroe,"Frenchtown Township, Precinct 5",County Senior Citizen Renewal Proposal,,,No,76,25,51,0
Monroe,"Frenchtown Township, Precinct 5",County Senior Citizen Renewal Proposal,,,Total Votes,373,121,252,0
Monroe,"Frenchtown Township, Precinct 5",County Senior Citizen Renewal Proposal,,,Yes,297,96,201,0
Monroe,"Frenchtown Township, Precinct 5",County Senior Citizen Renewal Proposal,,,Ballots Cast,417,139,278,0
Monroe,"Frenchtown Township, Precinct 6",County Senior Citizen Renewal Proposal,,,No,123,53,70,0
Monroe,"Frenchtown Township, Precinct 6",County Senior Citizen Renewal Proposal,,,Total Votes,561,214,347,0
Monroe,"Frenchtown Township, Precinct 6",County Senior Citizen Renewal Proposal,,,Yes,438,161,277,0
Monroe,"Frenchtown Township, Precinct 6",County Senior Citizen Renewal Proposal,,,Ballots Cast,625,230,395,0
Monroe,"Frenchtown Township, Precinct 7",County Senior Citizen Renewal Proposal,,,No,197,54,143,0
Monroe,"Frenchtown Township, Precinct 7",County Senior Citizen Renewal Proposal,,,Total Votes,913,219,694,0
Monroe,"Frenchtown Township, Precinct 7",County Senior Citizen Renewal Proposal,,,Yes,716,165,551,0
Monroe,"Frenchtown Township, Precinct 7",County Senior Citizen Renewal Proposal,,,Ballots Cast,1005,238,767,0
Monroe,"Frenchtown Township, Precinct 8",County Senior Citizen Renewal Proposal,,,No,105,39,66,0
Monroe,"Frenchtown Township, Precinct 8",County Senior Citizen Renewal Proposal,,,Total Votes,444,153,291,0
Monroe,"Frenchtown Township, Precinct 8",County Senior Citizen Renewal Proposal,,,Yes,339,114,225,0
Monroe,"Frenchtown Township, Precinct 8",County Senior Citizen Renewal Proposal,,,Ballots Cast,488,175,313,0
Monroe,"Frenchtown Township, Precinct 9",County Senior Citizen Renewal Proposal,,,No,59,20,39,0
Monroe,"Frenchtown Township, Precinct 9",County Senior Citizen Renewal Proposal,,,Total Votes,286,85,201,0
Monroe,"Frenchtown Township, Precinct 9",County Senior Citizen Renewal Proposal,,,Yes,227,65,162,0
Monroe,"Frenchtown Township, Precinct 9",County Senior Citizen Renewal Proposal,,,Ballots Cast,313,89,224,0
Monroe,"Ida Township, Precinct 1",County Senior Citizen Renewal Proposal,,,No,139,72,67,0
Monroe,"Ida Township, Precinct 1",County Senior Citizen Renewal Proposal,,,Total Votes,546,229,317,0
Monroe,"Ida Township, Precinct 1",County Senior Citizen Renewal Proposal,,,Yes,407,157,250,0
Monroe,"Ida Township, Precinct 1",County Senior Citizen Renewal Proposal,,,Ballots Cast,618,272,346,0
Monroe,"Ida Township, Precinct 2",County Senior Citizen Renewal Proposal,,,No,139,72,67,0
Monroe,"Ida Township, Precinct 2",County Senior Citizen Renewal Proposal,,,Total Votes,629,267,362,0
Monroe,"Ida Township, Precinct 2",County Senior Citizen Renewal Proposal,,,Yes,490,195,295,0
Monroe,"Ida Township, Precinct 2",County Senior Citizen Renewal Proposal,,,Ballots Cast,687,293,394,0
Monroe,"La Salle Township, Precinct 1",County Senior Citizen Renewal Proposal,,,No,183,71,112,0
Monroe,"La Salle Township, Precinct 1",County Senior Citizen Renewal Proposal,,,Total Votes,579,213,366,0
Monroe,"La Salle Township, Precinct 1",County Senior Citizen Renewal Proposal,,,Yes,396,142,254,0
Monroe,"La Salle Township, Precinct 1",County Senior Citizen Renewal Proposal,,,Ballots Cast,672,253,419,0
Monroe,"La Salle Township, Precinct 2",County Senior Citizen Renewal Proposal,,,No,172,91,81,0
Monroe,"La Salle Township, Precinct 2",County Senior Citizen Renewal Proposal,,,Total Votes,671,259,412,0
Monroe,"La Salle Township, Precinct 2",County Senior Citizen Renewal Proposal,,,Yes,499,168,331,0
Monroe,"La Salle Township, Precinct 2",County Senior Citizen Renewal Proposal,,,Ballots Cast,779,325,454,0
Monroe,"London Township, Precinct 1",County Senior Citizen Renewal Proposal,,,No,269,269,0,0
Monroe,"London Township, Precinct 1",County Senior Citizen Renewal Proposal,,,Total Votes,663,663,0,0
Monroe,"London Township, Precinct 1",County Senior Citizen Renewal Proposal,,,Yes,394,394,0,0
Monroe,"London Township, Precinct 1",County Senior Citizen Renewal Proposal,,,Ballots Cast,834,834,0,0
Monroe,"Milan Township, Precinct 1",County Senior Citizen Renewal Proposal,,,No,98,98,0,0
Monroe,"Milan Township, Precinct 1",County Senior Citizen Renewal Proposal,,,Total Votes,391,391,0,0
Monroe,"Milan Township, Precinct 1",County Senior Citizen Renewal Proposal,,,Yes,293,293,0,0
Monroe,"Milan Township, Precinct 1",County Senior Citizen Renewal Proposal,,,Ballots Cast,451,451,0,0
Monroe,"Monroe Township, Precinct 1",County Senior Citizen Renewal Proposal,,,No,57,15,42,0
Monroe,"Monroe Township, Precinct 1",County Senior Citizen Renewal Proposal,,,Total Votes,400,93,307,0
Monroe,"Monroe Township, Precinct 1",County Senior Citizen Renewal Proposal,,,Yes,343,78,265,0
Monroe,"Monroe Township, Precinct 1",County Senior Citizen Renewal Proposal,,,Ballots Cast,452,114,338,0
Monroe,"Monroe Township, Precinct 2",County Senior Citizen Renewal Proposal,,,No,30,6,24,0
Monroe,"Monroe Township, Precinct 2",County Senior Citizen Renewal Proposal,,,Total Votes,220,59,161,0
Monroe,"Monroe Township, Precinct 2",County Senior Citizen Renewal Proposal,,,Yes,190,53,137,0
Monroe,"Monroe Township, Precinct 2",County Senior Citizen Renewal Proposal,,,Ballots Cast,248,75,173,0
Monroe,"Monroe Township, Precinct 3",County Senior Citizen Renewal Proposal,,,No,79,32,47,0
Monroe,"Monroe Township, Precinct 3",County Senior Citizen Renewal Proposal,,,Total Votes,393,133,260,0
Monroe,"Monroe Township, Precinct 3",County Senior Citizen Renewal Proposal,,,Yes,314,101,213,0
Monroe,"Monroe Township, Precinct 3",County Senior Citizen Renewal Proposal,,,Ballots Cast,454,146,308,0
Monroe,"Monroe Township, Precinct 4",County Senior Citizen Renewal Proposal,,,No,92,38,54,0
Monroe,"Monroe Township, Precinct 4",County Senior Citizen Renewal Proposal,,,Total Votes,511,166,345,0
Monroe,"Monroe Township, Precinct 4",County Senior Citizen Renewal Proposal,,,Yes,419,128,291,0
Monroe,"Monroe Township, Precinct 4",County Senior Citizen Renewal Proposal,,,Ballots Cast,577,186,391,0
Monroe,"Monroe Township, Precinct 5",County Senior Citizen Renewal Proposal,,,No,133,61,72,0
Monroe,"Monroe Township, Precinct 5",County Senior Citizen Renewal Proposal,,,Total Votes,770,233,537,0
Monroe,"Monroe Township, Precinct 5",County Senior Citizen Renewal Proposal,,,Yes,637,172,465,0
Monroe,"Monroe Township, Precinct 5",County Senior Citizen Renewal Proposal,,,Ballots Cast,831,242,589,0
Monroe,"Monroe Township, Precinct 6",County Senior Citizen Renewal Proposal,,,No,108,29,79,0
Monroe,"Monroe Township, Precinct 6",County Senior Citizen Renewal Proposal,,,Total Votes,488,139,349,0
Monroe,"Monroe Township, Precinct 6",County Senior Citizen Renewal Proposal,,,Yes,380,110,270,0
Monroe,"Monroe Township, Precinct 6",County Senior Citizen Renewal Proposal,,,Ballots Cast,538,141,397,0
Monroe,"Raisinville Township, Precinct 1",County Senior Citizen Renewal Proposal,,,No,217,82,135,0
Monroe,"Raisinville Township, Precinct 1",County Senior Citizen Renewal Proposal,,,Total Votes,732,210,522,0
Monroe,"Raisinville Township, Precinct 1",County Senior Citizen Renewal Proposal,,,Yes,515,128,387,0
Monroe,"Raisinville Township, Precinct 1",County Senior Citizen Renewal Proposal,,,Ballots Cast,833,241,592,0
Monroe,"Raisinville Township, Precinct 2",County Senior Citizen Renewal Proposal,,,No,115,46,69,0
Monroe,"Raisinville Township, Precinct 2",County Senior Citizen Renewal Proposal,,,Total Votes,723,259,464,0
Monroe,"Raisinville Township, Precinct 2",County Senior Citizen Renewal Proposal,,,Yes,608,213,395,0
Monroe,"Raisinville Township, Precinct 2",County Senior Citizen Renewal Proposal,,,Ballots Cast,791,271,520,0
Monroe,"Summerfield Township, Precinct 1",County Senior Citizen Renewal Proposal,,,No,230,230,0,0
Monroe,"Summerfield Township, Precinct 1",County Senior Citizen Renewal Proposal,,,Total Votes,862,862,0,0
Monroe,"Summerfield Township, Precinct 1",County Senior Citizen Renewal Proposal,,,Yes,632,632,0,0
Monroe,"Summerfield Township, Precinct 1",County Senior Citizen Renewal Proposal,,,Ballots Cast,984,984,0,0
Monroe,"Whiteford Township, Precinct 1",County Senior Citizen Renewal Proposal,,,No,143,74,69,0
Monroe,"Whiteford Township, Precinct 1",County Senior Citizen Renewal Proposal,,,Total Votes,477,195,282,0
Monroe,"Whiteford Township, Precinct 1",County Senior Citizen Renewal Proposal,,,Yes,334,121,213,0
Monroe,"Whiteford Township, Precinct 1",County Senior Citizen Renewal Proposal,,,Ballots Cast,518,213,305,0
Monroe,"Whiteford Township, Precinct 2",County Senior Citizen Renewal Proposal,,,No,116,51,65,0
Monroe,"Whiteford Township, Precinct 2",County Senior Citizen Renewal Proposal,,,Total Votes,335,149,186,0
Monroe,"Whiteford Township, Precinct 2",County Senior Citizen Renewal Proposal,,,Yes,219,98,121,0
Monroe,"Whiteford Township, Precinct 2",County Senior Citizen Renewal Proposal,,,Ballots Cast,385,170,215,0
Monroe,"Ash Township, Precinct 1",County Fairview Funding Renewal Proposal,,,No,213,213,0,0
Monroe,"Ash Township, Precinct 1",County Fairview Funding Renewal Proposal,,,Total Votes,598,598,0,0
Monroe,"Ash Township, Precinct 1",County Fairview Funding Renewal Proposal,,,Yes,385,385,0,0
Monroe,"Ash Township, Precinct 1",County Fairview Funding Renewal Proposal,,,Ballots Cast,664,664,0,0
Monroe,"Ash Township, Precinct 2",County Fairview Funding Renewal Proposal,,,No,234,234,0,0
Monroe,"Ash Township, Precinct 2",County Fairview Funding Renewal Proposal,,,Total Votes,667,667,0,0
Monroe,"Ash Township, Precinct 2",County Fairview Funding Renewal Proposal,,,Yes,433,433,0,0
Monroe,"Ash Township, Precinct 2",County Fairview Funding Renewal Proposal,,,Ballots Cast,732,732,0,0
Monroe,"Ash Township, Precinct 3",County Fairview Funding Renewal Proposal,,,No,197,197,0,0
Monroe,"Ash Township, Precinct 3",County Fairview Funding Renewal Proposal,,,Total Votes,534,534,0,0
Monroe,"Ash Township, Precinct 3",County Fairview Funding Renewal Proposal,,,Yes,337,337,0,0
Monroe,"Ash Township, Precinct 3",County Fairview Funding Renewal Proposal,,,Ballots Cast,593,593,0,0
Monroe,"Bedford Township, Precinct 1",County Fairview Funding Renewal Proposal,,,No,121,64,57,0
Monroe,"Bedford Township, Precinct 1",County Fairview Funding Renewal Proposal,,,Total Votes,307,147,160,0
Monroe,"Bedford Township, Precinct 1",County Fairview Funding Renewal Proposal,,,Yes,186,83,103,0
Monroe,"Bedford Township, Precinct 1",County Fairview Funding Renewal Proposal,,,Ballots Cast,338,169,169,0
Monroe,"Bedford Township, Precinct 10",County Fairview Funding Renewal Proposal,,,No,174,76,98,0
Monroe,"Bedford Township, Precinct 10",County Fairview Funding Renewal Proposal,,,Total Votes,422,167,255,0
Monroe,"Bedford Township, Precinct 10",County Fairview Funding Renewal Proposal,,,Yes,248,91,157,0
Monroe,"Bedford Township, Precinct 10",County Fairview Funding Renewal Proposal,,,Ballots Cast,470,192,278,0
Monroe,"Bedford Township, Precinct 11",County Fairview Funding Renewal Proposal,,,No,325,149,176,0
Monroe,"Bedford Township, Precinct 11",County Fairview Funding Renewal Proposal,,,Total Votes,703,299,404,0
Monroe,"Bedford Township, Precinct 11",County Fairview Funding Renewal Proposal,,,Yes,378,150,228,0
Monroe,"Bedford Township, Precinct 11",County Fairview Funding Renewal Proposal,,,Ballots Cast,805,356,449,0
Monroe,"Bedford Township, Precinct 12",County Fairview Funding Renewal Proposal,,,No,171,74,97,0
Monroe,"Bedford Township, Precinct 12",County Fairview Funding Renewal Proposal,,,Total Votes,509,186,323,0
Monroe,"Bedford Township, Precinct 12",County Fairview Funding Renewal Proposal,,,Yes,338,112,226,0
Monroe,"Bedford Township, Precinct 12",County Fairview Funding Renewal Proposal,,,Ballots Cast,578,218,360,0
Monroe,"Bedford Township, Precinct 13",County Fairview Funding Renewal Proposal,,,No,205,104,101,0
Monroe,"Bedford Township, Precinct 13",County Fairview Funding Renewal Proposal,,,Total Votes,584,245,339,0
Monroe,"Bedford Township, Precinct 13",County Fairview Funding Renewal Proposal,,,Yes,379,141,238,0
Monroe,"Bedford Township, Precinct 13",County Fairview Funding Renewal Proposal,,,Ballots Cast,662,292,370,0
Monroe,"Bedford Township, Precinct 14",County Fairview Funding Renewal Proposal,,,No,116,52,64,0
Monroe,"Bedford Township, Precinct 14",County Fairview Funding Renewal Proposal,,,Total Votes,345,112,233,0
Monroe,"Bedford Township, Precinct 14",County Fairview Funding Renewal Proposal,,,Yes,229,60,169,0
Monroe,"Bedford Township, Precinct 14",County Fairview Funding Renewal Proposal,,,Ballots Cast,403,145,258,0
Monroe,"Bedford Township, Precinct 2",County Fairview Funding Renewal Proposal,,,No,216,91,125,0
Monroe,"Bedford Township, Precinct 2",County Fairview Funding Renewal Proposal,,,Total Votes,564,205,359,0
Monroe,"Bedford Township, Precinct 2",County Fairview Funding Renewal Proposal,,,Yes,348,114,234,0
Monroe,"Bedford Township, Precinct 2",County Fairview Funding Renewal Proposal,,,Ballots Cast,641,246,395,0
Monroe,"Bedford Township, Precinct 3",County Fairview Funding Renewal Proposal,,,No,187,94,93,0
Monroe,"Bedford Township, Precinct 3",County Fairview Funding Renewal Proposal,,,Total Votes,535,252,283,0
Monroe,"Bedford Township, Precinct 3",County Fairview Funding Renewal Proposal,,,Yes,348,158,190,0
Monroe,"Bedford Township, Precinct 3",County Fairview Funding Renewal Proposal,,,Ballots Cast,588,288,300,0
Monroe,"Bedford Township, Precinct 4",County Fairview Funding Renewal Proposal,,,No,242,95,147,0
Monroe,"Bedford Township, Precinct 4",County Fairview Funding Renewal Proposal,,,Total Votes,667,242,425,0
Monroe,"Bedford Township, Precinct 4",County Fairview Funding Renewal Proposal,,,Yes,425,147,278,0
Monroe,"Bedford Township, Precinct 4",County Fairview Funding Renewal Proposal,,,Ballots Cast,763,283,480,0
Monroe,"Bedford Township, Precinct 5",County Fairview Funding Renewal Proposal,,,No,211,94,117,0
Monroe,"Bedford Township, Precinct 5",County Fairview Funding Renewal Proposal,,,Total Votes,586,215,371,0
Monroe,"Bedford Township, Precinct 5",County Fairview Funding Renewal Proposal,,,Yes,375,121,254,0
Monroe,"Bedford Township, Precinct 5",County Fairview Funding Renewal Proposal,,,Ballots Cast,647,250,397,0
Monroe,"Bedford Township, Precinct 6",County Fairview Funding Renewal Proposal,,,No,297,146,151,0
Monroe,"Bedford Township, Precinct 6",County Fairview Funding Renewal Proposal,,,Total Votes,832,355,477,0
Monroe,"Bedford Township, Precinct 6",County Fairview Funding Renewal Proposal,,,Yes,535,209,326,0
Monroe,"Bedford Township, Precinct 6",County Fairview Funding Renewal Proposal,,,Ballots Cast,937,407,530,0
Monroe,"Bedford Township, Precinct 7",County Fairview Funding Renewal Proposal,,,No,247,85,162,0
Monroe,"Bedford Township, Precinct 7",County Fairview Funding Renewal Proposal,,,Total Votes,664,216,448,0
Monroe,"Bedford Township, Precinct 7",County Fairview Funding Renewal Proposal,,,Yes,417,131,286,0
Monroe,"Bedford Township, Precinct 7",County Fairview Funding Renewal Proposal,,,Ballots Cast,739,263,476,0
Monroe,"Bedford Township, Precinct 8",County Fairview Funding Renewal Proposal,,,No,276,108,168,0
Monroe,"Bedford Township, Precinct 8",County Fairview Funding Renewal Proposal,,,Total Votes,713,239,474,0
Monroe,"Bedford Township, Precinct 8",County Fairview Funding Renewal Proposal,,,Yes,437,131,306,0
Monroe,"Bedford Township, Precinct 8",County Fairview Funding Renewal Proposal,,,Ballots Cast,814,291,523,0
Monroe,"Bedford Township, Precinct 9",County Fairview Funding Renewal Proposal,,,No,165,63,102,0
Monroe,"Bedford Township, Precinct 9",County Fairview Funding Renewal Proposal,,,Total Votes,484,161,323,0
Monroe,"Bedford Township, Precinct 9",County Fairview Funding Renewal Proposal,,,Yes,319,98,221,0
Monroe,"Bedford Township, Precinct 9",County Fairview Funding Renewal Proposal,,,Ballots Cast,535,190,345,0
Monroe,"Berlin Township, Precinct 1",County Fairview Funding Renewal Proposal,,,No,124,124,0,0
Monroe,"Berlin Township, Precinct 1",County Fairview Funding Renewal Proposal,,,Total Votes,385,385,0,0
Monroe,"Berlin Township, Precinct 1",County Fairview Funding Renewal Proposal,,,Yes,261,261,0,0
Monroe,"Berlin Township, Precinct 1",County Fairview Funding Renewal Proposal,,,Ballots Cast,444,444,0,0
Monroe,"Berlin Township, Precinct 2",County Fairview Funding Renewal Proposal,,,No,236,236,0,0
Monroe,"Berlin Township, Precinct 2",County Fairview Funding Renewal Proposal,,,Total Votes,642,642,0,0
Monroe,"Berlin Township, Precinct 2",County Fairview Funding Renewal Proposal,,,Yes,406,406,0,0
Monroe,"Berlin Township, Precinct 2",County Fairview Funding Renewal Proposal,,,Ballots Cast,731,731,0,0
Monroe,"Berlin Township, Precinct 3",County Fairview Funding Renewal Proposal,,,No,135,135,0,0
Monroe,"Berlin Township, Precinct 3",County Fairview Funding Renewal Proposal,,,Total Votes,343,343,0,0
Monroe,"Berlin Township, Precinct 3",County Fairview Funding Renewal Proposal,,,Yes,208,208,0,0
Monroe,"Berlin Township, Precinct 3",County Fairview Funding Renewal Proposal,,,Ballots Cast,407,407,0,0
Monroe,"Berlin Township, Precinct 4",County Fairview Funding Renewal Proposal,,,No,176,176,0,0
Monroe,"Berlin Township, Precinct 4",County Fairview Funding Renewal Proposal,,,Total Votes,515,515,0,0
Monroe,"Berlin Township, Precinct 4",County Fairview Funding Renewal Proposal,,,Yes,339,339,0,0
Monroe,"Berlin Township, Precinct 4",County Fairview Funding Renewal Proposal,,,Ballots Cast,582,582,0,0
Monroe,"City of Luna Pier, Precinct 1",County Fairview Funding Renewal Proposal,,,No,156,156,0,0
Monroe,"City of Luna Pier, Precinct 1",County Fairview Funding Renewal Proposal,,,Total Votes,333,333,0,0
Monroe,"City of Luna Pier, Precinct 1",County Fairview Funding Renewal Proposal,,,Yes,177,177,0,0
Monroe,"City of Luna Pier, Precinct 1",County Fairview Funding Renewal Proposal,,,Ballots Cast,372,372,0,0
Monroe,"City of Milan, Precinct 1",County Fairview Funding Renewal Proposal,,,No,115,115,0,0
Monroe,"City of Milan, Precinct 1",County Fairview Funding Renewal Proposal,,,Total Votes,391,391,0,0
Monroe,"City of Milan, Precinct 1",County Fairview Funding Renewal Proposal,,,Yes,276,276,0,0
Monroe,"City of Milan, Precinct 1",County Fairview Funding Renewal Proposal,,,Ballots Cast,423,423,0,0
Monroe,"City of Monroe, Precinct 1",County Fairview Funding Renewal Proposal,,,No,134,39,95,0
Monroe,"City of Monroe, Precinct 1",County Fairview Funding Renewal Proposal,,,Total Votes,551,134,417,0
Monroe,"City of Monroe, Precinct 1",County Fairview Funding Renewal Proposal,,,Yes,417,95,322,0
Monroe,"City of Monroe, Precinct 1",County Fairview Funding Renewal Proposal,,,Ballots Cast,608,158,450,0
Monroe,"City of Monroe, Precinct 2",County Fairview Funding Renewal Proposal,,,No,101,44,57,0
Monroe,"City of Monroe, Precinct 2",County Fairview Funding Renewal Proposal,,,Total Votes,448,159,289,0
Monroe,"City of Monroe, Precinct 2",County Fairview Funding Renewal Proposal,,,Yes,347,115,232,0
Monroe,"City of Monroe, Precinct 2",County Fairview Funding Renewal Proposal,,,Ballots Cast,487,180,307,0
Monroe,"City of Monroe, Precinct 3N",County Fairview Funding Renewal Proposal,,,No,59,31,28,0
Monroe,"City of Monroe, Precinct 3N",County Fairview Funding Renewal Proposal,,,Total Votes,257,101,156,0
Monroe,"City of Monroe, Precinct 3N",County Fairview Funding Renewal Proposal,,,Yes,198,70,128,0
Monroe,"City of Monroe, Precinct 3N",County Fairview Funding Renewal Proposal,,,Ballots Cast,288,116,172,0
Monroe,"City of Monroe, Precinct 3S",County Fairview Funding Renewal Proposal,,,No,47,17,30,0
Monroe,"City of Monroe, Precinct 3S",County Fairview Funding Renewal Proposal,,,Total Votes,185,71,114,0
Monroe,"City of Monroe, Precinct 3S",County Fairview Funding Renewal Proposal,,,Yes,138,54,84,0
Monroe,"City of Monroe, Precinct 3S",County Fairview Funding Renewal Proposal,,,Ballots Cast,213,88,125,0
Monroe,"City of Monroe, Precinct 4",County Fairview Funding Renewal Proposal,,,No,165,67,98,0
Monroe,"City of Monroe, Precinct 4",County Fairview Funding Renewal Proposal,,,Total Votes,796,264,532,0
Monroe,"City of Monroe, Precinct 4",County Fairview Funding Renewal Proposal,,,Yes,631,197,434,0
Monroe,"City of Monroe, Precinct 4",County Fairview Funding Renewal Proposal,,,Ballots Cast,872,283,589,0
Monroe,"City of Monroe, Precinct 5",County Fairview Funding Renewal Proposal,,,No,175,49,126,0
Monroe,"City of Monroe, Precinct 5",County Fairview Funding Renewal Proposal,,,Total Votes,849,192,657,0
Monroe,"City of Monroe, Precinct 5",County Fairview Funding Renewal Proposal,,,Yes,674,143,531,0
Monroe,"City of Monroe, Precinct 5",County Fairview Funding Renewal Proposal,,,Ballots Cast,956,226,730,0
Monroe,"City of Monroe, Precinct 6",County Fairview Funding Renewal Proposal,,,No,137,43,94,0
Monroe,"City of Monroe, Precinct 6",County Fairview Funding Renewal Proposal,,,Total Votes,625,183,442,0
Monroe,"City of Monroe, Precinct 6",County Fairview Funding Renewal Proposal,,,Yes,488,140,348,0
Monroe,"City of Monroe, Precinct 6",County Fairview Funding Renewal Proposal,,,Ballots Cast,692,212,480,0
Monroe,"City of Petersburg, Precinct 1",County Fairview Funding Renewal Proposal,,,No,59,59,0,0
Monroe,"City of Petersburg, Precinct 1",County Fairview Funding Renewal Proposal,,,Total Votes,246,246,0,0
Monroe,"City of Petersburg, Precinct 1",County Fairview Funding Renewal Proposal,,,Yes,187,187,0,0
Monroe,"City of Petersburg, Precinct 1",County Fairview Funding Renewal Proposal,,,Ballots Cast,268,268,0,0
Monroe,"Dundee Township, Precinct 1",County Fairview Funding Renewal Proposal,,,No,114,114,0,0
Monroe,"Dundee Township, Precinct 1",County Fairview Funding Renewal Proposal,,,Total Votes,421,421,0,0
Monroe,"Dundee Township, Precinct 1",County Fairview Funding Renewal Proposal,,,Yes,307,307,0,0
Monroe,"Dundee Township, Precinct 1",County Fairview Funding Renewal Proposal,,,Ballots Cast,467,467,0,0
Monroe,"Dundee Township, Precinct 2",County Fairview Funding Renewal Proposal,,,No,135,135,0,0
Monroe,"Dundee Township, Precinct 2",County Fairview Funding Renewal Proposal,,,Total Votes,601,601,0,0
Monroe,"Dundee Township, Precinct 2",County Fairview Funding Renewal Proposal,,,Yes,466,466,0,0
Monroe,"Dundee Township, Precinct 2",County Fairview Funding Renewal Proposal,,,Ballots Cast,654,654,0,0
Monroe,"Dundee Township, Precinct 3",County Fairview Funding Renewal Proposal,,,No,175,175,0,0
Monroe,"Dundee Township, Precinct 3",County Fairview Funding Renewal Proposal,,,Total Votes,641,641,0,0
Monroe,"Dundee Township, Precinct 3",County Fairview Funding Renewal Proposal,,,Yes,466,466,0,0
Monroe,"Dundee Township, Precinct 3",County Fairview Funding Renewal Proposal,,,Ballots Cast,692,692,0,0
Monroe,"Erie Township, Precinct 1",County Fairview Funding Renewal Proposal,,,No,225,103,122,0
Monroe,"Erie Township, Precinct 1",County Fairview Funding Renewal Proposal,,,Total Votes,591,206,385,0
Monroe,"Erie Township, Precinct 1",County Fairview Funding Renewal Proposal,,,Yes,366,103,263,0
Monroe,"Erie Township, Precinct 1",County Fairview Funding Renewal Proposal,,,Ballots Cast,672,249,423,0
Monroe,"Erie Township, Precinct 2",County Fairview Funding Renewal Proposal,,,No,143,66,77,0
Monroe,"Erie Township, Precinct 2",County Fairview Funding Renewal Proposal,,,Total Votes,334,125,209,0
Monroe,"Erie Township, Precinct 2",County Fairview Funding Renewal Proposal,,,Yes,191,59,132,0
Monroe,"Erie Township, Precinct 2",County Fairview Funding Renewal Proposal,,,Ballots Cast,402,164,238,0
Monroe,"Exeter Township, Precinct 1",County Fairview Funding Renewal Proposal,,,No,106,106,0,0
Monroe,"Exeter Township, Precinct 1",County Fairview Funding Renewal Proposal,,,Total Votes,347,347,0,0
Monroe,"Exeter Township, Precinct 1",County Fairview Funding Renewal Proposal,,,Yes,241,241,0,0
Monroe,"Exeter Township, Precinct 1",County Fairview Funding Renewal Proposal,,,Ballots Cast,396,396,0,0
Monroe,"Exeter Township, Precinct 2",County Fairview Funding Renewal Proposal,,,No,152,152,0,0
Monroe,"Exeter Township, Precinct 2",County Fairview Funding Renewal Proposal,,,Total Votes,413,413,0,0
Monroe,"Exeter Township, Precinct 2",County Fairview Funding Renewal Proposal,,,Yes,261,261,0,0
Monroe,"Exeter Township, Precinct 2",County Fairview Funding Renewal Proposal,,,Ballots Cast,475,475,0,0
Monroe,"Frenchtown Township, Precinct 1",County Fairview Funding Renewal Proposal,,,No,96,47,49,0
Monroe,"Frenchtown Township, Precinct 1",County Fairview Funding Renewal Proposal,,,Total Votes,271,108,163,0
Monroe,"Frenchtown Township, Precinct 1",County Fairview Funding Renewal Proposal,,,Yes,175,61,114,0
Monroe,"Frenchtown Township, Precinct 1",County Fairview Funding Renewal Proposal,,,Ballots Cast,307,126,181,0
Monroe,"Frenchtown Township, Precinct 2",County Fairview Funding Renewal Proposal,,,No,107,45,62,0
Monroe,"Frenchtown Township, Precinct 2",County Fairview Funding Renewal Proposal,,,Total Votes,348,126,222,0
Monroe,"Frenchtown Township, Precinct 2",County Fairview Funding Renewal Proposal,,,Yes,241,81,160,0
Monroe,"Frenchtown Township, Precinct 2",County Fairview Funding Renewal Proposal,,,Ballots Cast,384,141,243,0
Monroe,"Frenchtown Township, Precinct 3",County Fairview Funding Renewal Proposal,,,No,126,43,83,0
Monroe,"Frenchtown Township, Precinct 3",County Fairview Funding Renewal Proposal,,,Total Votes,417,130,287,0
Monroe,"Frenchtown Township, Precinct 3",County Fairview Funding Renewal Proposal,,,Yes,291,87,204,0
Monroe,"Frenchtown Township, Precinct 3",County Fairview Funding Renewal Proposal,,,Ballots Cast,465,151,314,0
Monroe,"Frenchtown Township, Precinct 4",County Fairview Funding Renewal Proposal,,,No,167,55,112,0
Monroe,"Frenchtown Township, Precinct 4",County Fairview Funding Renewal Proposal,,,Total Votes,596,148,448,0
Monroe,"Frenchtown Township, Precinct 4",County Fairview Funding Renewal Proposal,,,Yes,429,93,336,0
Monroe,"Frenchtown Township, Precinct 4",County Fairview Funding Renewal Proposal,,,Ballots Cast,657,154,503,0
Monroe,"Frenchtown Township, Precinct 5",County Fairview Funding Renewal Proposal,,,No,110,47,63,0
Monroe,"Frenchtown Township, Precinct 5",County Fairview Funding Renewal Proposal,,,Total Votes,365,120,245,0
Monroe,"Frenchtown Township, Precinct 5",County Fairview Funding Renewal Proposal,,,Yes,255,73,182,0
Monroe,"Frenchtown Township, Precinct 5",County Fairview Funding Renewal Proposal,,,Ballots Cast,417,139,278,0
Monroe,"Frenchtown Township, Precinct 6",County Fairview Funding Renewal Proposal,,,No,174,74,100,0
Monroe,"Frenchtown Township, Precinct 6",County Fairview Funding Renewal Proposal,,,Total Votes,557,210,347,0
Monroe,"Frenchtown Township, Precinct 6",County Fairview Funding Renewal Proposal,,,Yes,383,136,247,0
Monroe,"Frenchtown Township, Precinct 6",County Fairview Funding Renewal Proposal,,,Ballots Cast,625,230,395,0
Monroe,"Frenchtown Township, Precinct 7",County Fairview Funding Renewal Proposal,,,No,269,73,196,0
Monroe,"Frenchtown Township, Precinct 7",County Fairview Funding Renewal Proposal,,,Total Votes,904,216,688,0
Monroe,"Frenchtown Township, Precinct 7",County Fairview Funding Renewal Proposal,,,Yes,635,143,492,0
Monroe,"Frenchtown Township, Precinct 7",County Fairview Funding Renewal Proposal,,,Ballots Cast,1005,238,767,0
Monroe,"Frenchtown Township, Precinct 8",County Fairview Funding Renewal Proposal,,,No,144,57,87,0
Monroe,"Frenchtown Township, Precinct 8",County Fairview Funding Renewal Proposal,,,Total Votes,444,154,290,0
Monroe,"Frenchtown Township, Precinct 8",County Fairview Funding Renewal Proposal,,,Yes,300,97,203,0
Monroe,"Frenchtown Township, Precinct 8",County Fairview Funding Renewal Proposal,,,Ballots Cast,488,175,313,0
Monroe,"Frenchtown Township, Precinct 9",County Fairview Funding Renewal Proposal,,,No,68,25,43,0
Monroe,"Frenchtown Township, Precinct 9",County Fairview Funding Renewal Proposal,,,Total Votes,287,86,201,0
Monroe,"Frenchtown Township, Precinct 9",County Fairview Funding Renewal Proposal,,,Yes,219,61,158,0
Monroe,"Frenchtown Township, Precinct 9",County Fairview Funding Renewal Proposal,,,Ballots Cast,313,89,224,0
Monroe,"Ida Township, Precinct 1",County Fairview Funding Renewal Proposal,,,No,196,102,94,0
Monroe,"Ida Township, Precinct 1",County Fairview Funding Renewal Proposal,,,Total Votes,531,220,311,0
Monroe,"Ida Township, Precinct 1",County Fairview Funding Renewal Proposal,,,Yes,335,118,217,0
Monroe,"Ida Township, Precinct 1",County Fairview Funding Renewal Proposal,,,Ballots Cast,618,272,346,0
Monroe,"Ida Township, Precinct 2",County Fairview Funding Renewal Proposal,,,No,174,79,95,0
Monroe,"Ida Township, Precinct 2",County Fairview Funding Renewal Proposal,,,Total Votes,615,260,355,0
Monroe,"Ida Township, Precinct 2",County Fairview Funding Renewal Proposal,,,Yes,441,181,260,0
Monroe,"Ida Township, Precinct 2",County Fairview Funding Renewal Proposal,,,Ballots Cast,687,293,394,0
Monroe,"La Salle Township, Precinct 1",County Fairview Funding Renewal Proposal,,,No,223,93,130,0
Monroe,"La Salle Township, Precinct 1",County Fairview Funding Renewal Proposal,,,Total Votes,571,212,359,0
Monroe,"La Salle Township, Precinct 1",County Fairview Funding Renewal Proposal,,,Yes,348,119,229,0
Monroe,"La Salle Township, Precinct 1",County Fairview Funding Renewal Proposal,,,Ballots Cast,672,253,419,0
Monroe,"La Salle Township, Precinct 2",County Fairview Funding Renewal Proposal,,,No,201,111,90,0
Monroe,"La Salle Township, Precinct 2",County Fairview Funding Renewal Proposal,,,Total Votes,671,256,415,0
Monroe,"La Salle Township, Precinct 2",County Fairview Funding Renewal Proposal,,,Yes,470,145,325,0
Monroe,"La Salle Township, Precinct 2",County Fairview Funding Renewal Proposal,,,Ballots Cast,779,325,454,0
Monroe,"London Township, Precinct 1",County Fairview Funding Renewal Proposal,,,No,341,341,0,0
Monroe,"London Township, Precinct 1",County Fairview Funding Renewal Proposal,,,Total Votes,659,659,0,0
Monroe,"London Township, Precinct 1",County Fairview Funding Renewal Proposal,,,Yes,318,318,0,0
Monroe,"London Township, Precinct 1",County Fairview Funding Renewal Proposal,,,Ballots Cast,834,834,0,0
Monroe,"Milan Township, Precinct 1",County Fairview Funding Renewal Proposal,,,No,159,159,0,0
Monroe,"Milan Township, Precinct 1",County Fairview Funding Renewal Proposal,,,Total Votes,388,388,0,0
Monroe,"Milan Township, Precinct 1",County Fairview Funding Renewal Proposal,,,Yes,229,229,0,0
Monroe,"Milan Township, Precinct 1",County Fairview Funding Renewal Proposal,,,Ballots Cast,451,451,0,0
Monroe,"Monroe Township, Precinct 1",County Fairview Funding Renewal Proposal,,,No,74,22,52,0
Monroe,"Monroe Township, Precinct 1",County Fairview Funding Renewal Proposal,,,Total Votes,397,93,304,0
Monroe,"Monroe Township, Precinct 1",County Fairview Funding Renewal Proposal,,,Yes,323,71,252,0
Monroe,"Monroe Township, Precinct 1",County Fairview Funding Renewal Proposal,,,Ballots Cast,452,114,338,0
Monroe,"Monroe Township, Precinct 2",County Fairview Funding Renewal Proposal,,,No,33,7,26,0
Monroe,"Monroe Township, Precinct 2",County Fairview Funding Renewal Proposal,,,Total Votes,219,59,160,0
Monroe,"Monroe Township, Precinct 2",County Fairview Funding Renewal Proposal,,,Yes,186,52,134,0
Monroe,"Monroe Township, Precinct 2",County Fairview Funding Renewal Proposal,,,Ballots Cast,248,75,173,0
Monroe,"Monroe Township, Precinct 3",County Fairview Funding Renewal Proposal,,,No,114,47,67,0
Monroe,"Monroe Township, Precinct 3",County Fairview Funding Renewal Proposal,,,Total Votes,395,133,262,0
Monroe,"Monroe Township, Precinct 3",County Fairview Funding Renewal Proposal,,,Yes,281,86,195,0
Monroe,"Monroe Township, Precinct 3",County Fairview Funding Renewal Proposal,,,Ballots Cast,454,146,308,0
Monroe,"Monroe Township, Precinct 4",County Fairview Funding Renewal Proposal,,,No,122,48,74,0
Monroe,"Monroe Township, Precinct 4",County Fairview Funding Renewal Proposal,,,Total Votes,509,164,345,0
Monroe,"Monroe Township, Precinct 4",County Fairview Funding Renewal Proposal,,,Yes,387,116,271,0
Monroe,"Monroe Township, Precinct 4",County Fairview Funding Renewal Proposal,,,Ballots Cast,577,186,391,0
Monroe,"Monroe Township, Precinct 5",County Fairview Funding Renewal Proposal,,,No,181,76,105,0
Monroe,"Monroe Township, Precinct 5",County Fairview Funding Renewal Proposal,,,Total Votes,766,233,533,0
Monroe,"Monroe Township, Precinct 5",County Fairview Funding Renewal Proposal,,,Yes,585,157,428,0
Monroe,"Monroe Township, Precinct 5",County Fairview Funding Renewal Proposal,,,Ballots Cast,831,242,589,0
Monroe,"Monroe Township, Precinct 6",County Fairview Funding Renewal Proposal,,,No,133,40,93,0
Monroe,"Monroe Township, Precinct 6",County Fairview Funding Renewal Proposal,,,Total Votes,485,137,348,0
Monroe,"Monroe Township, Precinct 6",County Fairview Funding Renewal Proposal,,,Yes,352,97,255,0
Monroe,"Monroe Township, Precinct 6",County Fairview Funding Renewal Proposal,,,Ballots Cast,538,141,397,0
Monroe,"Raisinville Township, Precinct 1",County Fairview Funding Renewal Proposal,,,No,250,98,152,0
Monroe,"Raisinville Township, Precinct 1",County Fairview Funding Renewal Proposal,,,Total Votes,729,208,521,0
Monroe,"Raisinville Township, Precinct 1",County Fairview Funding Renewal Proposal,,,Yes,479,110,369,0
Monroe,"Raisinville Township, Precinct 1",County Fairview Funding Renewal Proposal,,,Ballots Cast,833,241,592,0
Monroe,"Raisinville Township, Precinct 2",County Fairview Funding Renewal Proposal,,,No,165,74,91,0
Monroe,"Raisinville Township, Precinct 2",County Fairview Funding Renewal Proposal,,,Total Votes,716,257,459,0
Monroe,"Raisinville Township, Precinct 2",County Fairview Funding Renewal Proposal,,,Yes,551,183,368,0
Monroe,"Raisinville Township, Precinct 2",County Fairview Funding Renewal Proposal,,,Ballots Cast,791,271,520,0
Monroe,"Summerfield Township, Precinct 1",County Fairview Funding Renewal Proposal,,,No,317,317,0,0
Monroe,"Summerfield Township, Precinct 1",County Fairview Funding Renewal Proposal,,,Total Votes,845,845,0,0
Monroe,"Summerfield Township, Precinct 1",County Fairview Funding Renewal Proposal,,,Yes,528,528,0,0
Monroe,"Summerfield Township, Precinct 1",County Fairview Funding Renewal Proposal,,,Ballots Cast,984,984,0,0
Monroe,"Whiteford Township, Precinct 1",County Fairview Funding Renewal Proposal,,,No,194,100,94,0
Monroe,"Whiteford Township, Precinct 1",County Fairview Funding Renewal Proposal,,,Total Votes,470,193,277,0
Monroe,"Whiteford Township, Precinct 1",County Fairview Funding Renewal Proposal,,,Yes,276,93,183,0
Monroe,"Whiteford Township, Precinct 1",County Fairview Funding Renewal Proposal,,,Ballots Cast,518,213,305,0
Monroe,"Whiteford Township, Precinct 2",County Fairview Funding Renewal Proposal,,,No,158,82,76,0
Monroe,"Whiteford Township, Precinct 2",County Fairview Funding Renewal Proposal,,,Total Votes,329,148,181,0
Monroe,"Whiteford Township, Precinct 2",County Fairview Funding Renewal Proposal,,,Yes,171,66,105,0
Monroe,"Whiteford Township, Precinct 2",County Fairview Funding Renewal Proposal,,,Ballots Cast,385,170,215,0
Monroe,"City of Luna Pier, Precinct 1",City of Luna Pier Charter Amendment Proposition,,,No,111,111,0,0
Monroe,"City of Luna Pier, Precinct 1",City of Luna Pier Charter Amendment Proposition,,,Total Votes,310,310,0,0
Monroe,"City of Luna Pier, Precinct 1",City of Luna Pier Charter Amendment Proposition,,,Yes,199,199,0,0
Monroe,"City of Luna Pier, Precinct 1",City of Luna Pier Charter Amendment Proposition,,,Ballots Cast,372,372,0,0
Monroe,"Ash Township, Precinct 1",Ash Township Recycling Operation and Maintenance Proposition,,,No,239,239,0,0
Monroe,"Ash Township, Precinct 1",Ash Township Recycling Operation and Maintenance Proposition,,,Total Votes,585,585,0,0
Monroe,"Ash Township, Precinct 1",Ash Township Recycling Operation and Maintenance Proposition,,,Yes,346,346,0,0
Monroe,"Ash Township, Precinct 1",Ash Township Recycling Operation and Maintenance Proposition,,,Ballots Cast,664,664,0,0
Monroe,"Ash Township, Precinct 2",Ash Township Recycling Operation and Maintenance Proposition,,,No,265,265,0,0
Monroe,"Ash Township, Precinct 2",Ash Township Recycling Operation and Maintenance Proposition,,,Total Votes,651,651,0,0
Monroe,"Ash Township, Precinct 2",Ash Township Recycling Operation and Maintenance Proposition,,,Yes,386,386,0,0
Monroe,"Ash Township, Precinct 2",Ash Township Recycling Operation and Maintenance Proposition,,,Ballots Cast,732,732,0,0
Monroe,"Ash Township, Precinct 3",Ash Township Recycling Operation and Maintenance Proposition,,,No,191,191,0,0
Monroe,"Ash Township, Precinct 3",Ash Township Recycling Operation and Maintenance Proposition,,,Total Votes,521,521,0,0
Monroe,"Ash Township, Precinct 3",Ash Township Recycling Operation and Maintenance Proposition,,,Yes,330,330,0,0
Monroe,"Ash Township, Precinct 3",Ash Township Recycling Operation and Maintenance Proposition,,,Ballots Cast,593,593,0,0
Monroe,"Bedford Township, Precinct 1",Bedford Township Fire Protection Proposal,,,No,87,31,56,0
Monroe,"Bedford Township, Precinct 1",Bedford Township Fire Protection Proposal,,,Total Votes,303,146,157,0
Monroe,"Bedford Township, Precinct 1",Bedford Township Fire Protection Proposal,,,Yes,216,115,101,0
Monroe,"Bedford Township, Precinct 1",Bedford Township Fire Protection Proposal,,,Ballots Cast,338,169,169,0
Monroe,"Bedford Township, Precinct 10",Bedford Township Fire Protection Proposal,,,No,141,52,89,0
Monroe,"Bedford Township, Precinct 10",Bedford Township Fire Protection Proposal,,,Total Votes,405,156,249,0
Monroe,"Bedford Township, Precinct 10",Bedford Township Fire Protection Proposal,,,Yes,264,104,160,0
Monroe,"Bedford Township, Precinct 10",Bedford Township Fire Protection Proposal,,,Ballots Cast,470,192,278,0
Monroe,"Bedford Township, Precinct 11",Bedford Township Fire Protection Proposal,,,No,237,96,141,0
Monroe,"Bedford Township, Precinct 11",Bedford Township Fire Protection Proposal,,,Total Votes,707,297,410,0
Monroe,"Bedford Township, Precinct 11",Bedford Township Fire Protection Proposal,,,Yes,470,201,269,0
Monroe,"Bedford Township, Precinct 11",Bedford Township Fire Protection Proposal,,,Ballots Cast,805,356,449,0
Monroe,"Bedford Township, Precinct 12",Bedford Township Fire Protection Proposal,,,No,159,62,97,0
Monroe,"Bedford Township, Precinct 12",Bedford Township Fire Protection Proposal,,,Total Votes,518,190,328,0
Monroe,"Bedford Township, Precinct 12",Bedford Township Fire Protection Proposal,,,Yes,359,128,231,0
Monroe,"Bedford Township, Precinct 12",Bedford Township Fire Protection Proposal,,,Ballots Cast,578,218,360,0
Monroe,"Bedford Township, Precinct 13",Bedford Township Fire Protection Proposal,,,No,171,72,99,0
Monroe,"Bedford Township, Precinct 13",Bedford Township Fire Protection Proposal,,,Total Votes,587,248,339,0
Monroe,"Bedford Township, Precinct 13",Bedford Township Fire Protection Proposal,,,Yes,416,176,240,0
Monroe,"Bedford Township, Precinct 13",Bedford Township Fire Protection Proposal,,,Ballots Cast,662,292,370,0
Monroe,"Bedford Township, Precinct 14",Bedford Township Fire Protection Proposal,,,No,75,30,45,0
Monroe,"Bedford Township, Precinct 14",Bedford Township Fire Protection Proposal,,,Total Votes,352,122,230,0
Monroe,"Bedford Township, Precinct 14",Bedford Township Fire Protection Proposal,,,Yes,277,92,185,0
Monroe,"Bedford Township, Precinct 14",Bedford Township Fire Protection Proposal,,,Ballots Cast,403,145,258,0
Monroe,"Bedford Township, Precinct 2",Bedford Township Fire Protection Proposal,,,No,155,59,96,0
Monroe,"Bedford Township, Precinct 2",Bedford Township Fire Protection Proposal,,,Total Votes,562,206,356,0
Monroe,"Bedford Township, Precinct 2",Bedford Township Fire Protection Proposal,,,Yes,407,147,260,0
Monroe,"Bedford Township, Precinct 2",Bedford Township Fire Protection Proposal,,,Ballots Cast,641,246,395,0
Monroe,"Bedford Township, Precinct 3",Bedford Township Fire Protection Proposal,,,No,142,64,78,0
Monroe,"Bedford Township, Precinct 3",Bedford Township Fire Protection Proposal,,,Total Votes,540,260,280,0
Monroe,"Bedford Township, Precinct 3",Bedford Township Fire Protection Proposal,,,Yes,398,196,202,0
Monroe,"Bedford Township, Precinct 3",Bedford Township Fire Protection Proposal,,,Ballots Cast,588,288,300,0
Monroe,"Bedford Township, Precinct 4",Bedford Township Fire Protection Proposal,,,No,212,64,148,0
Monroe,"Bedford Township, Precinct 4",Bedford Township Fire Protection Proposal,,,Total Votes,667,243,424,0
Monroe,"Bedford Township, Precinct 4",Bedford Township Fire Protection Proposal,,,Yes,455,179,276,0
Monroe,"Bedford Township, Precinct 4",Bedford Township Fire Protection Proposal,,,Ballots Cast,763,283,480,0
Monroe,"Bedford Township, Precinct 5",Bedford Township Fire Protection Proposal,,,No,147,64,83,0
Monroe,"Bedford Township, Precinct 5",Bedford Township Fire Protection Proposal,,,Total Votes,584,215,369,0
Monroe,"Bedford Township, Precinct 5",Bedford Township Fire Protection Proposal,,,Yes,437,151,286,0
Monroe,"Bedford Township, Precinct 5",Bedford Township Fire Protection Proposal,,,Ballots Cast,647,250,397,0
Monroe,"Bedford Township, Precinct 6",Bedford Township Fire Protection Proposal,,,No,231,110,121,0
Monroe,"Bedford Township, Precinct 6",Bedford Township Fire Protection Proposal,,,Total Votes,831,362,469,0
Monroe,"Bedford Township, Precinct 6",Bedford Township Fire Protection Proposal,,,Yes,600,252,348,0
Monroe,"Bedford Township, Precinct 6",Bedford Township Fire Protection Proposal,,,Ballots Cast,937,407,530,0
Monroe,"Bedford Township, Precinct 7",Bedford Township Fire Protection Proposal,,,No,160,48,112,0
Monroe,"Bedford Township, Precinct 7",Bedford Township Fire Protection Proposal,,,Total Votes,652,223,429,0
Monroe,"Bedford Township, Precinct 7",Bedford Township Fire Protection Proposal,,,Yes,492,175,317,0
Monroe,"Bedford Township, Precinct 7",Bedford Township Fire Protection Proposal,,,Ballots Cast,739,263,476,0
Monroe,"Bedford Township, Precinct 8",Bedford Township Fire Protection Proposal,,,No,181,61,120,0
Monroe,"Bedford Township, Precinct 8",Bedford Township Fire Protection Proposal,,,Total Votes,717,240,477,0
Monroe,"Bedford Township, Precinct 8",Bedford Township Fire Protection Proposal,,,Yes,536,179,357,0
Monroe,"Bedford Township, Precinct 8",Bedford Township Fire Protection Proposal,,,Ballots Cast,814,291,523,0
Monroe,"Bedford Township, Precinct 9",Bedford Township Fire Protection Proposal,,,No,120,41,79,0
Monroe,"Bedford Township, Precinct 9",Bedford Township Fire Protection Proposal,,,Total Votes,473,161,312,0
Monroe,"Bedford Township, Precinct 9",Bedford Township Fire Protection Proposal,,,Yes,353,120,233,0
Monroe,"Bedford Township, Precinct 9",Bedford Township Fire Protection Proposal,,,Ballots Cast,535,190,345,0
Monroe,"Dundee Township, Precinct 1",Dundee Township Proposed Fire Department Millage,,,No,88,88,0,0
Monroe,"Dundee Township, Precinct 1",Dundee Township Proposed Fire Department Millage,,,Total Votes,426,426,0,0
Monroe,"Dundee Township, Precinct 1",Dundee Township Proposed Fire Department Millage,,,Yes,338,338,0,0
Monroe,"Dundee Township, Precinct 1",Dundee Township Proposed Fire Department Millage,,,Ballots Cast,467,467,0,0
Monroe,"Dundee Township, Precinct 2",Dundee Township Proposed Fire Department Millage,,,No,140,140,0,0
Monroe,"Dundee Township, Precinct 2",Dundee Township Proposed Fire Department Millage,,,Total Votes,621,621,0,0
Monroe,"Dundee Township, Precinct 2",Dundee Township Proposed Fire Department Millage,,,Yes,481,481,0,0
Monroe,"Dundee Township, Precinct 2",Dundee Township Proposed Fire Department Millage,,,Ballots Cast,654,654,0,0
Monroe,"Dundee Township, Precinct 3",Dundee Township Proposed Fire Department Millage,,,No,182,182,0,0
Monroe,"Dundee Township, Precinct 3",Dundee Township Proposed Fire Department Millage,,,Total Votes,644,644,0,0
Monroe,"Dundee Township, Precinct 3",Dundee Township Proposed Fire Department Millage,,,Yes,462,462,0,0
Monroe,"Dundee Township, Precinct 3",Dundee Township Proposed Fire Department Millage,,,Ballots Cast,692,692,0,0
Monroe,"Frenchtown Township, Precinct 1",Frenchtown Township Fire Department Additional Millage,,,No,98,50,48,0
Monroe,"Frenchtown Township, Precinct 1",Frenchtown Township Fire Department Additional Millage,,,Total Votes,286,116,170,0
Monroe,"Frenchtown Township, Precinct 1",Frenchtown Township Fire Department Additional Millage,,,Yes,188,66,122,0
Monroe,"Frenchtown Township, Precinct 1",Frenchtown Township Fire Department Additional Millage,,,Ballots Cast,307,126,181,0
Monroe,"Frenchtown Township, Precinct 2",Frenchtown Township Fire Department Additional Millage,,,No,107,48,59,0
Monroe,"Frenchtown Township, Precinct 2",Frenchtown Township Fire Department Additional Millage,,,Total Votes,353,128,225,0
Monroe,"Frenchtown Township, Precinct 2",Frenchtown Township Fire Department Additional Millage,,,Yes,246,80,166,0
Monroe,"Frenchtown Township, Precinct 2",Frenchtown Township Fire Department Additional Millage,,,Ballots Cast,384,141,243,0
Monroe,"Frenchtown Township, Precinct 3",Frenchtown Township Fire Department Additional Millage,,,No,127,38,89,0
Monroe,"Frenchtown Township, Precinct 3",Frenchtown Township Fire Department Additional Millage,,,Total Votes,435,138,297,0
Monroe,"Frenchtown Township, Precinct 3",Frenchtown Township Fire Department Additional Millage,,,Yes,308,100,208,0
Monroe,"Frenchtown Township, Precinct 3",Frenchtown Township Fire Department Additional Millage,,,Ballots Cast,465,151,314,0
Monroe,"Frenchtown Township, Precinct 4",Frenchtown Township Fire Department Additional Millage,,,No,175,47,128,0
Monroe,"Frenchtown Township, Precinct 4",Frenchtown Township Fire Department Additional Millage,,,Total Votes,615,151,464,0
Monroe,"Frenchtown Township, Precinct 4",Frenchtown Township Fire Department Additional Millage,,,Yes,440,104,336,0
Monroe,"Frenchtown Township, Precinct 4",Frenchtown Township Fire Department Additional Millage,,,Ballots Cast,657,154,503,0
Monroe,"Frenchtown Township, Precinct 5",Frenchtown Township Fire Department Additional Millage,,,No,80,24,56,0
Monroe,"Frenchtown Township, Precinct 5",Frenchtown Township Fire Department Additional Millage,,,Total Votes,388,129,259,0
Monroe,"Frenchtown Township, Precinct 5",Frenchtown Township Fire Department Additional Millage,,,Yes,308,105,203,0
Monroe,"Frenchtown Township, Precinct 5",Frenchtown Township Fire Department Additional Millage,,,Ballots Cast,417,139,278,0
Monroe,"Frenchtown Township, Precinct 6",Frenchtown Township Fire Department Additional Millage,,,No,152,57,95,0
Monroe,"Frenchtown Township, Precinct 6",Frenchtown Township Fire Department Additional Millage,,,Total Votes,571,212,359,0
Monroe,"Frenchtown Township, Precinct 6",Frenchtown Township Fire Department Additional Millage,,,Yes,419,155,264,0
Monroe,"Frenchtown Township, Precinct 6",Frenchtown Township Fire Department Additional Millage,,,Ballots Cast,625,230,395,0
Monroe,"Frenchtown Township, Precinct 7",Frenchtown Township Fire Department Additional Millage,,,No,261,59,202,0
Monroe,"Frenchtown Township, Precinct 7",Frenchtown Township Fire Department Additional Millage,,,Total Votes,939,228,711,0
Monroe,"Frenchtown Township, Precinct 7",Frenchtown Township Fire Department Additional Millage,,,Yes,678,169,509,0
Monroe,"Frenchtown Township, Precinct 7",Frenchtown Township Fire Department Additional Millage,,,Ballots Cast,1005,238,767,0
Monroe,"Frenchtown Township, Precinct 8",Frenchtown Township Fire Department Additional Millage,,,No,127,40,87,0
Monroe,"Frenchtown Township, Precinct 8",Frenchtown Township Fire Department Additional Millage,,,Total Votes,452,154,298,0
Monroe,"Frenchtown Township, Precinct 8",Frenchtown Township Fire Department Additional Millage,,,Yes,325,114,211,0
Monroe,"Frenchtown Township, Precinct 8",Frenchtown Township Fire Department Additional Millage,,,Ballots Cast,488,175,313,0
Monroe,"Frenchtown Township, Precinct 9",Frenchtown Township Fire Department Additional Millage,,,No,65,19,46,0
Monroe,"Frenchtown Township, Precinct 9",Frenchtown Township Fire Department Additional Millage,,,Total Votes,287,83,204,0
Monroe,"Frenchtown Township, Precinct 9",Frenchtown Township Fire Department Additional Millage,,,Yes,222,64,158,0
Monroe,"Frenchtown Township, Precinct 9",Frenchtown Township Fire Department Additional Millage,,,Ballots Cast,313,89,224,0
Monroe,"Frenchtown Township, Precinct 1",Frenchtown Township Fire Department Millage Renewal,,,No,98,50,48,0
Monroe,"Frenchtown Township, Precinct 1",Frenchtown Township Fire Department Millage Renewal,,,Total Votes,283,112,171,0
Monroe,"Frenchtown Township, Precinct 1",Frenchtown Township Fire Department Millage Renewal,,,Yes,185,62,123,0
Monroe,"Frenchtown Township, Precinct 1",Frenchtown Township Fire Department Millage Renewal,,,Ballots Cast,307,126,181,0
Monroe,"Frenchtown Township, Precinct 2",Frenchtown Township Fire Department Millage Renewal,,,No,95,40,55,0
Monroe,"Frenchtown Township, Precinct 2",Frenchtown Township Fire Department Millage Renewal,,,Total Votes,352,127,225,0
Monroe,"Frenchtown Township, Precinct 2",Frenchtown Township Fire Department Millage Renewal,,,Yes,257,87,170,0
Monroe,"Frenchtown Township, Precinct 2",Frenchtown Township Fire Department Millage Renewal,,,Ballots Cast,384,141,243,0
Monroe,"Frenchtown Township, Precinct 3",Frenchtown Township Fire Department Millage Renewal,,,No,117,36,81,0
Monroe,"Frenchtown Township, Precinct 3",Frenchtown Township Fire Department Millage Renewal,,,Total Votes,433,137,296,0
Monroe,"Frenchtown Township, Precinct 3",Frenchtown Township Fire Department Millage Renewal,,,Yes,316,101,215,0
Monroe,"Frenchtown Township, Precinct 3",Frenchtown Township Fire Department Millage Renewal,,,Ballots Cast,465,151,314,0
Monroe,"Frenchtown Township, Precinct 4",Frenchtown Township Fire Department Millage Renewal,,,No,159,39,120,0
Monroe,"Frenchtown Township, Precinct 4",Frenchtown Township Fire Department Millage Renewal,,,Total Votes,614,151,463,0
Monroe,"Frenchtown Township, Precinct 4",Frenchtown Township Fire Department Millage Renewal,,,Yes,455,112,343,0
Monroe,"Frenchtown Township, Precinct 4",Frenchtown Township Fire Department Millage Renewal,,,Ballots Cast,657,154,503,0
Monroe,"Frenchtown Township, Precinct 5",Frenchtown Township Fire Department Millage Renewal,,,No,83,27,56,0
Monroe,"Frenchtown Township, Precinct 5",Frenchtown Township Fire Department Millage Renewal,,,Total Votes,389,130,259,0
Monroe,"Frenchtown Township, Precinct 5",Frenchtown Township Fire Department Millage Renewal,,,Yes,306,103,203,0
Monroe,"Frenchtown Township, Precinct 5",Frenchtown Township Fire Department Millage Renewal,,,Ballots Cast,417,139,278,0
Monroe,"Frenchtown Township, Precinct 6",Frenchtown Township Fire Department Millage Renewal,,,No,149,52,97,0
Monroe,"Frenchtown Township, Precinct 6",Frenchtown Township Fire Department Millage Renewal,,,Total Votes,572,211,361,0
Monroe,"Frenchtown Township, Precinct 6",Frenchtown Township Fire Department Millage Renewal,,,Yes,423,159,264,0
Monroe,"Frenchtown Township, Precinct 6",Frenchtown Township Fire Department Millage Renewal,,,Ballots Cast,625,230,395,0
Monroe,"Frenchtown Township, Precinct 7",Frenchtown Township Fire Department Millage Renewal,,,No,264,67,197,0
Monroe,"Frenchtown Township, Precinct 7",Frenchtown Township Fire Department Millage Renewal,,,Total Votes,931,228,703,0
Monroe,"Frenchtown Township, Precinct 7",Frenchtown Township Fire Department Millage Renewal,,,Yes,667,161,506,0
Monroe,"Frenchtown Township, Precinct 7",Frenchtown Township Fire Department Millage Renewal,,,Ballots Cast,1005,238,767,0
Monroe,"Frenchtown Township, Precinct 8",Frenchtown Township Fire Department Millage Renewal,,,No,128,49,79,0
Monroe,"Frenchtown Township, Precinct 8",Frenchtown Township Fire Department Millage Renewal,,,Total Votes,451,153,298,0
Monroe,"Frenchtown Township, Precinct 8",Frenchtown Township Fire Department Millage Renewal,,,Yes,323,104,219,0
Monroe,"Frenchtown Township, Precinct 8",Frenchtown Township Fire Department Millage Renewal,,,Ballots Cast,488,175,313,0
Monroe,"Frenchtown Township, Precinct 9",Frenchtown Township Fire Department Millage Renewal,,,No,68,24,44,0
Monroe,"Frenchtown Township, Precinct 9",Frenchtown Township Fire Department Millage Renewal,,,Total Votes,283,82,201,0
Monroe,"Frenchtown Township, Precinct 9",Frenchtown Township Fire Department Millage Renewal,,,Yes,215,58,157,0
Monroe,"Frenchtown Township, Precinct 9",Frenchtown Township Fire Department Millage Renewal,,,Ballots Cast,313,89,224,0
Monroe,"Frenchtown Township, Precinct 1",Frenchtown Township Renewal for LET Commission,,,No,112,52,60,0
Monroe,"Frenchtown Township, Precinct 1",Frenchtown Township Renewal for LET Commission,,,Total Votes,282,111,171,0
Monroe,"Frenchtown Township, Precinct 1",Frenchtown Township Renewal for LET Commission,,,Yes,170,59,111,0
Monroe,"Frenchtown Township, Precinct 1",Frenchtown Township Renewal for LET Commission,,,Ballots Cast,307,126,181,0
Monroe,"Frenchtown Township, Precinct 2",Frenchtown Township Renewal for LET Commission,,,No,112,51,61,0
Monroe,"Frenchtown Township, Precinct 2",Frenchtown Township Renewal for LET Commission,,,Total Votes,351,128,223,0
Monroe,"Frenchtown Township, Precinct 2",Frenchtown Township Renewal for LET Commission,,,Yes,239,77,162,0
Monroe,"Frenchtown Township, Precinct 2",Frenchtown Township Renewal for LET Commission,,,Ballots Cast,384,141,243,0
Monroe,"Frenchtown Township, Precinct 3",Frenchtown Township Renewal for LET Commission,,,No,130,42,88,0
Monroe,"Frenchtown Township, Precinct 3",Frenchtown Township Renewal for LET Commission,,,Total Votes,433,135,298,0
Monroe,"Frenchtown Township, Precinct 3",Frenchtown Township Renewal for LET Commission,,,Yes,303,93,210,0
Monroe,"Frenchtown Township, Precinct 3",Frenchtown Township Renewal for LET Commission,,,Ballots Cast,465,151,314,0
Monroe,"Frenchtown Township, Precinct 4",Frenchtown Township Renewal for LET Commission,,,No,198,60,138,0
Monroe,"Frenchtown Township, Precinct 4",Frenchtown Township Renewal for LET Commission,,,Total Votes,611,149,462,0
Monroe,"Frenchtown Township, Precinct 4",Frenchtown Township Renewal for LET Commission,,,Yes,413,89,324,0
Monroe,"Frenchtown Township, Precinct 4",Frenchtown Township Renewal for LET Commission,,,Ballots Cast,657,154,503,0
Monroe,"Frenchtown Township, Precinct 5",Frenchtown Township Renewal for LET Commission,,,No,98,41,57,0
Monroe,"Frenchtown Township, Precinct 5",Frenchtown Township Renewal for LET Commission,,,Total Votes,385,129,256,0
Monroe,"Frenchtown Township, Precinct 5",Frenchtown Township Renewal for LET Commission,,,Yes,287,88,199,0
Monroe,"Frenchtown Township, Precinct 5",Frenchtown Township Renewal for LET Commission,,,Ballots Cast,417,139,278,0
Monroe,"Frenchtown Township, Precinct 6",Frenchtown Township Renewal for LET Commission,,,No,162,64,98,0
Monroe,"Frenchtown Township, Precinct 6",Frenchtown Township Renewal for LET Commission,,,Total Votes,565,209,356,0
Monroe,"Frenchtown Township, Precinct 6",Frenchtown Township Renewal for LET Commission,,,Yes,403,145,258,0
Monroe,"Frenchtown Township, Precinct 6",Frenchtown Township Renewal for LET Commission,,,Ballots Cast,625,230,395,0
Monroe,"Frenchtown Township, Precinct 7",Frenchtown Township Renewal for LET Commission,,,No,308,87,221,0
Monroe,"Frenchtown Township, Precinct 7",Frenchtown Township Renewal for LET Commission,,,Total Votes,924,226,698,0
Monroe,"Frenchtown Township, Precinct 7",Frenchtown Township Renewal for LET Commission,,,Yes,616,139,477,0
Monroe,"Frenchtown Township, Precinct 7",Frenchtown Township Renewal for LET Commission,,,Ballots Cast,1005,238,767,0
Monroe,"Frenchtown Township, Precinct 8",Frenchtown Township Renewal for LET Commission,,,No,129,48,81,0
Monroe,"Frenchtown Township, Precinct 8",Frenchtown Township Renewal for LET Commission,,,Total Votes,451,154,297,0
Monroe,"Frenchtown Township, Precinct 8",Frenchtown Township Renewal for LET Commission,,,Yes,322,106,216,0
Monroe,"Frenchtown Township, Precinct 8",Frenchtown Township Renewal for LET Commission,,,Ballots Cast,488,175,313,0
Monroe,"Frenchtown Township, Precinct 9",Frenchtown Township Renewal for LET Commission,,,No,73,19,54,0
Monroe,"Frenchtown Township, Precinct 9",Frenchtown Township Renewal for LET Commission,,,Total Votes,285,81,204,0
Monroe,"Frenchtown Township, Precinct 9",Frenchtown Township Renewal for LET Commission,,,Yes,212,62,150,0
Monroe,"Frenchtown Township, Precinct 9",Frenchtown Township Renewal for LET Commission,,,Ballots Cast,313,89,224,0
Monroe,"Ida Township, Precinct 1",Ida Township Fire Protection Millage Restoration Proposal,,,No,99,49,50,0
Monroe,"Ida Township, Precinct 1",Ida Township Fire Protection Millage Restoration Proposal,,,Total Votes,545,231,314,0
Monroe,"Ida Township, Precinct 1",Ida Township Fire Protection Millage Restoration Proposal,,,Yes,446,182,264,0
Monroe,"Ida Township, Precinct 1",Ida Township Fire Protection Millage Restoration Proposal,,,Ballots Cast,618,272,346,0
Monroe,"Ida Township, Precinct 2",Ida Township Fire Protection Millage Restoration Proposal,,,No,97,45,52,0
Monroe,"Ida Township, Precinct 2",Ida Township Fire Protection Millage Restoration Proposal,,,Total Votes,614,260,354,0
Monroe,"Ida Township, Precinct 2",Ida Township Fire Protection Millage Restoration Proposal,,,Yes,517,215,302,0
Monroe,"Ida Township, Precinct 2",Ida Township Fire Protection Millage Restoration Proposal,,,Ballots Cast,687,293,394,0
Monroe,"Milan Township, Precinct 1",Milan Township Road Millage Restoration Proposal,,,No,127,127,0,0
Monroe,"Milan Township, Precinct 1",Milan Township Road Millage Restoration Proposal,,,Total Votes,407,407,0,0
Monroe,"Milan Township, Precinct 1",Milan Township Road Millage Restoration Proposal,,,Yes,280,280,0,0
Monroe,"Milan Township, Precinct 1",Milan Township Road Millage Restoration Proposal,,,Ballots Cast,451,451,0,0
Monroe,"Milan Township, Precinct 1",Milan Township Supplemental Road Millage Proposal,,,No,185,185,0,0
Monroe,"Milan Township, Precinct 1",Milan Township Supplemental Road Millage Proposal,,,Total Votes,402,402,0,0
Monroe,"Milan Township, Precinct 1",Milan Township Supplemental Road Millage Proposal,,,Yes,217,217,0,0
Monroe,"Milan Township, Precinct 1",Milan Township Supplemental Road Millage Proposal,,,Ballots Cast,451,451,0,0
Monroe,"Milan Township, Precinct 1",Milan Township Fire Protection Millage Restoration Proposal,,,No,123,123,0,0
Monroe,"Milan Township, Precinct 1",Milan Township Fire Protection Millage Restoration Proposal,,,Total Votes,404,404,0,0
Monroe,"Milan Township, Precinct 1",Milan Township Fire Protection Millage Restoration Proposal,,,Yes,281,281,0,0
Monroe,"Milan Township, Precinct 1",Milan Township Fire Protection Millage Restoration Proposal,,,Ballots Cast,451,451,0,0
Monroe,"Summerfield Township, Precinct 1",Summerfield Township Fire Department Mill Renewal,,,No,218,218,0,0
Monroe,"Summerfield Township, Precinct 1",Summerfield Township Fire Department Mill Renewal,,,Total Votes,904,904,0,0
Monroe,"Summerfield Township, Precinct 1",Summerfield Township Fire Department Mill Renewal,,,Yes,686,686,0,0
Monroe,"Summerfield Township, Precinct 1",Summerfield Township Fire Department Mill Renewal,,,Ballots Cast,984,984,0,0
Monroe,"Summerfield Township, Precinct 1",Summerfield Township Road Mill Renewal 1,,,No,265,265,0,0
Monroe,"Summerfield Township, Precinct 1",Summerfield Township Road Mill Renewal 1,,,Total Votes,901,901,0,0
Monroe,"Summerfield Township, Precinct 1",Summerfield Township Road Mill Renewal 1,,,Yes,636,636,0,0
Monroe,"Summerfield Township, Precinct 1",Summerfield Township Road Mill Renewal 1,,,Ballots Cast,984,984,0,0
Monroe,"Summerfield Township, Precinct 1",Summerfield Township Road Mill Renewal 2,,,No,309,309,0,0
Monroe,"Summerfield Township, Precinct 1",Summerfield Township Road Mill Renewal 2,,,Total Votes,849,849,0,0
Monroe,"Summerfield Township, Precinct 1",Summerfield Township Road Mill Renewal 2,,,Yes,540,540,0,0
Monroe,"Summerfield Township, Precinct 1",Summerfield Township Road Mill Renewal 2,,,Ballots Cast,984,984,0,0
