county,precinct,office,district,party,candidate,votes
Calhoun,Albion Township Precinct 1,Registered Voters,,,,869
Calhoun,Albion Township Precinct 1,Ballots Cast,,DEM,,105
Calhoun,Albion Township Precinct 1,Ballots Cast,,REP,,72
Calhoun,Albion Township Precinct 1,President,,DEM,Michael Bennet,0
Calhoun,Albion Township Precinct 1,President,,DEM,Joe Biden,66
Calhoun,Albion Township Precinct 1,President,,DEM,Michael R. Bloomberg,6
Calhoun,Albion Township Precinct 1,President,,DEM,Cory Booker,0
Calhoun,Albion Township Precinct 1,President,,DEM,Pete Buttigieg,0
Calhoun,Albion Township Precinct 1,President,,DEM,Julian Castro,0
Calhoun,Albion Township Precinct 1,President,,DEM,John Delaney,0
Calhoun,Albion Township Precinct 1,President,,DEM,Tulsi Gabbard,0
Calhoun,Albion Township Precinct 1,President,,DEM,Amy Klobuchar,0
Calhoun,Albion Township Precinct 1,President,,DEM,Bernie Sanders,30
Calhoun,Albion Township Precinct 1,President,,DEM,Joe Sestak,0
Calhoun,Albion Township Precinct 1,President,,DEM,Tom Steyer,0
Calhoun,Albion Township Precinct 1,President,,DEM,Elizabeth Warren,2
Calhoun,Albion Township Precinct 1,President,,DEM,Marianne Williamson,0
Calhoun,Albion Township Precinct 1,President,,DEM,Andrew Yang,0
Calhoun,Albion Township Precinct 1,President,,DEM,Uncommitted,1
Calhoun,Albion Township Precinct 1,President,,REP,Mark Sanford,0
Calhoun,Albion Township Precinct 1,President,,REP,Donald J. Trump,71
Calhoun,Albion Township Precinct 1,President,,REP,Joe Walsh,0
Calhoun,Albion Township Precinct 1,President,,REP,Bill Weld,0
Calhoun,Albion Township Precinct 1,President,,REP,Uncommitted,1
Calhoun,Athens Township Precinct 1,Registered Voters,,,,1836
Calhoun,Athens Township Precinct 1,Ballots Cast,,DEM,,171
Calhoun,Athens Township Precinct 1,Ballots Cast,,REP,,202
Calhoun,Athens Township Precinct 1,President,,DEM,Michael Bennet,1
Calhoun,Athens Township Precinct 1,President,,DEM,Joe Biden,82
Calhoun,Athens Township Precinct 1,President,,DEM,Michael R. Bloomberg,7
Calhoun,Athens Township Precinct 1,President,,DEM,Cory Booker,0
Calhoun,Athens Township Precinct 1,President,,DEM,Pete Buttigieg,1
Calhoun,Athens Township Precinct 1,President,,DEM,Julian Castro,0
Calhoun,Athens Township Precinct 1,President,,DEM,John Delaney,0
Calhoun,Athens Township Precinct 1,President,,DEM,Tulsi Gabbard,0
Calhoun,Athens Township Precinct 1,President,,DEM,Amy Klobuchar,4
Calhoun,Athens Township Precinct 1,President,,DEM,Bernie Sanders,64
Calhoun,Athens Township Precinct 1,President,,DEM,Joe Sestak,0
Calhoun,Athens Township Precinct 1,President,,DEM,Tom Steyer,0
Calhoun,Athens Township Precinct 1,President,,DEM,Elizabeth Warren,0
Calhoun,Athens Township Precinct 1,President,,DEM,Marianne Williamson,1
Calhoun,Athens Township Precinct 1,President,,DEM,Andrew Yang,0
Calhoun,Athens Township Precinct 1,President,,DEM,Uncommitted,11
Calhoun,Athens Township Precinct 1,President,,REP,Mark Sanford,5
Calhoun,Athens Township Precinct 1,President,,REP,Donald J. Trump,188
Calhoun,Athens Township Precinct 1,President,,REP,Joe Walsh,1
Calhoun,Athens Township Precinct 1,President,,REP,Bill Weld,0
Calhoun,Athens Township Precinct 1,President,,REP,Uncommitted,7
Calhoun,Bedford Charter Township Precinct 1,Registered Voters,,,,1949
Calhoun,Bedford Charter Township Precinct 1,Ballots Cast,,DEM,,307
Calhoun,Bedford Charter Township Precinct 1,Ballots Cast,,REP,,266
Calhoun,Bedford Charter Township Precinct 1,President,,DEM,Michael Bennet,0
Calhoun,Bedford Charter Township Precinct 1,President,,DEM,Joe Biden,157
Calhoun,Bedford Charter Township Precinct 1,President,,DEM,Michael R. Bloomberg,16
Calhoun,Bedford Charter Township Precinct 1,President,,DEM,Cory Booker,0
Calhoun,Bedford Charter Township Precinct 1,President,,DEM,Pete Buttigieg,9
Calhoun,Bedford Charter Township Precinct 1,President,,DEM,Julian Castro,0
Calhoun,Bedford Charter Township Precinct 1,President,,DEM,John Delaney,0
Calhoun,Bedford Charter Township Precinct 1,President,,DEM,Tulsi Gabbard,4
Calhoun,Bedford Charter Township Precinct 1,President,,DEM,Amy Klobuchar,0
Calhoun,Bedford Charter Township Precinct 1,President,,DEM,Bernie Sanders,106
Calhoun,Bedford Charter Township Precinct 1,President,,DEM,Joe Sestak,0
Calhoun,Bedford Charter Township Precinct 1,President,,DEM,Tom Steyer,0
Calhoun,Bedford Charter Township Precinct 1,President,,DEM,Elizabeth Warren,11
Calhoun,Bedford Charter Township Precinct 1,President,,DEM,Marianne Williamson,0
Calhoun,Bedford Charter Township Precinct 1,President,,DEM,Andrew Yang,0
Calhoun,Bedford Charter Township Precinct 1,President,,DEM,Uncommitted,4
Calhoun,Bedford Charter Township Precinct 1,President,,REP,Mark Sanford,0
Calhoun,Bedford Charter Township Precinct 1,President,,REP,Donald J. Trump,255
Calhoun,Bedford Charter Township Precinct 1,President,,REP,Joe Walsh,1
Calhoun,Bedford Charter Township Precinct 1,President,,REP,Bill Weld,2
Calhoun,Bedford Charter Township Precinct 1,President,,REP,Uncommitted,7
Calhoun,Bedford Charter Township Precinct 2,Registered Voters,,,,2716
Calhoun,Bedford Charter Township Precinct 2,Ballots Cast,,DEM,,349
Calhoun,Bedford Charter Township Precinct 2,Ballots Cast,,REP,,218
Calhoun,Bedford Charter Township Precinct 2,President,,DEM,Michael Bennet,0
Calhoun,Bedford Charter Township Precinct 2,President,,DEM,Joe Biden,188
Calhoun,Bedford Charter Township Precinct 2,President,,DEM,Michael R. Bloomberg,16
Calhoun,Bedford Charter Township Precinct 2,President,,DEM,Cory Booker,0
Calhoun,Bedford Charter Township Precinct 2,President,,DEM,Pete Buttigieg,18
Calhoun,Bedford Charter Township Precinct 2,President,,DEM,Julian Castro,0
Calhoun,Bedford Charter Township Precinct 2,President,,DEM,John Delaney,1
Calhoun,Bedford Charter Township Precinct 2,President,,DEM,Tulsi Gabbard,2
Calhoun,Bedford Charter Township Precinct 2,President,,DEM,Amy Klobuchar,4
Calhoun,Bedford Charter Township Precinct 2,President,,DEM,Bernie Sanders,101
Calhoun,Bedford Charter Township Precinct 2,President,,DEM,Joe Sestak,1
Calhoun,Bedford Charter Township Precinct 2,President,,DEM,Tom Steyer,1
Calhoun,Bedford Charter Township Precinct 2,President,,DEM,Elizabeth Warren,6
Calhoun,Bedford Charter Township Precinct 2,President,,DEM,Marianne Williamson,0
Calhoun,Bedford Charter Township Precinct 2,President,,DEM,Andrew Yang,0
Calhoun,Bedford Charter Township Precinct 2,President,,DEM,Uncommitted,10
Calhoun,Bedford Charter Township Precinct 2,President,,REP,Mark Sanford,2
Calhoun,Bedford Charter Township Precinct 2,President,,REP,Donald J. Trump,212
Calhoun,Bedford Charter Township Precinct 2,President,,REP,Joe Walsh,0
Calhoun,Bedford Charter Township Precinct 2,President,,REP,Bill Weld,0
Calhoun,Bedford Charter Township Precinct 2,President,,REP,Uncommitted,4
Calhoun,Bedford Charter Township Precinct 3,Registered Voters,,,,2960
Calhoun,Bedford Charter Township Precinct 3,Ballots Cast,,DEM,,482
Calhoun,Bedford Charter Township Precinct 3,Ballots Cast,,REP,,181
Calhoun,Bedford Charter Township Precinct 3,President,,DEM,Michael Bennet,0
Calhoun,Bedford Charter Township Precinct 3,President,,DEM,Joe Biden,265
Calhoun,Bedford Charter Township Precinct 3,President,,DEM,Michael R. Bloomberg,17
Calhoun,Bedford Charter Township Precinct 3,President,,DEM,Cory Booker,2
Calhoun,Bedford Charter Township Precinct 3,President,,DEM,Pete Buttigieg,4
Calhoun,Bedford Charter Township Precinct 3,President,,DEM,Julian Castro,0
Calhoun,Bedford Charter Township Precinct 3,President,,DEM,John Delaney,0
Calhoun,Bedford Charter Township Precinct 3,President,,DEM,Tulsi Gabbard,1
Calhoun,Bedford Charter Township Precinct 3,President,,DEM,Amy Klobuchar,1
Calhoun,Bedford Charter Township Precinct 3,President,,DEM,Bernie Sanders,168
Calhoun,Bedford Charter Township Precinct 3,President,,DEM,Joe Sestak,0
Calhoun,Bedford Charter Township Precinct 3,President,,DEM,Tom Steyer,0
Calhoun,Bedford Charter Township Precinct 3,President,,DEM,Elizabeth Warren,11
Calhoun,Bedford Charter Township Precinct 3,President,,DEM,Marianne Williamson,0
Calhoun,Bedford Charter Township Precinct 3,President,,DEM,Andrew Yang,0
Calhoun,Bedford Charter Township Precinct 3,President,,DEM,Uncommitted,11
Calhoun,Bedford Charter Township Precinct 3,President,,REP,Mark Sanford,3
Calhoun,Bedford Charter Township Precinct 3,President,,REP,Donald J. Trump,167
Calhoun,Bedford Charter Township Precinct 3,President,,REP,Joe Walsh,0
Calhoun,Bedford Charter Township Precinct 3,President,,REP,Bill Weld,0
Calhoun,Bedford Charter Township Precinct 3,President,,REP,Uncommitted,11
Calhoun,Burlington Township Precinct 1,Registered Voters,,,,1433
Calhoun,Burlington Township Precinct 1,Ballots Cast,,DEM,,155
Calhoun,Burlington Township Precinct 1,Ballots Cast,,REP,,169
Calhoun,Burlington Township Precinct 1,President,,DEM,Michael Bennet,0
Calhoun,Burlington Township Precinct 1,President,,DEM,Joe Biden,94
Calhoun,Burlington Township Precinct 1,President,,DEM,Michael R. Bloomberg,7
Calhoun,Burlington Township Precinct 1,President,,DEM,Cory Booker,0
Calhoun,Burlington Township Precinct 1,President,,DEM,Pete Buttigieg,2
Calhoun,Burlington Township Precinct 1,President,,DEM,Julian Castro,0
Calhoun,Burlington Township Precinct 1,President,,DEM,John Delaney,1
Calhoun,Burlington Township Precinct 1,President,,DEM,Tulsi Gabbard,1
Calhoun,Burlington Township Precinct 1,President,,DEM,Amy Klobuchar,0
Calhoun,Burlington Township Precinct 1,President,,DEM,Bernie Sanders,41
Calhoun,Burlington Township Precinct 1,President,,DEM,Joe Sestak,0
Calhoun,Burlington Township Precinct 1,President,,DEM,Tom Steyer,0
Calhoun,Burlington Township Precinct 1,President,,DEM,Elizabeth Warren,3
Calhoun,Burlington Township Precinct 1,President,,DEM,Marianne Williamson,0
Calhoun,Burlington Township Precinct 1,President,,DEM,Andrew Yang,1
Calhoun,Burlington Township Precinct 1,President,,DEM,Uncommitted,5
Calhoun,Burlington Township Precinct 1,President,,REP,Mark Sanford,1
Calhoun,Burlington Township Precinct 1,President,,REP,Donald J. Trump,159
Calhoun,Burlington Township Precinct 1,President,,REP,Joe Walsh,0
Calhoun,Burlington Township Precinct 1,President,,REP,Bill Weld,3
Calhoun,Burlington Township Precinct 1,President,,REP,Uncommitted,4
Calhoun,City of Albion Precinct 1,Registered Voters,,,,995
Calhoun,City of Albion Precinct 1,Ballots Cast,,DEM,,170
Calhoun,City of Albion Precinct 1,Ballots Cast,,REP,,17
Calhoun,City of Albion Precinct 1,President,,DEM,Michael Bennet,2
Calhoun,City of Albion Precinct 1,President,,DEM,Joe Biden,121
Calhoun,City of Albion Precinct 1,President,,DEM,Michael R. Bloomberg,10
Calhoun,City of Albion Precinct 1,President,,DEM,Cory Booker,0
Calhoun,City of Albion Precinct 1,President,,DEM,Pete Buttigieg,0
Calhoun,City of Albion Precinct 1,President,,DEM,Julian Castro,0
Calhoun,City of Albion Precinct 1,President,,DEM,John Delaney,0
Calhoun,City of Albion Precinct 1,President,,DEM,Tulsi Gabbard,1
Calhoun,City of Albion Precinct 1,President,,DEM,Amy Klobuchar,2
Calhoun,City of Albion Precinct 1,President,,DEM,Bernie Sanders,30
Calhoun,City of Albion Precinct 1,President,,DEM,Joe Sestak,0
Calhoun,City of Albion Precinct 1,President,,DEM,Tom Steyer,0
Calhoun,City of Albion Precinct 1,President,,DEM,Elizabeth Warren,2
Calhoun,City of Albion Precinct 1,President,,DEM,Marianne Williamson,0
Calhoun,City of Albion Precinct 1,President,,DEM,Andrew Yang,1
Calhoun,City of Albion Precinct 1,President,,DEM,Uncommitted,1
Calhoun,City of Albion Precinct 1,President,,REP,Mark Sanford,0
Calhoun,City of Albion Precinct 1,President,,REP,Donald J. Trump,16
Calhoun,City of Albion Precinct 1,President,,REP,Joe Walsh,0
Calhoun,City of Albion Precinct 1,President,,REP,Bill Weld,0
Calhoun,City of Albion Precinct 1,President,,REP,Uncommitted,1
Calhoun,City of Albion Precinct 2,Registered Voters,,,,834
Calhoun,City of Albion Precinct 2,Ballots Cast,,DEM,,132
Calhoun,City of Albion Precinct 2,Ballots Cast,,REP,,4
Calhoun,City of Albion Precinct 2,President,,DEM,Michael Bennet,0
Calhoun,City of Albion Precinct 2,President,,DEM,Joe Biden,86
Calhoun,City of Albion Precinct 2,President,,DEM,Michael R. Bloomberg,6
Calhoun,City of Albion Precinct 2,President,,DEM,Cory Booker,0
Calhoun,City of Albion Precinct 2,President,,DEM,Pete Buttigieg,0
Calhoun,City of Albion Precinct 2,President,,DEM,Julian Castro,0
Calhoun,City of Albion Precinct 2,President,,DEM,John Delaney,0
Calhoun,City of Albion Precinct 2,President,,DEM,Tulsi Gabbard,0
Calhoun,City of Albion Precinct 2,President,,DEM,Amy Klobuchar,0
Calhoun,City of Albion Precinct 2,President,,DEM,Bernie Sanders,35
Calhoun,City of Albion Precinct 2,President,,DEM,Joe Sestak,0
Calhoun,City of Albion Precinct 2,President,,DEM,Tom Steyer,0
Calhoun,City of Albion Precinct 2,President,,DEM,Elizabeth Warren,3
Calhoun,City of Albion Precinct 2,President,,DEM,Marianne Williamson,0
Calhoun,City of Albion Precinct 2,President,,DEM,Andrew Yang,1
Calhoun,City of Albion Precinct 2,President,,DEM,Uncommitted,1
Calhoun,City of Albion Precinct 2,President,,REP,Mark Sanford,0
Calhoun,City of Albion Precinct 2,President,,REP,Donald J. Trump,4
Calhoun,City of Albion Precinct 2,President,,REP,Joe Walsh,0
Calhoun,City of Albion Precinct 2,President,,REP,Bill Weld,0
Calhoun,City of Albion Precinct 2,President,,REP,Uncommitted,0
Calhoun,City of Albion Precinct 3,Registered Voters,,,,1120
Calhoun,City of Albion Precinct 3,Ballots Cast,,DEM,,228
Calhoun,City of Albion Precinct 3,Ballots Cast,,REP,,44
Calhoun,City of Albion Precinct 3,President,,DEM,Michael Bennet,0
Calhoun,City of Albion Precinct 3,President,,DEM,Joe Biden,138
Calhoun,City of Albion Precinct 3,President,,DEM,Michael R. Bloomberg,7
Calhoun,City of Albion Precinct 3,President,,DEM,Cory Booker,0
Calhoun,City of Albion Precinct 3,President,,DEM,Pete Buttigieg,4
Calhoun,City of Albion Precinct 3,President,,DEM,Julian Castro,0
Calhoun,City of Albion Precinct 3,President,,DEM,John Delaney,0
Calhoun,City of Albion Precinct 3,President,,DEM,Tulsi Gabbard,0
Calhoun,City of Albion Precinct 3,President,,DEM,Amy Klobuchar,0
Calhoun,City of Albion Precinct 3,President,,DEM,Bernie Sanders,69
Calhoun,City of Albion Precinct 3,President,,DEM,Joe Sestak,0
Calhoun,City of Albion Precinct 3,President,,DEM,Tom Steyer,1
Calhoun,City of Albion Precinct 3,President,,DEM,Elizabeth Warren,2
Calhoun,City of Albion Precinct 3,President,,DEM,Marianne Williamson,0
Calhoun,City of Albion Precinct 3,President,,DEM,Andrew Yang,0
Calhoun,City of Albion Precinct 3,President,,DEM,Uncommitted,7
Calhoun,City of Albion Precinct 3,President,,REP,Mark Sanford,1
Calhoun,City of Albion Precinct 3,President,,REP,Donald J. Trump,36
Calhoun,City of Albion Precinct 3,President,,REP,Joe Walsh,1
Calhoun,City of Albion Precinct 3,President,,REP,Bill Weld,2
Calhoun,City of Albion Precinct 3,President,,REP,Uncommitted,4
Calhoun,City of Albion Precinct 4,Registered Voters,,,,711
Calhoun,City of Albion Precinct 4,Ballots Cast,,DEM,,130
Calhoun,City of Albion Precinct 4,Ballots Cast,,REP,,32
Calhoun,City of Albion Precinct 4,President,,DEM,Michael Bennet,0
Calhoun,City of Albion Precinct 4,President,,DEM,Joe Biden,55
Calhoun,City of Albion Precinct 4,President,,DEM,Michael R. Bloomberg,5
Calhoun,City of Albion Precinct 4,President,,DEM,Cory Booker,1
Calhoun,City of Albion Precinct 4,President,,DEM,Pete Buttigieg,1
Calhoun,City of Albion Precinct 4,President,,DEM,Julian Castro,0
Calhoun,City of Albion Precinct 4,President,,DEM,John Delaney,0
Calhoun,City of Albion Precinct 4,President,,DEM,Tulsi Gabbard,0
Calhoun,City of Albion Precinct 4,President,,DEM,Amy Klobuchar,0
Calhoun,City of Albion Precinct 4,President,,DEM,Bernie Sanders,63
Calhoun,City of Albion Precinct 4,President,,DEM,Joe Sestak,0
Calhoun,City of Albion Precinct 4,President,,DEM,Tom Steyer,0
Calhoun,City of Albion Precinct 4,President,,DEM,Elizabeth Warren,3
Calhoun,City of Albion Precinct 4,President,,DEM,Marianne Williamson,0
Calhoun,City of Albion Precinct 4,President,,DEM,Andrew Yang,0
Calhoun,City of Albion Precinct 4,President,,DEM,Uncommitted,2
Calhoun,City of Albion Precinct 4,President,,REP,Mark Sanford,0
Calhoun,City of Albion Precinct 4,President,,REP,Donald J. Trump,31
Calhoun,City of Albion Precinct 4,President,,REP,Joe Walsh,0
Calhoun,City of Albion Precinct 4,President,,REP,Bill Weld,0
Calhoun,City of Albion Precinct 4,President,,REP,Uncommitted,1
Calhoun,City of Albion Precinct 5,Registered Voters,,,,1095
Calhoun,City of Albion Precinct 5,Ballots Cast,,DEM,,242
Calhoun,City of Albion Precinct 5,Ballots Cast,,REP,,49
Calhoun,City of Albion Precinct 5,President,,DEM,Michael Bennet,0
Calhoun,City of Albion Precinct 5,President,,DEM,Joe Biden,128
Calhoun,City of Albion Precinct 5,President,,DEM,Michael R. Bloomberg,15
Calhoun,City of Albion Precinct 5,President,,DEM,Cory Booker,0
Calhoun,City of Albion Precinct 5,President,,DEM,Pete Buttigieg,8
Calhoun,City of Albion Precinct 5,President,,DEM,Julian Castro,0
Calhoun,City of Albion Precinct 5,President,,DEM,John Delaney,0
Calhoun,City of Albion Precinct 5,President,,DEM,Tulsi Gabbard,3
Calhoun,City of Albion Precinct 5,President,,DEM,Amy Klobuchar,5
Calhoun,City of Albion Precinct 5,President,,DEM,Bernie Sanders,72
Calhoun,City of Albion Precinct 5,President,,DEM,Joe Sestak,0
Calhoun,City of Albion Precinct 5,President,,DEM,Tom Steyer,0
Calhoun,City of Albion Precinct 5,President,,DEM,Elizabeth Warren,5
Calhoun,City of Albion Precinct 5,President,,DEM,Marianne Williamson,0
Calhoun,City of Albion Precinct 5,President,,DEM,Andrew Yang,0
Calhoun,City of Albion Precinct 5,President,,DEM,Uncommitted,5
Calhoun,City of Albion Precinct 5,President,,REP,Mark Sanford,1
Calhoun,City of Albion Precinct 5,President,,REP,Donald J. Trump,44
Calhoun,City of Albion Precinct 5,President,,REP,Joe Walsh,1
Calhoun,City of Albion Precinct 5,President,,REP,Bill Weld,0
Calhoun,City of Albion Precinct 5,President,,REP,Uncommitted,3
Calhoun,City of Albion Precinct 6,Registered Voters,,,,498
Calhoun,City of Albion Precinct 6,Ballots Cast,,DEM,,141
Calhoun,City of Albion Precinct 6,Ballots Cast,,REP,,27
Calhoun,City of Albion Precinct 6,President,,DEM,Michael Bennet,0
Calhoun,City of Albion Precinct 6,President,,DEM,Joe Biden,73
Calhoun,City of Albion Precinct 6,President,,DEM,Michael R. Bloomberg,4
Calhoun,City of Albion Precinct 6,President,,DEM,Cory Booker,0
Calhoun,City of Albion Precinct 6,President,,DEM,Pete Buttigieg,1
Calhoun,City of Albion Precinct 6,President,,DEM,Julian Castro,0
Calhoun,City of Albion Precinct 6,President,,DEM,John Delaney,0
Calhoun,City of Albion Precinct 6,President,,DEM,Tulsi Gabbard,0
Calhoun,City of Albion Precinct 6,President,,DEM,Amy Klobuchar,0
Calhoun,City of Albion Precinct 6,President,,DEM,Bernie Sanders,58
Calhoun,City of Albion Precinct 6,President,,DEM,Joe Sestak,0
Calhoun,City of Albion Precinct 6,President,,DEM,Tom Steyer,0
Calhoun,City of Albion Precinct 6,President,,DEM,Elizabeth Warren,2
Calhoun,City of Albion Precinct 6,President,,DEM,Marianne Williamson,0
Calhoun,City of Albion Precinct 6,President,,DEM,Andrew Yang,2
Calhoun,City of Albion Precinct 6,President,,DEM,Uncommitted,1
Calhoun,City of Albion Precinct 6,President,,REP,Mark Sanford,0
Calhoun,City of Albion Precinct 6,President,,REP,Donald J. Trump,20
Calhoun,City of Albion Precinct 6,President,,REP,Joe Walsh,0
Calhoun,City of Albion Precinct 6,President,,REP,Bill Weld,4
Calhoun,City of Albion Precinct 6,President,,REP,Uncommitted,3
Calhoun,City of Battle Creek Precinct 1,Registered Voters,,,,1599
Calhoun,City of Battle Creek Precinct 1,Ballots Cast,,DEM,,151
Calhoun,City of Battle Creek Precinct 1,Ballots Cast,,REP,,37
Calhoun,City of Battle Creek Precinct 1,President,,DEM,Michael Bennet,0
Calhoun,City of Battle Creek Precinct 1,President,,DEM,Joe Biden,81
Calhoun,City of Battle Creek Precinct 1,President,,DEM,Michael R. Bloomberg,8
Calhoun,City of Battle Creek Precinct 1,President,,DEM,Cory Booker,0
Calhoun,City of Battle Creek Precinct 1,President,,DEM,Pete Buttigieg,0
Calhoun,City of Battle Creek Precinct 1,President,,DEM,Julian Castro,0
Calhoun,City of Battle Creek Precinct 1,President,,DEM,John Delaney,0
Calhoun,City of Battle Creek Precinct 1,President,,DEM,Tulsi Gabbard,1
Calhoun,City of Battle Creek Precinct 1,President,,DEM,Amy Klobuchar,0
Calhoun,City of Battle Creek Precinct 1,President,,DEM,Bernie Sanders,55
Calhoun,City of Battle Creek Precinct 1,President,,DEM,Joe Sestak,0
Calhoun,City of Battle Creek Precinct 1,President,,DEM,Tom Steyer,0
Calhoun,City of Battle Creek Precinct 1,President,,DEM,Elizabeth Warren,2
Calhoun,City of Battle Creek Precinct 1,President,,DEM,Marianne Williamson,1
Calhoun,City of Battle Creek Precinct 1,President,,DEM,Andrew Yang,0
Calhoun,City of Battle Creek Precinct 1,President,,DEM,Uncommitted,3
Calhoun,City of Battle Creek Precinct 1,President,,REP,Mark Sanford,1
Calhoun,City of Battle Creek Precinct 1,President,,REP,Donald J. Trump,34
Calhoun,City of Battle Creek Precinct 1,President,,REP,Joe Walsh,1
Calhoun,City of Battle Creek Precinct 1,President,,REP,Bill Weld,0
Calhoun,City of Battle Creek Precinct 1,President,,REP,Uncommitted,1
Calhoun,City of Battle Creek Precinct 1,City of Battle Creek Charter Amendment 1,,,Yes,113
Calhoun,City of Battle Creek Precinct 1,City of Battle Creek Charter Amendment 1,,,No,71
Calhoun,City of Battle Creek Precinct 1,City of Battle Creek Charter Amendment 2,,,Yes,133
Calhoun,City of Battle Creek Precinct 1,City of Battle Creek Charter Amendment 2,,,No,52
Calhoun,City of Battle Creek Precinct 10,Registered Voters,,,,2587
Calhoun,City of Battle Creek Precinct 10,Ballots Cast,,DEM,,356
Calhoun,City of Battle Creek Precinct 10,Ballots Cast,,REP,,129
Calhoun,City of Battle Creek Precinct 10,President,,DEM,Michael Bennet,0
Calhoun,City of Battle Creek Precinct 10,President,,DEM,Joe Biden,202
Calhoun,City of Battle Creek Precinct 10,President,,DEM,Michael R. Bloomberg,14
Calhoun,City of Battle Creek Precinct 10,President,,DEM,Cory Booker,0
Calhoun,City of Battle Creek Precinct 10,President,,DEM,Pete Buttigieg,9
Calhoun,City of Battle Creek Precinct 10,President,,DEM,Julian Castro,0
Calhoun,City of Battle Creek Precinct 10,President,,DEM,John Delaney,0
Calhoun,City of Battle Creek Precinct 10,President,,DEM,Tulsi Gabbard,4
Calhoun,City of Battle Creek Precinct 10,President,,DEM,Amy Klobuchar,4
Calhoun,City of Battle Creek Precinct 10,President,,DEM,Bernie Sanders,110
Calhoun,City of Battle Creek Precinct 10,President,,DEM,Joe Sestak,1
Calhoun,City of Battle Creek Precinct 10,President,,DEM,Tom Steyer,2
Calhoun,City of Battle Creek Precinct 10,President,,DEM,Elizabeth Warren,4
Calhoun,City of Battle Creek Precinct 10,President,,DEM,Marianne Williamson,0
Calhoun,City of Battle Creek Precinct 10,President,,DEM,Andrew Yang,0
Calhoun,City of Battle Creek Precinct 10,President,,DEM,Uncommitted,3
Calhoun,City of Battle Creek Precinct 10,President,,REP,Mark Sanford,1
Calhoun,City of Battle Creek Precinct 10,President,,REP,Donald J. Trump,113
Calhoun,City of Battle Creek Precinct 10,President,,REP,Joe Walsh,2
Calhoun,City of Battle Creek Precinct 10,President,,REP,Bill Weld,0
Calhoun,City of Battle Creek Precinct 10,President,,REP,Uncommitted,9
Calhoun,City of Battle Creek Precinct 10,City of Battle Creek Charter Amendment 1,,,Yes,298
Calhoun,City of Battle Creek Precinct 10,City of Battle Creek Charter Amendment 1,,,No,173
Calhoun,City of Battle Creek Precinct 10,City of Battle Creek Charter Amendment 2,,,Yes,339
Calhoun,City of Battle Creek Precinct 10,City of Battle Creek Charter Amendment 2,,,No,124
Calhoun,City of Battle Creek Precinct 11,Registered Voters,,,,2846
Calhoun,City of Battle Creek Precinct 11,Ballots Cast,,DEM,,327
Calhoun,City of Battle Creek Precinct 11,Ballots Cast,,REP,,119
Calhoun,City of Battle Creek Precinct 11,President,,DEM,Michael Bennet,0
Calhoun,City of Battle Creek Precinct 11,President,,DEM,Joe Biden,160
Calhoun,City of Battle Creek Precinct 11,President,,DEM,Michael R. Bloomberg,14
Calhoun,City of Battle Creek Precinct 11,President,,DEM,Cory Booker,0
Calhoun,City of Battle Creek Precinct 11,President,,DEM,Pete Buttigieg,7
Calhoun,City of Battle Creek Precinct 11,President,,DEM,Julian Castro,0
Calhoun,City of Battle Creek Precinct 11,President,,DEM,John Delaney,0
Calhoun,City of Battle Creek Precinct 11,President,,DEM,Tulsi Gabbard,0
Calhoun,City of Battle Creek Precinct 11,President,,DEM,Amy Klobuchar,5
Calhoun,City of Battle Creek Precinct 11,President,,DEM,Bernie Sanders,125
Calhoun,City of Battle Creek Precinct 11,President,,DEM,Joe Sestak,0
Calhoun,City of Battle Creek Precinct 11,President,,DEM,Tom Steyer,0
Calhoun,City of Battle Creek Precinct 11,President,,DEM,Elizabeth Warren,7
Calhoun,City of Battle Creek Precinct 11,President,,DEM,Marianne Williamson,0
Calhoun,City of Battle Creek Precinct 11,President,,DEM,Andrew Yang,2
Calhoun,City of Battle Creek Precinct 11,President,,DEM,Uncommitted,5
Calhoun,City of Battle Creek Precinct 11,President,,REP,Mark Sanford,3
Calhoun,City of Battle Creek Precinct 11,President,,REP,Donald J. Trump,109
Calhoun,City of Battle Creek Precinct 11,President,,REP,Joe Walsh,1
Calhoun,City of Battle Creek Precinct 11,President,,REP,Bill Weld,0
Calhoun,City of Battle Creek Precinct 11,President,,REP,Uncommitted,5
Calhoun,City of Battle Creek Precinct 11,City of Battle Creek Charter Amendment 1,,,Yes,298
Calhoun,City of Battle Creek Precinct 11,City of Battle Creek Charter Amendment 1,,,No,137
Calhoun,City of Battle Creek Precinct 11,City of Battle Creek Charter Amendment 2,,,Yes,304
Calhoun,City of Battle Creek Precinct 11,City of Battle Creek Charter Amendment 2,,,No,111
Calhoun,City of Battle Creek Precinct 12,Registered Voters,,,,1715
Calhoun,City of Battle Creek Precinct 12,Ballots Cast,,DEM,,192
Calhoun,City of Battle Creek Precinct 12,Ballots Cast,,REP,,12
Calhoun,City of Battle Creek Precinct 12,President,,DEM,Michael Bennet,0
Calhoun,City of Battle Creek Precinct 12,President,,DEM,Joe Biden,126
Calhoun,City of Battle Creek Precinct 12,President,,DEM,Michael R. Bloomberg,4
Calhoun,City of Battle Creek Precinct 12,President,,DEM,Cory Booker,1
Calhoun,City of Battle Creek Precinct 12,President,,DEM,Pete Buttigieg,3
Calhoun,City of Battle Creek Precinct 12,President,,DEM,Julian Castro,0
Calhoun,City of Battle Creek Precinct 12,President,,DEM,John Delaney,0
Calhoun,City of Battle Creek Precinct 12,President,,DEM,Tulsi Gabbard,0
Calhoun,City of Battle Creek Precinct 12,President,,DEM,Amy Klobuchar,0
Calhoun,City of Battle Creek Precinct 12,President,,DEM,Bernie Sanders,52
Calhoun,City of Battle Creek Precinct 12,President,,DEM,Joe Sestak,1
Calhoun,City of Battle Creek Precinct 12,President,,DEM,Tom Steyer,0
Calhoun,City of Battle Creek Precinct 12,President,,DEM,Elizabeth Warren,0
Calhoun,City of Battle Creek Precinct 12,President,,DEM,Marianne Williamson,0
Calhoun,City of Battle Creek Precinct 12,President,,DEM,Andrew Yang,0
Calhoun,City of Battle Creek Precinct 12,President,,DEM,Uncommitted,4
Calhoun,City of Battle Creek Precinct 12,President,,REP,Mark Sanford,0
Calhoun,City of Battle Creek Precinct 12,President,,REP,Donald J. Trump,12
Calhoun,City of Battle Creek Precinct 12,President,,REP,Joe Walsh,0
Calhoun,City of Battle Creek Precinct 12,President,,REP,Bill Weld,0
Calhoun,City of Battle Creek Precinct 12,President,,REP,Uncommitted,0
Calhoun,City of Battle Creek Precinct 12,City of Battle Creek Charter Amendment 1,,,Yes,143
Calhoun,City of Battle Creek Precinct 12,City of Battle Creek Charter Amendment 1,,,No,54
Calhoun,City of Battle Creek Precinct 12,City of Battle Creek Charter Amendment 2,,,Yes,160
Calhoun,City of Battle Creek Precinct 12,City of Battle Creek Charter Amendment 2,,,No,36
Calhoun,City of Battle Creek Precinct 13,Registered Voters,,,,1757
Calhoun,City of Battle Creek Precinct 13,Ballots Cast,,DEM,,172
Calhoun,City of Battle Creek Precinct 13,Ballots Cast,,REP,,58
Calhoun,City of Battle Creek Precinct 13,President,,DEM,Michael Bennet,0
Calhoun,City of Battle Creek Precinct 13,President,,DEM,Joe Biden,79
Calhoun,City of Battle Creek Precinct 13,President,,DEM,Michael R. Bloomberg,4
Calhoun,City of Battle Creek Precinct 13,President,,DEM,Cory Booker,0
Calhoun,City of Battle Creek Precinct 13,President,,DEM,Pete Buttigieg,1
Calhoun,City of Battle Creek Precinct 13,President,,DEM,Julian Castro,0
Calhoun,City of Battle Creek Precinct 13,President,,DEM,John Delaney,0
Calhoun,City of Battle Creek Precinct 13,President,,DEM,Tulsi Gabbard,2
Calhoun,City of Battle Creek Precinct 13,President,,DEM,Amy Klobuchar,1
Calhoun,City of Battle Creek Precinct 13,President,,DEM,Bernie Sanders,80
Calhoun,City of Battle Creek Precinct 13,President,,DEM,Joe Sestak,0
Calhoun,City of Battle Creek Precinct 13,President,,DEM,Tom Steyer,0
Calhoun,City of Battle Creek Precinct 13,President,,DEM,Elizabeth Warren,2
Calhoun,City of Battle Creek Precinct 13,President,,DEM,Marianne Williamson,0
Calhoun,City of Battle Creek Precinct 13,President,,DEM,Andrew Yang,0
Calhoun,City of Battle Creek Precinct 13,President,,DEM,Uncommitted,1
Calhoun,City of Battle Creek Precinct 13,President,,REP,Mark Sanford,1
Calhoun,City of Battle Creek Precinct 13,President,,REP,Donald J. Trump,56
Calhoun,City of Battle Creek Precinct 13,President,,REP,Joe Walsh,0
Calhoun,City of Battle Creek Precinct 13,President,,REP,Bill Weld,0
Calhoun,City of Battle Creek Precinct 13,President,,REP,Uncommitted,1
Calhoun,City of Battle Creek Precinct 13,City of Battle Creek Charter Amendment 1,,,Yes,133
Calhoun,City of Battle Creek Precinct 13,City of Battle Creek Charter Amendment 1,,,No,92
Calhoun,City of Battle Creek Precinct 13,City of Battle Creek Charter Amendment 2,,,Yes,162
Calhoun,City of Battle Creek Precinct 13,City of Battle Creek Charter Amendment 2,,,No,58
Calhoun,City of Battle Creek Precinct 15,Registered Voters,,,,2058
Calhoun,City of Battle Creek Precinct 15,Ballots Cast,,DEM,,488
Calhoun,City of Battle Creek Precinct 15,Ballots Cast,,REP,,151
Calhoun,City of Battle Creek Precinct 15,President,,DEM,Michael Bennet,2
Calhoun,City of Battle Creek Precinct 15,President,,DEM,Joe Biden,256
Calhoun,City of Battle Creek Precinct 15,President,,DEM,Michael R. Bloomberg,22
Calhoun,City of Battle Creek Precinct 15,President,,DEM,Cory Booker,0
Calhoun,City of Battle Creek Precinct 15,President,,DEM,Pete Buttigieg,10
Calhoun,City of Battle Creek Precinct 15,President,,DEM,Julian Castro,0
Calhoun,City of Battle Creek Precinct 15,President,,DEM,John Delaney,0
Calhoun,City of Battle Creek Precinct 15,President,,DEM,Tulsi Gabbard,0
Calhoun,City of Battle Creek Precinct 15,President,,DEM,Amy Klobuchar,4
Calhoun,City of Battle Creek Precinct 15,President,,DEM,Bernie Sanders,181
Calhoun,City of Battle Creek Precinct 15,President,,DEM,Joe Sestak,0
Calhoun,City of Battle Creek Precinct 15,President,,DEM,Tom Steyer,1
Calhoun,City of Battle Creek Precinct 15,President,,DEM,Elizabeth Warren,7
Calhoun,City of Battle Creek Precinct 15,President,,DEM,Marianne Williamson,0
Calhoun,City of Battle Creek Precinct 15,President,,DEM,Andrew Yang,0
Calhoun,City of Battle Creek Precinct 15,President,,DEM,Uncommitted,2
Calhoun,City of Battle Creek Precinct 15,President,,REP,Mark Sanford,1
Calhoun,City of Battle Creek Precinct 15,President,,REP,Donald J. Trump,139
Calhoun,City of Battle Creek Precinct 15,President,,REP,Joe Walsh,1
Calhoun,City of Battle Creek Precinct 15,President,,REP,Bill Weld,0
Calhoun,City of Battle Creek Precinct 15,President,,REP,Uncommitted,10
Calhoun,City of Battle Creek Precinct 15,City of Battle Creek Charter Amendment 1,,,Yes,437
Calhoun,City of Battle Creek Precinct 15,City of Battle Creek Charter Amendment 1,,,No,186
Calhoun,City of Battle Creek Precinct 15,City of Battle Creek Charter Amendment 2,,,Yes,438
Calhoun,City of Battle Creek Precinct 15,City of Battle Creek Charter Amendment 2,,,No,181
Calhoun,City of Battle Creek Precinct 17,Registered Voters,,,,2255
Calhoun,City of Battle Creek Precinct 17,Ballots Cast,,DEM,,289
Calhoun,City of Battle Creek Precinct 17,Ballots Cast,,REP,,85
Calhoun,City of Battle Creek Precinct 17,President,,DEM,Michael Bennet,1
Calhoun,City of Battle Creek Precinct 17,President,,DEM,Joe Biden,117
Calhoun,City of Battle Creek Precinct 17,President,,DEM,Michael R. Bloomberg,4
Calhoun,City of Battle Creek Precinct 17,President,,DEM,Cory Booker,0
Calhoun,City of Battle Creek Precinct 17,President,,DEM,Pete Buttigieg,1
Calhoun,City of Battle Creek Precinct 17,President,,DEM,Julian Castro,0
Calhoun,City of Battle Creek Precinct 17,President,,DEM,John Delaney,0
Calhoun,City of Battle Creek Precinct 17,President,,DEM,Tulsi Gabbard,1
Calhoun,City of Battle Creek Precinct 17,President,,DEM,Amy Klobuchar,1
Calhoun,City of Battle Creek Precinct 17,President,,DEM,Bernie Sanders,151
Calhoun,City of Battle Creek Precinct 17,President,,DEM,Joe Sestak,0
Calhoun,City of Battle Creek Precinct 17,President,,DEM,Tom Steyer,1
Calhoun,City of Battle Creek Precinct 17,President,,DEM,Elizabeth Warren,9
Calhoun,City of Battle Creek Precinct 17,President,,DEM,Marianne Williamson,0
Calhoun,City of Battle Creek Precinct 17,President,,DEM,Andrew Yang,0
Calhoun,City of Battle Creek Precinct 17,President,,DEM,Uncommitted,2
Calhoun,City of Battle Creek Precinct 17,President,,REP,Mark Sanford,0
Calhoun,City of Battle Creek Precinct 17,President,,REP,Donald J. Trump,78
Calhoun,City of Battle Creek Precinct 17,President,,REP,Joe Walsh,0
Calhoun,City of Battle Creek Precinct 17,President,,REP,Bill Weld,0
Calhoun,City of Battle Creek Precinct 17,President,,REP,Uncommitted,6
Calhoun,City of Battle Creek Precinct 17,City of Battle Creek Charter Amendment 1,,,Yes,241
Calhoun,City of Battle Creek Precinct 17,City of Battle Creek Charter Amendment 1,,,No,131
Calhoun,City of Battle Creek Precinct 17,City of Battle Creek Charter Amendment 2,,,Yes,266
Calhoun,City of Battle Creek Precinct 17,City of Battle Creek Charter Amendment 2,,,No,101
Calhoun,City of Battle Creek Precinct 18,Registered Voters,,,,1985
Calhoun,City of Battle Creek Precinct 18,Ballots Cast,,DEM,,170
Calhoun,City of Battle Creek Precinct 18,Ballots Cast,,REP,,31
Calhoun,City of Battle Creek Precinct 18,President,,DEM,Michael Bennet,0
Calhoun,City of Battle Creek Precinct 18,President,,DEM,Joe Biden,87
Calhoun,City of Battle Creek Precinct 18,President,,DEM,Michael R. Bloomberg,6
Calhoun,City of Battle Creek Precinct 18,President,,DEM,Cory Booker,2
Calhoun,City of Battle Creek Precinct 18,President,,DEM,Pete Buttigieg,0
Calhoun,City of Battle Creek Precinct 18,President,,DEM,Julian Castro,0
Calhoun,City of Battle Creek Precinct 18,President,,DEM,John Delaney,0
Calhoun,City of Battle Creek Precinct 18,President,,DEM,Tulsi Gabbard,0
Calhoun,City of Battle Creek Precinct 18,President,,DEM,Amy Klobuchar,1
Calhoun,City of Battle Creek Precinct 18,President,,DEM,Bernie Sanders,65
Calhoun,City of Battle Creek Precinct 18,President,,DEM,Joe Sestak,0
Calhoun,City of Battle Creek Precinct 18,President,,DEM,Tom Steyer,0
Calhoun,City of Battle Creek Precinct 18,President,,DEM,Elizabeth Warren,6
Calhoun,City of Battle Creek Precinct 18,President,,DEM,Marianne Williamson,0
Calhoun,City of Battle Creek Precinct 18,President,,DEM,Andrew Yang,0
Calhoun,City of Battle Creek Precinct 18,President,,DEM,Uncommitted,1
Calhoun,City of Battle Creek Precinct 18,President,,REP,Mark Sanford,0
Calhoun,City of Battle Creek Precinct 18,President,,REP,Donald J. Trump,26
Calhoun,City of Battle Creek Precinct 18,President,,REP,Joe Walsh,3
Calhoun,City of Battle Creek Precinct 18,President,,REP,Bill Weld,1
Calhoun,City of Battle Creek Precinct 18,President,,REP,Uncommitted,0
Calhoun,City of Battle Creek Precinct 18,City of Battle Creek Charter Amendment 1,,,Yes,129
Calhoun,City of Battle Creek Precinct 18,City of Battle Creek Charter Amendment 1,,,No,66
Calhoun,City of Battle Creek Precinct 18,City of Battle Creek Charter Amendment 2,,,Yes,138
Calhoun,City of Battle Creek Precinct 18,City of Battle Creek Charter Amendment 2,,,No,52
Calhoun,City of Battle Creek Precinct 19,Registered Voters,,,,1210
Calhoun,City of Battle Creek Precinct 19,Ballots Cast,,DEM,,152
Calhoun,City of Battle Creek Precinct 19,Ballots Cast,,REP,,28
Calhoun,City of Battle Creek Precinct 19,President,,DEM,Michael Bennet,0
Calhoun,City of Battle Creek Precinct 19,President,,DEM,Joe Biden,72
Calhoun,City of Battle Creek Precinct 19,President,,DEM,Michael R. Bloomberg,3
Calhoun,City of Battle Creek Precinct 19,President,,DEM,Cory Booker,0
Calhoun,City of Battle Creek Precinct 19,President,,DEM,Pete Buttigieg,1
Calhoun,City of Battle Creek Precinct 19,President,,DEM,Julian Castro,0
Calhoun,City of Battle Creek Precinct 19,President,,DEM,John Delaney,0
Calhoun,City of Battle Creek Precinct 19,President,,DEM,Tulsi Gabbard,0
Calhoun,City of Battle Creek Precinct 19,President,,DEM,Amy Klobuchar,0
Calhoun,City of Battle Creek Precinct 19,President,,DEM,Bernie Sanders,74
Calhoun,City of Battle Creek Precinct 19,President,,DEM,Joe Sestak,0
Calhoun,City of Battle Creek Precinct 19,President,,DEM,Tom Steyer,0
Calhoun,City of Battle Creek Precinct 19,President,,DEM,Elizabeth Warren,1
Calhoun,City of Battle Creek Precinct 19,President,,DEM,Marianne Williamson,0
Calhoun,City of Battle Creek Precinct 19,President,,DEM,Andrew Yang,0
Calhoun,City of Battle Creek Precinct 19,President,,DEM,Uncommitted,0
Calhoun,City of Battle Creek Precinct 19,President,,REP,Mark Sanford,0
Calhoun,City of Battle Creek Precinct 19,President,,REP,Donald J. Trump,27
Calhoun,City of Battle Creek Precinct 19,President,,REP,Joe Walsh,0
Calhoun,City of Battle Creek Precinct 19,President,,REP,Bill Weld,0
Calhoun,City of Battle Creek Precinct 19,President,,REP,Uncommitted,0
Calhoun,City of Battle Creek Precinct 19,City of Battle Creek Charter Amendment 1,,,Yes,126
Calhoun,City of Battle Creek Precinct 19,City of Battle Creek Charter Amendment 1,,,No,54
Calhoun,City of Battle Creek Precinct 19,City of Battle Creek Charter Amendment 2,,,Yes,134
Calhoun,City of Battle Creek Precinct 19,City of Battle Creek Charter Amendment 2,,,No,44
Calhoun,City of Battle Creek Precinct 2,Registered Voters,,,,1502
Calhoun,City of Battle Creek Precinct 2,Ballots Cast,,DEM,,205
Calhoun,City of Battle Creek Precinct 2,Ballots Cast,,REP,,92
Calhoun,City of Battle Creek Precinct 2,President,,DEM,Michael Bennet,2
Calhoun,City of Battle Creek Precinct 2,President,,DEM,Joe Biden,77
Calhoun,City of Battle Creek Precinct 2,President,,DEM,Michael R. Bloomberg,3
Calhoun,City of Battle Creek Precinct 2,President,,DEM,Cory Booker,0
Calhoun,City of Battle Creek Precinct 2,President,,DEM,Pete Buttigieg,2
Calhoun,City of Battle Creek Precinct 2,President,,DEM,Julian Castro,0
Calhoun,City of Battle Creek Precinct 2,President,,DEM,John Delaney,0
Calhoun,City of Battle Creek Precinct 2,President,,DEM,Tulsi Gabbard,1
Calhoun,City of Battle Creek Precinct 2,President,,DEM,Amy Klobuchar,0
Calhoun,City of Battle Creek Precinct 2,President,,DEM,Bernie Sanders,112
Calhoun,City of Battle Creek Precinct 2,President,,DEM,Joe Sestak,0
Calhoun,City of Battle Creek Precinct 2,President,,DEM,Tom Steyer,0
Calhoun,City of Battle Creek Precinct 2,President,,DEM,Elizabeth Warren,6
Calhoun,City of Battle Creek Precinct 2,President,,DEM,Marianne Williamson,0
Calhoun,City of Battle Creek Precinct 2,President,,DEM,Andrew Yang,0
Calhoun,City of Battle Creek Precinct 2,President,,DEM,Uncommitted,1
Calhoun,City of Battle Creek Precinct 2,President,,REP,Mark Sanford,1
Calhoun,City of Battle Creek Precinct 2,President,,REP,Donald J. Trump,89
Calhoun,City of Battle Creek Precinct 2,President,,REP,Joe Walsh,0
Calhoun,City of Battle Creek Precinct 2,President,,REP,Bill Weld,0
Calhoun,City of Battle Creek Precinct 2,President,,REP,Uncommitted,2
Calhoun,City of Battle Creek Precinct 2,City of Battle Creek Charter Amendment 1,,,Yes,201
Calhoun,City of Battle Creek Precinct 2,City of Battle Creek Charter Amendment 1,,,No,86
Calhoun,City of Battle Creek Precinct 2,City of Battle Creek Charter Amendment 2,,,Yes,210
Calhoun,City of Battle Creek Precinct 2,City of Battle Creek Charter Amendment 2,,,No,64
Calhoun,City of Battle Creek Precinct 20,Registered Voters,,,,1746
Calhoun,City of Battle Creek Precinct 20,Ballots Cast,,DEM,,294
Calhoun,City of Battle Creek Precinct 20,Ballots Cast,,REP,,171
Calhoun,City of Battle Creek Precinct 20,President,,DEM,Michael Bennet,0
Calhoun,City of Battle Creek Precinct 20,President,,DEM,Joe Biden,180
Calhoun,City of Battle Creek Precinct 20,President,,DEM,Michael R. Bloomberg,13
Calhoun,City of Battle Creek Precinct 20,President,,DEM,Cory Booker,0
Calhoun,City of Battle Creek Precinct 20,President,,DEM,Pete Buttigieg,6
Calhoun,City of Battle Creek Precinct 20,President,,DEM,Julian Castro,0
Calhoun,City of Battle Creek Precinct 20,President,,DEM,John Delaney,0
Calhoun,City of Battle Creek Precinct 20,President,,DEM,Tulsi Gabbard,2
Calhoun,City of Battle Creek Precinct 20,President,,DEM,Amy Klobuchar,4
Calhoun,City of Battle Creek Precinct 20,President,,DEM,Bernie Sanders,71
Calhoun,City of Battle Creek Precinct 20,President,,DEM,Joe Sestak,0
Calhoun,City of Battle Creek Precinct 20,President,,DEM,Tom Steyer,0
Calhoun,City of Battle Creek Precinct 20,President,,DEM,Elizabeth Warren,11
Calhoun,City of Battle Creek Precinct 20,President,,DEM,Marianne Williamson,0
Calhoun,City of Battle Creek Precinct 20,President,,DEM,Andrew Yang,0
Calhoun,City of Battle Creek Precinct 20,President,,DEM,Uncommitted,6
Calhoun,City of Battle Creek Precinct 20,President,,REP,Mark Sanford,2
Calhoun,City of Battle Creek Precinct 20,President,,REP,Donald J. Trump,155
Calhoun,City of Battle Creek Precinct 20,President,,REP,Joe Walsh,1
Calhoun,City of Battle Creek Precinct 20,President,,REP,Bill Weld,2
Calhoun,City of Battle Creek Precinct 20,President,,REP,Uncommitted,9
Calhoun,City of Battle Creek Precinct 20,City of Battle Creek Charter Amendment 1,,,Yes,303
Calhoun,City of Battle Creek Precinct 20,City of Battle Creek Charter Amendment 1,,,No,163
Calhoun,City of Battle Creek Precinct 20,City of Battle Creek Charter Amendment 2,,,Yes,316
Calhoun,City of Battle Creek Precinct 20,City of Battle Creek Charter Amendment 2,,,No,141
Calhoun,City of Battle Creek Precinct 21,Registered Voters,,,,2233
Calhoun,City of Battle Creek Precinct 21,Ballots Cast,,DEM,,298
Calhoun,City of Battle Creek Precinct 21,Ballots Cast,,REP,,36
Calhoun,City of Battle Creek Precinct 21,President,,DEM,Michael Bennet,0
Calhoun,City of Battle Creek Precinct 21,President,,DEM,Joe Biden,179
Calhoun,City of Battle Creek Precinct 21,President,,DEM,Michael R. Bloomberg,6
Calhoun,City of Battle Creek Precinct 21,President,,DEM,Cory Booker,0
Calhoun,City of Battle Creek Precinct 21,President,,DEM,Pete Buttigieg,0
Calhoun,City of Battle Creek Precinct 21,President,,DEM,Julian Castro,0
Calhoun,City of Battle Creek Precinct 21,President,,DEM,John Delaney,0
Calhoun,City of Battle Creek Precinct 21,President,,DEM,Tulsi Gabbard,0
Calhoun,City of Battle Creek Precinct 21,President,,DEM,Amy Klobuchar,0
Calhoun,City of Battle Creek Precinct 21,President,,DEM,Bernie Sanders,103
Calhoun,City of Battle Creek Precinct 21,President,,DEM,Joe Sestak,0
Calhoun,City of Battle Creek Precinct 21,President,,DEM,Tom Steyer,0
Calhoun,City of Battle Creek Precinct 21,President,,DEM,Elizabeth Warren,5
Calhoun,City of Battle Creek Precinct 21,President,,DEM,Marianne Williamson,0
Calhoun,City of Battle Creek Precinct 21,President,,DEM,Andrew Yang,0
Calhoun,City of Battle Creek Precinct 21,President,,DEM,Uncommitted,4
Calhoun,City of Battle Creek Precinct 21,President,,REP,Mark Sanford,1
Calhoun,City of Battle Creek Precinct 21,President,,REP,Donald J. Trump,29
Calhoun,City of Battle Creek Precinct 21,President,,REP,Joe Walsh,0
Calhoun,City of Battle Creek Precinct 21,President,,REP,Bill Weld,0
Calhoun,City of Battle Creek Precinct 21,President,,REP,Uncommitted,5
Calhoun,City of Battle Creek Precinct 21,City of Battle Creek Charter Amendment 1,,,Yes,202
Calhoun,City of Battle Creek Precinct 21,City of Battle Creek Charter Amendment 1,,,No,110
Calhoun,City of Battle Creek Precinct 21,City of Battle Creek Charter Amendment 2,,,Yes,236
Calhoun,City of Battle Creek Precinct 21,City of Battle Creek Charter Amendment 2,,,No,69
Calhoun,City of Battle Creek Precinct 22,Registered Voters,,,,1466
Calhoun,City of Battle Creek Precinct 22,Ballots Cast,,DEM,,167
Calhoun,City of Battle Creek Precinct 22,Ballots Cast,,REP,,82
Calhoun,City of Battle Creek Precinct 22,President,,DEM,Michael Bennet,0
Calhoun,City of Battle Creek Precinct 22,President,,DEM,Joe Biden,76
Calhoun,City of Battle Creek Precinct 22,President,,DEM,Michael R. Bloomberg,8
Calhoun,City of Battle Creek Precinct 22,President,,DEM,Cory Booker,0
Calhoun,City of Battle Creek Precinct 22,President,,DEM,Pete Buttigieg,2
Calhoun,City of Battle Creek Precinct 22,President,,DEM,Julian Castro,0
Calhoun,City of Battle Creek Precinct 22,President,,DEM,John Delaney,0
Calhoun,City of Battle Creek Precinct 22,President,,DEM,Tulsi Gabbard,2
Calhoun,City of Battle Creek Precinct 22,President,,DEM,Amy Klobuchar,0
Calhoun,City of Battle Creek Precinct 22,President,,DEM,Bernie Sanders,68
Calhoun,City of Battle Creek Precinct 22,President,,DEM,Joe Sestak,0
Calhoun,City of Battle Creek Precinct 22,President,,DEM,Tom Steyer,1
Calhoun,City of Battle Creek Precinct 22,President,,DEM,Elizabeth Warren,2
Calhoun,City of Battle Creek Precinct 22,President,,DEM,Marianne Williamson,0
Calhoun,City of Battle Creek Precinct 22,President,,DEM,Andrew Yang,0
Calhoun,City of Battle Creek Precinct 22,President,,DEM,Uncommitted,5
Calhoun,City of Battle Creek Precinct 22,President,,REP,Mark Sanford,1
Calhoun,City of Battle Creek Precinct 22,President,,REP,Donald J. Trump,68
Calhoun,City of Battle Creek Precinct 22,President,,REP,Joe Walsh,2
Calhoun,City of Battle Creek Precinct 22,President,,REP,Bill Weld,0
Calhoun,City of Battle Creek Precinct 22,President,,REP,Uncommitted,9
Calhoun,City of Battle Creek Precinct 22,City of Battle Creek Charter Amendment 1,,,Yes,158
Calhoun,City of Battle Creek Precinct 22,City of Battle Creek Charter Amendment 1,,,No,86
Calhoun,City of Battle Creek Precinct 22,City of Battle Creek Charter Amendment 2,,,Yes,177
Calhoun,City of Battle Creek Precinct 22,City of Battle Creek Charter Amendment 2,,,No,61
Calhoun,City of Battle Creek Precinct 23,Registered Voters,,,,1750
Calhoun,City of Battle Creek Precinct 23,Ballots Cast,,DEM,,235
Calhoun,City of Battle Creek Precinct 23,Ballots Cast,,REP,,108
Calhoun,City of Battle Creek Precinct 23,President,,DEM,Michael Bennet,0
Calhoun,City of Battle Creek Precinct 23,President,,DEM,Joe Biden,103
Calhoun,City of Battle Creek Precinct 23,President,,DEM,Michael R. Bloomberg,12
Calhoun,City of Battle Creek Precinct 23,President,,DEM,Cory Booker,0
Calhoun,City of Battle Creek Precinct 23,President,,DEM,Pete Buttigieg,2
Calhoun,City of Battle Creek Precinct 23,President,,DEM,Julian Castro,0
Calhoun,City of Battle Creek Precinct 23,President,,DEM,John Delaney,0
Calhoun,City of Battle Creek Precinct 23,President,,DEM,Tulsi Gabbard,1
Calhoun,City of Battle Creek Precinct 23,President,,DEM,Amy Klobuchar,1
Calhoun,City of Battle Creek Precinct 23,President,,DEM,Bernie Sanders,109
Calhoun,City of Battle Creek Precinct 23,President,,DEM,Joe Sestak,0
Calhoun,City of Battle Creek Precinct 23,President,,DEM,Tom Steyer,0
Calhoun,City of Battle Creek Precinct 23,President,,DEM,Elizabeth Warren,4
Calhoun,City of Battle Creek Precinct 23,President,,DEM,Marianne Williamson,0
Calhoun,City of Battle Creek Precinct 23,President,,DEM,Andrew Yang,0
Calhoun,City of Battle Creek Precinct 23,President,,DEM,Uncommitted,2
Calhoun,City of Battle Creek Precinct 23,President,,REP,Mark Sanford,0
Calhoun,City of Battle Creek Precinct 23,President,,REP,Donald J. Trump,105
Calhoun,City of Battle Creek Precinct 23,President,,REP,Joe Walsh,0
Calhoun,City of Battle Creek Precinct 23,President,,REP,Bill Weld,2
Calhoun,City of Battle Creek Precinct 23,President,,REP,Uncommitted,1
Calhoun,City of Battle Creek Precinct 23,City of Battle Creek Charter Amendment 1,,,Yes,213
Calhoun,City of Battle Creek Precinct 23,City of Battle Creek Charter Amendment 1,,,No,120
Calhoun,City of Battle Creek Precinct 23,City of Battle Creek Charter Amendment 2,,,Yes,245
Calhoun,City of Battle Creek Precinct 23,City of Battle Creek Charter Amendment 2,,,No,80
Calhoun,City of Battle Creek Precinct 3,Registered Voters,,,,1680
Calhoun,City of Battle Creek Precinct 3,Ballots Cast,,DEM,,295
Calhoun,City of Battle Creek Precinct 3,Ballots Cast,,REP,,187
Calhoun,City of Battle Creek Precinct 3,President,,DEM,Michael Bennet,0
Calhoun,City of Battle Creek Precinct 3,President,,DEM,Joe Biden,158
Calhoun,City of Battle Creek Precinct 3,President,,DEM,Michael R. Bloomberg,15
Calhoun,City of Battle Creek Precinct 3,President,,DEM,Cory Booker,0
Calhoun,City of Battle Creek Precinct 3,President,,DEM,Pete Buttigieg,5
Calhoun,City of Battle Creek Precinct 3,President,,DEM,Julian Castro,0
Calhoun,City of Battle Creek Precinct 3,President,,DEM,John Delaney,0
Calhoun,City of Battle Creek Precinct 3,President,,DEM,Tulsi Gabbard,1
Calhoun,City of Battle Creek Precinct 3,President,,DEM,Amy Klobuchar,1
Calhoun,City of Battle Creek Precinct 3,President,,DEM,Bernie Sanders,103
Calhoun,City of Battle Creek Precinct 3,President,,DEM,Joe Sestak,0
Calhoun,City of Battle Creek Precinct 3,President,,DEM,Tom Steyer,0
Calhoun,City of Battle Creek Precinct 3,President,,DEM,Elizabeth Warren,6
Calhoun,City of Battle Creek Precinct 3,President,,DEM,Marianne Williamson,0
Calhoun,City of Battle Creek Precinct 3,President,,DEM,Andrew Yang,0
Calhoun,City of Battle Creek Precinct 3,President,,DEM,Uncommitted,4
Calhoun,City of Battle Creek Precinct 3,President,,REP,Mark Sanford,1
Calhoun,City of Battle Creek Precinct 3,President,,REP,Donald J. Trump,174
Calhoun,City of Battle Creek Precinct 3,President,,REP,Joe Walsh,1
Calhoun,City of Battle Creek Precinct 3,President,,REP,Bill Weld,1
Calhoun,City of Battle Creek Precinct 3,President,,REP,Uncommitted,7
Calhoun,City of Battle Creek Precinct 3,City of Battle Creek Charter Amendment 1,,,Yes,287
Calhoun,City of Battle Creek Precinct 3,City of Battle Creek Charter Amendment 1,,,No,184
Calhoun,City of Battle Creek Precinct 3,City of Battle Creek Charter Amendment 2,,,Yes,312
Calhoun,City of Battle Creek Precinct 3,City of Battle Creek Charter Amendment 2,,,No,151
Calhoun,City of Battle Creek Precinct 4,Registered Voters,,,,1399
Calhoun,City of Battle Creek Precinct 4,Ballots Cast,,DEM,,165
Calhoun,City of Battle Creek Precinct 4,Ballots Cast,,REP,,49
Calhoun,City of Battle Creek Precinct 4,President,,DEM,Michael Bennet,0
Calhoun,City of Battle Creek Precinct 4,President,,DEM,Joe Biden,82
Calhoun,City of Battle Creek Precinct 4,President,,DEM,Michael R. Bloomberg,5
Calhoun,City of Battle Creek Precinct 4,President,,DEM,Cory Booker,0
Calhoun,City of Battle Creek Precinct 4,President,,DEM,Pete Buttigieg,2
Calhoun,City of Battle Creek Precinct 4,President,,DEM,Julian Castro,0
Calhoun,City of Battle Creek Precinct 4,President,,DEM,John Delaney,0
Calhoun,City of Battle Creek Precinct 4,President,,DEM,Tulsi Gabbard,1
Calhoun,City of Battle Creek Precinct 4,President,,DEM,Amy Klobuchar,0
Calhoun,City of Battle Creek Precinct 4,President,,DEM,Bernie Sanders,72
Calhoun,City of Battle Creek Precinct 4,President,,DEM,Joe Sestak,0
Calhoun,City of Battle Creek Precinct 4,President,,DEM,Tom Steyer,0
Calhoun,City of Battle Creek Precinct 4,President,,DEM,Elizabeth Warren,2
Calhoun,City of Battle Creek Precinct 4,President,,DEM,Marianne Williamson,0
Calhoun,City of Battle Creek Precinct 4,President,,DEM,Andrew Yang,0
Calhoun,City of Battle Creek Precinct 4,President,,DEM,Uncommitted,1
Calhoun,City of Battle Creek Precinct 4,President,,REP,Mark Sanford,0
Calhoun,City of Battle Creek Precinct 4,President,,REP,Donald J. Trump,48
Calhoun,City of Battle Creek Precinct 4,President,,REP,Joe Walsh,1
Calhoun,City of Battle Creek Precinct 4,President,,REP,Bill Weld,0
Calhoun,City of Battle Creek Precinct 4,President,,REP,Uncommitted,0
Calhoun,City of Battle Creek Precinct 4,City of Battle Creek Charter Amendment 1,,,Yes,144
Calhoun,City of Battle Creek Precinct 4,City of Battle Creek Charter Amendment 1,,,No,66
Calhoun,City of Battle Creek Precinct 4,City of Battle Creek Charter Amendment 2,,,Yes,143
Calhoun,City of Battle Creek Precinct 4,City of Battle Creek Charter Amendment 2,,,No,56
Calhoun,City of Battle Creek Precinct 5,Registered Voters,,,,1720
Calhoun,City of Battle Creek Precinct 5,Ballots Cast,,DEM,,335
Calhoun,City of Battle Creek Precinct 5,Ballots Cast,,REP,,183
Calhoun,City of Battle Creek Precinct 5,President,,DEM,Michael Bennet,0
Calhoun,City of Battle Creek Precinct 5,President,,DEM,Joe Biden,198
Calhoun,City of Battle Creek Precinct 5,President,,DEM,Michael R. Bloomberg,25
Calhoun,City of Battle Creek Precinct 5,President,,DEM,Cory Booker,0
Calhoun,City of Battle Creek Precinct 5,President,,DEM,Pete Buttigieg,13
Calhoun,City of Battle Creek Precinct 5,President,,DEM,Julian Castro,0
Calhoun,City of Battle Creek Precinct 5,President,,DEM,John Delaney,0
Calhoun,City of Battle Creek Precinct 5,President,,DEM,Tulsi Gabbard,2
Calhoun,City of Battle Creek Precinct 5,President,,DEM,Amy Klobuchar,1
Calhoun,City of Battle Creek Precinct 5,President,,DEM,Bernie Sanders,85
Calhoun,City of Battle Creek Precinct 5,President,,DEM,Joe Sestak,1
Calhoun,City of Battle Creek Precinct 5,President,,DEM,Tom Steyer,1
Calhoun,City of Battle Creek Precinct 5,President,,DEM,Elizabeth Warren,6
Calhoun,City of Battle Creek Precinct 5,President,,DEM,Marianne Williamson,0
Calhoun,City of Battle Creek Precinct 5,President,,DEM,Andrew Yang,1
Calhoun,City of Battle Creek Precinct 5,President,,DEM,Uncommitted,1
Calhoun,City of Battle Creek Precinct 5,President,,REP,Mark Sanford,0
Calhoun,City of Battle Creek Precinct 5,President,,REP,Donald J. Trump,173
Calhoun,City of Battle Creek Precinct 5,President,,REP,Joe Walsh,0
Calhoun,City of Battle Creek Precinct 5,President,,REP,Bill Weld,2
Calhoun,City of Battle Creek Precinct 5,President,,REP,Uncommitted,5
Calhoun,City of Battle Creek Precinct 5,City of Battle Creek Charter Amendment 1,,,Yes,322
Calhoun,City of Battle Creek Precinct 5,City of Battle Creek Charter Amendment 1,,,No,189
Calhoun,City of Battle Creek Precinct 5,City of Battle Creek Charter Amendment 2,,,Yes,349
Calhoun,City of Battle Creek Precinct 5,City of Battle Creek Charter Amendment 2,,,No,155
Calhoun,City of Battle Creek Precinct 6,Registered Voters,,,,1826
Calhoun,City of Battle Creek Precinct 6,Ballots Cast,,DEM,,365
Calhoun,City of Battle Creek Precinct 6,Ballots Cast,,REP,,194
Calhoun,City of Battle Creek Precinct 6,President,,DEM,Michael Bennet,2
Calhoun,City of Battle Creek Precinct 6,President,,DEM,Joe Biden,234
Calhoun,City of Battle Creek Precinct 6,President,,DEM,Michael R. Bloomberg,19
Calhoun,City of Battle Creek Precinct 6,President,,DEM,Cory Booker,0
Calhoun,City of Battle Creek Precinct 6,President,,DEM,Pete Buttigieg,6
Calhoun,City of Battle Creek Precinct 6,President,,DEM,Julian Castro,0
Calhoun,City of Battle Creek Precinct 6,President,,DEM,John Delaney,0
Calhoun,City of Battle Creek Precinct 6,President,,DEM,Tulsi Gabbard,1
Calhoun,City of Battle Creek Precinct 6,President,,DEM,Amy Klobuchar,1
Calhoun,City of Battle Creek Precinct 6,President,,DEM,Bernie Sanders,92
Calhoun,City of Battle Creek Precinct 6,President,,DEM,Joe Sestak,0
Calhoun,City of Battle Creek Precinct 6,President,,DEM,Tom Steyer,1
Calhoun,City of Battle Creek Precinct 6,President,,DEM,Elizabeth Warren,5
Calhoun,City of Battle Creek Precinct 6,President,,DEM,Marianne Williamson,0
Calhoun,City of Battle Creek Precinct 6,President,,DEM,Andrew Yang,0
Calhoun,City of Battle Creek Precinct 6,President,,DEM,Uncommitted,3
Calhoun,City of Battle Creek Precinct 6,President,,REP,Mark Sanford,1
Calhoun,City of Battle Creek Precinct 6,President,,REP,Donald J. Trump,173
Calhoun,City of Battle Creek Precinct 6,President,,REP,Joe Walsh,2
Calhoun,City of Battle Creek Precinct 6,President,,REP,Bill Weld,3
Calhoun,City of Battle Creek Precinct 6,President,,REP,Uncommitted,12
Calhoun,City of Battle Creek Precinct 6,City of Battle Creek Charter Amendment 1,,,Yes,356
Calhoun,City of Battle Creek Precinct 6,City of Battle Creek Charter Amendment 1,,,No,198
Calhoun,City of Battle Creek Precinct 6,City of Battle Creek Charter Amendment 2,,,Yes,349
Calhoun,City of Battle Creek Precinct 6,City of Battle Creek Charter Amendment 2,,,No,187
Calhoun,City of Battle Creek Precinct 7,Registered Voters,,,,1448
Calhoun,City of Battle Creek Precinct 7,Ballots Cast,,DEM,,102
Calhoun,City of Battle Creek Precinct 7,Ballots Cast,,REP,,30
Calhoun,City of Battle Creek Precinct 7,President,,DEM,Michael Bennet,0
Calhoun,City of Battle Creek Precinct 7,President,,DEM,Joe Biden,60
Calhoun,City of Battle Creek Precinct 7,President,,DEM,Michael R. Bloomberg,6
Calhoun,City of Battle Creek Precinct 7,President,,DEM,Cory Booker,0
Calhoun,City of Battle Creek Precinct 7,President,,DEM,Pete Buttigieg,0
Calhoun,City of Battle Creek Precinct 7,President,,DEM,Julian Castro,0
Calhoun,City of Battle Creek Precinct 7,President,,DEM,John Delaney,0
Calhoun,City of Battle Creek Precinct 7,President,,DEM,Tulsi Gabbard,0
Calhoun,City of Battle Creek Precinct 7,President,,DEM,Amy Klobuchar,0
Calhoun,City of Battle Creek Precinct 7,President,,DEM,Bernie Sanders,34
Calhoun,City of Battle Creek Precinct 7,President,,DEM,Joe Sestak,0
Calhoun,City of Battle Creek Precinct 7,President,,DEM,Tom Steyer,0
Calhoun,City of Battle Creek Precinct 7,President,,DEM,Elizabeth Warren,2
Calhoun,City of Battle Creek Precinct 7,President,,DEM,Marianne Williamson,0
Calhoun,City of Battle Creek Precinct 7,President,,DEM,Andrew Yang,0
Calhoun,City of Battle Creek Precinct 7,President,,DEM,Uncommitted,0
Calhoun,City of Battle Creek Precinct 7,President,,REP,Mark Sanford,0
Calhoun,City of Battle Creek Precinct 7,President,,REP,Donald J. Trump,30
Calhoun,City of Battle Creek Precinct 7,President,,REP,Joe Walsh,0
Calhoun,City of Battle Creek Precinct 7,President,,REP,Bill Weld,0
Calhoun,City of Battle Creek Precinct 7,President,,REP,Uncommitted,0
Calhoun,City of Battle Creek Precinct 7,City of Battle Creek Charter Amendment 1,,,Yes,74
Calhoun,City of Battle Creek Precinct 7,City of Battle Creek Charter Amendment 1,,,No,53
Calhoun,City of Battle Creek Precinct 7,City of Battle Creek Charter Amendment 2,,,Yes,99
Calhoun,City of Battle Creek Precinct 7,City of Battle Creek Charter Amendment 2,,,No,28
Calhoun,City of Battle Creek Precinct 8,Registered Voters,,,,1968
Calhoun,City of Battle Creek Precinct 8,Ballots Cast,,DEM,,420
Calhoun,City of Battle Creek Precinct 8,Ballots Cast,,REP,,204
Calhoun,City of Battle Creek Precinct 8,President,,DEM,Michael Bennet,0
Calhoun,City of Battle Creek Precinct 8,President,,DEM,Joe Biden,231
Calhoun,City of Battle Creek Precinct 8,President,,DEM,Michael R. Bloomberg,17
Calhoun,City of Battle Creek Precinct 8,President,,DEM,Cory Booker,0
Calhoun,City of Battle Creek Precinct 8,President,,DEM,Pete Buttigieg,9
Calhoun,City of Battle Creek Precinct 8,President,,DEM,Julian Castro,0
Calhoun,City of Battle Creek Precinct 8,President,,DEM,John Delaney,0
Calhoun,City of Battle Creek Precinct 8,President,,DEM,Tulsi Gabbard,2
Calhoun,City of Battle Creek Precinct 8,President,,DEM,Amy Klobuchar,2
Calhoun,City of Battle Creek Precinct 8,President,,DEM,Bernie Sanders,139
Calhoun,City of Battle Creek Precinct 8,President,,DEM,Joe Sestak,0
Calhoun,City of Battle Creek Precinct 8,President,,DEM,Tom Steyer,0
Calhoun,City of Battle Creek Precinct 8,President,,DEM,Elizabeth Warren,12
Calhoun,City of Battle Creek Precinct 8,President,,DEM,Marianne Williamson,0
Calhoun,City of Battle Creek Precinct 8,President,,DEM,Andrew Yang,2
Calhoun,City of Battle Creek Precinct 8,President,,DEM,Uncommitted,4
Calhoun,City of Battle Creek Precinct 8,President,,REP,Mark Sanford,0
Calhoun,City of Battle Creek Precinct 8,President,,REP,Donald J. Trump,192
Calhoun,City of Battle Creek Precinct 8,President,,REP,Joe Walsh,0
Calhoun,City of Battle Creek Precinct 8,President,,REP,Bill Weld,0
Calhoun,City of Battle Creek Precinct 8,President,,REP,Uncommitted,10
Calhoun,City of Battle Creek Precinct 8,City of Battle Creek Charter Amendment 1,,,Yes,406
Calhoun,City of Battle Creek Precinct 8,City of Battle Creek Charter Amendment 1,,,No,213
Calhoun,City of Battle Creek Precinct 8,City of Battle Creek Charter Amendment 2,,,Yes,423
Calhoun,City of Battle Creek Precinct 8,City of Battle Creek Charter Amendment 2,,,No,184
Calhoun,City of Battle Creek Precinct 9,Registered Voters,,,,1512
Calhoun,City of Battle Creek Precinct 9,Ballots Cast,,DEM,,268
Calhoun,City of Battle Creek Precinct 9,Ballots Cast,,REP,,108
Calhoun,City of Battle Creek Precinct 9,President,,DEM,Michael Bennet,0
Calhoun,City of Battle Creek Precinct 9,President,,DEM,Joe Biden,173
Calhoun,City of Battle Creek Precinct 9,President,,DEM,Michael R. Bloomberg,16
Calhoun,City of Battle Creek Precinct 9,President,,DEM,Cory Booker,0
Calhoun,City of Battle Creek Precinct 9,President,,DEM,Pete Buttigieg,4
Calhoun,City of Battle Creek Precinct 9,President,,DEM,Julian Castro,0
Calhoun,City of Battle Creek Precinct 9,President,,DEM,John Delaney,0
Calhoun,City of Battle Creek Precinct 9,President,,DEM,Tulsi Gabbard,1
Calhoun,City of Battle Creek Precinct 9,President,,DEM,Amy Klobuchar,1
Calhoun,City of Battle Creek Precinct 9,President,,DEM,Bernie Sanders,69
Calhoun,City of Battle Creek Precinct 9,President,,DEM,Joe Sestak,0
Calhoun,City of Battle Creek Precinct 9,President,,DEM,Tom Steyer,0
Calhoun,City of Battle Creek Precinct 9,President,,DEM,Elizabeth Warren,3
Calhoun,City of Battle Creek Precinct 9,President,,DEM,Marianne Williamson,0
Calhoun,City of Battle Creek Precinct 9,President,,DEM,Andrew Yang,0
Calhoun,City of Battle Creek Precinct 9,President,,DEM,Uncommitted,1
Calhoun,City of Battle Creek Precinct 9,President,,REP,Mark Sanford,0
Calhoun,City of Battle Creek Precinct 9,President,,REP,Donald J. Trump,103
Calhoun,City of Battle Creek Precinct 9,President,,REP,Joe Walsh,0
Calhoun,City of Battle Creek Precinct 9,President,,REP,Bill Weld,1
Calhoun,City of Battle Creek Precinct 9,President,,REP,Uncommitted,3
Calhoun,City of Battle Creek Precinct 9,City of Battle Creek Charter Amendment 1,,,Yes,253
Calhoun,City of Battle Creek Precinct 9,City of Battle Creek Charter Amendment 1,,,No,112
Calhoun,City of Battle Creek Precinct 9,City of Battle Creek Charter Amendment 2,,,Yes,269
Calhoun,City of Battle Creek Precinct 9,City of Battle Creek Charter Amendment 2,,,No,92
Calhoun,City of Marshall Precinct 1,Registered Voters,,,,2916
Calhoun,City of Marshall Precinct 1,Ballots Cast,,DEM,,502
Calhoun,City of Marshall Precinct 1,Ballots Cast,,REP,,154
Calhoun,City of Marshall Precinct 1,President,,DEM,Michael Bennet,2
Calhoun,City of Marshall Precinct 1,President,,DEM,Joe Biden,234
Calhoun,City of Marshall Precinct 1,President,,DEM,Michael R. Bloomberg,13
Calhoun,City of Marshall Precinct 1,President,,DEM,Cory Booker,0
Calhoun,City of Marshall Precinct 1,President,,DEM,Pete Buttigieg,5
Calhoun,City of Marshall Precinct 1,President,,DEM,Julian Castro,0
Calhoun,City of Marshall Precinct 1,President,,DEM,John Delaney,0
Calhoun,City of Marshall Precinct 1,President,,DEM,Tulsi Gabbard,2
Calhoun,City of Marshall Precinct 1,President,,DEM,Amy Klobuchar,4
Calhoun,City of Marshall Precinct 1,President,,DEM,Bernie Sanders,228
Calhoun,City of Marshall Precinct 1,President,,DEM,Joe Sestak,0
Calhoun,City of Marshall Precinct 1,President,,DEM,Tom Steyer,1
Calhoun,City of Marshall Precinct 1,President,,DEM,Elizabeth Warren,8
Calhoun,City of Marshall Precinct 1,President,,DEM,Marianne Williamson,0
Calhoun,City of Marshall Precinct 1,President,,DEM,Andrew Yang,1
Calhoun,City of Marshall Precinct 1,President,,DEM,Uncommitted,3
Calhoun,City of Marshall Precinct 1,President,,REP,Mark Sanford,4
Calhoun,City of Marshall Precinct 1,President,,REP,Donald J. Trump,138
Calhoun,City of Marshall Precinct 1,President,,REP,Joe Walsh,1
Calhoun,City of Marshall Precinct 1,President,,REP,Bill Weld,3
Calhoun,City of Marshall Precinct 1,President,,REP,Uncommitted,8
Calhoun,City of Marshall Precinct 2,Registered Voters,,,,2795
Calhoun,City of Marshall Precinct 2,Ballots Cast,,DEM,,603
Calhoun,City of Marshall Precinct 2,Ballots Cast,,REP,,216
Calhoun,City of Marshall Precinct 2,President,,DEM,Michael Bennet,1
Calhoun,City of Marshall Precinct 2,President,,DEM,Joe Biden,304
Calhoun,City of Marshall Precinct 2,President,,DEM,Michael R. Bloomberg,31
Calhoun,City of Marshall Precinct 2,President,,DEM,Cory Booker,0
Calhoun,City of Marshall Precinct 2,President,,DEM,Pete Buttigieg,11
Calhoun,City of Marshall Precinct 2,President,,DEM,Julian Castro,0
Calhoun,City of Marshall Precinct 2,President,,DEM,John Delaney,0
Calhoun,City of Marshall Precinct 2,President,,DEM,Tulsi Gabbard,7
Calhoun,City of Marshall Precinct 2,President,,DEM,Amy Klobuchar,7
Calhoun,City of Marshall Precinct 2,President,,DEM,Bernie Sanders,220
Calhoun,City of Marshall Precinct 2,President,,DEM,Joe Sestak,0
Calhoun,City of Marshall Precinct 2,President,,DEM,Tom Steyer,0
Calhoun,City of Marshall Precinct 2,President,,DEM,Elizabeth Warren,11
Calhoun,City of Marshall Precinct 2,President,,DEM,Marianne Williamson,0
Calhoun,City of Marshall Precinct 2,President,,DEM,Andrew Yang,0
Calhoun,City of Marshall Precinct 2,President,,DEM,Uncommitted,9
Calhoun,City of Marshall Precinct 2,President,,REP,Mark Sanford,3
Calhoun,City of Marshall Precinct 2,President,,REP,Donald J. Trump,195
Calhoun,City of Marshall Precinct 2,President,,REP,Joe Walsh,5
Calhoun,City of Marshall Precinct 2,President,,REP,Bill Weld,2
Calhoun,City of Marshall Precinct 2,President,,REP,Uncommitted,10
Calhoun,City of Springfield Precinct 1,Registered Voters,,,,1735
Calhoun,City of Springfield Precinct 1,Ballots Cast,,DEM,,182
Calhoun,City of Springfield Precinct 1,Ballots Cast,,REP,,108
Calhoun,City of Springfield Precinct 1,President,,DEM,Michael Bennet,0
Calhoun,City of Springfield Precinct 1,President,,DEM,Joe Biden,76
Calhoun,City of Springfield Precinct 1,President,,DEM,Michael R. Bloomberg,17
Calhoun,City of Springfield Precinct 1,President,,DEM,Cory Booker,0
Calhoun,City of Springfield Precinct 1,President,,DEM,Pete Buttigieg,1
Calhoun,City of Springfield Precinct 1,President,,DEM,Julian Castro,0
Calhoun,City of Springfield Precinct 1,President,,DEM,John Delaney,0
Calhoun,City of Springfield Precinct 1,President,,DEM,Tulsi Gabbard,1
Calhoun,City of Springfield Precinct 1,President,,DEM,Amy Klobuchar,1
Calhoun,City of Springfield Precinct 1,President,,DEM,Bernie Sanders,75
Calhoun,City of Springfield Precinct 1,President,,DEM,Joe Sestak,0
Calhoun,City of Springfield Precinct 1,President,,DEM,Tom Steyer,0
Calhoun,City of Springfield Precinct 1,President,,DEM,Elizabeth Warren,5
Calhoun,City of Springfield Precinct 1,President,,DEM,Marianne Williamson,0
Calhoun,City of Springfield Precinct 1,President,,DEM,Andrew Yang,0
Calhoun,City of Springfield Precinct 1,President,,DEM,Uncommitted,6
Calhoun,City of Springfield Precinct 1,President,,REP,Mark Sanford,1
Calhoun,City of Springfield Precinct 1,President,,REP,Donald J. Trump,98
Calhoun,City of Springfield Precinct 1,President,,REP,Joe Walsh,1
Calhoun,City of Springfield Precinct 1,President,,REP,Bill Weld,1
Calhoun,City of Springfield Precinct 1,President,,REP,Uncommitted,7
Calhoun,City of Springfield Precinct 2,Registered Voters,,,,1620
Calhoun,City of Springfield Precinct 2,Ballots Cast,,DEM,,178
Calhoun,City of Springfield Precinct 2,Ballots Cast,,REP,,62
Calhoun,City of Springfield Precinct 2,President,,DEM,Michael Bennet,0
Calhoun,City of Springfield Precinct 2,President,,DEM,Joe Biden,85
Calhoun,City of Springfield Precinct 2,President,,DEM,Michael R. Bloomberg,4
Calhoun,City of Springfield Precinct 2,President,,DEM,Cory Booker,0
Calhoun,City of Springfield Precinct 2,President,,DEM,Pete Buttigieg,4
Calhoun,City of Springfield Precinct 2,President,,DEM,Julian Castro,0
Calhoun,City of Springfield Precinct 2,President,,DEM,John Delaney,0
Calhoun,City of Springfield Precinct 2,President,,DEM,Tulsi Gabbard,2
Calhoun,City of Springfield Precinct 2,President,,DEM,Amy Klobuchar,0
Calhoun,City of Springfield Precinct 2,President,,DEM,Bernie Sanders,79
Calhoun,City of Springfield Precinct 2,President,,DEM,Joe Sestak,0
Calhoun,City of Springfield Precinct 2,President,,DEM,Tom Steyer,1
Calhoun,City of Springfield Precinct 2,President,,DEM,Elizabeth Warren,3
Calhoun,City of Springfield Precinct 2,President,,DEM,Marianne Williamson,0
Calhoun,City of Springfield Precinct 2,President,,DEM,Andrew Yang,0
Calhoun,City of Springfield Precinct 2,President,,DEM,Uncommitted,0
Calhoun,City of Springfield Precinct 2,President,,REP,Mark Sanford,0
Calhoun,City of Springfield Precinct 2,President,,REP,Donald J. Trump,57
Calhoun,City of Springfield Precinct 2,President,,REP,Joe Walsh,1
Calhoun,City of Springfield Precinct 2,President,,REP,Bill Weld,1
Calhoun,City of Springfield Precinct 2,President,,REP,Uncommitted,2
Calhoun,Clarence Township Precinct 1,Registered Voters,,,,1528
Calhoun,Clarence Township Precinct 1,Ballots Cast,,DEM,,183
Calhoun,Clarence Township Precinct 1,Ballots Cast,,REP,,148
Calhoun,Clarence Township Precinct 1,President,,DEM,Michael Bennet,1
Calhoun,Clarence Township Precinct 1,President,,DEM,Joe Biden,97
Calhoun,Clarence Township Precinct 1,President,,DEM,Michael R. Bloomberg,8
Calhoun,Clarence Township Precinct 1,President,,DEM,Cory Booker,0
Calhoun,Clarence Township Precinct 1,President,,DEM,Pete Buttigieg,0
Calhoun,Clarence Township Precinct 1,President,,DEM,Julian Castro,0
Calhoun,Clarence Township Precinct 1,President,,DEM,John Delaney,0
Calhoun,Clarence Township Precinct 1,President,,DEM,Tulsi Gabbard,1
Calhoun,Clarence Township Precinct 1,President,,DEM,Amy Klobuchar,1
Calhoun,Clarence Township Precinct 1,President,,DEM,Bernie Sanders,71
Calhoun,Clarence Township Precinct 1,President,,DEM,Joe Sestak,0
Calhoun,Clarence Township Precinct 1,President,,DEM,Tom Steyer,0
Calhoun,Clarence Township Precinct 1,President,,DEM,Elizabeth Warren,2
Calhoun,Clarence Township Precinct 1,President,,DEM,Marianne Williamson,0
Calhoun,Clarence Township Precinct 1,President,,DEM,Andrew Yang,0
Calhoun,Clarence Township Precinct 1,President,,DEM,Uncommitted,2
Calhoun,Clarence Township Precinct 1,President,,REP,Mark Sanford,0
Calhoun,Clarence Township Precinct 1,President,,REP,Donald J. Trump,143
Calhoun,Clarence Township Precinct 1,President,,REP,Joe Walsh,0
Calhoun,Clarence Township Precinct 1,President,,REP,Bill Weld,0
Calhoun,Clarence Township Precinct 1,President,,REP,Uncommitted,4
Calhoun,Clarendon Township Precinct 1,Registered Voters,,,,883
Calhoun,Clarendon Township Precinct 1,Ballots Cast,,DEM,,64
Calhoun,Clarendon Township Precinct 1,Ballots Cast,,REP,,73
Calhoun,Clarendon Township Precinct 1,President,,DEM,Michael Bennet,0
Calhoun,Clarendon Township Precinct 1,President,,DEM,Joe Biden,40
Calhoun,Clarendon Township Precinct 1,President,,DEM,Michael R. Bloomberg,1
Calhoun,Clarendon Township Precinct 1,President,,DEM,Cory Booker,0
Calhoun,Clarendon Township Precinct 1,President,,DEM,Pete Buttigieg,1
Calhoun,Clarendon Township Precinct 1,President,,DEM,Julian Castro,0
Calhoun,Clarendon Township Precinct 1,President,,DEM,John Delaney,0
Calhoun,Clarendon Township Precinct 1,President,,DEM,Tulsi Gabbard,0
Calhoun,Clarendon Township Precinct 1,President,,DEM,Amy Klobuchar,0
Calhoun,Clarendon Township Precinct 1,President,,DEM,Bernie Sanders,21
Calhoun,Clarendon Township Precinct 1,President,,DEM,Joe Sestak,0
Calhoun,Clarendon Township Precinct 1,President,,DEM,Tom Steyer,0
Calhoun,Clarendon Township Precinct 1,President,,DEM,Elizabeth Warren,0
Calhoun,Clarendon Township Precinct 1,President,,DEM,Marianne Williamson,0
Calhoun,Clarendon Township Precinct 1,President,,DEM,Andrew Yang,0
Calhoun,Clarendon Township Precinct 1,President,,DEM,Uncommitted,1
Calhoun,Clarendon Township Precinct 1,President,,REP,Mark Sanford,0
Calhoun,Clarendon Township Precinct 1,President,,REP,Donald J. Trump,71
Calhoun,Clarendon Township Precinct 1,President,,REP,Joe Walsh,0
Calhoun,Clarendon Township Precinct 1,President,,REP,Bill Weld,0
Calhoun,Clarendon Township Precinct 1,President,,REP,Uncommitted,2
Calhoun,Convis Township Precinct 1,Registered Voters,,,,1184
Calhoun,Convis Township Precinct 1,Ballots Cast,,DEM,,128
Calhoun,Convis Township Precinct 1,Ballots Cast,,REP,,97
Calhoun,Convis Township Precinct 1,President,,DEM,Michael Bennet,0
Calhoun,Convis Township Precinct 1,President,,DEM,Joe Biden,71
Calhoun,Convis Township Precinct 1,President,,DEM,Michael R. Bloomberg,1
Calhoun,Convis Township Precinct 1,President,,DEM,Cory Booker,0
Calhoun,Convis Township Precinct 1,President,,DEM,Pete Buttigieg,1
Calhoun,Convis Township Precinct 1,President,,DEM,Julian Castro,0
Calhoun,Convis Township Precinct 1,President,,DEM,John Delaney,0
Calhoun,Convis Township Precinct 1,President,,DEM,Tulsi Gabbard,0
Calhoun,Convis Township Precinct 1,President,,DEM,Amy Klobuchar,0
Calhoun,Convis Township Precinct 1,President,,DEM,Bernie Sanders,51
Calhoun,Convis Township Precinct 1,President,,DEM,Joe Sestak,1
Calhoun,Convis Township Precinct 1,President,,DEM,Tom Steyer,0
Calhoun,Convis Township Precinct 1,President,,DEM,Elizabeth Warren,1
Calhoun,Convis Township Precinct 1,President,,DEM,Marianne Williamson,0
Calhoun,Convis Township Precinct 1,President,,DEM,Andrew Yang,0
Calhoun,Convis Township Precinct 1,President,,DEM,Uncommitted,2
Calhoun,Convis Township Precinct 1,President,,REP,Mark Sanford,0
Calhoun,Convis Township Precinct 1,President,,REP,Donald J. Trump,95
Calhoun,Convis Township Precinct 1,President,,REP,Joe Walsh,0
Calhoun,Convis Township Precinct 1,President,,REP,Bill Weld,0
Calhoun,Convis Township Precinct 1,President,,REP,Uncommitted,2
Calhoun,Eckford Township Precinct 1,Registered Voters,,,,1024
Calhoun,Eckford Township Precinct 1,Ballots Cast,,DEM,,100
Calhoun,Eckford Township Precinct 1,Ballots Cast,,REP,,187
Calhoun,Eckford Township Precinct 1,President,,DEM,Michael Bennet,0
Calhoun,Eckford Township Precinct 1,President,,DEM,Joe Biden,48
Calhoun,Eckford Township Precinct 1,President,,DEM,Michael R. Bloomberg,4
Calhoun,Eckford Township Precinct 1,President,,DEM,Cory Booker,0
Calhoun,Eckford Township Precinct 1,President,,DEM,Pete Buttigieg,2
Calhoun,Eckford Township Precinct 1,President,,DEM,Julian Castro,0
Calhoun,Eckford Township Precinct 1,President,,DEM,John Delaney,0
Calhoun,Eckford Township Precinct 1,President,,DEM,Tulsi Gabbard,0
Calhoun,Eckford Township Precinct 1,President,,DEM,Amy Klobuchar,0
Calhoun,Eckford Township Precinct 1,President,,DEM,Bernie Sanders,41
Calhoun,Eckford Township Precinct 1,President,,DEM,Joe Sestak,0
Calhoun,Eckford Township Precinct 1,President,,DEM,Tom Steyer,1
Calhoun,Eckford Township Precinct 1,President,,DEM,Elizabeth Warren,1
Calhoun,Eckford Township Precinct 1,President,,DEM,Marianne Williamson,0
Calhoun,Eckford Township Precinct 1,President,,DEM,Andrew Yang,0
Calhoun,Eckford Township Precinct 1,President,,DEM,Uncommitted,3
Calhoun,Eckford Township Precinct 1,President,,REP,Mark Sanford,0
Calhoun,Eckford Township Precinct 1,President,,REP,Donald J. Trump,177
Calhoun,Eckford Township Precinct 1,President,,REP,Joe Walsh,0
Calhoun,Eckford Township Precinct 1,President,,REP,Bill Weld,1
Calhoun,Eckford Township Precinct 1,President,,REP,Uncommitted,6
Calhoun,Emmett Charter Township Precinct 1,Registered Voters,,,,1961
Calhoun,Emmett Charter Township Precinct 1,Ballots Cast,,DEM,,171
Calhoun,Emmett Charter Township Precinct 1,Ballots Cast,,REP,,104
Calhoun,Emmett Charter Township Precinct 1,President,,DEM,Michael Bennet,0
Calhoun,Emmett Charter Township Precinct 1,President,,DEM,Joe Biden,72
Calhoun,Emmett Charter Township Precinct 1,President,,DEM,Michael R. Bloomberg,8
Calhoun,Emmett Charter Township Precinct 1,President,,DEM,Cory Booker,0
Calhoun,Emmett Charter Township Precinct 1,President,,DEM,Pete Buttigieg,2
Calhoun,Emmett Charter Township Precinct 1,President,,DEM,Julian Castro,0
Calhoun,Emmett Charter Township Precinct 1,President,,DEM,John Delaney,0
Calhoun,Emmett Charter Township Precinct 1,President,,DEM,Tulsi Gabbard,2
Calhoun,Emmett Charter Township Precinct 1,President,,DEM,Amy Klobuchar,1
Calhoun,Emmett Charter Township Precinct 1,President,,DEM,Bernie Sanders,80
Calhoun,Emmett Charter Township Precinct 1,President,,DEM,Joe Sestak,0
Calhoun,Emmett Charter Township Precinct 1,President,,DEM,Tom Steyer,0
Calhoun,Emmett Charter Township Precinct 1,President,,DEM,Elizabeth Warren,2
Calhoun,Emmett Charter Township Precinct 1,President,,DEM,Marianne Williamson,0
Calhoun,Emmett Charter Township Precinct 1,President,,DEM,Andrew Yang,1
Calhoun,Emmett Charter Township Precinct 1,President,,DEM,Uncommitted,3
Calhoun,Emmett Charter Township Precinct 1,President,,REP,Mark Sanford,0
Calhoun,Emmett Charter Township Precinct 1,President,,REP,Donald J. Trump,96
Calhoun,Emmett Charter Township Precinct 1,President,,REP,Joe Walsh,3
Calhoun,Emmett Charter Township Precinct 1,President,,REP,Bill Weld,3
Calhoun,Emmett Charter Township Precinct 1,President,,REP,Uncommitted,2
Calhoun,Emmett Charter Township Precinct 2,Registered Voters,,,,2241
Calhoun,Emmett Charter Township Precinct 2,Ballots Cast,,DEM,,305
Calhoun,Emmett Charter Township Precinct 2,Ballots Cast,,REP,,248
Calhoun,Emmett Charter Township Precinct 2,President,,DEM,Michael Bennet,0
Calhoun,Emmett Charter Township Precinct 2,President,,DEM,Joe Biden,176
Calhoun,Emmett Charter Township Precinct 2,President,,DEM,Michael R. Bloomberg,25
Calhoun,Emmett Charter Township Precinct 2,President,,DEM,Cory Booker,0
Calhoun,Emmett Charter Township Precinct 2,President,,DEM,Pete Buttigieg,2
Calhoun,Emmett Charter Township Precinct 2,President,,DEM,Julian Castro,0
Calhoun,Emmett Charter Township Precinct 2,President,,DEM,John Delaney,0
Calhoun,Emmett Charter Township Precinct 2,President,,DEM,Tulsi Gabbard,3
Calhoun,Emmett Charter Township Precinct 2,President,,DEM,Amy Klobuchar,1
Calhoun,Emmett Charter Township Precinct 2,President,,DEM,Bernie Sanders,83
Calhoun,Emmett Charter Township Precinct 2,President,,DEM,Joe Sestak,0
Calhoun,Emmett Charter Township Precinct 2,President,,DEM,Tom Steyer,1
Calhoun,Emmett Charter Township Precinct 2,President,,DEM,Elizabeth Warren,8
Calhoun,Emmett Charter Township Precinct 2,President,,DEM,Marianne Williamson,0
Calhoun,Emmett Charter Township Precinct 2,President,,DEM,Andrew Yang,1
Calhoun,Emmett Charter Township Precinct 2,President,,DEM,Uncommitted,5
Calhoun,Emmett Charter Township Precinct 2,President,,REP,Mark Sanford,1
Calhoun,Emmett Charter Township Precinct 2,President,,REP,Donald J. Trump,232
Calhoun,Emmett Charter Township Precinct 2,President,,REP,Joe Walsh,1
Calhoun,Emmett Charter Township Precinct 2,President,,REP,Bill Weld,5
Calhoun,Emmett Charter Township Precinct 2,President,,REP,Uncommitted,9
Calhoun,Emmett Charter Township Precinct 3,Registered Voters,,,,2120
Calhoun,Emmett Charter Township Precinct 3,Ballots Cast,,DEM,,242
Calhoun,Emmett Charter Township Precinct 3,Ballots Cast,,REP,,157
Calhoun,Emmett Charter Township Precinct 3,President,,DEM,Michael Bennet,0
Calhoun,Emmett Charter Township Precinct 3,President,,DEM,Joe Biden,95
Calhoun,Emmett Charter Township Precinct 3,President,,DEM,Michael R. Bloomberg,17
Calhoun,Emmett Charter Township Precinct 3,President,,DEM,Cory Booker,1
Calhoun,Emmett Charter Township Precinct 3,President,,DEM,Pete Buttigieg,2
Calhoun,Emmett Charter Township Precinct 3,President,,DEM,Julian Castro,1
Calhoun,Emmett Charter Township Precinct 3,President,,DEM,John Delaney,0
Calhoun,Emmett Charter Township Precinct 3,President,,DEM,Tulsi Gabbard,2
Calhoun,Emmett Charter Township Precinct 3,President,,DEM,Amy Klobuchar,3
Calhoun,Emmett Charter Township Precinct 3,President,,DEM,Bernie Sanders,110
Calhoun,Emmett Charter Township Precinct 3,President,,DEM,Joe Sestak,0
Calhoun,Emmett Charter Township Precinct 3,President,,DEM,Tom Steyer,1
Calhoun,Emmett Charter Township Precinct 3,President,,DEM,Elizabeth Warren,2
Calhoun,Emmett Charter Township Precinct 3,President,,DEM,Marianne Williamson,0
Calhoun,Emmett Charter Township Precinct 3,President,,DEM,Andrew Yang,0
Calhoun,Emmett Charter Township Precinct 3,President,,DEM,Uncommitted,7
Calhoun,Emmett Charter Township Precinct 3,President,,REP,Mark Sanford,1
Calhoun,Emmett Charter Township Precinct 3,President,,REP,Donald J. Trump,141
Calhoun,Emmett Charter Township Precinct 3,President,,REP,Joe Walsh,2
Calhoun,Emmett Charter Township Precinct 3,President,,REP,Bill Weld,1
Calhoun,Emmett Charter Township Precinct 3,President,,REP,Uncommitted,12
Calhoun,Emmett Charter Township Precinct 4,Registered Voters,,,,2707
Calhoun,Emmett Charter Township Precinct 4,Ballots Cast,,DEM,,384
Calhoun,Emmett Charter Township Precinct 4,Ballots Cast,,REP,,280
Calhoun,Emmett Charter Township Precinct 4,President,,DEM,Michael Bennet,1
Calhoun,Emmett Charter Township Precinct 4,President,,DEM,Joe Biden,226
Calhoun,Emmett Charter Township Precinct 4,President,,DEM,Michael R. Bloomberg,15
Calhoun,Emmett Charter Township Precinct 4,President,,DEM,Cory Booker,0
Calhoun,Emmett Charter Township Precinct 4,President,,DEM,Pete Buttigieg,11
Calhoun,Emmett Charter Township Precinct 4,President,,DEM,Julian Castro,0
Calhoun,Emmett Charter Township Precinct 4,President,,DEM,John Delaney,0
Calhoun,Emmett Charter Township Precinct 4,President,,DEM,Tulsi Gabbard,3
Calhoun,Emmett Charter Township Precinct 4,President,,DEM,Amy Klobuchar,2
Calhoun,Emmett Charter Township Precinct 4,President,,DEM,Bernie Sanders,108
Calhoun,Emmett Charter Township Precinct 4,President,,DEM,Joe Sestak,0
Calhoun,Emmett Charter Township Precinct 4,President,,DEM,Tom Steyer,0
Calhoun,Emmett Charter Township Precinct 4,President,,DEM,Elizabeth Warren,9
Calhoun,Emmett Charter Township Precinct 4,President,,DEM,Marianne Williamson,1
Calhoun,Emmett Charter Township Precinct 4,President,,DEM,Andrew Yang,2
Calhoun,Emmett Charter Township Precinct 4,President,,DEM,Uncommitted,5
Calhoun,Emmett Charter Township Precinct 4,President,,REP,Mark Sanford,1
Calhoun,Emmett Charter Township Precinct 4,President,,REP,Donald J. Trump,267
Calhoun,Emmett Charter Township Precinct 4,President,,REP,Joe Walsh,2
Calhoun,Emmett Charter Township Precinct 4,President,,REP,Bill Weld,3
Calhoun,Emmett Charter Township Precinct 4,President,,REP,Uncommitted,6
Calhoun,Fredonia Township Precinct 1,Registered Voters,,,,1383
Calhoun,Fredonia Township Precinct 1,Ballots Cast,,DEM,,176
Calhoun,Fredonia Township Precinct 1,Ballots Cast,,REP,,144
Calhoun,Fredonia Township Precinct 1,President,,DEM,Michael Bennet,0
Calhoun,Fredonia Township Precinct 1,President,,DEM,Joe Biden,102
Calhoun,Fredonia Township Precinct 1,President,,DEM,Michael R. Bloomberg,9
Calhoun,Fredonia Township Precinct 1,President,,DEM,Cory Booker,0
Calhoun,Fredonia Township Precinct 1,President,,DEM,Pete Buttigieg,3
Calhoun,Fredonia Township Precinct 1,President,,DEM,Julian Castro,0
Calhoun,Fredonia Township Precinct 1,President,,DEM,John Delaney,0
Calhoun,Fredonia Township Precinct 1,President,,DEM,Tulsi Gabbard,1
Calhoun,Fredonia Township Precinct 1,President,,DEM,Amy Klobuchar,0
Calhoun,Fredonia Township Precinct 1,President,,DEM,Bernie Sanders,54
Calhoun,Fredonia Township Precinct 1,President,,DEM,Joe Sestak,1
Calhoun,Fredonia Township Precinct 1,President,,DEM,Tom Steyer,0
Calhoun,Fredonia Township Precinct 1,President,,DEM,Elizabeth Warren,4
Calhoun,Fredonia Township Precinct 1,President,,DEM,Marianne Williamson,0
Calhoun,Fredonia Township Precinct 1,President,,DEM,Andrew Yang,0
Calhoun,Fredonia Township Precinct 1,President,,DEM,Uncommitted,1
Calhoun,Fredonia Township Precinct 1,President,,REP,Mark Sanford,0
Calhoun,Fredonia Township Precinct 1,President,,REP,Donald J. Trump,137
Calhoun,Fredonia Township Precinct 1,President,,REP,Joe Walsh,1
Calhoun,Fredonia Township Precinct 1,President,,REP,Bill Weld,1
Calhoun,Fredonia Township Precinct 1,President,,REP,Uncommitted,2
Calhoun,Homer Township Precinct 1,Registered Voters,,,,1867
Calhoun,Homer Township Precinct 1,Ballots Cast,,DEM,,141
Calhoun,Homer Township Precinct 1,Ballots Cast,,REP,,124
Calhoun,Homer Township Precinct 1,President,,DEM,Michael Bennet,0
Calhoun,Homer Township Precinct 1,President,,DEM,Joe Biden,86
Calhoun,Homer Township Precinct 1,President,,DEM,Michael R. Bloomberg,3
Calhoun,Homer Township Precinct 1,President,,DEM,Cory Booker,0
Calhoun,Homer Township Precinct 1,President,,DEM,Pete Buttigieg,0
Calhoun,Homer Township Precinct 1,President,,DEM,Julian Castro,0
Calhoun,Homer Township Precinct 1,President,,DEM,John Delaney,0
Calhoun,Homer Township Precinct 1,President,,DEM,Tulsi Gabbard,1
Calhoun,Homer Township Precinct 1,President,,DEM,Amy Klobuchar,1
Calhoun,Homer Township Precinct 1,President,,DEM,Bernie Sanders,46
Calhoun,Homer Township Precinct 1,President,,DEM,Joe Sestak,0
Calhoun,Homer Township Precinct 1,President,,DEM,Tom Steyer,0
Calhoun,Homer Township Precinct 1,President,,DEM,Elizabeth Warren,3
Calhoun,Homer Township Precinct 1,President,,DEM,Marianne Williamson,0
Calhoun,Homer Township Precinct 1,President,,DEM,Andrew Yang,1
Calhoun,Homer Township Precinct 1,President,,DEM,Uncommitted,0
Calhoun,Homer Township Precinct 1,President,,REP,Mark Sanford,0
Calhoun,Homer Township Precinct 1,President,,REP,Donald J. Trump,121
Calhoun,Homer Township Precinct 1,President,,REP,Joe Walsh,1
Calhoun,Homer Township Precinct 1,President,,REP,Bill Weld,0
Calhoun,Homer Township Precinct 1,President,,REP,Uncommitted,1
Calhoun,Homer Township Precinct 1,Litchfield Community Schools Sinking Fund Millage,,,Yes,4
Calhoun,Homer Township Precinct 1,Litchfield Community Schools Sinking Fund Millage,,,No,2
Calhoun,Homer Township Precinct 1,Hillsdale County ISD Proposal,,,Yes,6
Calhoun,Homer Township Precinct 1,Hillsdale County ISD Proposal,,,No,0
Calhoun,Lee Township Precinct 1,Registered Voters,,,,836
Calhoun,Lee Township Precinct 1,Ballots Cast,,DEM,,78
Calhoun,Lee Township Precinct 1,Ballots Cast,,REP,,101
Calhoun,Lee Township Precinct 1,President,,DEM,Michael Bennet,2
Calhoun,Lee Township Precinct 1,President,,DEM,Joe Biden,42
Calhoun,Lee Township Precinct 1,President,,DEM,Michael R. Bloomberg,0
Calhoun,Lee Township Precinct 1,President,,DEM,Cory Booker,0
Calhoun,Lee Township Precinct 1,President,,DEM,Pete Buttigieg,4
Calhoun,Lee Township Precinct 1,President,,DEM,Julian Castro,0
Calhoun,Lee Township Precinct 1,President,,DEM,John Delaney,0
Calhoun,Lee Township Precinct 1,President,,DEM,Tulsi Gabbard,0
Calhoun,Lee Township Precinct 1,President,,DEM,Amy Klobuchar,1
Calhoun,Lee Township Precinct 1,President,,DEM,Bernie Sanders,28
Calhoun,Lee Township Precinct 1,President,,DEM,Joe Sestak,0
Calhoun,Lee Township Precinct 1,President,,DEM,Tom Steyer,0
Calhoun,Lee Township Precinct 1,President,,DEM,Elizabeth Warren,1
Calhoun,Lee Township Precinct 1,President,,DEM,Marianne Williamson,0
Calhoun,Lee Township Precinct 1,President,,DEM,Andrew Yang,0
Calhoun,Lee Township Precinct 1,President,,DEM,Uncommitted,0
Calhoun,Lee Township Precinct 1,President,,REP,Mark Sanford,1
Calhoun,Lee Township Precinct 1,President,,REP,Donald J. Trump,96
Calhoun,Lee Township Precinct 1,President,,REP,Joe Walsh,1
Calhoun,Lee Township Precinct 1,President,,REP,Bill Weld,2
Calhoun,Lee Township Precinct 1,President,,REP,Uncommitted,1
Calhoun,Leroy Township Precinct 1,Registered Voters,,,,1623
Calhoun,Leroy Township Precinct 1,Ballots Cast,,DEM,,219
Calhoun,Leroy Township Precinct 1,Ballots Cast,,REP,,262
Calhoun,Leroy Township Precinct 1,President,,DEM,Michael Bennet,0
Calhoun,Leroy Township Precinct 1,President,,DEM,Joe Biden,115
Calhoun,Leroy Township Precinct 1,President,,DEM,Michael R. Bloomberg,20
Calhoun,Leroy Township Precinct 1,President,,DEM,Cory Booker,0
Calhoun,Leroy Township Precinct 1,President,,DEM,Pete Buttigieg,3
Calhoun,Leroy Township Precinct 1,President,,DEM,Julian Castro,0
Calhoun,Leroy Township Precinct 1,President,,DEM,John Delaney,0
Calhoun,Leroy Township Precinct 1,President,,DEM,Tulsi Gabbard,1
Calhoun,Leroy Township Precinct 1,President,,DEM,Amy Klobuchar,4
Calhoun,Leroy Township Precinct 1,President,,DEM,Bernie Sanders,65
Calhoun,Leroy Township Precinct 1,President,,DEM,Joe Sestak,0
Calhoun,Leroy Township Precinct 1,President,,DEM,Tom Steyer,0
Calhoun,Leroy Township Precinct 1,President,,DEM,Elizabeth Warren,4
Calhoun,Leroy Township Precinct 1,President,,DEM,Marianne Williamson,0
Calhoun,Leroy Township Precinct 1,President,,DEM,Andrew Yang,0
Calhoun,Leroy Township Precinct 1,President,,DEM,Uncommitted,6
Calhoun,Leroy Township Precinct 1,President,,REP,Mark Sanford,4
Calhoun,Leroy Township Precinct 1,President,,REP,Donald J. Trump,240
Calhoun,Leroy Township Precinct 1,President,,REP,Joe Walsh,0
Calhoun,Leroy Township Precinct 1,President,,REP,Bill Weld,2
Calhoun,Leroy Township Precinct 1,President,,REP,Uncommitted,11
Calhoun,Leroy Township Precinct 2,Registered Voters,,,,1450
Calhoun,Leroy Township Precinct 2,Ballots Cast,,DEM,,225
Calhoun,Leroy Township Precinct 2,Ballots Cast,,REP,,202
Calhoun,Leroy Township Precinct 2,President,,DEM,Michael Bennet,0
Calhoun,Leroy Township Precinct 2,President,,DEM,Joe Biden,133
Calhoun,Leroy Township Precinct 2,President,,DEM,Michael R. Bloomberg,20
Calhoun,Leroy Township Precinct 2,President,,DEM,Cory Booker,0
Calhoun,Leroy Township Precinct 2,President,,DEM,Pete Buttigieg,5
Calhoun,Leroy Township Precinct 2,President,,DEM,Julian Castro,0
Calhoun,Leroy Township Precinct 2,President,,DEM,John Delaney,0
Calhoun,Leroy Township Precinct 2,President,,DEM,Tulsi Gabbard,0
Calhoun,Leroy Township Precinct 2,President,,DEM,Amy Klobuchar,3
Calhoun,Leroy Township Precinct 2,President,,DEM,Bernie Sanders,52
Calhoun,Leroy Township Precinct 2,President,,DEM,Joe Sestak,0
Calhoun,Leroy Township Precinct 2,President,,DEM,Tom Steyer,0
Calhoun,Leroy Township Precinct 2,President,,DEM,Elizabeth Warren,4
Calhoun,Leroy Township Precinct 2,President,,DEM,Marianne Williamson,0
Calhoun,Leroy Township Precinct 2,President,,DEM,Andrew Yang,0
Calhoun,Leroy Township Precinct 2,President,,DEM,Uncommitted,7
Calhoun,Leroy Township Precinct 2,President,,REP,Mark Sanford,1
Calhoun,Leroy Township Precinct 2,President,,REP,Donald J. Trump,188
Calhoun,Leroy Township Precinct 2,President,,REP,Joe Walsh,0
Calhoun,Leroy Township Precinct 2,President,,REP,Bill Weld,0
Calhoun,Leroy Township Precinct 2,President,,REP,Uncommitted,11
Calhoun,Marengo Township Precinct 1,Registered Voters,,,,1766
Calhoun,Marengo Township Precinct 1,Ballots Cast,,DEM,,188
Calhoun,Marengo Township Precinct 1,Ballots Cast,,REP,,162
Calhoun,Marengo Township Precinct 1,President,,DEM,Michael Bennet,0
Calhoun,Marengo Township Precinct 1,President,,DEM,Joe Biden,115
Calhoun,Marengo Township Precinct 1,President,,DEM,Michael R. Bloomberg,5
Calhoun,Marengo Township Precinct 1,President,,DEM,Cory Booker,0
Calhoun,Marengo Township Precinct 1,President,,DEM,Pete Buttigieg,0
Calhoun,Marengo Township Precinct 1,President,,DEM,Julian Castro,1
Calhoun,Marengo Township Precinct 1,President,,DEM,John Delaney,0
Calhoun,Marengo Township Precinct 1,President,,DEM,Tulsi Gabbard,0
Calhoun,Marengo Township Precinct 1,President,,DEM,Amy Klobuchar,0
Calhoun,Marengo Township Precinct 1,President,,DEM,Bernie Sanders,65
Calhoun,Marengo Township Precinct 1,President,,DEM,Joe Sestak,0
Calhoun,Marengo Township Precinct 1,President,,DEM,Tom Steyer,1
Calhoun,Marengo Township Precinct 1,President,,DEM,Elizabeth Warren,1
Calhoun,Marengo Township Precinct 1,President,,DEM,Marianne Williamson,0
Calhoun,Marengo Township Precinct 1,President,,DEM,Andrew Yang,0
Calhoun,Marengo Township Precinct 1,President,,DEM,Uncommitted,0
Calhoun,Marengo Township Precinct 1,President,,REP,Mark Sanford,2
Calhoun,Marengo Township Precinct 1,President,,REP,Donald J. Trump,156
Calhoun,Marengo Township Precinct 1,President,,REP,Joe Walsh,0
Calhoun,Marengo Township Precinct 1,President,,REP,Bill Weld,0
Calhoun,Marengo Township Precinct 1,President,,REP,Uncommitted,4
Calhoun,Marshall Township Precinct 1,Registered Voters,,,,2588
Calhoun,Marshall Township Precinct 1,Ballots Cast,,DEM,,452
Calhoun,Marshall Township Precinct 1,Ballots Cast,,REP,,260
Calhoun,Marshall Township Precinct 1,President,,DEM,Michael Bennet,0
Calhoun,Marshall Township Precinct 1,President,,DEM,Joe Biden,253
Calhoun,Marshall Township Precinct 1,President,,DEM,Michael R. Bloomberg,17
Calhoun,Marshall Township Precinct 1,President,,DEM,Cory Booker,0
Calhoun,Marshall Township Precinct 1,President,,DEM,Pete Buttigieg,9
Calhoun,Marshall Township Precinct 1,President,,DEM,Julian Castro,0
Calhoun,Marshall Township Precinct 1,President,,DEM,John Delaney,0
Calhoun,Marshall Township Precinct 1,President,,DEM,Tulsi Gabbard,3
Calhoun,Marshall Township Precinct 1,President,,DEM,Amy Klobuchar,5
Calhoun,Marshall Township Precinct 1,President,,DEM,Bernie Sanders,149
Calhoun,Marshall Township Precinct 1,President,,DEM,Joe Sestak,0
Calhoun,Marshall Township Precinct 1,President,,DEM,Tom Steyer,1
Calhoun,Marshall Township Precinct 1,President,,DEM,Elizabeth Warren,9
Calhoun,Marshall Township Precinct 1,President,,DEM,Marianne Williamson,0
Calhoun,Marshall Township Precinct 1,President,,DEM,Andrew Yang,1
Calhoun,Marshall Township Precinct 1,President,,DEM,Uncommitted,4
Calhoun,Marshall Township Precinct 1,President,,REP,Mark Sanford,2
Calhoun,Marshall Township Precinct 1,President,,REP,Donald J. Trump,242
Calhoun,Marshall Township Precinct 1,President,,REP,Joe Walsh,3
Calhoun,Marshall Township Precinct 1,President,,REP,Bill Weld,2
Calhoun,Marshall Township Precinct 1,President,,REP,Uncommitted,11
Calhoun,Newton Township Precinct 1,Registered Voters,,,,2227
Calhoun,Newton Township Precinct 1,Ballots Cast,,DEM,,267
Calhoun,Newton Township Precinct 1,Ballots Cast,,REP,,227
Calhoun,Newton Township Precinct 1,President,,DEM,Michael Bennet,0
Calhoun,Newton Township Precinct 1,President,,DEM,Joe Biden,158
Calhoun,Newton Township Precinct 1,President,,DEM,Michael R. Bloomberg,10
Calhoun,Newton Township Precinct 1,President,,DEM,Cory Booker,0
Calhoun,Newton Township Precinct 1,President,,DEM,Pete Buttigieg,5
Calhoun,Newton Township Precinct 1,President,,DEM,Julian Castro,0
Calhoun,Newton Township Precinct 1,President,,DEM,John Delaney,0
Calhoun,Newton Township Precinct 1,President,,DEM,Tulsi Gabbard,4
Calhoun,Newton Township Precinct 1,President,,DEM,Amy Klobuchar,3
Calhoun,Newton Township Precinct 1,President,,DEM,Bernie Sanders,77
Calhoun,Newton Township Precinct 1,President,,DEM,Joe Sestak,0
Calhoun,Newton Township Precinct 1,President,,DEM,Tom Steyer,0
Calhoun,Newton Township Precinct 1,President,,DEM,Elizabeth Warren,4
Calhoun,Newton Township Precinct 1,President,,DEM,Marianne Williamson,0
Calhoun,Newton Township Precinct 1,President,,DEM,Andrew Yang,0
Calhoun,Newton Township Precinct 1,President,,DEM,Uncommitted,6
Calhoun,Newton Township Precinct 1,President,,REP,Mark Sanford,2
Calhoun,Newton Township Precinct 1,President,,REP,Donald J. Trump,218
Calhoun,Newton Township Precinct 1,President,,REP,Joe Walsh,2
Calhoun,Newton Township Precinct 1,President,,REP,Bill Weld,0
Calhoun,Newton Township Precinct 1,President,,REP,Uncommitted,3
Calhoun,Pennfield Charter Township Precinct 1,Registered Voters,,,,2508
Calhoun,Pennfield Charter Township Precinct 1,Ballots Cast,,DEM,,321
Calhoun,Pennfield Charter Township Precinct 1,Ballots Cast,,REP,,241
Calhoun,Pennfield Charter Township Precinct 1,President,,DEM,Michael Bennet,1
Calhoun,Pennfield Charter Township Precinct 1,President,,DEM,Joe Biden,170
Calhoun,Pennfield Charter Township Precinct 1,President,,DEM,Michael R. Bloomberg,13
Calhoun,Pennfield Charter Township Precinct 1,President,,DEM,Cory Booker,0
Calhoun,Pennfield Charter Township Precinct 1,President,,DEM,Pete Buttigieg,6
Calhoun,Pennfield Charter Township Precinct 1,President,,DEM,Julian Castro,0
Calhoun,Pennfield Charter Township Precinct 1,President,,DEM,John Delaney,0
Calhoun,Pennfield Charter Township Precinct 1,President,,DEM,Tulsi Gabbard,1
Calhoun,Pennfield Charter Township Precinct 1,President,,DEM,Amy Klobuchar,3
Calhoun,Pennfield Charter Township Precinct 1,President,,DEM,Bernie Sanders,121
Calhoun,Pennfield Charter Township Precinct 1,President,,DEM,Joe Sestak,0
Calhoun,Pennfield Charter Township Precinct 1,President,,DEM,Tom Steyer,0
Calhoun,Pennfield Charter Township Precinct 1,President,,DEM,Elizabeth Warren,4
Calhoun,Pennfield Charter Township Precinct 1,President,,DEM,Marianne Williamson,0
Calhoun,Pennfield Charter Township Precinct 1,President,,DEM,Andrew Yang,0
Calhoun,Pennfield Charter Township Precinct 1,President,,DEM,Uncommitted,2
Calhoun,Pennfield Charter Township Precinct 1,President,,REP,Mark Sanford,1
Calhoun,Pennfield Charter Township Precinct 1,President,,REP,Donald J. Trump,226
Calhoun,Pennfield Charter Township Precinct 1,President,,REP,Joe Walsh,1
Calhoun,Pennfield Charter Township Precinct 1,President,,REP,Bill Weld,2
Calhoun,Pennfield Charter Township Precinct 1,President,,REP,Uncommitted,8
Calhoun,Pennfield Charter Township Precinct 2,Registered Voters,,,,2156
Calhoun,Pennfield Charter Township Precinct 2,Ballots Cast,,DEM,,274
Calhoun,Pennfield Charter Township Precinct 2,Ballots Cast,,REP,,141
Calhoun,Pennfield Charter Township Precinct 2,President,,DEM,Michael Bennet,0
Calhoun,Pennfield Charter Township Precinct 2,President,,DEM,Joe Biden,121
Calhoun,Pennfield Charter Township Precinct 2,President,,DEM,Michael R. Bloomberg,11
Calhoun,Pennfield Charter Township Precinct 2,President,,DEM,Cory Booker,0
Calhoun,Pennfield Charter Township Precinct 2,President,,DEM,Pete Buttigieg,6
Calhoun,Pennfield Charter Township Precinct 2,President,,DEM,Julian Castro,0
Calhoun,Pennfield Charter Township Precinct 2,President,,DEM,John Delaney,0
Calhoun,Pennfield Charter Township Precinct 2,President,,DEM,Tulsi Gabbard,0
Calhoun,Pennfield Charter Township Precinct 2,President,,DEM,Amy Klobuchar,3
Calhoun,Pennfield Charter Township Precinct 2,President,,DEM,Bernie Sanders,127
Calhoun,Pennfield Charter Township Precinct 2,President,,DEM,Joe Sestak,1
Calhoun,Pennfield Charter Township Precinct 2,President,,DEM,Tom Steyer,1
Calhoun,Pennfield Charter Township Precinct 2,President,,DEM,Elizabeth Warren,1
Calhoun,Pennfield Charter Township Precinct 2,President,,DEM,Marianne Williamson,0
Calhoun,Pennfield Charter Township Precinct 2,President,,DEM,Andrew Yang,1
Calhoun,Pennfield Charter Township Precinct 2,President,,DEM,Uncommitted,2
Calhoun,Pennfield Charter Township Precinct 2,President,,REP,Mark Sanford,3
Calhoun,Pennfield Charter Township Precinct 2,President,,REP,Donald J. Trump,131
Calhoun,Pennfield Charter Township Precinct 2,President,,REP,Joe Walsh,2
Calhoun,Pennfield Charter Township Precinct 2,President,,REP,Bill Weld,0
Calhoun,Pennfield Charter Township Precinct 2,President,,REP,Uncommitted,3
Calhoun,Pennfield Charter Township Precinct 3,Registered Voters,,,,2183
Calhoun,Pennfield Charter Township Precinct 3,Ballots Cast,,DEM,,350
Calhoun,Pennfield Charter Township Precinct 3,Ballots Cast,,REP,,278
Calhoun,Pennfield Charter Township Precinct 3,President,,DEM,Michael Bennet,1
Calhoun,Pennfield Charter Township Precinct 3,President,,DEM,Joe Biden,192
Calhoun,Pennfield Charter Township Precinct 3,President,,DEM,Michael R. Bloomberg,14
Calhoun,Pennfield Charter Township Precinct 3,President,,DEM,Cory Booker,0
Calhoun,Pennfield Charter Township Precinct 3,President,,DEM,Pete Buttigieg,13
Calhoun,Pennfield Charter Township Precinct 3,President,,DEM,Julian Castro,0
Calhoun,Pennfield Charter Township Precinct 3,President,,DEM,John Delaney,1
Calhoun,Pennfield Charter Township Precinct 3,President,,DEM,Tulsi Gabbard,5
Calhoun,Pennfield Charter Township Precinct 3,President,,DEM,Amy Klobuchar,2
Calhoun,Pennfield Charter Township Precinct 3,President,,DEM,Bernie Sanders,111
Calhoun,Pennfield Charter Township Precinct 3,President,,DEM,Joe Sestak,1
Calhoun,Pennfield Charter Township Precinct 3,President,,DEM,Tom Steyer,0
Calhoun,Pennfield Charter Township Precinct 3,President,,DEM,Elizabeth Warren,5
Calhoun,Pennfield Charter Township Precinct 3,President,,DEM,Marianne Williamson,0
Calhoun,Pennfield Charter Township Precinct 3,President,,DEM,Andrew Yang,0
Calhoun,Pennfield Charter Township Precinct 3,President,,DEM,Uncommitted,5
Calhoun,Pennfield Charter Township Precinct 3,President,,REP,Mark Sanford,2
Calhoun,Pennfield Charter Township Precinct 3,President,,REP,Donald J. Trump,265
Calhoun,Pennfield Charter Township Precinct 3,President,,REP,Joe Walsh,0
Calhoun,Pennfield Charter Township Precinct 3,President,,REP,Bill Weld,1
Calhoun,Pennfield Charter Township Precinct 3,President,,REP,Uncommitted,9
Calhoun,Sheridan Township Precinct 1,Registered Voters,,,,1381
Calhoun,Sheridan Township Precinct 1,Ballots Cast,,DEM,,131
Calhoun,Sheridan Township Precinct 1,Ballots Cast,,REP,,115
Calhoun,Sheridan Township Precinct 1,President,,DEM,Michael Bennet,0
Calhoun,Sheridan Township Precinct 1,President,,DEM,Joe Biden,74
Calhoun,Sheridan Township Precinct 1,President,,DEM,Michael R. Bloomberg,5
Calhoun,Sheridan Township Precinct 1,President,,DEM,Cory Booker,0
Calhoun,Sheridan Township Precinct 1,President,,DEM,Pete Buttigieg,5
Calhoun,Sheridan Township Precinct 1,President,,DEM,Julian Castro,0
Calhoun,Sheridan Township Precinct 1,President,,DEM,John Delaney,0
Calhoun,Sheridan Township Precinct 1,President,,DEM,Tulsi Gabbard,0
Calhoun,Sheridan Township Precinct 1,President,,DEM,Amy Klobuchar,0
Calhoun,Sheridan Township Precinct 1,President,,DEM,Bernie Sanders,46
Calhoun,Sheridan Township Precinct 1,President,,DEM,Joe Sestak,0
Calhoun,Sheridan Township Precinct 1,President,,DEM,Tom Steyer,1
Calhoun,Sheridan Township Precinct 1,President,,DEM,Elizabeth Warren,0
Calhoun,Sheridan Township Precinct 1,President,,DEM,Marianne Williamson,0
Calhoun,Sheridan Township Precinct 1,President,,DEM,Andrew Yang,0
Calhoun,Sheridan Township Precinct 1,President,,DEM,Uncommitted,0
Calhoun,Sheridan Township Precinct 1,President,,REP,Mark Sanford,1
Calhoun,Sheridan Township Precinct 1,President,,REP,Donald J. Trump,106
Calhoun,Sheridan Township Precinct 1,President,,REP,Joe Walsh,0
Calhoun,Sheridan Township Precinct 1,President,,REP,Bill Weld,4
Calhoun,Sheridan Township Precinct 1,President,,REP,Uncommitted,3
Calhoun,Tekonsha Township Precinct 1,Registered Voters,,,,1246
Calhoun,Tekonsha Township Precinct 1,Ballots Cast,,DEM,,139
Calhoun,Tekonsha Township Precinct 1,Ballots Cast,,REP,,140
Calhoun,Tekonsha Township Precinct 1,President,,DEM,Michael Bennet,0
Calhoun,Tekonsha Township Precinct 1,President,,DEM,Joe Biden,77
Calhoun,Tekonsha Township Precinct 1,President,,DEM,Michael R. Bloomberg,7
Calhoun,Tekonsha Township Precinct 1,President,,DEM,Cory Booker,0
Calhoun,Tekonsha Township Precinct 1,President,,DEM,Pete Buttigieg,1
Calhoun,Tekonsha Township Precinct 1,President,,DEM,Julian Castro,0
Calhoun,Tekonsha Township Precinct 1,President,,DEM,John Delaney,0
Calhoun,Tekonsha Township Precinct 1,President,,DEM,Tulsi Gabbard,1
Calhoun,Tekonsha Township Precinct 1,President,,DEM,Amy Klobuchar,0
Calhoun,Tekonsha Township Precinct 1,President,,DEM,Bernie Sanders,47
Calhoun,Tekonsha Township Precinct 1,President,,DEM,Joe Sestak,0
Calhoun,Tekonsha Township Precinct 1,President,,DEM,Tom Steyer,0
Calhoun,Tekonsha Township Precinct 1,President,,DEM,Elizabeth Warren,1
Calhoun,Tekonsha Township Precinct 1,President,,DEM,Marianne Williamson,0
Calhoun,Tekonsha Township Precinct 1,President,,DEM,Andrew Yang,0
Calhoun,Tekonsha Township Precinct 1,President,,DEM,Uncommitted,5
Calhoun,Tekonsha Township Precinct 1,President,,REP,Mark Sanford,1
Calhoun,Tekonsha Township Precinct 1,President,,REP,Donald J. Trump,127
Calhoun,Tekonsha Township Precinct 1,President,,REP,Joe Walsh,1
Calhoun,Tekonsha Township Precinct 1,President,,REP,Bill Weld,2
Calhoun,Tekonsha Township Precinct 1,President,,REP,Uncommitted,8
