county,precinct,office,district,party,candidate,votes
Calhoun,Albion Township Precinct 1,Albion Township Clerk,,DEM,Write-In,7
Calhoun,Albion Township Precinct 1,Albion Township Clerk,,REP,Kathy Grundemann,176
Calhoun,Albion Township Precinct 1,Albion Township Clerk,,REP,Write-In,0
Calhoun,Albion Township Precinct 1,Albion Township Supervisor,,DEM,Thomas W. Frank,74
Calhoun,Albion Township Precinct 1,Albion Township Supervisor,,DEM,Write-In,0
Calhoun,Albion Township Precinct 1,Albion Township Supervisor,,REP,Lloyd E. Mosher,142
Calhoun,Albion Township Precinct 1,Albion Township Supervisor,,REP,Write-In,0
Calhoun,Albion Township Precinct 1,Albion Township Treasurer,,DEM,Virginia Schultz,71
Calhoun,Albion Township Precinct 1,Albion Township Treasurer,,DEM,Write-In,0
Calhoun,Albion Township Precinct 1,Albion Township Treasurer,,REP,Write-In,5
Calhoun,Albion Township Precinct 1,Albion Township Trustee,,DEM,Doug Reichow,66
Calhoun,Albion Township Precinct 1,Albion Township Trustee,,DEM,Gary W. Harrison,70
Calhoun,Albion Township Precinct 1,Albion Township Trustee,,DEM,Write-In,0
Calhoun,Albion Township Precinct 1,Albion Township Trustee,,REP,Write-In,7
Calhoun,Albion Township Precinct 1,Albion Twp Precinct 1 Delegate,,DEM,Write-In,8
Calhoun,Albion Township Precinct 1,Albion Twp Precinct 1 Delegate,,REP,Write-In,2
Calhoun,Albion Township Precinct 1,Ballots Cast,,,,307
Calhoun,Albion Township Precinct 1,Clerk/Register of Deeds,,DEM,Andy Helmboldt,65
Calhoun,Albion Township Precinct 1,Clerk/Register of Deeds,,DEM,Write-In,0
Calhoun,Albion Township Precinct 1,Clerk/Register of Deeds,,REP,Kimberly A. Hinkley,177
Calhoun,Albion Township Precinct 1,Clerk/Register of Deeds,,REP,Write-In,1
Calhoun,Albion Township Precinct 1,Commissioner 7th District,,DEM,Marcy Sacks,66
Calhoun,Albion Township Precinct 1,Commissioner 7th District,,DEM,Write-In,0
Calhoun,Albion Township Precinct 1,Commissioner 7th District,,REP,Gary Tompkins,183
Calhoun,Albion Township Precinct 1,Commissioner 7th District,,REP,Write-In,1
Calhoun,Albion Township Precinct 1,Parks Millage Proposal,,,No,126
Calhoun,Albion Township Precinct 1,Parks Millage Proposal,,,Yes,118
Calhoun,Albion Township Precinct 1,Prosecuting Attorney,,DEM,Christopher B. Vreeland,65
Calhoun,Albion Township Precinct 1,Prosecuting Attorney,,DEM,Write-In,0
Calhoun,Albion Township Precinct 1,Prosecuting Attorney,,REP,David Gilbert,166
Calhoun,Albion Township Precinct 1,Prosecuting Attorney,,REP,Write-In,1
Calhoun,Albion Township Precinct 1,Registered Voters,,,,862
Calhoun,Albion Township Precinct 1,Senior Millage Renewal Proposal,,,No,51
Calhoun,Albion Township Precinct 1,Senior Millage Renewal Proposal,,,Yes,193
Calhoun,Albion Township Precinct 1,Sheriff,,DEM,Brad Palmer,64
Calhoun,Albion Township Precinct 1,Sheriff,,DEM,Write-In,0
Calhoun,Albion Township Precinct 1,Sheriff,,REP,Steve Hinkley,178
Calhoun,Albion Township Precinct 1,Sheriff,,REP,Write-In,2
Calhoun,Albion Township Precinct 1,State House,62,DEM,Jim Haadsma,75
Calhoun,Albion Township Precinct 1,State House,62,DEM,Write-In,0
Calhoun,Albion Township Precinct 1,State House,62,REP,Chad Baase,18
Calhoun,Albion Township Precinct 1,State House,62,REP,Dave Morgan,117
Calhoun,Albion Township Precinct 1,State House,62,REP,Michelle Gregoire,30
Calhoun,Albion Township Precinct 1,State House,62,REP,Write-In,1
Calhoun,Albion Township Precinct 1,Treasurer,,DEM,Michael Evans,66
Calhoun,Albion Township Precinct 1,Treasurer,,DEM,Write-In,0
Calhoun,Albion Township Precinct 1,Treasurer,,REP,Brian W. Wensauer,160
Calhoun,Albion Township Precinct 1,Treasurer,,REP,Write-In,1
Calhoun,Albion Township Precinct 1,U.S. House,3,DEM,Hillary Scholten,70
Calhoun,Albion Township Precinct 1,U.S. House,3,DEM,Write-In,0
Calhoun,Albion Township Precinct 1,U.S. House,3,REP,Emily Rafi,10
Calhoun,Albion Township Precinct 1,U.S. House,3,REP,Joe Farrington,21
Calhoun,Albion Township Precinct 1,U.S. House,3,REP,Lynn Afendoulis,25
Calhoun,Albion Township Precinct 1,U.S. House,3,REP,Peter Meijer,84
Calhoun,Albion Township Precinct 1,U.S. House,3,REP,Thomas J. Norton,36
Calhoun,Albion Township Precinct 1,U.S. House,3,REP,Write-In,0
Calhoun,Albion Township Precinct 1,U.S. Senate,,DEM,Gary Peters,80
Calhoun,Albion Township Precinct 1,U.S. Senate,,DEM,Write-In,0
Calhoun,Albion Township Precinct 1,U.S. Senate,,REP,John James,172
Calhoun,Albion Township Precinct 1,U.S. Senate,,REP,Write-In,3
Calhoun,Albion Township Precinct 1,Water Resources Commissioner,,DEM,Wayne Kukuk,64
Calhoun,Albion Township Precinct 1,Water Resources Commissioner,,DEM,Write-In,0
Calhoun,Albion Township Precinct 1,Water Resources Commissioner,,REP,Johnny Cash,45
Calhoun,Albion Township Precinct 1,Water Resources Commissioner,,REP,Ron Smith,117
Calhoun,Albion Township Precinct 1,Water Resources Commissioner,,REP,Write-In,1
Calhoun,Athens Township Precinct 1,Athens Area Schools I. Operating Millage Renewal Proposal,,,No,127
Calhoun,Athens Township Precinct 1,Athens Area Schools I. Operating Millage Renewal Proposal,,,Yes,311
Calhoun,Athens Township Precinct 1,Athens Area Schools II. Sinking Fund Millage Renewal Proposal,,,No,119
Calhoun,Athens Township Precinct 1,Athens Area Schools II. Sinking Fund Millage Renewal Proposal,,,Yes,290
Calhoun,Athens Township Precinct 1,Athens Township Clerk,,DEM,Write-In,10
Calhoun,Athens Township Precinct 1,Athens Township Clerk,,REP,Debera K. Denney,281
Calhoun,Athens Township Precinct 1,Athens Township Clerk,,REP,Write-In,3
Calhoun,Athens Township Precinct 1,Athens Township Supervisor,,DEM,Write-In,10
Calhoun,Athens Township Precinct 1,Athens Township Supervisor,,REP,Stephen G. Irons,269
Calhoun,Athens Township Precinct 1,Athens Township Supervisor,,REP,Write-In,4
Calhoun,Athens Township Precinct 1,Athens Township Treasurer,,DEM,Write-In,8
Calhoun,Athens Township Precinct 1,Athens Township Treasurer,,REP,Michael V. Irons,274
Calhoun,Athens Township Precinct 1,Athens Township Treasurer,,REP,Write-In,3
Calhoun,Athens Township Precinct 1,Athens Township Trustee,,DEM,Write-In,14
Calhoun,Athens Township Precinct 1,Athens Township Trustee,,REP,Cliff Denney,231
Calhoun,Athens Township Precinct 1,Athens Township Trustee,,REP,Stephen Tuttle,226
Calhoun,Athens Township Precinct 1,Athens Township Trustee,,REP,Write-In,2
Calhoun,Athens Township Precinct 1,Athens Twp Precinct 1 Delegate,,DEM,Eric McClure,99
Calhoun,Athens Township Precinct 1,Athens Twp Precinct 1 Delegate,,DEM,Write-In,4
Calhoun,Athens Township Precinct 1,Athens Twp Precinct 1 Delegate,,REP,Write-In,14
Calhoun,Athens Township Precinct 1,Ballots Cast,,,,483
Calhoun,Athens Township Precinct 1,Clerk/Register of Deeds,,DEM,Andy Helmboldt,105
Calhoun,Athens Township Precinct 1,Clerk/Register of Deeds,,DEM,Write-In,1
Calhoun,Athens Township Precinct 1,Clerk/Register of Deeds,,REP,Kimberly A. Hinkley,285
Calhoun,Athens Township Precinct 1,Clerk/Register of Deeds,,REP,Write-In,1
Calhoun,Athens Township Precinct 1,Commissioner 5th District,,DEM,Rob Lyerla,105
Calhoun,Athens Township Precinct 1,Commissioner 5th District,,DEM,Write-In,0
Calhoun,Athens Township Precinct 1,Commissioner 5th District,,REP,Derek F. King,278
Calhoun,Athens Township Precinct 1,Commissioner 5th District,,REP,Write-In,2
Calhoun,Athens Township Precinct 1,Parks Millage Proposal,,,No,189
Calhoun,Athens Township Precinct 1,Parks Millage Proposal,,,Yes,258
Calhoun,Athens Township Precinct 1,Prosecuting Attorney,,DEM,Christopher B. Vreeland,106
Calhoun,Athens Township Precinct 1,Prosecuting Attorney,,DEM,Write-In,1
Calhoun,Athens Township Precinct 1,Prosecuting Attorney,,REP,David Gilbert,288
Calhoun,Athens Township Precinct 1,Prosecuting Attorney,,REP,Write-In,1
Calhoun,Athens Township Precinct 1,Registered Voters,,,,1865
Calhoun,Athens Township Precinct 1,Senior Millage Renewal Proposal,,,No,89
Calhoun,Athens Township Precinct 1,Senior Millage Renewal Proposal,,,Yes,362
Calhoun,Athens Township Precinct 1,Sheriff,,DEM,Brad Palmer,105
Calhoun,Athens Township Precinct 1,Sheriff,,DEM,Write-In,1
Calhoun,Athens Township Precinct 1,Sheriff,,REP,Steve Hinkley,291
Calhoun,Athens Township Precinct 1,Sheriff,,REP,Write-In,1
Calhoun,Athens Township Precinct 1,State House,63,DEM,Luke Howell,48
Calhoun,Athens Township Precinct 1,State House,63,DEM,Ron Hawkins,62
Calhoun,Athens Township Precinct 1,State House,63,DEM,Write-In,0
Calhoun,Athens Township Precinct 1,State House,63,REP,Matt Hall,291
Calhoun,Athens Township Precinct 1,State House,63,REP,Write-In,1
Calhoun,Athens Township Precinct 1,Treasurer,,DEM,Michael Evans,106
Calhoun,Athens Township Precinct 1,Treasurer,,DEM,Write-In,0
Calhoun,Athens Township Precinct 1,Treasurer,,REP,Brian W. Wensauer,285
Calhoun,Athens Township Precinct 1,Treasurer,,REP,Write-In,1
Calhoun,Athens Township Precinct 1,U.S. House,3,DEM,Hillary Scholten,107
Calhoun,Athens Township Precinct 1,U.S. House,3,DEM,Write-In,0
Calhoun,Athens Township Precinct 1,U.S. House,3,REP,Emily Rafi,15
Calhoun,Athens Township Precinct 1,U.S. House,3,REP,Joe Farrington,8
Calhoun,Athens Township Precinct 1,U.S. House,3,REP,Lynn Afendoulis,66
Calhoun,Athens Township Precinct 1,U.S. House,3,REP,Peter Meijer,128
Calhoun,Athens Township Precinct 1,U.S. House,3,REP,Thomas J. Norton,81
Calhoun,Athens Township Precinct 1,U.S. House,3,REP,Write-In,1
Calhoun,Athens Township Precinct 1,U.S. Senate,,DEM,Gary Peters,109
Calhoun,Athens Township Precinct 1,U.S. Senate,,DEM,Write-In,0
Calhoun,Athens Township Precinct 1,U.S. Senate,,REP,John James,289
Calhoun,Athens Township Precinct 1,U.S. Senate,,REP,Write-In,1
Calhoun,Athens Township Precinct 1,Water Resources Commissioner,,DEM,Wayne Kukuk,105
Calhoun,Athens Township Precinct 1,Water Resources Commissioner,,DEM,Write-In,1
Calhoun,Athens Township Precinct 1,Water Resources Commissioner,,REP,Johnny Cash,155
Calhoun,Athens Township Precinct 1,Water Resources Commissioner,,REP,Ron Smith,128
Calhoun,Athens Township Precinct 1,Water Resources Commissioner,,REP,Write-In,2
Calhoun,Bedford Charter Township Precinct 1,Ballots Cast,,,,719
Calhoun,Bedford Charter Township Precinct 1,Bedford Charter Precinct 1 Delegate,,DEM,Tabitha T.Y. Mingus,195
Calhoun,Bedford Charter Township Precinct 1,Bedford Charter Precinct 1 Delegate,,DEM,Write-In,4
Calhoun,Bedford Charter Township Precinct 1,Bedford Charter Precinct 1 Delegate,,REP,Nathan Halder,302
Calhoun,Bedford Charter Township Precinct 1,Bedford Charter Precinct 1 Delegate,,REP,Write-In,4
Calhoun,Bedford Charter Township Precinct 1,Bedford Charter Township Clerk,,DEM,Joyce Ann Feraco,215
Calhoun,Bedford Charter Township Precinct 1,Bedford Charter Township Clerk,,DEM,Write-In,0
Calhoun,Bedford Charter Township Precinct 1,Bedford Charter Township Clerk,,REP,Write-In,11
Calhoun,Bedford Charter Township Precinct 1,Bedford Charter Township Supervisor,,DEM,Rande Johnson,207
Calhoun,Bedford Charter Township Precinct 1,Bedford Charter Township Supervisor,,DEM,Write-In,0
Calhoun,Bedford Charter Township Precinct 1,Bedford Charter Township Supervisor,,REP,Adam Heikkila,89
Calhoun,Bedford Charter Township Precinct 1,Bedford Charter Township Supervisor,,REP,William Scutt,289
Calhoun,Bedford Charter Township Precinct 1,Bedford Charter Township Supervisor,,REP,Write-In,0
Calhoun,Bedford Charter Township Precinct 1,Bedford Charter Township Treasurer,,DEM,Chrisandra Dezotell,210
Calhoun,Bedford Charter Township Precinct 1,Bedford Charter Township Treasurer,,DEM,Write-In,0
Calhoun,Bedford Charter Township Precinct 1,Bedford Charter Township Treasurer,,REP,Erica R. Miller,309
Calhoun,Bedford Charter Township Precinct 1,Bedford Charter Township Treasurer,,REP,Write-In,0
Calhoun,Bedford Charter Township Precinct 1,Bedford Charter Township Trustee,,DEM,Connie Gibson,187
Calhoun,Bedford Charter Township Precinct 1,Bedford Charter Township Trustee,,DEM,Joe Cipcic,177
Calhoun,Bedford Charter Township Precinct 1,Bedford Charter Township Trustee,,DEM,Sally Shaw,189
Calhoun,Bedford Charter Township Precinct 1,Bedford Charter Township Trustee,,DEM,Shirley Tuggle,181
Calhoun,Bedford Charter Township Precinct 1,Bedford Charter Township Trustee,,DEM,Write-In,0
Calhoun,Bedford Charter Township Precinct 1,Bedford Charter Township Trustee,,REP,Barry R. Beamish II,226
Calhoun,Bedford Charter Township Precinct 1,Bedford Charter Township Trustee,,REP,Joni Jones,191
Calhoun,Bedford Charter Township Precinct 1,Bedford Charter Township Trustee,,REP,Just Shotts,158
Calhoun,Bedford Charter Township Precinct 1,Bedford Charter Township Trustee,,REP,Kraig Dingman,271
Calhoun,Bedford Charter Township Precinct 1,Bedford Charter Township Trustee,,REP,Mark Hires,257
Calhoun,Bedford Charter Township Precinct 1,Bedford Charter Township Trustee,,REP,Write-In,1
Calhoun,Bedford Charter Township Precinct 1,Clerk/Register of Deeds,,DEM,Andy Helmboldt,216
Calhoun,Bedford Charter Township Precinct 1,Clerk/Register of Deeds,,DEM,Write-In,0
Calhoun,Bedford Charter Township Precinct 1,Clerk/Register of Deeds,,REP,Kimberly A. Hinkley,356
Calhoun,Bedford Charter Township Precinct 1,Clerk/Register of Deeds,,REP,Write-In,1
Calhoun,Bedford Charter Township Precinct 1,Commissioner 4th District,,DEM,Ron Holder,217
Calhoun,Bedford Charter Township Precinct 1,Commissioner 4th District,,DEM,Write-In,0
Calhoun,Bedford Charter Township Precinct 1,Commissioner 4th District,,REP,Steve Frisbie,363
Calhoun,Bedford Charter Township Precinct 1,Commissioner 4th District,,REP,Write-In,1
Calhoun,Bedford Charter Township Precinct 1,Parks Millage Proposal,,,No,301
Calhoun,Bedford Charter Township Precinct 1,Parks Millage Proposal,,,Yes,296
Calhoun,Bedford Charter Township Precinct 1,Prosecuting Attorney,,DEM,Christopher B. Vreeland,216
Calhoun,Bedford Charter Township Precinct 1,Prosecuting Attorney,,DEM,Write-In,1
Calhoun,Bedford Charter Township Precinct 1,Prosecuting Attorney,,REP,David Gilbert,364
Calhoun,Bedford Charter Township Precinct 1,Prosecuting Attorney,,REP,Write-In,1
Calhoun,Bedford Charter Township Precinct 1,Registered Voters,,,,1956
Calhoun,Bedford Charter Township Precinct 1,Senior Millage Renewal Proposal,,,No,170
Calhoun,Bedford Charter Township Precinct 1,Senior Millage Renewal Proposal,,,Yes,426
Calhoun,Bedford Charter Township Precinct 1,Sheriff,,DEM,Brad Palmer,218
Calhoun,Bedford Charter Township Precinct 1,Sheriff,,DEM,Write-In,0
Calhoun,Bedford Charter Township Precinct 1,Sheriff,,REP,Steve Hinkley,364
Calhoun,Bedford Charter Township Precinct 1,Sheriff,,REP,Write-In,1
Calhoun,Bedford Charter Township Precinct 1,State House,62,DEM,Jim Haadsma,222
Calhoun,Bedford Charter Township Precinct 1,State House,62,DEM,Write-In,0
Calhoun,Bedford Charter Township Precinct 1,State House,62,REP,Chad Baase,31
Calhoun,Bedford Charter Township Precinct 1,State House,62,REP,Dave Morgan,276
Calhoun,Bedford Charter Township Precinct 1,State House,62,REP,Michelle Gregoire,66
Calhoun,Bedford Charter Township Precinct 1,State House,62,REP,Write-In,0
Calhoun,Bedford Charter Township Precinct 1,Treasurer,,DEM,Michael Evans,219
Calhoun,Bedford Charter Township Precinct 1,Treasurer,,DEM,Write-In,0
Calhoun,Bedford Charter Township Precinct 1,Treasurer,,REP,Brian W. Wensauer,347
Calhoun,Bedford Charter Township Precinct 1,Treasurer,,REP,Write-In,2
Calhoun,Bedford Charter Township Precinct 1,U.S. House,3,DEM,Hillary Scholten,216
Calhoun,Bedford Charter Township Precinct 1,U.S. House,3,DEM,Write-In,0
Calhoun,Bedford Charter Township Precinct 1,U.S. House,3,REP,Emily Rafi,20
Calhoun,Bedford Charter Township Precinct 1,U.S. House,3,REP,Joe Farrington,14
Calhoun,Bedford Charter Township Precinct 1,U.S. House,3,REP,Lynn Afendoulis,91
Calhoun,Bedford Charter Township Precinct 1,U.S. House,3,REP,Peter Meijer,178
Calhoun,Bedford Charter Township Precinct 1,U.S. House,3,REP,Thomas J. Norton,96
Calhoun,Bedford Charter Township Precinct 1,U.S. House,3,REP,Write-In,0
Calhoun,Bedford Charter Township Precinct 1,U.S. Senate,,DEM,Gary Peters,223
Calhoun,Bedford Charter Township Precinct 1,U.S. Senate,,DEM,Write-In,0
Calhoun,Bedford Charter Township Precinct 1,U.S. Senate,,REP,John James,377
Calhoun,Bedford Charter Township Precinct 1,U.S. Senate,,REP,Write-In,1
Calhoun,Bedford Charter Township Precinct 1,Water Resources Commissioner,,DEM,Wayne Kukuk,216
Calhoun,Bedford Charter Township Precinct 1,Water Resources Commissioner,,DEM,Write-In,0
Calhoun,Bedford Charter Township Precinct 1,Water Resources Commissioner,,REP,Johnny Cash,164
Calhoun,Bedford Charter Township Precinct 1,Water Resources Commissioner,,REP,Ron Smith,182
Calhoun,Bedford Charter Township Precinct 1,Water Resources Commissioner,,REP,Write-In,0
Calhoun,Bedford Charter Township Precinct 2,Ballots Cast,,,,664
Calhoun,Bedford Charter Township Precinct 2,Bedford Charter Precinct 2 Delegate,,DEM,Jim Haadsma,231
Calhoun,Bedford Charter Township Precinct 2,Bedford Charter Precinct 2 Delegate,,DEM,Lori Peters,208
Calhoun,Bedford Charter Township Precinct 2,Bedford Charter Precinct 2 Delegate,,DEM,Peter John VanGoethem,184
Calhoun,Bedford Charter Township Precinct 2,Bedford Charter Precinct 2 Delegate,,DEM,Write-In,1
Calhoun,Bedford Charter Township Precinct 2,Bedford Charter Precinct 2 Delegate,,REP,Write-In,41
Calhoun,Bedford Charter Township Precinct 2,Bedford Charter Township Clerk,,DEM,Joyce Ann Feraco,267
Calhoun,Bedford Charter Township Precinct 2,Bedford Charter Township Clerk,,DEM,Write-In,0
Calhoun,Bedford Charter Township Precinct 2,Bedford Charter Township Clerk,,REP,Write-In,36
Calhoun,Bedford Charter Township Precinct 2,Bedford Charter Township Supervisor,,DEM,Rande Johnson,260
Calhoun,Bedford Charter Township Precinct 2,Bedford Charter Township Supervisor,,DEM,Write-In,0
Calhoun,Bedford Charter Township Precinct 2,Bedford Charter Township Supervisor,,REP,Adam Heikkila,81
Calhoun,Bedford Charter Township Precinct 2,Bedford Charter Township Supervisor,,REP,William Scutt,231
Calhoun,Bedford Charter Township Precinct 2,Bedford Charter Township Supervisor,,REP,Write-In,1
Calhoun,Bedford Charter Township Precinct 2,Bedford Charter Township Treasurer,,DEM,Chrisandra Dezotell,264
Calhoun,Bedford Charter Township Precinct 2,Bedford Charter Township Treasurer,,DEM,Write-In,0
Calhoun,Bedford Charter Township Precinct 2,Bedford Charter Township Treasurer,,REP,Erica R. Miller,270
Calhoun,Bedford Charter Township Precinct 2,Bedford Charter Township Treasurer,,REP,Write-In,2
Calhoun,Bedford Charter Township Precinct 2,Bedford Charter Township Trustee,,DEM,Connie Gibson,220
Calhoun,Bedford Charter Township Precinct 2,Bedford Charter Township Trustee,,DEM,Joe Cipcic,225
Calhoun,Bedford Charter Township Precinct 2,Bedford Charter Township Trustee,,DEM,Sally Shaw,227
Calhoun,Bedford Charter Township Precinct 2,Bedford Charter Township Trustee,,DEM,Shirley Tuggle,224
Calhoun,Bedford Charter Township Precinct 2,Bedford Charter Township Trustee,,DEM,Write-In,0
Calhoun,Bedford Charter Township Precinct 2,Bedford Charter Township Trustee,,REP,Barry R. Beamish II,182
Calhoun,Bedford Charter Township Precinct 2,Bedford Charter Township Trustee,,REP,Joni Jones,163
Calhoun,Bedford Charter Township Precinct 2,Bedford Charter Township Trustee,,REP,Just Shotts,137
Calhoun,Bedford Charter Township Precinct 2,Bedford Charter Township Trustee,,REP,Kraig Dingman,199
Calhoun,Bedford Charter Township Precinct 2,Bedford Charter Township Trustee,,REP,Mark Hires,215
Calhoun,Bedford Charter Township Precinct 2,Bedford Charter Township Trustee,,REP,Write-In,4
Calhoun,Bedford Charter Township Precinct 2,Clerk/Register of Deeds,,DEM,Andy Helmboldt,271
Calhoun,Bedford Charter Township Precinct 2,Clerk/Register of Deeds,,DEM,Write-In,0
Calhoun,Bedford Charter Township Precinct 2,Clerk/Register of Deeds,,REP,Kimberly A. Hinkley,297
Calhoun,Bedford Charter Township Precinct 2,Clerk/Register of Deeds,,REP,Write-In,3
Calhoun,Bedford Charter Township Precinct 2,Commissioner 4th District,,DEM,Ron Holder,268
Calhoun,Bedford Charter Township Precinct 2,Commissioner 4th District,,DEM,Write-In,0
Calhoun,Bedford Charter Township Precinct 2,Commissioner 4th District,,REP,Steve Frisbie,295
Calhoun,Bedford Charter Township Precinct 2,Commissioner 4th District,,REP,Write-In,2
Calhoun,Bedford Charter Township Precinct 2,Parks Millage Proposal,,,No,231
Calhoun,Bedford Charter Township Precinct 2,Parks Millage Proposal,,,Yes,293
Calhoun,Bedford Charter Township Precinct 2,Prosecuting Attorney,,DEM,Christopher B. Vreeland,268
Calhoun,Bedford Charter Township Precinct 2,Prosecuting Attorney,,DEM,Write-In,1
Calhoun,Bedford Charter Township Precinct 2,Prosecuting Attorney,,REP,David Gilbert,306
Calhoun,Bedford Charter Township Precinct 2,Prosecuting Attorney,,REP,Write-In,1
Calhoun,Bedford Charter Township Precinct 2,Registered Voters,,,,2699
Calhoun,Bedford Charter Township Precinct 2,Senior Millage Renewal Proposal,,,No,117
Calhoun,Bedford Charter Township Precinct 2,Senior Millage Renewal Proposal,,,Yes,409
Calhoun,Bedford Charter Township Precinct 2,Sheriff,,DEM,Brad Palmer,267
Calhoun,Bedford Charter Township Precinct 2,Sheriff,,DEM,Write-In,3
Calhoun,Bedford Charter Township Precinct 2,Sheriff,,REP,Steve Hinkley,304
Calhoun,Bedford Charter Township Precinct 2,Sheriff,,REP,Write-In,2
Calhoun,Bedford Charter Township Precinct 2,State House,62,DEM,Jim Haadsma,273
Calhoun,Bedford Charter Township Precinct 2,State House,62,DEM,Write-In,0
Calhoun,Bedford Charter Township Precinct 2,State House,62,REP,Chad Baase,19
Calhoun,Bedford Charter Township Precinct 2,State House,62,REP,Dave Morgan,242
Calhoun,Bedford Charter Township Precinct 2,State House,62,REP,Michelle Gregoire,54
Calhoun,Bedford Charter Township Precinct 2,State House,62,REP,Write-In,1
Calhoun,Bedford Charter Township Precinct 2,Treasurer,,DEM,Michael Evans,267
Calhoun,Bedford Charter Township Precinct 2,Treasurer,,DEM,Write-In,0
Calhoun,Bedford Charter Township Precinct 2,Treasurer,,REP,Brian W. Wensauer,294
Calhoun,Bedford Charter Township Precinct 2,Treasurer,,REP,Write-In,2
Calhoun,Bedford Charter Township Precinct 2,U.S. House,3,DEM,Hillary Scholten,270
Calhoun,Bedford Charter Township Precinct 2,U.S. House,3,DEM,Write-In,0
Calhoun,Bedford Charter Township Precinct 2,U.S. House,3,REP,Emily Rafi,17
Calhoun,Bedford Charter Township Precinct 2,U.S. House,3,REP,Joe Farrington,13
Calhoun,Bedford Charter Township Precinct 2,U.S. House,3,REP,Lynn Afendoulis,85
Calhoun,Bedford Charter Township Precinct 2,U.S. House,3,REP,Peter Meijer,136
Calhoun,Bedford Charter Township Precinct 2,U.S. House,3,REP,Thomas J. Norton,64
Calhoun,Bedford Charter Township Precinct 2,U.S. House,3,REP,Write-In,1
Calhoun,Bedford Charter Township Precinct 2,U.S. Senate,,DEM,Gary Peters,273
Calhoun,Bedford Charter Township Precinct 2,U.S. Senate,,DEM,Write-In,2
Calhoun,Bedford Charter Township Precinct 2,U.S. Senate,,REP,John James,309
Calhoun,Bedford Charter Township Precinct 2,U.S. Senate,,REP,Write-In,4
Calhoun,Bedford Charter Township Precinct 2,Water Resources Commissioner,,DEM,Wayne Kukuk,269
Calhoun,Bedford Charter Township Precinct 2,Water Resources Commissioner,,DEM,Write-In,0
Calhoun,Bedford Charter Township Precinct 2,Water Resources Commissioner,,REP,Johnny Cash,180
Calhoun,Bedford Charter Township Precinct 2,Water Resources Commissioner,,REP,Ron Smith,118
Calhoun,Bedford Charter Township Precinct 2,Water Resources Commissioner,,REP,Write-In,2
Calhoun,Bedford Charter Township Precinct 3,Ballots Cast,,,,715
Calhoun,Bedford Charter Township Precinct 3,Bedford Charter Precinct 3 Delegate,,DEM,Rande Johnson,298
Calhoun,Bedford Charter Township Precinct 3,Bedford Charter Precinct 3 Delegate,,DEM,Shirley A. Tuggle,301
Calhoun,Bedford Charter Township Precinct 3,Bedford Charter Precinct 3 Delegate,,DEM,Write-In,6
Calhoun,Bedford Charter Township Precinct 3,Bedford Charter Precinct 3 Delegate,,REP,Jeffrey M. Jones,197
Calhoun,Bedford Charter Township Precinct 3,Bedford Charter Precinct 3 Delegate,,REP,Joni Jones,156
Calhoun,Bedford Charter Township Precinct 3,Bedford Charter Precinct 3 Delegate,,REP,Write-In,5
Calhoun,Bedford Charter Township Precinct 3,Bedford Charter Township Clerk,,DEM,Joyce Ann Feraco,342
Calhoun,Bedford Charter Township Precinct 3,Bedford Charter Township Clerk,,DEM,Write-In,0
Calhoun,Bedford Charter Township Precinct 3,Bedford Charter Township Clerk,,REP,Write-In,20
Calhoun,Bedford Charter Township Precinct 3,Bedford Charter Township Supervisor,,DEM,Rande Johnson,339
Calhoun,Bedford Charter Township Precinct 3,Bedford Charter Township Supervisor,,DEM,Write-In,0
Calhoun,Bedford Charter Township Precinct 3,Bedford Charter Township Supervisor,,REP,Adam Heikkila,111
Calhoun,Bedford Charter Township Precinct 3,Bedford Charter Township Supervisor,,REP,William Scutt,155
Calhoun,Bedford Charter Township Precinct 3,Bedford Charter Township Supervisor,,REP,Write-In,0
Calhoun,Bedford Charter Township Precinct 3,Bedford Charter Township Treasurer,,DEM,Chrisandra Dezotell,333
Calhoun,Bedford Charter Township Precinct 3,Bedford Charter Township Treasurer,,DEM,Write-In,0
Calhoun,Bedford Charter Township Precinct 3,Bedford Charter Township Treasurer,,REP,Erica R. Miller,232
Calhoun,Bedford Charter Township Precinct 3,Bedford Charter Township Treasurer,,REP,Write-In,1
Calhoun,Bedford Charter Township Precinct 3,Bedford Charter Township Trustee,,DEM,Connie Gibson,270
Calhoun,Bedford Charter Township Precinct 3,Bedford Charter Township Trustee,,DEM,Joe Cipcic,256
Calhoun,Bedford Charter Township Precinct 3,Bedford Charter Township Trustee,,DEM,Sally Shaw,259
Calhoun,Bedford Charter Township Precinct 3,Bedford Charter Township Trustee,,DEM,Shirley Tuggle,316
Calhoun,Bedford Charter Township Precinct 3,Bedford Charter Township Trustee,,DEM,Write-In,0
Calhoun,Bedford Charter Township Precinct 3,Bedford Charter Township Trustee,,REP,Barry R. Beamish II,128
Calhoun,Bedford Charter Township Precinct 3,Bedford Charter Township Trustee,,REP,Joni Jones,163
Calhoun,Bedford Charter Township Precinct 3,Bedford Charter Township Trustee,,REP,Just Shotts,128
Calhoun,Bedford Charter Township Precinct 3,Bedford Charter Township Trustee,,REP,Kraig Dingman,149
Calhoun,Bedford Charter Township Precinct 3,Bedford Charter Township Trustee,,REP,Mark Hires,162
Calhoun,Bedford Charter Township Precinct 3,Bedford Charter Township Trustee,,REP,Write-In,0
Calhoun,Bedford Charter Township Precinct 3,Clerk/Register of Deeds,,DEM,Andy Helmboldt,341
Calhoun,Bedford Charter Township Precinct 3,Clerk/Register of Deeds,,DEM,Write-In,1
Calhoun,Bedford Charter Township Precinct 3,Clerk/Register of Deeds,,REP,Kimberly A. Hinkley,254
Calhoun,Bedford Charter Township Precinct 3,Clerk/Register of Deeds,,REP,Write-In,1
Calhoun,Bedford Charter Township Precinct 3,Commissioner 4th District,,DEM,Ron Holder,338
Calhoun,Bedford Charter Township Precinct 3,Commissioner 4th District,,DEM,Write-In,3
Calhoun,Bedford Charter Township Precinct 3,Commissioner 4th District,,REP,Steve Frisbie,254
Calhoun,Bedford Charter Township Precinct 3,Commissioner 4th District,,REP,Write-In,0
Calhoun,Bedford Charter Township Precinct 3,Parks Millage Proposal,,,No,217
Calhoun,Bedford Charter Township Precinct 3,Parks Millage Proposal,,,Yes,338
Calhoun,Bedford Charter Township Precinct 3,Prosecuting Attorney,,DEM,Christopher B. Vreeland,342
Calhoun,Bedford Charter Township Precinct 3,Prosecuting Attorney,,DEM,Write-In,2
Calhoun,Bedford Charter Township Precinct 3,Prosecuting Attorney,,REP,David Gilbert,263
Calhoun,Bedford Charter Township Precinct 3,Prosecuting Attorney,,REP,Write-In,1
Calhoun,Bedford Charter Township Precinct 3,Registered Voters,,,,2974
Calhoun,Bedford Charter Township Precinct 3,Senior Millage Renewal Proposal,,,No,120
Calhoun,Bedford Charter Township Precinct 3,Senior Millage Renewal Proposal,,,Yes,435
Calhoun,Bedford Charter Township Precinct 3,Sheriff,,DEM,Brad Palmer,340
Calhoun,Bedford Charter Township Precinct 3,Sheriff,,DEM,Write-In,4
Calhoun,Bedford Charter Township Precinct 3,Sheriff,,REP,Steve Hinkley,261
Calhoun,Bedford Charter Township Precinct 3,Sheriff,,REP,Write-In,0
Calhoun,Bedford Charter Township Precinct 3,State House,62,DEM,Jim Haadsma,352
Calhoun,Bedford Charter Township Precinct 3,State House,62,DEM,Write-In,1
Calhoun,Bedford Charter Township Precinct 3,State House,62,REP,Chad Baase,7
Calhoun,Bedford Charter Township Precinct 3,State House,62,REP,Dave Morgan,221
Calhoun,Bedford Charter Township Precinct 3,State House,62,REP,Michelle Gregoire,52
Calhoun,Bedford Charter Township Precinct 3,State House,62,REP,Write-In,1
Calhoun,Bedford Charter Township Precinct 3,Treasurer,,DEM,Michael Evans,343
Calhoun,Bedford Charter Township Precinct 3,Treasurer,,DEM,Write-In,0
Calhoun,Bedford Charter Township Precinct 3,Treasurer,,REP,Brian W. Wensauer,256
Calhoun,Bedford Charter Township Precinct 3,Treasurer,,REP,Write-In,0
Calhoun,Bedford Charter Township Precinct 3,U.S. House,3,DEM,Hillary Scholten,349
Calhoun,Bedford Charter Township Precinct 3,U.S. House,3,DEM,Write-In,1
Calhoun,Bedford Charter Township Precinct 3,U.S. House,3,REP,Emily Rafi,22
Calhoun,Bedford Charter Township Precinct 3,U.S. House,3,REP,Joe Farrington,18
Calhoun,Bedford Charter Township Precinct 3,U.S. House,3,REP,Lynn Afendoulis,68
Calhoun,Bedford Charter Township Precinct 3,U.S. House,3,REP,Peter Meijer,112
Calhoun,Bedford Charter Township Precinct 3,U.S. House,3,REP,Thomas J. Norton,59
Calhoun,Bedford Charter Township Precinct 3,U.S. House,3,REP,Write-In,0
Calhoun,Bedford Charter Township Precinct 3,U.S. Senate,,DEM,Gary Peters,356
Calhoun,Bedford Charter Township Precinct 3,U.S. Senate,,DEM,Write-In,1
Calhoun,Bedford Charter Township Precinct 3,U.S. Senate,,REP,John James,268
Calhoun,Bedford Charter Township Precinct 3,U.S. Senate,,REP,Write-In,1
Calhoun,Bedford Charter Township Precinct 3,Water Resources Commissioner,,DEM,Wayne Kukuk,335
Calhoun,Bedford Charter Township Precinct 3,Water Resources Commissioner,,DEM,Write-In,3
Calhoun,Bedford Charter Township Precinct 3,Water Resources Commissioner,,REP,Johnny Cash,109
Calhoun,Bedford Charter Township Precinct 3,Water Resources Commissioner,,REP,Ron Smith,158
Calhoun,Bedford Charter Township Precinct 3,Water Resources Commissioner,,REP,Write-In,0
Calhoun,Burlington Township Precinct 1,Athens Area Schools I. Operating Millage Renewal Proposal,,,No,5
Calhoun,Burlington Township Precinct 1,Athens Area Schools I. Operating Millage Renewal Proposal,,,Yes,11
Calhoun,Burlington Township Precinct 1,Athens Area Schools II. Sinking Fund Millage Renewal Proposal,,,No,7
Calhoun,Burlington Township Precinct 1,Athens Area Schools II. Sinking Fund Millage Renewal Proposal,,,Yes,9
Calhoun,Burlington Township Precinct 1,Ballots Cast,,,,502
Calhoun,Burlington Township Precinct 1,Burlington Township Clerk,,DEM,Write-In,6
Calhoun,Burlington Township Precinct 1,Burlington Township Clerk,,REP,Darlene Mack,310
Calhoun,Burlington Township Precinct 1,Burlington Township Clerk,,REP,Write-In,3
Calhoun,Burlington Township Precinct 1,Burlington Township Constable,,DEM,Write-In,5
Calhoun,Burlington Township Precinct 1,Burlington Township Constable,,REP,L. Douglas Mack,284
Calhoun,Burlington Township Precinct 1,Burlington Township Constable,,REP,Write-In,4
Calhoun,Burlington Township Precinct 1,Burlington Township Road Millage Proposal,,,No,223
Calhoun,Burlington Township Precinct 1,Burlington Township Road Millage Proposal,,,Yes,253
Calhoun,Burlington Township Precinct 1,Burlington Township Supervisor,,DEM,Write-In,7
Calhoun,Burlington Township Precinct 1,Burlington Township Supervisor,,REP,Jeff Eyre,249
Calhoun,Burlington Township Precinct 1,Burlington Township Supervisor,,REP,Randy S. Morley,93
Calhoun,Burlington Township Precinct 1,Burlington Township Supervisor,,REP,Write-In,0
Calhoun,Burlington Township Precinct 1,Burlington Township Treasurer,,DEM,Write-In,6
Calhoun,Burlington Township Precinct 1,Burlington Township Treasurer,,REP,Susan Mack,307
Calhoun,Burlington Township Precinct 1,Burlington Township Treasurer,,REP,Write-In,3
Calhoun,Burlington Township Precinct 1,Burlington Township Trustee,,DEM,John A. Smith,74
Calhoun,Burlington Township Precinct 1,Burlington Township Trustee,,DEM,Write-In,1
Calhoun,Burlington Township Precinct 1,Burlington Township Trustee,,REP,Barton Boyer,170
Calhoun,Burlington Township Precinct 1,Burlington Township Trustee,,REP,Jeanette Demski,197
Calhoun,Burlington Township Precinct 1,Burlington Township Trustee,,REP,LaShelle A. Waltz,138
Calhoun,Burlington Township Precinct 1,Burlington Township Trustee,,REP,Write-In,1
Calhoun,Burlington Township Precinct 1,Burlington Twp Precinct 1 Delegate,,DEM,Write-In,8
Calhoun,Burlington Township Precinct 1,Burlington Twp Precinct 1 Delegate,,REP,Write-In,15
Calhoun,Burlington Township Precinct 1,Clerk/Register of Deeds,,DEM,Andy Helmboldt,88
Calhoun,Burlington Township Precinct 1,Clerk/Register of Deeds,,DEM,Write-In,0
Calhoun,Burlington Township Precinct 1,Clerk/Register of Deeds,,REP,Kimberly A. Hinkley,293
Calhoun,Burlington Township Precinct 1,Clerk/Register of Deeds,,REP,Write-In,2
Calhoun,Burlington Township Precinct 1,Commissioner 6th District,,DEM,Curt Osborn,87
Calhoun,Burlington Township Precinct 1,Commissioner 6th District,,DEM,Write-In,0
Calhoun,Burlington Township Precinct 1,Commissioner 6th District,,REP,Tommy Miller,218
Calhoun,Burlington Township Precinct 1,Commissioner 6th District,,REP,Victor R. Potter,90
Calhoun,Burlington Township Precinct 1,Commissioner 6th District,,REP,Write-In,1
Calhoun,Burlington Township Precinct 1,Parks Millage Proposal,,,No,309
Calhoun,Burlington Township Precinct 1,Parks Millage Proposal,,,Yes,165
Calhoun,Burlington Township Precinct 1,Prosecuting Attorney,,DEM,Christopher B. Vreeland,88
Calhoun,Burlington Township Precinct 1,Prosecuting Attorney,,DEM,Write-In,0
Calhoun,Burlington Township Precinct 1,Prosecuting Attorney,,REP,David Gilbert,294
Calhoun,Burlington Township Precinct 1,Prosecuting Attorney,,REP,Write-In,1
Calhoun,Burlington Township Precinct 1,Registered Voters,,,,1442
Calhoun,Burlington Township Precinct 1,Senior Millage Renewal Proposal,,,No,145
Calhoun,Burlington Township Precinct 1,Senior Millage Renewal Proposal,,,Yes,328
Calhoun,Burlington Township Precinct 1,Sheriff,,DEM,Brad Palmer,86
Calhoun,Burlington Township Precinct 1,Sheriff,,DEM,Write-In,1
Calhoun,Burlington Township Precinct 1,Sheriff,,REP,Steve Hinkley,305
Calhoun,Burlington Township Precinct 1,Sheriff,,REP,Write-In,1
Calhoun,Burlington Township Precinct 1,State House,63,DEM,Luke Howell,40
Calhoun,Burlington Township Precinct 1,State House,63,DEM,Ron Hawkins,45
Calhoun,Burlington Township Precinct 1,State House,63,DEM,Write-In,0
Calhoun,Burlington Township Precinct 1,State House,63,REP,Matt Hall,305
Calhoun,Burlington Township Precinct 1,State House,63,REP,Write-In,0
Calhoun,Burlington Township Precinct 1,Treasurer,,DEM,Michael Evans,88
Calhoun,Burlington Township Precinct 1,Treasurer,,DEM,Write-In,0
Calhoun,Burlington Township Precinct 1,Treasurer,,REP,Brian W. Wensauer,287
Calhoun,Burlington Township Precinct 1,Treasurer,,REP,Write-In,0
Calhoun,Burlington Township Precinct 1,U.S. House,3,DEM,Hillary Scholten,88
Calhoun,Burlington Township Precinct 1,U.S. House,3,DEM,Write-In,0
Calhoun,Burlington Township Precinct 1,U.S. House,3,REP,Emily Rafi,17
Calhoun,Burlington Township Precinct 1,U.S. House,3,REP,Joe Farrington,24
Calhoun,Burlington Township Precinct 1,U.S. House,3,REP,Lynn Afendoulis,98
Calhoun,Burlington Township Precinct 1,U.S. House,3,REP,Peter Meijer,134
Calhoun,Burlington Township Precinct 1,U.S. House,3,REP,Thomas J. Norton,49
Calhoun,Burlington Township Precinct 1,U.S. House,3,REP,Write-In,0
Calhoun,Burlington Township Precinct 1,U.S. Senate,,DEM,Gary Peters,91
Calhoun,Burlington Township Precinct 1,U.S. Senate,,DEM,Write-In,0
Calhoun,Burlington Township Precinct 1,U.S. Senate,,REP,John James,294
Calhoun,Burlington Township Precinct 1,U.S. Senate,,REP,Write-In,5
Calhoun,Burlington Township Precinct 1,Water Resources Commissioner,,DEM,Wayne Kukuk,87
Calhoun,Burlington Township Precinct 1,Water Resources Commissioner,,DEM,Write-In,0
Calhoun,Burlington Township Precinct 1,Water Resources Commissioner,,REP,Johnny Cash,137
Calhoun,Burlington Township Precinct 1,Water Resources Commissioner,,REP,Ron Smith,156
Calhoun,Burlington Township Precinct 1,Water Resources Commissioner,,REP,Write-In,0
Calhoun,City of Albion Precinct 1,Albion City Precinct 1 Delegate,,DEM,Write-In,37
Calhoun,City of Albion Precinct 1,Albion City Precinct 1 Delegate,,REP,Write-In,11
Calhoun,City of Albion Precinct 1,Ballots Cast,,,,187
Calhoun,City of Albion Precinct 1,City of Albion Street Millage Renewal Proposal,,,No,44
Calhoun,City of Albion Precinct 1,City of Albion Street Millage Renewal Proposal,,,Yes,125
Calhoun,City of Albion Precinct 1,Clerk/Register of Deeds,,DEM,Andy Helmboldt,143
Calhoun,City of Albion Precinct 1,Clerk/Register of Deeds,,DEM,Write-In,1
Calhoun,City of Albion Precinct 1,Clerk/Register of Deeds,,REP,Kimberly A. Hinkley,27
Calhoun,City of Albion Precinct 1,Clerk/Register of Deeds,,REP,Write-In,0
Calhoun,City of Albion Precinct 1,Commissioner 7th District,,DEM,Marcy Sacks,145
Calhoun,City of Albion Precinct 1,Commissioner 7th District,,DEM,Write-In,1
Calhoun,City of Albion Precinct 1,Commissioner 7th District,,REP,Gary Tompkins,28
Calhoun,City of Albion Precinct 1,Commissioner 7th District,,REP,Write-In,0
Calhoun,City of Albion Precinct 1,Parks Millage Proposal,,,No,65
Calhoun,City of Albion Precinct 1,Parks Millage Proposal,,,Yes,102
Calhoun,City of Albion Precinct 1,Prosecuting Attorney,,DEM,Christopher B. Vreeland,142
Calhoun,City of Albion Precinct 1,Prosecuting Attorney,,DEM,Write-In,1
Calhoun,City of Albion Precinct 1,Prosecuting Attorney,,REP,David Gilbert,26
Calhoun,City of Albion Precinct 1,Prosecuting Attorney,,REP,Write-In,0
Calhoun,City of Albion Precinct 1,Registered Voters,,,,992
Calhoun,City of Albion Precinct 1,Senior Millage Renewal Proposal,,,No,19
Calhoun,City of Albion Precinct 1,Senior Millage Renewal Proposal,,,Yes,149
Calhoun,City of Albion Precinct 1,Sheriff,,DEM,Brad Palmer,144
Calhoun,City of Albion Precinct 1,Sheriff,,DEM,Write-In,3
Calhoun,City of Albion Precinct 1,Sheriff,,REP,Steve Hinkley,27
Calhoun,City of Albion Precinct 1,Sheriff,,REP,Write-In,0
Calhoun,City of Albion Precinct 1,State House,62,DEM,Jim Haadsma,148
Calhoun,City of Albion Precinct 1,State House,62,DEM,Write-In,1
Calhoun,City of Albion Precinct 1,State House,62,REP,Chad Baase,7
Calhoun,City of Albion Precinct 1,State House,62,REP,Dave Morgan,16
Calhoun,City of Albion Precinct 1,State House,62,REP,Michelle Gregoire,6
Calhoun,City of Albion Precinct 1,State House,62,REP,Write-In,0
Calhoun,City of Albion Precinct 1,Treasurer,,DEM,Michael Evans,145
Calhoun,City of Albion Precinct 1,Treasurer,,DEM,Write-In,1
Calhoun,City of Albion Precinct 1,Treasurer,,REP,Brian W. Wensauer,28
Calhoun,City of Albion Precinct 1,Treasurer,,REP,Write-In,0
Calhoun,City of Albion Precinct 1,U.S. House,3,DEM,Hillary Scholten,147
Calhoun,City of Albion Precinct 1,U.S. House,3,DEM,Write-In,0
Calhoun,City of Albion Precinct 1,U.S. House,3,REP,Emily Rafi,3
Calhoun,City of Albion Precinct 1,U.S. House,3,REP,Joe Farrington,3
Calhoun,City of Albion Precinct 1,U.S. House,3,REP,Lynn Afendoulis,5
Calhoun,City of Albion Precinct 1,U.S. House,3,REP,Peter Meijer,7
Calhoun,City of Albion Precinct 1,U.S. House,3,REP,Thomas J. Norton,9
Calhoun,City of Albion Precinct 1,U.S. House,3,REP,Write-In,0
Calhoun,City of Albion Precinct 1,U.S. Senate,,DEM,Gary Peters,149
Calhoun,City of Albion Precinct 1,U.S. Senate,,DEM,Write-In,1
Calhoun,City of Albion Precinct 1,U.S. Senate,,REP,John James,26
Calhoun,City of Albion Precinct 1,U.S. Senate,,REP,Write-In,1
Calhoun,City of Albion Precinct 1,Water Resources Commissioner,,DEM,Wayne Kukuk,143
Calhoun,City of Albion Precinct 1,Water Resources Commissioner,,DEM,Write-In,1
Calhoun,City of Albion Precinct 1,Water Resources Commissioner,,REP,Johnny Cash,14
Calhoun,City of Albion Precinct 1,Water Resources Commissioner,,REP,Ron Smith,13
Calhoun,City of Albion Precinct 1,Water Resources Commissioner,,REP,Write-In,0
Calhoun,City of Albion Precinct 2,Albion City Precinct 2 Delegate,,DEM,Write-In,20
Calhoun,City of Albion Precinct 2,Albion City Precinct 2 Delegate,,REP,Write-In,4
Calhoun,City of Albion Precinct 2,Ballots Cast,,,,117
Calhoun,City of Albion Precinct 2,City of Albion Street Millage Renewal Proposal,,,No,27
Calhoun,City of Albion Precinct 2,City of Albion Street Millage Renewal Proposal,,,Yes,80
Calhoun,City of Albion Precinct 2,Clerk/Register of Deeds,,DEM,Andy Helmboldt,91
Calhoun,City of Albion Precinct 2,Clerk/Register of Deeds,,DEM,Write-In,0
Calhoun,City of Albion Precinct 2,Clerk/Register of Deeds,,REP,Kimberly A. Hinkley,18
Calhoun,City of Albion Precinct 2,Clerk/Register of Deeds,,REP,Write-In,0
Calhoun,City of Albion Precinct 2,Commissioner 7th District,,DEM,Marcy Sacks,89
Calhoun,City of Albion Precinct 2,Commissioner 7th District,,DEM,Write-In,2
Calhoun,City of Albion Precinct 2,Commissioner 7th District,,REP,Gary Tompkins,19
Calhoun,City of Albion Precinct 2,Commissioner 7th District,,REP,Write-In,0
Calhoun,City of Albion Precinct 2,Parks Millage Proposal,,,No,34
Calhoun,City of Albion Precinct 2,Parks Millage Proposal,,,Yes,72
Calhoun,City of Albion Precinct 2,Prosecuting Attorney,,DEM,Christopher B. Vreeland,91
Calhoun,City of Albion Precinct 2,Prosecuting Attorney,,DEM,Write-In,0
Calhoun,City of Albion Precinct 2,Prosecuting Attorney,,REP,David Gilbert,18
Calhoun,City of Albion Precinct 2,Prosecuting Attorney,,REP,Write-In,0
Calhoun,City of Albion Precinct 2,Registered Voters,,,,828
Calhoun,City of Albion Precinct 2,Senior Millage Renewal Proposal,,,No,12
Calhoun,City of Albion Precinct 2,Senior Millage Renewal Proposal,,,Yes,96
Calhoun,City of Albion Precinct 2,Sheriff,,DEM,Brad Palmer,90
Calhoun,City of Albion Precinct 2,Sheriff,,DEM,Write-In,0
Calhoun,City of Albion Precinct 2,Sheriff,,REP,Steve Hinkley,18
Calhoun,City of Albion Precinct 2,Sheriff,,REP,Write-In,0
Calhoun,City of Albion Precinct 2,State House,62,DEM,Jim Haadsma,94
Calhoun,City of Albion Precinct 2,State House,62,DEM,Write-In,0
Calhoun,City of Albion Precinct 2,State House,62,REP,Chad Baase,2
Calhoun,City of Albion Precinct 2,State House,62,REP,Dave Morgan,7
Calhoun,City of Albion Precinct 2,State House,62,REP,Michelle Gregoire,9
Calhoun,City of Albion Precinct 2,State House,62,REP,Write-In,0
Calhoun,City of Albion Precinct 2,Treasurer,,DEM,Michael Evans,93
Calhoun,City of Albion Precinct 2,Treasurer,,DEM,Write-In,0
Calhoun,City of Albion Precinct 2,Treasurer,,REP,Brian W. Wensauer,18
Calhoun,City of Albion Precinct 2,Treasurer,,REP,Write-In,0
Calhoun,City of Albion Precinct 2,U.S. House,3,DEM,Hillary Scholten,92
Calhoun,City of Albion Precinct 2,U.S. House,3,DEM,Write-In,0
Calhoun,City of Albion Precinct 2,U.S. House,3,REP,Emily Rafi,1
Calhoun,City of Albion Precinct 2,U.S. House,3,REP,Joe Farrington,3
Calhoun,City of Albion Precinct 2,U.S. House,3,REP,Lynn Afendoulis,3
Calhoun,City of Albion Precinct 2,U.S. House,3,REP,Peter Meijer,8
Calhoun,City of Albion Precinct 2,U.S. House,3,REP,Thomas J. Norton,4
Calhoun,City of Albion Precinct 2,U.S. House,3,REP,Write-In,0
Calhoun,City of Albion Precinct 2,U.S. Senate,,DEM,Gary Peters,93
Calhoun,City of Albion Precinct 2,U.S. Senate,,DEM,Write-In,0
Calhoun,City of Albion Precinct 2,U.S. Senate,,REP,John James,18
Calhoun,City of Albion Precinct 2,U.S. Senate,,REP,Write-In,0
Calhoun,City of Albion Precinct 2,Water Resources Commissioner,,DEM,Wayne Kukuk,91
Calhoun,City of Albion Precinct 2,Water Resources Commissioner,,DEM,Write-In,0
Calhoun,City of Albion Precinct 2,Water Resources Commissioner,,REP,Johnny Cash,8
Calhoun,City of Albion Precinct 2,Water Resources Commissioner,,REP,Ron Smith,10
Calhoun,City of Albion Precinct 2,Water Resources Commissioner,,REP,Write-In,0
Calhoun,City of Albion Precinct 3,Albion City Precinct 3 Delegate,,DEM,Garrett Brown,107
Calhoun,City of Albion Precinct 3,Albion City Precinct 3 Delegate,,DEM,Isaac Byrd,120
Calhoun,City of Albion Precinct 3,Albion City Precinct 3 Delegate,,DEM,Write-In,0
Calhoun,City of Albion Precinct 3,Albion City Precinct 3 Delegate,,REP,Write-In,12
Calhoun,City of Albion Precinct 3,Ballots Cast,,,,299
Calhoun,City of Albion Precinct 3,City of Albion Street Millage Renewal Proposal,,,No,62
Calhoun,City of Albion Precinct 3,City of Albion Street Millage Renewal Proposal,,,Yes,204
Calhoun,City of Albion Precinct 3,Clerk/Register of Deeds,,DEM,Andy Helmboldt,199
Calhoun,City of Albion Precinct 3,Clerk/Register of Deeds,,DEM,Write-In,0
Calhoun,City of Albion Precinct 3,Clerk/Register of Deeds,,REP,Kimberly A. Hinkley,63
Calhoun,City of Albion Precinct 3,Clerk/Register of Deeds,,REP,Write-In,0
Calhoun,City of Albion Precinct 3,Commissioner 7th District,,DEM,Marcy Sacks,197
Calhoun,City of Albion Precinct 3,Commissioner 7th District,,DEM,Write-In,0
Calhoun,City of Albion Precinct 3,Commissioner 7th District,,REP,Gary Tompkins,67
Calhoun,City of Albion Precinct 3,Commissioner 7th District,,REP,Write-In,0
Calhoun,City of Albion Precinct 3,Parks Millage Proposal,,,No,113
Calhoun,City of Albion Precinct 3,Parks Millage Proposal,,,Yes,150
Calhoun,City of Albion Precinct 3,Prosecuting Attorney,,DEM,Christopher B. Vreeland,201
Calhoun,City of Albion Precinct 3,Prosecuting Attorney,,DEM,Write-In,0
Calhoun,City of Albion Precinct 3,Prosecuting Attorney,,REP,David Gilbert,62
Calhoun,City of Albion Precinct 3,Prosecuting Attorney,,REP,Write-In,0
Calhoun,City of Albion Precinct 3,Registered Voters,,,,1127
Calhoun,City of Albion Precinct 3,Senior Millage Renewal Proposal,,,No,42
Calhoun,City of Albion Precinct 3,Senior Millage Renewal Proposal,,,Yes,224
Calhoun,City of Albion Precinct 3,Sheriff,,DEM,Brad Palmer,199
Calhoun,City of Albion Precinct 3,Sheriff,,DEM,Write-In,0
Calhoun,City of Albion Precinct 3,Sheriff,,REP,Steve Hinkley,64
Calhoun,City of Albion Precinct 3,Sheriff,,REP,Write-In,0
Calhoun,City of Albion Precinct 3,State House,62,DEM,Jim Haadsma,207
Calhoun,City of Albion Precinct 3,State House,62,DEM,Write-In,0
Calhoun,City of Albion Precinct 3,State House,62,REP,Chad Baase,2
Calhoun,City of Albion Precinct 3,State House,62,REP,Dave Morgan,36
Calhoun,City of Albion Precinct 3,State House,62,REP,Michelle Gregoire,25
Calhoun,City of Albion Precinct 3,State House,62,REP,Write-In,0
Calhoun,City of Albion Precinct 3,Treasurer,,DEM,Michael Evans,202
Calhoun,City of Albion Precinct 3,Treasurer,,DEM,Write-In,0
Calhoun,City of Albion Precinct 3,Treasurer,,REP,Brian W. Wensauer,57
Calhoun,City of Albion Precinct 3,Treasurer,,REP,Write-In,0
Calhoun,City of Albion Precinct 3,U.S. House,3,DEM,Hillary Scholten,205
Calhoun,City of Albion Precinct 3,U.S. House,3,DEM,Write-In,0
Calhoun,City of Albion Precinct 3,U.S. House,3,REP,Emily Rafi,5
Calhoun,City of Albion Precinct 3,U.S. House,3,REP,Joe Farrington,3
Calhoun,City of Albion Precinct 3,U.S. House,3,REP,Lynn Afendoulis,17
Calhoun,City of Albion Precinct 3,U.S. House,3,REP,Peter Meijer,27
Calhoun,City of Albion Precinct 3,U.S. House,3,REP,Thomas J. Norton,10
Calhoun,City of Albion Precinct 3,U.S. House,3,REP,Write-In,0
Calhoun,City of Albion Precinct 3,U.S. Senate,,DEM,Gary Peters,202
Calhoun,City of Albion Precinct 3,U.S. Senate,,DEM,Write-In,1
Calhoun,City of Albion Precinct 3,U.S. Senate,,REP,John James,58
Calhoun,City of Albion Precinct 3,U.S. Senate,,REP,Write-In,0
Calhoun,City of Albion Precinct 3,Water Resources Commissioner,,DEM,Wayne Kukuk,202
Calhoun,City of Albion Precinct 3,Water Resources Commissioner,,DEM,Write-In,0
Calhoun,City of Albion Precinct 3,Water Resources Commissioner,,REP,Johnny Cash,28
Calhoun,City of Albion Precinct 3,Water Resources Commissioner,,REP,Ron Smith,28
Calhoun,City of Albion Precinct 3,Water Resources Commissioner,,REP,Write-In,1
Calhoun,City of Albion Precinct 4,Albion City Precinct 4 Delegate,,DEM,Write-In,28
Calhoun,City of Albion Precinct 4,Albion City Precinct 4 Delegate,,REP,Write-In,13
Calhoun,City of Albion Precinct 4,Ballots Cast,,,,140
Calhoun,City of Albion Precinct 4,City of Albion Street Millage Renewal Proposal,,,No,32
Calhoun,City of Albion Precinct 4,City of Albion Street Millage Renewal Proposal,,,Yes,101
Calhoun,City of Albion Precinct 4,Clerk/Register of Deeds,,DEM,Andy Helmboldt,81
Calhoun,City of Albion Precinct 4,Clerk/Register of Deeds,,DEM,Write-In,1
Calhoun,City of Albion Precinct 4,Clerk/Register of Deeds,,REP,Kimberly A. Hinkley,48
Calhoun,City of Albion Precinct 4,Clerk/Register of Deeds,,REP,Write-In,0
Calhoun,City of Albion Precinct 4,Commissioner 7th District,,DEM,Marcy Sacks,81
Calhoun,City of Albion Precinct 4,Commissioner 7th District,,DEM,Write-In,1
Calhoun,City of Albion Precinct 4,Commissioner 7th District,,REP,Gary Tompkins,49
Calhoun,City of Albion Precinct 4,Commissioner 7th District,,REP,Write-In,0
Calhoun,City of Albion Precinct 4,Parks Millage Proposal,,,No,50
Calhoun,City of Albion Precinct 4,Parks Millage Proposal,,,Yes,82
Calhoun,City of Albion Precinct 4,Prosecuting Attorney,,DEM,Christopher B. Vreeland,80
Calhoun,City of Albion Precinct 4,Prosecuting Attorney,,DEM,Write-In,1
Calhoun,City of Albion Precinct 4,Prosecuting Attorney,,REP,David Gilbert,48
Calhoun,City of Albion Precinct 4,Prosecuting Attorney,,REP,Write-In,0
Calhoun,City of Albion Precinct 4,Registered Voters,,,,734
Calhoun,City of Albion Precinct 4,Senior Millage Renewal Proposal,,,No,11
Calhoun,City of Albion Precinct 4,Senior Millage Renewal Proposal,,,Yes,122
Calhoun,City of Albion Precinct 4,Sheriff,,DEM,Brad Palmer,80
Calhoun,City of Albion Precinct 4,Sheriff,,DEM,Write-In,2
Calhoun,City of Albion Precinct 4,Sheriff,,REP,Steve Hinkley,48
Calhoun,City of Albion Precinct 4,Sheriff,,REP,Write-In,0
Calhoun,City of Albion Precinct 4,State House,62,DEM,Jim Haadsma,82
Calhoun,City of Albion Precinct 4,State House,62,DEM,Write-In,1
Calhoun,City of Albion Precinct 4,State House,62,REP,Chad Baase,9
Calhoun,City of Albion Precinct 4,State House,62,REP,Dave Morgan,32
Calhoun,City of Albion Precinct 4,State House,62,REP,Michelle Gregoire,10
Calhoun,City of Albion Precinct 4,State House,62,REP,Write-In,0
Calhoun,City of Albion Precinct 4,Treasurer,,DEM,Michael Evans,80
Calhoun,City of Albion Precinct 4,Treasurer,,DEM,Write-In,2
Calhoun,City of Albion Precinct 4,Treasurer,,REP,Brian W. Wensauer,47
Calhoun,City of Albion Precinct 4,Treasurer,,REP,Write-In,0
Calhoun,City of Albion Precinct 4,U.S. House,3,DEM,Hillary Scholten,79
Calhoun,City of Albion Precinct 4,U.S. House,3,DEM,Write-In,1
Calhoun,City of Albion Precinct 4,U.S. House,3,REP,Emily Rafi,3
Calhoun,City of Albion Precinct 4,U.S. House,3,REP,Joe Farrington,1
Calhoun,City of Albion Precinct 4,U.S. House,3,REP,Lynn Afendoulis,11
Calhoun,City of Albion Precinct 4,U.S. House,3,REP,Peter Meijer,24
Calhoun,City of Albion Precinct 4,U.S. House,3,REP,Thomas J. Norton,12
Calhoun,City of Albion Precinct 4,U.S. House,3,REP,Write-In,1
Calhoun,City of Albion Precinct 4,U.S. Senate,,DEM,Gary Peters,84
Calhoun,City of Albion Precinct 4,U.S. Senate,,DEM,Write-In,0
Calhoun,City of Albion Precinct 4,U.S. Senate,,REP,John James,48
Calhoun,City of Albion Precinct 4,U.S. Senate,,REP,Write-In,1
Calhoun,City of Albion Precinct 4,Water Resources Commissioner,,DEM,Wayne Kukuk,82
Calhoun,City of Albion Precinct 4,Water Resources Commissioner,,DEM,Write-In,0
Calhoun,City of Albion Precinct 4,Water Resources Commissioner,,REP,Johnny Cash,18
Calhoun,City of Albion Precinct 4,Water Resources Commissioner,,REP,Ron Smith,32
Calhoun,City of Albion Precinct 4,Water Resources Commissioner,,REP,Write-In,0
Calhoun,City of Albion Precinct 5,Albion City Precinct 5 Delegate,,DEM,Write-In,46
Calhoun,City of Albion Precinct 5,Albion City Precinct 5 Delegate,,REP,Write-In,19
Calhoun,City of Albion Precinct 5,Ballots Cast,,,,318
Calhoun,City of Albion Precinct 5,City of Albion Street Millage Renewal Proposal,,,No,65
Calhoun,City of Albion Precinct 5,City of Albion Street Millage Renewal Proposal,,,Yes,235
Calhoun,City of Albion Precinct 5,Clerk/Register of Deeds,,DEM,Andy Helmboldt,191
Calhoun,City of Albion Precinct 5,Clerk/Register of Deeds,,DEM,Write-In,1
Calhoun,City of Albion Precinct 5,Clerk/Register of Deeds,,REP,Kimberly A. Hinkley,88
Calhoun,City of Albion Precinct 5,Clerk/Register of Deeds,,REP,Write-In,0
Calhoun,City of Albion Precinct 5,Commissioner 7th District,,DEM,Marcy Sacks,187
Calhoun,City of Albion Precinct 5,Commissioner 7th District,,DEM,Write-In,1
Calhoun,City of Albion Precinct 5,Commissioner 7th District,,REP,Gary Tompkins,86
Calhoun,City of Albion Precinct 5,Commissioner 7th District,,REP,Write-In,1
Calhoun,City of Albion Precinct 5,Parks Millage Proposal,,,No,113
Calhoun,City of Albion Precinct 5,Parks Millage Proposal,,,Yes,182
Calhoun,City of Albion Precinct 5,Prosecuting Attorney,,DEM,Christopher B. Vreeland,190
Calhoun,City of Albion Precinct 5,Prosecuting Attorney,,DEM,Write-In,1
Calhoun,City of Albion Precinct 5,Prosecuting Attorney,,REP,David Gilbert,86
Calhoun,City of Albion Precinct 5,Prosecuting Attorney,,REP,Write-In,0
Calhoun,City of Albion Precinct 5,Registered Voters,,,,1101
Calhoun,City of Albion Precinct 5,Senior Millage Renewal Proposal,,,No,36
Calhoun,City of Albion Precinct 5,Senior Millage Renewal Proposal,,,Yes,261
Calhoun,City of Albion Precinct 5,Sheriff,,DEM,Brad Palmer,193
Calhoun,City of Albion Precinct 5,Sheriff,,DEM,Write-In,1
Calhoun,City of Albion Precinct 5,Sheriff,,REP,Steve Hinkley,89
Calhoun,City of Albion Precinct 5,Sheriff,,REP,Write-In,1
Calhoun,City of Albion Precinct 5,State House,62,DEM,Jim Haadsma,196
Calhoun,City of Albion Precinct 5,State House,62,DEM,Write-In,1
Calhoun,City of Albion Precinct 5,State House,62,REP,Chad Baase,13
Calhoun,City of Albion Precinct 5,State House,62,REP,Dave Morgan,48
Calhoun,City of Albion Precinct 5,State House,62,REP,Michelle Gregoire,30
Calhoun,City of Albion Precinct 5,State House,62,REP,Write-In,1
Calhoun,City of Albion Precinct 5,Treasurer,,DEM,Michael Evans,187
Calhoun,City of Albion Precinct 5,Treasurer,,DEM,Write-In,1
Calhoun,City of Albion Precinct 5,Treasurer,,REP,Brian W. Wensauer,83
Calhoun,City of Albion Precinct 5,Treasurer,,REP,Write-In,0
Calhoun,City of Albion Precinct 5,U.S. House,3,DEM,Hillary Scholten,194
Calhoun,City of Albion Precinct 5,U.S. House,3,DEM,Write-In,0
Calhoun,City of Albion Precinct 5,U.S. House,3,REP,Emily Rafi,11
Calhoun,City of Albion Precinct 5,U.S. House,3,REP,Joe Farrington,7
Calhoun,City of Albion Precinct 5,U.S. House,3,REP,Lynn Afendoulis,21
Calhoun,City of Albion Precinct 5,U.S. House,3,REP,Peter Meijer,41
Calhoun,City of Albion Precinct 5,U.S. House,3,REP,Thomas J. Norton,9
Calhoun,City of Albion Precinct 5,U.S. House,3,REP,Write-In,1
Calhoun,City of Albion Precinct 5,U.S. Senate,,DEM,Gary Peters,197
Calhoun,City of Albion Precinct 5,U.S. Senate,,DEM,Write-In,0
Calhoun,City of Albion Precinct 5,U.S. Senate,,REP,John James,88
Calhoun,City of Albion Precinct 5,U.S. Senate,,REP,Write-In,0
Calhoun,City of Albion Precinct 5,Water Resources Commissioner,,DEM,Wayne Kukuk,189
Calhoun,City of Albion Precinct 5,Water Resources Commissioner,,DEM,Write-In,1
Calhoun,City of Albion Precinct 5,Water Resources Commissioner,,REP,Johnny Cash,47
Calhoun,City of Albion Precinct 5,Water Resources Commissioner,,REP,Ron Smith,42
Calhoun,City of Albion Precinct 5,Water Resources Commissioner,,REP,Write-In,0
Calhoun,City of Albion Precinct 6,Albion City Precinct 6 Delegate,,DEM,Write-In,22
Calhoun,City of Albion Precinct 6,Albion City Precinct 6 Delegate,,REP,Write-In,17
Calhoun,City of Albion Precinct 6,Ballots Cast,,,,181
Calhoun,City of Albion Precinct 6,City of Albion Street Millage Renewal Proposal,,,No,16
Calhoun,City of Albion Precinct 6,City of Albion Street Millage Renewal Proposal,,,Yes,152
Calhoun,City of Albion Precinct 6,Clerk/Register of Deeds,,DEM,Andy Helmboldt,112
Calhoun,City of Albion Precinct 6,Clerk/Register of Deeds,,DEM,Write-In,0
Calhoun,City of Albion Precinct 6,Clerk/Register of Deeds,,REP,Kimberly A. Hinkley,40
Calhoun,City of Albion Precinct 6,Clerk/Register of Deeds,,REP,Write-In,0
Calhoun,City of Albion Precinct 6,Commissioner 7th District,,DEM,Marcy Sacks,112
Calhoun,City of Albion Precinct 6,Commissioner 7th District,,DEM,Write-In,0
Calhoun,City of Albion Precinct 6,Commissioner 7th District,,REP,Gary Tompkins,45
Calhoun,City of Albion Precinct 6,Commissioner 7th District,,REP,Write-In,1
Calhoun,City of Albion Precinct 6,Parks Millage Proposal,,,No,30
Calhoun,City of Albion Precinct 6,Parks Millage Proposal,,,Yes,137
Calhoun,City of Albion Precinct 6,Prosecuting Attorney,,DEM,Christopher B. Vreeland,115
Calhoun,City of Albion Precinct 6,Prosecuting Attorney,,DEM,Write-In,1
Calhoun,City of Albion Precinct 6,Prosecuting Attorney,,REP,David Gilbert,41
Calhoun,City of Albion Precinct 6,Prosecuting Attorney,,REP,Write-In,0
Calhoun,City of Albion Precinct 6,Registered Voters,,,,497
Calhoun,City of Albion Precinct 6,Senior Millage Renewal Proposal,,,No,9
Calhoun,City of Albion Precinct 6,Senior Millage Renewal Proposal,,,Yes,160
Calhoun,City of Albion Precinct 6,Sheriff,,DEM,Brad Palmer,113
Calhoun,City of Albion Precinct 6,Sheriff,,DEM,Write-In,0
Calhoun,City of Albion Precinct 6,Sheriff,,REP,Steve Hinkley,40
Calhoun,City of Albion Precinct 6,Sheriff,,REP,Write-In,0
Calhoun,City of Albion Precinct 6,State House,62,DEM,Jim Haadsma,115
Calhoun,City of Albion Precinct 6,State House,62,DEM,Write-In,0
Calhoun,City of Albion Precinct 6,State House,62,REP,Chad Baase,4
Calhoun,City of Albion Precinct 6,State House,62,REP,Dave Morgan,30
Calhoun,City of Albion Precinct 6,State House,62,REP,Michelle Gregoire,12
Calhoun,City of Albion Precinct 6,State House,62,REP,Write-In,0
Calhoun,City of Albion Precinct 6,Treasurer,,DEM,Michael Evans,109
Calhoun,City of Albion Precinct 6,Treasurer,,DEM,Write-In,0
Calhoun,City of Albion Precinct 6,Treasurer,,REP,Brian W. Wensauer,36
Calhoun,City of Albion Precinct 6,Treasurer,,REP,Write-In,1
Calhoun,City of Albion Precinct 6,U.S. House,3,DEM,Hillary Scholten,113
Calhoun,City of Albion Precinct 6,U.S. House,3,DEM,Write-In,0
Calhoun,City of Albion Precinct 6,U.S. House,3,REP,Emily Rafi,4
Calhoun,City of Albion Precinct 6,U.S. House,3,REP,Joe Farrington,5
Calhoun,City of Albion Precinct 6,U.S. House,3,REP,Lynn Afendoulis,12
Calhoun,City of Albion Precinct 6,U.S. House,3,REP,Peter Meijer,19
Calhoun,City of Albion Precinct 6,U.S. House,3,REP,Thomas J. Norton,6
Calhoun,City of Albion Precinct 6,U.S. House,3,REP,Write-In,0
Calhoun,City of Albion Precinct 6,U.S. Senate,,DEM,Gary Peters,119
Calhoun,City of Albion Precinct 6,U.S. Senate,,DEM,Write-In,0
Calhoun,City of Albion Precinct 6,U.S. Senate,,REP,John James,40
Calhoun,City of Albion Precinct 6,U.S. Senate,,REP,Write-In,2
Calhoun,City of Albion Precinct 6,Water Resources Commissioner,,DEM,Wayne Kukuk,110
Calhoun,City of Albion Precinct 6,Water Resources Commissioner,,DEM,Write-In,0
Calhoun,City of Albion Precinct 6,Water Resources Commissioner,,REP,Johnny Cash,23
Calhoun,City of Albion Precinct 6,Water Resources Commissioner,,REP,Ron Smith,14
Calhoun,City of Albion Precinct 6,Water Resources Commissioner,,REP,Write-In,1
Calhoun,City of Battle Creek Precinct 1,Ballots Cast,,,,190
Calhoun,City of Battle Creek Precinct 1,Battle Creek City Precinct 1 Delegate,,DEM,Write-In,42
Calhoun,City of Battle Creek Precinct 1,Battle Creek City Precinct 1 Delegate,,REP,Write-In,19
Calhoun,City of Battle Creek Precinct 1,Clerk/Register of Deeds,,DEM,Andy Helmboldt,99
Calhoun,City of Battle Creek Precinct 1,Clerk/Register of Deeds,,DEM,Write-In,1
Calhoun,City of Battle Creek Precinct 1,Clerk/Register of Deeds,,REP,Kimberly A. Hinkley,63
Calhoun,City of Battle Creek Precinct 1,Clerk/Register of Deeds,,REP,Write-In,0
Calhoun,City of Battle Creek Precinct 1,Commissioner 3rd District,,DEM,Jake W. Smith,100
Calhoun,City of Battle Creek Precinct 1,Commissioner 3rd District,,DEM,Write-In,1
Calhoun,City of Battle Creek Precinct 1,Commissioner 3rd District,,REP,Hermann Spranger,62
Calhoun,City of Battle Creek Precinct 1,Commissioner 3rd District,,REP,Write-In,0
Calhoun,City of Battle Creek Precinct 1,Parks Millage Proposal,,,No,48
Calhoun,City of Battle Creek Precinct 1,Parks Millage Proposal,,,Yes,115
Calhoun,City of Battle Creek Precinct 1,Prosecuting Attorney,,DEM,Christopher B. Vreeland,100
Calhoun,City of Battle Creek Precinct 1,Prosecuting Attorney,,DEM,Write-In,1
Calhoun,City of Battle Creek Precinct 1,Prosecuting Attorney,,REP,David Gilbert,64
Calhoun,City of Battle Creek Precinct 1,Prosecuting Attorney,,REP,Write-In,0
Calhoun,City of Battle Creek Precinct 1,Registered Voters,,,,1632
Calhoun,City of Battle Creek Precinct 1,Senior Millage Renewal Proposal,,,No,18
Calhoun,City of Battle Creek Precinct 1,Senior Millage Renewal Proposal,,,Yes,147
Calhoun,City of Battle Creek Precinct 1,Sheriff,,DEM,Brad Palmer,98
Calhoun,City of Battle Creek Precinct 1,Sheriff,,DEM,Write-In,1
Calhoun,City of Battle Creek Precinct 1,Sheriff,,REP,Steve Hinkley,65
Calhoun,City of Battle Creek Precinct 1,Sheriff,,REP,Write-In,0
Calhoun,City of Battle Creek Precinct 1,State House,62,DEM,Jim Haadsma,102
Calhoun,City of Battle Creek Precinct 1,State House,62,DEM,Write-In,0
Calhoun,City of Battle Creek Precinct 1,State House,62,REP,Chad Baase,10
Calhoun,City of Battle Creek Precinct 1,State House,62,REP,Dave Morgan,37
Calhoun,City of Battle Creek Precinct 1,State House,62,REP,Michelle Gregoire,21
Calhoun,City of Battle Creek Precinct 1,State House,62,REP,Write-In,0
Calhoun,City of Battle Creek Precinct 1,Treasurer,,DEM,Michael Evans,98
Calhoun,City of Battle Creek Precinct 1,Treasurer,,DEM,Write-In,1
Calhoun,City of Battle Creek Precinct 1,Treasurer,,REP,Brian W. Wensauer,64
Calhoun,City of Battle Creek Precinct 1,Treasurer,,REP,Write-In,0
Calhoun,City of Battle Creek Precinct 1,U.S. House,3,DEM,Hillary Scholten,101
Calhoun,City of Battle Creek Precinct 1,U.S. House,3,DEM,Write-In,1
Calhoun,City of Battle Creek Precinct 1,U.S. House,3,REP,Emily Rafi,10
Calhoun,City of Battle Creek Precinct 1,U.S. House,3,REP,Joe Farrington,8
Calhoun,City of Battle Creek Precinct 1,U.S. House,3,REP,Lynn Afendoulis,9
Calhoun,City of Battle Creek Precinct 1,U.S. House,3,REP,Peter Meijer,34
Calhoun,City of Battle Creek Precinct 1,U.S. House,3,REP,Thomas J. Norton,8
Calhoun,City of Battle Creek Precinct 1,U.S. House,3,REP,Write-In,0
Calhoun,City of Battle Creek Precinct 1,U.S. Senate,,DEM,Gary Peters,102
Calhoun,City of Battle Creek Precinct 1,U.S. Senate,,DEM,Write-In,1
Calhoun,City of Battle Creek Precinct 1,U.S. Senate,,REP,John James,66
Calhoun,City of Battle Creek Precinct 1,U.S. Senate,,REP,Write-In,0
Calhoun,City of Battle Creek Precinct 1,Water Resources Commissioner,,DEM,Wayne Kukuk,98
Calhoun,City of Battle Creek Precinct 1,Water Resources Commissioner,,DEM,Write-In,1
Calhoun,City of Battle Creek Precinct 1,Water Resources Commissioner,,REP,Johnny Cash,34
Calhoun,City of Battle Creek Precinct 1,Water Resources Commissioner,,REP,Ron Smith,34
Calhoun,City of Battle Creek Precinct 1,Water Resources Commissioner,,REP,Write-In,0
Calhoun,City of Battle Creek Precinct 10,Ballots Cast,,,,568
Calhoun,City of Battle Creek Precinct 10,Battle Creek City Precinct 10 Delegate,,DEM,Write-In,81
Calhoun,City of Battle Creek Precinct 10,Battle Creek City Precinct 10 Delegate,,REP,Hal E. Longman,160
Calhoun,City of Battle Creek Precinct 10,Battle Creek City Precinct 10 Delegate,,REP,Write-In,0
Calhoun,City of Battle Creek Precinct 10,Clerk/Register of Deeds,,DEM,Andy Helmboldt,297
Calhoun,City of Battle Creek Precinct 10,Clerk/Register of Deeds,,DEM,Write-In,2
Calhoun,City of Battle Creek Precinct 10,Clerk/Register of Deeds,,REP,Kimberly A. Hinkley,204
Calhoun,City of Battle Creek Precinct 10,Clerk/Register of Deeds,,REP,Write-In,0
Calhoun,City of Battle Creek Precinct 10,Commissioner 2nd District,,DEM,Rochelle Hatcher,295
Calhoun,City of Battle Creek Precinct 10,Commissioner 2nd District,,DEM,Write-In,2
Calhoun,City of Battle Creek Precinct 10,Commissioner 2nd District,,REP,Patrick A. O'Donnell,202
Calhoun,City of Battle Creek Precinct 10,Commissioner 2nd District,,REP,Write-In,1
Calhoun,City of Battle Creek Precinct 10,Parks Millage Proposal,,,No,144
Calhoun,City of Battle Creek Precinct 10,Parks Millage Proposal,,,Yes,344
Calhoun,City of Battle Creek Precinct 10,Prosecuting Attorney,,DEM,Christopher B. Vreeland,298
Calhoun,City of Battle Creek Precinct 10,Prosecuting Attorney,,DEM,Write-In,1
Calhoun,City of Battle Creek Precinct 10,Prosecuting Attorney,,REP,David Gilbert,211
Calhoun,City of Battle Creek Precinct 10,Prosecuting Attorney,,REP,Write-In,1
Calhoun,City of Battle Creek Precinct 10,Registered Voters,,,,2595
Calhoun,City of Battle Creek Precinct 10,Senior Millage Renewal Proposal,,,No,60
Calhoun,City of Battle Creek Precinct 10,Senior Millage Renewal Proposal,,,Yes,433
Calhoun,City of Battle Creek Precinct 10,Sheriff,,DEM,Brad Palmer,293
Calhoun,City of Battle Creek Precinct 10,Sheriff,,DEM,Write-In,5
Calhoun,City of Battle Creek Precinct 10,Sheriff,,REP,Steve Hinkley,212
Calhoun,City of Battle Creek Precinct 10,Sheriff,,REP,Write-In,0
Calhoun,City of Battle Creek Precinct 10,State House,62,DEM,Jim Haadsma,301
Calhoun,City of Battle Creek Precinct 10,State House,62,DEM,Write-In,2
Calhoun,City of Battle Creek Precinct 10,State House,62,REP,Chad Baase,17
Calhoun,City of Battle Creek Precinct 10,State House,62,REP,Dave Morgan,146
Calhoun,City of Battle Creek Precinct 10,State House,62,REP,Michelle Gregoire,50
Calhoun,City of Battle Creek Precinct 10,State House,62,REP,Write-In,0
Calhoun,City of Battle Creek Precinct 10,Treasurer,,DEM,Michael Evans,297
Calhoun,City of Battle Creek Precinct 10,Treasurer,,DEM,Write-In,2
Calhoun,City of Battle Creek Precinct 10,Treasurer,,REP,Brian W. Wensauer,201
Calhoun,City of Battle Creek Precinct 10,Treasurer,,REP,Write-In,0
Calhoun,City of Battle Creek Precinct 10,U.S. House,3,DEM,Hillary Scholten,299
Calhoun,City of Battle Creek Precinct 10,U.S. House,3,DEM,Write-In,2
Calhoun,City of Battle Creek Precinct 10,U.S. House,3,REP,Emily Rafi,17
Calhoun,City of Battle Creek Precinct 10,U.S. House,3,REP,Joe Farrington,10
Calhoun,City of Battle Creek Precinct 10,U.S. House,3,REP,Lynn Afendoulis,62
Calhoun,City of Battle Creek Precinct 10,U.S. House,3,REP,Peter Meijer,93
Calhoun,City of Battle Creek Precinct 10,U.S. House,3,REP,Thomas J. Norton,35
Calhoun,City of Battle Creek Precinct 10,U.S. House,3,REP,Write-In,0
Calhoun,City of Battle Creek Precinct 10,U.S. Senate,,DEM,Gary Peters,303
Calhoun,City of Battle Creek Precinct 10,U.S. Senate,,DEM,Write-In,4
Calhoun,City of Battle Creek Precinct 10,U.S. Senate,,REP,John James,214
Calhoun,City of Battle Creek Precinct 10,U.S. Senate,,REP,Write-In,1
Calhoun,City of Battle Creek Precinct 10,Water Resources Commissioner,,DEM,Wayne Kukuk,294
Calhoun,City of Battle Creek Precinct 10,Water Resources Commissioner,,DEM,Write-In,2
Calhoun,City of Battle Creek Precinct 10,Water Resources Commissioner,,REP,Johnny Cash,86
Calhoun,City of Battle Creek Precinct 10,Water Resources Commissioner,,REP,Ron Smith,120
Calhoun,City of Battle Creek Precinct 10,Water Resources Commissioner,,REP,Write-In,0
Calhoun,City of Battle Creek Precinct 11,Ballots Cast,,,,471
Calhoun,City of Battle Creek Precinct 11,Battle Creek City Precinct 11 Delegate,,DEM,Emirrora Lafarro-Ralanda Austin (write-in),1
Calhoun,City of Battle Creek Precinct 11,Battle Creek City Precinct 11 Delegate,,DEM,Write-In,63
Calhoun,City of Battle Creek Precinct 11,Battle Creek City Precinct 11 Delegate,,REP,Write-In,17
Calhoun,City of Battle Creek Precinct 11,Clerk/Register of Deeds,,DEM,Andy Helmboldt,230
Calhoun,City of Battle Creek Precinct 11,Clerk/Register of Deeds,,DEM,Write-In,0
Calhoun,City of Battle Creek Precinct 11,Clerk/Register of Deeds,,REP,Kimberly A. Hinkley,197
Calhoun,City of Battle Creek Precinct 11,Clerk/Register of Deeds,,REP,Write-In,1
Calhoun,City of Battle Creek Precinct 11,Commissioner 1st District,,DEM,Cayley Winters,229
Calhoun,City of Battle Creek Precinct 11,Commissioner 1st District,,DEM,Write-In,2
Calhoun,City of Battle Creek Precinct 11,Commissioner 1st District,,REP,Kathy-Sue Vette,187
Calhoun,City of Battle Creek Precinct 11,Commissioner 1st District,,REP,Write-In,0
Calhoun,City of Battle Creek Precinct 11,Parks Millage Proposal,,,No,117
Calhoun,City of Battle Creek Precinct 11,Parks Millage Proposal,,,Yes,295
Calhoun,City of Battle Creek Precinct 11,Prosecuting Attorney,,DEM,Christopher B. Vreeland,231
Calhoun,City of Battle Creek Precinct 11,Prosecuting Attorney,,DEM,Write-In,0
Calhoun,City of Battle Creek Precinct 11,Prosecuting Attorney,,REP,David Gilbert,199
Calhoun,City of Battle Creek Precinct 11,Prosecuting Attorney,,REP,Write-In,0
Calhoun,City of Battle Creek Precinct 11,Registered Voters,,,,2864
Calhoun,City of Battle Creek Precinct 11,Senior Millage Renewal Proposal,,,No,57
Calhoun,City of Battle Creek Precinct 11,Senior Millage Renewal Proposal,,,Yes,356
Calhoun,City of Battle Creek Precinct 11,Sheriff,,DEM,Brad Palmer,228
Calhoun,City of Battle Creek Precinct 11,Sheriff,,DEM,Write-In,2
Calhoun,City of Battle Creek Precinct 11,Sheriff,,REP,Steve Hinkley,200
Calhoun,City of Battle Creek Precinct 11,Sheriff,,REP,Write-In,0
Calhoun,City of Battle Creek Precinct 11,State House,62,DEM,Jim Haadsma,234
Calhoun,City of Battle Creek Precinct 11,State House,62,DEM,Write-In,0
Calhoun,City of Battle Creek Precinct 11,State House,62,REP,Chad Baase,6
Calhoun,City of Battle Creek Precinct 11,State House,62,REP,Dave Morgan,150
Calhoun,City of Battle Creek Precinct 11,State House,62,REP,Michelle Gregoire,39
Calhoun,City of Battle Creek Precinct 11,State House,62,REP,Write-In,0
Calhoun,City of Battle Creek Precinct 11,Treasurer,,DEM,Michael Evans,229
Calhoun,City of Battle Creek Precinct 11,Treasurer,,DEM,Write-In,0
Calhoun,City of Battle Creek Precinct 11,Treasurer,,REP,Brian W. Wensauer,190
Calhoun,City of Battle Creek Precinct 11,Treasurer,,REP,Write-In,0
Calhoun,City of Battle Creek Precinct 11,U.S. House,3,DEM,Hillary Scholten,228
Calhoun,City of Battle Creek Precinct 11,U.S. House,3,DEM,Write-In,2
Calhoun,City of Battle Creek Precinct 11,U.S. House,3,REP,Emily Rafi,19
Calhoun,City of Battle Creek Precinct 11,U.S. House,3,REP,Joe Farrington,5
Calhoun,City of Battle Creek Precinct 11,U.S. House,3,REP,Lynn Afendoulis,38
Calhoun,City of Battle Creek Precinct 11,U.S. House,3,REP,Peter Meijer,95
Calhoun,City of Battle Creek Precinct 11,U.S. House,3,REP,Thomas J. Norton,49
Calhoun,City of Battle Creek Precinct 11,U.S. House,3,REP,Write-In,0
Calhoun,City of Battle Creek Precinct 11,U.S. Senate,,DEM,Gary Peters,233
Calhoun,City of Battle Creek Precinct 11,U.S. Senate,,DEM,Write-In,1
Calhoun,City of Battle Creek Precinct 11,U.S. Senate,,REP,John James,193
Calhoun,City of Battle Creek Precinct 11,U.S. Senate,,REP,Write-In,2
Calhoun,City of Battle Creek Precinct 11,Water Resources Commissioner,,DEM,Wayne Kukuk,229
Calhoun,City of Battle Creek Precinct 11,Water Resources Commissioner,,DEM,Write-In,1
Calhoun,City of Battle Creek Precinct 11,Water Resources Commissioner,,REP,Johnny Cash,109
Calhoun,City of Battle Creek Precinct 11,Water Resources Commissioner,,REP,Ron Smith,78
Calhoun,City of Battle Creek Precinct 11,Water Resources Commissioner,,REP,Write-In,0
Calhoun,City of Battle Creek Precinct 12,Ballots Cast,,,,218
Calhoun,City of Battle Creek Precinct 12,Battle Creek City Precinct 12 Delegate,,DEM,Patty Pointer,130
Calhoun,City of Battle Creek Precinct 12,Battle Creek City Precinct 12 Delegate,,DEM,Rochelle Hatcher,125
Calhoun,City of Battle Creek Precinct 12,Battle Creek City Precinct 12 Delegate,,DEM,William Hatcher,95
Calhoun,City of Battle Creek Precinct 12,Battle Creek City Precinct 12 Delegate,,DEM,Write-In,3
Calhoun,City of Battle Creek Precinct 12,Battle Creek City Precinct 12 Delegate,,REP,Write-In,4
Calhoun,City of Battle Creek Precinct 12,Clerk/Register of Deeds,,DEM,Andy Helmboldt,184
Calhoun,City of Battle Creek Precinct 12,Clerk/Register of Deeds,,DEM,Write-In,2
Calhoun,City of Battle Creek Precinct 12,Clerk/Register of Deeds,,REP,Kimberly A. Hinkley,17
Calhoun,City of Battle Creek Precinct 12,Clerk/Register of Deeds,,REP,Write-In,0
Calhoun,City of Battle Creek Precinct 12,Commissioner 2nd District,,DEM,Rochelle Hatcher,182
Calhoun,City of Battle Creek Precinct 12,Commissioner 2nd District,,DEM,Write-In,2
Calhoun,City of Battle Creek Precinct 12,Commissioner 2nd District,,REP,Patrick A. O'Donnell,16
Calhoun,City of Battle Creek Precinct 12,Commissioner 2nd District,,REP,Write-In,0
Calhoun,City of Battle Creek Precinct 12,Parks Millage Proposal,,,No,40
Calhoun,City of Battle Creek Precinct 12,Parks Millage Proposal,,,Yes,118
Calhoun,City of Battle Creek Precinct 12,Prosecuting Attorney,,DEM,Christopher B. Vreeland,181
Calhoun,City of Battle Creek Precinct 12,Prosecuting Attorney,,DEM,Write-In,4
Calhoun,City of Battle Creek Precinct 12,Prosecuting Attorney,,REP,David Gilbert,17
Calhoun,City of Battle Creek Precinct 12,Prosecuting Attorney,,REP,Write-In,0
Calhoun,City of Battle Creek Precinct 12,Registered Voters,,,,1727
Calhoun,City of Battle Creek Precinct 12,Senior Millage Renewal Proposal,,,No,17
Calhoun,City of Battle Creek Precinct 12,Senior Millage Renewal Proposal,,,Yes,145
Calhoun,City of Battle Creek Precinct 12,Sheriff,,DEM,Brad Palmer,179
Calhoun,City of Battle Creek Precinct 12,Sheriff,,DEM,Write-In,4
Calhoun,City of Battle Creek Precinct 12,Sheriff,,REP,Steve Hinkley,19
Calhoun,City of Battle Creek Precinct 12,Sheriff,,REP,Write-In,0
Calhoun,City of Battle Creek Precinct 12,State House,62,DEM,Jim Haadsma,186
Calhoun,City of Battle Creek Precinct 12,State House,62,DEM,Write-In,1
Calhoun,City of Battle Creek Precinct 12,State House,62,REP,Chad Baase,1
Calhoun,City of Battle Creek Precinct 12,State House,62,REP,Dave Morgan,10
Calhoun,City of Battle Creek Precinct 12,State House,62,REP,Michelle Gregoire,5
Calhoun,City of Battle Creek Precinct 12,State House,62,REP,Write-In,0
Calhoun,City of Battle Creek Precinct 12,Treasurer,,DEM,Michael Evans,186
Calhoun,City of Battle Creek Precinct 12,Treasurer,,DEM,Write-In,1
Calhoun,City of Battle Creek Precinct 12,Treasurer,,REP,Brian W. Wensauer,17
Calhoun,City of Battle Creek Precinct 12,Treasurer,,REP,Write-In,0
Calhoun,City of Battle Creek Precinct 12,U.S. House,3,DEM,Hillary Scholten,183
Calhoun,City of Battle Creek Precinct 12,U.S. House,3,DEM,Write-In,2
Calhoun,City of Battle Creek Precinct 12,U.S. House,3,REP,Emily Rafi,1
Calhoun,City of Battle Creek Precinct 12,U.S. House,3,REP,Joe Farrington,0
Calhoun,City of Battle Creek Precinct 12,U.S. House,3,REP,Lynn Afendoulis,4
Calhoun,City of Battle Creek Precinct 12,U.S. House,3,REP,Peter Meijer,7
Calhoun,City of Battle Creek Precinct 12,U.S. House,3,REP,Thomas J. Norton,5
Calhoun,City of Battle Creek Precinct 12,U.S. House,3,REP,Write-In,0
Calhoun,City of Battle Creek Precinct 12,U.S. Senate,,DEM,Gary Peters,185
Calhoun,City of Battle Creek Precinct 12,U.S. Senate,,DEM,Write-In,2
Calhoun,City of Battle Creek Precinct 12,U.S. Senate,,REP,John James,19
Calhoun,City of Battle Creek Precinct 12,U.S. Senate,,REP,Write-In,0
Calhoun,City of Battle Creek Precinct 12,Water Resources Commissioner,,DEM,Wayne Kukuk,182
Calhoun,City of Battle Creek Precinct 12,Water Resources Commissioner,,DEM,Write-In,3
Calhoun,City of Battle Creek Precinct 12,Water Resources Commissioner,,REP,Johnny Cash,11
Calhoun,City of Battle Creek Precinct 12,Water Resources Commissioner,,REP,Ron Smith,6
Calhoun,City of Battle Creek Precinct 12,Water Resources Commissioner,,REP,Write-In,0
Calhoun,City of Battle Creek Precinct 13,Ballots Cast,,,,213
Calhoun,City of Battle Creek Precinct 13,Battle Creek City Precinct 13 Delegate,,DEM,Claire Fingas,101
Calhoun,City of Battle Creek Precinct 13,Battle Creek City Precinct 13 Delegate,,DEM,Write-In,8
Calhoun,City of Battle Creek Precinct 13,Battle Creek City Precinct 13 Delegate,,REP,Joel E. Fulton,57
Calhoun,City of Battle Creek Precinct 13,Battle Creek City Precinct 13 Delegate,,REP,Write-In,0
Calhoun,City of Battle Creek Precinct 13,Clerk/Register of Deeds,,DEM,Andy Helmboldt,117
Calhoun,City of Battle Creek Precinct 13,Clerk/Register of Deeds,,DEM,Write-In,3
Calhoun,City of Battle Creek Precinct 13,Clerk/Register of Deeds,,REP,Kimberly A. Hinkley,68
Calhoun,City of Battle Creek Precinct 13,Clerk/Register of Deeds,,REP,Write-In,0
Calhoun,City of Battle Creek Precinct 13,Commissioner 2nd District,,DEM,Rochelle Hatcher,117
Calhoun,City of Battle Creek Precinct 13,Commissioner 2nd District,,DEM,Write-In,2
Calhoun,City of Battle Creek Precinct 13,Commissioner 2nd District,,REP,Patrick A. O'Donnell,66
Calhoun,City of Battle Creek Precinct 13,Commissioner 2nd District,,REP,Write-In,0
Calhoun,City of Battle Creek Precinct 13,Parks Millage Proposal,,,No,49
Calhoun,City of Battle Creek Precinct 13,Parks Millage Proposal,,,Yes,123
Calhoun,City of Battle Creek Precinct 13,Prosecuting Attorney,,DEM,Christopher B. Vreeland,115
Calhoun,City of Battle Creek Precinct 13,Prosecuting Attorney,,DEM,Write-In,3
Calhoun,City of Battle Creek Precinct 13,Prosecuting Attorney,,REP,David Gilbert,69
Calhoun,City of Battle Creek Precinct 13,Prosecuting Attorney,,REP,Write-In,0
Calhoun,City of Battle Creek Precinct 13,Registered Voters,,,,1805
Calhoun,City of Battle Creek Precinct 13,Senior Millage Renewal Proposal,,,No,24
Calhoun,City of Battle Creek Precinct 13,Senior Millage Renewal Proposal,,,Yes,150
Calhoun,City of Battle Creek Precinct 13,Sheriff,,DEM,Brad Palmer,115
Calhoun,City of Battle Creek Precinct 13,Sheriff,,DEM,Write-In,3
Calhoun,City of Battle Creek Precinct 13,Sheriff,,REP,Steve Hinkley,69
Calhoun,City of Battle Creek Precinct 13,Sheriff,,REP,Write-In,0
Calhoun,City of Battle Creek Precinct 13,State House,62,DEM,Jim Haadsma,122
Calhoun,City of Battle Creek Precinct 13,State House,62,DEM,Write-In,1
Calhoun,City of Battle Creek Precinct 13,State House,62,REP,Chad Baase,8
Calhoun,City of Battle Creek Precinct 13,State House,62,REP,Dave Morgan,46
Calhoun,City of Battle Creek Precinct 13,State House,62,REP,Michelle Gregoire,20
Calhoun,City of Battle Creek Precinct 13,State House,62,REP,Write-In,0
Calhoun,City of Battle Creek Precinct 13,Treasurer,,DEM,Michael Evans,116
Calhoun,City of Battle Creek Precinct 13,Treasurer,,DEM,Write-In,3
Calhoun,City of Battle Creek Precinct 13,Treasurer,,REP,Brian W. Wensauer,69
Calhoun,City of Battle Creek Precinct 13,Treasurer,,REP,Write-In,0
Calhoun,City of Battle Creek Precinct 13,U.S. House,3,DEM,Hillary Scholten,119
Calhoun,City of Battle Creek Precinct 13,U.S. House,3,DEM,Write-In,3
Calhoun,City of Battle Creek Precinct 13,U.S. House,3,REP,Emily Rafi,10
Calhoun,City of Battle Creek Precinct 13,U.S. House,3,REP,Joe Farrington,7
Calhoun,City of Battle Creek Precinct 13,U.S. House,3,REP,Lynn Afendoulis,14
Calhoun,City of Battle Creek Precinct 13,U.S. House,3,REP,Peter Meijer,25
Calhoun,City of Battle Creek Precinct 13,U.S. House,3,REP,Thomas J. Norton,17
Calhoun,City of Battle Creek Precinct 13,U.S. House,3,REP,Write-In,0
Calhoun,City of Battle Creek Precinct 13,U.S. Senate,,DEM,Gary Peters,121
Calhoun,City of Battle Creek Precinct 13,U.S. Senate,,DEM,Write-In,2
Calhoun,City of Battle Creek Precinct 13,U.S. Senate,,REP,John James,72
Calhoun,City of Battle Creek Precinct 13,U.S. Senate,,REP,Write-In,0
Calhoun,City of Battle Creek Precinct 13,Water Resources Commissioner,,DEM,Wayne Kukuk,115
Calhoun,City of Battle Creek Precinct 13,Water Resources Commissioner,,DEM,Write-In,3
Calhoun,City of Battle Creek Precinct 13,Water Resources Commissioner,,REP,Johnny Cash,46
Calhoun,City of Battle Creek Precinct 13,Water Resources Commissioner,,REP,Ron Smith,25
Calhoun,City of Battle Creek Precinct 13,Water Resources Commissioner,,REP,Write-In,0
Calhoun,City of Battle Creek Precinct 15,Ballots Cast,,,,642
Calhoun,City of Battle Creek Precinct 15,Battle Creek City Precinct 15 Delegate,,DEM,Carla C. Reynolds,278
Calhoun,City of Battle Creek Precinct 15,Battle Creek City Precinct 15 Delegate,,DEM,Claire M. Ott,266
Calhoun,City of Battle Creek Precinct 15,Battle Creek City Precinct 15 Delegate,,DEM,Write-In,3
Calhoun,City of Battle Creek Precinct 15,Battle Creek City Precinct 15 Delegate,,REP,John F. Lindsay,180
Calhoun,City of Battle Creek Precinct 15,Battle Creek City Precinct 15 Delegate,,REP,Write-In,5
Calhoun,City of Battle Creek Precinct 15,Clerk/Register of Deeds,,DEM,Andy Helmboldt,363
Calhoun,City of Battle Creek Precinct 15,Clerk/Register of Deeds,,DEM,Write-In,1
Calhoun,City of Battle Creek Precinct 15,Clerk/Register of Deeds,,REP,Kimberly A. Hinkley,194
Calhoun,City of Battle Creek Precinct 15,Clerk/Register of Deeds,,REP,Write-In,0
Calhoun,City of Battle Creek Precinct 15,Commissioner 2nd District,,DEM,Rochelle Hatcher,351
Calhoun,City of Battle Creek Precinct 15,Commissioner 2nd District,,DEM,Write-In,1
Calhoun,City of Battle Creek Precinct 15,Commissioner 2nd District,,REP,Patrick A. O'Donnell,187
Calhoun,City of Battle Creek Precinct 15,Commissioner 2nd District,,REP,Write-In,1
Calhoun,City of Battle Creek Precinct 15,Parks Millage Proposal,,,No,141
Calhoun,City of Battle Creek Precinct 15,Parks Millage Proposal,,,Yes,403
Calhoun,City of Battle Creek Precinct 15,Prosecuting Attorney,,DEM,Christopher B. Vreeland,356
Calhoun,City of Battle Creek Precinct 15,Prosecuting Attorney,,DEM,Write-In,0
Calhoun,City of Battle Creek Precinct 15,Prosecuting Attorney,,REP,David Gilbert,203
Calhoun,City of Battle Creek Precinct 15,Prosecuting Attorney,,REP,Write-In,1
Calhoun,City of Battle Creek Precinct 15,Registered Voters,,,,2084
Calhoun,City of Battle Creek Precinct 15,Senior Millage Renewal Proposal,,,No,48
Calhoun,City of Battle Creek Precinct 15,Senior Millage Renewal Proposal,,,Yes,500
Calhoun,City of Battle Creek Precinct 15,Sheriff,,DEM,Brad Palmer,346
Calhoun,City of Battle Creek Precinct 15,Sheriff,,DEM,Write-In,0
Calhoun,City of Battle Creek Precinct 15,Sheriff,,REP,Steve Hinkley,201
Calhoun,City of Battle Creek Precinct 15,Sheriff,,REP,Write-In,1
Calhoun,City of Battle Creek Precinct 15,State House,62,DEM,Jim Haadsma,373
Calhoun,City of Battle Creek Precinct 15,State House,62,DEM,Write-In,1
Calhoun,City of Battle Creek Precinct 15,State House,62,REP,Chad Baase,7
Calhoun,City of Battle Creek Precinct 15,State House,62,REP,Dave Morgan,154
Calhoun,City of Battle Creek Precinct 15,State House,62,REP,Michelle Gregoire,41
Calhoun,City of Battle Creek Precinct 15,State House,62,REP,Write-In,1
Calhoun,City of Battle Creek Precinct 15,Treasurer,,DEM,Michael Evans,349
Calhoun,City of Battle Creek Precinct 15,Treasurer,,DEM,Write-In,1
Calhoun,City of Battle Creek Precinct 15,Treasurer,,REP,Brian W. Wensauer,192
Calhoun,City of Battle Creek Precinct 15,Treasurer,,REP,Write-In,1
Calhoun,City of Battle Creek Precinct 15,U.S. House,3,DEM,Hillary Scholten,361
Calhoun,City of Battle Creek Precinct 15,U.S. House,3,DEM,Write-In,2
Calhoun,City of Battle Creek Precinct 15,U.S. House,3,REP,Emily Rafi,23
Calhoun,City of Battle Creek Precinct 15,U.S. House,3,REP,Joe Farrington,7
Calhoun,City of Battle Creek Precinct 15,U.S. House,3,REP,Lynn Afendoulis,36
Calhoun,City of Battle Creek Precinct 15,U.S. House,3,REP,Peter Meijer,109
Calhoun,City of Battle Creek Precinct 15,U.S. House,3,REP,Thomas J. Norton,40
Calhoun,City of Battle Creek Precinct 15,U.S. House,3,REP,Write-In,1
Calhoun,City of Battle Creek Precinct 15,U.S. Senate,,DEM,Gary Peters,368
Calhoun,City of Battle Creek Precinct 15,U.S. Senate,,DEM,Write-In,2
Calhoun,City of Battle Creek Precinct 15,U.S. Senate,,REP,John James,202
Calhoun,City of Battle Creek Precinct 15,U.S. Senate,,REP,Write-In,3
Calhoun,City of Battle Creek Precinct 15,Water Resources Commissioner,,DEM,Wayne Kukuk,349
Calhoun,City of Battle Creek Precinct 15,Water Resources Commissioner,,DEM,Write-In,1
Calhoun,City of Battle Creek Precinct 15,Water Resources Commissioner,,REP,Johnny Cash,84
Calhoun,City of Battle Creek Precinct 15,Water Resources Commissioner,,REP,Ron Smith,114
Calhoun,City of Battle Creek Precinct 15,Water Resources Commissioner,,REP,Write-In,1
Calhoun,City of Battle Creek Precinct 17,Ballots Cast,,,,393
Calhoun,City of Battle Creek Precinct 17,Battle Creek City Precinct 17 Delegate,,DEM,Andy Helmboldt,185
Calhoun,City of Battle Creek Precinct 17,Battle Creek City Precinct 17 Delegate,,DEM,Jonathan Krause,147
Calhoun,City of Battle Creek Precinct 17,Battle Creek City Precinct 17 Delegate,,DEM,Write-In,6
Calhoun,City of Battle Creek Precinct 17,Battle Creek City Precinct 17 Delegate,,REP,Patrick A. O'Donnell,131
Calhoun,City of Battle Creek Precinct 17,Battle Creek City Precinct 17 Delegate,,REP,Write-In,2
Calhoun,City of Battle Creek Precinct 17,Clerk/Register of Deeds,,DEM,Andy Helmboldt,218
Calhoun,City of Battle Creek Precinct 17,Clerk/Register of Deeds,,DEM,Write-In,2
Calhoun,City of Battle Creek Precinct 17,Clerk/Register of Deeds,,REP,Kimberly A. Hinkley,138
Calhoun,City of Battle Creek Precinct 17,Clerk/Register of Deeds,,REP,Write-In,3
Calhoun,City of Battle Creek Precinct 17,Commissioner 2nd District,,DEM,Rochelle Hatcher,216
Calhoun,City of Battle Creek Precinct 17,Commissioner 2nd District,,DEM,Write-In,2
Calhoun,City of Battle Creek Precinct 17,Commissioner 2nd District,,REP,Patrick A. O'Donnell,137
Calhoun,City of Battle Creek Precinct 17,Commissioner 2nd District,,REP,Write-In,2
Calhoun,City of Battle Creek Precinct 17,Parks Millage Proposal,,,No,99
Calhoun,City of Battle Creek Precinct 17,Parks Millage Proposal,,,Yes,227
Calhoun,City of Battle Creek Precinct 17,Prosecuting Attorney,,DEM,Christopher B. Vreeland,215
Calhoun,City of Battle Creek Precinct 17,Prosecuting Attorney,,DEM,Write-In,0
Calhoun,City of Battle Creek Precinct 17,Prosecuting Attorney,,REP,David Gilbert,142
Calhoun,City of Battle Creek Precinct 17,Prosecuting Attorney,,REP,Write-In,0
Calhoun,City of Battle Creek Precinct 17,Registered Voters,,,,2301
Calhoun,City of Battle Creek Precinct 17,Senior Millage Renewal Proposal,,,No,36
Calhoun,City of Battle Creek Precinct 17,Senior Millage Renewal Proposal,,,Yes,292
Calhoun,City of Battle Creek Precinct 17,Sheriff,,DEM,Brad Palmer,219
Calhoun,City of Battle Creek Precinct 17,Sheriff,,DEM,Write-In,1
Calhoun,City of Battle Creek Precinct 17,Sheriff,,REP,Steve Hinkley,139
Calhoun,City of Battle Creek Precinct 17,Sheriff,,REP,Write-In,2
Calhoun,City of Battle Creek Precinct 17,State House,62,DEM,Jim Haadsma,222
Calhoun,City of Battle Creek Precinct 17,State House,62,DEM,Write-In,0
Calhoun,City of Battle Creek Precinct 17,State House,62,REP,Chad Baase,6
Calhoun,City of Battle Creek Precinct 17,State House,62,REP,Dave Morgan,110
Calhoun,City of Battle Creek Precinct 17,State House,62,REP,Michelle Gregoire,28
Calhoun,City of Battle Creek Precinct 17,State House,62,REP,Write-In,0
Calhoun,City of Battle Creek Precinct 17,Treasurer,,DEM,Michael Evans,218
Calhoun,City of Battle Creek Precinct 17,Treasurer,,DEM,Write-In,0
Calhoun,City of Battle Creek Precinct 17,Treasurer,,REP,Brian W. Wensauer,137
Calhoun,City of Battle Creek Precinct 17,Treasurer,,REP,Write-In,2
Calhoun,City of Battle Creek Precinct 17,U.S. House,3,DEM,Hillary Scholten,220
Calhoun,City of Battle Creek Precinct 17,U.S. House,3,DEM,Write-In,0
Calhoun,City of Battle Creek Precinct 17,U.S. House,3,REP,Emily Rafi,11
Calhoun,City of Battle Creek Precinct 17,U.S. House,3,REP,Joe Farrington,6
Calhoun,City of Battle Creek Precinct 17,U.S. House,3,REP,Lynn Afendoulis,29
Calhoun,City of Battle Creek Precinct 17,U.S. House,3,REP,Peter Meijer,64
Calhoun,City of Battle Creek Precinct 17,U.S. House,3,REP,Thomas J. Norton,31
Calhoun,City of Battle Creek Precinct 17,U.S. House,3,REP,Write-In,0
Calhoun,City of Battle Creek Precinct 17,U.S. Senate,,DEM,Gary Peters,226
Calhoun,City of Battle Creek Precinct 17,U.S. Senate,,DEM,Write-In,0
Calhoun,City of Battle Creek Precinct 17,U.S. Senate,,REP,John James,140
Calhoun,City of Battle Creek Precinct 17,U.S. Senate,,REP,Write-In,0
Calhoun,City of Battle Creek Precinct 17,Water Resources Commissioner,,DEM,Wayne Kukuk,212
Calhoun,City of Battle Creek Precinct 17,Water Resources Commissioner,,DEM,Write-In,1
Calhoun,City of Battle Creek Precinct 17,Water Resources Commissioner,,REP,Johnny Cash,92
Calhoun,City of Battle Creek Precinct 17,Water Resources Commissioner,,REP,Ron Smith,47
Calhoun,City of Battle Creek Precinct 17,Water Resources Commissioner,,REP,Write-In,0
Calhoun,City of Battle Creek Precinct 18,Ballots Cast,,,,219
Calhoun,City of Battle Creek Precinct 18,Battle Creek City Precinct 18 Delegate,,DEM,Edward Leon Harris II (write-in),1
Calhoun,City of Battle Creek Precinct 18,Battle Creek City Precinct 18 Delegate,,DEM,Kaytee Faris,119
Calhoun,City of Battle Creek Precinct 18,Battle Creek City Precinct 18 Delegate,,DEM,Omar Garcia,104
Calhoun,City of Battle Creek Precinct 18,Battle Creek City Precinct 18 Delegate,,DEM,Write-In,2
Calhoun,City of Battle Creek Precinct 18,Battle Creek City Precinct 18 Delegate,,REP,Michelle Gregoire,40
Calhoun,City of Battle Creek Precinct 18,Battle Creek City Precinct 18 Delegate,,REP,Write-In,0
Calhoun,City of Battle Creek Precinct 18,Clerk/Register of Deeds,,DEM,Andy Helmboldt,159
Calhoun,City of Battle Creek Precinct 18,Clerk/Register of Deeds,,DEM,Write-In,0
Calhoun,City of Battle Creek Precinct 18,Clerk/Register of Deeds,,REP,Kimberly A. Hinkley,41
Calhoun,City of Battle Creek Precinct 18,Clerk/Register of Deeds,,REP,Write-In,0
Calhoun,City of Battle Creek Precinct 18,Commissioner 3rd District,,DEM,Jake W. Smith,154
Calhoun,City of Battle Creek Precinct 18,Commissioner 3rd District,,DEM,Write-In,1
Calhoun,City of Battle Creek Precinct 18,Commissioner 3rd District,,REP,Hermann Spranger,39
Calhoun,City of Battle Creek Precinct 18,Commissioner 3rd District,,REP,Write-In,0
Calhoun,City of Battle Creek Precinct 18,Parks Millage Proposal,,,No,43
Calhoun,City of Battle Creek Precinct 18,Parks Millage Proposal,,,Yes,119
Calhoun,City of Battle Creek Precinct 18,Prosecuting Attorney,,DEM,Christopher B. Vreeland,158
Calhoun,City of Battle Creek Precinct 18,Prosecuting Attorney,,DEM,Write-In,1
Calhoun,City of Battle Creek Precinct 18,Prosecuting Attorney,,REP,David Gilbert,41
Calhoun,City of Battle Creek Precinct 18,Prosecuting Attorney,,REP,Write-In,0
Calhoun,City of Battle Creek Precinct 18,Registered Voters,,,,2011
Calhoun,City of Battle Creek Precinct 18,Senior Millage Renewal Proposal,,,No,18
Calhoun,City of Battle Creek Precinct 18,Senior Millage Renewal Proposal,,,Yes,143
Calhoun,City of Battle Creek Precinct 18,Sheriff,,DEM,Brad Palmer,153
Calhoun,City of Battle Creek Precinct 18,Sheriff,,DEM,Write-In,2
Calhoun,City of Battle Creek Precinct 18,Sheriff,,REP,Steve Hinkley,41
Calhoun,City of Battle Creek Precinct 18,Sheriff,,REP,Write-In,0
Calhoun,City of Battle Creek Precinct 18,State House,62,DEM,Jim Haadsma,159
Calhoun,City of Battle Creek Precinct 18,State House,62,DEM,Write-In,1
Calhoun,City of Battle Creek Precinct 18,State House,62,REP,Chad Baase,5
Calhoun,City of Battle Creek Precinct 18,State House,62,REP,Dave Morgan,25
Calhoun,City of Battle Creek Precinct 18,State House,62,REP,Michelle Gregoire,11
Calhoun,City of Battle Creek Precinct 18,State House,62,REP,Write-In,0
Calhoun,City of Battle Creek Precinct 18,Treasurer,,DEM,Michael Evans,157
Calhoun,City of Battle Creek Precinct 18,Treasurer,,DEM,Write-In,0
Calhoun,City of Battle Creek Precinct 18,Treasurer,,REP,Brian W. Wensauer,39
Calhoun,City of Battle Creek Precinct 18,Treasurer,,REP,Write-In,0
Calhoun,City of Battle Creek Precinct 18,U.S. House,3,DEM,Hillary Scholten,161
Calhoun,City of Battle Creek Precinct 18,U.S. House,3,DEM,Write-In,1
Calhoun,City of Battle Creek Precinct 18,U.S. House,3,REP,Emily Rafi,0
Calhoun,City of Battle Creek Precinct 18,U.S. House,3,REP,Joe Farrington,7
Calhoun,City of Battle Creek Precinct 18,U.S. House,3,REP,Lynn Afendoulis,4
Calhoun,City of Battle Creek Precinct 18,U.S. House,3,REP,Peter Meijer,15
Calhoun,City of Battle Creek Precinct 18,U.S. House,3,REP,Thomas J. Norton,17
Calhoun,City of Battle Creek Precinct 18,U.S. House,3,REP,Write-In,0
Calhoun,City of Battle Creek Precinct 18,U.S. Senate,,DEM,Gary Peters,158
Calhoun,City of Battle Creek Precinct 18,U.S. Senate,,DEM,Write-In,2
Calhoun,City of Battle Creek Precinct 18,U.S. Senate,,REP,John James,42
Calhoun,City of Battle Creek Precinct 18,U.S. Senate,,REP,Write-In,0
Calhoun,City of Battle Creek Precinct 18,Water Resources Commissioner,,DEM,Wayne Kukuk,155
Calhoun,City of Battle Creek Precinct 18,Water Resources Commissioner,,DEM,Write-In,1
Calhoun,City of Battle Creek Precinct 18,Water Resources Commissioner,,REP,Johnny Cash,21
Calhoun,City of Battle Creek Precinct 18,Water Resources Commissioner,,REP,Ron Smith,19
Calhoun,City of Battle Creek Precinct 18,Water Resources Commissioner,,REP,Write-In,0
Calhoun,City of Battle Creek Precinct 19,Ballots Cast,,,,166
Calhoun,City of Battle Creek Precinct 19,Battle Creek City Precinct 19 Delegate,,DEM,Nathan Grajek,79
Calhoun,City of Battle Creek Precinct 19,Battle Creek City Precinct 19 Delegate,,DEM,Write-In,4
Calhoun,City of Battle Creek Precinct 19,Battle Creek City Precinct 19 Delegate,,REP,Write-In,20
Calhoun,City of Battle Creek Precinct 19,Clerk/Register of Deeds,,DEM,Andy Helmboldt,93
Calhoun,City of Battle Creek Precinct 19,Clerk/Register of Deeds,,DEM,Write-In,0
Calhoun,City of Battle Creek Precinct 19,Clerk/Register of Deeds,,REP,Kimberly A. Hinkley,49
Calhoun,City of Battle Creek Precinct 19,Clerk/Register of Deeds,,REP,Write-In,1
Calhoun,City of Battle Creek Precinct 19,Commissioner 3rd District,,DEM,Jake W. Smith,91
Calhoun,City of Battle Creek Precinct 19,Commissioner 3rd District,,DEM,Write-In,0
Calhoun,City of Battle Creek Precinct 19,Commissioner 3rd District,,REP,Hermann Spranger,45
Calhoun,City of Battle Creek Precinct 19,Commissioner 3rd District,,REP,Write-In,2
Calhoun,City of Battle Creek Precinct 19,Parks Millage Proposal,,,No,43
Calhoun,City of Battle Creek Precinct 19,Parks Millage Proposal,,,Yes,104
Calhoun,City of Battle Creek Precinct 19,Prosecuting Attorney,,DEM,Christopher B. Vreeland,91
Calhoun,City of Battle Creek Precinct 19,Prosecuting Attorney,,DEM,Write-In,0
Calhoun,City of Battle Creek Precinct 19,Prosecuting Attorney,,REP,David Gilbert,48
Calhoun,City of Battle Creek Precinct 19,Prosecuting Attorney,,REP,Write-In,1
Calhoun,City of Battle Creek Precinct 19,Registered Voters,,,,1228
Calhoun,City of Battle Creek Precinct 19,Senior Millage Renewal Proposal,,,No,33
Calhoun,City of Battle Creek Precinct 19,Senior Millage Renewal Proposal,,,Yes,115
Calhoun,City of Battle Creek Precinct 19,Sheriff,,DEM,Brad Palmer,85
Calhoun,City of Battle Creek Precinct 19,Sheriff,,DEM,Write-In,0
Calhoun,City of Battle Creek Precinct 19,Sheriff,,REP,Steve Hinkley,49
Calhoun,City of Battle Creek Precinct 19,Sheriff,,REP,Write-In,1
Calhoun,City of Battle Creek Precinct 19,State House,62,DEM,Jim Haadsma,95
Calhoun,City of Battle Creek Precinct 19,State House,62,DEM,Write-In,0
Calhoun,City of Battle Creek Precinct 19,State House,62,REP,Chad Baase,2
Calhoun,City of Battle Creek Precinct 19,State House,62,REP,Dave Morgan,39
Calhoun,City of Battle Creek Precinct 19,State House,62,REP,Michelle Gregoire,14
Calhoun,City of Battle Creek Precinct 19,State House,62,REP,Write-In,0
Calhoun,City of Battle Creek Precinct 19,Treasurer,,DEM,Michael Evans,91
Calhoun,City of Battle Creek Precinct 19,Treasurer,,DEM,Write-In,0
Calhoun,City of Battle Creek Precinct 19,Treasurer,,REP,Brian W. Wensauer,49
Calhoun,City of Battle Creek Precinct 19,Treasurer,,REP,Write-In,1
Calhoun,City of Battle Creek Precinct 19,U.S. House,3,DEM,Hillary Scholten,93
Calhoun,City of Battle Creek Precinct 19,U.S. House,3,DEM,Write-In,0
Calhoun,City of Battle Creek Precinct 19,U.S. House,3,REP,Emily Rafi,4
Calhoun,City of Battle Creek Precinct 19,U.S. House,3,REP,Joe Farrington,2
Calhoun,City of Battle Creek Precinct 19,U.S. House,3,REP,Lynn Afendoulis,9
Calhoun,City of Battle Creek Precinct 19,U.S. House,3,REP,Peter Meijer,28
Calhoun,City of Battle Creek Precinct 19,U.S. House,3,REP,Thomas J. Norton,15
Calhoun,City of Battle Creek Precinct 19,U.S. House,3,REP,Write-In,0
Calhoun,City of Battle Creek Precinct 19,U.S. Senate,,DEM,Gary Peters,96
Calhoun,City of Battle Creek Precinct 19,U.S. Senate,,DEM,Write-In,0
Calhoun,City of Battle Creek Precinct 19,U.S. Senate,,REP,John James,53
Calhoun,City of Battle Creek Precinct 19,U.S. Senate,,REP,Write-In,1
Calhoun,City of Battle Creek Precinct 19,Water Resources Commissioner,,DEM,Wayne Kukuk,91
Calhoun,City of Battle Creek Precinct 19,Water Resources Commissioner,,DEM,Write-In,0
Calhoun,City of Battle Creek Precinct 19,Water Resources Commissioner,,REP,Johnny Cash,32
Calhoun,City of Battle Creek Precinct 19,Water Resources Commissioner,,REP,Ron Smith,20
Calhoun,City of Battle Creek Precinct 19,Water Resources Commissioner,,REP,Write-In,2
Calhoun,City of Battle Creek Precinct 2,Ballots Cast,,,,320
Calhoun,City of Battle Creek Precinct 2,Battle Creek City Precinct 2 Delegate,,DEM,Anthony Pennock,96
Calhoun,City of Battle Creek Precinct 2,Battle Creek City Precinct 2 Delegate,,DEM,Todd Callis,92
Calhoun,City of Battle Creek Precinct 2,Battle Creek City Precinct 2 Delegate,,DEM,Write-In,1
Calhoun,City of Battle Creek Precinct 2,Battle Creek City Precinct 2 Delegate,,REP,Write-In,24
Calhoun,City of Battle Creek Precinct 2,Clerk/Register of Deeds,,DEM,Andy Helmboldt,129
Calhoun,City of Battle Creek Precinct 2,Clerk/Register of Deeds,,DEM,Write-In,1
Calhoun,City of Battle Creek Precinct 2,Clerk/Register of Deeds,,REP,Kimberly A. Hinkley,151
Calhoun,City of Battle Creek Precinct 2,Clerk/Register of Deeds,,REP,Write-In,0
Calhoun,City of Battle Creek Precinct 2,Commissioner 3rd District,,DEM,Jake W. Smith,128
Calhoun,City of Battle Creek Precinct 2,Commissioner 3rd District,,DEM,Write-In,1
Calhoun,City of Battle Creek Precinct 2,Commissioner 3rd District,,REP,Hermann Spranger,143
Calhoun,City of Battle Creek Precinct 2,Commissioner 3rd District,,REP,Write-In,0
Calhoun,City of Battle Creek Precinct 2,Parks Millage Proposal,,,No,81
Calhoun,City of Battle Creek Precinct 2,Parks Millage Proposal,,,Yes,199
Calhoun,City of Battle Creek Precinct 2,Prosecuting Attorney,,DEM,Christopher B. Vreeland,126
Calhoun,City of Battle Creek Precinct 2,Prosecuting Attorney,,DEM,Write-In,1
Calhoun,City of Battle Creek Precinct 2,Prosecuting Attorney,,REP,David Gilbert,147
Calhoun,City of Battle Creek Precinct 2,Prosecuting Attorney,,REP,Write-In,0
Calhoun,City of Battle Creek Precinct 2,Registered Voters,,,,1520
Calhoun,City of Battle Creek Precinct 2,Senior Millage Renewal Proposal,,,No,23
Calhoun,City of Battle Creek Precinct 2,Senior Millage Renewal Proposal,,,Yes,256
Calhoun,City of Battle Creek Precinct 2,Sheriff,,DEM,Brad Palmer,126
Calhoun,City of Battle Creek Precinct 2,Sheriff,,DEM,Write-In,0
Calhoun,City of Battle Creek Precinct 2,Sheriff,,REP,Steve Hinkley,151
Calhoun,City of Battle Creek Precinct 2,Sheriff,,REP,Write-In,0
Calhoun,City of Battle Creek Precinct 2,State House,62,DEM,Jim Haadsma,133
Calhoun,City of Battle Creek Precinct 2,State House,62,DEM,Write-In,0
Calhoun,City of Battle Creek Precinct 2,State House,62,REP,Chad Baase,14
Calhoun,City of Battle Creek Precinct 2,State House,62,REP,Dave Morgan,103
Calhoun,City of Battle Creek Precinct 2,State House,62,REP,Michelle Gregoire,36
Calhoun,City of Battle Creek Precinct 2,State House,62,REP,Write-In,1
Calhoun,City of Battle Creek Precinct 2,Treasurer,,DEM,Michael Evans,125
Calhoun,City of Battle Creek Precinct 2,Treasurer,,DEM,Write-In,0
Calhoun,City of Battle Creek Precinct 2,Treasurer,,REP,Brian W. Wensauer,145
Calhoun,City of Battle Creek Precinct 2,Treasurer,,REP,Write-In,0
Calhoun,City of Battle Creek Precinct 2,U.S. House,3,DEM,Hillary Scholten,127
Calhoun,City of Battle Creek Precinct 2,U.S. House,3,DEM,Write-In,1
Calhoun,City of Battle Creek Precinct 2,U.S. House,3,REP,Emily Rafi,14
Calhoun,City of Battle Creek Precinct 2,U.S. House,3,REP,Joe Farrington,11
Calhoun,City of Battle Creek Precinct 2,U.S. House,3,REP,Lynn Afendoulis,39
Calhoun,City of Battle Creek Precinct 2,U.S. House,3,REP,Peter Meijer,59
Calhoun,City of Battle Creek Precinct 2,U.S. House,3,REP,Thomas J. Norton,36
Calhoun,City of Battle Creek Precinct 2,U.S. House,3,REP,Write-In,0
Calhoun,City of Battle Creek Precinct 2,U.S. Senate,,DEM,Gary Peters,130
Calhoun,City of Battle Creek Precinct 2,U.S. Senate,,DEM,Write-In,1
Calhoun,City of Battle Creek Precinct 2,U.S. Senate,,REP,John James,159
Calhoun,City of Battle Creek Precinct 2,U.S. Senate,,REP,Write-In,0
Calhoun,City of Battle Creek Precinct 2,Water Resources Commissioner,,DEM,Wayne Kukuk,127
Calhoun,City of Battle Creek Precinct 2,Water Resources Commissioner,,DEM,Write-In,1
Calhoun,City of Battle Creek Precinct 2,Water Resources Commissioner,,REP,Johnny Cash,62
Calhoun,City of Battle Creek Precinct 2,Water Resources Commissioner,,REP,Ron Smith,85
Calhoun,City of Battle Creek Precinct 2,Water Resources Commissioner,,REP,Write-In,0
Calhoun,City of Battle Creek Precinct 20,Ballots Cast,,,,586
Calhoun,City of Battle Creek Precinct 20,Battle Creek City Precinct 20 Delegate,,DEM,Elizabeth P. Garcia (write-in),2
Calhoun,City of Battle Creek Precinct 20,Battle Creek City Precinct 20 Delegate,,DEM,Write-In,63
Calhoun,City of Battle Creek Precinct 20,Battle Creek City Precinct 20 Delegate,,REP,Write-In,59
Calhoun,City of Battle Creek Precinct 20,Clerk/Register of Deeds,,DEM,Andy Helmboldt,225
Calhoun,City of Battle Creek Precinct 20,Clerk/Register of Deeds,,DEM,Write-In,0
Calhoun,City of Battle Creek Precinct 20,Clerk/Register of Deeds,,REP,Kimberly A. Hinkley,287
Calhoun,City of Battle Creek Precinct 20,Clerk/Register of Deeds,,REP,Write-In,1
Calhoun,City of Battle Creek Precinct 20,Commissioner 1st District,,DEM,Cayley Winters,219
Calhoun,City of Battle Creek Precinct 20,Commissioner 1st District,,DEM,Write-In,0
Calhoun,City of Battle Creek Precinct 20,Commissioner 1st District,,REP,Kathy-Sue Vette,288
Calhoun,City of Battle Creek Precinct 20,Commissioner 1st District,,REP,Write-In,2
Calhoun,City of Battle Creek Precinct 20,Parks Millage Proposal,,,No,189
Calhoun,City of Battle Creek Precinct 20,Parks Millage Proposal,,,Yes,339
Calhoun,City of Battle Creek Precinct 20,Prosecuting Attorney,,DEM,Christopher B. Vreeland,220
Calhoun,City of Battle Creek Precinct 20,Prosecuting Attorney,,DEM,Write-In,0
Calhoun,City of Battle Creek Precinct 20,Prosecuting Attorney,,REP,David Gilbert,296
Calhoun,City of Battle Creek Precinct 20,Prosecuting Attorney,,REP,Write-In,1
Calhoun,City of Battle Creek Precinct 20,Registered Voters,,,,1765
Calhoun,City of Battle Creek Precinct 20,Senior Millage Renewal Proposal,,,No,112
Calhoun,City of Battle Creek Precinct 20,Senior Millage Renewal Proposal,,,Yes,420
Calhoun,City of Battle Creek Precinct 20,Sheriff,,DEM,Brad Palmer,222
Calhoun,City of Battle Creek Precinct 20,Sheriff,,DEM,Write-In,0
Calhoun,City of Battle Creek Precinct 20,Sheriff,,REP,Steve Hinkley,292
Calhoun,City of Battle Creek Precinct 20,Sheriff,,REP,Write-In,2
Calhoun,City of Battle Creek Precinct 20,State House,62,DEM,Jim Haadsma,228
Calhoun,City of Battle Creek Precinct 20,State House,62,DEM,Write-In,0
Calhoun,City of Battle Creek Precinct 20,State House,62,REP,Chad Baase,10
Calhoun,City of Battle Creek Precinct 20,State House,62,REP,Dave Morgan,256
Calhoun,City of Battle Creek Precinct 20,State House,62,REP,Michelle Gregoire,37
Calhoun,City of Battle Creek Precinct 20,State House,62,REP,Write-In,0
Calhoun,City of Battle Creek Precinct 20,Treasurer,,DEM,Michael Evans,223
Calhoun,City of Battle Creek Precinct 20,Treasurer,,DEM,Write-In,0
Calhoun,City of Battle Creek Precinct 20,Treasurer,,REP,Brian W. Wensauer,292
Calhoun,City of Battle Creek Precinct 20,Treasurer,,REP,Write-In,1
Calhoun,City of Battle Creek Precinct 20,U.S. House,3,DEM,Hillary Scholten,226
Calhoun,City of Battle Creek Precinct 20,U.S. House,3,DEM,Write-In,0
Calhoun,City of Battle Creek Precinct 20,U.S. House,3,REP,Emily Rafi,14
Calhoun,City of Battle Creek Precinct 20,U.S. House,3,REP,Joe Farrington,10
Calhoun,City of Battle Creek Precinct 20,U.S. House,3,REP,Lynn Afendoulis,81
Calhoun,City of Battle Creek Precinct 20,U.S. House,3,REP,Peter Meijer,141
Calhoun,City of Battle Creek Precinct 20,U.S. House,3,REP,Thomas J. Norton,71
Calhoun,City of Battle Creek Precinct 20,U.S. House,3,REP,Write-In,0
Calhoun,City of Battle Creek Precinct 20,U.S. Senate,,DEM,Gary Peters,228
Calhoun,City of Battle Creek Precinct 20,U.S. Senate,,DEM,Write-In,1
Calhoun,City of Battle Creek Precinct 20,U.S. Senate,,REP,John James,306
Calhoun,City of Battle Creek Precinct 20,U.S. Senate,,REP,Write-In,4
Calhoun,City of Battle Creek Precinct 20,Water Resources Commissioner,,DEM,Wayne Kukuk,222
Calhoun,City of Battle Creek Precinct 20,Water Resources Commissioner,,DEM,Write-In,0
Calhoun,City of Battle Creek Precinct 20,Water Resources Commissioner,,REP,Johnny Cash,132
Calhoun,City of Battle Creek Precinct 20,Water Resources Commissioner,,REP,Ron Smith,150
Calhoun,City of Battle Creek Precinct 20,Water Resources Commissioner,,REP,Write-In,0
Calhoun,City of Battle Creek Precinct 21,Ballots Cast,,,,343
Calhoun,City of Battle Creek Precinct 21,Battle Creek City Precinct 21 Delegate,,DEM,Joseph R. Reynolds (write-in),3
Calhoun,City of Battle Creek Precinct 21,Battle Creek City Precinct 21 Delegate,,DEM,Lynn Ward Gray,226
Calhoun,City of Battle Creek Precinct 21,Battle Creek City Precinct 21 Delegate,,DEM,Samuel Gray,160
Calhoun,City of Battle Creek Precinct 21,Battle Creek City Precinct 21 Delegate,,DEM,Write-In,4
Calhoun,City of Battle Creek Precinct 21,Battle Creek City Precinct 21 Delegate,,REP,Terris E. Todd,49
Calhoun,City of Battle Creek Precinct 21,Battle Creek City Precinct 21 Delegate,,REP,Write-In,1
Calhoun,City of Battle Creek Precinct 21,Clerk/Register of Deeds,,DEM,Andy Helmboldt,245
Calhoun,City of Battle Creek Precinct 21,Clerk/Register of Deeds,,DEM,Write-In,3
Calhoun,City of Battle Creek Precinct 21,Clerk/Register of Deeds,,REP,Kimberly A. Hinkley,47
Calhoun,City of Battle Creek Precinct 21,Clerk/Register of Deeds,,REP,Write-In,1
Calhoun,City of Battle Creek Precinct 21,Commissioner 2nd District,,DEM,Rochelle Hatcher,247
Calhoun,City of Battle Creek Precinct 21,Commissioner 2nd District,,DEM,Write-In,2
Calhoun,City of Battle Creek Precinct 21,Commissioner 2nd District,,REP,Patrick A. O'Donnell,50
Calhoun,City of Battle Creek Precinct 21,Commissioner 2nd District,,REP,Write-In,1
Calhoun,City of Battle Creek Precinct 21,Parks Millage Proposal,,,No,95
Calhoun,City of Battle Creek Precinct 21,Parks Millage Proposal,,,Yes,174
Calhoun,City of Battle Creek Precinct 21,Prosecuting Attorney,,DEM,Christopher B. Vreeland,240
Calhoun,City of Battle Creek Precinct 21,Prosecuting Attorney,,DEM,Write-In,1
Calhoun,City of Battle Creek Precinct 21,Prosecuting Attorney,,REP,David Gilbert,49
Calhoun,City of Battle Creek Precinct 21,Prosecuting Attorney,,REP,Write-In,2
Calhoun,City of Battle Creek Precinct 21,Registered Voters,,,,2263
Calhoun,City of Battle Creek Precinct 21,Senior Millage Renewal Proposal,,,No,33
Calhoun,City of Battle Creek Precinct 21,Senior Millage Renewal Proposal,,,Yes,236
Calhoun,City of Battle Creek Precinct 21,Sheriff,,DEM,Brad Palmer,241
Calhoun,City of Battle Creek Precinct 21,Sheriff,,DEM,Write-In,2
Calhoun,City of Battle Creek Precinct 21,Sheriff,,REP,Steve Hinkley,52
Calhoun,City of Battle Creek Precinct 21,Sheriff,,REP,Write-In,0
Calhoun,City of Battle Creek Precinct 21,State House,62,DEM,Jim Haadsma,251
Calhoun,City of Battle Creek Precinct 21,State House,62,DEM,Write-In,0
Calhoun,City of Battle Creek Precinct 21,State House,62,REP,Chad Baase,3
Calhoun,City of Battle Creek Precinct 21,State House,62,REP,Dave Morgan,31
Calhoun,City of Battle Creek Precinct 21,State House,62,REP,Michelle Gregoire,15
Calhoun,City of Battle Creek Precinct 21,State House,62,REP,Write-In,0
Calhoun,City of Battle Creek Precinct 21,Treasurer,,DEM,Michael Evans,251
Calhoun,City of Battle Creek Precinct 21,Treasurer,,DEM,Write-In,0
Calhoun,City of Battle Creek Precinct 21,Treasurer,,REP,Brian W. Wensauer,51
Calhoun,City of Battle Creek Precinct 21,Treasurer,,REP,Write-In,0
Calhoun,City of Battle Creek Precinct 21,U.S. House,3,DEM,Hillary Scholten,248
Calhoun,City of Battle Creek Precinct 21,U.S. House,3,DEM,Write-In,0
Calhoun,City of Battle Creek Precinct 21,U.S. House,3,REP,Emily Rafi,5
Calhoun,City of Battle Creek Precinct 21,U.S. House,3,REP,Joe Farrington,3
Calhoun,City of Battle Creek Precinct 21,U.S. House,3,REP,Lynn Afendoulis,13
Calhoun,City of Battle Creek Precinct 21,U.S. House,3,REP,Peter Meijer,21
Calhoun,City of Battle Creek Precinct 21,U.S. House,3,REP,Thomas J. Norton,9
Calhoun,City of Battle Creek Precinct 21,U.S. House,3,REP,Write-In,0
Calhoun,City of Battle Creek Precinct 21,U.S. Senate,,DEM,Gary Peters,251
Calhoun,City of Battle Creek Precinct 21,U.S. Senate,,DEM,Write-In,2
Calhoun,City of Battle Creek Precinct 21,U.S. Senate,,REP,John James,46
Calhoun,City of Battle Creek Precinct 21,U.S. Senate,,REP,Write-In,1
Calhoun,City of Battle Creek Precinct 21,Water Resources Commissioner,,DEM,Wayne Kukuk,245
Calhoun,City of Battle Creek Precinct 21,Water Resources Commissioner,,DEM,Write-In,0
Calhoun,City of Battle Creek Precinct 21,Water Resources Commissioner,,REP,Johnny Cash,24
Calhoun,City of Battle Creek Precinct 21,Water Resources Commissioner,,REP,Ron Smith,24
Calhoun,City of Battle Creek Precinct 21,Water Resources Commissioner,,REP,Write-In,0
Calhoun,City of Battle Creek Precinct 22,Ballots Cast,,,,245
Calhoun,City of Battle Creek Precinct 22,Battle Creek City Precinct 22 Delegate,,DEM,Write-In,17
Calhoun,City of Battle Creek Precinct 22,Battle Creek City Precinct 22 Delegate,,REP,Write-In,11
Calhoun,City of Battle Creek Precinct 22,Clerk/Register of Deeds,,DEM,Andy Helmboldt,87
Calhoun,City of Battle Creek Precinct 22,Clerk/Register of Deeds,,DEM,Write-In,0
Calhoun,City of Battle Creek Precinct 22,Clerk/Register of Deeds,,REP,Kimberly A. Hinkley,113
Calhoun,City of Battle Creek Precinct 22,Clerk/Register of Deeds,,REP,Write-In,0
Calhoun,City of Battle Creek Precinct 22,Commissioner 1st District,,DEM,Cayley Winters,82
Calhoun,City of Battle Creek Precinct 22,Commissioner 1st District,,DEM,Write-In,0
Calhoun,City of Battle Creek Precinct 22,Commissioner 1st District,,REP,Kathy-Sue Vette,103
Calhoun,City of Battle Creek Precinct 22,Commissioner 1st District,,REP,Write-In,0
Calhoun,City of Battle Creek Precinct 22,Parks Millage Proposal,,,No,80
Calhoun,City of Battle Creek Precinct 22,Parks Millage Proposal,,,Yes,144
Calhoun,City of Battle Creek Precinct 22,Prosecuting Attorney,,DEM,Christopher B. Vreeland,86
Calhoun,City of Battle Creek Precinct 22,Prosecuting Attorney,,DEM,Write-In,0
Calhoun,City of Battle Creek Precinct 22,Prosecuting Attorney,,REP,David Gilbert,113
Calhoun,City of Battle Creek Precinct 22,Prosecuting Attorney,,REP,Write-In,0
Calhoun,City of Battle Creek Precinct 22,Registered Voters,,,,1504
Calhoun,City of Battle Creek Precinct 22,Senior Millage Renewal Proposal,,,No,35
Calhoun,City of Battle Creek Precinct 22,Senior Millage Renewal Proposal,,,Yes,188
Calhoun,City of Battle Creek Precinct 22,Sheriff,,DEM,Brad Palmer,85
Calhoun,City of Battle Creek Precinct 22,Sheriff,,DEM,Write-In,0
Calhoun,City of Battle Creek Precinct 22,Sheriff,,REP,Steve Hinkley,114
Calhoun,City of Battle Creek Precinct 22,Sheriff,,REP,Write-In,0
Calhoun,City of Battle Creek Precinct 22,State House,62,DEM,Jim Haadsma,86
Calhoun,City of Battle Creek Precinct 22,State House,62,DEM,Write-In,0
Calhoun,City of Battle Creek Precinct 22,State House,62,REP,Chad Baase,6
Calhoun,City of Battle Creek Precinct 22,State House,62,REP,Dave Morgan,86
Calhoun,City of Battle Creek Precinct 22,State House,62,REP,Michelle Gregoire,27
Calhoun,City of Battle Creek Precinct 22,State House,62,REP,Write-In,0
Calhoun,City of Battle Creek Precinct 22,Treasurer,,DEM,Michael Evans,84
Calhoun,City of Battle Creek Precinct 22,Treasurer,,DEM,Write-In,0
Calhoun,City of Battle Creek Precinct 22,Treasurer,,REP,Brian W. Wensauer,110
Calhoun,City of Battle Creek Precinct 22,Treasurer,,REP,Write-In,0
Calhoun,City of Battle Creek Precinct 22,U.S. House,3,DEM,Hillary Scholten,84
Calhoun,City of Battle Creek Precinct 22,U.S. House,3,DEM,Write-In,1
Calhoun,City of Battle Creek Precinct 22,U.S. House,3,REP,Emily Rafi,12
Calhoun,City of Battle Creek Precinct 22,U.S. House,3,REP,Joe Farrington,6
Calhoun,City of Battle Creek Precinct 22,U.S. House,3,REP,Lynn Afendoulis,34
Calhoun,City of Battle Creek Precinct 22,U.S. House,3,REP,Peter Meijer,46
Calhoun,City of Battle Creek Precinct 22,U.S. House,3,REP,Thomas J. Norton,28
Calhoun,City of Battle Creek Precinct 22,U.S. House,3,REP,Write-In,0
Calhoun,City of Battle Creek Precinct 22,U.S. Senate,,DEM,Gary Peters,90
Calhoun,City of Battle Creek Precinct 22,U.S. Senate,,DEM,Write-In,0
Calhoun,City of Battle Creek Precinct 22,U.S. Senate,,REP,John James,110
Calhoun,City of Battle Creek Precinct 22,U.S. Senate,,REP,Write-In,1
Calhoun,City of Battle Creek Precinct 22,Water Resources Commissioner,,DEM,Wayne Kukuk,84
Calhoun,City of Battle Creek Precinct 22,Water Resources Commissioner,,DEM,Write-In,0
Calhoun,City of Battle Creek Precinct 22,Water Resources Commissioner,,REP,Johnny Cash,51
Calhoun,City of Battle Creek Precinct 22,Water Resources Commissioner,,REP,Ron Smith,60
Calhoun,City of Battle Creek Precinct 22,Water Resources Commissioner,,REP,Write-In,0
Calhoun,City of Battle Creek Precinct 23,Ballots Cast,,,,359
Calhoun,City of Battle Creek Precinct 23,Battle Creek City Precinct 23 Delegate,,DEM,Write-In,64
Calhoun,City of Battle Creek Precinct 23,Battle Creek City Precinct 23 Delegate,,REP,Write-In,24
Calhoun,City of Battle Creek Precinct 23,Clerk/Register of Deeds,,DEM,Andy Helmboldt,152
Calhoun,City of Battle Creek Precinct 23,Clerk/Register of Deeds,,DEM,Write-In,0
Calhoun,City of Battle Creek Precinct 23,Clerk/Register of Deeds,,REP,Kimberly A. Hinkley,145
Calhoun,City of Battle Creek Precinct 23,Clerk/Register of Deeds,,REP,Write-In,1
Calhoun,City of Battle Creek Precinct 23,Commissioner 3rd District,,DEM,Jake W. Smith,149
Calhoun,City of Battle Creek Precinct 23,Commissioner 3rd District,,DEM,Write-In,0
Calhoun,City of Battle Creek Precinct 23,Commissioner 3rd District,,REP,Hermann Spranger,142
Calhoun,City of Battle Creek Precinct 23,Commissioner 3rd District,,REP,Write-In,1
Calhoun,City of Battle Creek Precinct 23,Parks Millage Proposal,,,No,100
Calhoun,City of Battle Creek Precinct 23,Parks Millage Proposal,,,Yes,221
Calhoun,City of Battle Creek Precinct 23,Prosecuting Attorney,,DEM,Christopher B. Vreeland,146
Calhoun,City of Battle Creek Precinct 23,Prosecuting Attorney,,DEM,Write-In,1
Calhoun,City of Battle Creek Precinct 23,Prosecuting Attorney,,REP,David Gilbert,147
Calhoun,City of Battle Creek Precinct 23,Prosecuting Attorney,,REP,Write-In,0
Calhoun,City of Battle Creek Precinct 23,Registered Voters,,,,1770
Calhoun,City of Battle Creek Precinct 23,Senior Millage Renewal Proposal,,,No,50
Calhoun,City of Battle Creek Precinct 23,Senior Millage Renewal Proposal,,,Yes,267
Calhoun,City of Battle Creek Precinct 23,Sheriff,,DEM,Brad Palmer,146
Calhoun,City of Battle Creek Precinct 23,Sheriff,,DEM,Write-In,1
Calhoun,City of Battle Creek Precinct 23,Sheriff,,REP,Steve Hinkley,146
Calhoun,City of Battle Creek Precinct 23,Sheriff,,REP,Write-In,1
Calhoun,City of Battle Creek Precinct 23,State House,62,DEM,Jim Haadsma,157
Calhoun,City of Battle Creek Precinct 23,State House,62,DEM,Write-In,0
Calhoun,City of Battle Creek Precinct 23,State House,62,REP,Chad Baase,13
Calhoun,City of Battle Creek Precinct 23,State House,62,REP,Dave Morgan,116
Calhoun,City of Battle Creek Precinct 23,State House,62,REP,Michelle Gregoire,25
Calhoun,City of Battle Creek Precinct 23,State House,62,REP,Write-In,0
Calhoun,City of Battle Creek Precinct 23,Treasurer,,DEM,Michael Evans,147
Calhoun,City of Battle Creek Precinct 23,Treasurer,,DEM,Write-In,0
Calhoun,City of Battle Creek Precinct 23,Treasurer,,REP,Brian W. Wensauer,145
Calhoun,City of Battle Creek Precinct 23,Treasurer,,REP,Write-In,1
Calhoun,City of Battle Creek Precinct 23,U.S. House,3,DEM,Hillary Scholten,149
Calhoun,City of Battle Creek Precinct 23,U.S. House,3,DEM,Write-In,0
Calhoun,City of Battle Creek Precinct 23,U.S. House,3,REP,Emily Rafi,13
Calhoun,City of Battle Creek Precinct 23,U.S. House,3,REP,Joe Farrington,6
Calhoun,City of Battle Creek Precinct 23,U.S. House,3,REP,Lynn Afendoulis,36
Calhoun,City of Battle Creek Precinct 23,U.S. House,3,REP,Peter Meijer,87
Calhoun,City of Battle Creek Precinct 23,U.S. House,3,REP,Thomas J. Norton,21
Calhoun,City of Battle Creek Precinct 23,U.S. House,3,REP,Write-In,0
Calhoun,City of Battle Creek Precinct 23,U.S. Senate,,DEM,Gary Peters,158
Calhoun,City of Battle Creek Precinct 23,U.S. Senate,,DEM,Write-In,0
Calhoun,City of Battle Creek Precinct 23,U.S. Senate,,REP,John James,158
Calhoun,City of Battle Creek Precinct 23,U.S. Senate,,REP,Write-In,1
Calhoun,City of Battle Creek Precinct 23,Water Resources Commissioner,,DEM,Wayne Kukuk,147
Calhoun,City of Battle Creek Precinct 23,Water Resources Commissioner,,DEM,Write-In,0
Calhoun,City of Battle Creek Precinct 23,Water Resources Commissioner,,REP,Johnny Cash,89
Calhoun,City of Battle Creek Precinct 23,Water Resources Commissioner,,REP,Ron Smith,60
Calhoun,City of Battle Creek Precinct 23,Water Resources Commissioner,,REP,Write-In,0
Calhoun,City of Battle Creek Precinct 3,Ballots Cast,,,,543
Calhoun,City of Battle Creek Precinct 3,Battle Creek City Precinct 3 Delegate,,DEM,Brad Palmer,148
Calhoun,City of Battle Creek Precinct 3,Battle Creek City Precinct 3 Delegate,,DEM,Diana L. Tomlinson,141
Calhoun,City of Battle Creek Precinct 3,Battle Creek City Precinct 3 Delegate,,DEM,Karen A. Weideman,137
Calhoun,City of Battle Creek Precinct 3,Battle Creek City Precinct 3 Delegate,,DEM,Melinda Adams,146
Calhoun,City of Battle Creek Precinct 3,Battle Creek City Precinct 3 Delegate,,DEM,Write-In,1
Calhoun,City of Battle Creek Precinct 3,Battle Creek City Precinct 3 Delegate,,REP,Paul H. Rose Jr.,251
Calhoun,City of Battle Creek Precinct 3,Battle Creek City Precinct 3 Delegate,,REP,Write-In,12
Calhoun,City of Battle Creek Precinct 3,Clerk/Register of Deeds,,DEM,Andy Helmboldt,191
Calhoun,City of Battle Creek Precinct 3,Clerk/Register of Deeds,,DEM,Write-In,1
Calhoun,City of Battle Creek Precinct 3,Clerk/Register of Deeds,,REP,Kimberly A. Hinkley,273
Calhoun,City of Battle Creek Precinct 3,Clerk/Register of Deeds,,REP,Write-In,2
Calhoun,City of Battle Creek Precinct 3,Commissioner 1st District,,DEM,Cayley Winters,190
Calhoun,City of Battle Creek Precinct 3,Commissioner 1st District,,DEM,Write-In,0
Calhoun,City of Battle Creek Precinct 3,Commissioner 1st District,,REP,Kathy-Sue Vette,276
Calhoun,City of Battle Creek Precinct 3,Commissioner 1st District,,REP,Write-In,1
Calhoun,City of Battle Creek Precinct 3,Parks Millage Proposal,,,No,169
Calhoun,City of Battle Creek Precinct 3,Parks Millage Proposal,,,Yes,317
Calhoun,City of Battle Creek Precinct 3,Prosecuting Attorney,,DEM,Christopher B. Vreeland,193
Calhoun,City of Battle Creek Precinct 3,Prosecuting Attorney,,DEM,Write-In,0
Calhoun,City of Battle Creek Precinct 3,Prosecuting Attorney,,REP,David Gilbert,273
Calhoun,City of Battle Creek Precinct 3,Prosecuting Attorney,,REP,Write-In,3
Calhoun,City of Battle Creek Precinct 3,Registered Voters,,,,1675
Calhoun,City of Battle Creek Precinct 3,Senior Millage Renewal Proposal,,,No,89
Calhoun,City of Battle Creek Precinct 3,Senior Millage Renewal Proposal,,,Yes,395
Calhoun,City of Battle Creek Precinct 3,Sheriff,,DEM,Brad Palmer,183
Calhoun,City of Battle Creek Precinct 3,Sheriff,,DEM,Write-In,1
Calhoun,City of Battle Creek Precinct 3,Sheriff,,REP,Steve Hinkley,276
Calhoun,City of Battle Creek Precinct 3,Sheriff,,REP,Write-In,4
Calhoun,City of Battle Creek Precinct 3,State House,62,DEM,Jim Haadsma,203
Calhoun,City of Battle Creek Precinct 3,State House,62,DEM,Write-In,1
Calhoun,City of Battle Creek Precinct 3,State House,62,REP,Chad Baase,17
Calhoun,City of Battle Creek Precinct 3,State House,62,REP,Dave Morgan,233
Calhoun,City of Battle Creek Precinct 3,State House,62,REP,Michelle Gregoire,38
Calhoun,City of Battle Creek Precinct 3,State House,62,REP,Write-In,2
Calhoun,City of Battle Creek Precinct 3,Treasurer,,DEM,Michael Evans,188
Calhoun,City of Battle Creek Precinct 3,Treasurer,,DEM,Write-In,0
Calhoun,City of Battle Creek Precinct 3,Treasurer,,REP,Brian W. Wensauer,277
Calhoun,City of Battle Creek Precinct 3,Treasurer,,REP,Write-In,2
Calhoun,City of Battle Creek Precinct 3,U.S. House,3,DEM,Hillary Scholten,194
Calhoun,City of Battle Creek Precinct 3,U.S. House,3,DEM,Write-In,3
Calhoun,City of Battle Creek Precinct 3,U.S. House,3,REP,Emily Rafi,32
Calhoun,City of Battle Creek Precinct 3,U.S. House,3,REP,Joe Farrington,4
Calhoun,City of Battle Creek Precinct 3,U.S. House,3,REP,Lynn Afendoulis,56
Calhoun,City of Battle Creek Precinct 3,U.S. House,3,REP,Peter Meijer,151
Calhoun,City of Battle Creek Precinct 3,U.S. House,3,REP,Thomas J. Norton,48
Calhoun,City of Battle Creek Precinct 3,U.S. House,3,REP,Write-In,1
Calhoun,City of Battle Creek Precinct 3,U.S. Senate,,DEM,Gary Peters,209
Calhoun,City of Battle Creek Precinct 3,U.S. Senate,,DEM,Write-In,0
Calhoun,City of Battle Creek Precinct 3,U.S. Senate,,REP,John James,276
Calhoun,City of Battle Creek Precinct 3,U.S. Senate,,REP,Write-In,3
Calhoun,City of Battle Creek Precinct 3,Water Resources Commissioner,,DEM,Wayne Kukuk,190
Calhoun,City of Battle Creek Precinct 3,Water Resources Commissioner,,DEM,Write-In,0
Calhoun,City of Battle Creek Precinct 3,Water Resources Commissioner,,REP,Johnny Cash,160
Calhoun,City of Battle Creek Precinct 3,Water Resources Commissioner,,REP,Ron Smith,111
Calhoun,City of Battle Creek Precinct 3,Water Resources Commissioner,,REP,Write-In,1
Calhoun,City of Battle Creek Precinct 4,Ballots Cast,,,,244
Calhoun,City of Battle Creek Precinct 4,Battle Creek City Precinct 4 Delegate,,DEM,Write-In,25
Calhoun,City of Battle Creek Precinct 4,Battle Creek City Precinct 4 Delegate,,REP,Write-In,20
Calhoun,City of Battle Creek Precinct 4,Clerk/Register of Deeds,,DEM,Andy Helmboldt,130
Calhoun,City of Battle Creek Precinct 4,Clerk/Register of Deeds,,DEM,Write-In,1
Calhoun,City of Battle Creek Precinct 4,Clerk/Register of Deeds,,REP,Kimberly A. Hinkley,84
Calhoun,City of Battle Creek Precinct 4,Clerk/Register of Deeds,,REP,Write-In,0
Calhoun,City of Battle Creek Precinct 4,Commissioner 1st District,,DEM,Cayley Winters,130
Calhoun,City of Battle Creek Precinct 4,Commissioner 1st District,,DEM,Write-In,1
Calhoun,City of Battle Creek Precinct 4,Commissioner 1st District,,REP,Kathy-Sue Vette,83
Calhoun,City of Battle Creek Precinct 4,Commissioner 1st District,,REP,Write-In,0
Calhoun,City of Battle Creek Precinct 4,Parks Millage Proposal,,,No,73
Calhoun,City of Battle Creek Precinct 4,Parks Millage Proposal,,,Yes,141
Calhoun,City of Battle Creek Precinct 4,Prosecuting Attorney,,DEM,Christopher B. Vreeland,130
Calhoun,City of Battle Creek Precinct 4,Prosecuting Attorney,,DEM,Write-In,1
Calhoun,City of Battle Creek Precinct 4,Prosecuting Attorney,,REP,David Gilbert,86
Calhoun,City of Battle Creek Precinct 4,Prosecuting Attorney,,REP,Write-In,0
Calhoun,City of Battle Creek Precinct 4,Registered Voters,,,,1431
Calhoun,City of Battle Creek Precinct 4,Senior Millage Renewal Proposal,,,No,40
Calhoun,City of Battle Creek Precinct 4,Senior Millage Renewal Proposal,,,Yes,175
Calhoun,City of Battle Creek Precinct 4,Sheriff,,DEM,Brad Palmer,129
Calhoun,City of Battle Creek Precinct 4,Sheriff,,DEM,Write-In,0
Calhoun,City of Battle Creek Precinct 4,Sheriff,,REP,Steve Hinkley,86
Calhoun,City of Battle Creek Precinct 4,Sheriff,,REP,Write-In,0
Calhoun,City of Battle Creek Precinct 4,State House,62,DEM,Jim Haadsma,135
Calhoun,City of Battle Creek Precinct 4,State House,62,DEM,Write-In,0
Calhoun,City of Battle Creek Precinct 4,State House,62,REP,Chad Baase,5
Calhoun,City of Battle Creek Precinct 4,State House,62,REP,Dave Morgan,66
Calhoun,City of Battle Creek Precinct 4,State House,62,REP,Michelle Gregoire,14
Calhoun,City of Battle Creek Precinct 4,State House,62,REP,Write-In,0
Calhoun,City of Battle Creek Precinct 4,Treasurer,,DEM,Michael Evans,129
Calhoun,City of Battle Creek Precinct 4,Treasurer,,DEM,Write-In,2
Calhoun,City of Battle Creek Precinct 4,Treasurer,,REP,Brian W. Wensauer,84
Calhoun,City of Battle Creek Precinct 4,Treasurer,,REP,Write-In,0
Calhoun,City of Battle Creek Precinct 4,U.S. House,3,DEM,Hillary Scholten,130
Calhoun,City of Battle Creek Precinct 4,U.S. House,3,DEM,Write-In,1
Calhoun,City of Battle Creek Precinct 4,U.S. House,3,REP,Emily Rafi,10
Calhoun,City of Battle Creek Precinct 4,U.S. House,3,REP,Joe Farrington,0
Calhoun,City of Battle Creek Precinct 4,U.S. House,3,REP,Lynn Afendoulis,21
Calhoun,City of Battle Creek Precinct 4,U.S. House,3,REP,Peter Meijer,32
Calhoun,City of Battle Creek Precinct 4,U.S. House,3,REP,Thomas J. Norton,27
Calhoun,City of Battle Creek Precinct 4,U.S. House,3,REP,Write-In,0
Calhoun,City of Battle Creek Precinct 4,U.S. Senate,,DEM,Gary Peters,138
Calhoun,City of Battle Creek Precinct 4,U.S. Senate,,DEM,Write-In,1
Calhoun,City of Battle Creek Precinct 4,U.S. Senate,,REP,John James,90
Calhoun,City of Battle Creek Precinct 4,U.S. Senate,,REP,Write-In,1
Calhoun,City of Battle Creek Precinct 4,Water Resources Commissioner,,DEM,Wayne Kukuk,130
Calhoun,City of Battle Creek Precinct 4,Water Resources Commissioner,,DEM,Write-In,2
Calhoun,City of Battle Creek Precinct 4,Water Resources Commissioner,,REP,Johnny Cash,29
Calhoun,City of Battle Creek Precinct 4,Water Resources Commissioner,,REP,Ron Smith,53
Calhoun,City of Battle Creek Precinct 4,Water Resources Commissioner,,REP,Write-In,1
Calhoun,City of Battle Creek Precinct 5,Ballots Cast,,,,623
Calhoun,City of Battle Creek Precinct 5,Battle Creek City Precinct 5 Delegate,,DEM,Write-In,46
Calhoun,City of Battle Creek Precinct 5,Battle Creek City Precinct 5 Delegate,,REP,Write-In,58
Calhoun,City of Battle Creek Precinct 5,Clerk/Register of Deeds,,DEM,Andy Helmboldt,242
Calhoun,City of Battle Creek Precinct 5,Clerk/Register of Deeds,,DEM,Write-In,1
Calhoun,City of Battle Creek Precinct 5,Clerk/Register of Deeds,,REP,Kimberly A. Hinkley,303
Calhoun,City of Battle Creek Precinct 5,Clerk/Register of Deeds,,REP,Write-In,0
Calhoun,City of Battle Creek Precinct 5,Commissioner 1st District,,DEM,Cayley Winters,238
Calhoun,City of Battle Creek Precinct 5,Commissioner 1st District,,DEM,Write-In,2
Calhoun,City of Battle Creek Precinct 5,Commissioner 1st District,,REP,Kathy-Sue Vette,302
Calhoun,City of Battle Creek Precinct 5,Commissioner 1st District,,REP,Write-In,1
Calhoun,City of Battle Creek Precinct 5,Parks Millage Proposal,,,No,179
Calhoun,City of Battle Creek Precinct 5,Parks Millage Proposal,,,Yes,376
Calhoun,City of Battle Creek Precinct 5,Prosecuting Attorney,,DEM,Christopher B. Vreeland,238
Calhoun,City of Battle Creek Precinct 5,Prosecuting Attorney,,DEM,Write-In,2
Calhoun,City of Battle Creek Precinct 5,Prosecuting Attorney,,REP,David Gilbert,299
Calhoun,City of Battle Creek Precinct 5,Prosecuting Attorney,,REP,Write-In,2
Calhoun,City of Battle Creek Precinct 5,Registered Voters,,,,1759
Calhoun,City of Battle Creek Precinct 5,Senior Millage Renewal Proposal,,,No,78
Calhoun,City of Battle Creek Precinct 5,Senior Millage Renewal Proposal,,,Yes,485
Calhoun,City of Battle Creek Precinct 5,Sheriff,,DEM,Brad Palmer,226
Calhoun,City of Battle Creek Precinct 5,Sheriff,,DEM,Write-In,4
Calhoun,City of Battle Creek Precinct 5,Sheriff,,REP,Steve Hinkley,301
Calhoun,City of Battle Creek Precinct 5,Sheriff,,REP,Write-In,2
Calhoun,City of Battle Creek Precinct 5,State House,62,DEM,Jim Haadsma,253
Calhoun,City of Battle Creek Precinct 5,State House,62,DEM,Write-In,1
Calhoun,City of Battle Creek Precinct 5,State House,62,REP,Chad Baase,16
Calhoun,City of Battle Creek Precinct 5,State House,62,REP,Dave Morgan,228
Calhoun,City of Battle Creek Precinct 5,State House,62,REP,Michelle Gregoire,73
Calhoun,City of Battle Creek Precinct 5,State House,62,REP,Write-In,1
Calhoun,City of Battle Creek Precinct 5,Treasurer,,DEM,Michael Evans,238
Calhoun,City of Battle Creek Precinct 5,Treasurer,,DEM,Write-In,2
Calhoun,City of Battle Creek Precinct 5,Treasurer,,REP,Brian W. Wensauer,299
Calhoun,City of Battle Creek Precinct 5,Treasurer,,REP,Write-In,0
Calhoun,City of Battle Creek Precinct 5,U.S. House,3,DEM,Hillary Scholten,243
Calhoun,City of Battle Creek Precinct 5,U.S. House,3,DEM,Write-In,1
Calhoun,City of Battle Creek Precinct 5,U.S. House,3,REP,Emily Rafi,20
Calhoun,City of Battle Creek Precinct 5,U.S. House,3,REP,Joe Farrington,13
Calhoun,City of Battle Creek Precinct 5,U.S. House,3,REP,Lynn Afendoulis,56
Calhoun,City of Battle Creek Precinct 5,U.S. House,3,REP,Peter Meijer,185
Calhoun,City of Battle Creek Precinct 5,U.S. House,3,REP,Thomas J. Norton,47
Calhoun,City of Battle Creek Precinct 5,U.S. House,3,REP,Write-In,1
Calhoun,City of Battle Creek Precinct 5,U.S. Senate,,DEM,Gary Peters,254
Calhoun,City of Battle Creek Precinct 5,U.S. Senate,,DEM,Write-In,0
Calhoun,City of Battle Creek Precinct 5,U.S. Senate,,REP,John James,312
Calhoun,City of Battle Creek Precinct 5,U.S. Senate,,REP,Write-In,3
Calhoun,City of Battle Creek Precinct 5,Water Resources Commissioner,,DEM,Wayne Kukuk,239
Calhoun,City of Battle Creek Precinct 5,Water Resources Commissioner,,DEM,Write-In,3
Calhoun,City of Battle Creek Precinct 5,Water Resources Commissioner,,REP,Johnny Cash,137
Calhoun,City of Battle Creek Precinct 5,Water Resources Commissioner,,REP,Ron Smith,165
Calhoun,City of Battle Creek Precinct 5,Water Resources Commissioner,,REP,Write-In,1
Calhoun,City of Battle Creek Precinct 6,Ballots Cast,,,,625
Calhoun,City of Battle Creek Precinct 6,Battle Creek City Precinct 6 Delegate,,DEM,Diane J. Erwin,217
Calhoun,City of Battle Creek Precinct 6,Battle Creek City Precinct 6 Delegate,,DEM,Katie Reasons,236
Calhoun,City of Battle Creek Precinct 6,Battle Creek City Precinct 6 Delegate,,DEM,Mark E. Richards,215
Calhoun,City of Battle Creek Precinct 6,Battle Creek City Precinct 6 Delegate,,DEM,Robert E. Erwin,214
Calhoun,City of Battle Creek Precinct 6,Battle Creek City Precinct 6 Delegate,,DEM,Write-In,0
Calhoun,City of Battle Creek Precinct 6,Battle Creek City Precinct 6 Delegate,,REP,Jennifer Scudder,184
Calhoun,City of Battle Creek Precinct 6,Battle Creek City Precinct 6 Delegate,,REP,Ron Scudder,172
Calhoun,City of Battle Creek Precinct 6,Battle Creek City Precinct 6 Delegate,,REP,Write-In,3
Calhoun,City of Battle Creek Precinct 6,Clerk/Register of Deeds,,DEM,Andy Helmboldt,273
Calhoun,City of Battle Creek Precinct 6,Clerk/Register of Deeds,,DEM,Write-In,0
Calhoun,City of Battle Creek Precinct 6,Clerk/Register of Deeds,,REP,Kimberly A. Hinkley,262
Calhoun,City of Battle Creek Precinct 6,Clerk/Register of Deeds,,REP,Write-In,1
Calhoun,City of Battle Creek Precinct 6,Commissioner 3rd District,,DEM,Jake W. Smith,274
Calhoun,City of Battle Creek Precinct 6,Commissioner 3rd District,,DEM,Write-In,0
Calhoun,City of Battle Creek Precinct 6,Commissioner 3rd District,,REP,Hermann Spranger,240
Calhoun,City of Battle Creek Precinct 6,Commissioner 3rd District,,REP,Write-In,1
Calhoun,City of Battle Creek Precinct 6,Parks Millage Proposal,,,No,170
Calhoun,City of Battle Creek Precinct 6,Parks Millage Proposal,,,Yes,390
Calhoun,City of Battle Creek Precinct 6,Prosecuting Attorney,,DEM,Christopher B. Vreeland,268
Calhoun,City of Battle Creek Precinct 6,Prosecuting Attorney,,DEM,Write-In,0
Calhoun,City of Battle Creek Precinct 6,Prosecuting Attorney,,REP,David Gilbert,266
Calhoun,City of Battle Creek Precinct 6,Prosecuting Attorney,,REP,Write-In,1
Calhoun,City of Battle Creek Precinct 6,Registered Voters,,,,1834
Calhoun,City of Battle Creek Precinct 6,Senior Millage Renewal Proposal,,,No,81
Calhoun,City of Battle Creek Precinct 6,Senior Millage Renewal Proposal,,,Yes,482
Calhoun,City of Battle Creek Precinct 6,Sheriff,,DEM,Brad Palmer,272
Calhoun,City of Battle Creek Precinct 6,Sheriff,,DEM,Write-In,0
Calhoun,City of Battle Creek Precinct 6,Sheriff,,REP,Steve Hinkley,266
Calhoun,City of Battle Creek Precinct 6,Sheriff,,REP,Write-In,1
Calhoun,City of Battle Creek Precinct 6,State House,62,DEM,Jim Haadsma,282
Calhoun,City of Battle Creek Precinct 6,State House,62,DEM,Write-In,0
Calhoun,City of Battle Creek Precinct 6,State House,62,REP,Chad Baase,23
Calhoun,City of Battle Creek Precinct 6,State House,62,REP,Dave Morgan,213
Calhoun,City of Battle Creek Precinct 6,State House,62,REP,Michelle Gregoire,41
Calhoun,City of Battle Creek Precinct 6,State House,62,REP,Write-In,1
Calhoun,City of Battle Creek Precinct 6,Treasurer,,DEM,Michael Evans,267
Calhoun,City of Battle Creek Precinct 6,Treasurer,,DEM,Write-In,0
Calhoun,City of Battle Creek Precinct 6,Treasurer,,REP,Brian W. Wensauer,260
Calhoun,City of Battle Creek Precinct 6,Treasurer,,REP,Write-In,1
Calhoun,City of Battle Creek Precinct 6,U.S. House,3,DEM,Hillary Scholten,271
Calhoun,City of Battle Creek Precinct 6,U.S. House,3,DEM,Write-In,0
Calhoun,City of Battle Creek Precinct 6,U.S. House,3,REP,Emily Rafi,16
Calhoun,City of Battle Creek Precinct 6,U.S. House,3,REP,Joe Farrington,19
Calhoun,City of Battle Creek Precinct 6,U.S. House,3,REP,Lynn Afendoulis,72
Calhoun,City of Battle Creek Precinct 6,U.S. House,3,REP,Peter Meijer,122
Calhoun,City of Battle Creek Precinct 6,U.S. House,3,REP,Thomas J. Norton,48
Calhoun,City of Battle Creek Precinct 6,U.S. House,3,REP,Write-In,0
Calhoun,City of Battle Creek Precinct 6,U.S. Senate,,DEM,Gary Peters,282
Calhoun,City of Battle Creek Precinct 6,U.S. Senate,,DEM,Write-In,0
Calhoun,City of Battle Creek Precinct 6,U.S. Senate,,REP,John James,266
Calhoun,City of Battle Creek Precinct 6,U.S. Senate,,REP,Write-In,2
Calhoun,City of Battle Creek Precinct 6,Water Resources Commissioner,,DEM,Wayne Kukuk,269
Calhoun,City of Battle Creek Precinct 6,Water Resources Commissioner,,DEM,Write-In,0
Calhoun,City of Battle Creek Precinct 6,Water Resources Commissioner,,REP,Johnny Cash,113
Calhoun,City of Battle Creek Precinct 6,Water Resources Commissioner,,REP,Ron Smith,147
Calhoun,City of Battle Creek Precinct 6,Water Resources Commissioner,,REP,Write-In,1
Calhoun,City of Battle Creek Precinct 7,Ballots Cast,,,,129
Calhoun,City of Battle Creek Precinct 7,Battle Creek City Precinct 7 Delegate,,DEM,Write-In,47
Calhoun,City of Battle Creek Precinct 7,Battle Creek City Precinct 7 Delegate,,REP,Write-In,13
Calhoun,City of Battle Creek Precinct 7,Clerk/Register of Deeds,,DEM,Andy Helmboldt,80
Calhoun,City of Battle Creek Precinct 7,Clerk/Register of Deeds,,DEM,Write-In,0
Calhoun,City of Battle Creek Precinct 7,Clerk/Register of Deeds,,REP,Kimberly A. Hinkley,40
Calhoun,City of Battle Creek Precinct 7,Clerk/Register of Deeds,,REP,Write-In,0
Calhoun,City of Battle Creek Precinct 7,Commissioner 2nd District,,DEM,Rochelle Hatcher,80
Calhoun,City of Battle Creek Precinct 7,Commissioner 2nd District,,DEM,Write-In,0
Calhoun,City of Battle Creek Precinct 7,Commissioner 2nd District,,REP,Patrick A. O'Donnell,39
Calhoun,City of Battle Creek Precinct 7,Commissioner 2nd District,,REP,Write-In,0
Calhoun,City of Battle Creek Precinct 7,Parks Millage Proposal,,,No,36
Calhoun,City of Battle Creek Precinct 7,Parks Millage Proposal,,,Yes,72
Calhoun,City of Battle Creek Precinct 7,Prosecuting Attorney,,DEM,Christopher B. Vreeland,80
Calhoun,City of Battle Creek Precinct 7,Prosecuting Attorney,,DEM,Write-In,0
Calhoun,City of Battle Creek Precinct 7,Prosecuting Attorney,,REP,David Gilbert,41
Calhoun,City of Battle Creek Precinct 7,Prosecuting Attorney,,REP,Write-In,0
Calhoun,City of Battle Creek Precinct 7,Registered Voters,,,,1448
Calhoun,City of Battle Creek Precinct 7,Senior Millage Renewal Proposal,,,No,24
Calhoun,City of Battle Creek Precinct 7,Senior Millage Renewal Proposal,,,Yes,85
Calhoun,City of Battle Creek Precinct 7,Sheriff,,DEM,Brad Palmer,78
Calhoun,City of Battle Creek Precinct 7,Sheriff,,DEM,Write-In,0
Calhoun,City of Battle Creek Precinct 7,Sheriff,,REP,Steve Hinkley,41
Calhoun,City of Battle Creek Precinct 7,Sheriff,,REP,Write-In,0
Calhoun,City of Battle Creek Precinct 7,State House,62,DEM,Jim Haadsma,79
Calhoun,City of Battle Creek Precinct 7,State House,62,DEM,Write-In,1
Calhoun,City of Battle Creek Precinct 7,State House,62,REP,Chad Baase,5
Calhoun,City of Battle Creek Precinct 7,State House,62,REP,Dave Morgan,31
Calhoun,City of Battle Creek Precinct 7,State House,62,REP,Michelle Gregoire,6
Calhoun,City of Battle Creek Precinct 7,State House,62,REP,Write-In,0
Calhoun,City of Battle Creek Precinct 7,Treasurer,,DEM,Michael Evans,80
Calhoun,City of Battle Creek Precinct 7,Treasurer,,DEM,Write-In,0
Calhoun,City of Battle Creek Precinct 7,Treasurer,,REP,Brian W. Wensauer,40
Calhoun,City of Battle Creek Precinct 7,Treasurer,,REP,Write-In,0
Calhoun,City of Battle Creek Precinct 7,U.S. House,3,DEM,Hillary Scholten,79
Calhoun,City of Battle Creek Precinct 7,U.S. House,3,DEM,Write-In,0
Calhoun,City of Battle Creek Precinct 7,U.S. House,3,REP,Emily Rafi,2
Calhoun,City of Battle Creek Precinct 7,U.S. House,3,REP,Joe Farrington,5
Calhoun,City of Battle Creek Precinct 7,U.S. House,3,REP,Lynn Afendoulis,8
Calhoun,City of Battle Creek Precinct 7,U.S. House,3,REP,Peter Meijer,23
Calhoun,City of Battle Creek Precinct 7,U.S. House,3,REP,Thomas J. Norton,4
Calhoun,City of Battle Creek Precinct 7,U.S. House,3,REP,Write-In,0
Calhoun,City of Battle Creek Precinct 7,U.S. Senate,,DEM,Gary Peters,79
Calhoun,City of Battle Creek Precinct 7,U.S. Senate,,DEM,Write-In,2
Calhoun,City of Battle Creek Precinct 7,U.S. Senate,,REP,John James,39
Calhoun,City of Battle Creek Precinct 7,U.S. Senate,,REP,Write-In,0
Calhoun,City of Battle Creek Precinct 7,Water Resources Commissioner,,DEM,Wayne Kukuk,80
Calhoun,City of Battle Creek Precinct 7,Water Resources Commissioner,,DEM,Write-In,0
Calhoun,City of Battle Creek Precinct 7,Water Resources Commissioner,,REP,Johnny Cash,21
Calhoun,City of Battle Creek Precinct 7,Water Resources Commissioner,,REP,Ron Smith,19
Calhoun,City of Battle Creek Precinct 7,Water Resources Commissioner,,REP,Write-In,0
Calhoun,City of Battle Creek Precinct 8,Ballots Cast,,,,679
Calhoun,City of Battle Creek Precinct 8,Battle Creek City Precinct 8 Delegate,,DEM,Betsy Haadsma,255
Calhoun,City of Battle Creek Precinct 8,Battle Creek City Precinct 8 Delegate,,DEM,Jerry Haadsma,224
Calhoun,City of Battle Creek Precinct 8,Battle Creek City Precinct 8 Delegate,,DEM,Jon Haadsma,226
Calhoun,City of Battle Creek Precinct 8,Battle Creek City Precinct 8 Delegate,,DEM,Richard L. Heeres (write-in),2
Calhoun,City of Battle Creek Precinct 8,Battle Creek City Precinct 8 Delegate,,DEM,Susan Evelyn Heeres (write-in),2
Calhoun,City of Battle Creek Precinct 8,Battle Creek City Precinct 8 Delegate,,DEM,Tess Haadsma,231
Calhoun,City of Battle Creek Precinct 8,Battle Creek City Precinct 8 Delegate,,DEM,Write-In,20
Calhoun,City of Battle Creek Precinct 8,Battle Creek City Precinct 8 Delegate,,REP,Write-In,20
Calhoun,City of Battle Creek Precinct 8,Clerk/Register of Deeds,,DEM,Andy Helmboldt,312
Calhoun,City of Battle Creek Precinct 8,Clerk/Register of Deeds,,DEM,Write-In,0
Calhoun,City of Battle Creek Precinct 8,Clerk/Register of Deeds,,REP,Kimberly A. Hinkley,281
Calhoun,City of Battle Creek Precinct 8,Clerk/Register of Deeds,,REP,Write-In,1
Calhoun,City of Battle Creek Precinct 8,Commissioner 3rd District,,DEM,Jake W. Smith,309
Calhoun,City of Battle Creek Precinct 8,Commissioner 3rd District,,DEM,Write-In,0
Calhoun,City of Battle Creek Precinct 8,Commissioner 3rd District,,REP,Hermann Spranger,263
Calhoun,City of Battle Creek Precinct 8,Commissioner 3rd District,,REP,Write-In,1
Calhoun,City of Battle Creek Precinct 8,Parks Millage Proposal,,,No,175
Calhoun,City of Battle Creek Precinct 8,Parks Millage Proposal,,,Yes,433
Calhoun,City of Battle Creek Precinct 8,Prosecuting Attorney,,DEM,Christopher B. Vreeland,308
Calhoun,City of Battle Creek Precinct 8,Prosecuting Attorney,,DEM,Write-In,0
Calhoun,City of Battle Creek Precinct 8,Prosecuting Attorney,,REP,David Gilbert,290
Calhoun,City of Battle Creek Precinct 8,Prosecuting Attorney,,REP,Write-In,1
Calhoun,City of Battle Creek Precinct 8,Registered Voters,,,,1995
Calhoun,City of Battle Creek Precinct 8,Senior Millage Renewal Proposal,,,No,95
Calhoun,City of Battle Creek Precinct 8,Senior Millage Renewal Proposal,,,Yes,513
Calhoun,City of Battle Creek Precinct 8,Sheriff,,DEM,Brad Palmer,303
Calhoun,City of Battle Creek Precinct 8,Sheriff,,DEM,Write-In,1
Calhoun,City of Battle Creek Precinct 8,Sheriff,,REP,Steve Hinkley,285
Calhoun,City of Battle Creek Precinct 8,Sheriff,,REP,Write-In,2
Calhoun,City of Battle Creek Precinct 8,State House,62,DEM,Jim Haadsma,321
Calhoun,City of Battle Creek Precinct 8,State House,62,DEM,Write-In,1
Calhoun,City of Battle Creek Precinct 8,State House,62,REP,Chad Baase,13
Calhoun,City of Battle Creek Precinct 8,State House,62,REP,Dave Morgan,210
Calhoun,City of Battle Creek Precinct 8,State House,62,REP,Michelle Gregoire,70
Calhoun,City of Battle Creek Precinct 8,State House,62,REP,Write-In,1
Calhoun,City of Battle Creek Precinct 8,Treasurer,,DEM,Michael Evans,306
Calhoun,City of Battle Creek Precinct 8,Treasurer,,DEM,Write-In,0
Calhoun,City of Battle Creek Precinct 8,Treasurer,,REP,Brian W. Wensauer,281
Calhoun,City of Battle Creek Precinct 8,Treasurer,,REP,Write-In,3
Calhoun,City of Battle Creek Precinct 8,U.S. House,3,DEM,Hillary Scholten,312
Calhoun,City of Battle Creek Precinct 8,U.S. House,3,DEM,Write-In,0
Calhoun,City of Battle Creek Precinct 8,U.S. House,3,REP,Emily Rafi,21
Calhoun,City of Battle Creek Precinct 8,U.S. House,3,REP,Joe Farrington,9
Calhoun,City of Battle Creek Precinct 8,U.S. House,3,REP,Lynn Afendoulis,60
Calhoun,City of Battle Creek Precinct 8,U.S. House,3,REP,Peter Meijer,166
Calhoun,City of Battle Creek Precinct 8,U.S. House,3,REP,Thomas J. Norton,50
Calhoun,City of Battle Creek Precinct 8,U.S. House,3,REP,Write-In,0
Calhoun,City of Battle Creek Precinct 8,U.S. Senate,,DEM,Gary Peters,323
Calhoun,City of Battle Creek Precinct 8,U.S. Senate,,DEM,Write-In,0
Calhoun,City of Battle Creek Precinct 8,U.S. Senate,,REP,John James,297
Calhoun,City of Battle Creek Precinct 8,U.S. Senate,,REP,Write-In,2
Calhoun,City of Battle Creek Precinct 8,Water Resources Commissioner,,DEM,Wayne Kukuk,301
Calhoun,City of Battle Creek Precinct 8,Water Resources Commissioner,,DEM,Write-In,1
Calhoun,City of Battle Creek Precinct 8,Water Resources Commissioner,,REP,Johnny Cash,124
Calhoun,City of Battle Creek Precinct 8,Water Resources Commissioner,,REP,Ron Smith,157
Calhoun,City of Battle Creek Precinct 8,Water Resources Commissioner,,REP,Write-In,1
Calhoun,City of Battle Creek Precinct 9,Ballots Cast,,,,398
Calhoun,City of Battle Creek Precinct 9,Battle Creek City Precinct 9 Delegate,,DEM,Write-In,45
Calhoun,City of Battle Creek Precinct 9,Battle Creek City Precinct 9 Delegate,,REP,Write-In,32
Calhoun,City of Battle Creek Precinct 9,Clerk/Register of Deeds,,DEM,Andy Helmboldt,191
Calhoun,City of Battle Creek Precinct 9,Clerk/Register of Deeds,,DEM,Write-In,0
Calhoun,City of Battle Creek Precinct 9,Clerk/Register of Deeds,,REP,Kimberly A. Hinkley,140
Calhoun,City of Battle Creek Precinct 9,Clerk/Register of Deeds,,REP,Write-In,0
Calhoun,City of Battle Creek Precinct 9,Commissioner 3rd District,,DEM,Jake W. Smith,194
Calhoun,City of Battle Creek Precinct 9,Commissioner 3rd District,,DEM,Write-In,2
Calhoun,City of Battle Creek Precinct 9,Commissioner 3rd District,,REP,Hermann Spranger,133
Calhoun,City of Battle Creek Precinct 9,Commissioner 3rd District,,REP,Write-In,1
Calhoun,City of Battle Creek Precinct 9,Parks Millage Proposal,,,No,95
Calhoun,City of Battle Creek Precinct 9,Parks Millage Proposal,,,Yes,249
Calhoun,City of Battle Creek Precinct 9,Prosecuting Attorney,,DEM,Christopher B. Vreeland,189
Calhoun,City of Battle Creek Precinct 9,Prosecuting Attorney,,DEM,Write-In,0
Calhoun,City of Battle Creek Precinct 9,Prosecuting Attorney,,REP,David Gilbert,142
Calhoun,City of Battle Creek Precinct 9,Prosecuting Attorney,,REP,Write-In,1
Calhoun,City of Battle Creek Precinct 9,Registered Voters,,,,1543
Calhoun,City of Battle Creek Precinct 9,Senior Millage Renewal Proposal,,,No,54
Calhoun,City of Battle Creek Precinct 9,Senior Millage Renewal Proposal,,,Yes,293
Calhoun,City of Battle Creek Precinct 9,Sheriff,,DEM,Brad Palmer,198
Calhoun,City of Battle Creek Precinct 9,Sheriff,,DEM,Write-In,0
Calhoun,City of Battle Creek Precinct 9,Sheriff,,REP,Steve Hinkley,142
Calhoun,City of Battle Creek Precinct 9,Sheriff,,REP,Write-In,1
Calhoun,City of Battle Creek Precinct 9,State House,62,DEM,Jim Haadsma,198
Calhoun,City of Battle Creek Precinct 9,State House,62,DEM,Write-In,0
Calhoun,City of Battle Creek Precinct 9,State House,62,REP,Chad Baase,6
Calhoun,City of Battle Creek Precinct 9,State House,62,REP,Dave Morgan,121
Calhoun,City of Battle Creek Precinct 9,State House,62,REP,Michelle Gregoire,24
Calhoun,City of Battle Creek Precinct 9,State House,62,REP,Write-In,0
Calhoun,City of Battle Creek Precinct 9,Treasurer,,DEM,Michael Evans,190
Calhoun,City of Battle Creek Precinct 9,Treasurer,,DEM,Write-In,1
Calhoun,City of Battle Creek Precinct 9,Treasurer,,REP,Brian W. Wensauer,139
Calhoun,City of Battle Creek Precinct 9,Treasurer,,REP,Write-In,0
Calhoun,City of Battle Creek Precinct 9,U.S. House,3,DEM,Hillary Scholten,196
Calhoun,City of Battle Creek Precinct 9,U.S. House,3,DEM,Write-In,0
Calhoun,City of Battle Creek Precinct 9,U.S. House,3,REP,Emily Rafi,15
Calhoun,City of Battle Creek Precinct 9,U.S. House,3,REP,Joe Farrington,7
Calhoun,City of Battle Creek Precinct 9,U.S. House,3,REP,Lynn Afendoulis,35
Calhoun,City of Battle Creek Precinct 9,U.S. House,3,REP,Peter Meijer,71
Calhoun,City of Battle Creek Precinct 9,U.S. House,3,REP,Thomas J. Norton,29
Calhoun,City of Battle Creek Precinct 9,U.S. House,3,REP,Write-In,0
Calhoun,City of Battle Creek Precinct 9,U.S. Senate,,DEM,Gary Peters,197
Calhoun,City of Battle Creek Precinct 9,U.S. Senate,,DEM,Write-In,1
Calhoun,City of Battle Creek Precinct 9,U.S. Senate,,REP,John James,149
Calhoun,City of Battle Creek Precinct 9,U.S. Senate,,REP,Write-In,2
Calhoun,City of Battle Creek Precinct 9,Water Resources Commissioner,,DEM,Wayne Kukuk,194
Calhoun,City of Battle Creek Precinct 9,Water Resources Commissioner,,DEM,Write-In,0
Calhoun,City of Battle Creek Precinct 9,Water Resources Commissioner,,REP,Johnny Cash,92
Calhoun,City of Battle Creek Precinct 9,Water Resources Commissioner,,REP,Ron Smith,45
Calhoun,City of Battle Creek Precinct 9,Water Resources Commissioner,,REP,Write-In,0
Calhoun,City of Marshall Precinct 1,Ballots Cast,,,,798
Calhoun,City of Marshall Precinct 1,City of Marshall Annual Trash Leaf and Brush Millage Proposal,,,No,106
Calhoun,City of Marshall Precinct 1,City of Marshall Annual Trash Leaf and Brush Millage Proposal,,,Yes,659
Calhoun,City of Marshall Precinct 1,Clerk/Register of Deeds,,DEM,Andy Helmboldt,337
Calhoun,City of Marshall Precinct 1,Clerk/Register of Deeds,,DEM,Write-In,0
Calhoun,City of Marshall Precinct 1,Clerk/Register of Deeds,,REP,Kimberly A. Hinkley,306
Calhoun,City of Marshall Precinct 1,Clerk/Register of Deeds,,REP,Write-In,1
Calhoun,City of Marshall Precinct 1,Commissioner 6th District,,DEM,Curt Osborn,334
Calhoun,City of Marshall Precinct 1,Commissioner 6th District,,DEM,Write-In,0
Calhoun,City of Marshall Precinct 1,Commissioner 6th District,,REP,Tommy Miller,190
Calhoun,City of Marshall Precinct 1,Commissioner 6th District,,REP,Victor R. Potter,154
Calhoun,City of Marshall Precinct 1,Commissioner 6th District,,REP,Write-In,1
Calhoun,City of Marshall Precinct 1,Marshall City Precinct 1 Delegate,,DEM,Craig Coulon,220
Calhoun,City of Marshall Precinct 1,Marshall City Precinct 1 Delegate,,DEM,Harry Marshall,220
Calhoun,City of Marshall Precinct 1,Marshall City Precinct 1 Delegate,,DEM,Miriam Holbrook,283
Calhoun,City of Marshall Precinct 1,Marshall City Precinct 1 Delegate,,DEM,Write-In,1
Calhoun,City of Marshall Precinct 1,Marshall City Precinct 1 Delegate,,REP,Write-In,43
Calhoun,City of Marshall Precinct 1,Parks Millage Proposal,,,No,199
Calhoun,City of Marshall Precinct 1,Parks Millage Proposal,,,Yes,562
Calhoun,City of Marshall Precinct 1,Prosecuting Attorney,,DEM,Christopher B. Vreeland,336
Calhoun,City of Marshall Precinct 1,Prosecuting Attorney,,DEM,Write-In,0
Calhoun,City of Marshall Precinct 1,Prosecuting Attorney,,REP,David Gilbert,304
Calhoun,City of Marshall Precinct 1,Prosecuting Attorney,,REP,Write-In,0
Calhoun,City of Marshall Precinct 1,Registered Voters,,,,2952
Calhoun,City of Marshall Precinct 1,Senior Millage Renewal Proposal,,,No,93
Calhoun,City of Marshall Precinct 1,Senior Millage Renewal Proposal,,,Yes,672
Calhoun,City of Marshall Precinct 1,Sheriff,,DEM,Brad Palmer,331
Calhoun,City of Marshall Precinct 1,Sheriff,,DEM,Write-In,2
Calhoun,City of Marshall Precinct 1,Sheriff,,REP,Steve Hinkley,314
Calhoun,City of Marshall Precinct 1,Sheriff,,REP,Write-In,1
Calhoun,City of Marshall Precinct 1,State House,63,DEM,Luke Howell,147
Calhoun,City of Marshall Precinct 1,State House,63,DEM,Ron Hawkins,165
Calhoun,City of Marshall Precinct 1,State House,63,DEM,Write-In,0
Calhoun,City of Marshall Precinct 1,State House,63,REP,Matt Hall,307
Calhoun,City of Marshall Precinct 1,State House,63,REP,Write-In,2
Calhoun,City of Marshall Precinct 1,Treasurer,,DEM,Michael Evans,339
Calhoun,City of Marshall Precinct 1,Treasurer,,DEM,Write-In,0
Calhoun,City of Marshall Precinct 1,Treasurer,,REP,Brian W. Wensauer,294
Calhoun,City of Marshall Precinct 1,Treasurer,,REP,Write-In,1
Calhoun,City of Marshall Precinct 1,U.S. House,3,DEM,Hillary Scholten,339
Calhoun,City of Marshall Precinct 1,U.S. House,3,DEM,Write-In,0
Calhoun,City of Marshall Precinct 1,U.S. House,3,REP,Emily Rafi,22
Calhoun,City of Marshall Precinct 1,U.S. House,3,REP,Joe Farrington,17
Calhoun,City of Marshall Precinct 1,U.S. House,3,REP,Lynn Afendoulis,76
Calhoun,City of Marshall Precinct 1,U.S. House,3,REP,Peter Meijer,153
Calhoun,City of Marshall Precinct 1,U.S. House,3,REP,Thomas J. Norton,62
Calhoun,City of Marshall Precinct 1,U.S. House,3,REP,Write-In,1
Calhoun,City of Marshall Precinct 1,U.S. Senate,,DEM,Gary Peters,349
Calhoun,City of Marshall Precinct 1,U.S. Senate,,DEM,Write-In,0
Calhoun,City of Marshall Precinct 1,U.S. Senate,,REP,John James,303
Calhoun,City of Marshall Precinct 1,U.S. Senate,,REP,Write-In,2
Calhoun,City of Marshall Precinct 1,Water Resources Commissioner,,DEM,Wayne Kukuk,336
Calhoun,City of Marshall Precinct 1,Water Resources Commissioner,,DEM,Write-In,0
Calhoun,City of Marshall Precinct 1,Water Resources Commissioner,,REP,Johnny Cash,97
Calhoun,City of Marshall Precinct 1,Water Resources Commissioner,,REP,Ron Smith,216
Calhoun,City of Marshall Precinct 1,Water Resources Commissioner,,REP,Write-In,0
Calhoun,City of Marshall Precinct 2,Ballots Cast,,,,994
Calhoun,City of Marshall Precinct 2,City of Marshall Annual Trash Leaf and Brush Millage Proposal,,,No,141
Calhoun,City of Marshall Precinct 2,City of Marshall Annual Trash Leaf and Brush Millage Proposal,,,Yes,801
Calhoun,City of Marshall Precinct 2,Clerk/Register of Deeds,,DEM,Andy Helmboldt,431
Calhoun,City of Marshall Precinct 2,Clerk/Register of Deeds,,DEM,Write-In,1
Calhoun,City of Marshall Precinct 2,Clerk/Register of Deeds,,REP,Kimberly A. Hinkley,397
Calhoun,City of Marshall Precinct 2,Clerk/Register of Deeds,,REP,Write-In,0
Calhoun,City of Marshall Precinct 2,Commissioner 6th District,,DEM,Curt Osborn,436
Calhoun,City of Marshall Precinct 2,Commissioner 6th District,,DEM,Write-In,1
Calhoun,City of Marshall Precinct 2,Commissioner 6th District,,REP,Tommy Miller,163
Calhoun,City of Marshall Precinct 2,Commissioner 6th District,,REP,Victor R. Potter,280
Calhoun,City of Marshall Precinct 2,Commissioner 6th District,,REP,Write-In,0
Calhoun,City of Marshall Precinct 2,Marshall City Precinct 2 Delegate,,DEM,Eva Christine Wettle,399
Calhoun,City of Marshall Precinct 2,Marshall City Precinct 2 Delegate,,DEM,Steve Wettle,346
Calhoun,City of Marshall Precinct 2,Marshall City Precinct 2 Delegate,,DEM,Write-In,6
Calhoun,City of Marshall Precinct 2,Marshall City Precinct 2 Delegate,,REP,Write-In,97
Calhoun,City of Marshall Precinct 2,Parks Millage Proposal,,,No,250
Calhoun,City of Marshall Precinct 2,Parks Millage Proposal,,,Yes,688
Calhoun,City of Marshall Precinct 2,Prosecuting Attorney,,DEM,Christopher B. Vreeland,438
Calhoun,City of Marshall Precinct 2,Prosecuting Attorney,,DEM,Write-In,0
Calhoun,City of Marshall Precinct 2,Prosecuting Attorney,,REP,David Gilbert,401
Calhoun,City of Marshall Precinct 2,Prosecuting Attorney,,REP,Write-In,1
Calhoun,City of Marshall Precinct 2,Registered Voters,,,,2802
Calhoun,City of Marshall Precinct 2,Senior Millage Renewal Proposal,,,No,85
Calhoun,City of Marshall Precinct 2,Senior Millage Renewal Proposal,,,Yes,859
Calhoun,City of Marshall Precinct 2,Sheriff,,DEM,Brad Palmer,430
Calhoun,City of Marshall Precinct 2,Sheriff,,DEM,Write-In,1
Calhoun,City of Marshall Precinct 2,Sheriff,,REP,Steve Hinkley,406
Calhoun,City of Marshall Precinct 2,Sheriff,,REP,Write-In,1
Calhoun,City of Marshall Precinct 2,State House,63,DEM,Luke Howell,234
Calhoun,City of Marshall Precinct 2,State House,63,DEM,Ron Hawkins,175
Calhoun,City of Marshall Precinct 2,State House,63,DEM,Write-In,0
Calhoun,City of Marshall Precinct 2,State House,63,REP,Matt Hall,405
Calhoun,City of Marshall Precinct 2,State House,63,REP,Write-In,3
Calhoun,City of Marshall Precinct 2,Treasurer,,DEM,Michael Evans,431
Calhoun,City of Marshall Precinct 2,Treasurer,,DEM,Write-In,2
Calhoun,City of Marshall Precinct 2,Treasurer,,REP,Brian W. Wensauer,384
Calhoun,City of Marshall Precinct 2,Treasurer,,REP,Write-In,1
Calhoun,City of Marshall Precinct 2,U.S. House,3,DEM,Hillary Scholten,450
Calhoun,City of Marshall Precinct 2,U.S. House,3,DEM,Write-In,0
Calhoun,City of Marshall Precinct 2,U.S. House,3,REP,Emily Rafi,29
Calhoun,City of Marshall Precinct 2,U.S. House,3,REP,Joe Farrington,21
Calhoun,City of Marshall Precinct 2,U.S. House,3,REP,Lynn Afendoulis,79
Calhoun,City of Marshall Precinct 2,U.S. House,3,REP,Peter Meijer,202
Calhoun,City of Marshall Precinct 2,U.S. House,3,REP,Thomas J. Norton,94
Calhoun,City of Marshall Precinct 2,U.S. House,3,REP,Write-In,3
Calhoun,City of Marshall Precinct 2,U.S. Senate,,DEM,Gary Peters,456
Calhoun,City of Marshall Precinct 2,U.S. Senate,,DEM,Write-In,1
Calhoun,City of Marshall Precinct 2,U.S. Senate,,REP,John James,396
Calhoun,City of Marshall Precinct 2,U.S. Senate,,REP,Write-In,4
Calhoun,City of Marshall Precinct 2,Water Resources Commissioner,,DEM,Wayne Kukuk,431
Calhoun,City of Marshall Precinct 2,Water Resources Commissioner,,DEM,Write-In,0
Calhoun,City of Marshall Precinct 2,Water Resources Commissioner,,REP,Johnny Cash,159
Calhoun,City of Marshall Precinct 2,Water Resources Commissioner,,REP,Ron Smith,234
Calhoun,City of Marshall Precinct 2,Water Resources Commissioner,,REP,Write-In,1
Calhoun,City of Springfield Precinct 1,Ballots Cast,,,,338
Calhoun,City of Springfield Precinct 1,Clerk/Register of Deeds,,DEM,Andy Helmboldt,140
Calhoun,City of Springfield Precinct 1,Clerk/Register of Deeds,,DEM,Write-In,0
Calhoun,City of Springfield Precinct 1,Clerk/Register of Deeds,,REP,Kimberly A. Hinkley,156
Calhoun,City of Springfield Precinct 1,Clerk/Register of Deeds,,REP,Write-In,0
Calhoun,City of Springfield Precinct 1,Commissioner 1st District,,DEM,Cayley Winters,138
Calhoun,City of Springfield Precinct 1,Commissioner 1st District,,DEM,Write-In,0
Calhoun,City of Springfield Precinct 1,Commissioner 1st District,,REP,Kathy-Sue Vette,153
Calhoun,City of Springfield Precinct 1,Commissioner 1st District,,REP,Write-In,0
Calhoun,City of Springfield Precinct 1,Parks Millage Proposal,,,No,102
Calhoun,City of Springfield Precinct 1,Parks Millage Proposal,,,Yes,195
Calhoun,City of Springfield Precinct 1,Prosecuting Attorney,,DEM,Christopher B. Vreeland,142
Calhoun,City of Springfield Precinct 1,Prosecuting Attorney,,DEM,Write-In,0
Calhoun,City of Springfield Precinct 1,Prosecuting Attorney,,REP,David Gilbert,156
Calhoun,City of Springfield Precinct 1,Prosecuting Attorney,,REP,Write-In,0
Calhoun,City of Springfield Precinct 1,Registered Voters,,,,1748
Calhoun,City of Springfield Precinct 1,Senior Millage Renewal Proposal,,,No,36
Calhoun,City of Springfield Precinct 1,Senior Millage Renewal Proposal,,,Yes,261
Calhoun,City of Springfield Precinct 1,Sheriff,,DEM,Brad Palmer,138
Calhoun,City of Springfield Precinct 1,Sheriff,,DEM,Write-In,2
Calhoun,City of Springfield Precinct 1,Sheriff,,REP,Steve Hinkley,157
Calhoun,City of Springfield Precinct 1,Sheriff,,REP,Write-In,0
Calhoun,City of Springfield Precinct 1,Springfield City Precinct 1 Delegate,,DEM,Pamela Groat,135
Calhoun,City of Springfield Precinct 1,Springfield City Precinct 1 Delegate,,DEM,Write-In,0
Calhoun,City of Springfield Precinct 1,Springfield City Precinct 1 Delegate,,REP,Write-In,43
Calhoun,City of Springfield Precinct 1,State House,62,DEM,Jim Haadsma,144
Calhoun,City of Springfield Precinct 1,State House,62,DEM,Write-In,0
Calhoun,City of Springfield Precinct 1,State House,62,REP,Chad Baase,6
Calhoun,City of Springfield Precinct 1,State House,62,REP,Dave Morgan,110
Calhoun,City of Springfield Precinct 1,State House,62,REP,Michelle Gregoire,43
Calhoun,City of Springfield Precinct 1,State House,62,REP,Write-In,1
Calhoun,City of Springfield Precinct 1,Treasurer,,DEM,Michael Evans,138
Calhoun,City of Springfield Precinct 1,Treasurer,,DEM,Write-In,0
Calhoun,City of Springfield Precinct 1,Treasurer,,REP,Brian W. Wensauer,152
Calhoun,City of Springfield Precinct 1,Treasurer,,REP,Write-In,0
Calhoun,City of Springfield Precinct 1,U.S. House,3,DEM,Hillary Scholten,140
Calhoun,City of Springfield Precinct 1,U.S. House,3,DEM,Write-In,0
Calhoun,City of Springfield Precinct 1,U.S. House,3,REP,Emily Rafi,17
Calhoun,City of Springfield Precinct 1,U.S. House,3,REP,Joe Farrington,10
Calhoun,City of Springfield Precinct 1,U.S. House,3,REP,Lynn Afendoulis,49
Calhoun,City of Springfield Precinct 1,U.S. House,3,REP,Peter Meijer,60
Calhoun,City of Springfield Precinct 1,U.S. House,3,REP,Thomas J. Norton,33
Calhoun,City of Springfield Precinct 1,U.S. House,3,REP,Write-In,0
Calhoun,City of Springfield Precinct 1,U.S. Senate,,DEM,Gary Peters,138
Calhoun,City of Springfield Precinct 1,U.S. Senate,,DEM,Write-In,1
Calhoun,City of Springfield Precinct 1,U.S. Senate,,REP,John James,152
Calhoun,City of Springfield Precinct 1,U.S. Senate,,REP,Write-In,1
Calhoun,City of Springfield Precinct 1,Water Resources Commissioner,,DEM,Wayne Kukuk,139
Calhoun,City of Springfield Precinct 1,Water Resources Commissioner,,DEM,Write-In,0
Calhoun,City of Springfield Precinct 1,Water Resources Commissioner,,REP,Johnny Cash,74
Calhoun,City of Springfield Precinct 1,Water Resources Commissioner,,REP,Ron Smith,82
Calhoun,City of Springfield Precinct 1,Water Resources Commissioner,,REP,Write-In,2
Calhoun,City of Springfield Precinct 2,Ballots Cast,,,,238
Calhoun,City of Springfield Precinct 2,Clerk/Register of Deeds,,DEM,Andy Helmboldt,125
Calhoun,City of Springfield Precinct 2,Clerk/Register of Deeds,,DEM,Write-In,1
Calhoun,City of Springfield Precinct 2,Clerk/Register of Deeds,,REP,Kimberly A. Hinkley,81
Calhoun,City of Springfield Precinct 2,Clerk/Register of Deeds,,REP,Write-In,0
Calhoun,City of Springfield Precinct 2,Commissioner 1st District,,DEM,Cayley Winters,124
Calhoun,City of Springfield Precinct 2,Commissioner 1st District,,DEM,Write-In,0
Calhoun,City of Springfield Precinct 2,Commissioner 1st District,,REP,Kathy-Sue Vette,82
Calhoun,City of Springfield Precinct 2,Commissioner 1st District,,REP,Write-In,0
Calhoun,City of Springfield Precinct 2,Parks Millage Proposal,,,No,49
Calhoun,City of Springfield Precinct 2,Parks Millage Proposal,,,Yes,158
Calhoun,City of Springfield Precinct 2,Prosecuting Attorney,,DEM,Christopher B. Vreeland,125
Calhoun,City of Springfield Precinct 2,Prosecuting Attorney,,DEM,Write-In,0
Calhoun,City of Springfield Precinct 2,Prosecuting Attorney,,REP,David Gilbert,80
Calhoun,City of Springfield Precinct 2,Prosecuting Attorney,,REP,Write-In,0
Calhoun,City of Springfield Precinct 2,Registered Voters,,,,1673
Calhoun,City of Springfield Precinct 2,Senior Millage Renewal Proposal,,,No,19
Calhoun,City of Springfield Precinct 2,Senior Millage Renewal Proposal,,,Yes,189
Calhoun,City of Springfield Precinct 2,Sheriff,,DEM,Brad Palmer,124
Calhoun,City of Springfield Precinct 2,Sheriff,,DEM,Write-In,0
Calhoun,City of Springfield Precinct 2,Sheriff,,REP,Steve Hinkley,83
Calhoun,City of Springfield Precinct 2,Sheriff,,REP,Write-In,0
Calhoun,City of Springfield Precinct 2,Springfield City Precinct 2 Delegate,,DEM,Carey J. Whitfield,118
Calhoun,City of Springfield Precinct 2,Springfield City Precinct 2 Delegate,,DEM,Write-In,1
Calhoun,City of Springfield Precinct 2,Springfield City Precinct 2 Delegate,,REP,Write-In,21
Calhoun,City of Springfield Precinct 2,State House,62,DEM,Jim Haadsma,126
Calhoun,City of Springfield Precinct 2,State House,62,DEM,Write-In,0
Calhoun,City of Springfield Precinct 2,State House,62,REP,Chad Baase,8
Calhoun,City of Springfield Precinct 2,State House,62,REP,Dave Morgan,61
Calhoun,City of Springfield Precinct 2,State House,62,REP,Michelle Gregoire,16
Calhoun,City of Springfield Precinct 2,State House,62,REP,Write-In,0
Calhoun,City of Springfield Precinct 2,Treasurer,,DEM,Michael Evans,124
Calhoun,City of Springfield Precinct 2,Treasurer,,DEM,Write-In,0
Calhoun,City of Springfield Precinct 2,Treasurer,,REP,Brian W. Wensauer,80
Calhoun,City of Springfield Precinct 2,Treasurer,,REP,Write-In,0
Calhoun,City of Springfield Precinct 2,U.S. House,3,DEM,Hillary Scholten,124
Calhoun,City of Springfield Precinct 2,U.S. House,3,DEM,Write-In,0
Calhoun,City of Springfield Precinct 2,U.S. House,3,REP,Emily Rafi,5
Calhoun,City of Springfield Precinct 2,U.S. House,3,REP,Joe Farrington,5
Calhoun,City of Springfield Precinct 2,U.S. House,3,REP,Lynn Afendoulis,18
Calhoun,City of Springfield Precinct 2,U.S. House,3,REP,Peter Meijer,43
Calhoun,City of Springfield Precinct 2,U.S. House,3,REP,Thomas J. Norton,15
Calhoun,City of Springfield Precinct 2,U.S. House,3,REP,Write-In,0
Calhoun,City of Springfield Precinct 2,U.S. Senate,,DEM,Gary Peters,128
Calhoun,City of Springfield Precinct 2,U.S. Senate,,DEM,Write-In,0
Calhoun,City of Springfield Precinct 2,U.S. Senate,,REP,John James,83
Calhoun,City of Springfield Precinct 2,U.S. Senate,,REP,Write-In,1
Calhoun,City of Springfield Precinct 2,Water Resources Commissioner,,DEM,Wayne Kukuk,124
Calhoun,City of Springfield Precinct 2,Water Resources Commissioner,,DEM,Write-In,0
Calhoun,City of Springfield Precinct 2,Water Resources Commissioner,,REP,Johnny Cash,42
Calhoun,City of Springfield Precinct 2,Water Resources Commissioner,,REP,Ron Smith,40
Calhoun,City of Springfield Precinct 2,Water Resources Commissioner,,REP,Write-In,0
Calhoun,Clarence Township Precinct 1,Ballots Cast,,,,576
Calhoun,Clarence Township Precinct 1,Clarence Township Clerk,,DEM,Write-In,14
Calhoun,Clarence Township Precinct 1,Clarence Township Clerk,,REP,Sheryl A. Proteau,331
Calhoun,Clarence Township Precinct 1,Clarence Township Clerk,,REP,Write-In,3
Calhoun,Clarence Township Precinct 1,Clarence Township Supervisor,,DEM,Write-In,16
Calhoun,Clarence Township Precinct 1,Clarence Township Supervisor,,REP,Linda Kubiak,303
Calhoun,Clarence Township Precinct 1,Clarence Township Supervisor,,REP,Write-In,5
Calhoun,Clarence Township Precinct 1,Clarence Township Treasurer,,DEM,Sue Ann Ott,124
Calhoun,Clarence Township Precinct 1,Clarence Township Treasurer,,DEM,Write-In,0
Calhoun,Clarence Township Precinct 1,Clarence Township Treasurer,,REP,Write-In,21
Calhoun,Clarence Township Precinct 1,Clarence Township Trustee,,DEM,Walter Obrinske,120
Calhoun,Clarence Township Precinct 1,Clarence Township Trustee,,DEM,Write-In,0
Calhoun,Clarence Township Precinct 1,Clarence Township Trustee,,REP,Ben Dancer,195
Calhoun,Clarence Township Precinct 1,Clarence Township Trustee,,REP,Terry L. Siefert,241
Calhoun,Clarence Township Precinct 1,Clarence Township Trustee,,REP,Write-In,10
Calhoun,Clarence Township Precinct 1,Clarence Twp Precinct 1 Delegate,,DEM,Write-In,11
Calhoun,Clarence Township Precinct 1,Clarence Twp Precinct 1 Delegate,,REP,Sheryl A. Proteau,327
Calhoun,Clarence Township Precinct 1,Clarence Twp Precinct 1 Delegate,,REP,Write-In,15
Calhoun,Clarence Township Precinct 1,Clerk/Register of Deeds,,DEM,Andy Helmboldt,130
Calhoun,Clarence Township Precinct 1,Clerk/Register of Deeds,,DEM,Write-In,0
Calhoun,Clarence Township Precinct 1,Clerk/Register of Deeds,,REP,Kimberly A. Hinkley,321
Calhoun,Clarence Township Precinct 1,Clerk/Register of Deeds,,REP,Write-In,3
Calhoun,Clarence Township Precinct 1,Commissioner 7th District,,DEM,Marcy Sacks,125
Calhoun,Clarence Township Precinct 1,Commissioner 7th District,,DEM,Write-In,0
Calhoun,Clarence Township Precinct 1,Commissioner 7th District,,REP,Gary Tompkins,328
Calhoun,Clarence Township Precinct 1,Commissioner 7th District,,REP,Write-In,3
Calhoun,Clarence Township Precinct 1,Parks Millage Proposal,,,No,296
Calhoun,Clarence Township Precinct 1,Parks Millage Proposal,,,Yes,229
Calhoun,Clarence Township Precinct 1,Prosecuting Attorney,,DEM,Christopher B. Vreeland,130
Calhoun,Clarence Township Precinct 1,Prosecuting Attorney,,DEM,Write-In,0
Calhoun,Clarence Township Precinct 1,Prosecuting Attorney,,REP,David Gilbert,321
Calhoun,Clarence Township Precinct 1,Prosecuting Attorney,,REP,Write-In,2
Calhoun,Clarence Township Precinct 1,Registered Voters,,,,1544
Calhoun,Clarence Township Precinct 1,Senior Millage Renewal Proposal,,,No,155
Calhoun,Clarence Township Precinct 1,Senior Millage Renewal Proposal,,,Yes,373
Calhoun,Clarence Township Precinct 1,Sheriff,,DEM,Brad Palmer,127
Calhoun,Clarence Township Precinct 1,Sheriff,,DEM,Write-In,0
Calhoun,Clarence Township Precinct 1,Sheriff,,REP,Steve Hinkley,330
Calhoun,Clarence Township Precinct 1,Sheriff,,REP,Write-In,2
Calhoun,Clarence Township Precinct 1,Springport Public Schools Bonding Proposal,,,No,205
Calhoun,Clarence Township Precinct 1,Springport Public Schools Bonding Proposal,,,Yes,219
Calhoun,Clarence Township Precinct 1,State House,62,DEM,Jim Haadsma,128
Calhoun,Clarence Township Precinct 1,State House,62,DEM,Write-In,0
Calhoun,Clarence Township Precinct 1,State House,62,REP,Chad Baase,70
Calhoun,Clarence Township Precinct 1,State House,62,REP,Dave Morgan,185
Calhoun,Clarence Township Precinct 1,State House,62,REP,Michelle Gregoire,68
Calhoun,Clarence Township Precinct 1,State House,62,REP,Write-In,1
Calhoun,Clarence Township Precinct 1,Treasurer,,DEM,Michael Evans,129
Calhoun,Clarence Township Precinct 1,Treasurer,,DEM,Write-In,0
Calhoun,Clarence Township Precinct 1,Treasurer,,REP,Brian W. Wensauer,308
Calhoun,Clarence Township Precinct 1,Treasurer,,REP,Write-In,3
Calhoun,Clarence Township Precinct 1,U.S. House,3,DEM,Hillary Scholten,130
Calhoun,Clarence Township Precinct 1,U.S. House,3,DEM,Write-In,0
Calhoun,Clarence Township Precinct 1,U.S. House,3,REP,Emily Rafi,21
Calhoun,Clarence Township Precinct 1,U.S. House,3,REP,Joe Farrington,18
Calhoun,Clarence Township Precinct 1,U.S. House,3,REP,Lynn Afendoulis,56
Calhoun,Clarence Township Precinct 1,U.S. House,3,REP,Peter Meijer,197
Calhoun,Clarence Township Precinct 1,U.S. House,3,REP,Thomas J. Norton,53
Calhoun,Clarence Township Precinct 1,U.S. House,3,REP,Write-In,0
Calhoun,Clarence Township Precinct 1,U.S. Senate,,DEM,Gary Peters,132
Calhoun,Clarence Township Precinct 1,U.S. Senate,,DEM,Write-In,0
Calhoun,Clarence Township Precinct 1,U.S. Senate,,REP,John James,341
Calhoun,Clarence Township Precinct 1,U.S. Senate,,REP,Write-In,0
Calhoun,Clarence Township Precinct 1,Water Resources Commissioner,,DEM,Wayne Kukuk,126
Calhoun,Clarence Township Precinct 1,Water Resources Commissioner,,DEM,Write-In,0
Calhoun,Clarence Township Precinct 1,Water Resources Commissioner,,REP,Johnny Cash,127
Calhoun,Clarence Township Precinct 1,Water Resources Commissioner,,REP,Ron Smith,197
Calhoun,Clarence Township Precinct 1,Water Resources Commissioner,,REP,Write-In,1
Calhoun,Clarendon Township Precinct 1,Ballots Cast,,,,238
Calhoun,Clarendon Township Precinct 1,Clarendon Township Clerk,,DEM,Write-In,6
Calhoun,Clarendon Township Precinct 1,Clarendon Township Clerk,,REP,Write-In,14
Calhoun,Clarendon Township Precinct 1,Clarendon Township Fire Protection Millage Renewal,,,No,58
Calhoun,Clarendon Township Precinct 1,Clarendon Township Fire Protection Millage Renewal,,,Yes,166
Calhoun,Clarendon Township Precinct 1,Clarendon Township Library Millage Renewal,,,No,84
Calhoun,Clarendon Township Precinct 1,Clarendon Township Library Millage Renewal,,,Yes,144
Calhoun,Clarendon Township Precinct 1,Clarendon Township Supervisor,,DEM,Write-In,7
Calhoun,Clarendon Township Precinct 1,Clarendon Township Supervisor,,REP,Steven R. Schrock,145
Calhoun,Clarendon Township Precinct 1,Clarendon Township Supervisor,,REP,Write-In,3
Calhoun,Clarendon Township Precinct 1,Clarendon Township Treasurer,,DEM,Rose Mary Berry,56
Calhoun,Clarendon Township Precinct 1,Clarendon Township Treasurer,,DEM,Write-In,0
Calhoun,Clarendon Township Precinct 1,Clarendon Township Treasurer,,REP,Write-In,15
Calhoun,Clarendon Township Precinct 1,Clarendon Township Trustee,,DEM,Write-In,6
Calhoun,Clarendon Township Precinct 1,Clarendon Township Trustee,,REP,Jim Russell,108
Calhoun,Clarendon Township Precinct 1,Clarendon Township Trustee,,REP,Tim Anderson,115
Calhoun,Clarendon Township Precinct 1,Clarendon Township Trustee,,REP,Write-In,2
Calhoun,Clarendon Township Precinct 1,Clarendon Twp Precinct 1 Delegate,,DEM,Write-In,6
Calhoun,Clarendon Township Precinct 1,Clarendon Twp Precinct 1 Delegate,,REP,David Scott Moore (write-in),4
Calhoun,Clarendon Township Precinct 1,Clarendon Twp Precinct 1 Delegate,,REP,Write-In,18
Calhoun,Clarendon Township Precinct 1,Clerk/Register of Deeds,,DEM,Andy Helmboldt,52
Calhoun,Clarendon Township Precinct 1,Clerk/Register of Deeds,,DEM,Write-In,0
Calhoun,Clarendon Township Precinct 1,Clerk/Register of Deeds,,REP,Kimberly A. Hinkley,148
Calhoun,Clarendon Township Precinct 1,Clerk/Register of Deeds,,REP,Write-In,1
Calhoun,Clarendon Township Precinct 1,Commissioner 7th District,,DEM,Marcy Sacks,51
Calhoun,Clarendon Township Precinct 1,Commissioner 7th District,,DEM,Write-In,0
Calhoun,Clarendon Township Precinct 1,Commissioner 7th District,,REP,Gary Tompkins,145
Calhoun,Clarendon Township Precinct 1,Commissioner 7th District,,REP,Write-In,3
Calhoun,Clarendon Township Precinct 1,Parks Millage Proposal,,,No,143
Calhoun,Clarendon Township Precinct 1,Parks Millage Proposal,,,Yes,80
Calhoun,Clarendon Township Precinct 1,Prosecuting Attorney,,DEM,Christopher B. Vreeland,55
Calhoun,Clarendon Township Precinct 1,Prosecuting Attorney,,DEM,Write-In,0
Calhoun,Clarendon Township Precinct 1,Prosecuting Attorney,,REP,David Gilbert,146
Calhoun,Clarendon Township Precinct 1,Prosecuting Attorney,,REP,Write-In,1
Calhoun,Clarendon Township Precinct 1,Registered Voters,,,,889
Calhoun,Clarendon Township Precinct 1,Senior Millage Renewal Proposal,,,No,73
Calhoun,Clarendon Township Precinct 1,Senior Millage Renewal Proposal,,,Yes,151
Calhoun,Clarendon Township Precinct 1,Sheriff,,DEM,Brad Palmer,53
Calhoun,Clarendon Township Precinct 1,Sheriff,,DEM,Write-In,0
Calhoun,Clarendon Township Precinct 1,Sheriff,,REP,Steve Hinkley,152
Calhoun,Clarendon Township Precinct 1,Sheriff,,REP,Write-In,1
Calhoun,Clarendon Township Precinct 1,State House,63,DEM,Luke Howell,22
Calhoun,Clarendon Township Precinct 1,State House,63,DEM,Ron Hawkins,30
Calhoun,Clarendon Township Precinct 1,State House,63,DEM,Write-In,0
Calhoun,Clarendon Township Precinct 1,State House,63,REP,Matt Hall,153
Calhoun,Clarendon Township Precinct 1,State House,63,REP,Write-In,0
Calhoun,Clarendon Township Precinct 1,Treasurer,,DEM,Michael Evans,52
Calhoun,Clarendon Township Precinct 1,Treasurer,,DEM,Write-In,0
Calhoun,Clarendon Township Precinct 1,Treasurer,,REP,Brian W. Wensauer,139
Calhoun,Clarendon Township Precinct 1,Treasurer,,REP,Write-In,2
Calhoun,Clarendon Township Precinct 1,U.S. House,3,DEM,Hillary Scholten,54
Calhoun,Clarendon Township Precinct 1,U.S. House,3,DEM,Write-In,0
Calhoun,Clarendon Township Precinct 1,U.S. House,3,REP,Emily Rafi,6
Calhoun,Clarendon Township Precinct 1,U.S. House,3,REP,Joe Farrington,7
Calhoun,Clarendon Township Precinct 1,U.S. House,3,REP,Lynn Afendoulis,24
Calhoun,Clarendon Township Precinct 1,U.S. House,3,REP,Peter Meijer,71
Calhoun,Clarendon Township Precinct 1,U.S. House,3,REP,Thomas J. Norton,49
Calhoun,Clarendon Township Precinct 1,U.S. House,3,REP,Write-In,1
Calhoun,Clarendon Township Precinct 1,U.S. Senate,,DEM,Gary Peters,58
Calhoun,Clarendon Township Precinct 1,U.S. Senate,,DEM,Write-In,0
Calhoun,Clarendon Township Precinct 1,U.S. Senate,,REP,John James,153
Calhoun,Clarendon Township Precinct 1,U.S. Senate,,REP,Write-In,0
Calhoun,Clarendon Township Precinct 1,Water Resources Commissioner,,DEM,Wayne Kukuk,52
Calhoun,Clarendon Township Precinct 1,Water Resources Commissioner,,DEM,Write-In,0
Calhoun,Clarendon Township Precinct 1,Water Resources Commissioner,,REP,Johnny Cash,66
Calhoun,Clarendon Township Precinct 1,Water Resources Commissioner,,REP,Ron Smith,73
Calhoun,Clarendon Township Precinct 1,Water Resources Commissioner,,REP,Write-In,1
Calhoun,Convis Township Precinct 1,Ballots Cast,,,,320
Calhoun,Convis Township Precinct 1,Clerk/Register of Deeds,,DEM,Andy Helmboldt,78
Calhoun,Convis Township Precinct 1,Clerk/Register of Deeds,,DEM,Write-In,1
Calhoun,Convis Township Precinct 1,Clerk/Register of Deeds,,REP,Kimberly A. Hinkley,199
Calhoun,Convis Township Precinct 1,Clerk/Register of Deeds,,REP,Write-In,0
Calhoun,Convis Township Precinct 1,Commissioner 4th District,,DEM,Ron Holder,80
Calhoun,Convis Township Precinct 1,Commissioner 4th District,,DEM,Write-In,0
Calhoun,Convis Township Precinct 1,Commissioner 4th District,,REP,Steve Frisbie,196
Calhoun,Convis Township Precinct 1,Commissioner 4th District,,REP,Write-In,0
Calhoun,Convis Township Precinct 1,Convis Township Clerk,,DEM,Write-In,13
Calhoun,Convis Township Precinct 1,Convis Township Clerk,,REP,Kimberly Collins,197
Calhoun,Convis Township Precinct 1,Convis Township Clerk,,REP,Write-In,0
Calhoun,Convis Township Precinct 1,Convis Township Supervisor,,DEM,Write-In,14
Calhoun,Convis Township Precinct 1,Convis Township Supervisor,,REP,Ryan Harvey,199
Calhoun,Convis Township Precinct 1,Convis Township Supervisor,,REP,Write-In,0
Calhoun,Convis Township Precinct 1,Convis Township Treasurer,,DEM,Write-In,12
Calhoun,Convis Township Precinct 1,Convis Township Treasurer,,REP,Kristy J. Kipp,199
Calhoun,Convis Township Precinct 1,Convis Township Treasurer,,REP,Write-In,0
Calhoun,Convis Township Precinct 1,Convis Township Trustee,,DEM,Linda J. Pell,75
Calhoun,Convis Township Precinct 1,Convis Township Trustee,,DEM,Write-In,2
Calhoun,Convis Township Precinct 1,Convis Township Trustee,,REP,Elyse Bibbings,115
Calhoun,Convis Township Precinct 1,Convis Township Trustee,,REP,Jeff Zanotti,68
Calhoun,Convis Township Precinct 1,Convis Township Trustee,,REP,John Swartz,141
Calhoun,Convis Township Precinct 1,Convis Township Trustee,,REP,Write-In,2
Calhoun,Convis Township Precinct 1,Convis Twp Precinct 1 Delegate,,DEM,Linda J. Pell,74
Calhoun,Convis Township Precinct 1,Convis Twp Precinct 1 Delegate,,DEM,Write-In,4
Calhoun,Convis Township Precinct 1,Convis Twp Precinct 1 Delegate,,REP,Write-In,9
Calhoun,Convis Township Precinct 1,Parks Millage Proposal,,,No,133
Calhoun,Convis Township Precinct 1,Parks Millage Proposal,,,Yes,147
Calhoun,Convis Township Precinct 1,Prosecuting Attorney,,DEM,Christopher B. Vreeland,80
Calhoun,Convis Township Precinct 1,Prosecuting Attorney,,DEM,Write-In,1
Calhoun,Convis Township Precinct 1,Prosecuting Attorney,,REP,David Gilbert,200
Calhoun,Convis Township Precinct 1,Prosecuting Attorney,,REP,Write-In,1
Calhoun,Convis Township Precinct 1,Registered Voters,,,,1192
Calhoun,Convis Township Precinct 1,Senior Millage Renewal Proposal,,,No,54
Calhoun,Convis Township Precinct 1,Senior Millage Renewal Proposal,,,Yes,226
Calhoun,Convis Township Precinct 1,Sheriff,,DEM,Brad Palmer,80
Calhoun,Convis Township Precinct 1,Sheriff,,DEM,Write-In,1
Calhoun,Convis Township Precinct 1,Sheriff,,REP,Steve Hinkley,203
Calhoun,Convis Township Precinct 1,Sheriff,,REP,Write-In,0
Calhoun,Convis Township Precinct 1,State House,62,DEM,Jim Haadsma,79
Calhoun,Convis Township Precinct 1,State House,62,DEM,Write-In,0
Calhoun,Convis Township Precinct 1,State House,62,REP,Chad Baase,9
Calhoun,Convis Township Precinct 1,State House,62,REP,Dave Morgan,142
Calhoun,Convis Township Precinct 1,State House,62,REP,Michelle Gregoire,42
Calhoun,Convis Township Precinct 1,State House,62,REP,Write-In,1
Calhoun,Convis Township Precinct 1,Treasurer,,DEM,Michael Evans,80
Calhoun,Convis Township Precinct 1,Treasurer,,DEM,Write-In,0
Calhoun,Convis Township Precinct 1,Treasurer,,REP,Brian W. Wensauer,193
Calhoun,Convis Township Precinct 1,Treasurer,,REP,Write-In,1
Calhoun,Convis Township Precinct 1,U.S. House,3,DEM,Hillary Scholten,81
Calhoun,Convis Township Precinct 1,U.S. House,3,DEM,Write-In,1
Calhoun,Convis Township Precinct 1,U.S. House,3,REP,Emily Rafi,15
Calhoun,Convis Township Precinct 1,U.S. House,3,REP,Joe Farrington,15
Calhoun,Convis Township Precinct 1,U.S. House,3,REP,Lynn Afendoulis,59
Calhoun,Convis Township Precinct 1,U.S. House,3,REP,Peter Meijer,72
Calhoun,Convis Township Precinct 1,U.S. House,3,REP,Thomas J. Norton,43
Calhoun,Convis Township Precinct 1,U.S. House,3,REP,Write-In,1
Calhoun,Convis Township Precinct 1,U.S. Senate,,DEM,Gary Peters,82
Calhoun,Convis Township Precinct 1,U.S. Senate,,DEM,Write-In,0
Calhoun,Convis Township Precinct 1,U.S. Senate,,REP,John James,208
Calhoun,Convis Township Precinct 1,U.S. Senate,,REP,Write-In,0
Calhoun,Convis Township Precinct 1,Water Resources Commissioner,,DEM,Wayne Kukuk,80
Calhoun,Convis Township Precinct 1,Water Resources Commissioner,,DEM,Write-In,0
Calhoun,Convis Township Precinct 1,Water Resources Commissioner,,REP,Johnny Cash,53
Calhoun,Convis Township Precinct 1,Water Resources Commissioner,,REP,Ron Smith,142
Calhoun,Convis Township Precinct 1,Water Resources Commissioner,,REP,Write-In,2
Calhoun,Eckford Township Precinct 1,Ballots Cast,,,,403
Calhoun,Eckford Township Precinct 1,Clerk/Register of Deeds,,DEM,Andy Helmboldt,52
Calhoun,Eckford Township Precinct 1,Clerk/Register of Deeds,,DEM,Write-In,1
Calhoun,Eckford Township Precinct 1,Clerk/Register of Deeds,,REP,Kimberly A. Hinkley,308
Calhoun,Eckford Township Precinct 1,Clerk/Register of Deeds,,REP,Write-In,0
Calhoun,Eckford Township Precinct 1,Commissioner 6th District,,DEM,Curt Osborn,56
Calhoun,Eckford Township Precinct 1,Commissioner 6th District,,DEM,Write-In,0
Calhoun,Eckford Township Precinct 1,Commissioner 6th District,,REP,Tommy Miller,185
Calhoun,Eckford Township Precinct 1,Commissioner 6th District,,REP,Victor R. Potter,118
Calhoun,Eckford Township Precinct 1,Commissioner 6th District,,REP,Write-In,0
Calhoun,Eckford Township Precinct 1,Eckford Township Clerk,,DEM,Write-In,5
Calhoun,Eckford Township Precinct 1,Eckford Township Clerk,,REP,Le Anne Blight,281
Calhoun,Eckford Township Precinct 1,Eckford Township Clerk,,REP,Write-In,2
Calhoun,Eckford Township Precinct 1,Eckford Township Supervisor,,DEM,Write-In,6
Calhoun,Eckford Township Precinct 1,Eckford Township Supervisor,,REP,Bruce Rapp,295
Calhoun,Eckford Township Precinct 1,Eckford Township Supervisor,,REP,Write-In,2
Calhoun,Eckford Township Precinct 1,Eckford Township Treasurer,,DEM,Write-In,5
Calhoun,Eckford Township Precinct 1,Eckford Township Treasurer,,REP,Teresa E. Baylis,291
Calhoun,Eckford Township Precinct 1,Eckford Township Treasurer,,REP,Write-In,1
Calhoun,Eckford Township Precinct 1,Eckford Township Trustee,,DEM,Write-In,7
Calhoun,Eckford Township Precinct 1,Eckford Township Trustee,,REP,Branden Maksimchuk,240
Calhoun,Eckford Township Precinct 1,Eckford Township Trustee,,REP,Wayne Cornell,238
Calhoun,Eckford Township Precinct 1,Eckford Township Trustee,,REP,Write-In,3
Calhoun,Eckford Township Precinct 1,Eckford Twp Precinct 1 Delegate,,DEM,Write-In,6
Calhoun,Eckford Township Precinct 1,Eckford Twp Precinct 1 Delegate,,REP,John B. Mason,210
Calhoun,Eckford Township Precinct 1,Eckford Twp Precinct 1 Delegate,,REP,Judith Mason,205
Calhoun,Eckford Township Precinct 1,Eckford Twp Precinct 1 Delegate,,REP,Kimberly A. Hinkley,272
Calhoun,Eckford Township Precinct 1,Eckford Twp Precinct 1 Delegate,,REP,Steve Hinkley,269
Calhoun,Eckford Township Precinct 1,Eckford Twp Precinct 1 Delegate,,REP,Write-In,3
Calhoun,Eckford Township Precinct 1,Parks Millage Proposal,,,No,179
Calhoun,Eckford Township Precinct 1,Parks Millage Proposal,,,Yes,176
Calhoun,Eckford Township Precinct 1,Prosecuting Attorney,,DEM,Christopher B. Vreeland,57
Calhoun,Eckford Township Precinct 1,Prosecuting Attorney,,DEM,Write-In,1
Calhoun,Eckford Township Precinct 1,Prosecuting Attorney,,REP,David Gilbert,286
Calhoun,Eckford Township Precinct 1,Prosecuting Attorney,,REP,Write-In,3
Calhoun,Eckford Township Precinct 1,Registered Voters,,,,1030
Calhoun,Eckford Township Precinct 1,Senior Millage Renewal Proposal,,,No,72
Calhoun,Eckford Township Precinct 1,Senior Millage Renewal Proposal,,,Yes,292
Calhoun,Eckford Township Precinct 1,Sheriff,,DEM,Brad Palmer,52
Calhoun,Eckford Township Precinct 1,Sheriff,,DEM,Write-In,0
Calhoun,Eckford Township Precinct 1,Sheriff,,REP,Steve Hinkley,307
Calhoun,Eckford Township Precinct 1,Sheriff,,REP,Write-In,0
Calhoun,Eckford Township Precinct 1,State House,63,DEM,Luke Howell,28
Calhoun,Eckford Township Precinct 1,State House,63,DEM,Ron Hawkins,26
Calhoun,Eckford Township Precinct 1,State House,63,DEM,Write-In,0
Calhoun,Eckford Township Precinct 1,State House,63,REP,Matt Hall,292
Calhoun,Eckford Township Precinct 1,State House,63,REP,Write-In,3
Calhoun,Eckford Township Precinct 1,Treasurer,,DEM,Michael Evans,55
Calhoun,Eckford Township Precinct 1,Treasurer,,DEM,Write-In,1
Calhoun,Eckford Township Precinct 1,Treasurer,,REP,Brian W. Wensauer,273
Calhoun,Eckford Township Precinct 1,Treasurer,,REP,Write-In,3
Calhoun,Eckford Township Precinct 1,U.S. House,3,DEM,Hillary Scholten,59
Calhoun,Eckford Township Precinct 1,U.S. House,3,DEM,Write-In,0
Calhoun,Eckford Township Precinct 1,U.S. House,3,REP,Emily Rafi,19
Calhoun,Eckford Township Precinct 1,U.S. House,3,REP,Joe Farrington,7
Calhoun,Eckford Township Precinct 1,U.S. House,3,REP,Lynn Afendoulis,65
Calhoun,Eckford Township Precinct 1,U.S. House,3,REP,Peter Meijer,145
Calhoun,Eckford Township Precinct 1,U.S. House,3,REP,Thomas J. Norton,55
Calhoun,Eckford Township Precinct 1,U.S. House,3,REP,Write-In,3
Calhoun,Eckford Township Precinct 1,U.S. Senate,,DEM,Gary Peters,60
Calhoun,Eckford Township Precinct 1,U.S. Senate,,DEM,Write-In,1
Calhoun,Eckford Township Precinct 1,U.S. Senate,,REP,John James,290
Calhoun,Eckford Township Precinct 1,U.S. Senate,,REP,Write-In,4
Calhoun,Eckford Township Precinct 1,Water Resources Commissioner,,DEM,Wayne Kukuk,55
Calhoun,Eckford Township Precinct 1,Water Resources Commissioner,,DEM,Write-In,1
Calhoun,Eckford Township Precinct 1,Water Resources Commissioner,,REP,Johnny Cash,115
Calhoun,Eckford Township Precinct 1,Water Resources Commissioner,,REP,Ron Smith,172
Calhoun,Eckford Township Precinct 1,Water Resources Commissioner,,REP,Write-In,1
Calhoun,Emmett Charter Township Precinct 1,Ballots Cast,,,,382
Calhoun,Emmett Charter Township Precinct 1,Clerk/Register of Deeds,,DEM,Andy Helmboldt,96
Calhoun,Emmett Charter Township Precinct 1,Clerk/Register of Deeds,,DEM,Write-In,1
Calhoun,Emmett Charter Township Precinct 1,Clerk/Register of Deeds,,REP,Kimberly A. Hinkley,209
Calhoun,Emmett Charter Township Precinct 1,Clerk/Register of Deeds,,REP,Write-In,2
Calhoun,Emmett Charter Township Precinct 1,Commissioner 5th District,,DEM,Rob Lyerla,93
Calhoun,Emmett Charter Township Precinct 1,Commissioner 5th District,,DEM,Write-In,1
Calhoun,Emmett Charter Township Precinct 1,Commissioner 5th District,,REP,Derek F. King,203
Calhoun,Emmett Charter Township Precinct 1,Commissioner 5th District,,REP,Write-In,1
Calhoun,Emmett Charter Township Precinct 1,Emmett Charter Township Public Safety Proposal,,,No,115
Calhoun,Emmett Charter Township Precinct 1,Emmett Charter Township Public Safety Proposal,,,Yes,239
Calhoun,Emmett Charter Township Precinct 1,Emmett Township Clerk,,DEM,Write-In,23
Calhoun,Emmett Charter Township Precinct 1,Emmett Township Clerk,,REP,Tracy Myers-Malone,204
Calhoun,Emmett Charter Township Precinct 1,Emmett Township Clerk,,REP,Write-In,0
Calhoun,Emmett Charter Township Precinct 1,Emmett Township Supervisor,,DEM,Write-In,24
Calhoun,Emmett Charter Township Precinct 1,Emmett Township Supervisor,,REP,Bob Coward,65
Calhoun,Emmett Charter Township Precinct 1,Emmett Township Supervisor,,REP,Dawn McMillon,22
Calhoun,Emmett Charter Township Precinct 1,Emmett Township Supervisor,,REP,Deb Belles,103
Calhoun,Emmett Charter Township Precinct 1,Emmett Township Supervisor,,REP,Michael R. Bye,40
Calhoun,Emmett Charter Township Precinct 1,Emmett Township Supervisor,,REP,Write-In,1
Calhoun,Emmett Charter Township Precinct 1,Emmett Township Treasurer,,DEM,Write-In,21
Calhoun,Emmett Charter Township Precinct 1,Emmett Township Treasurer,,REP,Kristas Sue Fritsche,114
Calhoun,Emmett Charter Township Precinct 1,Emmett Township Treasurer,,REP,Rachelle Myers,111
Calhoun,Emmett Charter Township Precinct 1,Emmett Township Treasurer,,REP,Write-In,0
Calhoun,Emmett Charter Township Precinct 1,Emmett Township Trustee,,DEM,Gavin Powell,86
Calhoun,Emmett Charter Township Precinct 1,Emmett Township Trustee,,DEM,Write-In,7
Calhoun,Emmett Charter Township Precinct 1,Emmett Township Trustee,,REP,Brandon L. Zirkel,96
Calhoun,Emmett Charter Township Precinct 1,Emmett Township Trustee,,REP,James L. Juhnke,100
Calhoun,Emmett Charter Township Precinct 1,Emmett Township Trustee,,REP,Jim Mead,121
Calhoun,Emmett Charter Township Precinct 1,Emmett Township Trustee,,REP,Miles Weaver,73
Calhoun,Emmett Charter Township Precinct 1,Emmett Township Trustee,,REP,Richard Brown,101
Calhoun,Emmett Charter Township Precinct 1,Emmett Township Trustee,,REP,Robin Cunningham,96
Calhoun,Emmett Charter Township Precinct 1,Emmett Township Trustee,,REP,Stephen J. Titus,105
Calhoun,Emmett Charter Township Precinct 1,Emmett Township Trustee,,REP,Write-In,1
Calhoun,Emmett Charter Township Precinct 1,Emmett Twp Precinct 1 Delegate,,DEM,Write-In,27
Calhoun,Emmett Charter Township Precinct 1,Emmett Twp Precinct 1 Delegate,,REP,Bill Rees,160
Calhoun,Emmett Charter Township Precinct 1,Emmett Twp Precinct 1 Delegate,,REP,Nancy A. Rees,151
Calhoun,Emmett Charter Township Precinct 1,Emmett Twp Precinct 1 Delegate,,REP,Write-In,1
Calhoun,Emmett Charter Township Precinct 1,Parks Millage Proposal,,,No,113
Calhoun,Emmett Charter Township Precinct 1,Parks Millage Proposal,,,Yes,239
Calhoun,Emmett Charter Township Precinct 1,Prosecuting Attorney,,DEM,Christopher B. Vreeland,96
Calhoun,Emmett Charter Township Precinct 1,Prosecuting Attorney,,DEM,Write-In,0
Calhoun,Emmett Charter Township Precinct 1,Prosecuting Attorney,,REP,David Gilbert,212
Calhoun,Emmett Charter Township Precinct 1,Prosecuting Attorney,,REP,Write-In,1
Calhoun,Emmett Charter Township Precinct 1,Registered Voters,,,,1976
Calhoun,Emmett Charter Township Precinct 1,Senior Millage Renewal Proposal,,,No,55
Calhoun,Emmett Charter Township Precinct 1,Senior Millage Renewal Proposal,,,Yes,298
Calhoun,Emmett Charter Township Precinct 1,Sheriff,,DEM,Brad Palmer,96
Calhoun,Emmett Charter Township Precinct 1,Sheriff,,DEM,Write-In,0
Calhoun,Emmett Charter Township Precinct 1,Sheriff,,REP,Steve Hinkley,208
Calhoun,Emmett Charter Township Precinct 1,Sheriff,,REP,Write-In,2
Calhoun,Emmett Charter Township Precinct 1,State House,63,DEM,Luke Howell,43
Calhoun,Emmett Charter Township Precinct 1,State House,63,DEM,Ron Hawkins,52
Calhoun,Emmett Charter Township Precinct 1,State House,63,DEM,Write-In,0
Calhoun,Emmett Charter Township Precinct 1,State House,63,REP,Matt Hall,210
Calhoun,Emmett Charter Township Precinct 1,State House,63,REP,Write-In,0
Calhoun,Emmett Charter Township Precinct 1,Treasurer,,DEM,Michael Evans,95
Calhoun,Emmett Charter Township Precinct 1,Treasurer,,DEM,Write-In,0
Calhoun,Emmett Charter Township Precinct 1,Treasurer,,REP,Brian W. Wensauer,209
Calhoun,Emmett Charter Township Precinct 1,Treasurer,,REP,Write-In,2
Calhoun,Emmett Charter Township Precinct 1,U.S. House,3,DEM,Hillary Scholten,98
Calhoun,Emmett Charter Township Precinct 1,U.S. House,3,DEM,Write-In,0
Calhoun,Emmett Charter Township Precinct 1,U.S. House,3,REP,Emily Rafi,14
Calhoun,Emmett Charter Township Precinct 1,U.S. House,3,REP,Joe Farrington,15
Calhoun,Emmett Charter Township Precinct 1,U.S. House,3,REP,Lynn Afendoulis,40
Calhoun,Emmett Charter Township Precinct 1,U.S. House,3,REP,Peter Meijer,107
Calhoun,Emmett Charter Township Precinct 1,U.S. House,3,REP,Thomas J. Norton,50
Calhoun,Emmett Charter Township Precinct 1,U.S. House,3,REP,Write-In,0
Calhoun,Emmett Charter Township Precinct 1,U.S. Senate,,DEM,Gary Peters,99
Calhoun,Emmett Charter Township Precinct 1,U.S. Senate,,DEM,Write-In,0
Calhoun,Emmett Charter Township Precinct 1,U.S. Senate,,REP,John James,206
Calhoun,Emmett Charter Township Precinct 1,U.S. Senate,,REP,Write-In,1
Calhoun,Emmett Charter Township Precinct 1,Water Resources Commissioner,,DEM,Wayne Kukuk,94
Calhoun,Emmett Charter Township Precinct 1,Water Resources Commissioner,,DEM,Write-In,0
Calhoun,Emmett Charter Township Precinct 1,Water Resources Commissioner,,REP,Johnny Cash,95
Calhoun,Emmett Charter Township Precinct 1,Water Resources Commissioner,,REP,Ron Smith,109
Calhoun,Emmett Charter Township Precinct 1,Water Resources Commissioner,,REP,Write-In,1
Calhoun,Emmett Charter Township Precinct 2,Ballots Cast,,,,794
Calhoun,Emmett Charter Township Precinct 2,Clerk/Register of Deeds,,DEM,Andy Helmboldt,176
Calhoun,Emmett Charter Township Precinct 2,Clerk/Register of Deeds,,DEM,Write-In,1
Calhoun,Emmett Charter Township Precinct 2,Clerk/Register of Deeds,,REP,Kimberly A. Hinkley,470
Calhoun,Emmett Charter Township Precinct 2,Clerk/Register of Deeds,,REP,Write-In,2
Calhoun,Emmett Charter Township Precinct 2,Commissioner 5th District,,DEM,Rob Lyerla,174
Calhoun,Emmett Charter Township Precinct 2,Commissioner 5th District,,DEM,Write-In,0
Calhoun,Emmett Charter Township Precinct 2,Commissioner 5th District,,REP,Derek F. King,476
Calhoun,Emmett Charter Township Precinct 2,Commissioner 5th District,,REP,Write-In,4
Calhoun,Emmett Charter Township Precinct 2,Emmett Charter Township Public Safety Proposal,,,No,246
Calhoun,Emmett Charter Township Precinct 2,Emmett Charter Township Public Safety Proposal,,,Yes,485
Calhoun,Emmett Charter Township Precinct 2,Emmett Township Clerk,,DEM,Write-In,8
Calhoun,Emmett Charter Township Precinct 2,Emmett Township Clerk,,REP,Tracy Myers-Malone,443
Calhoun,Emmett Charter Township Precinct 2,Emmett Township Clerk,,REP,Write-In,5
Calhoun,Emmett Charter Township Precinct 2,Emmett Township Supervisor,,DEM,Write-In,13
Calhoun,Emmett Charter Township Precinct 2,Emmett Township Supervisor,,REP,Bob Coward,189
Calhoun,Emmett Charter Township Precinct 2,Emmett Township Supervisor,,REP,Dawn McMillon,71
Calhoun,Emmett Charter Township Precinct 2,Emmett Township Supervisor,,REP,Deb Belles,180
Calhoun,Emmett Charter Township Precinct 2,Emmett Township Supervisor,,REP,Michael R. Bye,81
Calhoun,Emmett Charter Township Precinct 2,Emmett Township Supervisor,,REP,Write-In,0
Calhoun,Emmett Charter Township Precinct 2,Emmett Township Treasurer,,DEM,Write-In,8
Calhoun,Emmett Charter Township Precinct 2,Emmett Township Treasurer,,REP,Kristas Sue Fritsche,199
Calhoun,Emmett Charter Township Precinct 2,Emmett Township Treasurer,,REP,Rachelle Myers,301
Calhoun,Emmett Charter Township Precinct 2,Emmett Township Treasurer,,REP,Write-In,0
Calhoun,Emmett Charter Township Precinct 2,Emmett Township Trustee,,DEM,Gavin Powell,160
Calhoun,Emmett Charter Township Precinct 2,Emmett Township Trustee,,DEM,Write-In,1
Calhoun,Emmett Charter Township Precinct 2,Emmett Township Trustee,,REP,Brandon L. Zirkel,193
Calhoun,Emmett Charter Township Precinct 2,Emmett Township Trustee,,REP,James L. Juhnke,235
Calhoun,Emmett Charter Township Precinct 2,Emmett Township Trustee,,REP,Jim Mead,260
Calhoun,Emmett Charter Township Precinct 2,Emmett Township Trustee,,REP,Miles Weaver,189
Calhoun,Emmett Charter Township Precinct 2,Emmett Township Trustee,,REP,Richard Brown,206
Calhoun,Emmett Charter Township Precinct 2,Emmett Township Trustee,,REP,Robin Cunningham,206
Calhoun,Emmett Charter Township Precinct 2,Emmett Township Trustee,,REP,Stephen J. Titus,194
Calhoun,Emmett Charter Township Precinct 2,Emmett Township Trustee,,REP,Write-In,5
Calhoun,Emmett Charter Township Precinct 2,Emmett Twp Precinct 2 Delegate,,DEM,Gary S. Lincoln,170
Calhoun,Emmett Charter Township Precinct 2,Emmett Twp Precinct 2 Delegate,,DEM,Write-In,1
Calhoun,Emmett Charter Township Precinct 2,Emmett Twp Precinct 2 Delegate,,REP,Write-In,13
Calhoun,Emmett Charter Township Precinct 2,Parks Millage Proposal,,,No,272
Calhoun,Emmett Charter Township Precinct 2,Parks Millage Proposal,,,Yes,464
Calhoun,Emmett Charter Township Precinct 2,Prosecuting Attorney,,DEM,Christopher B. Vreeland,178
Calhoun,Emmett Charter Township Precinct 2,Prosecuting Attorney,,DEM,Write-In,0
Calhoun,Emmett Charter Township Precinct 2,Prosecuting Attorney,,REP,David Gilbert,477
Calhoun,Emmett Charter Township Precinct 2,Prosecuting Attorney,,REP,Write-In,2
Calhoun,Emmett Charter Township Precinct 2,Registered Voters,,,,2268
Calhoun,Emmett Charter Township Precinct 2,Senior Millage Renewal Proposal,,,No,167
Calhoun,Emmett Charter Township Precinct 2,Senior Millage Renewal Proposal,,,Yes,567
Calhoun,Emmett Charter Township Precinct 2,Sheriff,,DEM,Brad Palmer,180
Calhoun,Emmett Charter Township Precinct 2,Sheriff,,DEM,Write-In,0
Calhoun,Emmett Charter Township Precinct 2,Sheriff,,REP,Steve Hinkley,487
Calhoun,Emmett Charter Township Precinct 2,Sheriff,,REP,Write-In,0
Calhoun,Emmett Charter Township Precinct 2,State House,63,DEM,Luke Howell,90
Calhoun,Emmett Charter Township Precinct 2,State House,63,DEM,Ron Hawkins,78
Calhoun,Emmett Charter Township Precinct 2,State House,63,DEM,Write-In,0
Calhoun,Emmett Charter Township Precinct 2,State House,63,REP,Matt Hall,476
Calhoun,Emmett Charter Township Precinct 2,State House,63,REP,Write-In,1
Calhoun,Emmett Charter Township Precinct 2,Treasurer,,DEM,Michael Evans,174
Calhoun,Emmett Charter Township Precinct 2,Treasurer,,DEM,Write-In,0
Calhoun,Emmett Charter Township Precinct 2,Treasurer,,REP,Brian W. Wensauer,468
Calhoun,Emmett Charter Township Precinct 2,Treasurer,,REP,Write-In,1
Calhoun,Emmett Charter Township Precinct 2,U.S. House,3,DEM,Hillary Scholten,183
Calhoun,Emmett Charter Township Precinct 2,U.S. House,3,DEM,Write-In,0
Calhoun,Emmett Charter Township Precinct 2,U.S. House,3,REP,Emily Rafi,41
Calhoun,Emmett Charter Township Precinct 2,U.S. House,3,REP,Joe Farrington,22
Calhoun,Emmett Charter Township Precinct 2,U.S. House,3,REP,Lynn Afendoulis,92
Calhoun,Emmett Charter Township Precinct 2,U.S. House,3,REP,Peter Meijer,239
Calhoun,Emmett Charter Township Precinct 2,U.S. House,3,REP,Thomas J. Norton,97
Calhoun,Emmett Charter Township Precinct 2,U.S. House,3,REP,Write-In,1
Calhoun,Emmett Charter Township Precinct 2,U.S. Senate,,DEM,Gary Peters,187
Calhoun,Emmett Charter Township Precinct 2,U.S. Senate,,DEM,Write-In,0
Calhoun,Emmett Charter Township Precinct 2,U.S. Senate,,REP,John James,469
Calhoun,Emmett Charter Township Precinct 2,U.S. Senate,,REP,Write-In,6
Calhoun,Emmett Charter Township Precinct 2,Water Resources Commissioner,,DEM,Wayne Kukuk,175
Calhoun,Emmett Charter Township Precinct 2,Water Resources Commissioner,,DEM,Write-In,0
Calhoun,Emmett Charter Township Precinct 2,Water Resources Commissioner,,REP,Johnny Cash,231
Calhoun,Emmett Charter Township Precinct 2,Water Resources Commissioner,,REP,Ron Smith,219
Calhoun,Emmett Charter Township Precinct 2,Water Resources Commissioner,,REP,Write-In,1
Calhoun,Emmett Charter Township Precinct 3,Ballots Cast,,,,515
Calhoun,Emmett Charter Township Precinct 3,Clerk/Register of Deeds,,DEM,Andy Helmboldt,148
Calhoun,Emmett Charter Township Precinct 3,Clerk/Register of Deeds,,DEM,Write-In,1
Calhoun,Emmett Charter Township Precinct 3,Clerk/Register of Deeds,,REP,Kimberly A. Hinkley,269
Calhoun,Emmett Charter Township Precinct 3,Clerk/Register of Deeds,,REP,Write-In,2
Calhoun,Emmett Charter Township Precinct 3,Commissioner 5th District,,DEM,Rob Lyerla,146
Calhoun,Emmett Charter Township Precinct 3,Commissioner 5th District,,DEM,Write-In,1
Calhoun,Emmett Charter Township Precinct 3,Commissioner 5th District,,REP,Derek F. King,267
Calhoun,Emmett Charter Township Precinct 3,Commissioner 5th District,,REP,Write-In,3
Calhoun,Emmett Charter Township Precinct 3,Emmett Charter Township Public Safety Proposal,,,No,136
Calhoun,Emmett Charter Township Precinct 3,Emmett Charter Township Public Safety Proposal,,,Yes,310
Calhoun,Emmett Charter Township Precinct 3,Emmett Township Clerk,,DEM,Write-In,26
Calhoun,Emmett Charter Township Precinct 3,Emmett Township Clerk,,REP,Tracy Myers-Malone,270
Calhoun,Emmett Charter Township Precinct 3,Emmett Township Clerk,,REP,Write-In,1
Calhoun,Emmett Charter Township Precinct 3,Emmett Township Supervisor,,DEM,Write-In,27
Calhoun,Emmett Charter Township Precinct 3,Emmett Township Supervisor,,REP,Bob Coward,107
Calhoun,Emmett Charter Township Precinct 3,Emmett Township Supervisor,,REP,Dawn McMillon,29
Calhoun,Emmett Charter Township Precinct 3,Emmett Township Supervisor,,REP,Deb Belles,106
Calhoun,Emmett Charter Township Precinct 3,Emmett Township Supervisor,,REP,Michael R. Bye,47
Calhoun,Emmett Charter Township Precinct 3,Emmett Township Supervisor,,REP,Write-In,0
Calhoun,Emmett Charter Township Precinct 3,Emmett Township Treasurer,,DEM,Write-In,26
Calhoun,Emmett Charter Township Precinct 3,Emmett Township Treasurer,,REP,Kristas Sue Fritsche,133
Calhoun,Emmett Charter Township Precinct 3,Emmett Township Treasurer,,REP,Rachelle Myers,152
Calhoun,Emmett Charter Township Precinct 3,Emmett Township Treasurer,,REP,Write-In,0
Calhoun,Emmett Charter Township Precinct 3,Emmett Township Trustee,,DEM,Gavin Powell,135
Calhoun,Emmett Charter Township Precinct 3,Emmett Township Trustee,,DEM,Write-In,1
Calhoun,Emmett Charter Township Precinct 3,Emmett Township Trustee,,REP,Brandon L. Zirkel,95
Calhoun,Emmett Charter Township Precinct 3,Emmett Township Trustee,,REP,James L. Juhnke,134
Calhoun,Emmett Charter Township Precinct 3,Emmett Township Trustee,,REP,Jim Mead,156
Calhoun,Emmett Charter Township Precinct 3,Emmett Township Trustee,,REP,Miles Weaver,100
Calhoun,Emmett Charter Township Precinct 3,Emmett Township Trustee,,REP,Richard Brown,114
Calhoun,Emmett Charter Township Precinct 3,Emmett Township Trustee,,REP,Robin Cunningham,124
Calhoun,Emmett Charter Township Precinct 3,Emmett Township Trustee,,REP,Stephen J. Titus,110
Calhoun,Emmett Charter Township Precinct 3,Emmett Township Trustee,,REP,Write-In,8
Calhoun,Emmett Charter Township Precinct 3,Emmett Twp Precinct 3 Delegate,,DEM,Gavin Powell,138
Calhoun,Emmett Charter Township Precinct 3,Emmett Twp Precinct 3 Delegate,,DEM,Write-In,1
Calhoun,Emmett Charter Township Precinct 3,Emmett Twp Precinct 3 Delegate,,REP,Keith Beyke,189
Calhoun,Emmett Charter Township Precinct 3,Emmett Twp Precinct 3 Delegate,,REP,Richard Veenkant,166
Calhoun,Emmett Charter Township Precinct 3,Emmett Twp Precinct 3 Delegate,,REP,Write-In,10
Calhoun,Emmett Charter Township Precinct 3,Parks Millage Proposal,,,No,148
Calhoun,Emmett Charter Township Precinct 3,Parks Millage Proposal,,,Yes,299
Calhoun,Emmett Charter Township Precinct 3,Prosecuting Attorney,,DEM,Christopher B. Vreeland,146
Calhoun,Emmett Charter Township Precinct 3,Prosecuting Attorney,,DEM,Write-In,1
Calhoun,Emmett Charter Township Precinct 3,Prosecuting Attorney,,REP,David Gilbert,274
Calhoun,Emmett Charter Township Precinct 3,Prosecuting Attorney,,REP,Write-In,4
Calhoun,Emmett Charter Township Precinct 3,Registered Voters,,,,2161
Calhoun,Emmett Charter Township Precinct 3,Senior Millage Renewal Proposal,,,No,98
Calhoun,Emmett Charter Township Precinct 3,Senior Millage Renewal Proposal,,,Yes,354
Calhoun,Emmett Charter Township Precinct 3,Sheriff,,DEM,Brad Palmer,150
Calhoun,Emmett Charter Township Precinct 3,Sheriff,,DEM,Write-In,0
Calhoun,Emmett Charter Township Precinct 3,Sheriff,,REP,Steve Hinkley,274
Calhoun,Emmett Charter Township Precinct 3,Sheriff,,REP,Write-In,1
Calhoun,Emmett Charter Township Precinct 3,State House,63,DEM,Luke Howell,59
Calhoun,Emmett Charter Township Precinct 3,State House,63,DEM,Ron Hawkins,80
Calhoun,Emmett Charter Township Precinct 3,State House,63,DEM,Write-In,0
Calhoun,Emmett Charter Township Precinct 3,State House,63,REP,Matt Hall,278
Calhoun,Emmett Charter Township Precinct 3,State House,63,REP,Write-In,3
Calhoun,Emmett Charter Township Precinct 3,Treasurer,,DEM,Michael Evans,149
Calhoun,Emmett Charter Township Precinct 3,Treasurer,,DEM,Write-In,0
Calhoun,Emmett Charter Township Precinct 3,Treasurer,,REP,Brian W. Wensauer,270
Calhoun,Emmett Charter Township Precinct 3,Treasurer,,REP,Write-In,3
Calhoun,Emmett Charter Township Precinct 3,U.S. House,3,DEM,Hillary Scholten,148
Calhoun,Emmett Charter Township Precinct 3,U.S. House,3,DEM,Write-In,1
Calhoun,Emmett Charter Township Precinct 3,U.S. House,3,REP,Emily Rafi,25
Calhoun,Emmett Charter Township Precinct 3,U.S. House,3,REP,Joe Farrington,24
Calhoun,Emmett Charter Township Precinct 3,U.S. House,3,REP,Lynn Afendoulis,59
Calhoun,Emmett Charter Township Precinct 3,U.S. House,3,REP,Peter Meijer,128
Calhoun,Emmett Charter Township Precinct 3,U.S. House,3,REP,Thomas J. Norton,50
Calhoun,Emmett Charter Township Precinct 3,U.S. House,3,REP,Write-In,1
Calhoun,Emmett Charter Township Precinct 3,U.S. Senate,,DEM,Gary Peters,153
Calhoun,Emmett Charter Township Precinct 3,U.S. Senate,,DEM,Write-In,0
Calhoun,Emmett Charter Township Precinct 3,U.S. Senate,,REP,John James,269
Calhoun,Emmett Charter Township Precinct 3,U.S. Senate,,REP,Write-In,5
Calhoun,Emmett Charter Township Precinct 3,Water Resources Commissioner,,DEM,Wayne Kukuk,147
Calhoun,Emmett Charter Township Precinct 3,Water Resources Commissioner,,DEM,Write-In,1
Calhoun,Emmett Charter Township Precinct 3,Water Resources Commissioner,,REP,Johnny Cash,132
Calhoun,Emmett Charter Township Precinct 3,Water Resources Commissioner,,REP,Ron Smith,140
Calhoun,Emmett Charter Township Precinct 3,Water Resources Commissioner,,REP,Write-In,1
Calhoun,Emmett Charter Township Precinct 4,Ballots Cast,,,,1022
Calhoun,Emmett Charter Township Precinct 4,Clerk/Register of Deeds,,DEM,Andy Helmboldt,262
Calhoun,Emmett Charter Township Precinct 4,Clerk/Register of Deeds,,DEM,Write-In,0
Calhoun,Emmett Charter Township Precinct 4,Clerk/Register of Deeds,,REP,Kimberly A. Hinkley,586
Calhoun,Emmett Charter Township Precinct 4,Clerk/Register of Deeds,,REP,Write-In,3
Calhoun,Emmett Charter Township Precinct 4,Commissioner 5th District,,DEM,Rob Lyerla,256
Calhoun,Emmett Charter Township Precinct 4,Commissioner 5th District,,DEM,Write-In,0
Calhoun,Emmett Charter Township Precinct 4,Commissioner 5th District,,REP,Derek F. King,566
Calhoun,Emmett Charter Township Precinct 4,Commissioner 5th District,,REP,Write-In,3
Calhoun,Emmett Charter Township Precinct 4,Emmett Charter Township Public Safety Proposal,,,No,347
Calhoun,Emmett Charter Township Precinct 4,Emmett Charter Township Public Safety Proposal,,,Yes,578
Calhoun,Emmett Charter Township Precinct 4,Emmett Township Clerk,,DEM,Write-In,30
Calhoun,Emmett Charter Township Precinct 4,Emmett Township Clerk,,REP,Tracy Myers-Malone,547
Calhoun,Emmett Charter Township Precinct 4,Emmett Township Clerk,,REP,Write-In,6
Calhoun,Emmett Charter Township Precinct 4,Emmett Township Supervisor,,DEM,Write-In,32
Calhoun,Emmett Charter Township Precinct 4,Emmett Township Supervisor,,REP,Bob Coward,224
Calhoun,Emmett Charter Township Precinct 4,Emmett Township Supervisor,,REP,Dawn McMillon,78
Calhoun,Emmett Charter Township Precinct 4,Emmett Township Supervisor,,REP,Deb Belles,250
Calhoun,Emmett Charter Township Precinct 4,Emmett Township Supervisor,,REP,Michael R. Bye,98
Calhoun,Emmett Charter Township Precinct 4,Emmett Township Supervisor,,REP,Write-In,0
Calhoun,Emmett Charter Township Precinct 4,Emmett Township Treasurer,,DEM,Write-In,31
Calhoun,Emmett Charter Township Precinct 4,Emmett Township Treasurer,,REP,Kristas Sue Fritsche,260
Calhoun,Emmett Charter Township Precinct 4,Emmett Township Treasurer,,REP,Rachelle Myers,362
Calhoun,Emmett Charter Township Precinct 4,Emmett Township Treasurer,,REP,Write-In,0
Calhoun,Emmett Charter Township Precinct 4,Emmett Township Trustee,,DEM,Gavin Powell,224
Calhoun,Emmett Charter Township Precinct 4,Emmett Township Trustee,,DEM,Write-In,5
Calhoun,Emmett Charter Township Precinct 4,Emmett Township Trustee,,REP,Brandon L. Zirkel,229
Calhoun,Emmett Charter Township Precinct 4,Emmett Township Trustee,,REP,James L. Juhnke,300
Calhoun,Emmett Charter Township Precinct 4,Emmett Township Trustee,,REP,Jim Mead,299
Calhoun,Emmett Charter Township Precinct 4,Emmett Township Trustee,,REP,Miles Weaver,224
Calhoun,Emmett Charter Township Precinct 4,Emmett Township Trustee,,REP,Richard Brown,226
Calhoun,Emmett Charter Township Precinct 4,Emmett Township Trustee,,REP,Robin Cunningham,214
Calhoun,Emmett Charter Township Precinct 4,Emmett Township Trustee,,REP,Stephen J. Titus,284
Calhoun,Emmett Charter Township Precinct 4,Emmett Township Trustee,,REP,Write-In,2
Calhoun,Emmett Charter Township Precinct 4,Emmett Twp Precinct 4 Delegate,,DEM,Elizabeth Kelly,215
Calhoun,Emmett Charter Township Precinct 4,Emmett Twp Precinct 4 Delegate,,DEM,Jon Byrd,187
Calhoun,Emmett Charter Township Precinct 4,Emmett Twp Precinct 4 Delegate,,DEM,Write-In,2
Calhoun,Emmett Charter Township Precinct 4,Emmett Twp Precinct 4 Delegate,,REP,Write-In,5
Calhoun,Emmett Charter Township Precinct 4,Parks Millage Proposal,,,No,366
Calhoun,Emmett Charter Township Precinct 4,Parks Millage Proposal,,,Yes,562
Calhoun,Emmett Charter Township Precinct 4,Prosecuting Attorney,,DEM,Christopher B. Vreeland,259
Calhoun,Emmett Charter Township Precinct 4,Prosecuting Attorney,,DEM,Write-In,1
Calhoun,Emmett Charter Township Precinct 4,Prosecuting Attorney,,REP,David Gilbert,585
Calhoun,Emmett Charter Township Precinct 4,Prosecuting Attorney,,REP,Write-In,2
Calhoun,Emmett Charter Township Precinct 4,Registered Voters,,,,2738
Calhoun,Emmett Charter Township Precinct 4,Senior Millage Renewal Proposal,,,No,210
Calhoun,Emmett Charter Township Precinct 4,Senior Millage Renewal Proposal,,,Yes,710
Calhoun,Emmett Charter Township Precinct 4,Sheriff,,DEM,Brad Palmer,257
Calhoun,Emmett Charter Township Precinct 4,Sheriff,,DEM,Write-In,0
Calhoun,Emmett Charter Township Precinct 4,Sheriff,,REP,Steve Hinkley,605
Calhoun,Emmett Charter Township Precinct 4,Sheriff,,REP,Write-In,2
Calhoun,Emmett Charter Township Precinct 4,State House,63,DEM,Luke Howell,121
Calhoun,Emmett Charter Township Precinct 4,State House,63,DEM,Ron Hawkins,126
Calhoun,Emmett Charter Township Precinct 4,State House,63,DEM,Write-In,1
Calhoun,Emmett Charter Township Precinct 4,State House,63,REP,Matt Hall,600
Calhoun,Emmett Charter Township Precinct 4,State House,63,REP,Write-In,2
Calhoun,Emmett Charter Township Precinct 4,Treasurer,,DEM,Michael Evans,263
Calhoun,Emmett Charter Township Precinct 4,Treasurer,,DEM,Write-In,0
Calhoun,Emmett Charter Township Precinct 4,Treasurer,,REP,Brian W. Wensauer,577
Calhoun,Emmett Charter Township Precinct 4,Treasurer,,REP,Write-In,3
Calhoun,Emmett Charter Township Precinct 4,U.S. House,3,DEM,Hillary Scholten,268
Calhoun,Emmett Charter Township Precinct 4,U.S. House,3,DEM,Write-In,0
Calhoun,Emmett Charter Township Precinct 4,U.S. House,3,REP,Emily Rafi,58
Calhoun,Emmett Charter Township Precinct 4,U.S. House,3,REP,Joe Farrington,27
Calhoun,Emmett Charter Township Precinct 4,U.S. House,3,REP,Lynn Afendoulis,153
Calhoun,Emmett Charter Township Precinct 4,U.S. House,3,REP,Peter Meijer,306
Calhoun,Emmett Charter Township Precinct 4,U.S. House,3,REP,Thomas J. Norton,96
Calhoun,Emmett Charter Township Precinct 4,U.S. House,3,REP,Write-In,0
Calhoun,Emmett Charter Township Precinct 4,U.S. Senate,,DEM,Gary Peters,267
Calhoun,Emmett Charter Township Precinct 4,U.S. Senate,,DEM,Write-In,2
Calhoun,Emmett Charter Township Precinct 4,U.S. Senate,,REP,John James,605
Calhoun,Emmett Charter Township Precinct 4,U.S. Senate,,REP,Write-In,3
Calhoun,Emmett Charter Township Precinct 4,Water Resources Commissioner,,DEM,Wayne Kukuk,258
Calhoun,Emmett Charter Township Precinct 4,Water Resources Commissioner,,DEM,Write-In,0
Calhoun,Emmett Charter Township Precinct 4,Water Resources Commissioner,,REP,Johnny Cash,275
Calhoun,Emmett Charter Township Precinct 4,Water Resources Commissioner,,REP,Ron Smith,280
Calhoun,Emmett Charter Township Precinct 4,Water Resources Commissioner,,REP,Write-In,1
Calhoun,Fredonia Township Precinct 1,Ballots Cast,,,,457
Calhoun,Fredonia Township Precinct 1,Clerk/Register of Deeds,,DEM,Andy Helmboldt,92
Calhoun,Fredonia Township Precinct 1,Clerk/Register of Deeds,,DEM,Write-In,0
Calhoun,Fredonia Township Precinct 1,Clerk/Register of Deeds,,REP,Kimberly A. Hinkley,275
Calhoun,Fredonia Township Precinct 1,Clerk/Register of Deeds,,REP,Write-In,0
Calhoun,Fredonia Township Precinct 1,Commissioner 6th District,,DEM,Curt Osborn,90
Calhoun,Fredonia Township Precinct 1,Commissioner 6th District,,DEM,Write-In,0
Calhoun,Fredonia Township Precinct 1,Commissioner 6th District,,REP,Tommy Miller,217
Calhoun,Fredonia Township Precinct 1,Commissioner 6th District,,REP,Victor R. Potter,94
Calhoun,Fredonia Township Precinct 1,Commissioner 6th District,,REP,Write-In,0
Calhoun,Fredonia Township Precinct 1,Fredonia Township Clerk,,DEM,Write-In,8
Calhoun,Fredonia Township Precinct 1,Fredonia Township Clerk,,REP,Cathy Combs,273
Calhoun,Fredonia Township Precinct 1,Fredonia Township Clerk,,REP,Write-In,1
Calhoun,Fredonia Township Precinct 1,Fredonia Township Supervisor,,DEM,Write-In,11
Calhoun,Fredonia Township Precinct 1,Fredonia Township Supervisor,,REP,Doug Damon,253
Calhoun,Fredonia Township Precinct 1,Fredonia Township Supervisor,,REP,Write-In,5
Calhoun,Fredonia Township Precinct 1,Fredonia Township Treasurer,,DEM,JC Skowron,84
Calhoun,Fredonia Township Precinct 1,Fredonia Township Treasurer,,DEM,Write-In,1
Calhoun,Fredonia Township Precinct 1,Fredonia Township Treasurer,,REP,Write-In,15
Calhoun,Fredonia Township Precinct 1,Fredonia Township Trustee,,DEM,Write-In,8
Calhoun,Fredonia Township Precinct 1,Fredonia Township Trustee,,REP,Ken Huestis,161
Calhoun,Fredonia Township Precinct 1,Fredonia Township Trustee,,REP,Terry Day,229
Calhoun,Fredonia Township Precinct 1,Fredonia Township Trustee,,REP,Write-In,2
Calhoun,Fredonia Township Precinct 1,Fredonia Twp Precinct 1 Delegate,,DEM,Christopher B. Vreeland,88
Calhoun,Fredonia Township Precinct 1,Fredonia Twp Precinct 1 Delegate,,DEM,Joshua Swick Vreeland,70
Calhoun,Fredonia Township Precinct 1,Fredonia Twp Precinct 1 Delegate,,DEM,Write-In,2
Calhoun,Fredonia Township Precinct 1,Fredonia Twp Precinct 1 Delegate,,REP,Jill L. Stout,250
Calhoun,Fredonia Township Precinct 1,Fredonia Twp Precinct 1 Delegate,,REP,Write-In,2
Calhoun,Fredonia Township Precinct 1,Parks Millage Proposal,,,No,206
Calhoun,Fredonia Township Precinct 1,Parks Millage Proposal,,,Yes,191
Calhoun,Fredonia Township Precinct 1,Prosecuting Attorney,,DEM,Christopher B. Vreeland,94
Calhoun,Fredonia Township Precinct 1,Prosecuting Attorney,,DEM,Write-In,1
Calhoun,Fredonia Township Precinct 1,Prosecuting Attorney,,REP,David Gilbert,281
Calhoun,Fredonia Township Precinct 1,Prosecuting Attorney,,REP,Write-In,0
Calhoun,Fredonia Township Precinct 1,Registered Voters,,,,1395
Calhoun,Fredonia Township Precinct 1,Senior Millage Renewal Proposal,,,No,93
Calhoun,Fredonia Township Precinct 1,Senior Millage Renewal Proposal,,,Yes,307
Calhoun,Fredonia Township Precinct 1,Sheriff,,DEM,Brad Palmer,93
Calhoun,Fredonia Township Precinct 1,Sheriff,,DEM,Write-In,0
Calhoun,Fredonia Township Precinct 1,Sheriff,,REP,Steve Hinkley,287
Calhoun,Fredonia Township Precinct 1,Sheriff,,REP,Write-In,1
Calhoun,Fredonia Township Precinct 1,State House,63,DEM,Luke Howell,42
Calhoun,Fredonia Township Precinct 1,State House,63,DEM,Ron Hawkins,44
Calhoun,Fredonia Township Precinct 1,State House,63,DEM,Write-In,1
Calhoun,Fredonia Township Precinct 1,State House,63,REP,Matt Hall,284
Calhoun,Fredonia Township Precinct 1,State House,63,REP,Write-In,1
Calhoun,Fredonia Township Precinct 1,Treasurer,,DEM,Michael Evans,92
Calhoun,Fredonia Township Precinct 1,Treasurer,,DEM,Write-In,0
Calhoun,Fredonia Township Precinct 1,Treasurer,,REP,Brian W. Wensauer,270
Calhoun,Fredonia Township Precinct 1,Treasurer,,REP,Write-In,1
Calhoun,Fredonia Township Precinct 1,U.S. House,3,DEM,Hillary Scholten,96
Calhoun,Fredonia Township Precinct 1,U.S. House,3,DEM,Write-In,0
Calhoun,Fredonia Township Precinct 1,U.S. House,3,REP,Emily Rafi,15
Calhoun,Fredonia Township Precinct 1,U.S. House,3,REP,Joe Farrington,13
Calhoun,Fredonia Township Precinct 1,U.S. House,3,REP,Lynn Afendoulis,69
Calhoun,Fredonia Township Precinct 1,U.S. House,3,REP,Peter Meijer,145
Calhoun,Fredonia Township Precinct 1,U.S. House,3,REP,Thomas J. Norton,52
Calhoun,Fredonia Township Precinct 1,U.S. House,3,REP,Write-In,2
Calhoun,Fredonia Township Precinct 1,U.S. Senate,,DEM,Gary Peters,102
Calhoun,Fredonia Township Precinct 1,U.S. Senate,,DEM,Write-In,0
Calhoun,Fredonia Township Precinct 1,U.S. Senate,,REP,John James,287
Calhoun,Fredonia Township Precinct 1,U.S. Senate,,REP,Write-In,1
Calhoun,Fredonia Township Precinct 1,Water Resources Commissioner,,DEM,Wayne Kukuk,94
Calhoun,Fredonia Township Precinct 1,Water Resources Commissioner,,DEM,Write-In,0
Calhoun,Fredonia Township Precinct 1,Water Resources Commissioner,,REP,Johnny Cash,66
Calhoun,Fredonia Township Precinct 1,Water Resources Commissioner,,REP,Ron Smith,218
Calhoun,Fredonia Township Precinct 1,Water Resources Commissioner,,REP,Write-In,0
Calhoun,Homer Township Precinct 1,Ballots Cast,,,,427
Calhoun,Homer Township Precinct 1,Clerk/Register of Deeds,,DEM,Andy Helmboldt,102
Calhoun,Homer Township Precinct 1,Clerk/Register of Deeds,,DEM,Write-In,0
Calhoun,Homer Township Precinct 1,Clerk/Register of Deeds,,REP,Kimberly A. Hinkley,262
Calhoun,Homer Township Precinct 1,Clerk/Register of Deeds,,REP,Write-In,0
Calhoun,Homer Township Precinct 1,Commissioner 7th District,,DEM,Marcy Sacks,100
Calhoun,Homer Township Precinct 1,Commissioner 7th District,,DEM,Write-In,0
Calhoun,Homer Township Precinct 1,Commissioner 7th District,,REP,Gary Tompkins,260
Calhoun,Homer Township Precinct 1,Commissioner 7th District,,REP,Write-In,2
Calhoun,Homer Township Precinct 1,Homer Township Clerk,,DEM,Trixie McMeeking,107
Calhoun,Homer Township Precinct 1,Homer Township Clerk,,DEM,Write-In,0
Calhoun,Homer Township Precinct 1,Homer Township Clerk,,REP,Write-In,12
Calhoun,Homer Township Precinct 1,Homer Township Library Millage Increase Proposal,,,No,171
Calhoun,Homer Township Precinct 1,Homer Township Library Millage Increase Proposal,,,Yes,223
Calhoun,Homer Township Precinct 1,Homer Township Library Millage Renewal Proposal,,,No,93
Calhoun,Homer Township Precinct 1,Homer Township Library Millage Renewal Proposal,,,Yes,303
Calhoun,Homer Township Precinct 1,Homer Township Supervisor,,DEM,Write-In,9
Calhoun,Homer Township Precinct 1,Homer Township Supervisor,,REP,Todd M. Wildt,229
Calhoun,Homer Township Precinct 1,Homer Township Supervisor,,REP,Write-In,3
Calhoun,Homer Township Precinct 1,Homer Township Treasurer,,DEM,Write-In,9
Calhoun,Homer Township Precinct 1,Homer Township Treasurer,,REP,Anne Mestdagh-Leach,226
Calhoun,Homer Township Precinct 1,Homer Township Treasurer,,REP,Write-In,0
Calhoun,Homer Township Precinct 1,Homer Township Trustee,,DEM,Write-In,9
Calhoun,Homer Township Precinct 1,Homer Township Trustee,,REP,Steven Swafford,175
Calhoun,Homer Township Precinct 1,Homer Township Trustee,,REP,Todd E. Landis,195
Calhoun,Homer Township Precinct 1,Homer Township Trustee,,REP,Write-In,2
Calhoun,Homer Township Precinct 1,Homer Twp Precinct 1 Delegate,,DEM,David Bruce Miller (write-in),2
Calhoun,Homer Township Precinct 1,Homer Twp Precinct 1 Delegate,,DEM,Isabell Nazar,104
Calhoun,Homer Township Precinct 1,Homer Twp Precinct 1 Delegate,,DEM,Write-In,6
Calhoun,Homer Township Precinct 1,Homer Twp Precinct 1 Delegate,,REP,Write-In,10
Calhoun,Homer Township Precinct 1,Parks Millage Proposal,,,No,196
Calhoun,Homer Township Precinct 1,Parks Millage Proposal,,,Yes,188
Calhoun,Homer Township Precinct 1,Prosecuting Attorney,,DEM,Christopher B. Vreeland,105
Calhoun,Homer Township Precinct 1,Prosecuting Attorney,,DEM,Write-In,0
Calhoun,Homer Township Precinct 1,Prosecuting Attorney,,REP,David Gilbert,248
Calhoun,Homer Township Precinct 1,Prosecuting Attorney,,REP,Write-In,0
Calhoun,Homer Township Precinct 1,Registered Voters,,,,1891
Calhoun,Homer Township Precinct 1,Senior Millage Renewal Proposal,,,No,71
Calhoun,Homer Township Precinct 1,Senior Millage Renewal Proposal,,,Yes,320
Calhoun,Homer Township Precinct 1,Sheriff,,DEM,Brad Palmer,102
Calhoun,Homer Township Precinct 1,Sheriff,,DEM,Write-In,0
Calhoun,Homer Township Precinct 1,Sheriff,,REP,Steve Hinkley,263
Calhoun,Homer Township Precinct 1,Sheriff,,REP,Write-In,1
Calhoun,Homer Township Precinct 1,State House,63,DEM,Luke Howell,48
Calhoun,Homer Township Precinct 1,State House,63,DEM,Ron Hawkins,49
Calhoun,Homer Township Precinct 1,State House,63,DEM,Write-In,1
Calhoun,Homer Township Precinct 1,State House,63,REP,Matt Hall,252
Calhoun,Homer Township Precinct 1,State House,63,REP,Write-In,1
Calhoun,Homer Township Precinct 1,Treasurer,,DEM,Michael Evans,101
Calhoun,Homer Township Precinct 1,Treasurer,,DEM,Write-In,0
Calhoun,Homer Township Precinct 1,Treasurer,,REP,Brian W. Wensauer,241
Calhoun,Homer Township Precinct 1,Treasurer,,REP,Write-In,0
Calhoun,Homer Township Precinct 1,U.S. House,3,DEM,Hillary Scholten,106
Calhoun,Homer Township Precinct 1,U.S. House,3,DEM,Write-In,0
Calhoun,Homer Township Precinct 1,U.S. House,3,REP,Emily Rafi,10
Calhoun,Homer Township Precinct 1,U.S. House,3,REP,Joe Farrington,19
Calhoun,Homer Township Precinct 1,U.S. House,3,REP,Lynn Afendoulis,36
Calhoun,Homer Township Precinct 1,U.S. House,3,REP,Peter Meijer,129
Calhoun,Homer Township Precinct 1,U.S. House,3,REP,Thomas J. Norton,53
Calhoun,Homer Township Precinct 1,U.S. House,3,REP,Write-In,0
Calhoun,Homer Township Precinct 1,U.S. Senate,,DEM,Gary Peters,107
Calhoun,Homer Township Precinct 1,U.S. Senate,,DEM,Write-In,0
Calhoun,Homer Township Precinct 1,U.S. Senate,,REP,John James,252
Calhoun,Homer Township Precinct 1,U.S. Senate,,REP,Write-In,1
Calhoun,Homer Township Precinct 1,Water Resources Commissioner,,DEM,Wayne Kukuk,100
Calhoun,Homer Township Precinct 1,Water Resources Commissioner,,DEM,Write-In,0
Calhoun,Homer Township Precinct 1,Water Resources Commissioner,,REP,Johnny Cash,103
Calhoun,Homer Township Precinct 1,Water Resources Commissioner,,REP,Ron Smith,127
Calhoun,Homer Township Precinct 1,Water Resources Commissioner,,REP,Write-In,0
Calhoun,Lee Township Precinct 1,Ballots Cast,,,,229
Calhoun,Lee Township Precinct 1,Clerk/Register of Deeds,,DEM,Andy Helmboldt,31
Calhoun,Lee Township Precinct 1,Clerk/Register of Deeds,,DEM,Write-In,0
Calhoun,Lee Township Precinct 1,Clerk/Register of Deeds,,REP,Kimberly A. Hinkley,162
Calhoun,Lee Township Precinct 1,Clerk/Register of Deeds,,REP,Write-In,0
Calhoun,Lee Township Precinct 1,Commissioner 7th District,,DEM,Marcy Sacks,32
Calhoun,Lee Township Precinct 1,Commissioner 7th District,,DEM,Write-In,0
Calhoun,Lee Township Precinct 1,Commissioner 7th District,,REP,Gary Tompkins,159
Calhoun,Lee Township Precinct 1,Commissioner 7th District,,REP,Write-In,1
Calhoun,Lee Township Precinct 1,Lee Township Clerk,,DEM,Write-In,4
Calhoun,Lee Township Precinct 1,Lee Township Clerk,,REP,Samantha J. VanDorsten,156
Calhoun,Lee Township Precinct 1,Lee Township Clerk,,REP,Write-In,2
Calhoun,Lee Township Precinct 1,Lee Township Supervisor,,DEM,Write-In,5
Calhoun,Lee Township Precinct 1,Lee Township Supervisor,,REP,Brad Shrontz,156
Calhoun,Lee Township Precinct 1,Lee Township Supervisor,,REP,Write-In,2
Calhoun,Lee Township Precinct 1,Lee Township Treasurer,,DEM,Write-In,4
Calhoun,Lee Township Precinct 1,Lee Township Treasurer,,REP,Melanie A. Piepkow,159
Calhoun,Lee Township Precinct 1,Lee Township Treasurer,,REP,Write-In,1
Calhoun,Lee Township Precinct 1,Lee Township Trustee,,DEM,Write-In,4
Calhoun,Lee Township Precinct 1,Lee Township Trustee,,REP,Casey Hall,132
Calhoun,Lee Township Precinct 1,Lee Township Trustee,,REP,Charles J. Letts,111
Calhoun,Lee Township Precinct 1,Lee Township Trustee,,REP,Write-In,2
Calhoun,Lee Township Precinct 1,Lee Twp Precinct 1 Delegate,,DEM,Write-In,4
Calhoun,Lee Township Precinct 1,Lee Twp Precinct 1 Delegate,,REP,Write-In,14
Calhoun,Lee Township Precinct 1,Parks Millage Proposal,,,No,136
Calhoun,Lee Township Precinct 1,Parks Millage Proposal,,,Yes,73
Calhoun,Lee Township Precinct 1,Prosecuting Attorney,,DEM,Christopher B. Vreeland,31
Calhoun,Lee Township Precinct 1,Prosecuting Attorney,,DEM,Write-In,0
Calhoun,Lee Township Precinct 1,Prosecuting Attorney,,REP,David Gilbert,156
Calhoun,Lee Township Precinct 1,Prosecuting Attorney,,REP,Write-In,2
Calhoun,Lee Township Precinct 1,Registered Voters,,,,838
Calhoun,Lee Township Precinct 1,Senior Millage Renewal Proposal,,,No,60
Calhoun,Lee Township Precinct 1,Senior Millage Renewal Proposal,,,Yes,151
Calhoun,Lee Township Precinct 1,Sheriff,,DEM,Brad Palmer,31
Calhoun,Lee Township Precinct 1,Sheriff,,DEM,Write-In,0
Calhoun,Lee Township Precinct 1,Sheriff,,REP,Steve Hinkley,162
Calhoun,Lee Township Precinct 1,Sheriff,,REP,Write-In,1
Calhoun,Lee Township Precinct 1,State House,62,DEM,Jim Haadsma,35
Calhoun,Lee Township Precinct 1,State House,62,DEM,Write-In,0
Calhoun,Lee Township Precinct 1,State House,62,REP,Chad Baase,17
Calhoun,Lee Township Precinct 1,State House,62,REP,Dave Morgan,114
Calhoun,Lee Township Precinct 1,State House,62,REP,Michelle Gregoire,32
Calhoun,Lee Township Precinct 1,State House,62,REP,Write-In,0
Calhoun,Lee Township Precinct 1,Treasurer,,DEM,Michael Evans,33
Calhoun,Lee Township Precinct 1,Treasurer,,DEM,Write-In,0
Calhoun,Lee Township Precinct 1,Treasurer,,REP,Brian W. Wensauer,153
Calhoun,Lee Township Precinct 1,Treasurer,,REP,Write-In,1
Calhoun,Lee Township Precinct 1,U.S. House,3,DEM,Hillary Scholten,34
Calhoun,Lee Township Precinct 1,U.S. House,3,DEM,Write-In,0
Calhoun,Lee Township Precinct 1,U.S. House,3,REP,Emily Rafi,8
Calhoun,Lee Township Precinct 1,U.S. House,3,REP,Joe Farrington,11
Calhoun,Lee Township Precinct 1,U.S. House,3,REP,Lynn Afendoulis,36
Calhoun,Lee Township Precinct 1,U.S. House,3,REP,Peter Meijer,65
Calhoun,Lee Township Precinct 1,U.S. House,3,REP,Thomas J. Norton,49
Calhoun,Lee Township Precinct 1,U.S. House,3,REP,Write-In,1
Calhoun,Lee Township Precinct 1,U.S. Senate,,DEM,Gary Peters,36
Calhoun,Lee Township Precinct 1,U.S. Senate,,DEM,Write-In,0
Calhoun,Lee Township Precinct 1,U.S. Senate,,REP,John James,156
Calhoun,Lee Township Precinct 1,U.S. Senate,,REP,Write-In,0
Calhoun,Lee Township Precinct 1,Water Resources Commissioner,,DEM,Wayne Kukuk,31
Calhoun,Lee Township Precinct 1,Water Resources Commissioner,,DEM,Write-In,0
Calhoun,Lee Township Precinct 1,Water Resources Commissioner,,REP,Johnny Cash,42
Calhoun,Lee Township Precinct 1,Water Resources Commissioner,,REP,Ron Smith,131
Calhoun,Lee Township Precinct 1,Water Resources Commissioner,,REP,Write-In,1
Calhoun,Leroy Township Precinct 1,Athens Area Schools I. Operating Millage Renewal Proposal,,,No,144
Calhoun,Leroy Township Precinct 1,Athens Area Schools I. Operating Millage Renewal Proposal,,,Yes,332
Calhoun,Leroy Township Precinct 1,Athens Area Schools II. Sinking Fund Millage Renewal Proposal,,,No,143
Calhoun,Leroy Township Precinct 1,Athens Area Schools II. Sinking Fund Millage Renewal Proposal,,,Yes,303
Calhoun,Leroy Township Precinct 1,Ballots Cast,,,,598
Calhoun,Leroy Township Precinct 1,Clerk/Register of Deeds,,DEM,Andy Helmboldt,139
Calhoun,Leroy Township Precinct 1,Clerk/Register of Deeds,,DEM,Write-In,0
Calhoun,Leroy Township Precinct 1,Clerk/Register of Deeds,,REP,Kimberly A. Hinkley,360
Calhoun,Leroy Township Precinct 1,Clerk/Register of Deeds,,REP,Write-In,0
Calhoun,Leroy Township Precinct 1,Commissioner 5th District,,DEM,Rob Lyerla,139
Calhoun,Leroy Township Precinct 1,Commissioner 5th District,,DEM,Write-In,0
Calhoun,Leroy Township Precinct 1,Commissioner 5th District,,REP,Derek F. King,359
Calhoun,Leroy Township Precinct 1,Commissioner 5th District,,REP,Write-In,2
Calhoun,Leroy Township Precinct 1,Leroy Township Clerk,,DEM,Write-In,8
Calhoun,Leroy Township Precinct 1,Leroy Township Clerk,,REP,Nicole M. Hardish,332
Calhoun,Leroy Township Precinct 1,Leroy Township Clerk,,REP,Write-In,2
Calhoun,Leroy Township Precinct 1,Leroy Township Supervisor,,DEM,Roger King,126
Calhoun,Leroy Township Precinct 1,Leroy Township Supervisor,,DEM,Write-In,0
Calhoun,Leroy Township Precinct 1,Leroy Township Supervisor,,REP,Laveta Hardish,344
Calhoun,Leroy Township Precinct 1,Leroy Township Supervisor,,REP,Write-In,0
Calhoun,Leroy Township Precinct 1,Leroy Township Treasurer,,DEM,Write-In,6
Calhoun,Leroy Township Precinct 1,Leroy Township Treasurer,,REP,Mark A. Christoff,340
Calhoun,Leroy Township Precinct 1,Leroy Township Treasurer,,REP,Write-In,0
Calhoun,Leroy Township Precinct 1,Leroy Township Trustee,,DEM,Write-In,6
Calhoun,Leroy Township Precinct 1,Leroy Township Trustee,,REP,Jonathon Bolton,291
Calhoun,Leroy Township Precinct 1,Leroy Township Trustee,,REP,Michael C. VanHouten,245
Calhoun,Leroy Township Precinct 1,Leroy Township Trustee,,REP,Write-In,0
Calhoun,Leroy Township Precinct 1,Leroy Twp Precinct 1 Delegate,,DEM,Christine Kosmowski,121
Calhoun,Leroy Township Precinct 1,Leroy Twp Precinct 1 Delegate,,DEM,Wayne Kukuk,85
Calhoun,Leroy Township Precinct 1,Leroy Twp Precinct 1 Delegate,,DEM,Write-In,4
Calhoun,Leroy Township Precinct 1,Leroy Twp Precinct 1 Delegate,,REP,Jeannie Burchfield,320
Calhoun,Leroy Township Precinct 1,Leroy Twp Precinct 1 Delegate,,REP,Write-In,1
Calhoun,Leroy Township Precinct 1,Parks Millage Proposal,,,No,273
Calhoun,Leroy Township Precinct 1,Parks Millage Proposal,,,Yes,274
Calhoun,Leroy Township Precinct 1,Prosecuting Attorney,,DEM,Christopher B. Vreeland,138
Calhoun,Leroy Township Precinct 1,Prosecuting Attorney,,DEM,Write-In,0
Calhoun,Leroy Township Precinct 1,Prosecuting Attorney,,REP,David Gilbert,366
Calhoun,Leroy Township Precinct 1,Prosecuting Attorney,,REP,Write-In,0
Calhoun,Leroy Township Precinct 1,Registered Voters,,,,1630
Calhoun,Leroy Township Precinct 1,Senior Millage Renewal Proposal,,,No,132
Calhoun,Leroy Township Precinct 1,Senior Millage Renewal Proposal,,,Yes,417
Calhoun,Leroy Township Precinct 1,Sheriff,,DEM,Brad Palmer,140
Calhoun,Leroy Township Precinct 1,Sheriff,,DEM,Write-In,0
Calhoun,Leroy Township Precinct 1,Sheriff,,REP,Steve Hinkley,368
Calhoun,Leroy Township Precinct 1,Sheriff,,REP,Write-In,0
Calhoun,Leroy Township Precinct 1,State House,63,DEM,Luke Howell,62
Calhoun,Leroy Township Precinct 1,State House,63,DEM,Ron Hawkins,71
Calhoun,Leroy Township Precinct 1,State House,63,DEM,Write-In,0
Calhoun,Leroy Township Precinct 1,State House,63,REP,Matt Hall,367
Calhoun,Leroy Township Precinct 1,State House,63,REP,Write-In,1
Calhoun,Leroy Township Precinct 1,Treasurer,,DEM,Michael Evans,141
Calhoun,Leroy Township Precinct 1,Treasurer,,DEM,Write-In,0
Calhoun,Leroy Township Precinct 1,Treasurer,,REP,Brian W. Wensauer,355
Calhoun,Leroy Township Precinct 1,Treasurer,,REP,Write-In,0
Calhoun,Leroy Township Precinct 1,U.S. House,3,DEM,Hillary Scholten,141
Calhoun,Leroy Township Precinct 1,U.S. House,3,DEM,Write-In,0
Calhoun,Leroy Township Precinct 1,U.S. House,3,REP,Emily Rafi,16
Calhoun,Leroy Township Precinct 1,U.S. House,3,REP,Joe Farrington,10
Calhoun,Leroy Township Precinct 1,U.S. House,3,REP,Lynn Afendoulis,66
Calhoun,Leroy Township Precinct 1,U.S. House,3,REP,Peter Meijer,180
Calhoun,Leroy Township Precinct 1,U.S. House,3,REP,Thomas J. Norton,101
Calhoun,Leroy Township Precinct 1,U.S. House,3,REP,Write-In,0
Calhoun,Leroy Township Precinct 1,U.S. Senate,,DEM,Gary Peters,146
Calhoun,Leroy Township Precinct 1,U.S. Senate,,DEM,Write-In,1
Calhoun,Leroy Township Precinct 1,U.S. Senate,,REP,John James,370
Calhoun,Leroy Township Precinct 1,U.S. Senate,,REP,Write-In,1
Calhoun,Leroy Township Precinct 1,Water Resources Commissioner,,DEM,Wayne Kukuk,137
Calhoun,Leroy Township Precinct 1,Water Resources Commissioner,,DEM,Write-In,0
Calhoun,Leroy Township Precinct 1,Water Resources Commissioner,,REP,Johnny Cash,165
Calhoun,Leroy Township Precinct 1,Water Resources Commissioner,,REP,Ron Smith,178
Calhoun,Leroy Township Precinct 1,Water Resources Commissioner,,REP,Write-In,1
Calhoun,Leroy Township Precinct 2,Ballots Cast,,,,461
Calhoun,Leroy Township Precinct 2,Clerk/Register of Deeds,,DEM,Andy Helmboldt,136
Calhoun,Leroy Township Precinct 2,Clerk/Register of Deeds,,DEM,Write-In,0
Calhoun,Leroy Township Precinct 2,Clerk/Register of Deeds,,REP,Kimberly A. Hinkley,259
Calhoun,Leroy Township Precinct 2,Clerk/Register of Deeds,,REP,Write-In,0
Calhoun,Leroy Township Precinct 2,Commissioner 5th District,,DEM,Rob Lyerla,134
Calhoun,Leroy Township Precinct 2,Commissioner 5th District,,DEM,Write-In,0
Calhoun,Leroy Township Precinct 2,Commissioner 5th District,,REP,Derek F. King,256
Calhoun,Leroy Township Precinct 2,Commissioner 5th District,,REP,Write-In,0
Calhoun,Leroy Township Precinct 2,Leroy Township Clerk,,DEM,Write-In,7
Calhoun,Leroy Township Precinct 2,Leroy Township Clerk,,REP,Nicole M. Hardish,235
Calhoun,Leroy Township Precinct 2,Leroy Township Clerk,,REP,Write-In,1
Calhoun,Leroy Township Precinct 2,Leroy Township Supervisor,,DEM,Roger King,115
Calhoun,Leroy Township Precinct 2,Leroy Township Supervisor,,DEM,Write-In,2
Calhoun,Leroy Township Precinct 2,Leroy Township Supervisor,,REP,Laveta Hardish,241
Calhoun,Leroy Township Precinct 2,Leroy Township Supervisor,,REP,Write-In,2
Calhoun,Leroy Township Precinct 2,Leroy Township Treasurer,,DEM,Write-In,6
Calhoun,Leroy Township Precinct 2,Leroy Township Treasurer,,REP,Mark A. Christoff,237
Calhoun,Leroy Township Precinct 2,Leroy Township Treasurer,,REP,Write-In,1
Calhoun,Leroy Township Precinct 2,Leroy Township Trustee,,DEM,Write-In,5
Calhoun,Leroy Township Precinct 2,Leroy Township Trustee,,REP,Jonathon Bolton,198
Calhoun,Leroy Township Precinct 2,Leroy Township Trustee,,REP,Michael C. VanHouten,199
Calhoun,Leroy Township Precinct 2,Leroy Township Trustee,,REP,Write-In,0
Calhoun,Leroy Township Precinct 2,Leroy Twp Precinct 2 Delegate,,DEM,Write-In,8
Calhoun,Leroy Township Precinct 2,Leroy Twp Precinct 2 Delegate,,REP,Jim Sheldon,208
Calhoun,Leroy Township Precinct 2,Leroy Twp Precinct 2 Delegate,,REP,Nancy Sheldon,198
Calhoun,Leroy Township Precinct 2,Leroy Twp Precinct 2 Delegate,,REP,Write-In,1
Calhoun,Leroy Township Precinct 2,Parks Millage Proposal,,,No,167
Calhoun,Leroy Township Precinct 2,Parks Millage Proposal,,,Yes,225
Calhoun,Leroy Township Precinct 2,Prosecuting Attorney,,DEM,Christopher B. Vreeland,132
Calhoun,Leroy Township Precinct 2,Prosecuting Attorney,,DEM,Write-In,0
Calhoun,Leroy Township Precinct 2,Prosecuting Attorney,,REP,David Gilbert,251
Calhoun,Leroy Township Precinct 2,Prosecuting Attorney,,REP,Write-In,1
Calhoun,Leroy Township Precinct 2,Registered Voters,,,,1465
Calhoun,Leroy Township Precinct 2,Senior Millage Renewal Proposal,,,No,89
Calhoun,Leroy Township Precinct 2,Senior Millage Renewal Proposal,,,Yes,304
Calhoun,Leroy Township Precinct 2,Sheriff,,DEM,Brad Palmer,136
Calhoun,Leroy Township Precinct 2,Sheriff,,DEM,Write-In,0
Calhoun,Leroy Township Precinct 2,Sheriff,,REP,Steve Hinkley,258
Calhoun,Leroy Township Precinct 2,Sheriff,,REP,Write-In,1
Calhoun,Leroy Township Precinct 2,State House,63,DEM,Luke Howell,68
Calhoun,Leroy Township Precinct 2,State House,63,DEM,Ron Hawkins,67
Calhoun,Leroy Township Precinct 2,State House,63,DEM,Write-In,0
Calhoun,Leroy Township Precinct 2,State House,63,REP,Matt Hall,255
Calhoun,Leroy Township Precinct 2,State House,63,REP,Write-In,0
Calhoun,Leroy Township Precinct 2,Treasurer,,DEM,Michael Evans,135
Calhoun,Leroy Township Precinct 2,Treasurer,,DEM,Write-In,0
Calhoun,Leroy Township Precinct 2,Treasurer,,REP,Brian W. Wensauer,253
Calhoun,Leroy Township Precinct 2,Treasurer,,REP,Write-In,0
Calhoun,Leroy Township Precinct 2,U.S. House,3,DEM,Hillary Scholten,136
Calhoun,Leroy Township Precinct 2,U.S. House,3,DEM,Write-In,0
Calhoun,Leroy Township Precinct 2,U.S. House,3,REP,Emily Rafi,13
Calhoun,Leroy Township Precinct 2,U.S. House,3,REP,Joe Farrington,13
Calhoun,Leroy Township Precinct 2,U.S. House,3,REP,Lynn Afendoulis,69
Calhoun,Leroy Township Precinct 2,U.S. House,3,REP,Peter Meijer,121
Calhoun,Leroy Township Precinct 2,U.S. House,3,REP,Thomas J. Norton,52
Calhoun,Leroy Township Precinct 2,U.S. House,3,REP,Write-In,0
Calhoun,Leroy Township Precinct 2,U.S. Senate,,DEM,Gary Peters,139
Calhoun,Leroy Township Precinct 2,U.S. Senate,,DEM,Write-In,0
Calhoun,Leroy Township Precinct 2,U.S. Senate,,REP,John James,256
Calhoun,Leroy Township Precinct 2,U.S. Senate,,REP,Write-In,3
Calhoun,Leroy Township Precinct 2,Water Resources Commissioner,,DEM,Wayne Kukuk,133
Calhoun,Leroy Township Precinct 2,Water Resources Commissioner,,DEM,Write-In,0
Calhoun,Leroy Township Precinct 2,Water Resources Commissioner,,REP,Johnny Cash,96
Calhoun,Leroy Township Precinct 2,Water Resources Commissioner,,REP,Ron Smith,149
Calhoun,Leroy Township Precinct 2,Water Resources Commissioner,,REP,Write-In,0
Calhoun,Marengo Township Precinct 1,Ballots Cast,,,,559
Calhoun,Marengo Township Precinct 1,Clerk/Register of Deeds,,DEM,Andy Helmboldt,124
Calhoun,Marengo Township Precinct 1,Clerk/Register of Deeds,,DEM,Write-In,0
Calhoun,Marengo Township Precinct 1,Clerk/Register of Deeds,,REP,Kimberly A. Hinkley,356
Calhoun,Marengo Township Precinct 1,Clerk/Register of Deeds,,REP,Write-In,0
Calhoun,Marengo Township Precinct 1,Commissioner 6th District,,DEM,Curt Osborn,124
Calhoun,Marengo Township Precinct 1,Commissioner 6th District,,DEM,Write-In,0
Calhoun,Marengo Township Precinct 1,Commissioner 6th District,,REP,Tommy Miller,263
Calhoun,Marengo Township Precinct 1,Commissioner 6th District,,REP,Victor R. Potter,124
Calhoun,Marengo Township Precinct 1,Commissioner 6th District,,REP,Write-In,1
Calhoun,Marengo Township Precinct 1,Marengo Township Clerk,,DEM,Write-In,9
Calhoun,Marengo Township Precinct 1,Marengo Township Clerk,,REP,Doreen VanSickle,347
Calhoun,Marengo Township Precinct 1,Marengo Township Clerk,,REP,Write-In,4
Calhoun,Marengo Township Precinct 1,Marengo Township Operating Millage Renewal Proposal,,,No,162
Calhoun,Marengo Township Precinct 1,Marengo Township Operating Millage Renewal Proposal,,,Yes,335
Calhoun,Marengo Township Precinct 1,Marengo Township Supervisor,,DEM,Write-In,12
Calhoun,Marengo Township Precinct 1,Marengo Township Supervisor,,REP,David L. Fountain,356
Calhoun,Marengo Township Precinct 1,Marengo Township Supervisor,,REP,Write-In,2
Calhoun,Marengo Township Precinct 1,Marengo Township Treasurer,,DEM,Write-In,9
Calhoun,Marengo Township Precinct 1,Marengo Township Treasurer,,REP,Angela Freitel,349
Calhoun,Marengo Township Precinct 1,Marengo Township Treasurer,,REP,Write-In,3
Calhoun,Marengo Township Precinct 1,Marengo Township Trustee,,DEM,Write-In,10
Calhoun,Marengo Township Precinct 1,Marengo Township Trustee,,REP,Duane V. Hoffman,293
Calhoun,Marengo Township Precinct 1,Marengo Township Trustee,,REP,Todd Hazel,252
Calhoun,Marengo Township Precinct 1,Marengo Township Trustee,,REP,Write-In,2
Calhoun,Marengo Township Precinct 1,Marengo Twp Precinct 1 Delegate,,DEM,Write-In,21
Calhoun,Marengo Township Precinct 1,Marengo Twp Precinct 1 Delegate,,REP,Write-In,16
Calhoun,Marengo Township Precinct 1,Parks Millage Proposal,,,No,259
Calhoun,Marengo Township Precinct 1,Parks Millage Proposal,,,Yes,237
Calhoun,Marengo Township Precinct 1,Prosecuting Attorney,,DEM,Christopher B. Vreeland,124
Calhoun,Marengo Township Precinct 1,Prosecuting Attorney,,DEM,Write-In,0
Calhoun,Marengo Township Precinct 1,Prosecuting Attorney,,REP,David Gilbert,349
Calhoun,Marengo Township Precinct 1,Prosecuting Attorney,,REP,Write-In,0
Calhoun,Marengo Township Precinct 1,Registered Voters,,,,1781
Calhoun,Marengo Township Precinct 1,Senior Millage Renewal Proposal,,,No,89
Calhoun,Marengo Township Precinct 1,Senior Millage Renewal Proposal,,,Yes,413
Calhoun,Marengo Township Precinct 1,Sheriff,,DEM,Brad Palmer,123
Calhoun,Marengo Township Precinct 1,Sheriff,,DEM,Write-In,0
Calhoun,Marengo Township Precinct 1,Sheriff,,REP,Steve Hinkley,369
Calhoun,Marengo Township Precinct 1,Sheriff,,REP,Write-In,1
Calhoun,Marengo Township Precinct 1,State House,63,DEM,Luke Howell,56
Calhoun,Marengo Township Precinct 1,State House,63,DEM,Ron Hawkins,65
Calhoun,Marengo Township Precinct 1,State House,63,DEM,Write-In,1
Calhoun,Marengo Township Precinct 1,State House,63,REP,Matt Hall,351
Calhoun,Marengo Township Precinct 1,State House,63,REP,Write-In,1
Calhoun,Marengo Township Precinct 1,Treasurer,,DEM,Michael Evans,123
Calhoun,Marengo Township Precinct 1,Treasurer,,DEM,Write-In,0
Calhoun,Marengo Township Precinct 1,Treasurer,,REP,Brian W. Wensauer,336
Calhoun,Marengo Township Precinct 1,Treasurer,,REP,Write-In,1
Calhoun,Marengo Township Precinct 1,U.S. House,3,DEM,Hillary Scholten,125
Calhoun,Marengo Township Precinct 1,U.S. House,3,DEM,Write-In,0
Calhoun,Marengo Township Precinct 1,U.S. House,3,REP,Emily Rafi,22
Calhoun,Marengo Township Precinct 1,U.S. House,3,REP,Joe Farrington,17
Calhoun,Marengo Township Precinct 1,U.S. House,3,REP,Lynn Afendoulis,97
Calhoun,Marengo Township Precinct 1,U.S. House,3,REP,Peter Meijer,156
Calhoun,Marengo Township Precinct 1,U.S. House,3,REP,Thomas J. Norton,65
Calhoun,Marengo Township Precinct 1,U.S. House,3,REP,Write-In,2
Calhoun,Marengo Township Precinct 1,U.S. Senate,,DEM,Gary Peters,128
Calhoun,Marengo Township Precinct 1,U.S. Senate,,DEM,Write-In,0
Calhoun,Marengo Township Precinct 1,U.S. Senate,,REP,John James,336
Calhoun,Marengo Township Precinct 1,U.S. Senate,,REP,Write-In,2
Calhoun,Marengo Township Precinct 1,Water Resources Commissioner,,DEM,Wayne Kukuk,124
Calhoun,Marengo Township Precinct 1,Water Resources Commissioner,,DEM,Write-In,0
Calhoun,Marengo Township Precinct 1,Water Resources Commissioner,,REP,Johnny Cash,134
Calhoun,Marengo Township Precinct 1,Water Resources Commissioner,,REP,Ron Smith,211
Calhoun,Marengo Township Precinct 1,Water Resources Commissioner,,REP,Write-In,1
Calhoun,Marshall Township Precinct 1,Ballots Cast,,,,938
Calhoun,Marshall Township Precinct 1,Clerk/Register of Deeds,,DEM,Andy Helmboldt,270
Calhoun,Marshall Township Precinct 1,Clerk/Register of Deeds,,DEM,Write-In,3
Calhoun,Marshall Township Precinct 1,Clerk/Register of Deeds,,REP,Kimberly A. Hinkley,501
Calhoun,Marshall Township Precinct 1,Clerk/Register of Deeds,,REP,Write-In,3
Calhoun,Marshall Township Precinct 1,Commissioner 6th District,,DEM,Curt Osborn,273
Calhoun,Marshall Township Precinct 1,Commissioner 6th District,,DEM,Write-In,2
Calhoun,Marshall Township Precinct 1,Commissioner 6th District,,REP,Tommy Miller,311
Calhoun,Marshall Township Precinct 1,Commissioner 6th District,,REP,Victor R. Potter,228
Calhoun,Marshall Township Precinct 1,Commissioner 6th District,,REP,Write-In,1
Calhoun,Marshall Township Precinct 1,Marshall Township Clerk,,DEM,Write-In,26
Calhoun,Marshall Township Precinct 1,Marshall Township Clerk,,REP,Susan George,492
Calhoun,Marshall Township Precinct 1,Marshall Township Clerk,,REP,Write-In,2
Calhoun,Marshall Township Precinct 1,Marshall Township Supervisor,,DEM,Write-In,27
Calhoun,Marshall Township Precinct 1,Marshall Township Supervisor,,REP,David Bosserd,496
Calhoun,Marshall Township Precinct 1,Marshall Township Supervisor,,REP,Write-In,2
Calhoun,Marshall Township Precinct 1,Marshall Township Treasurer,,DEM,Write-In,27
Calhoun,Marshall Township Precinct 1,Marshall Township Treasurer,,REP,Jeffrey Albaugh,485
Calhoun,Marshall Township Precinct 1,Marshall Township Treasurer,,REP,Write-In,2
Calhoun,Marshall Township Precinct 1,Marshall Township Trustee,,DEM,Write-In,37
Calhoun,Marshall Township Precinct 1,Marshall Township Trustee,,REP,Robert Lyng,390
Calhoun,Marshall Township Precinct 1,Marshall Township Trustee,,REP,Ron Quinn,393
Calhoun,Marshall Township Precinct 1,Marshall Township Trustee,,REP,Write-In,2
Calhoun,Marshall Township Precinct 1,Marshall Twp Precinct 1 Delegate,,DEM,Mark Stuart,251
Calhoun,Marshall Township Precinct 1,Marshall Twp Precinct 1 Delegate,,DEM,Write-In,16
Calhoun,Marshall Township Precinct 1,Marshall Twp Precinct 1 Delegate,,REP,Write-In,6
Calhoun,Marshall Township Precinct 1,Parks Millage Proposal,,,No,325
Calhoun,Marshall Township Precinct 1,Parks Millage Proposal,,,Yes,502
Calhoun,Marshall Township Precinct 1,Prosecuting Attorney,,DEM,Christopher B. Vreeland,272
Calhoun,Marshall Township Precinct 1,Prosecuting Attorney,,DEM,Write-In,2
Calhoun,Marshall Township Precinct 1,Prosecuting Attorney,,REP,David Gilbert,505
Calhoun,Marshall Township Precinct 1,Prosecuting Attorney,,REP,Write-In,2
Calhoun,Marshall Township Precinct 1,Registered Voters,,,,2604
Calhoun,Marshall Township Precinct 1,Senior Millage Renewal Proposal,,,No,126
Calhoun,Marshall Township Precinct 1,Senior Millage Renewal Proposal,,,Yes,708
Calhoun,Marshall Township Precinct 1,Sheriff,,DEM,Brad Palmer,266
Calhoun,Marshall Township Precinct 1,Sheriff,,DEM,Write-In,3
Calhoun,Marshall Township Precinct 1,Sheriff,,REP,Steve Hinkley,517
Calhoun,Marshall Township Precinct 1,Sheriff,,REP,Write-In,3
Calhoun,Marshall Township Precinct 1,State House,63,DEM,Luke Howell,127
Calhoun,Marshall Township Precinct 1,State House,63,DEM,Ron Hawkins,128
Calhoun,Marshall Township Precinct 1,State House,63,DEM,Write-In,2
Calhoun,Marshall Township Precinct 1,State House,63,REP,Matt Hall,492
Calhoun,Marshall Township Precinct 1,State House,63,REP,Write-In,6
Calhoun,Marshall Township Precinct 1,Treasurer,,DEM,Michael Evans,273
Calhoun,Marshall Township Precinct 1,Treasurer,,DEM,Write-In,3
Calhoun,Marshall Township Precinct 1,Treasurer,,REP,Brian W. Wensauer,481
Calhoun,Marshall Township Precinct 1,Treasurer,,REP,Write-In,2
Calhoun,Marshall Township Precinct 1,U.S. House,3,DEM,Hillary Scholten,287
Calhoun,Marshall Township Precinct 1,U.S. House,3,DEM,Write-In,2
Calhoun,Marshall Township Precinct 1,U.S. House,3,REP,Emily Rafi,38
Calhoun,Marshall Township Precinct 1,U.S. House,3,REP,Joe Farrington,23
Calhoun,Marshall Township Precinct 1,U.S. House,3,REP,Lynn Afendoulis,110
Calhoun,Marshall Township Precinct 1,U.S. House,3,REP,Peter Meijer,239
Calhoun,Marshall Township Precinct 1,U.S. House,3,REP,Thomas J. Norton,93
Calhoun,Marshall Township Precinct 1,U.S. House,3,REP,Write-In,2
Calhoun,Marshall Township Precinct 1,U.S. Senate,,DEM,Gary Peters,293
Calhoun,Marshall Township Precinct 1,U.S. Senate,,DEM,Write-In,2
Calhoun,Marshall Township Precinct 1,U.S. Senate,,REP,John James,488
Calhoun,Marshall Township Precinct 1,U.S. Senate,,REP,Write-In,4
Calhoun,Marshall Township Precinct 1,Water Resources Commissioner,,DEM,Wayne Kukuk,274
Calhoun,Marshall Township Precinct 1,Water Resources Commissioner,,DEM,Write-In,1
Calhoun,Marshall Township Precinct 1,Water Resources Commissioner,,REP,Johnny Cash,157
Calhoun,Marshall Township Precinct 1,Water Resources Commissioner,,REP,Ron Smith,322
Calhoun,Marshall Township Precinct 1,Water Resources Commissioner,,REP,Write-In,3
Calhoun,Newton Township Precinct 1,Athens Area Schools I. Operating Millage Renewal Proposal,,,No,0
Calhoun,Newton Township Precinct 1,Athens Area Schools I. Operating Millage Renewal Proposal,,,Yes,0
Calhoun,Newton Township Precinct 1,Athens Area Schools II. Sinking Fund Millage Renewal Proposal,,,No,0
Calhoun,Newton Township Precinct 1,Athens Area Schools II. Sinking Fund Millage Renewal Proposal,,,Yes,0
Calhoun,Newton Township Precinct 1,Ballots Cast,,,,656
Calhoun,Newton Township Precinct 1,Clerk/Register of Deeds,,DEM,Andy Helmboldt,157
Calhoun,Newton Township Precinct 1,Clerk/Register of Deeds,,DEM,Write-In,1
Calhoun,Newton Township Precinct 1,Clerk/Register of Deeds,,REP,Kimberly A. Hinkley,357
Calhoun,Newton Township Precinct 1,Clerk/Register of Deeds,,REP,Write-In,0
Calhoun,Newton Township Precinct 1,Commissioner 5th District,,DEM,Rob Lyerla,156
Calhoun,Newton Township Precinct 1,Commissioner 5th District,,DEM,Write-In,2
Calhoun,Newton Township Precinct 1,Commissioner 5th District,,REP,Derek F. King,350
Calhoun,Newton Township Precinct 1,Commissioner 5th District,,REP,Write-In,2
Calhoun,Newton Township Precinct 1,Newton Township Clerk,,DEM,Write-In,7
Calhoun,Newton Township Precinct 1,Newton Township Clerk,,REP,Mary Aldrich,357
Calhoun,Newton Township Precinct 1,Newton Township Clerk,,REP,Write-In,2
Calhoun,Newton Township Precinct 1,Newton Township Supervisor,,DEM,Write-In,8
Calhoun,Newton Township Precinct 1,Newton Township Supervisor,,REP,Troy Radcliff,344
Calhoun,Newton Township Precinct 1,Newton Township Supervisor,,REP,Write-In,5
Calhoun,Newton Township Precinct 1,Newton Township Treasurer,,DEM,Mary A. Irving,152
Calhoun,Newton Township Precinct 1,Newton Township Treasurer,,DEM,Write-In,0
Calhoun,Newton Township Precinct 1,Newton Township Treasurer,,REP,Write-In,30
Calhoun,Newton Township Precinct 1,Newton Township Trustee,,DEM,Write-In,5
Calhoun,Newton Township Precinct 1,Newton Township Trustee,,REP,Keith Eyre,276
Calhoun,Newton Township Precinct 1,Newton Township Trustee,,REP,Richard Westphal,257
Calhoun,Newton Township Precinct 1,Newton Township Trustee,,REP,Write-In,5
Calhoun,Newton Township Precinct 1,Newton Twp Precinct 1 Delegate,,DEM,Write-In,1
Calhoun,Newton Township Precinct 1,Newton Twp Precinct 1 Delegate,,REP,Allen Pool,306
Calhoun,Newton Township Precinct 1,Newton Twp Precinct 1 Delegate,,REP,Write-In,1
Calhoun,Newton Township Precinct 1,Parks Millage Proposal,,,No,211
Calhoun,Newton Township Precinct 1,Parks Millage Proposal,,,Yes,303
Calhoun,Newton Township Precinct 1,Prosecuting Attorney,,DEM,Christopher B. Vreeland,159
Calhoun,Newton Township Precinct 1,Prosecuting Attorney,,DEM,Write-In,1
Calhoun,Newton Township Precinct 1,Prosecuting Attorney,,REP,David Gilbert,359
Calhoun,Newton Township Precinct 1,Prosecuting Attorney,,REP,Write-In,1
Calhoun,Newton Township Precinct 1,Registered Voters,,,,2252
Calhoun,Newton Township Precinct 1,Senior Millage Renewal Proposal,,,No,108
Calhoun,Newton Township Precinct 1,Senior Millage Renewal Proposal,,,Yes,410
Calhoun,Newton Township Precinct 1,Sheriff,,DEM,Brad Palmer,162
Calhoun,Newton Township Precinct 1,Sheriff,,DEM,Write-In,0
Calhoun,Newton Township Precinct 1,Sheriff,,REP,Steve Hinkley,365
Calhoun,Newton Township Precinct 1,Sheriff,,REP,Write-In,0
Calhoun,Newton Township Precinct 1,State House,63,DEM,Luke Howell,54
Calhoun,Newton Township Precinct 1,State House,63,DEM,Ron Hawkins,91
Calhoun,Newton Township Precinct 1,State House,63,DEM,Write-In,1
Calhoun,Newton Township Precinct 1,State House,63,REP,Matt Hall,362
Calhoun,Newton Township Precinct 1,State House,63,REP,Write-In,1
Calhoun,Newton Township Precinct 1,Treasurer,,DEM,Michael Evans,157
Calhoun,Newton Township Precinct 1,Treasurer,,DEM,Write-In,1
Calhoun,Newton Township Precinct 1,Treasurer,,REP,Brian W. Wensauer,349
Calhoun,Newton Township Precinct 1,Treasurer,,REP,Write-In,0
Calhoun,Newton Township Precinct 1,U.S. House,3,DEM,Hillary Scholten,159
Calhoun,Newton Township Precinct 1,U.S. House,3,DEM,Write-In,1
Calhoun,Newton Township Precinct 1,U.S. House,3,REP,Emily Rafi,13
Calhoun,Newton Township Precinct 1,U.S. House,3,REP,Joe Farrington,17
Calhoun,Newton Township Precinct 1,U.S. House,3,REP,Lynn Afendoulis,70
Calhoun,Newton Township Precinct 1,U.S. House,3,REP,Peter Meijer,195
Calhoun,Newton Township Precinct 1,U.S. House,3,REP,Thomas J. Norton,87
Calhoun,Newton Township Precinct 1,U.S. House,3,REP,Write-In,0
Calhoun,Newton Township Precinct 1,U.S. Senate,,DEM,Gary Peters,168
Calhoun,Newton Township Precinct 1,U.S. Senate,,DEM,Write-In,1
Calhoun,Newton Township Precinct 1,U.S. Senate,,REP,John James,369
Calhoun,Newton Township Precinct 1,U.S. Senate,,REP,Write-In,2
Calhoun,Newton Township Precinct 1,Water Resources Commissioner,,DEM,Wayne Kukuk,157
Calhoun,Newton Township Precinct 1,Water Resources Commissioner,,DEM,Write-In,1
Calhoun,Newton Township Precinct 1,Water Resources Commissioner,,REP,Johnny Cash,166
Calhoun,Newton Township Precinct 1,Water Resources Commissioner,,REP,Ron Smith,183
Calhoun,Newton Township Precinct 1,Water Resources Commissioner,,REP,Write-In,1
Calhoun,Pennfield Charter Township Precinct 1,Ballots Cast,,,,735
Calhoun,Pennfield Charter Township Precinct 1,Clerk/Register of Deeds,,DEM,Andy Helmboldt,187
Calhoun,Pennfield Charter Township Precinct 1,Clerk/Register of Deeds,,DEM,Write-In,0
Calhoun,Pennfield Charter Township Precinct 1,Clerk/Register of Deeds,,REP,Kimberly A. Hinkley,402
Calhoun,Pennfield Charter Township Precinct 1,Clerk/Register of Deeds,,REP,Write-In,5
Calhoun,Pennfield Charter Township Precinct 1,Commissioner 4th District,,DEM,Ron Holder,185
Calhoun,Pennfield Charter Township Precinct 1,Commissioner 4th District,,DEM,Write-In,0
Calhoun,Pennfield Charter Township Precinct 1,Commissioner 4th District,,REP,Steve Frisbie,413
Calhoun,Pennfield Charter Township Precinct 1,Commissioner 4th District,,REP,Write-In,3
Calhoun,Pennfield Charter Township Precinct 1,Parks Millage Proposal,,,No,264
Calhoun,Pennfield Charter Township Precinct 1,Parks Millage Proposal,,,Yes,372
Calhoun,Pennfield Charter Township Precinct 1,Pennfield Charter Township Clerk,,DEM,Write-In,20
Calhoun,Pennfield Charter Township Precinct 1,Pennfield Charter Township Clerk,,REP,Kathy Case,409
Calhoun,Pennfield Charter Township Precinct 1,Pennfield Charter Township Clerk,,REP,Write-In,3
Calhoun,Pennfield Charter Township Precinct 1,Pennfield Charter Township Supervisor,,DEM,Robert P. Behnke Jr.,172
Calhoun,Pennfield Charter Township Precinct 1,Pennfield Charter Township Supervisor,,DEM,Write-In,1
Calhoun,Pennfield Charter Township Precinct 1,Pennfield Charter Township Supervisor,,REP,Gordon H. Rosberg Jr.,76
Calhoun,Pennfield Charter Township Precinct 1,Pennfield Charter Township Supervisor,,REP,Judy Robinson,127
Calhoun,Pennfield Charter Township Precinct 1,Pennfield Charter Township Supervisor,,REP,Kevin Leiter,222
Calhoun,Pennfield Charter Township Precinct 1,Pennfield Charter Township Supervisor,,REP,Write-In,3
Calhoun,Pennfield Charter Township Precinct 1,Pennfield Charter Township Treasurer,,DEM,Write-In,20
Calhoun,Pennfield Charter Township Precinct 1,Pennfield Charter Township Treasurer,,REP,Deborah L. Jackson,397
Calhoun,Pennfield Charter Township Precinct 1,Pennfield Charter Township Treasurer,,REP,Write-In,1
Calhoun,Pennfield Charter Township Precinct 1,Pennfield Charter Township Trustee,,DEM,Chuck Adams,175
Calhoun,Pennfield Charter Township Precinct 1,Pennfield Charter Township Trustee,,DEM,Write-In,5
Calhoun,Pennfield Charter Township Precinct 1,Pennfield Charter Township Trustee,,REP,David Vandlen,178
Calhoun,Pennfield Charter Township Precinct 1,Pennfield Charter Township Trustee,,REP,Larry J. Skelding,206
Calhoun,Pennfield Charter Township Precinct 1,Pennfield Charter Township Trustee,,REP,Paul D. Anderson,216
Calhoun,Pennfield Charter Township Precinct 1,Pennfield Charter Township Trustee,,REP,Perry Beard,183
Calhoun,Pennfield Charter Township Precinct 1,Pennfield Charter Township Trustee,,REP,Sheila Paulus,163
Calhoun,Pennfield Charter Township Precinct 1,Pennfield Charter Township Trustee,,REP,Tom Matson,140
Calhoun,Pennfield Charter Township Precinct 1,Pennfield Charter Township Trustee,,REP,Tony Goodman,210
Calhoun,Pennfield Charter Township Precinct 1,Pennfield Charter Township Trustee,,REP,Write-In,2
Calhoun,Pennfield Charter Township Precinct 1,Pennfield Twp Precinct 1 Delegate,,DEM,Write-In,22
Calhoun,Pennfield Charter Township Precinct 1,Pennfield Twp Precinct 1 Delegate,,REP,Cathy Skelding,311
Calhoun,Pennfield Charter Township Precinct 1,Pennfield Twp Precinct 1 Delegate,,REP,Larry J. Skelding,307
Calhoun,Pennfield Charter Township Precinct 1,Pennfield Twp Precinct 1 Delegate,,REP,Write-In,4
Calhoun,Pennfield Charter Township Precinct 1,Prosecuting Attorney,,DEM,Christopher B. Vreeland,188
Calhoun,Pennfield Charter Township Precinct 1,Prosecuting Attorney,,DEM,Write-In,0
Calhoun,Pennfield Charter Township Precinct 1,Prosecuting Attorney,,REP,David Gilbert,414
Calhoun,Pennfield Charter Township Precinct 1,Prosecuting Attorney,,REP,Write-In,5
Calhoun,Pennfield Charter Township Precinct 1,Registered Voters,,,,2544
Calhoun,Pennfield Charter Township Precinct 1,Senior Millage Renewal Proposal,,,No,144
Calhoun,Pennfield Charter Township Precinct 1,Senior Millage Renewal Proposal,,,Yes,491
Calhoun,Pennfield Charter Township Precinct 1,Sheriff,,DEM,Brad Palmer,187
Calhoun,Pennfield Charter Township Precinct 1,Sheriff,,DEM,Write-In,0
Calhoun,Pennfield Charter Township Precinct 1,Sheriff,,REP,Steve Hinkley,422
Calhoun,Pennfield Charter Township Precinct 1,Sheriff,,REP,Write-In,3
Calhoun,Pennfield Charter Township Precinct 1,State House,62,DEM,Jim Haadsma,191
Calhoun,Pennfield Charter Township Precinct 1,State House,62,DEM,Write-In,2
Calhoun,Pennfield Charter Township Precinct 1,State House,62,REP,Chad Baase,37
Calhoun,Pennfield Charter Township Precinct 1,State House,62,REP,Dave Morgan,334
Calhoun,Pennfield Charter Township Precinct 1,State House,62,REP,Michelle Gregoire,73
Calhoun,Pennfield Charter Township Precinct 1,State House,62,REP,Write-In,3
Calhoun,Pennfield Charter Township Precinct 1,Treasurer,,DEM,Michael Evans,188
Calhoun,Pennfield Charter Township Precinct 1,Treasurer,,DEM,Write-In,0
Calhoun,Pennfield Charter Township Precinct 1,Treasurer,,REP,Brian W. Wensauer,398
Calhoun,Pennfield Charter Township Precinct 1,Treasurer,,REP,Write-In,4
Calhoun,Pennfield Charter Township Precinct 1,U.S. House,3,DEM,Hillary Scholten,194
Calhoun,Pennfield Charter Township Precinct 1,U.S. House,3,DEM,Write-In,0
Calhoun,Pennfield Charter Township Precinct 1,U.S. House,3,REP,Emily Rafi,47
Calhoun,Pennfield Charter Township Precinct 1,U.S. House,3,REP,Joe Farrington,14
Calhoun,Pennfield Charter Township Precinct 1,U.S. House,3,REP,Lynn Afendoulis,86
Calhoun,Pennfield Charter Township Precinct 1,U.S. House,3,REP,Peter Meijer,189
Calhoun,Pennfield Charter Township Precinct 1,U.S. House,3,REP,Thomas J. Norton,115
Calhoun,Pennfield Charter Township Precinct 1,U.S. House,3,REP,Write-In,0
Calhoun,Pennfield Charter Township Precinct 1,U.S. Senate,,DEM,Gary Peters,194
Calhoun,Pennfield Charter Township Precinct 1,U.S. Senate,,DEM,Write-In,1
Calhoun,Pennfield Charter Township Precinct 1,U.S. Senate,,REP,John James,429
Calhoun,Pennfield Charter Township Precinct 1,U.S. Senate,,REP,Write-In,3
Calhoun,Pennfield Charter Township Precinct 1,Water Resources Commissioner,,DEM,Wayne Kukuk,186
Calhoun,Pennfield Charter Township Precinct 1,Water Resources Commissioner,,DEM,Write-In,0
Calhoun,Pennfield Charter Township Precinct 1,Water Resources Commissioner,,REP,Johnny Cash,200
Calhoun,Pennfield Charter Township Precinct 1,Water Resources Commissioner,,REP,Ron Smith,207
Calhoun,Pennfield Charter Township Precinct 1,Water Resources Commissioner,,REP,Write-In,1
Calhoun,Pennfield Charter Township Precinct 2,Ballots Cast,,,,455
Calhoun,Pennfield Charter Township Precinct 2,Clerk/Register of Deeds,,DEM,Andy Helmboldt,168
Calhoun,Pennfield Charter Township Precinct 2,Clerk/Register of Deeds,,DEM,Write-In,0
Calhoun,Pennfield Charter Township Precinct 2,Clerk/Register of Deeds,,REP,Kimberly A. Hinkley,202
Calhoun,Pennfield Charter Township Precinct 2,Clerk/Register of Deeds,,REP,Write-In,1
Calhoun,Pennfield Charter Township Precinct 2,Commissioner 4th District,,DEM,Ron Holder,165
Calhoun,Pennfield Charter Township Precinct 2,Commissioner 4th District,,DEM,Write-In,0
Calhoun,Pennfield Charter Township Precinct 2,Commissioner 4th District,,REP,Steve Frisbie,205
Calhoun,Pennfield Charter Township Precinct 2,Commissioner 4th District,,REP,Write-In,1
Calhoun,Pennfield Charter Township Precinct 2,Parks Millage Proposal,,,No,114
Calhoun,Pennfield Charter Township Precinct 2,Parks Millage Proposal,,,Yes,267
Calhoun,Pennfield Charter Township Precinct 2,Pennfield Charter Township Clerk,,DEM,Write-In,16
Calhoun,Pennfield Charter Township Precinct 2,Pennfield Charter Township Clerk,,REP,Kathy Case,206
Calhoun,Pennfield Charter Township Precinct 2,Pennfield Charter Township Clerk,,REP,Write-In,1
Calhoun,Pennfield Charter Township Precinct 2,Pennfield Charter Township Supervisor,,DEM,Robert P. Behnke Jr.,156
Calhoun,Pennfield Charter Township Precinct 2,Pennfield Charter Township Supervisor,,DEM,Write-In,1
Calhoun,Pennfield Charter Township Precinct 2,Pennfield Charter Township Supervisor,,REP,Gordon H. Rosberg Jr.,46
Calhoun,Pennfield Charter Township Precinct 2,Pennfield Charter Township Supervisor,,REP,Judy Robinson,84
Calhoun,Pennfield Charter Township Precinct 2,Pennfield Charter Township Supervisor,,REP,Kevin Leiter,81
Calhoun,Pennfield Charter Township Precinct 2,Pennfield Charter Township Supervisor,,REP,Write-In,2
Calhoun,Pennfield Charter Township Precinct 2,Pennfield Charter Township Treasurer,,DEM,Write-In,14
Calhoun,Pennfield Charter Township Precinct 2,Pennfield Charter Township Treasurer,,REP,Deborah L. Jackson,197
Calhoun,Pennfield Charter Township Precinct 2,Pennfield Charter Township Treasurer,,REP,Write-In,1
Calhoun,Pennfield Charter Township Precinct 2,Pennfield Charter Township Trustee,,DEM,Chuck Adams,153
Calhoun,Pennfield Charter Township Precinct 2,Pennfield Charter Township Trustee,,DEM,Write-In,0
Calhoun,Pennfield Charter Township Precinct 2,Pennfield Charter Township Trustee,,REP,David Vandlen,67
Calhoun,Pennfield Charter Township Precinct 2,Pennfield Charter Township Trustee,,REP,Larry J. Skelding,84
Calhoun,Pennfield Charter Township Precinct 2,Pennfield Charter Township Trustee,,REP,Paul D. Anderson,102
Calhoun,Pennfield Charter Township Precinct 2,Pennfield Charter Township Trustee,,REP,Perry Beard,101
Calhoun,Pennfield Charter Township Precinct 2,Pennfield Charter Township Trustee,,REP,Sheila Paulus,104
Calhoun,Pennfield Charter Township Precinct 2,Pennfield Charter Township Trustee,,REP,Tom Matson,91
Calhoun,Pennfield Charter Township Precinct 2,Pennfield Charter Township Trustee,,REP,Tony Goodman,113
Calhoun,Pennfield Charter Township Precinct 2,Pennfield Charter Township Trustee,,REP,Write-In,4
Calhoun,Pennfield Charter Township Precinct 2,Pennfield Twp Precinct 2 Delegate,,DEM,Write-In,16
Calhoun,Pennfield Charter Township Precinct 2,Pennfield Twp Precinct 2 Delegate,,REP,Dave Morgan,190
Calhoun,Pennfield Charter Township Precinct 2,Pennfield Twp Precinct 2 Delegate,,REP,Write-In,4
Calhoun,Pennfield Charter Township Precinct 2,Prosecuting Attorney,,DEM,Christopher B. Vreeland,167
Calhoun,Pennfield Charter Township Precinct 2,Prosecuting Attorney,,DEM,Write-In,0
Calhoun,Pennfield Charter Township Precinct 2,Prosecuting Attorney,,REP,David Gilbert,209
Calhoun,Pennfield Charter Township Precinct 2,Prosecuting Attorney,,REP,Write-In,1
Calhoun,Pennfield Charter Township Precinct 2,Registered Voters,,,,2199
Calhoun,Pennfield Charter Township Precinct 2,Senior Millage Renewal Proposal,,,No,69
Calhoun,Pennfield Charter Township Precinct 2,Senior Millage Renewal Proposal,,,Yes,309
Calhoun,Pennfield Charter Township Precinct 2,Sheriff,,DEM,Brad Palmer,167
Calhoun,Pennfield Charter Township Precinct 2,Sheriff,,DEM,Write-In,1
Calhoun,Pennfield Charter Township Precinct 2,Sheriff,,REP,Steve Hinkley,210
Calhoun,Pennfield Charter Township Precinct 2,Sheriff,,REP,Write-In,1
Calhoun,Pennfield Charter Township Precinct 2,State House,62,DEM,Jim Haadsma,176
Calhoun,Pennfield Charter Township Precinct 2,State House,62,DEM,Write-In,0
Calhoun,Pennfield Charter Township Precinct 2,State House,62,REP,Chad Baase,17
Calhoun,Pennfield Charter Township Precinct 2,State House,62,REP,Dave Morgan,155
Calhoun,Pennfield Charter Township Precinct 2,State House,62,REP,Michelle Gregoire,48
Calhoun,Pennfield Charter Township Precinct 2,State House,62,REP,Write-In,0
Calhoun,Pennfield Charter Township Precinct 2,Treasurer,,DEM,Michael Evans,164
Calhoun,Pennfield Charter Township Precinct 2,Treasurer,,DEM,Write-In,1
Calhoun,Pennfield Charter Township Precinct 2,Treasurer,,REP,Brian W. Wensauer,200
Calhoun,Pennfield Charter Township Precinct 2,Treasurer,,REP,Write-In,1
Calhoun,Pennfield Charter Township Precinct 2,U.S. House,3,DEM,Hillary Scholten,170
Calhoun,Pennfield Charter Township Precinct 2,U.S. House,3,DEM,Write-In,0
Calhoun,Pennfield Charter Township Precinct 2,U.S. House,3,REP,Emily Rafi,32
Calhoun,Pennfield Charter Township Precinct 2,U.S. House,3,REP,Joe Farrington,16
Calhoun,Pennfield Charter Township Precinct 2,U.S. House,3,REP,Lynn Afendoulis,46
Calhoun,Pennfield Charter Township Precinct 2,U.S. House,3,REP,Peter Meijer,88
Calhoun,Pennfield Charter Township Precinct 2,U.S. House,3,REP,Thomas J. Norton,38
Calhoun,Pennfield Charter Township Precinct 2,U.S. House,3,REP,Write-In,0
Calhoun,Pennfield Charter Township Precinct 2,U.S. Senate,,DEM,Gary Peters,178
Calhoun,Pennfield Charter Township Precinct 2,U.S. Senate,,DEM,Write-In,2
Calhoun,Pennfield Charter Township Precinct 2,U.S. Senate,,REP,John James,209
Calhoun,Pennfield Charter Township Precinct 2,U.S. Senate,,REP,Write-In,2
Calhoun,Pennfield Charter Township Precinct 2,Water Resources Commissioner,,DEM,Wayne Kukuk,167
Calhoun,Pennfield Charter Township Precinct 2,Water Resources Commissioner,,DEM,Write-In,0
Calhoun,Pennfield Charter Township Precinct 2,Water Resources Commissioner,,REP,Johnny Cash,113
Calhoun,Pennfield Charter Township Precinct 2,Water Resources Commissioner,,REP,Ron Smith,97
Calhoun,Pennfield Charter Township Precinct 2,Water Resources Commissioner,,REP,Write-In,1
Calhoun,Pennfield Charter Township Precinct 3,Ballots Cast,,,,804
Calhoun,Pennfield Charter Township Precinct 3,Clerk/Register of Deeds,,DEM,Andy Helmboldt,220
Calhoun,Pennfield Charter Township Precinct 3,Clerk/Register of Deeds,,DEM,Write-In,0
Calhoun,Pennfield Charter Township Precinct 3,Clerk/Register of Deeds,,REP,Kimberly A. Hinkley,452
Calhoun,Pennfield Charter Township Precinct 3,Clerk/Register of Deeds,,REP,Write-In,0
Calhoun,Pennfield Charter Township Precinct 3,Commissioner 4th District,,DEM,Ron Holder,215
Calhoun,Pennfield Charter Township Precinct 3,Commissioner 4th District,,DEM,Write-In,0
Calhoun,Pennfield Charter Township Precinct 3,Commissioner 4th District,,REP,Steve Frisbie,445
Calhoun,Pennfield Charter Township Precinct 3,Commissioner 4th District,,REP,Write-In,0
Calhoun,Pennfield Charter Township Precinct 3,Parks Millage Proposal,,,No,288
Calhoun,Pennfield Charter Township Precinct 3,Parks Millage Proposal,,,Yes,385
Calhoun,Pennfield Charter Township Precinct 3,Pennfield Charter Township Clerk,,DEM,Write-In,24
Calhoun,Pennfield Charter Township Precinct 3,Pennfield Charter Township Clerk,,REP,Kathy Case,429
Calhoun,Pennfield Charter Township Precinct 3,Pennfield Charter Township Clerk,,REP,Write-In,0
Calhoun,Pennfield Charter Township Precinct 3,Pennfield Charter Township Supervisor,,DEM,Robert P. Behnke Jr.,192
Calhoun,Pennfield Charter Township Precinct 3,Pennfield Charter Township Supervisor,,DEM,Write-In,2
Calhoun,Pennfield Charter Township Precinct 3,Pennfield Charter Township Supervisor,,REP,Gordon H. Rosberg Jr.,102
Calhoun,Pennfield Charter Township Precinct 3,Pennfield Charter Township Supervisor,,REP,Judy Robinson,134
Calhoun,Pennfield Charter Township Precinct 3,Pennfield Charter Township Supervisor,,REP,Kevin Leiter,195
Calhoun,Pennfield Charter Township Precinct 3,Pennfield Charter Township Supervisor,,REP,Write-In,0
Calhoun,Pennfield Charter Township Precinct 3,Pennfield Charter Township Treasurer,,DEM,Write-In,16
Calhoun,Pennfield Charter Township Precinct 3,Pennfield Charter Township Treasurer,,REP,Deborah L. Jackson,406
Calhoun,Pennfield Charter Township Precinct 3,Pennfield Charter Township Treasurer,,REP,Write-In,2
Calhoun,Pennfield Charter Township Precinct 3,Pennfield Charter Township Trustee,,DEM,Chuck Adams,192
Calhoun,Pennfield Charter Township Precinct 3,Pennfield Charter Township Trustee,,DEM,Write-In,1
Calhoun,Pennfield Charter Township Precinct 3,Pennfield Charter Township Trustee,,REP,David Vandlen,201
Calhoun,Pennfield Charter Township Precinct 3,Pennfield Charter Township Trustee,,REP,Larry J. Skelding,190
Calhoun,Pennfield Charter Township Precinct 3,Pennfield Charter Township Trustee,,REP,Paul D. Anderson,151
Calhoun,Pennfield Charter Township Precinct 3,Pennfield Charter Township Trustee,,REP,Perry Beard,190
Calhoun,Pennfield Charter Township Precinct 3,Pennfield Charter Township Trustee,,REP,Sheila Paulus,182
Calhoun,Pennfield Charter Township Precinct 3,Pennfield Charter Township Trustee,,REP,Tom Matson,149
Calhoun,Pennfield Charter Township Precinct 3,Pennfield Charter Township Trustee,,REP,Tony Goodman,232
Calhoun,Pennfield Charter Township Precinct 3,Pennfield Charter Township Trustee,,REP,Write-In,1
Calhoun,Pennfield Charter Township Precinct 3,Pennfield Twp Precinct 3 Delegate,,DEM,Michael J. Rae,192
Calhoun,Pennfield Charter Township Precinct 3,Pennfield Twp Precinct 3 Delegate,,DEM,Write-In,1
Calhoun,Pennfield Charter Township Precinct 3,Pennfield Twp Precinct 3 Delegate,,REP,David Vandlen,273
Calhoun,Pennfield Charter Township Precinct 3,Pennfield Twp Precinct 3 Delegate,,REP,Gordon Harry Rosberg Jr.,238
Calhoun,Pennfield Charter Township Precinct 3,Pennfield Twp Precinct 3 Delegate,,REP,Janice Vandlen,267
Calhoun,Pennfield Charter Township Precinct 3,Pennfield Twp Precinct 3 Delegate,,REP,Johnny Cash,275
Calhoun,Pennfield Charter Township Precinct 3,Pennfield Twp Precinct 3 Delegate,,REP,Leila C. Wood,232
Calhoun,Pennfield Charter Township Precinct 3,Pennfield Twp Precinct 3 Delegate,,REP,Sherry Diana Swann,240
Calhoun,Pennfield Charter Township Precinct 3,Pennfield Twp Precinct 3 Delegate,,REP,Write-In,16
Calhoun,Pennfield Charter Township Precinct 3,Prosecuting Attorney,,DEM,Christopher B. Vreeland,219
Calhoun,Pennfield Charter Township Precinct 3,Prosecuting Attorney,,DEM,Write-In,0
Calhoun,Pennfield Charter Township Precinct 3,Prosecuting Attorney,,REP,David Gilbert,451
Calhoun,Pennfield Charter Township Precinct 3,Prosecuting Attorney,,REP,Write-In,0
Calhoun,Pennfield Charter Township Precinct 3,Registered Voters,,,,2207
Calhoun,Pennfield Charter Township Precinct 3,Senior Millage Renewal Proposal,,,No,128
Calhoun,Pennfield Charter Township Precinct 3,Senior Millage Renewal Proposal,,,Yes,548
Calhoun,Pennfield Charter Township Precinct 3,Sheriff,,DEM,Brad Palmer,219
Calhoun,Pennfield Charter Township Precinct 3,Sheriff,,DEM,Write-In,2
Calhoun,Pennfield Charter Township Precinct 3,Sheriff,,REP,Steve Hinkley,457
Calhoun,Pennfield Charter Township Precinct 3,Sheriff,,REP,Write-In,1
Calhoun,Pennfield Charter Township Precinct 3,State House,62,DEM,Jim Haadsma,227
Calhoun,Pennfield Charter Township Precinct 3,State House,62,DEM,Write-In,0
Calhoun,Pennfield Charter Township Precinct 3,State House,62,REP,Chad Baase,33
Calhoun,Pennfield Charter Township Precinct 3,State House,62,REP,Dave Morgan,373
Calhoun,Pennfield Charter Township Precinct 3,State House,62,REP,Michelle Gregoire,64
Calhoun,Pennfield Charter Township Precinct 3,State House,62,REP,Write-In,1
Calhoun,Pennfield Charter Township Precinct 3,Treasurer,,DEM,Michael Evans,215
Calhoun,Pennfield Charter Township Precinct 3,Treasurer,,DEM,Write-In,0
Calhoun,Pennfield Charter Township Precinct 3,Treasurer,,REP,Brian W. Wensauer,442
Calhoun,Pennfield Charter Township Precinct 3,Treasurer,,REP,Write-In,0
Calhoun,Pennfield Charter Township Precinct 3,U.S. House,3,DEM,Hillary Scholten,225
Calhoun,Pennfield Charter Township Precinct 3,U.S. House,3,DEM,Write-In,0
Calhoun,Pennfield Charter Township Precinct 3,U.S. House,3,REP,Emily Rafi,53
Calhoun,Pennfield Charter Township Precinct 3,U.S. House,3,REP,Joe Farrington,23
Calhoun,Pennfield Charter Township Precinct 3,U.S. House,3,REP,Lynn Afendoulis,99
Calhoun,Pennfield Charter Township Precinct 3,U.S. House,3,REP,Peter Meijer,189
Calhoun,Pennfield Charter Township Precinct 3,U.S. House,3,REP,Thomas J. Norton,99
Calhoun,Pennfield Charter Township Precinct 3,U.S. House,3,REP,Write-In,1
Calhoun,Pennfield Charter Township Precinct 3,U.S. Senate,,DEM,Gary Peters,229
Calhoun,Pennfield Charter Township Precinct 3,U.S. Senate,,DEM,Write-In,0
Calhoun,Pennfield Charter Township Precinct 3,U.S. Senate,,REP,John James,466
Calhoun,Pennfield Charter Township Precinct 3,U.S. Senate,,REP,Write-In,2
Calhoun,Pennfield Charter Township Precinct 3,Water Resources Commissioner,,DEM,Wayne Kukuk,216
Calhoun,Pennfield Charter Township Precinct 3,Water Resources Commissioner,,DEM,Write-In,1
Calhoun,Pennfield Charter Township Precinct 3,Water Resources Commissioner,,REP,Johnny Cash,177
Calhoun,Pennfield Charter Township Precinct 3,Water Resources Commissioner,,REP,Ron Smith,254
Calhoun,Pennfield Charter Township Precinct 3,Water Resources Commissioner,,REP,Write-In,1
Calhoun,Sheridan Township Precinct 1,Ballots Cast,,,,336
Calhoun,Sheridan Township Precinct 1,Clerk/Register of Deeds,,DEM,Andy Helmboldt,81
Calhoun,Sheridan Township Precinct 1,Clerk/Register of Deeds,,DEM,Write-In,0
Calhoun,Sheridan Township Precinct 1,Clerk/Register of Deeds,,REP,Kimberly A. Hinkley,189
Calhoun,Sheridan Township Precinct 1,Clerk/Register of Deeds,,REP,Write-In,0
Calhoun,Sheridan Township Precinct 1,Commissioner 7th District,,DEM,Marcy Sacks,80
Calhoun,Sheridan Township Precinct 1,Commissioner 7th District,,DEM,Write-In,0
Calhoun,Sheridan Township Precinct 1,Commissioner 7th District,,REP,Gary Tompkins,189
Calhoun,Sheridan Township Precinct 1,Commissioner 7th District,,REP,Write-In,0
Calhoun,Sheridan Township Precinct 1,Parks Millage Proposal,,,No,176
Calhoun,Sheridan Township Precinct 1,Parks Millage Proposal,,,Yes,116
Calhoun,Sheridan Township Precinct 1,Prosecuting Attorney,,DEM,Christopher B. Vreeland,80
Calhoun,Sheridan Township Precinct 1,Prosecuting Attorney,,DEM,Write-In,0
Calhoun,Sheridan Township Precinct 1,Prosecuting Attorney,,REP,David Gilbert,189
Calhoun,Sheridan Township Precinct 1,Prosecuting Attorney,,REP,Write-In,1
Calhoun,Sheridan Township Precinct 1,Registered Voters,,,,1371
Calhoun,Sheridan Township Precinct 1,Senior Millage Renewal Proposal,,,No,72
Calhoun,Sheridan Township Precinct 1,Senior Millage Renewal Proposal,,,Yes,220
Calhoun,Sheridan Township Precinct 1,Sheridan Township Clerk,,DEM,Write-In,5
Calhoun,Sheridan Township Precinct 1,Sheridan Township Clerk,,REP,Stephanie Craig,161
Calhoun,Sheridan Township Precinct 1,Sheridan Township Clerk,,REP,Write-In,2
Calhoun,Sheridan Township Precinct 1,Sheridan Township Supervisor,,DEM,Write-In,6
Calhoun,Sheridan Township Precinct 1,Sheridan Township Supervisor,,REP,Richard Porter,165
Calhoun,Sheridan Township Precinct 1,Sheridan Township Supervisor,,REP,Write-In,2
Calhoun,Sheridan Township Precinct 1,Sheridan Township Treasurer,,DEM,Write-In,5
Calhoun,Sheridan Township Precinct 1,Sheridan Township Treasurer,,REP,Hayley England,155
Calhoun,Sheridan Township Precinct 1,Sheridan Township Treasurer,,REP,Write-In,2
Calhoun,Sheridan Township Precinct 1,Sheridan Township Trustee,,DEM,James Youngdahl,67
Calhoun,Sheridan Township Precinct 1,Sheridan Township Trustee,,DEM,Write-In,2
Calhoun,Sheridan Township Precinct 1,Sheridan Township Trustee,,REP,Randy Fisher,132
Calhoun,Sheridan Township Precinct 1,Sheridan Township Trustee,,REP,Scott Frederick,132
Calhoun,Sheridan Township Precinct 1,Sheridan Township Trustee,,REP,Write-In,0
Calhoun,Sheridan Township Precinct 1,Sheridan Twp Precinct 1 Delegate,,DEM,Write-In,9
Calhoun,Sheridan Township Precinct 1,Sheridan Twp Precinct 1 Delegate,,REP,Betty Jane Clark (write-in),1
Calhoun,Sheridan Township Precinct 1,Sheridan Twp Precinct 1 Delegate,,REP,Diana Kidder,157
Calhoun,Sheridan Township Precinct 1,Sheridan Twp Precinct 1 Delegate,,REP,Write-In,3
Calhoun,Sheridan Township Precinct 1,Sheriff,,DEM,Brad Palmer,82
Calhoun,Sheridan Township Precinct 1,Sheriff,,DEM,Write-In,0
Calhoun,Sheridan Township Precinct 1,Sheriff,,REP,Steve Hinkley,191
Calhoun,Sheridan Township Precinct 1,Sheriff,,REP,Write-In,0
Calhoun,Sheridan Township Precinct 1,Springport Public Schools Bonding Proposal,,,No,6
Calhoun,Sheridan Township Precinct 1,Springport Public Schools Bonding Proposal,,,Yes,14
Calhoun,Sheridan Township Precinct 1,State House,62,DEM,Jim Haadsma,84
Calhoun,Sheridan Township Precinct 1,State House,62,DEM,Write-In,0
Calhoun,Sheridan Township Precinct 1,State House,62,REP,Chad Baase,41
Calhoun,Sheridan Township Precinct 1,State House,62,REP,Dave Morgan,103
Calhoun,Sheridan Township Precinct 1,State House,62,REP,Michelle Gregoire,50
Calhoun,Sheridan Township Precinct 1,State House,62,REP,Write-In,0
Calhoun,Sheridan Township Precinct 1,Treasurer,,DEM,Michael Evans,80
Calhoun,Sheridan Township Precinct 1,Treasurer,,DEM,Write-In,0
Calhoun,Sheridan Township Precinct 1,Treasurer,,REP,Brian W. Wensauer,187
Calhoun,Sheridan Township Precinct 1,Treasurer,,REP,Write-In,1
Calhoun,Sheridan Township Precinct 1,U.S. House,3,DEM,Hillary Scholten,80
Calhoun,Sheridan Township Precinct 1,U.S. House,3,DEM,Write-In,0
Calhoun,Sheridan Township Precinct 1,U.S. House,3,REP,Emily Rafi,11
Calhoun,Sheridan Township Precinct 1,U.S. House,3,REP,Joe Farrington,18
Calhoun,Sheridan Township Precinct 1,U.S. House,3,REP,Lynn Afendoulis,41
Calhoun,Sheridan Township Precinct 1,U.S. House,3,REP,Peter Meijer,106
Calhoun,Sheridan Township Precinct 1,U.S. House,3,REP,Thomas J. Norton,25
Calhoun,Sheridan Township Precinct 1,U.S. House,3,REP,Write-In,0
Calhoun,Sheridan Township Precinct 1,U.S. Senate,,DEM,Gary Peters,87
Calhoun,Sheridan Township Precinct 1,U.S. Senate,,DEM,Write-In,0
Calhoun,Sheridan Township Precinct 1,U.S. Senate,,REP,John James,188
Calhoun,Sheridan Township Precinct 1,U.S. Senate,,REP,Write-In,1
Calhoun,Sheridan Township Precinct 1,Water Resources Commissioner,,DEM,Wayne Kukuk,80
Calhoun,Sheridan Township Precinct 1,Water Resources Commissioner,,DEM,Write-In,0
Calhoun,Sheridan Township Precinct 1,Water Resources Commissioner,,REP,Johnny Cash,92
Calhoun,Sheridan Township Precinct 1,Water Resources Commissioner,,REP,Ron Smith,90
Calhoun,Sheridan Township Precinct 1,Water Resources Commissioner,,REP,Write-In,0
Calhoun,Tekonsha Township Precinct 1,Ballots Cast,,,,398
Calhoun,Tekonsha Township Precinct 1,Clerk/Register of Deeds,,DEM,Andy Helmboldt,75
Calhoun,Tekonsha Township Precinct 1,Clerk/Register of Deeds,,DEM,Write-In,1
Calhoun,Tekonsha Township Precinct 1,Clerk/Register of Deeds,,REP,Kimberly A. Hinkley,247
Calhoun,Tekonsha Township Precinct 1,Clerk/Register of Deeds,,REP,Write-In,0
Calhoun,Tekonsha Township Precinct 1,Commissioner 6th District,,DEM,Curt Osborn,78
Calhoun,Tekonsha Township Precinct 1,Commissioner 6th District,,DEM,Write-In,1
Calhoun,Tekonsha Township Precinct 1,Commissioner 6th District,,REP,Tommy Miller,152
Calhoun,Tekonsha Township Precinct 1,Commissioner 6th District,,REP,Victor R. Potter,91
Calhoun,Tekonsha Township Precinct 1,Commissioner 6th District,,REP,Write-In,0
Calhoun,Tekonsha Township Precinct 1,Parks Millage Proposal,,,No,224
Calhoun,Tekonsha Township Precinct 1,Parks Millage Proposal,,,Yes,126
Calhoun,Tekonsha Township Precinct 1,Prosecuting Attorney,,DEM,Christopher B. Vreeland,73
Calhoun,Tekonsha Township Precinct 1,Prosecuting Attorney,,DEM,Write-In,2
Calhoun,Tekonsha Township Precinct 1,Prosecuting Attorney,,REP,David Gilbert,233
Calhoun,Tekonsha Township Precinct 1,Prosecuting Attorney,,REP,Write-In,0
Calhoun,Tekonsha Township Precinct 1,Registered Voters,,,,1254
Calhoun,Tekonsha Township Precinct 1,Senior Millage Renewal Proposal,,,No,98
Calhoun,Tekonsha Township Precinct 1,Senior Millage Renewal Proposal,,,Yes,254
Calhoun,Tekonsha Township Precinct 1,Sheriff,,DEM,Brad Palmer,75
Calhoun,Tekonsha Township Precinct 1,Sheriff,,DEM,Write-In,1
Calhoun,Tekonsha Township Precinct 1,Sheriff,,REP,Steve Hinkley,252
Calhoun,Tekonsha Township Precinct 1,Sheriff,,REP,Write-In,0
Calhoun,Tekonsha Township Precinct 1,State House,63,DEM,Luke Howell,46
Calhoun,Tekonsha Township Precinct 1,State House,63,DEM,Ron Hawkins,34
Calhoun,Tekonsha Township Precinct 1,State House,63,DEM,Write-In,0
Calhoun,Tekonsha Township Precinct 1,State House,63,REP,Matt Hall,236
Calhoun,Tekonsha Township Precinct 1,State House,63,REP,Write-In,0
Calhoun,Tekonsha Township Precinct 1,Tekonsha Township Clerk,,DEM,Write-In,9
Calhoun,Tekonsha Township Precinct 1,Tekonsha Township Clerk,,REP,Craig Clark,162
Calhoun,Tekonsha Township Precinct 1,Tekonsha Township Clerk,,REP,Vicki Dadswell,82
Calhoun,Tekonsha Township Precinct 1,Tekonsha Township Clerk,,REP,Write-In,0
Calhoun,Tekonsha Township Precinct 1,Tekonsha Township Supervisor,,DEM,Write-In,10
Calhoun,Tekonsha Township Precinct 1,Tekonsha Township Supervisor,,REP,Robert Overley,230
Calhoun,Tekonsha Township Precinct 1,Tekonsha Township Supervisor,,REP,Write-In,0
Calhoun,Tekonsha Township Precinct 1,Tekonsha Township Treasurer,,DEM,Write-In,10
Calhoun,Tekonsha Township Precinct 1,Tekonsha Township Treasurer,,REP,Roberta Stemaly,224
Calhoun,Tekonsha Township Precinct 1,Tekonsha Township Treasurer,,REP,Write-In,0
Calhoun,Tekonsha Township Precinct 1,Tekonsha Township Trustee,,DEM,Write-In,8
Calhoun,Tekonsha Township Precinct 1,Tekonsha Township Trustee,,REP,George R. Moore,159
Calhoun,Tekonsha Township Precinct 1,Tekonsha Township Trustee,,REP,Marcia Thomas,190
Calhoun,Tekonsha Township Precinct 1,Tekonsha Township Trustee,,REP,Write-In,1
Calhoun,Tekonsha Township Precinct 1,Tekonsha Twp Precinct 1 Delegate,,DEM,Write-In,7
Calhoun,Tekonsha Township Precinct 1,Tekonsha Twp Precinct 1 Delegate,,REP,Eryika Leigh Mendelsohn Tucker,209
Calhoun,Tekonsha Township Precinct 1,Tekonsha Twp Precinct 1 Delegate,,REP,Write-In,0
Calhoun,Tekonsha Township Precinct 1,Tekonsha Village Road and Sidewalk Millage Proposal,,,No,75
Calhoun,Tekonsha Township Precinct 1,Tekonsha Village Road and Sidewalk Millage Proposal,,,Yes,83
Calhoun,Tekonsha Township Precinct 1,Treasurer,,DEM,Michael Evans,75
Calhoun,Tekonsha Township Precinct 1,Treasurer,,DEM,Write-In,2
Calhoun,Tekonsha Township Precinct 1,Treasurer,,REP,Brian W. Wensauer,230
Calhoun,Tekonsha Township Precinct 1,Treasurer,,REP,Write-In,0
Calhoun,Tekonsha Township Precinct 1,U.S. House,3,DEM,Hillary Scholten,78
Calhoun,Tekonsha Township Precinct 1,U.S. House,3,DEM,Write-In,0
Calhoun,Tekonsha Township Precinct 1,U.S. House,3,REP,Emily Rafi,22
Calhoun,Tekonsha Township Precinct 1,U.S. House,3,REP,Joe Farrington,5
Calhoun,Tekonsha Township Precinct 1,U.S. House,3,REP,Lynn Afendoulis,52
Calhoun,Tekonsha Township Precinct 1,U.S. House,3,REP,Peter Meijer,122
Calhoun,Tekonsha Township Precinct 1,U.S. House,3,REP,Thomas J. Norton,46
Calhoun,Tekonsha Township Precinct 1,U.S. House,3,REP,Write-In,2
Calhoun,Tekonsha Township Precinct 1,U.S. Senate,,DEM,Gary Peters,83
Calhoun,Tekonsha Township Precinct 1,U.S. Senate,,DEM,Write-In,1
Calhoun,Tekonsha Township Precinct 1,U.S. Senate,,REP,John James,244
Calhoun,Tekonsha Township Precinct 1,U.S. Senate,,REP,Write-In,1
Calhoun,Tekonsha Township Precinct 1,Water Resources Commissioner,,DEM,Wayne Kukuk,74
Calhoun,Tekonsha Township Precinct 1,Water Resources Commissioner,,DEM,Write-In,1
Calhoun,Tekonsha Township Precinct 1,Water Resources Commissioner,,REP,Johnny Cash,88
Calhoun,Tekonsha Township Precinct 1,Water Resources Commissioner,,REP,Ron Smith,141
Calhoun,Tekonsha Township Precinct 1,Water Resources Commissioner,,REP,Write-In,0
