county,precinct,office,district,party,candidate,votes
Genesee,Argentine Township Precinct 1,Animal Control Shelter Millage Renewal Proposal,,,No,250
Genesee,Argentine Township Precinct 1,Animal Control Shelter Millage Renewal Proposal,,,Yes,448
Genesee,Argentine Township Precinct 1,Argentine Township Clerk,,REP,Joseph L. Graves,311
Genesee,Argentine Township Precinct 1,Argentine Township Supervisor,,REP,Brian J. Saad,308
Genesee,Argentine Township Precinct 1,Argentine Township Treasurer,,REP,Norman J. Schmidt,302
Genesee,Argentine Township Precinct 1,Argentine Township Trustee,,REP,Gwynne James,242
Genesee,Argentine Township Precinct 1,Argentine Township Trustee,,REP,Scott Conner,262
Genesee,Argentine Township Precinct 1,Ballots Cast,,,,760
Genesee,Argentine Township Precinct 1,Circuit Court Judge,7,,Chris Christenson,262
Genesee,Argentine Township Precinct 1,Circuit Court Judge,7,,Herman Marable Jr.,59
Genesee,Argentine Township Precinct 1,Circuit Court Judge,7,,Stephanie Witucki,150
Genesee,Argentine Township Precinct 1,Clerk and Register of Deeds,,DEM,John J. Gleason,158
Genesee,Argentine Township Precinct 1,Clerk and Register of Deeds,,DEM,Renee' D. Watson,135
Genesee,Argentine Township Precinct 1,Clerk and Register of Deeds,,REP,Jesse Couch,304
Genesee,Argentine Township Precinct 1,County Commissioner,6,DEM,Timothy John Draeger (W),11
Genesee,Argentine Township Precinct 1,County Commissioner,6,REP,Shaun Shumaker,310
Genesee,Argentine Township Precinct 1,County Treasurer,,DEM,Deborah Cherry,268
Genesee,Argentine Township Precinct 1,County Treasurer,,REP,Deborah Hoss,304
Genesee,Argentine Township Precinct 1,Drain Commissioner,,DEM,Jeff Wright,194
Genesee,Argentine Township Precinct 1,Drain Commissioner,,DEM,Travis R. Wines,80
Genesee,Argentine Township Precinct 1,Mass Transportation Authority Millage Replacement Proposal,,,No,355
Genesee,Argentine Township Precinct 1,Mass Transportation Authority Millage Replacement Proposal,,,Yes,350
Genesee,Argentine Township Precinct 1,Prosecuting Attorney,,DEM,David Leyton,224
Genesee,Argentine Township Precinct 1,Prosecuting Attorney,,DEM,Trachelle C. Young,76
Genesee,Argentine Township Precinct 1,Registered Voters,,,,2202
Genesee,Argentine Township Precinct 1,Sheriff,,DEM,Christopher R. Swanson,217
Genesee,Argentine Township Precinct 1,Sheriff,,DEM,Phil Hart,53
Genesee,Argentine Township Precinct 1,Sheriff,,DEM,Timothy Johnson,31
Genesee,Argentine Township Precinct 1,Sheriff,,REP,Stephen Sanford,278
Genesee,Argentine Township Precinct 1,State House,51,DEM,Brad May,159
Genesee,Argentine Township Precinct 1,State House,51,DEM,Conner Wallace,101
Genesee,Argentine Township Precinct 1,State House,51,REP,Mike Mueller,349
Genesee,Argentine Township Precinct 1,Surveyor,,DEM,Kim Carlson,249
Genesee,Argentine Township Precinct 1,U.S. House,5,DEM,Daniel T. Kildee,290
Genesee,Argentine Township Precinct 1,U.S. House,5,REP,Earl Lackie,61
Genesee,Argentine Township Precinct 1,U.S. House,5,REP,Tim Kelly,266
Genesee,Argentine Township Precinct 1,U.S. Senate,,DEM,Gary Peters,287
Genesee,Argentine Township Precinct 1,U.S. Senate,,REP,John James,343
Genesee,Argentine Township Precinct 2,Animal Control Shelter Millage Renewal Proposal,,,No,257
Genesee,Argentine Township Precinct 2,Animal Control Shelter Millage Renewal Proposal,,,Yes,412
Genesee,Argentine Township Precinct 2,Argentine Township Clerk,,REP,Joseph L. Graves,284
Genesee,Argentine Township Precinct 2,Argentine Township Supervisor,,REP,Brian J. Saad,281
Genesee,Argentine Township Precinct 2,Argentine Township Treasurer,,REP,Norman J. Schmidt,279
Genesee,Argentine Township Precinct 2,Argentine Township Trustee,,REP,Gwynne James,196
Genesee,Argentine Township Precinct 2,Argentine Township Trustee,,REP,Scott Conner,216
Genesee,Argentine Township Precinct 2,Ballots Cast,,,,731
Genesee,Argentine Township Precinct 2,Circuit Court Judge,7,,Chris Christenson,218
Genesee,Argentine Township Precinct 2,Circuit Court Judge,7,,Herman Marable Jr.,72
Genesee,Argentine Township Precinct 2,Circuit Court Judge,7,,Stephanie Witucki,152
Genesee,Argentine Township Precinct 2,Clerk and Register of Deeds,,DEM,John J. Gleason,166
Genesee,Argentine Township Precinct 2,Clerk and Register of Deeds,,DEM,Renee' D. Watson,145
Genesee,Argentine Township Precinct 2,Clerk and Register of Deeds,,REP,Jesse Couch,281
Genesee,Argentine Township Precinct 2,County Commissioner,6,DEM,Timothy John Draeger (W),5
Genesee,Argentine Township Precinct 2,County Commissioner,6,REP,Shaun Shumaker,273
Genesee,Argentine Township Precinct 2,County Treasurer,,DEM,Deborah Cherry,286
Genesee,Argentine Township Precinct 2,County Treasurer,,REP,Deborah Hoss,274
Genesee,Argentine Township Precinct 2,Drain Commissioner,,DEM,Jeff Wright,216
Genesee,Argentine Township Precinct 2,Drain Commissioner,,DEM,Travis R. Wines,83
Genesee,Argentine Township Precinct 2,Mass Transportation Authority Millage Replacement Proposal,,,No,313
Genesee,Argentine Township Precinct 2,Mass Transportation Authority Millage Replacement Proposal,,,Yes,353
Genesee,Argentine Township Precinct 2,Prosecuting Attorney,,DEM,David Leyton,211
Genesee,Argentine Township Precinct 2,Prosecuting Attorney,,DEM,Trachelle C. Young,103
Genesee,Argentine Township Precinct 2,Registered Voters,,,,2339
Genesee,Argentine Township Precinct 2,Sheriff,,DEM,Christopher R. Swanson,222
Genesee,Argentine Township Precinct 2,Sheriff,,DEM,Phil Hart,52
Genesee,Argentine Township Precinct 2,Sheriff,,DEM,Timothy Johnson,45
Genesee,Argentine Township Precinct 2,Sheriff,,REP,Stephen Sanford,269
Genesee,Argentine Township Precinct 2,State House,51,DEM,Brad May,144
Genesee,Argentine Township Precinct 2,State House,51,DEM,Conner Wallace,134
Genesee,Argentine Township Precinct 2,State House,51,REP,Mike Mueller,309
Genesee,Argentine Township Precinct 2,Surveyor,,DEM,Kim Carlson,268
Genesee,Argentine Township Precinct 2,U.S. House,5,DEM,Daniel T. Kildee,309
Genesee,Argentine Township Precinct 2,U.S. House,5,REP,Earl Lackie,78
Genesee,Argentine Township Precinct 2,U.S. House,5,REP,Tim Kelly,215
Genesee,Argentine Township Precinct 2,U.S. Senate,,DEM,Gary Peters,310
Genesee,Argentine Township Precinct 2,U.S. Senate,,REP,John James,306
Genesee,Argentine Township Precinct 3,Animal Control Shelter Millage Renewal Proposal,,,No,68
Genesee,Argentine Township Precinct 3,Animal Control Shelter Millage Renewal Proposal,,,Yes,122
Genesee,Argentine Township Precinct 3,Argentine Township Clerk,,REP,Joseph L. Graves,89
Genesee,Argentine Township Precinct 3,Argentine Township Supervisor,,REP,Brian J. Saad,83
Genesee,Argentine Township Precinct 3,Argentine Township Treasurer,,REP,Norman J. Schmidt,85
Genesee,Argentine Township Precinct 3,Argentine Township Trustee,,REP,Gwynne James,59
Genesee,Argentine Township Precinct 3,Argentine Township Trustee,,REP,Scott Conner,77
Genesee,Argentine Township Precinct 3,Ballots Cast,,,,207
Genesee,Argentine Township Precinct 3,Circuit Court Judge,7,,Chris Christenson,61
Genesee,Argentine Township Precinct 3,Circuit Court Judge,7,,Herman Marable Jr.,20
Genesee,Argentine Township Precinct 3,Circuit Court Judge,7,,Stephanie Witucki,34
Genesee,Argentine Township Precinct 3,Clerk and Register of Deeds,,DEM,John J. Gleason,45
Genesee,Argentine Township Precinct 3,Clerk and Register of Deeds,,DEM,Renee' D. Watson,29
Genesee,Argentine Township Precinct 3,Clerk and Register of Deeds,,REP,Jesse Couch,80
Genesee,Argentine Township Precinct 3,County Commissioner,6,DEM,Timothy John Draeger (W),0
Genesee,Argentine Township Precinct 3,County Commissioner,6,REP,Shaun Shumaker,85
Genesee,Argentine Township Precinct 3,County Treasurer,,DEM,Deborah Cherry,67
Genesee,Argentine Township Precinct 3,County Treasurer,,REP,Deborah Hoss,78
Genesee,Argentine Township Precinct 3,Drain Commissioner,,DEM,Jeff Wright,50
Genesee,Argentine Township Precinct 3,Drain Commissioner,,DEM,Travis R. Wines,22
Genesee,Argentine Township Precinct 3,Mass Transportation Authority Millage Replacement Proposal,,,No,91
Genesee,Argentine Township Precinct 3,Mass Transportation Authority Millage Replacement Proposal,,,Yes,102
Genesee,Argentine Township Precinct 3,Prosecuting Attorney,,DEM,David Leyton,50
Genesee,Argentine Township Precinct 3,Prosecuting Attorney,,DEM,Trachelle C. Young,27
Genesee,Argentine Township Precinct 3,Registered Voters,,,,672
Genesee,Argentine Township Precinct 3,Sheriff,,DEM,Christopher R. Swanson,58
Genesee,Argentine Township Precinct 3,Sheriff,,DEM,Phil Hart,18
Genesee,Argentine Township Precinct 3,Sheriff,,DEM,Timothy Johnson,3
Genesee,Argentine Township Precinct 3,Sheriff,,REP,Stephen Sanford,83
Genesee,Argentine Township Precinct 3,State House,51,DEM,Brad May,36
Genesee,Argentine Township Precinct 3,State House,51,DEM,Conner Wallace,29
Genesee,Argentine Township Precinct 3,State House,51,REP,Mike Mueller,89
Genesee,Argentine Township Precinct 3,Surveyor,,DEM,Kim Carlson,68
Genesee,Argentine Township Precinct 3,U.S. House,5,DEM,Daniel T. Kildee,77
Genesee,Argentine Township Precinct 3,U.S. House,5,REP,Earl Lackie,8
Genesee,Argentine Township Precinct 3,U.S. House,5,REP,Tim Kelly,80
Genesee,Argentine Township Precinct 3,U.S. Senate,,DEM,Gary Peters,76
Genesee,Argentine Township Precinct 3,U.S. Senate,,REP,John James,92
Genesee,Atlas Township Precinct 1,Animal Control Shelter Millage Renewal Proposal,,,No,231
Genesee,Atlas Township Precinct 1,Animal Control Shelter Millage Renewal Proposal,,,Yes,476
Genesee,Atlas Township Precinct 1,Atlas Township Clerk,,REP,Angela M. Grogan,173
Genesee,Atlas Township Precinct 1,Atlas Township Clerk,,REP,Katherine M. Vick,219
Genesee,Atlas Township Precinct 1,Atlas Township Supervisor,,DEM,Justin D. Folts,186
Genesee,Atlas Township Precinct 1,Atlas Township Supervisor,,REP,Daniel Glomson,52
Genesee,Atlas Township Precinct 1,Atlas Township Supervisor,,REP,Shirley Kautman-Jones,203
Genesee,Atlas Township Precinct 1,Atlas Township Supervisor,,REP,Teresa L. Onica,182
Genesee,Atlas Township Precinct 1,Atlas Township Treasurer,,REP,Ann Marie Moore,345
Genesee,Atlas Township Precinct 1,Atlas Township Trustee,,REP,Barry M. June,276
Genesee,Atlas Township Precinct 1,Atlas Township Trustee,,REP,Fred Forys,208
Genesee,Atlas Township Precinct 1,Atlas Township Trustee,,REP,Patrick Major,233
Genesee,Atlas Township Precinct 1,Ballots Cast,,,,778
Genesee,Atlas Township Precinct 1,Circuit Court Judge,7,,Chris Christenson,250
Genesee,Atlas Township Precinct 1,Circuit Court Judge,7,,Herman Marable Jr.,52
Genesee,Atlas Township Precinct 1,Circuit Court Judge,7,,Stephanie Witucki,208
Genesee,Atlas Township Precinct 1,Clerk and Register of Deeds,,DEM,John J. Gleason,121
Genesee,Atlas Township Precinct 1,Clerk and Register of Deeds,,DEM,Renee' D. Watson,104
Genesee,Atlas Township Precinct 1,Clerk and Register of Deeds,,REP,Jesse Couch,323
Genesee,Atlas Township Precinct 1,County Commissioner,5,DEM,Mark Young,214
Genesee,Atlas Township Precinct 1,County Commissioner,5,REP,Sean A. Trowbridge,328
Genesee,Atlas Township Precinct 1,County Treasurer,,DEM,Deborah Cherry,216
Genesee,Atlas Township Precinct 1,County Treasurer,,REP,Deborah Hoss,319
Genesee,Atlas Township Precinct 1,Drain Commissioner,,DEM,Jeff Wright,176
Genesee,Atlas Township Precinct 1,Drain Commissioner,,DEM,Travis R. Wines,45
Genesee,Atlas Township Precinct 1,Goodrich Area Schools Bonding Proposal,,,No,323
Genesee,Atlas Township Precinct 1,Goodrich Area Schools Bonding Proposal,,,Yes,411
Genesee,Atlas Township Precinct 1,Mass Transportation Authority Millage Replacement Proposal,,,No,360
Genesee,Atlas Township Precinct 1,Mass Transportation Authority Millage Replacement Proposal,,,Yes,380
Genesee,Atlas Township Precinct 1,Prosecuting Attorney,,DEM,David Leyton,163
Genesee,Atlas Township Precinct 1,Prosecuting Attorney,,DEM,Trachelle C. Young,68
Genesee,Atlas Township Precinct 1,Registered Voters,,,,1847
Genesee,Atlas Township Precinct 1,Sheriff,,DEM,Christopher R. Swanson,184
Genesee,Atlas Township Precinct 1,Sheriff,,DEM,Phil Hart,32
Genesee,Atlas Township Precinct 1,Sheriff,,DEM,Timothy Johnson,26
Genesee,Atlas Township Precinct 1,Sheriff,,REP,Stephen Sanford,302
Genesee,Atlas Township Precinct 1,State House,51,DEM,Brad May,100
Genesee,Atlas Township Precinct 1,State House,51,DEM,Conner Wallace,96
Genesee,Atlas Township Precinct 1,State House,51,REP,Mike Mueller,377
Genesee,Atlas Township Precinct 1,Surveyor,,DEM,Kim Carlson,208
Genesee,Atlas Township Precinct 1,U.S. House,5,DEM,Daniel T. Kildee,225
Genesee,Atlas Township Precinct 1,U.S. House,5,REP,Earl Lackie,83
Genesee,Atlas Township Precinct 1,U.S. House,5,REP,Tim Kelly,282
Genesee,Atlas Township Precinct 1,U.S. Senate,,DEM,Gary Peters,228
Genesee,Atlas Township Precinct 1,U.S. Senate,,REP,John James,404
Genesee,Atlas Township Precinct 2,Animal Control Shelter Millage Renewal Proposal,,,No,178
Genesee,Atlas Township Precinct 2,Animal Control Shelter Millage Renewal Proposal,,,Yes,285
Genesee,Atlas Township Precinct 2,Atlas Township Clerk,,REP,Angela M. Grogan,119
Genesee,Atlas Township Precinct 2,Atlas Township Clerk,,REP,Katherine M. Vick,163
Genesee,Atlas Township Precinct 2,Atlas Township Supervisor,,DEM,Justin D. Folts,95
Genesee,Atlas Township Precinct 2,Atlas Township Supervisor,,REP,Daniel Glomson,13
Genesee,Atlas Township Precinct 2,Atlas Township Supervisor,,REP,Shirley Kautman-Jones,174
Genesee,Atlas Township Precinct 2,Atlas Township Supervisor,,REP,Teresa L. Onica,136
Genesee,Atlas Township Precinct 2,Atlas Township Treasurer,,REP,Ann Marie Moore,249
Genesee,Atlas Township Precinct 2,Atlas Township Trustee,,REP,Barry M. June,199
Genesee,Atlas Township Precinct 2,Atlas Township Trustee,,REP,Fred Forys,138
Genesee,Atlas Township Precinct 2,Atlas Township Trustee,,REP,Patrick Major,164
Genesee,Atlas Township Precinct 2,Ballots Cast,,,,523
Genesee,Atlas Township Precinct 2,Circuit Court Judge,7,,Chris Christenson,120
Genesee,Atlas Township Precinct 2,Circuit Court Judge,7,,Herman Marable Jr.,48
Genesee,Atlas Township Precinct 2,Circuit Court Judge,7,,Stephanie Witucki,147
Genesee,Atlas Township Precinct 2,Clerk and Register of Deeds,,DEM,John J. Gleason,59
Genesee,Atlas Township Precinct 2,Clerk and Register of Deeds,,DEM,Renee' D. Watson,63
Genesee,Atlas Township Precinct 2,Clerk and Register of Deeds,,REP,Jesse Couch,224
Genesee,Atlas Township Precinct 2,County Commissioner,5,DEM,Mark Young,109
Genesee,Atlas Township Precinct 2,County Commissioner,5,REP,Sean A. Trowbridge,226
Genesee,Atlas Township Precinct 2,County Treasurer,,DEM,Deborah Cherry,117
Genesee,Atlas Township Precinct 2,County Treasurer,,REP,Deborah Hoss,224
Genesee,Atlas Township Precinct 2,Drain Commissioner,,DEM,Jeff Wright,89
Genesee,Atlas Township Precinct 2,Drain Commissioner,,DEM,Travis R. Wines,27
Genesee,Atlas Township Precinct 2,Goodrich Area Schools Bonding Proposal,,,No,241
Genesee,Atlas Township Precinct 2,Goodrich Area Schools Bonding Proposal,,,Yes,224
Genesee,Atlas Township Precinct 2,Mass Transportation Authority Millage Replacement Proposal,,,No,252
Genesee,Atlas Township Precinct 2,Mass Transportation Authority Millage Replacement Proposal,,,Yes,237
Genesee,Atlas Township Precinct 2,Prosecuting Attorney,,DEM,David Leyton,92
Genesee,Atlas Township Precinct 2,Prosecuting Attorney,,DEM,Trachelle C. Young,37
Genesee,Atlas Township Precinct 2,Registered Voters,,,,1059
Genesee,Atlas Township Precinct 2,Sheriff,,DEM,Christopher R. Swanson,78
Genesee,Atlas Township Precinct 2,Sheriff,,DEM,Phil Hart,30
Genesee,Atlas Township Precinct 2,Sheriff,,DEM,Timothy Johnson,21
Genesee,Atlas Township Precinct 2,Sheriff,,REP,Stephen Sanford,205
Genesee,Atlas Township Precinct 2,State House,51,DEM,Brad May,65
Genesee,Atlas Township Precinct 2,State House,51,DEM,Conner Wallace,41
Genesee,Atlas Township Precinct 2,State House,51,REP,Mike Mueller,257
Genesee,Atlas Township Precinct 2,Surveyor,,DEM,Kim Carlson,110
Genesee,Atlas Township Precinct 2,U.S. House,5,DEM,Daniel T. Kildee,123
Genesee,Atlas Township Precinct 2,U.S. House,5,REP,Earl Lackie,48
Genesee,Atlas Township Precinct 2,U.S. House,5,REP,Tim Kelly,197
Genesee,Atlas Township Precinct 2,U.S. Senate,,DEM,Gary Peters,123
Genesee,Atlas Township Precinct 2,U.S. Senate,,REP,John James,279
Genesee,Atlas Township Precinct 3,Animal Control Shelter Millage Renewal Proposal,,,No,313
Genesee,Atlas Township Precinct 3,Animal Control Shelter Millage Renewal Proposal,,,Yes,460
Genesee,Atlas Township Precinct 3,Atlas Township Clerk,,REP,Angela M. Grogan,211
Genesee,Atlas Township Precinct 3,Atlas Township Clerk,,REP,Katherine M. Vick,287
Genesee,Atlas Township Precinct 3,Atlas Township Supervisor,,DEM,Justin D. Folts,161
Genesee,Atlas Township Precinct 3,Atlas Township Supervisor,,REP,Daniel Glomson,49
Genesee,Atlas Township Precinct 3,Atlas Township Supervisor,,REP,Shirley Kautman-Jones,261
Genesee,Atlas Township Precinct 3,Atlas Township Supervisor,,REP,Teresa L. Onica,243
Genesee,Atlas Township Precinct 3,Atlas Township Treasurer,,REP,Ann Marie Moore,430
Genesee,Atlas Township Precinct 3,Atlas Township Trustee,,REP,Barry M. June,315
Genesee,Atlas Township Precinct 3,Atlas Township Trustee,,REP,Fred Forys,257
Genesee,Atlas Township Precinct 3,Atlas Township Trustee,,REP,Patrick Major,283
Genesee,Atlas Township Precinct 3,Ballots Cast,,,,861
Genesee,Atlas Township Precinct 3,Circuit Court Judge,7,,Chris Christenson,211
Genesee,Atlas Township Precinct 3,Circuit Court Judge,7,,Herman Marable Jr.,62
Genesee,Atlas Township Precinct 3,Circuit Court Judge,7,,Stephanie Witucki,235
Genesee,Atlas Township Precinct 3,Clerk and Register of Deeds,,DEM,John J. Gleason,58
Genesee,Atlas Township Precinct 3,Clerk and Register of Deeds,,DEM,Renee' D. Watson,125
Genesee,Atlas Township Precinct 3,Clerk and Register of Deeds,,REP,Jesse Couch,398
Genesee,Atlas Township Precinct 3,County Commissioner,5,DEM,Mark Young,167
Genesee,Atlas Township Precinct 3,County Commissioner,5,REP,Sean A. Trowbridge,412
Genesee,Atlas Township Precinct 3,County Treasurer,,DEM,Deborah Cherry,180
Genesee,Atlas Township Precinct 3,County Treasurer,,REP,Deborah Hoss,392
Genesee,Atlas Township Precinct 3,Drain Commissioner,,DEM,Jeff Wright,125
Genesee,Atlas Township Precinct 3,Drain Commissioner,,DEM,Travis R. Wines,50
Genesee,Atlas Township Precinct 3,Goodrich Area Schools Bonding Proposal,,,No,403
Genesee,Atlas Township Precinct 3,Goodrich Area Schools Bonding Proposal,,,Yes,427
Genesee,Atlas Township Precinct 3,Mass Transportation Authority Millage Replacement Proposal,,,No,427
Genesee,Atlas Township Precinct 3,Mass Transportation Authority Millage Replacement Proposal,,,Yes,384
Genesee,Atlas Township Precinct 3,Prosecuting Attorney,,DEM,David Leyton,96
Genesee,Atlas Township Precinct 3,Prosecuting Attorney,,DEM,Trachelle C. Young,87
Genesee,Atlas Township Precinct 3,Registered Voters,,,,1875
Genesee,Atlas Township Precinct 3,Sheriff,,DEM,Christopher R. Swanson,151
Genesee,Atlas Township Precinct 3,Sheriff,,DEM,Phil Hart,30
Genesee,Atlas Township Precinct 3,Sheriff,,DEM,Timothy Johnson,17
Genesee,Atlas Township Precinct 3,Sheriff,,REP,Stephen Sanford,389
Genesee,Atlas Township Precinct 3,State House,51,DEM,Brad May,73
Genesee,Atlas Township Precinct 3,State House,51,DEM,Conner Wallace,89
Genesee,Atlas Township Precinct 3,State House,51,REP,Mike Mueller,458
Genesee,Atlas Township Precinct 3,Surveyor,,DEM,Kim Carlson,168
Genesee,Atlas Township Precinct 3,U.S. House,5,DEM,Daniel T. Kildee,189
Genesee,Atlas Township Precinct 3,U.S. House,5,REP,Earl Lackie,99
Genesee,Atlas Township Precinct 3,U.S. House,5,REP,Tim Kelly,331
Genesee,Atlas Township Precinct 3,U.S. Senate,,DEM,Gary Peters,193
Genesee,Atlas Township Precinct 3,U.S. Senate,,REP,John James,481
Genesee,Atlas Township Precinct 4,Animal Control Shelter Millage Renewal Proposal,,,No,163
Genesee,Atlas Township Precinct 4,Animal Control Shelter Millage Renewal Proposal,,,Yes,397
Genesee,Atlas Township Precinct 4,Atlas Township Clerk,,REP,Angela M. Grogan,139
Genesee,Atlas Township Precinct 4,Atlas Township Clerk,,REP,Katherine M. Vick,186
Genesee,Atlas Township Precinct 4,Atlas Township Supervisor,,DEM,Justin D. Folts,175
Genesee,Atlas Township Precinct 4,Atlas Township Supervisor,,REP,Daniel Glomson,38
Genesee,Atlas Township Precinct 4,Atlas Township Supervisor,,REP,Shirley Kautman-Jones,188
Genesee,Atlas Township Precinct 4,Atlas Township Supervisor,,REP,Teresa L. Onica,110
Genesee,Atlas Township Precinct 4,Atlas Township Treasurer,,REP,Ann Marie Moore,248
Genesee,Atlas Township Precinct 4,Atlas Township Trustee,,REP,Barry M. June,150
Genesee,Atlas Township Precinct 4,Atlas Township Trustee,,REP,Fred Forys,189
Genesee,Atlas Township Precinct 4,Atlas Township Trustee,,REP,Patrick Major,164
Genesee,Atlas Township Precinct 4,Ballots Cast,,,,621
Genesee,Atlas Township Precinct 4,Circuit Court Judge,7,,Chris Christenson,165
Genesee,Atlas Township Precinct 4,Circuit Court Judge,7,,Herman Marable Jr.,50
Genesee,Atlas Township Precinct 4,Circuit Court Judge,7,,Stephanie Witucki,162
Genesee,Atlas Township Precinct 4,Clerk and Register of Deeds,,DEM,John J. Gleason,92
Genesee,Atlas Township Precinct 4,Clerk and Register of Deeds,,DEM,Renee' D. Watson,105
Genesee,Atlas Township Precinct 4,Clerk and Register of Deeds,,REP,Jesse Couch,223
Genesee,Atlas Township Precinct 4,County Commissioner,5,DEM,Mark Young,180
Genesee,Atlas Township Precinct 4,County Commissioner,5,REP,Sean A. Trowbridge,228
Genesee,Atlas Township Precinct 4,County Treasurer,,DEM,Deborah Cherry,182
Genesee,Atlas Township Precinct 4,County Treasurer,,REP,Deborah Hoss,220
Genesee,Atlas Township Precinct 4,Drain Commissioner,,DEM,Jeff Wright,134
Genesee,Atlas Township Precinct 4,Drain Commissioner,,DEM,Travis R. Wines,56
Genesee,Atlas Township Precinct 4,Goodrich Area Schools Bonding Proposal,,,No,242
Genesee,Atlas Township Precinct 4,Goodrich Area Schools Bonding Proposal,,,Yes,355
Genesee,Atlas Township Precinct 4,Mass Transportation Authority Millage Replacement Proposal,,,No,259
Genesee,Atlas Township Precinct 4,Mass Transportation Authority Millage Replacement Proposal,,,Yes,319
Genesee,Atlas Township Precinct 4,Prosecuting Attorney,,DEM,David Leyton,119
Genesee,Atlas Township Precinct 4,Prosecuting Attorney,,DEM,Trachelle C. Young,72
Genesee,Atlas Township Precinct 4,Registered Voters,,,,1326
Genesee,Atlas Township Precinct 4,Sheriff,,DEM,Christopher R. Swanson,136
Genesee,Atlas Township Precinct 4,Sheriff,,DEM,Phil Hart,45
Genesee,Atlas Township Precinct 4,Sheriff,,DEM,Timothy Johnson,27
Genesee,Atlas Township Precinct 4,Sheriff,,REP,Stephen Sanford,222
Genesee,Atlas Township Precinct 4,State House,51,DEM,Brad May,108
Genesee,Atlas Township Precinct 4,State House,51,DEM,Conner Wallace,69
Genesee,Atlas Township Precinct 4,State House,51,REP,Mike Mueller,261
Genesee,Atlas Township Precinct 4,Surveyor,,DEM,Kim Carlson,180
Genesee,Atlas Township Precinct 4,U.S. House,5,DEM,Daniel T. Kildee,199
Genesee,Atlas Township Precinct 4,U.S. House,5,REP,Earl Lackie,42
Genesee,Atlas Township Precinct 4,U.S. House,5,REP,Tim Kelly,205
Genesee,Atlas Township Precinct 4,U.S. Senate,,DEM,Gary Peters,201
Genesee,Atlas Township Precinct 4,U.S. Senate,,REP,John James,280
Genesee,City of Burton Precinct 1,Animal Control Shelter Millage Renewal Proposal,,,No,128
Genesee,City of Burton Precinct 1,Animal Control Shelter Millage Renewal Proposal,,,Yes,383
Genesee,City of Burton Precinct 1,Atherton Community School District Building and Site Bond Proposal,,,No,181
Genesee,City of Burton Precinct 1,Atherton Community School District Building and Site Bond Proposal,,,Yes,355
Genesee,City of Burton Precinct 1,Ballots Cast,,,,568
Genesee,City of Burton Precinct 1,Circuit Court Judge,7,,Chris Christenson,147
Genesee,City of Burton Precinct 1,Circuit Court Judge,7,,Herman Marable Jr.,133
Genesee,City of Burton Precinct 1,Circuit Court Judge,7,,Stephanie Witucki,138
Genesee,City of Burton Precinct 1,Clerk and Register of Deeds,,DEM,John J. Gleason,205
Genesee,City of Burton Precinct 1,Clerk and Register of Deeds,,DEM,Renee' D. Watson,156
Genesee,City of Burton Precinct 1,Clerk and Register of Deeds,,REP,Jesse Couch,127
Genesee,City of Burton Precinct 1,County Commissioner,3,DEM,Ellen Ellenburg,335
Genesee,City of Burton Precinct 1,County Commissioner,3,REP,Gary Goetzinger,123
Genesee,City of Burton Precinct 1,County Treasurer,,DEM,Deborah Cherry,352
Genesee,City of Burton Precinct 1,County Treasurer,,REP,Deborah Hoss,121
Genesee,City of Burton Precinct 1,Drain Commissioner,,DEM,Jeff Wright,259
Genesee,City of Burton Precinct 1,Drain Commissioner,,DEM,Travis R. Wines,100
Genesee,City of Burton Precinct 1,Mass Transportation Authority Millage Replacement Proposal,,,No,196
Genesee,City of Burton Precinct 1,Mass Transportation Authority Millage Replacement Proposal,,,Yes,340
Genesee,City of Burton Precinct 1,Prosecuting Attorney,,DEM,David Leyton,268
Genesee,City of Burton Precinct 1,Prosecuting Attorney,,DEM,Trachelle C. Young,105
Genesee,City of Burton Precinct 1,Registered Voters,,,,2061
Genesee,City of Burton Precinct 1,Sheriff,,DEM,Christopher R. Swanson,246
Genesee,City of Burton Precinct 1,Sheriff,,DEM,Phil Hart,51
Genesee,City of Burton Precinct 1,Sheriff,,DEM,Timothy Johnson,74
Genesee,City of Burton Precinct 1,Sheriff,,REP,Stephen Sanford,113
Genesee,City of Burton Precinct 1,State House,50,DEM,Raymond Freiberger,108
Genesee,City of Burton Precinct 1,State House,50,DEM,Tim Sneller,240
Genesee,City of Burton Precinct 1,State House,50,REP,Christina Fitchett-Hickson,54
Genesee,City of Burton Precinct 1,State House,50,REP,Lynn S. Hukee,33
Genesee,City of Burton Precinct 1,State House,50,REP,Lynne Freiberger,47
Genesee,City of Burton Precinct 1,Surveyor,,DEM,Kim Carlson,329
Genesee,City of Burton Precinct 1,U.S. House,5,DEM,Daniel T. Kildee,369
Genesee,City of Burton Precinct 1,U.S. House,5,REP,Earl Lackie,40
Genesee,City of Burton Precinct 1,U.S. House,5,REP,Tim Kelly,98
Genesee,City of Burton Precinct 1,U.S. Senate,,DEM,Gary Peters,355
Genesee,City of Burton Precinct 1,U.S. Senate,,REP,John James,141
Genesee,City of Burton Precinct 10,Animal Control Shelter Millage Renewal Proposal,,,No,181
Genesee,City of Burton Precinct 10,Animal Control Shelter Millage Renewal Proposal,,,Yes,560
Genesee,City of Burton Precinct 10,Ballots Cast,,,,795
Genesee,City of Burton Precinct 10,Circuit Court Judge,7,,Chris Christenson,242
Genesee,City of Burton Precinct 10,Circuit Court Judge,7,,Herman Marable Jr.,144
Genesee,City of Burton Precinct 10,Circuit Court Judge,7,,Stephanie Witucki,179
Genesee,City of Burton Precinct 10,Clerk and Register of Deeds,,DEM,John J. Gleason,305
Genesee,City of Burton Precinct 10,Clerk and Register of Deeds,,DEM,Renee' D. Watson,186
Genesee,City of Burton Precinct 10,Clerk and Register of Deeds,,REP,Jesse Couch,191
Genesee,City of Burton Precinct 10,County Commissioner,3,DEM,Ellen Ellenburg,453
Genesee,City of Burton Precinct 10,County Commissioner,3,REP,Gary Goetzinger,185
Genesee,City of Burton Precinct 10,County Treasurer,,DEM,Deborah Cherry,476
Genesee,City of Burton Precinct 10,County Treasurer,,REP,Deborah Hoss,193
Genesee,City of Burton Precinct 10,Drain Commissioner,,DEM,Jeff Wright,353
Genesee,City of Burton Precinct 10,Drain Commissioner,,DEM,Travis R. Wines,126
Genesee,City of Burton Precinct 10,Mass Transportation Authority Millage Replacement Proposal,,,No,240
Genesee,City of Burton Precinct 10,Mass Transportation Authority Millage Replacement Proposal,,,Yes,519
Genesee,City of Burton Precinct 10,Prosecuting Attorney,,DEM,David Leyton,392
Genesee,City of Burton Precinct 10,Prosecuting Attorney,,DEM,Trachelle C. Young,111
Genesee,City of Burton Precinct 10,Registered Voters,,,,2640
Genesee,City of Burton Precinct 10,Sheriff,,DEM,Christopher R. Swanson,322
Genesee,City of Burton Precinct 10,Sheriff,,DEM,Phil Hart,60
Genesee,City of Burton Precinct 10,Sheriff,,DEM,Timothy Johnson,116
Genesee,City of Burton Precinct 10,Sheriff,,REP,Stephen Sanford,182
Genesee,City of Burton Precinct 10,State House,50,DEM,Raymond Freiberger,87
Genesee,City of Burton Precinct 10,State House,50,DEM,Tim Sneller,391
Genesee,City of Burton Precinct 10,State House,50,REP,Christina Fitchett-Hickson,78
Genesee,City of Burton Precinct 10,State House,50,REP,Lynn S. Hukee,41
Genesee,City of Burton Precinct 10,State House,50,REP,Lynne Freiberger,88
Genesee,City of Burton Precinct 10,Surveyor,,DEM,Kim Carlson,452
Genesee,City of Burton Precinct 10,U.S. House,5,DEM,Daniel T. Kildee,491
Genesee,City of Burton Precinct 10,U.S. House,5,REP,Earl Lackie,47
Genesee,City of Burton Precinct 10,U.S. House,5,REP,Tim Kelly,162
Genesee,City of Burton Precinct 10,U.S. Senate,,DEM,Gary Peters,481
Genesee,City of Burton Precinct 10,U.S. Senate,,REP,John James,216
Genesee,City of Burton Precinct 11,Animal Control Shelter Millage Renewal Proposal,,,No,124
Genesee,City of Burton Precinct 11,Animal Control Shelter Millage Renewal Proposal,,,Yes,317
Genesee,City of Burton Precinct 11,Ballots Cast,,,,489
Genesee,City of Burton Precinct 11,Circuit Court Judge,7,,Chris Christenson,187
Genesee,City of Burton Precinct 11,Circuit Court Judge,7,,Herman Marable Jr.,64
Genesee,City of Burton Precinct 11,Circuit Court Judge,7,,Stephanie Witucki,107
Genesee,City of Burton Precinct 11,Clerk and Register of Deeds,,DEM,John J. Gleason,192
Genesee,City of Burton Precinct 11,Clerk and Register of Deeds,,DEM,Renee' D. Watson,106
Genesee,City of Burton Precinct 11,Clerk and Register of Deeds,,REP,Jesse Couch,133
Genesee,City of Burton Precinct 11,County Commissioner,3,DEM,Ellen Ellenburg,269
Genesee,City of Burton Precinct 11,County Commissioner,3,REP,Gary Goetzinger,122
Genesee,City of Burton Precinct 11,County Treasurer,,DEM,Deborah Cherry,277
Genesee,City of Burton Precinct 11,County Treasurer,,REP,Deborah Hoss,127
Genesee,City of Burton Precinct 11,Drain Commissioner,,DEM,Jeff Wright,233
Genesee,City of Burton Precinct 11,Drain Commissioner,,DEM,Travis R. Wines,66
Genesee,City of Burton Precinct 11,Mass Transportation Authority Millage Replacement Proposal,,,No,178
Genesee,City of Burton Precinct 11,Mass Transportation Authority Millage Replacement Proposal,,,Yes,276
Genesee,City of Burton Precinct 11,Prosecuting Attorney,,DEM,David Leyton,235
Genesee,City of Burton Precinct 11,Prosecuting Attorney,,DEM,Trachelle C. Young,66
Genesee,City of Burton Precinct 11,Registered Voters,,,,1533
Genesee,City of Burton Precinct 11,Sheriff,,DEM,Christopher R. Swanson,218
Genesee,City of Burton Precinct 11,Sheriff,,DEM,Phil Hart,55
Genesee,City of Burton Precinct 11,Sheriff,,DEM,Timothy Johnson,32
Genesee,City of Burton Precinct 11,Sheriff,,REP,Stephen Sanford,115
Genesee,City of Burton Precinct 11,State House,50,DEM,Raymond Freiberger,56
Genesee,City of Burton Precinct 11,State House,50,DEM,Tim Sneller,232
Genesee,City of Burton Precinct 11,State House,50,REP,Christina Fitchett-Hickson,45
Genesee,City of Burton Precinct 11,State House,50,REP,Lynn S. Hukee,38
Genesee,City of Burton Precinct 11,State House,50,REP,Lynne Freiberger,53
Genesee,City of Burton Precinct 11,Surveyor,,DEM,Kim Carlson,270
Genesee,City of Burton Precinct 11,U.S. House,5,DEM,Daniel T. Kildee,293
Genesee,City of Burton Precinct 11,U.S. House,5,REP,Earl Lackie,33
Genesee,City of Burton Precinct 11,U.S. House,5,REP,Tim Kelly,108
Genesee,City of Burton Precinct 11,U.S. Senate,,DEM,Gary Peters,286
Genesee,City of Burton Precinct 11,U.S. Senate,,REP,John James,150
Genesee,City of Burton Precinct 12,Animal Control Shelter Millage Renewal Proposal,,,No,150
Genesee,City of Burton Precinct 12,Animal Control Shelter Millage Renewal Proposal,,,Yes,318
Genesee,City of Burton Precinct 12,Atherton Community School District Building and Site Bond Proposal,,,No,193
Genesee,City of Burton Precinct 12,Atherton Community School District Building and Site Bond Proposal,,,Yes,292
Genesee,City of Burton Precinct 12,Ballots Cast,,,,509
Genesee,City of Burton Precinct 12,Circuit Court Judge,7,,Chris Christenson,180
Genesee,City of Burton Precinct 12,Circuit Court Judge,7,,Herman Marable Jr.,74
Genesee,City of Burton Precinct 12,Circuit Court Judge,7,,Stephanie Witucki,112
Genesee,City of Burton Precinct 12,Clerk and Register of Deeds,,DEM,John J. Gleason,189
Genesee,City of Burton Precinct 12,Clerk and Register of Deeds,,DEM,Renee' D. Watson,111
Genesee,City of Burton Precinct 12,Clerk and Register of Deeds,,REP,Jesse Couch,149
Genesee,City of Burton Precinct 12,County Commissioner,3,DEM,Ellen Ellenburg,277
Genesee,City of Burton Precinct 12,County Commissioner,3,REP,Gary Goetzinger,145
Genesee,City of Burton Precinct 12,County Treasurer,,DEM,Deborah Cherry,282
Genesee,City of Burton Precinct 12,County Treasurer,,REP,Deborah Hoss,145
Genesee,City of Burton Precinct 12,Drain Commissioner,,DEM,Jeff Wright,218
Genesee,City of Burton Precinct 12,Drain Commissioner,,DEM,Travis R. Wines,75
Genesee,City of Burton Precinct 12,Mass Transportation Authority Millage Replacement Proposal,,,No,210
Genesee,City of Burton Precinct 12,Mass Transportation Authority Millage Replacement Proposal,,,Yes,275
Genesee,City of Burton Precinct 12,Prosecuting Attorney,,DEM,David Leyton,237
Genesee,City of Burton Precinct 12,Prosecuting Attorney,,DEM,Trachelle C. Young,66
Genesee,City of Burton Precinct 12,Registered Voters,,,,1614
Genesee,City of Burton Precinct 12,Sheriff,,DEM,Christopher R. Swanson,209
Genesee,City of Burton Precinct 12,Sheriff,,DEM,Phil Hart,49
Genesee,City of Burton Precinct 12,Sheriff,,DEM,Timothy Johnson,50
Genesee,City of Burton Precinct 12,Sheriff,,REP,Stephen Sanford,134
Genesee,City of Burton Precinct 12,State House,50,DEM,Raymond Freiberger,61
Genesee,City of Burton Precinct 12,State House,50,DEM,Tim Sneller,223
Genesee,City of Burton Precinct 12,State House,50,REP,Christina Fitchett-Hickson,55
Genesee,City of Burton Precinct 12,State House,50,REP,Lynn S. Hukee,46
Genesee,City of Burton Precinct 12,State House,50,REP,Lynne Freiberger,49
Genesee,City of Burton Precinct 12,Surveyor,,DEM,Kim Carlson,266
Genesee,City of Burton Precinct 12,U.S. House,5,DEM,Daniel T. Kildee,294
Genesee,City of Burton Precinct 12,U.S. House,5,REP,Earl Lackie,41
Genesee,City of Burton Precinct 12,U.S. House,5,REP,Tim Kelly,118
Genesee,City of Burton Precinct 12,U.S. Senate,,DEM,Gary Peters,285
Genesee,City of Burton Precinct 12,U.S. Senate,,REP,John James,160
Genesee,City of Burton Precinct 2,Animal Control Shelter Millage Renewal Proposal,,,No,109
Genesee,City of Burton Precinct 2,Animal Control Shelter Millage Renewal Proposal,,,Yes,259
Genesee,City of Burton Precinct 2,Ballots Cast,,,,415
Genesee,City of Burton Precinct 2,Circuit Court Judge,7,,Chris Christenson,135
Genesee,City of Burton Precinct 2,Circuit Court Judge,7,,Herman Marable Jr.,48
Genesee,City of Burton Precinct 2,Circuit Court Judge,7,,Stephanie Witucki,98
Genesee,City of Burton Precinct 2,Clerk and Register of Deeds,,DEM,John J. Gleason,176
Genesee,City of Burton Precinct 2,Clerk and Register of Deeds,,DEM,Renee' D. Watson,82
Genesee,City of Burton Precinct 2,Clerk and Register of Deeds,,REP,Jesse Couch,108
Genesee,City of Burton Precinct 2,County Commissioner,3,DEM,Ellen Ellenburg,242
Genesee,City of Burton Precinct 2,County Commissioner,3,REP,Gary Goetzinger,105
Genesee,City of Burton Precinct 2,County Treasurer,,DEM,Deborah Cherry,247
Genesee,City of Burton Precinct 2,County Treasurer,,REP,Deborah Hoss,106
Genesee,City of Burton Precinct 2,Drain Commissioner,,DEM,Jeff Wright,146
Genesee,City of Burton Precinct 2,Drain Commissioner,,DEM,Travis R. Wines,110
Genesee,City of Burton Precinct 2,Mass Transportation Authority Millage Replacement Proposal,,,No,153
Genesee,City of Burton Precinct 2,Mass Transportation Authority Millage Replacement Proposal,,,Yes,230
Genesee,City of Burton Precinct 2,Prosecuting Attorney,,DEM,David Leyton,202
Genesee,City of Burton Precinct 2,Prosecuting Attorney,,DEM,Trachelle C. Young,61
Genesee,City of Burton Precinct 2,Registered Voters,,,,2035
Genesee,City of Burton Precinct 2,Sheriff,,DEM,Christopher R. Swanson,207
Genesee,City of Burton Precinct 2,Sheriff,,DEM,Phil Hart,35
Genesee,City of Burton Precinct 2,Sheriff,,DEM,Timothy Johnson,22
Genesee,City of Burton Precinct 2,Sheriff,,REP,Stephen Sanford,100
Genesee,City of Burton Precinct 2,State House,50,DEM,Raymond Freiberger,30
Genesee,City of Burton Precinct 2,State House,50,DEM,Tim Sneller,217
Genesee,City of Burton Precinct 2,State House,50,REP,Christina Fitchett-Hickson,43
Genesee,City of Burton Precinct 2,State House,50,REP,Lynn S. Hukee,30
Genesee,City of Burton Precinct 2,State House,50,REP,Lynne Freiberger,40
Genesee,City of Burton Precinct 2,Surveyor,,DEM,Kim Carlson,235
Genesee,City of Burton Precinct 2,U.S. House,5,DEM,Daniel T. Kildee,258
Genesee,City of Burton Precinct 2,U.S. House,5,REP,Earl Lackie,14
Genesee,City of Burton Precinct 2,U.S. House,5,REP,Tim Kelly,99
Genesee,City of Burton Precinct 2,U.S. Senate,,DEM,Gary Peters,251
Genesee,City of Burton Precinct 2,U.S. Senate,,REP,John James,119
Genesee,City of Burton Precinct 3,Animal Control Shelter Millage Renewal Proposal,,,No,179
Genesee,City of Burton Precinct 3,Animal Control Shelter Millage Renewal Proposal,,,Yes,464
Genesee,City of Burton Precinct 3,Ballots Cast,,,,711
Genesee,City of Burton Precinct 3,Circuit Court Judge,7,,Chris Christenson,244
Genesee,City of Burton Precinct 3,Circuit Court Judge,7,,Herman Marable Jr.,112
Genesee,City of Burton Precinct 3,Circuit Court Judge,7,,Stephanie Witucki,134
Genesee,City of Burton Precinct 3,Clerk and Register of Deeds,,DEM,John J. Gleason,257
Genesee,City of Burton Precinct 3,Clerk and Register of Deeds,,DEM,Renee' D. Watson,160
Genesee,City of Burton Precinct 3,Clerk and Register of Deeds,,REP,Jesse Couch,184
Genesee,City of Burton Precinct 3,County Commissioner,3,DEM,Ellen Ellenburg,388
Genesee,City of Burton Precinct 3,County Commissioner,3,REP,Gary Goetzinger,181
Genesee,City of Burton Precinct 3,County Treasurer,,DEM,Deborah Cherry,393
Genesee,City of Burton Precinct 3,County Treasurer,,REP,Deborah Hoss,185
Genesee,City of Burton Precinct 3,Drain Commissioner,,DEM,Jeff Wright,310
Genesee,City of Burton Precinct 3,Drain Commissioner,,DEM,Travis R. Wines,107
Genesee,City of Burton Precinct 3,Mass Transportation Authority Millage Replacement Proposal,,,No,261
Genesee,City of Burton Precinct 3,Mass Transportation Authority Millage Replacement Proposal,,,Yes,398
Genesee,City of Burton Precinct 3,Prosecuting Attorney,,DEM,David Leyton,313
Genesee,City of Burton Precinct 3,Prosecuting Attorney,,DEM,Trachelle C. Young,109
Genesee,City of Burton Precinct 3,Registered Voters,,,,2570
Genesee,City of Burton Precinct 3,Sheriff,,DEM,Christopher R. Swanson,300
Genesee,City of Burton Precinct 3,Sheriff,,DEM,Phil Hart,69
Genesee,City of Burton Precinct 3,Sheriff,,DEM,Timothy Johnson,53
Genesee,City of Burton Precinct 3,Sheriff,,REP,Stephen Sanford,177
Genesee,City of Burton Precinct 3,State House,50,DEM,Raymond Freiberger,87
Genesee,City of Burton Precinct 3,State House,50,DEM,Tim Sneller,324
Genesee,City of Burton Precinct 3,State House,50,REP,Christina Fitchett-Hickson,62
Genesee,City of Burton Precinct 3,State House,50,REP,Lynn S. Hukee,49
Genesee,City of Burton Precinct 3,State House,50,REP,Lynne Freiberger,87
Genesee,City of Burton Precinct 3,Surveyor,,DEM,Kim Carlson,376
Genesee,City of Burton Precinct 3,U.S. House,5,DEM,Daniel T. Kildee,414
Genesee,City of Burton Precinct 3,U.S. House,5,REP,Earl Lackie,65
Genesee,City of Burton Precinct 3,U.S. House,5,REP,Tim Kelly,141
Genesee,City of Burton Precinct 3,U.S. Senate,,DEM,Gary Peters,407
Genesee,City of Burton Precinct 3,U.S. Senate,,REP,John James,212
Genesee,City of Burton Precinct 4,Animal Control Shelter Millage Renewal Proposal,,,No,77
Genesee,City of Burton Precinct 4,Animal Control Shelter Millage Renewal Proposal,,,Yes,275
Genesee,City of Burton Precinct 4,Ballots Cast,,,,389
Genesee,City of Burton Precinct 4,Circuit Court Judge,7,,Chris Christenson,115
Genesee,City of Burton Precinct 4,Circuit Court Judge,7,,Herman Marable Jr.,74
Genesee,City of Burton Precinct 4,Circuit Court Judge,7,,Stephanie Witucki,75
Genesee,City of Burton Precinct 4,Clerk and Register of Deeds,,DEM,John J. Gleason,144
Genesee,City of Burton Precinct 4,Clerk and Register of Deeds,,DEM,Renee' D. Watson,96
Genesee,City of Burton Precinct 4,Clerk and Register of Deeds,,REP,Jesse Couch,97
Genesee,City of Burton Precinct 4,County Commissioner,3,DEM,Ellen Ellenburg,233
Genesee,City of Burton Precinct 4,County Commissioner,3,REP,Gary Goetzinger,90
Genesee,City of Burton Precinct 4,County Treasurer,,DEM,Deborah Cherry,234
Genesee,City of Burton Precinct 4,County Treasurer,,REP,Deborah Hoss,92
Genesee,City of Burton Precinct 4,Drain Commissioner,,DEM,Jeff Wright,160
Genesee,City of Burton Precinct 4,Drain Commissioner,,DEM,Travis R. Wines,83
Genesee,City of Burton Precinct 4,Mass Transportation Authority Millage Replacement Proposal,,,No,123
Genesee,City of Burton Precinct 4,Mass Transportation Authority Millage Replacement Proposal,,,Yes,234
Genesee,City of Burton Precinct 4,Prosecuting Attorney,,DEM,David Leyton,181
Genesee,City of Burton Precinct 4,Prosecuting Attorney,,DEM,Trachelle C. Young,62
Genesee,City of Burton Precinct 4,Registered Voters,,,,2503
Genesee,City of Burton Precinct 4,Sheriff,,DEM,Christopher R. Swanson,164
Genesee,City of Burton Precinct 4,Sheriff,,DEM,Phil Hart,38
Genesee,City of Burton Precinct 4,Sheriff,,DEM,Timothy Johnson,41
Genesee,City of Burton Precinct 4,Sheriff,,REP,Stephen Sanford,93
Genesee,City of Burton Precinct 4,State House,50,DEM,Raymond Freiberger,58
Genesee,City of Burton Precinct 4,State House,50,DEM,Tim Sneller,176
Genesee,City of Burton Precinct 4,State House,50,REP,Christina Fitchett-Hickson,50
Genesee,City of Burton Precinct 4,State House,50,REP,Lynn S. Hukee,22
Genesee,City of Burton Precinct 4,State House,50,REP,Lynne Freiberger,33
Genesee,City of Burton Precinct 4,Surveyor,,DEM,Kim Carlson,232
Genesee,City of Burton Precinct 4,U.S. House,5,DEM,Daniel T. Kildee,244
Genesee,City of Burton Precinct 4,U.S. House,5,REP,Earl Lackie,17
Genesee,City of Burton Precinct 4,U.S. House,5,REP,Tim Kelly,87
Genesee,City of Burton Precinct 4,U.S. Senate,,DEM,Gary Peters,239
Genesee,City of Burton Precinct 4,U.S. Senate,,REP,John James,105
Genesee,City of Burton Precinct 5,Animal Control Shelter Millage Renewal Proposal,,,No,110
Genesee,City of Burton Precinct 5,Animal Control Shelter Millage Renewal Proposal,,,Yes,287
Genesee,City of Burton Precinct 5,Ballots Cast,,,,434
Genesee,City of Burton Precinct 5,Circuit Court Judge,7,,Chris Christenson,146
Genesee,City of Burton Precinct 5,Circuit Court Judge,7,,Herman Marable Jr.,64
Genesee,City of Burton Precinct 5,Circuit Court Judge,7,,Stephanie Witucki,98
Genesee,City of Burton Precinct 5,Clerk and Register of Deeds,,DEM,John J. Gleason,171
Genesee,City of Burton Precinct 5,Clerk and Register of Deeds,,DEM,Renee' D. Watson,113
Genesee,City of Burton Precinct 5,Clerk and Register of Deeds,,REP,Jesse Couch,96
Genesee,City of Burton Precinct 5,County Commissioner,3,DEM,Ellen Ellenburg,254
Genesee,City of Burton Precinct 5,County Commissioner,3,REP,Gary Goetzinger,87
Genesee,City of Burton Precinct 5,County Treasurer,,DEM,Deborah Cherry,272
Genesee,City of Burton Precinct 5,County Treasurer,,REP,Deborah Hoss,94
Genesee,City of Burton Precinct 5,Drain Commissioner,,DEM,Jeff Wright,220
Genesee,City of Burton Precinct 5,Drain Commissioner,,DEM,Travis R. Wines,56
Genesee,City of Burton Precinct 5,Mass Transportation Authority Millage Replacement Proposal,,,No,145
Genesee,City of Burton Precinct 5,Mass Transportation Authority Millage Replacement Proposal,,,Yes,260
Genesee,City of Burton Precinct 5,Prosecuting Attorney,,DEM,David Leyton,211
Genesee,City of Burton Precinct 5,Prosecuting Attorney,,DEM,Trachelle C. Young,76
Genesee,City of Burton Precinct 5,Registered Voters,,,,1629
Genesee,City of Burton Precinct 5,Sheriff,,DEM,Christopher R. Swanson,228
Genesee,City of Burton Precinct 5,Sheriff,,DEM,Phil Hart,40
Genesee,City of Burton Precinct 5,Sheriff,,DEM,Timothy Johnson,24
Genesee,City of Burton Precinct 5,Sheriff,,REP,Stephen Sanford,89
Genesee,City of Burton Precinct 5,State House,50,DEM,Raymond Freiberger,76
Genesee,City of Burton Precinct 5,State House,50,DEM,Tim Sneller,197
Genesee,City of Burton Precinct 5,State House,50,REP,Christina Fitchett-Hickson,36
Genesee,City of Burton Precinct 5,State House,50,REP,Lynn S. Hukee,22
Genesee,City of Burton Precinct 5,State House,50,REP,Lynne Freiberger,40
Genesee,City of Burton Precinct 5,Surveyor,,DEM,Kim Carlson,253
Genesee,City of Burton Precinct 5,U.S. House,5,DEM,Daniel T. Kildee,281
Genesee,City of Burton Precinct 5,U.S. House,5,REP,Earl Lackie,31
Genesee,City of Burton Precinct 5,U.S. House,5,REP,Tim Kelly,66
Genesee,City of Burton Precinct 5,U.S. Senate,,DEM,Gary Peters,276
Genesee,City of Burton Precinct 5,U.S. Senate,,REP,John James,102
Genesee,City of Burton Precinct 6,Animal Control Shelter Millage Renewal Proposal,,,No,46
Genesee,City of Burton Precinct 6,Animal Control Shelter Millage Renewal Proposal,,,Yes,189
Genesee,City of Burton Precinct 6,Ballots Cast,,,,260
Genesee,City of Burton Precinct 6,Circuit Court Judge,7,,Chris Christenson,72
Genesee,City of Burton Precinct 6,Circuit Court Judge,7,,Herman Marable Jr.,50
Genesee,City of Burton Precinct 6,Circuit Court Judge,7,,Stephanie Witucki,67
Genesee,City of Burton Precinct 6,Clerk and Register of Deeds,,DEM,John J. Gleason,91
Genesee,City of Burton Precinct 6,Clerk and Register of Deeds,,DEM,Renee' D. Watson,105
Genesee,City of Burton Precinct 6,Clerk and Register of Deeds,,REP,Jesse Couch,42
Genesee,City of Burton Precinct 6,County Commissioner,3,DEM,Ellen Ellenburg,184
Genesee,City of Burton Precinct 6,County Commissioner,3,REP,Gary Goetzinger,39
Genesee,City of Burton Precinct 6,County Treasurer,,DEM,Deborah Cherry,190
Genesee,City of Burton Precinct 6,County Treasurer,,REP,Deborah Hoss,38
Genesee,City of Burton Precinct 6,Drain Commissioner,,DEM,Jeff Wright,117
Genesee,City of Burton Precinct 6,Drain Commissioner,,DEM,Travis R. Wines,70
Genesee,City of Burton Precinct 6,Mass Transportation Authority Millage Replacement Proposal,,,No,64
Genesee,City of Burton Precinct 6,Mass Transportation Authority Millage Replacement Proposal,,,Yes,171
Genesee,City of Burton Precinct 6,Prosecuting Attorney,,DEM,David Leyton,117
Genesee,City of Burton Precinct 6,Prosecuting Attorney,,DEM,Trachelle C. Young,81
Genesee,City of Burton Precinct 6,Registered Voters,,,,1852
Genesee,City of Burton Precinct 6,Sheriff,,DEM,Christopher R. Swanson,127
Genesee,City of Burton Precinct 6,Sheriff,,DEM,Phil Hart,25
Genesee,City of Burton Precinct 6,Sheriff,,DEM,Timothy Johnson,45
Genesee,City of Burton Precinct 6,Sheriff,,REP,Stephen Sanford,38
Genesee,City of Burton Precinct 6,State House,50,DEM,Raymond Freiberger,58
Genesee,City of Burton Precinct 6,State House,50,DEM,Tim Sneller,129
Genesee,City of Burton Precinct 6,State House,50,REP,Christina Fitchett-Hickson,13
Genesee,City of Burton Precinct 6,State House,50,REP,Lynn S. Hukee,12
Genesee,City of Burton Precinct 6,State House,50,REP,Lynne Freiberger,18
Genesee,City of Burton Precinct 6,Surveyor,,DEM,Kim Carlson,187
Genesee,City of Burton Precinct 6,U.S. House,5,DEM,Daniel T. Kildee,192
Genesee,City of Burton Precinct 6,U.S. House,5,REP,Earl Lackie,7
Genesee,City of Burton Precinct 6,U.S. House,5,REP,Tim Kelly,36
Genesee,City of Burton Precinct 6,U.S. Senate,,DEM,Gary Peters,194
Genesee,City of Burton Precinct 6,U.S. Senate,,REP,John James,44
Genesee,City of Burton Precinct 7,Animal Control Shelter Millage Renewal Proposal,,,No,101
Genesee,City of Burton Precinct 7,Animal Control Shelter Millage Renewal Proposal,,,Yes,338
Genesee,City of Burton Precinct 7,Atherton Community School District Building and Site Bond Proposal,,,No,133
Genesee,City of Burton Precinct 7,Atherton Community School District Building and Site Bond Proposal,,,Yes,332
Genesee,City of Burton Precinct 7,Ballots Cast,,,,482
Genesee,City of Burton Precinct 7,Circuit Court Judge,7,,Chris Christenson,111
Genesee,City of Burton Precinct 7,Circuit Court Judge,7,,Herman Marable Jr.,129
Genesee,City of Burton Precinct 7,Circuit Court Judge,7,,Stephanie Witucki,106
Genesee,City of Burton Precinct 7,Clerk and Register of Deeds,,DEM,John J. Gleason,162
Genesee,City of Burton Precinct 7,Clerk and Register of Deeds,,DEM,Renee' D. Watson,167
Genesee,City of Burton Precinct 7,Clerk and Register of Deeds,,REP,Jesse Couch,95
Genesee,City of Burton Precinct 7,County Commissioner,3,DEM,Ellen Ellenburg,309
Genesee,City of Burton Precinct 7,County Commissioner,3,REP,Gary Goetzinger,89
Genesee,City of Burton Precinct 7,County Treasurer,,DEM,Deborah Cherry,316
Genesee,City of Burton Precinct 7,County Treasurer,,REP,Deborah Hoss,90
Genesee,City of Burton Precinct 7,Drain Commissioner,,DEM,Jeff Wright,240
Genesee,City of Burton Precinct 7,Drain Commissioner,,DEM,Travis R. Wines,83
Genesee,City of Burton Precinct 7,Mass Transportation Authority Millage Replacement Proposal,,,No,144
Genesee,City of Burton Precinct 7,Mass Transportation Authority Millage Replacement Proposal,,,Yes,321
Genesee,City of Burton Precinct 7,Prosecuting Attorney,,DEM,David Leyton,208
Genesee,City of Burton Precinct 7,Prosecuting Attorney,,DEM,Trachelle C. Young,130
Genesee,City of Burton Precinct 7,Registered Voters,,,,2131
Genesee,City of Burton Precinct 7,Sheriff,,DEM,Christopher R. Swanson,220
Genesee,City of Burton Precinct 7,Sheriff,,DEM,Phil Hart,38
Genesee,City of Burton Precinct 7,Sheriff,,DEM,Timothy Johnson,82
Genesee,City of Burton Precinct 7,Sheriff,,REP,Stephen Sanford,87
Genesee,City of Burton Precinct 7,State House,50,DEM,Raymond Freiberger,79
Genesee,City of Burton Precinct 7,State House,50,DEM,Tim Sneller,238
Genesee,City of Burton Precinct 7,State House,50,REP,Christina Fitchett-Hickson,42
Genesee,City of Burton Precinct 7,State House,50,REP,Lynn S. Hukee,13
Genesee,City of Burton Precinct 7,State House,50,REP,Lynne Freiberger,36
Genesee,City of Burton Precinct 7,Surveyor,,DEM,Kim Carlson,301
Genesee,City of Burton Precinct 7,U.S. House,5,DEM,Daniel T. Kildee,325
Genesee,City of Burton Precinct 7,U.S. House,5,REP,Earl Lackie,24
Genesee,City of Burton Precinct 7,U.S. House,5,REP,Tim Kelly,74
Genesee,City of Burton Precinct 7,U.S. Senate,,DEM,Gary Peters,328
Genesee,City of Burton Precinct 7,U.S. Senate,,REP,John James,100
Genesee,City of Burton Precinct 8,Animal Control Shelter Millage Renewal Proposal,,,No,219
Genesee,City of Burton Precinct 8,Animal Control Shelter Millage Renewal Proposal,,,Yes,515
Genesee,City of Burton Precinct 8,Ballots Cast,,,,798
Genesee,City of Burton Precinct 8,Circuit Court Judge,7,,Chris Christenson,245
Genesee,City of Burton Precinct 8,Circuit Court Judge,7,,Herman Marable Jr.,107
Genesee,City of Burton Precinct 8,Circuit Court Judge,7,,Stephanie Witucki,275
Genesee,City of Burton Precinct 8,Clerk and Register of Deeds,,DEM,John J. Gleason,255
Genesee,City of Burton Precinct 8,Clerk and Register of Deeds,,DEM,Renee' D. Watson,192
Genesee,City of Burton Precinct 8,Clerk and Register of Deeds,,REP,Jesse Couch,207
Genesee,City of Burton Precinct 8,County Commissioner,3,DEM,Ellen Ellenburg,410
Genesee,City of Burton Precinct 8,County Commissioner,3,REP,Gary Goetzinger,207
Genesee,City of Burton Precinct 8,County Treasurer,,DEM,Deborah Cherry,430
Genesee,City of Burton Precinct 8,County Treasurer,,REP,Deborah Hoss,199
Genesee,City of Burton Precinct 8,Drain Commissioner,,DEM,Jeff Wright,313
Genesee,City of Burton Precinct 8,Drain Commissioner,,DEM,Travis R. Wines,126
Genesee,City of Burton Precinct 8,Mass Transportation Authority Millage Replacement Proposal,,,No,288
Genesee,City of Burton Precinct 8,Mass Transportation Authority Millage Replacement Proposal,,,Yes,441
Genesee,City of Burton Precinct 8,Prosecuting Attorney,,DEM,David Leyton,324
Genesee,City of Burton Precinct 8,Prosecuting Attorney,,DEM,Trachelle C. Young,139
Genesee,City of Burton Precinct 8,Registered Voters,,,,1849
Genesee,City of Burton Precinct 8,Sheriff,,DEM,Christopher R. Swanson,350
Genesee,City of Burton Precinct 8,Sheriff,,DEM,Phil Hart,65
Genesee,City of Burton Precinct 8,Sheriff,,DEM,Timothy Johnson,64
Genesee,City of Burton Precinct 8,Sheriff,,REP,Stephen Sanford,191
Genesee,City of Burton Precinct 8,State House,50,DEM,Raymond Freiberger,59
Genesee,City of Burton Precinct 8,State House,50,DEM,Tim Sneller,379
Genesee,City of Burton Precinct 8,State House,50,REP,Christina Fitchett-Hickson,82
Genesee,City of Burton Precinct 8,State House,50,REP,Lynn S. Hukee,45
Genesee,City of Burton Precinct 8,State House,50,REP,Lynne Freiberger,81
Genesee,City of Burton Precinct 8,Surveyor,,DEM,Kim Carlson,408
Genesee,City of Burton Precinct 8,U.S. House,5,DEM,Daniel T. Kildee,449
Genesee,City of Burton Precinct 8,U.S. House,5,REP,Earl Lackie,33
Genesee,City of Burton Precinct 8,U.S. House,5,REP,Tim Kelly,185
Genesee,City of Burton Precinct 8,U.S. Senate,,DEM,Gary Peters,445
Genesee,City of Burton Precinct 8,U.S. Senate,,REP,John James,236
Genesee,City of Burton Precinct 9,Animal Control Shelter Millage Renewal Proposal,,,No,80
Genesee,City of Burton Precinct 9,Animal Control Shelter Millage Renewal Proposal,,,Yes,203
Genesee,City of Burton Precinct 9,Ballots Cast,,,,310
Genesee,City of Burton Precinct 9,Circuit Court Judge,7,,Chris Christenson,93
Genesee,City of Burton Precinct 9,Circuit Court Judge,7,,Herman Marable Jr.,32
Genesee,City of Burton Precinct 9,Circuit Court Judge,7,,Stephanie Witucki,75
Genesee,City of Burton Precinct 9,Clerk and Register of Deeds,,DEM,John J. Gleason,112
Genesee,City of Burton Precinct 9,Clerk and Register of Deeds,,DEM,Renee' D. Watson,73
Genesee,City of Burton Precinct 9,Clerk and Register of Deeds,,REP,Jesse Couch,86
Genesee,City of Burton Precinct 9,County Commissioner,3,DEM,Ellen Ellenburg,169
Genesee,City of Burton Precinct 9,County Commissioner,3,REP,Gary Goetzinger,82
Genesee,City of Burton Precinct 9,County Treasurer,,DEM,Deborah Cherry,178
Genesee,City of Burton Precinct 9,County Treasurer,,REP,Deborah Hoss,82
Genesee,City of Burton Precinct 9,Drain Commissioner,,DEM,Jeff Wright,135
Genesee,City of Burton Precinct 9,Drain Commissioner,,DEM,Travis R. Wines,45
Genesee,City of Burton Precinct 9,Mass Transportation Authority Millage Replacement Proposal,,,No,116
Genesee,City of Burton Precinct 9,Mass Transportation Authority Millage Replacement Proposal,,,Yes,172
Genesee,City of Burton Precinct 9,Prosecuting Attorney,,DEM,David Leyton,138
Genesee,City of Burton Precinct 9,Prosecuting Attorney,,DEM,Trachelle C. Young,47
Genesee,City of Burton Precinct 9,Registered Voters,,,,961
Genesee,City of Burton Precinct 9,Sheriff,,DEM,Christopher R. Swanson,145
Genesee,City of Burton Precinct 9,Sheriff,,DEM,Phil Hart,25
Genesee,City of Burton Precinct 9,Sheriff,,DEM,Timothy Johnson,19
Genesee,City of Burton Precinct 9,Sheriff,,REP,Stephen Sanford,78
Genesee,City of Burton Precinct 9,State House,50,DEM,Raymond Freiberger,37
Genesee,City of Burton Precinct 9,State House,50,DEM,Tim Sneller,142
Genesee,City of Burton Precinct 9,State House,50,REP,Christina Fitchett-Hickson,37
Genesee,City of Burton Precinct 9,State House,50,REP,Lynn S. Hukee,22
Genesee,City of Burton Precinct 9,State House,50,REP,Lynne Freiberger,29
Genesee,City of Burton Precinct 9,Surveyor,,DEM,Kim Carlson,168
Genesee,City of Burton Precinct 9,U.S. House,5,DEM,Daniel T. Kildee,182
Genesee,City of Burton Precinct 9,U.S. House,5,REP,Earl Lackie,24
Genesee,City of Burton Precinct 9,U.S. House,5,REP,Tim Kelly,66
Genesee,City of Burton Precinct 9,U.S. Senate,,DEM,Gary Peters,181
Genesee,City of Burton Precinct 9,U.S. Senate,,REP,John James,100
Genesee,City of Clio Precinct 1,Animal Control Shelter Millage Renewal Proposal,,,No,98
Genesee,City of Clio Precinct 1,Animal Control Shelter Millage Renewal Proposal,,,Yes,354
Genesee,City of Clio Precinct 1,Ballots Cast,,,,500
Genesee,City of Clio Precinct 1,Circuit Court Judge,7,,Chris Christenson,148
Genesee,City of Clio Precinct 1,Circuit Court Judge,7,,Herman Marable Jr.,65
Genesee,City of Clio Precinct 1,Circuit Court Judge,7,,Stephanie Witucki,127
Genesee,City of Clio Precinct 1,Clerk and Register of Deeds,,DEM,John J. Gleason,164
Genesee,City of Clio Precinct 1,Clerk and Register of Deeds,,DEM,Renee' D. Watson,125
Genesee,City of Clio Precinct 1,Clerk and Register of Deeds,,REP,Jesse Couch,134
Genesee,City of Clio Precinct 1,Clio Area Schools Sinking Fund Millage Renewal Proposal,,,No,155
Genesee,City of Clio Precinct 1,Clio Area Schools Sinking Fund Millage Renewal Proposal,,,Yes,329
Genesee,City of Clio Precinct 1,County Commissioner,7,DEM,Martin L. Cousineau,275
Genesee,City of Clio Precinct 1,County Commissioner,7,REP,Meredith Faye Davis (W),4
Genesee,City of Clio Precinct 1,County Treasurer,,DEM,Deborah Cherry,276
Genesee,City of Clio Precinct 1,County Treasurer,,REP,Deborah Hoss,132
Genesee,City of Clio Precinct 1,Drain Commissioner,,DEM,Jeff Wright,208
Genesee,City of Clio Precinct 1,Drain Commissioner,,DEM,Travis R. Wines,69
Genesee,City of Clio Precinct 1,Mass Transportation Authority Millage Replacement Proposal,,,No,137
Genesee,City of Clio Precinct 1,Mass Transportation Authority Millage Replacement Proposal,,,Yes,339
Genesee,City of Clio Precinct 1,Prosecuting Attorney,,DEM,David Leyton,217
Genesee,City of Clio Precinct 1,Prosecuting Attorney,,DEM,Trachelle C. Young,73
Genesee,City of Clio Precinct 1,Registered Voters,,,,1947
Genesee,City of Clio Precinct 1,Sheriff,,DEM,Christopher R. Swanson,212
Genesee,City of Clio Precinct 1,Sheriff,,DEM,Phil Hart,53
Genesee,City of Clio Precinct 1,Sheriff,,DEM,Timothy Johnson,30
Genesee,City of Clio Precinct 1,Sheriff,,REP,Stephen Sanford,133
Genesee,City of Clio Precinct 1,State House,48,DEM,Andalib Odulate,18
Genesee,City of Clio Precinct 1,State House,48,DEM,Sheryl Y. Kennedy,262
Genesee,City of Clio Precinct 1,State House,48,REP,David W. Martin,91
Genesee,City of Clio Precinct 1,State House,48,REP,Sherri J. Cross,61
Genesee,City of Clio Precinct 1,Surveyor,,DEM,Kim Carlson,259
Genesee,City of Clio Precinct 1,U.S. House,5,DEM,Daniel T. Kildee,287
Genesee,City of Clio Precinct 1,U.S. House,5,REP,Earl Lackie,39
Genesee,City of Clio Precinct 1,U.S. House,5,REP,Tim Kelly,115
Genesee,City of Clio Precinct 1,U.S. Senate,,DEM,Gary Peters,278
Genesee,City of Clio Precinct 1,U.S. Senate,,REP,John James,162
Genesee,City of Davison Precinct 1,Animal Control Shelter Millage Renewal Proposal,,,No,65
Genesee,City of Davison Precinct 1,Animal Control Shelter Millage Renewal Proposal,,,Yes,196
Genesee,City of Davison Precinct 1,Ballots Cast,,,,282
Genesee,City of Davison Precinct 1,Circuit Court Judge,7,,Chris Christenson,78
Genesee,City of Davison Precinct 1,Circuit Court Judge,7,,Herman Marable Jr.,32
Genesee,City of Davison Precinct 1,Circuit Court Judge,7,,Stephanie Witucki,83
Genesee,City of Davison Precinct 1,Clerk and Register of Deeds,,DEM,John J. Gleason,97
Genesee,City of Davison Precinct 1,Clerk and Register of Deeds,,DEM,Renee' D. Watson,66
Genesee,City of Davison Precinct 1,Clerk and Register of Deeds,,REP,Jesse Couch,77
Genesee,City of Davison Precinct 1,County Commissioner,9,DEM,Ann Edwards,67
Genesee,City of Davison Precinct 1,County Commissioner,9,DEM,Gary Peppin,89
Genesee,City of Davison Precinct 1,County Commissioner,9,REP,Matthew Smith,75
Genesee,City of Davison Precinct 1,County Treasurer,,DEM,Deborah Cherry,153
Genesee,City of Davison Precinct 1,County Treasurer,,REP,Deborah Hoss,78
Genesee,City of Davison Precinct 1,Drain Commissioner,,DEM,Jeff Wright,110
Genesee,City of Davison Precinct 1,Drain Commissioner,,DEM,Travis R. Wines,50
Genesee,City of Davison Precinct 1,Mass Transportation Authority Millage Replacement Proposal,,,No,93
Genesee,City of Davison Precinct 1,Mass Transportation Authority Millage Replacement Proposal,,,Yes,172
Genesee,City of Davison Precinct 1,Prosecuting Attorney,,DEM,David Leyton,114
Genesee,City of Davison Precinct 1,Prosecuting Attorney,,DEM,Trachelle C. Young,51
Genesee,City of Davison Precinct 1,Registered Voters,,,,995
Genesee,City of Davison Precinct 1,Sheriff,,DEM,Christopher R. Swanson,131
Genesee,City of Davison Precinct 1,Sheriff,,DEM,Phil Hart,25
Genesee,City of Davison Precinct 1,Sheriff,,DEM,Timothy Johnson,10
Genesee,City of Davison Precinct 1,Sheriff,,REP,Stephen Sanford,76
Genesee,City of Davison Precinct 1,State House,48,DEM,Andalib Odulate,16
Genesee,City of Davison Precinct 1,State House,48,DEM,Sheryl Y. Kennedy,146
Genesee,City of Davison Precinct 1,State House,48,REP,David W. Martin,51
Genesee,City of Davison Precinct 1,State House,48,REP,Sherri J. Cross,35
Genesee,City of Davison Precinct 1,Surveyor,,DEM,Kim Carlson,141
Genesee,City of Davison Precinct 1,U.S. House,5,DEM,Daniel T. Kildee,162
Genesee,City of Davison Precinct 1,U.S. House,5,REP,Earl Lackie,11
Genesee,City of Davison Precinct 1,U.S. House,5,REP,Tim Kelly,74
Genesee,City of Davison Precinct 1,U.S. Senate,,DEM,Gary Peters,160
Genesee,City of Davison Precinct 1,U.S. Senate,,REP,John James,92
Genesee,City of Davison Precinct 2,Animal Control Shelter Millage Renewal Proposal,,,No,71
Genesee,City of Davison Precinct 2,Animal Control Shelter Millage Renewal Proposal,,,Yes,194
Genesee,City of Davison Precinct 2,Ballots Cast,,,,278
Genesee,City of Davison Precinct 2,Circuit Court Judge,7,,Chris Christenson,53
Genesee,City of Davison Precinct 2,Circuit Court Judge,7,,Herman Marable Jr.,31
Genesee,City of Davison Precinct 2,Circuit Court Judge,7,,Stephanie Witucki,103
Genesee,City of Davison Precinct 2,Clerk and Register of Deeds,,DEM,John J. Gleason,94
Genesee,City of Davison Precinct 2,Clerk and Register of Deeds,,DEM,Renee' D. Watson,72
Genesee,City of Davison Precinct 2,Clerk and Register of Deeds,,REP,Jesse Couch,72
Genesee,City of Davison Precinct 2,County Commissioner,9,DEM,Ann Edwards,68
Genesee,City of Davison Precinct 2,County Commissioner,9,DEM,Gary Peppin,98
Genesee,City of Davison Precinct 2,County Commissioner,9,REP,Matthew Smith,75
Genesee,City of Davison Precinct 2,County Treasurer,,DEM,Deborah Cherry,167
Genesee,City of Davison Precinct 2,County Treasurer,,REP,Deborah Hoss,69
Genesee,City of Davison Precinct 2,Drain Commissioner,,DEM,Jeff Wright,134
Genesee,City of Davison Precinct 2,Drain Commissioner,,DEM,Travis R. Wines,32
Genesee,City of Davison Precinct 2,Mass Transportation Authority Millage Replacement Proposal,,,No,89
Genesee,City of Davison Precinct 2,Mass Transportation Authority Millage Replacement Proposal,,,Yes,177
Genesee,City of Davison Precinct 2,Prosecuting Attorney,,DEM,David Leyton,125
Genesee,City of Davison Precinct 2,Prosecuting Attorney,,DEM,Trachelle C. Young,44
Genesee,City of Davison Precinct 2,Registered Voters,,,,1028
Genesee,City of Davison Precinct 2,Sheriff,,DEM,Christopher R. Swanson,126
Genesee,City of Davison Precinct 2,Sheriff,,DEM,Phil Hart,16
Genesee,City of Davison Precinct 2,Sheriff,,DEM,Timothy Johnson,25
Genesee,City of Davison Precinct 2,Sheriff,,REP,Stephen Sanford,69
Genesee,City of Davison Precinct 2,State House,48,DEM,Andalib Odulate,12
Genesee,City of Davison Precinct 2,State House,48,DEM,Sheryl Y. Kennedy,160
Genesee,City of Davison Precinct 2,State House,48,REP,David W. Martin,53
Genesee,City of Davison Precinct 2,State House,48,REP,Sherri J. Cross,33
Genesee,City of Davison Precinct 2,Surveyor,,DEM,Kim Carlson,162
Genesee,City of Davison Precinct 2,U.S. House,5,DEM,Daniel T. Kildee,173
Genesee,City of Davison Precinct 2,U.S. House,5,REP,Earl Lackie,26
Genesee,City of Davison Precinct 2,U.S. House,5,REP,Tim Kelly,50
Genesee,City of Davison Precinct 2,U.S. Senate,,DEM,Gary Peters,172
Genesee,City of Davison Precinct 2,U.S. Senate,,REP,John James,85
Genesee,City of Davison Precinct 3,Animal Control Shelter Millage Renewal Proposal,,,No,96
Genesee,City of Davison Precinct 3,Animal Control Shelter Millage Renewal Proposal,,,Yes,264
Genesee,City of Davison Precinct 3,Ballots Cast,,,,405
Genesee,City of Davison Precinct 3,Circuit Court Judge,7,,Chris Christenson,126
Genesee,City of Davison Precinct 3,Circuit Court Judge,7,,Herman Marable Jr.,33
Genesee,City of Davison Precinct 3,Circuit Court Judge,7,,Stephanie Witucki,115
Genesee,City of Davison Precinct 3,Clerk and Register of Deeds,,DEM,John J. Gleason,147
Genesee,City of Davison Precinct 3,Clerk and Register of Deeds,,DEM,Renee' D. Watson,79
Genesee,City of Davison Precinct 3,Clerk and Register of Deeds,,REP,Jesse Couch,128
Genesee,City of Davison Precinct 3,County Commissioner,9,DEM,Ann Edwards,99
Genesee,City of Davison Precinct 3,County Commissioner,9,DEM,Gary Peppin,117
Genesee,City of Davison Precinct 3,County Commissioner,9,REP,Matthew Smith,115
Genesee,City of Davison Precinct 3,County Treasurer,,DEM,Deborah Cherry,217
Genesee,City of Davison Precinct 3,County Treasurer,,REP,Deborah Hoss,120
Genesee,City of Davison Precinct 3,Drain Commissioner,,DEM,Jeff Wright,174
Genesee,City of Davison Precinct 3,Drain Commissioner,,DEM,Travis R. Wines,47
Genesee,City of Davison Precinct 3,Mass Transportation Authority Millage Replacement Proposal,,,No,115
Genesee,City of Davison Precinct 3,Mass Transportation Authority Millage Replacement Proposal,,,Yes,259
Genesee,City of Davison Precinct 3,Prosecuting Attorney,,DEM,David Leyton,183
Genesee,City of Davison Precinct 3,Prosecuting Attorney,,DEM,Trachelle C. Young,48
Genesee,City of Davison Precinct 3,Registered Voters,,,,1200
Genesee,City of Davison Precinct 3,Sheriff,,DEM,Christopher R. Swanson,185
Genesee,City of Davison Precinct 3,Sheriff,,DEM,Phil Hart,25
Genesee,City of Davison Precinct 3,Sheriff,,DEM,Timothy Johnson,22
Genesee,City of Davison Precinct 3,Sheriff,,REP,Stephen Sanford,120
Genesee,City of Davison Precinct 3,State House,48,DEM,Andalib Odulate,13
Genesee,City of Davison Precinct 3,State House,48,DEM,Sheryl Y. Kennedy,218
Genesee,City of Davison Precinct 3,State House,48,REP,David W. Martin,113
Genesee,City of Davison Precinct 3,State House,48,REP,Sherri J. Cross,29
Genesee,City of Davison Precinct 3,Surveyor,,DEM,Kim Carlson,202
Genesee,City of Davison Precinct 3,U.S. House,5,DEM,Daniel T. Kildee,223
Genesee,City of Davison Precinct 3,U.S. House,5,REP,Earl Lackie,33
Genesee,City of Davison Precinct 3,U.S. House,5,REP,Tim Kelly,108
Genesee,City of Davison Precinct 3,U.S. Senate,,DEM,Gary Peters,218
Genesee,City of Davison Precinct 3,U.S. Senate,,REP,John James,139
Genesee,City of Davison Precinct 4,Animal Control Shelter Millage Renewal Proposal,,,No,79
Genesee,City of Davison Precinct 4,Animal Control Shelter Millage Renewal Proposal,,,Yes,220
Genesee,City of Davison Precinct 4,Ballots Cast,,,,336
Genesee,City of Davison Precinct 4,Circuit Court Judge,7,,Chris Christenson,74
Genesee,City of Davison Precinct 4,Circuit Court Judge,7,,Herman Marable Jr.,30
Genesee,City of Davison Precinct 4,Circuit Court Judge,7,,Stephanie Witucki,103
Genesee,City of Davison Precinct 4,Clerk and Register of Deeds,,DEM,John J. Gleason,114
Genesee,City of Davison Precinct 4,Clerk and Register of Deeds,,DEM,Renee' D. Watson,69
Genesee,City of Davison Precinct 4,Clerk and Register of Deeds,,REP,Jesse Couch,90
Genesee,City of Davison Precinct 4,County Commissioner,9,DEM,Ann Edwards,60
Genesee,City of Davison Precinct 4,County Commissioner,9,DEM,Gary Peppin,134
Genesee,City of Davison Precinct 4,County Commissioner,9,REP,Matthew Smith,84
Genesee,City of Davison Precinct 4,County Treasurer,,DEM,Deborah Cherry,183
Genesee,City of Davison Precinct 4,County Treasurer,,REP,Deborah Hoss,88
Genesee,City of Davison Precinct 4,Drain Commissioner,,DEM,Jeff Wright,145
Genesee,City of Davison Precinct 4,Drain Commissioner,,DEM,Travis R. Wines,41
Genesee,City of Davison Precinct 4,Mass Transportation Authority Millage Replacement Proposal,,,No,108
Genesee,City of Davison Precinct 4,Mass Transportation Authority Millage Replacement Proposal,,,Yes,206
Genesee,City of Davison Precinct 4,Prosecuting Attorney,,DEM,David Leyton,149
Genesee,City of Davison Precinct 4,Prosecuting Attorney,,DEM,Trachelle C. Young,39
Genesee,City of Davison Precinct 4,Registered Voters,,,,990
Genesee,City of Davison Precinct 4,Sheriff,,DEM,Christopher R. Swanson,141
Genesee,City of Davison Precinct 4,Sheriff,,DEM,Phil Hart,40
Genesee,City of Davison Precinct 4,Sheriff,,DEM,Timothy Johnson,17
Genesee,City of Davison Precinct 4,Sheriff,,REP,Stephen Sanford,80
Genesee,City of Davison Precinct 4,State House,48,DEM,Andalib Odulate,19
Genesee,City of Davison Precinct 4,State House,48,DEM,Sheryl Y. Kennedy,171
Genesee,City of Davison Precinct 4,State House,48,REP,David W. Martin,66
Genesee,City of Davison Precinct 4,State House,48,REP,Sherri J. Cross,37
Genesee,City of Davison Precinct 4,Surveyor,,DEM,Kim Carlson,179
Genesee,City of Davison Precinct 4,U.S. House,5,DEM,Daniel T. Kildee,188
Genesee,City of Davison Precinct 4,U.S. House,5,REP,Earl Lackie,21
Genesee,City of Davison Precinct 4,U.S. House,5,REP,Tim Kelly,78
Genesee,City of Davison Precinct 4,U.S. Senate,,DEM,Gary Peters,188
Genesee,City of Davison Precinct 4,U.S. Senate,,REP,John James,105
Genesee,City of Fenton Precinct 1,Animal Control Shelter Millage Renewal Proposal,,,No,130
Genesee,City of Fenton Precinct 1,Animal Control Shelter Millage Renewal Proposal,,,Yes,362
Genesee,City of Fenton Precinct 1,Ballots Cast,,,,537
Genesee,City of Fenton Precinct 1,Circuit Court Judge,7,,Chris Christenson,149
Genesee,City of Fenton Precinct 1,Circuit Court Judge,7,,Herman Marable Jr.,71
Genesee,City of Fenton Precinct 1,Circuit Court Judge,7,,Stephanie Witucki,126
Genesee,City of Fenton Precinct 1,Clerk and Register of Deeds,,DEM,John J. Gleason,114
Genesee,City of Fenton Precinct 1,Clerk and Register of Deeds,,DEM,Renee' D. Watson,155
Genesee,City of Fenton Precinct 1,Clerk and Register of Deeds,,REP,Jesse Couch,159
Genesee,City of Fenton Precinct 1,County Commissioner,6,DEM,Timothy John Draeger (W),9
Genesee,City of Fenton Precinct 1,County Commissioner,6,REP,Shaun Shumaker,164
Genesee,City of Fenton Precinct 1,County Treasurer,,DEM,Deborah Cherry,254
Genesee,City of Fenton Precinct 1,County Treasurer,,REP,Deborah Hoss,159
Genesee,City of Fenton Precinct 1,Drain Commissioner,,DEM,Jeff Wright,189
Genesee,City of Fenton Precinct 1,Drain Commissioner,,DEM,Travis R. Wines,66
Genesee,City of Fenton Precinct 1,Lake Fenton Community Schools Sinking Fund Millage Proposal,,,No,10
Genesee,City of Fenton Precinct 1,Lake Fenton Community Schools Sinking Fund Millage Proposal,,,Yes,16
Genesee,City of Fenton Precinct 1,Mass Transportation Authority Millage Replacement Proposal,,,No,186
Genesee,City of Fenton Precinct 1,Mass Transportation Authority Millage Replacement Proposal,,,Yes,306
Genesee,City of Fenton Precinct 1,Prosecuting Attorney,,DEM,David Leyton,156
Genesee,City of Fenton Precinct 1,Prosecuting Attorney,,DEM,Trachelle C. Young,116
Genesee,City of Fenton Precinct 1,Registered Voters,,,,1890
Genesee,City of Fenton Precinct 1,Sheriff,,DEM,Christopher R. Swanson,221
Genesee,City of Fenton Precinct 1,Sheriff,,DEM,Phil Hart,32
Genesee,City of Fenton Precinct 1,Sheriff,,DEM,Timothy Johnson,31
Genesee,City of Fenton Precinct 1,Sheriff,,REP,Stephen Sanford,153
Genesee,City of Fenton Precinct 1,State House,51,DEM,Brad May,138
Genesee,City of Fenton Precinct 1,State House,51,DEM,Conner Wallace,114
Genesee,City of Fenton Precinct 1,State House,51,REP,Mike Mueller,181
Genesee,City of Fenton Precinct 1,Surveyor,,DEM,Kim Carlson,239
Genesee,City of Fenton Precinct 1,U.S. House,5,DEM,Daniel T. Kildee,278
Genesee,City of Fenton Precinct 1,U.S. House,5,REP,Earl Lackie,48
Genesee,City of Fenton Precinct 1,U.S. House,5,REP,Tim Kelly,132
Genesee,City of Fenton Precinct 1,U.S. Senate,,DEM,Gary Peters,272
Genesee,City of Fenton Precinct 1,U.S. Senate,,REP,John James,193
Genesee,City of Fenton Precinct 2,Animal Control Shelter Millage Renewal Proposal,,,No,133
Genesee,City of Fenton Precinct 2,Animal Control Shelter Millage Renewal Proposal,,,Yes,410
Genesee,City of Fenton Precinct 2,Ballots Cast,,,,596
Genesee,City of Fenton Precinct 2,Circuit Court Judge,7,,Chris Christenson,183
Genesee,City of Fenton Precinct 2,Circuit Court Judge,7,,Herman Marable Jr.,63
Genesee,City of Fenton Precinct 2,Circuit Court Judge,7,,Stephanie Witucki,152
Genesee,City of Fenton Precinct 2,Clerk and Register of Deeds,,DEM,John J. Gleason,134
Genesee,City of Fenton Precinct 2,Clerk and Register of Deeds,,DEM,Renee' D. Watson,145
Genesee,City of Fenton Precinct 2,Clerk and Register of Deeds,,REP,Jesse Couch,183
Genesee,City of Fenton Precinct 2,County Commissioner,6,DEM,Timothy John Draeger (W),11
Genesee,City of Fenton Precinct 2,County Commissioner,6,REP,Shaun Shumaker,187
Genesee,City of Fenton Precinct 2,County Treasurer,,DEM,Deborah Cherry,263
Genesee,City of Fenton Precinct 2,County Treasurer,,REP,Deborah Hoss,183
Genesee,City of Fenton Precinct 2,Drain Commissioner,,DEM,Jeff Wright,158
Genesee,City of Fenton Precinct 2,Drain Commissioner,,DEM,Travis R. Wines,103
Genesee,City of Fenton Precinct 2,Mass Transportation Authority Millage Replacement Proposal,,,No,202
Genesee,City of Fenton Precinct 2,Mass Transportation Authority Millage Replacement Proposal,,,Yes,351
Genesee,City of Fenton Precinct 2,Prosecuting Attorney,,DEM,David Leyton,183
Genesee,City of Fenton Precinct 2,Prosecuting Attorney,,DEM,Trachelle C. Young,97
Genesee,City of Fenton Precinct 2,Registered Voters,,,,1839
Genesee,City of Fenton Precinct 2,Sheriff,,DEM,Christopher R. Swanson,207
Genesee,City of Fenton Precinct 2,Sheriff,,DEM,Phil Hart,54
Genesee,City of Fenton Precinct 2,Sheriff,,DEM,Timothy Johnson,26
Genesee,City of Fenton Precinct 2,Sheriff,,REP,Stephen Sanford,172
Genesee,City of Fenton Precinct 2,State House,51,DEM,Brad May,153
Genesee,City of Fenton Precinct 2,State House,51,DEM,Conner Wallace,97
Genesee,City of Fenton Precinct 2,State House,51,REP,Mike Mueller,219
Genesee,City of Fenton Precinct 2,Surveyor,,DEM,Kim Carlson,252
Genesee,City of Fenton Precinct 2,U.S. House,5,DEM,Daniel T. Kildee,289
Genesee,City of Fenton Precinct 2,U.S. House,5,REP,Earl Lackie,31
Genesee,City of Fenton Precinct 2,U.S. House,5,REP,Tim Kelly,172
Genesee,City of Fenton Precinct 2,U.S. Senate,,DEM,Gary Peters,292
Genesee,City of Fenton Precinct 2,U.S. Senate,,REP,John James,223
Genesee,City of Fenton Precinct 3,Animal Control Shelter Millage Renewal Proposal,,,No,140
Genesee,City of Fenton Precinct 3,Animal Control Shelter Millage Renewal Proposal,,,Yes,321
Genesee,City of Fenton Precinct 3,Ballots Cast,,,,504
Genesee,City of Fenton Precinct 3,Circuit Court Judge,7,,Chris Christenson,176
Genesee,City of Fenton Precinct 3,Circuit Court Judge,7,,Herman Marable Jr.,56
Genesee,City of Fenton Precinct 3,Circuit Court Judge,7,,Stephanie Witucki,105
Genesee,City of Fenton Precinct 3,Clerk and Register of Deeds,,DEM,John J. Gleason,121
Genesee,City of Fenton Precinct 3,Clerk and Register of Deeds,,DEM,Renee' D. Watson,148
Genesee,City of Fenton Precinct 3,Clerk and Register of Deeds,,REP,Jesse Couch,151
Genesee,City of Fenton Precinct 3,County Commissioner,6,DEM,Timothy John Draeger (W),23
Genesee,City of Fenton Precinct 3,County Commissioner,6,REP,Shaun Shumaker,150
Genesee,City of Fenton Precinct 3,County Treasurer,,DEM,Deborah Cherry,262
Genesee,City of Fenton Precinct 3,County Treasurer,,REP,Deborah Hoss,151
Genesee,City of Fenton Precinct 3,Drain Commissioner,,DEM,Jeff Wright,190
Genesee,City of Fenton Precinct 3,Drain Commissioner,,DEM,Travis R. Wines,74
Genesee,City of Fenton Precinct 3,Mass Transportation Authority Millage Replacement Proposal,,,No,168
Genesee,City of Fenton Precinct 3,Mass Transportation Authority Millage Replacement Proposal,,,Yes,292
Genesee,City of Fenton Precinct 3,Prosecuting Attorney,,DEM,David Leyton,201
Genesee,City of Fenton Precinct 3,Prosecuting Attorney,,DEM,Trachelle C. Young,82
Genesee,City of Fenton Precinct 3,Registered Voters,,,,1515
Genesee,City of Fenton Precinct 3,Sheriff,,DEM,Christopher R. Swanson,215
Genesee,City of Fenton Precinct 3,Sheriff,,DEM,Phil Hart,42
Genesee,City of Fenton Precinct 3,Sheriff,,DEM,Timothy Johnson,28
Genesee,City of Fenton Precinct 3,Sheriff,,REP,Stephen Sanford,138
Genesee,City of Fenton Precinct 3,State House,51,DEM,Brad May,147
Genesee,City of Fenton Precinct 3,State House,51,DEM,Conner Wallace,100
Genesee,City of Fenton Precinct 3,State House,51,REP,Mike Mueller,167
Genesee,City of Fenton Precinct 3,Surveyor,,DEM,Kim Carlson,246
Genesee,City of Fenton Precinct 3,U.S. House,5,DEM,Daniel T. Kildee,281
Genesee,City of Fenton Precinct 3,U.S. House,5,REP,Earl Lackie,34
Genesee,City of Fenton Precinct 3,U.S. House,5,REP,Tim Kelly,120
Genesee,City of Fenton Precinct 3,U.S. Senate,,DEM,Gary Peters,280
Genesee,City of Fenton Precinct 3,U.S. Senate,,REP,John James,169
Genesee,City of Fenton Precinct 4,Animal Control Shelter Millage Renewal Proposal,,,No,108
Genesee,City of Fenton Precinct 4,Animal Control Shelter Millage Renewal Proposal,,,Yes,321
Genesee,City of Fenton Precinct 4,Ballots Cast,,,,473
Genesee,City of Fenton Precinct 4,Circuit Court Judge,7,,Chris Christenson,141
Genesee,City of Fenton Precinct 4,Circuit Court Judge,7,,Herman Marable Jr.,48
Genesee,City of Fenton Precinct 4,Circuit Court Judge,7,,Stephanie Witucki,126
Genesee,City of Fenton Precinct 4,Clerk and Register of Deeds,,DEM,John J. Gleason,105
Genesee,City of Fenton Precinct 4,Clerk and Register of Deeds,,DEM,Renee' D. Watson,131
Genesee,City of Fenton Precinct 4,Clerk and Register of Deeds,,REP,Jesse Couch,155
Genesee,City of Fenton Precinct 4,County Commissioner,6,DEM,Timothy John Draeger (W),20
Genesee,City of Fenton Precinct 4,County Commissioner,6,REP,Shaun Shumaker,158
Genesee,City of Fenton Precinct 4,County Treasurer,,DEM,Deborah Cherry,220
Genesee,City of Fenton Precinct 4,County Treasurer,,REP,Deborah Hoss,157
Genesee,City of Fenton Precinct 4,Drain Commissioner,,DEM,Jeff Wright,127
Genesee,City of Fenton Precinct 4,Drain Commissioner,,DEM,Travis R. Wines,86
Genesee,City of Fenton Precinct 4,Mass Transportation Authority Millage Replacement Proposal,,,No,133
Genesee,City of Fenton Precinct 4,Mass Transportation Authority Millage Replacement Proposal,,,Yes,297
Genesee,City of Fenton Precinct 4,Prosecuting Attorney,,DEM,David Leyton,148
Genesee,City of Fenton Precinct 4,Prosecuting Attorney,,DEM,Trachelle C. Young,91
Genesee,City of Fenton Precinct 4,Registered Voters,,,,2272
Genesee,City of Fenton Precinct 4,Sheriff,,DEM,Christopher R. Swanson,179
Genesee,City of Fenton Precinct 4,Sheriff,,DEM,Phil Hart,39
Genesee,City of Fenton Precinct 4,Sheriff,,DEM,Timothy Johnson,24
Genesee,City of Fenton Precinct 4,Sheriff,,REP,Stephen Sanford,151
Genesee,City of Fenton Precinct 4,State House,51,DEM,Brad May,126
Genesee,City of Fenton Precinct 4,State House,51,DEM,Conner Wallace,75
Genesee,City of Fenton Precinct 4,State House,51,REP,Mike Mueller,175
Genesee,City of Fenton Precinct 4,Surveyor,,DEM,Kim Carlson,204
Genesee,City of Fenton Precinct 4,U.S. House,5,DEM,Daniel T. Kildee,233
Genesee,City of Fenton Precinct 4,U.S. House,5,REP,Earl Lackie,44
Genesee,City of Fenton Precinct 4,U.S. House,5,REP,Tim Kelly,116
Genesee,City of Fenton Precinct 4,U.S. Senate,,DEM,Gary Peters,232
Genesee,City of Fenton Precinct 4,U.S. Senate,,REP,John James,175
Genesee,City of Fenton Precinct 5,Animal Control Shelter Millage Renewal Proposal,,,No,120
Genesee,City of Fenton Precinct 5,Animal Control Shelter Millage Renewal Proposal,,,Yes,243
Genesee,City of Fenton Precinct 5,Ballots Cast,,,,410
Genesee,City of Fenton Precinct 5,Circuit Court Judge,7,,Chris Christenson,122
Genesee,City of Fenton Precinct 5,Circuit Court Judge,7,,Herman Marable Jr.,37
Genesee,City of Fenton Precinct 5,Circuit Court Judge,7,,Stephanie Witucki,94
Genesee,City of Fenton Precinct 5,Clerk and Register of Deeds,,DEM,John J. Gleason,83
Genesee,City of Fenton Precinct 5,Clerk and Register of Deeds,,DEM,Renee' D. Watson,117
Genesee,City of Fenton Precinct 5,Clerk and Register of Deeds,,REP,Jesse Couch,136
Genesee,City of Fenton Precinct 5,County Commissioner,6,DEM,Timothy John Draeger (W),3
Genesee,City of Fenton Precinct 5,County Commissioner,6,REP,Shaun Shumaker,140
Genesee,City of Fenton Precinct 5,County Treasurer,,DEM,Deborah Cherry,187
Genesee,City of Fenton Precinct 5,County Treasurer,,REP,Deborah Hoss,137
Genesee,City of Fenton Precinct 5,Drain Commissioner,,DEM,Jeff Wright,134
Genesee,City of Fenton Precinct 5,Drain Commissioner,,DEM,Travis R. Wines,54
Genesee,City of Fenton Precinct 5,Lake Fenton Community Schools Sinking Fund Millage Proposal,,,No,42
Genesee,City of Fenton Precinct 5,Lake Fenton Community Schools Sinking Fund Millage Proposal,,,Yes,44
Genesee,City of Fenton Precinct 5,Mass Transportation Authority Millage Replacement Proposal,,,No,149
Genesee,City of Fenton Precinct 5,Mass Transportation Authority Millage Replacement Proposal,,,Yes,224
Genesee,City of Fenton Precinct 5,Prosecuting Attorney,,DEM,David Leyton,128
Genesee,City of Fenton Precinct 5,Prosecuting Attorney,,DEM,Trachelle C. Young,76
Genesee,City of Fenton Precinct 5,Registered Voters,,,,2005
Genesee,City of Fenton Precinct 5,Sheriff,,DEM,Christopher R. Swanson,163
Genesee,City of Fenton Precinct 5,Sheriff,,DEM,Phil Hart,21
Genesee,City of Fenton Precinct 5,Sheriff,,DEM,Timothy Johnson,23
Genesee,City of Fenton Precinct 5,Sheriff,,REP,Stephen Sanford,134
Genesee,City of Fenton Precinct 5,State House,51,DEM,Brad May,98
Genesee,City of Fenton Precinct 5,State House,51,DEM,Conner Wallace,84
Genesee,City of Fenton Precinct 5,State House,51,REP,Mike Mueller,148
Genesee,City of Fenton Precinct 5,Surveyor,,DEM,Kim Carlson,178
Genesee,City of Fenton Precinct 5,U.S. House,5,DEM,Daniel T. Kildee,210
Genesee,City of Fenton Precinct 5,U.S. House,5,REP,Earl Lackie,35
Genesee,City of Fenton Precinct 5,U.S. House,5,REP,Tim Kelly,103
Genesee,City of Fenton Precinct 5,U.S. Senate,,DEM,Gary Peters,206
Genesee,City of Fenton Precinct 5,U.S. Senate,,REP,John James,154
Genesee,City of Flint Precinct 1,Animal Control Shelter Millage Renewal Proposal,,,No,118
Genesee,City of Flint Precinct 1,Animal Control Shelter Millage Renewal Proposal,,,Yes,273
Genesee,City of Flint Precinct 1,Ballots Cast,,,,434
Genesee,City of Flint Precinct 1,Circuit Court Judge,7,,Chris Christenson,57
Genesee,City of Flint Precinct 1,Circuit Court Judge,7,,Herman Marable Jr.,277
Genesee,City of Flint Precinct 1,Circuit Court Judge,7,,Stephanie Witucki,21
Genesee,City of Flint Precinct 1,Clerk and Register of Deeds,,DEM,John J. Gleason,217
Genesee,City of Flint Precinct 1,Clerk and Register of Deeds,,DEM,Renee' D. Watson,187
Genesee,City of Flint Precinct 1,Clerk and Register of Deeds,,REP,Jesse Couch,1
Genesee,City of Flint Precinct 1,County Commissioner,1,DEM,Bryant Nolden,390
Genesee,City of Flint Precinct 1,County Treasurer,,DEM,Deborah Cherry,389
Genesee,City of Flint Precinct 1,County Treasurer,,REP,Deborah Hoss,1
Genesee,City of Flint Precinct 1,District Court Judge,67-5,,Glenn Cotton,41
Genesee,City of Flint Precinct 1,District Court Judge,67-5,,Heather Burnash,23
Genesee,City of Flint Precinct 1,District Court Judge,67-5,,Tabitha M. Marsh,194
Genesee,City of Flint Precinct 1,District Court Judge,67-5,,Torchio W. Feaster,95
Genesee,City of Flint Precinct 1,Drain Commissioner,,DEM,Jeff Wright,247
Genesee,City of Flint Precinct 1,Drain Commissioner,,DEM,Travis R. Wines,142
Genesee,City of Flint Precinct 1,Mass Transportation Authority Millage Replacement Proposal,,,No,71
Genesee,City of Flint Precinct 1,Mass Transportation Authority Millage Replacement Proposal,,,Yes,305
Genesee,City of Flint Precinct 1,Prosecuting Attorney,,DEM,David Leyton,198
Genesee,City of Flint Precinct 1,Prosecuting Attorney,,DEM,Trachelle C. Young,207
Genesee,City of Flint Precinct 1,Registered Voters,,,,1771
Genesee,City of Flint Precinct 1,Sheriff,,DEM,Christopher R. Swanson,119
Genesee,City of Flint Precinct 1,Sheriff,,DEM,Phil Hart,42
Genesee,City of Flint Precinct 1,Sheriff,,DEM,Timothy Johnson,243
Genesee,City of Flint Precinct 1,Sheriff,,REP,Stephen Sanford,1
Genesee,City of Flint Precinct 1,State House,34,DEM,Arthur Woodson,50
Genesee,City of Flint Precinct 1,State House,34,DEM,Claudia Perkins-Milton,57
Genesee,City of Flint Precinct 1,State House,34,DEM,Cynthia R. Neeley,273
Genesee,City of Flint Precinct 1,State House,34,DEM,DelTonya Burns,24
Genesee,City of Flint Precinct 1,State House,34,DEM,Diana A. Phillips,6
Genesee,City of Flint Precinct 1,State House,34,REP,James Miraglia,1
Genesee,City of Flint Precinct 1,Surveyor,,DEM,Kim Carlson,365
Genesee,City of Flint Precinct 1,U.S. House,5,DEM,Daniel T. Kildee,398
Genesee,City of Flint Precinct 1,U.S. House,5,REP,Earl Lackie,0
Genesee,City of Flint Precinct 1,U.S. House,5,REP,Tim Kelly,1
Genesee,City of Flint Precinct 1,U.S. Senate,,DEM,Gary Peters,392
Genesee,City of Flint Precinct 1,U.S. Senate,,REP,John James,2
Genesee,City of Flint Precinct 10,Animal Control Shelter Millage Renewal Proposal,,,No,69
Genesee,City of Flint Precinct 10,Animal Control Shelter Millage Renewal Proposal,,,Yes,133
Genesee,City of Flint Precinct 10,Ballots Cast,,,,223
Genesee,City of Flint Precinct 10,Circuit Court Judge,7,,Chris Christenson,26
Genesee,City of Flint Precinct 10,Circuit Court Judge,7,,Herman Marable Jr.,144
Genesee,City of Flint Precinct 10,Circuit Court Judge,7,,Stephanie Witucki,15
Genesee,City of Flint Precinct 10,Clerk and Register of Deeds,,DEM,John J. Gleason,93
Genesee,City of Flint Precinct 10,Clerk and Register of Deeds,,DEM,Renee' D. Watson,111
Genesee,City of Flint Precinct 10,Clerk and Register of Deeds,,REP,Jesse Couch,1
Genesee,City of Flint Precinct 10,County Commissioner,1,DEM,Bryant Nolden,196
Genesee,City of Flint Precinct 10,County Treasurer,,DEM,Deborah Cherry,194
Genesee,City of Flint Precinct 10,County Treasurer,,REP,Deborah Hoss,1
Genesee,City of Flint Precinct 10,District Court Judge,67-5,,Glenn Cotton,15
Genesee,City of Flint Precinct 10,District Court Judge,67-5,,Heather Burnash,6
Genesee,City of Flint Precinct 10,District Court Judge,67-5,,Tabitha M. Marsh,107
Genesee,City of Flint Precinct 10,District Court Judge,67-5,,Torchio W. Feaster,57
Genesee,City of Flint Precinct 10,Drain Commissioner,,DEM,Jeff Wright,127
Genesee,City of Flint Precinct 10,Drain Commissioner,,DEM,Travis R. Wines,71
Genesee,City of Flint Precinct 10,Mass Transportation Authority Millage Replacement Proposal,,,No,39
Genesee,City of Flint Precinct 10,Mass Transportation Authority Millage Replacement Proposal,,,Yes,167
Genesee,City of Flint Precinct 10,Prosecuting Attorney,,DEM,David Leyton,103
Genesee,City of Flint Precinct 10,Prosecuting Attorney,,DEM,Trachelle C. Young,102
Genesee,City of Flint Precinct 10,Registered Voters,,,,1338
Genesee,City of Flint Precinct 10,Sheriff,,DEM,Christopher R. Swanson,77
Genesee,City of Flint Precinct 10,Sheriff,,DEM,Phil Hart,29
Genesee,City of Flint Precinct 10,Sheriff,,DEM,Timothy Johnson,95
Genesee,City of Flint Precinct 10,Sheriff,,REP,Stephen Sanford,1
Genesee,City of Flint Precinct 10,State House,34,DEM,Arthur Woodson,26
Genesee,City of Flint Precinct 10,State House,34,DEM,Claudia Perkins-Milton,15
Genesee,City of Flint Precinct 10,State House,34,DEM,Cynthia R. Neeley,143
Genesee,City of Flint Precinct 10,State House,34,DEM,DelTonya Burns,11
Genesee,City of Flint Precinct 10,State House,34,DEM,Diana A. Phillips,9
Genesee,City of Flint Precinct 10,State House,34,REP,James Miraglia,1
Genesee,City of Flint Precinct 10,Surveyor,,DEM,Kim Carlson,184
Genesee,City of Flint Precinct 10,U.S. House,5,DEM,Daniel T. Kildee,201
Genesee,City of Flint Precinct 10,U.S. House,5,REP,Earl Lackie,0
Genesee,City of Flint Precinct 10,U.S. House,5,REP,Tim Kelly,1
Genesee,City of Flint Precinct 10,U.S. Senate,,DEM,Gary Peters,204
Genesee,City of Flint Precinct 10,U.S. Senate,,REP,John James,1
Genesee,City of Flint Precinct 11,Animal Control Shelter Millage Renewal Proposal,,,No,81
Genesee,City of Flint Precinct 11,Animal Control Shelter Millage Renewal Proposal,,,Yes,169
Genesee,City of Flint Precinct 11,Ballots Cast,,,,273
Genesee,City of Flint Precinct 11,Circuit Court Judge,7,,Chris Christenson,28
Genesee,City of Flint Precinct 11,Circuit Court Judge,7,,Herman Marable Jr.,160
Genesee,City of Flint Precinct 11,Circuit Court Judge,7,,Stephanie Witucki,21
Genesee,City of Flint Precinct 11,Clerk and Register of Deeds,,DEM,John J. Gleason,128
Genesee,City of Flint Precinct 11,Clerk and Register of Deeds,,DEM,Renee' D. Watson,117
Genesee,City of Flint Precinct 11,Clerk and Register of Deeds,,REP,Jesse Couch,7
Genesee,City of Flint Precinct 11,County Commissioner,2,DEM,Charles H. Winfrey,96
Genesee,City of Flint Precinct 11,County Commissioner,2,DEM,Corey Lockett,24
Genesee,City of Flint Precinct 11,County Commissioner,2,DEM,Michael C. F. Clack,126
Genesee,City of Flint Precinct 11,County Treasurer,,DEM,Deborah Cherry,239
Genesee,City of Flint Precinct 11,County Treasurer,,REP,Deborah Hoss,7
Genesee,City of Flint Precinct 11,District Court Judge,67-5,,Glenn Cotton,22
Genesee,City of Flint Precinct 11,District Court Judge,67-5,,Heather Burnash,13
Genesee,City of Flint Precinct 11,District Court Judge,67-5,,Tabitha M. Marsh,112
Genesee,City of Flint Precinct 11,District Court Judge,67-5,,Torchio W. Feaster,62
Genesee,City of Flint Precinct 11,Drain Commissioner,,DEM,Jeff Wright,159
Genesee,City of Flint Precinct 11,Drain Commissioner,,DEM,Travis R. Wines,82
Genesee,City of Flint Precinct 11,Mass Transportation Authority Millage Replacement Proposal,,,No,59
Genesee,City of Flint Precinct 11,Mass Transportation Authority Millage Replacement Proposal,,,Yes,184
Genesee,City of Flint Precinct 11,Prosecuting Attorney,,DEM,David Leyton,108
Genesee,City of Flint Precinct 11,Prosecuting Attorney,,DEM,Trachelle C. Young,143
Genesee,City of Flint Precinct 11,Registered Voters,,,,1259
Genesee,City of Flint Precinct 11,Sheriff,,DEM,Christopher R. Swanson,107
Genesee,City of Flint Precinct 11,Sheriff,,DEM,Phil Hart,22
Genesee,City of Flint Precinct 11,Sheriff,,DEM,Timothy Johnson,118
Genesee,City of Flint Precinct 11,Sheriff,,REP,Stephen Sanford,8
Genesee,City of Flint Precinct 11,State House,34,DEM,Arthur Woodson,46
Genesee,City of Flint Precinct 11,State House,34,DEM,Claudia Perkins-Milton,36
Genesee,City of Flint Precinct 11,State House,34,DEM,Cynthia R. Neeley,158
Genesee,City of Flint Precinct 11,State House,34,DEM,DelTonya Burns,9
Genesee,City of Flint Precinct 11,State House,34,DEM,Diana A. Phillips,3
Genesee,City of Flint Precinct 11,State House,34,REP,James Miraglia,8
Genesee,City of Flint Precinct 11,Surveyor,,DEM,Kim Carlson,222
Genesee,City of Flint Precinct 11,U.S. House,5,DEM,Daniel T. Kildee,250
Genesee,City of Flint Precinct 11,U.S. House,5,REP,Earl Lackie,2
Genesee,City of Flint Precinct 11,U.S. House,5,REP,Tim Kelly,6
Genesee,City of Flint Precinct 11,U.S. Senate,,DEM,Gary Peters,241
Genesee,City of Flint Precinct 11,U.S. Senate,,REP,John James,8
Genesee,City of Flint Precinct 12,Animal Control Shelter Millage Renewal Proposal,,,No,73
Genesee,City of Flint Precinct 12,Animal Control Shelter Millage Renewal Proposal,,,Yes,164
Genesee,City of Flint Precinct 12,Ballots Cast,,,,265
Genesee,City of Flint Precinct 12,Circuit Court Judge,7,,Chris Christenson,32
Genesee,City of Flint Precinct 12,Circuit Court Judge,7,,Herman Marable Jr.,166
Genesee,City of Flint Precinct 12,Circuit Court Judge,7,,Stephanie Witucki,18
Genesee,City of Flint Precinct 12,Clerk and Register of Deeds,,DEM,John J. Gleason,119
Genesee,City of Flint Precinct 12,Clerk and Register of Deeds,,DEM,Renee' D. Watson,126
Genesee,City of Flint Precinct 12,Clerk and Register of Deeds,,REP,Jesse Couch,1
Genesee,City of Flint Precinct 12,County Commissioner,2,DEM,Charles H. Winfrey,93
Genesee,City of Flint Precinct 12,County Commissioner,2,DEM,Corey Lockett,19
Genesee,City of Flint Precinct 12,County Commissioner,2,DEM,Michael C. F. Clack,124
Genesee,City of Flint Precinct 12,County Treasurer,,DEM,Deborah Cherry,235
Genesee,City of Flint Precinct 12,County Treasurer,,REP,Deborah Hoss,0
Genesee,City of Flint Precinct 12,District Court Judge,67-5,,Glenn Cotton,29
Genesee,City of Flint Precinct 12,District Court Judge,67-5,,Heather Burnash,13
Genesee,City of Flint Precinct 12,District Court Judge,67-5,,Tabitha M. Marsh,130
Genesee,City of Flint Precinct 12,District Court Judge,67-5,,Torchio W. Feaster,42
Genesee,City of Flint Precinct 12,Drain Commissioner,,DEM,Jeff Wright,169
Genesee,City of Flint Precinct 12,Drain Commissioner,,DEM,Travis R. Wines,66
Genesee,City of Flint Precinct 12,Mass Transportation Authority Millage Replacement Proposal,,,No,44
Genesee,City of Flint Precinct 12,Mass Transportation Authority Millage Replacement Proposal,,,Yes,193
Genesee,City of Flint Precinct 12,Prosecuting Attorney,,DEM,David Leyton,102
Genesee,City of Flint Precinct 12,Prosecuting Attorney,,DEM,Trachelle C. Young,149
Genesee,City of Flint Precinct 12,Registered Voters,,,,1026
Genesee,City of Flint Precinct 12,Sheriff,,DEM,Christopher R. Swanson,101
Genesee,City of Flint Precinct 12,Sheriff,,DEM,Phil Hart,20
Genesee,City of Flint Precinct 12,Sheriff,,DEM,Timothy Johnson,124
Genesee,City of Flint Precinct 12,Sheriff,,REP,Stephen Sanford,0
Genesee,City of Flint Precinct 12,State House,34,DEM,Arthur Woodson,34
Genesee,City of Flint Precinct 12,State House,34,DEM,Claudia Perkins-Milton,35
Genesee,City of Flint Precinct 12,State House,34,DEM,Cynthia R. Neeley,163
Genesee,City of Flint Precinct 12,State House,34,DEM,DelTonya Burns,12
Genesee,City of Flint Precinct 12,State House,34,DEM,Diana A. Phillips,5
Genesee,City of Flint Precinct 12,State House,34,REP,James Miraglia,0
Genesee,City of Flint Precinct 12,Surveyor,,DEM,Kim Carlson,210
Genesee,City of Flint Precinct 12,U.S. House,5,DEM,Daniel T. Kildee,242
Genesee,City of Flint Precinct 12,U.S. House,5,REP,Earl Lackie,0
Genesee,City of Flint Precinct 12,U.S. House,5,REP,Tim Kelly,0
Genesee,City of Flint Precinct 12,U.S. Senate,,DEM,Gary Peters,242
Genesee,City of Flint Precinct 12,U.S. Senate,,REP,John James,1
Genesee,City of Flint Precinct 13,Animal Control Shelter Millage Renewal Proposal,,,No,3
Genesee,City of Flint Precinct 13,Animal Control Shelter Millage Renewal Proposal,,,Yes,12
Genesee,City of Flint Precinct 13,Ballots Cast,,,,18
Genesee,City of Flint Precinct 13,Circuit Court Judge,7,,Chris Christenson,0
Genesee,City of Flint Precinct 13,Circuit Court Judge,7,,Herman Marable Jr.,11
Genesee,City of Flint Precinct 13,Circuit Court Judge,7,,Stephanie Witucki,2
Genesee,City of Flint Precinct 13,Clerk and Register of Deeds,,DEM,John J. Gleason,7
Genesee,City of Flint Precinct 13,Clerk and Register of Deeds,,DEM,Renee' D. Watson,8
Genesee,City of Flint Precinct 13,Clerk and Register of Deeds,,REP,Jesse Couch,0
Genesee,City of Flint Precinct 13,County Commissioner,2,DEM,Charles H. Winfrey,9
Genesee,City of Flint Precinct 13,County Commissioner,2,DEM,Corey Lockett,0
Genesee,City of Flint Precinct 13,County Commissioner,2,DEM,Michael C. F. Clack,6
Genesee,City of Flint Precinct 13,County Treasurer,,DEM,Deborah Cherry,14
Genesee,City of Flint Precinct 13,County Treasurer,,REP,Deborah Hoss,0
Genesee,City of Flint Precinct 13,District Court Judge,67-5,,Glenn Cotton,0
Genesee,City of Flint Precinct 13,District Court Judge,67-5,,Heather Burnash,0
Genesee,City of Flint Precinct 13,District Court Judge,67-5,,Tabitha M. Marsh,13
Genesee,City of Flint Precinct 13,District Court Judge,67-5,,Torchio W. Feaster,0
Genesee,City of Flint Precinct 13,Drain Commissioner,,DEM,Jeff Wright,7
Genesee,City of Flint Precinct 13,Drain Commissioner,,DEM,Travis R. Wines,6
Genesee,City of Flint Precinct 13,Mass Transportation Authority Millage Replacement Proposal,,,No,2
Genesee,City of Flint Precinct 13,Mass Transportation Authority Millage Replacement Proposal,,,Yes,13
Genesee,City of Flint Precinct 13,Prosecuting Attorney,,DEM,David Leyton,5
Genesee,City of Flint Precinct 13,Prosecuting Attorney,,DEM,Trachelle C. Young,10
Genesee,City of Flint Precinct 13,Registered Voters,,,,126
Genesee,City of Flint Precinct 13,Sheriff,,DEM,Christopher R. Swanson,10
Genesee,City of Flint Precinct 13,Sheriff,,DEM,Phil Hart,0
Genesee,City of Flint Precinct 13,Sheriff,,DEM,Timothy Johnson,5
Genesee,City of Flint Precinct 13,Sheriff,,REP,Stephen Sanford,0
Genesee,City of Flint Precinct 13,State House,34,DEM,Arthur Woodson,1
Genesee,City of Flint Precinct 13,State House,34,DEM,Claudia Perkins-Milton,6
Genesee,City of Flint Precinct 13,State House,34,DEM,Cynthia R. Neeley,7
Genesee,City of Flint Precinct 13,State House,34,DEM,DelTonya Burns,0
Genesee,City of Flint Precinct 13,State House,34,DEM,Diana A. Phillips,1
Genesee,City of Flint Precinct 13,State House,34,REP,James Miraglia,0
Genesee,City of Flint Precinct 13,Surveyor,,DEM,Kim Carlson,14
Genesee,City of Flint Precinct 13,U.S. House,5,DEM,Daniel T. Kildee,14
Genesee,City of Flint Precinct 13,U.S. House,5,REP,Earl Lackie,0
Genesee,City of Flint Precinct 13,U.S. House,5,REP,Tim Kelly,0
Genesee,City of Flint Precinct 13,U.S. Senate,,DEM,Gary Peters,15
Genesee,City of Flint Precinct 13,U.S. Senate,,REP,John James,0
Genesee,City of Flint Precinct 14,Animal Control Shelter Millage Renewal Proposal,,,No,72
Genesee,City of Flint Precinct 14,Animal Control Shelter Millage Renewal Proposal,,,Yes,185
Genesee,City of Flint Precinct 14,Ballots Cast,,,,278
Genesee,City of Flint Precinct 14,Circuit Court Judge,7,,Chris Christenson,8
Genesee,City of Flint Precinct 14,Circuit Court Judge,7,,Herman Marable Jr.,211
Genesee,City of Flint Precinct 14,Circuit Court Judge,7,,Stephanie Witucki,17
Genesee,City of Flint Precinct 14,Clerk and Register of Deeds,,DEM,John J. Gleason,116
Genesee,City of Flint Precinct 14,Clerk and Register of Deeds,,DEM,Renee' D. Watson,136
Genesee,City of Flint Precinct 14,Clerk and Register of Deeds,,REP,Jesse Couch,1
Genesee,City of Flint Precinct 14,County Commissioner,2,DEM,Charles H. Winfrey,114
Genesee,City of Flint Precinct 14,County Commissioner,2,DEM,Corey Lockett,19
Genesee,City of Flint Precinct 14,County Commissioner,2,DEM,Michael C. F. Clack,119
Genesee,City of Flint Precinct 14,County Treasurer,,DEM,Deborah Cherry,242
Genesee,City of Flint Precinct 14,County Treasurer,,REP,Deborah Hoss,1
Genesee,City of Flint Precinct 14,District Court Judge,67-5,,Glenn Cotton,27
Genesee,City of Flint Precinct 14,District Court Judge,67-5,,Heather Burnash,24
Genesee,City of Flint Precinct 14,District Court Judge,67-5,,Tabitha M. Marsh,127
Genesee,City of Flint Precinct 14,District Court Judge,67-5,,Torchio W. Feaster,59
Genesee,City of Flint Precinct 14,Drain Commissioner,,DEM,Jeff Wright,168
Genesee,City of Flint Precinct 14,Drain Commissioner,,DEM,Travis R. Wines,68
Genesee,City of Flint Precinct 14,Mass Transportation Authority Millage Replacement Proposal,,,No,50
Genesee,City of Flint Precinct 14,Mass Transportation Authority Millage Replacement Proposal,,,Yes,197
Genesee,City of Flint Precinct 14,Prosecuting Attorney,,DEM,David Leyton,121
Genesee,City of Flint Precinct 14,Prosecuting Attorney,,DEM,Trachelle C. Young,131
Genesee,City of Flint Precinct 14,Registered Voters,,,,1412
Genesee,City of Flint Precinct 14,Sheriff,,DEM,Christopher R. Swanson,115
Genesee,City of Flint Precinct 14,Sheriff,,DEM,Phil Hart,14
Genesee,City of Flint Precinct 14,Sheriff,,DEM,Timothy Johnson,125
Genesee,City of Flint Precinct 14,Sheriff,,REP,Stephen Sanford,1
Genesee,City of Flint Precinct 14,State House,34,DEM,Arthur Woodson,31
Genesee,City of Flint Precinct 14,State House,34,DEM,Claudia Perkins-Milton,34
Genesee,City of Flint Precinct 14,State House,34,DEM,Cynthia R. Neeley,178
Genesee,City of Flint Precinct 14,State House,34,DEM,DelTonya Burns,11
Genesee,City of Flint Precinct 14,State House,34,DEM,Diana A. Phillips,5
Genesee,City of Flint Precinct 14,State House,34,REP,James Miraglia,1
Genesee,City of Flint Precinct 14,Surveyor,,DEM,Kim Carlson,231
Genesee,City of Flint Precinct 14,U.S. House,5,DEM,Daniel T. Kildee,249
Genesee,City of Flint Precinct 14,U.S. House,5,REP,Earl Lackie,1
Genesee,City of Flint Precinct 14,U.S. House,5,REP,Tim Kelly,0
Genesee,City of Flint Precinct 14,U.S. Senate,,DEM,Gary Peters,244
Genesee,City of Flint Precinct 14,U.S. Senate,,REP,John James,1
Genesee,City of Flint Precinct 15,Animal Control Shelter Millage Renewal Proposal,,,No,32
Genesee,City of Flint Precinct 15,Animal Control Shelter Millage Renewal Proposal,,,Yes,64
Genesee,City of Flint Precinct 15,Ballots Cast,,,,111
Genesee,City of Flint Precinct 15,Circuit Court Judge,7,,Chris Christenson,10
Genesee,City of Flint Precinct 15,Circuit Court Judge,7,,Herman Marable Jr.,62
Genesee,City of Flint Precinct 15,Circuit Court Judge,7,,Stephanie Witucki,11
Genesee,City of Flint Precinct 15,Clerk and Register of Deeds,,DEM,John J. Gleason,59
Genesee,City of Flint Precinct 15,Clerk and Register of Deeds,,DEM,Renee' D. Watson,46
Genesee,City of Flint Precinct 15,Clerk and Register of Deeds,,REP,Jesse Couch,0
Genesee,City of Flint Precinct 15,County Commissioner,2,DEM,Charles H. Winfrey,49
Genesee,City of Flint Precinct 15,County Commissioner,2,DEM,Corey Lockett,12
Genesee,City of Flint Precinct 15,County Commissioner,2,DEM,Michael C. F. Clack,42
Genesee,City of Flint Precinct 15,County Treasurer,,DEM,Deborah Cherry,101
Genesee,City of Flint Precinct 15,County Treasurer,,REP,Deborah Hoss,0
Genesee,City of Flint Precinct 15,District Court Judge,67-5,,Glenn Cotton,5
Genesee,City of Flint Precinct 15,District Court Judge,67-5,,Heather Burnash,5
Genesee,City of Flint Precinct 15,District Court Judge,67-5,,Tabitha M. Marsh,57
Genesee,City of Flint Precinct 15,District Court Judge,67-5,,Torchio W. Feaster,16
Genesee,City of Flint Precinct 15,Drain Commissioner,,DEM,Jeff Wright,68
Genesee,City of Flint Precinct 15,Drain Commissioner,,DEM,Travis R. Wines,35
Genesee,City of Flint Precinct 15,Mass Transportation Authority Millage Replacement Proposal,,,No,16
Genesee,City of Flint Precinct 15,Mass Transportation Authority Millage Replacement Proposal,,,Yes,77
Genesee,City of Flint Precinct 15,Prosecuting Attorney,,DEM,David Leyton,50
Genesee,City of Flint Precinct 15,Prosecuting Attorney,,DEM,Trachelle C. Young,58
Genesee,City of Flint Precinct 15,Registered Voters,,,,686
Genesee,City of Flint Precinct 15,Sheriff,,DEM,Christopher R. Swanson,48
Genesee,City of Flint Precinct 15,Sheriff,,DEM,Phil Hart,9
Genesee,City of Flint Precinct 15,Sheriff,,DEM,Timothy Johnson,46
Genesee,City of Flint Precinct 15,Sheriff,,REP,Stephen Sanford,0
Genesee,City of Flint Precinct 15,State House,34,DEM,Arthur Woodson,23
Genesee,City of Flint Precinct 15,State House,34,DEM,Claudia Perkins-Milton,6
Genesee,City of Flint Precinct 15,State House,34,DEM,Cynthia R. Neeley,74
Genesee,City of Flint Precinct 15,State House,34,DEM,DelTonya Burns,4
Genesee,City of Flint Precinct 15,State House,34,DEM,Diana A. Phillips,0
Genesee,City of Flint Precinct 15,State House,34,REP,James Miraglia,0
Genesee,City of Flint Precinct 15,Surveyor,,DEM,Kim Carlson,96
Genesee,City of Flint Precinct 15,U.S. House,5,DEM,Daniel T. Kildee,103
Genesee,City of Flint Precinct 15,U.S. House,5,REP,Earl Lackie,0
Genesee,City of Flint Precinct 15,U.S. House,5,REP,Tim Kelly,0
Genesee,City of Flint Precinct 15,U.S. Senate,,DEM,Gary Peters,107
Genesee,City of Flint Precinct 15,U.S. Senate,,REP,John James,0
Genesee,City of Flint Precinct 16,Animal Control Shelter Millage Renewal Proposal,,,No,81
Genesee,City of Flint Precinct 16,Animal Control Shelter Millage Renewal Proposal,,,Yes,196
Genesee,City of Flint Precinct 16,Ballots Cast,,,,310
Genesee,City of Flint Precinct 16,Circuit Court Judge,7,,Chris Christenson,32
Genesee,City of Flint Precinct 16,Circuit Court Judge,7,,Herman Marable Jr.,191
Genesee,City of Flint Precinct 16,Circuit Court Judge,7,,Stephanie Witucki,26
Genesee,City of Flint Precinct 16,Clerk and Register of Deeds,,DEM,John J. Gleason,124
Genesee,City of Flint Precinct 16,Clerk and Register of Deeds,,DEM,Renee' D. Watson,159
Genesee,City of Flint Precinct 16,Clerk and Register of Deeds,,REP,Jesse Couch,4
Genesee,City of Flint Precinct 16,County Commissioner,1,DEM,Bryant Nolden,271
Genesee,City of Flint Precinct 16,County Treasurer,,DEM,Deborah Cherry,265
Genesee,City of Flint Precinct 16,County Treasurer,,REP,Deborah Hoss,4
Genesee,City of Flint Precinct 16,District Court Judge,67-5,,Glenn Cotton,37
Genesee,City of Flint Precinct 16,District Court Judge,67-5,,Heather Burnash,12
Genesee,City of Flint Precinct 16,District Court Judge,67-5,,Tabitha M. Marsh,129
Genesee,City of Flint Precinct 16,District Court Judge,67-5,,Torchio W. Feaster,68
Genesee,City of Flint Precinct 16,Drain Commissioner,,DEM,Jeff Wright,190
Genesee,City of Flint Precinct 16,Drain Commissioner,,DEM,Travis R. Wines,87
Genesee,City of Flint Precinct 16,Mass Transportation Authority Millage Replacement Proposal,,,No,55
Genesee,City of Flint Precinct 16,Mass Transportation Authority Millage Replacement Proposal,,,Yes,224
Genesee,City of Flint Precinct 16,Prosecuting Attorney,,DEM,David Leyton,141
Genesee,City of Flint Precinct 16,Prosecuting Attorney,,DEM,Trachelle C. Young,146
Genesee,City of Flint Precinct 16,Registered Voters,,,,1772
Genesee,City of Flint Precinct 16,Sheriff,,DEM,Christopher R. Swanson,102
Genesee,City of Flint Precinct 16,Sheriff,,DEM,Phil Hart,39
Genesee,City of Flint Precinct 16,Sheriff,,DEM,Timothy Johnson,140
Genesee,City of Flint Precinct 16,Sheriff,,REP,Stephen Sanford,4
Genesee,City of Flint Precinct 16,State House,34,DEM,Arthur Woodson,36
Genesee,City of Flint Precinct 16,State House,34,DEM,Claudia Perkins-Milton,36
Genesee,City of Flint Precinct 16,State House,34,DEM,Cynthia R. Neeley,183
Genesee,City of Flint Precinct 16,State House,34,DEM,DelTonya Burns,23
Genesee,City of Flint Precinct 16,State House,34,DEM,Diana A. Phillips,8
Genesee,City of Flint Precinct 16,State House,34,REP,James Miraglia,4
Genesee,City of Flint Precinct 16,Surveyor,,DEM,Kim Carlson,262
Genesee,City of Flint Precinct 16,U.S. House,5,DEM,Daniel T. Kildee,282
Genesee,City of Flint Precinct 16,U.S. House,5,REP,Earl Lackie,1
Genesee,City of Flint Precinct 16,U.S. House,5,REP,Tim Kelly,3
Genesee,City of Flint Precinct 16,U.S. Senate,,DEM,Gary Peters,274
Genesee,City of Flint Precinct 16,U.S. Senate,,REP,John James,4
Genesee,City of Flint Precinct 17,Animal Control Shelter Millage Renewal Proposal,,,No,29
Genesee,City of Flint Precinct 17,Animal Control Shelter Millage Renewal Proposal,,,Yes,112
Genesee,City of Flint Precinct 17,Ballots Cast,,,,154
Genesee,City of Flint Precinct 17,Circuit Court Judge,7,,Chris Christenson,15
Genesee,City of Flint Precinct 17,Circuit Court Judge,7,,Herman Marable Jr.,104
Genesee,City of Flint Precinct 17,Circuit Court Judge,7,,Stephanie Witucki,4
Genesee,City of Flint Precinct 17,Clerk and Register of Deeds,,DEM,John J. Gleason,80
Genesee,City of Flint Precinct 17,Clerk and Register of Deeds,,DEM,Renee' D. Watson,64
Genesee,City of Flint Precinct 17,Clerk and Register of Deeds,,REP,Jesse Couch,0
Genesee,City of Flint Precinct 17,County Commissioner,2,DEM,Charles H. Winfrey,62
Genesee,City of Flint Precinct 17,County Commissioner,2,DEM,Corey Lockett,16
Genesee,City of Flint Precinct 17,County Commissioner,2,DEM,Michael C. F. Clack,62
Genesee,City of Flint Precinct 17,County Treasurer,,DEM,Deborah Cherry,144
Genesee,City of Flint Precinct 17,County Treasurer,,REP,Deborah Hoss,0
Genesee,City of Flint Precinct 17,District Court Judge,67-5,,Glenn Cotton,13
Genesee,City of Flint Precinct 17,District Court Judge,67-5,,Heather Burnash,8
Genesee,City of Flint Precinct 17,District Court Judge,67-5,,Tabitha M. Marsh,76
Genesee,City of Flint Precinct 17,District Court Judge,67-5,,Torchio W. Feaster,25
Genesee,City of Flint Precinct 17,Drain Commissioner,,DEM,Jeff Wright,100
Genesee,City of Flint Precinct 17,Drain Commissioner,,DEM,Travis R. Wines,38
Genesee,City of Flint Precinct 17,Mass Transportation Authority Millage Replacement Proposal,,,No,19
Genesee,City of Flint Precinct 17,Mass Transportation Authority Millage Replacement Proposal,,,Yes,126
Genesee,City of Flint Precinct 17,Prosecuting Attorney,,DEM,David Leyton,55
Genesee,City of Flint Precinct 17,Prosecuting Attorney,,DEM,Trachelle C. Young,93
Genesee,City of Flint Precinct 17,Registered Voters,,,,1047
Genesee,City of Flint Precinct 17,Sheriff,,DEM,Christopher R. Swanson,52
Genesee,City of Flint Precinct 17,Sheriff,,DEM,Phil Hart,10
Genesee,City of Flint Precinct 17,Sheriff,,DEM,Timothy Johnson,83
Genesee,City of Flint Precinct 17,Sheriff,,REP,Stephen Sanford,0
Genesee,City of Flint Precinct 17,State House,34,DEM,Arthur Woodson,14
Genesee,City of Flint Precinct 17,State House,34,DEM,Claudia Perkins-Milton,20
Genesee,City of Flint Precinct 17,State House,34,DEM,Cynthia R. Neeley,103
Genesee,City of Flint Precinct 17,State House,34,DEM,DelTonya Burns,5
Genesee,City of Flint Precinct 17,State House,34,DEM,Diana A. Phillips,2
Genesee,City of Flint Precinct 17,State House,34,REP,James Miraglia,0
Genesee,City of Flint Precinct 17,Surveyor,,DEM,Kim Carlson,129
Genesee,City of Flint Precinct 17,U.S. House,5,DEM,Daniel T. Kildee,144
Genesee,City of Flint Precinct 17,U.S. House,5,REP,Earl Lackie,0
Genesee,City of Flint Precinct 17,U.S. House,5,REP,Tim Kelly,0
Genesee,City of Flint Precinct 17,U.S. Senate,,DEM,Gary Peters,141
Genesee,City of Flint Precinct 17,U.S. Senate,,REP,John James,0
Genesee,City of Flint Precinct 18,Animal Control Shelter Millage Renewal Proposal,,,No,22
Genesee,City of Flint Precinct 18,Animal Control Shelter Millage Renewal Proposal,,,Yes,66
Genesee,City of Flint Precinct 18,Ballots Cast,,,,104
Genesee,City of Flint Precinct 18,Circuit Court Judge,7,,Chris Christenson,7
Genesee,City of Flint Precinct 18,Circuit Court Judge,7,,Herman Marable Jr.,60
Genesee,City of Flint Precinct 18,Circuit Court Judge,7,,Stephanie Witucki,9
Genesee,City of Flint Precinct 18,Clerk and Register of Deeds,,DEM,John J. Gleason,34
Genesee,City of Flint Precinct 18,Clerk and Register of Deeds,,DEM,Renee' D. Watson,57
Genesee,City of Flint Precinct 18,Clerk and Register of Deeds,,REP,Jesse Couch,1
Genesee,City of Flint Precinct 18,County Commissioner,1,DEM,Bryant Nolden,93
Genesee,City of Flint Precinct 18,County Treasurer,,DEM,Deborah Cherry,88
Genesee,City of Flint Precinct 18,County Treasurer,,REP,Deborah Hoss,1
Genesee,City of Flint Precinct 18,District Court Judge,67-5,,Glenn Cotton,7
Genesee,City of Flint Precinct 18,District Court Judge,67-5,,Heather Burnash,3
Genesee,City of Flint Precinct 18,District Court Judge,67-5,,Tabitha M. Marsh,54
Genesee,City of Flint Precinct 18,District Court Judge,67-5,,Torchio W. Feaster,12
Genesee,City of Flint Precinct 18,Drain Commissioner,,DEM,Jeff Wright,64
Genesee,City of Flint Precinct 18,Drain Commissioner,,DEM,Travis R. Wines,24
Genesee,City of Flint Precinct 18,Mass Transportation Authority Millage Replacement Proposal,,,No,16
Genesee,City of Flint Precinct 18,Mass Transportation Authority Millage Replacement Proposal,,,Yes,71
Genesee,City of Flint Precinct 18,Prosecuting Attorney,,DEM,David Leyton,43
Genesee,City of Flint Precinct 18,Prosecuting Attorney,,DEM,Trachelle C. Young,49
Genesee,City of Flint Precinct 18,Registered Voters,,,,666
Genesee,City of Flint Precinct 18,Sheriff,,DEM,Christopher R. Swanson,37
Genesee,City of Flint Precinct 18,Sheriff,,DEM,Phil Hart,11
Genesee,City of Flint Precinct 18,Sheriff,,DEM,Timothy Johnson,42
Genesee,City of Flint Precinct 18,Sheriff,,REP,Stephen Sanford,1
Genesee,City of Flint Precinct 18,State House,34,DEM,Arthur Woodson,7
Genesee,City of Flint Precinct 18,State House,34,DEM,Claudia Perkins-Milton,20
Genesee,City of Flint Precinct 18,State House,34,DEM,Cynthia R. Neeley,66
Genesee,City of Flint Precinct 18,State House,34,DEM,DelTonya Burns,4
Genesee,City of Flint Precinct 18,State House,34,DEM,Diana A. Phillips,0
Genesee,City of Flint Precinct 18,State House,34,REP,James Miraglia,2
Genesee,City of Flint Precinct 18,Surveyor,,DEM,Kim Carlson,84
Genesee,City of Flint Precinct 18,U.S. House,5,DEM,Daniel T. Kildee,96
Genesee,City of Flint Precinct 18,U.S. House,5,REP,Earl Lackie,0
Genesee,City of Flint Precinct 18,U.S. House,5,REP,Tim Kelly,2
Genesee,City of Flint Precinct 18,U.S. Senate,,DEM,Gary Peters,90
Genesee,City of Flint Precinct 18,U.S. Senate,,REP,John James,2
Genesee,City of Flint Precinct 19,Animal Control Shelter Millage Renewal Proposal,,,No,23
Genesee,City of Flint Precinct 19,Animal Control Shelter Millage Renewal Proposal,,,Yes,64
Genesee,City of Flint Precinct 19,Ballots Cast,,,,91
Genesee,City of Flint Precinct 19,Circuit Court Judge,7,,Chris Christenson,34
Genesee,City of Flint Precinct 19,Circuit Court Judge,7,,Herman Marable Jr.,27
Genesee,City of Flint Precinct 19,Circuit Court Judge,7,,Stephanie Witucki,11
Genesee,City of Flint Precinct 19,Clerk and Register of Deeds,,DEM,John J. Gleason,58
Genesee,City of Flint Precinct 19,Clerk and Register of Deeds,,DEM,Renee' D. Watson,12
Genesee,City of Flint Precinct 19,Clerk and Register of Deeds,,REP,Jesse Couch,15
Genesee,City of Flint Precinct 19,County Commissioner,2,DEM,Charles H. Winfrey,16
Genesee,City of Flint Precinct 19,County Commissioner,2,DEM,Corey Lockett,11
Genesee,City of Flint Precinct 19,County Commissioner,2,DEM,Michael C. F. Clack,42
Genesee,City of Flint Precinct 19,County Treasurer,,DEM,Deborah Cherry,70
Genesee,City of Flint Precinct 19,County Treasurer,,REP,Deborah Hoss,14
Genesee,City of Flint Precinct 19,District Court Judge,67-5,,Glenn Cotton,14
Genesee,City of Flint Precinct 19,District Court Judge,67-5,,Heather Burnash,28
Genesee,City of Flint Precinct 19,District Court Judge,67-5,,Tabitha M. Marsh,26
Genesee,City of Flint Precinct 19,District Court Judge,67-5,,Torchio W. Feaster,5
Genesee,City of Flint Precinct 19,Drain Commissioner,,DEM,Jeff Wright,48
Genesee,City of Flint Precinct 19,Drain Commissioner,,DEM,Travis R. Wines,22
Genesee,City of Flint Precinct 19,Mass Transportation Authority Millage Replacement Proposal,,,No,30
Genesee,City of Flint Precinct 19,Mass Transportation Authority Millage Replacement Proposal,,,Yes,57
Genesee,City of Flint Precinct 19,Prosecuting Attorney,,DEM,David Leyton,53
Genesee,City of Flint Precinct 19,Prosecuting Attorney,,DEM,Trachelle C. Young,17
Genesee,City of Flint Precinct 19,Registered Voters,,,,1043
Genesee,City of Flint Precinct 19,Sheriff,,DEM,Christopher R. Swanson,50
Genesee,City of Flint Precinct 19,Sheriff,,DEM,Phil Hart,10
Genesee,City of Flint Precinct 19,Sheriff,,DEM,Timothy Johnson,12
Genesee,City of Flint Precinct 19,Sheriff,,REP,Stephen Sanford,15
Genesee,City of Flint Precinct 19,State House,34,DEM,Arthur Woodson,10
Genesee,City of Flint Precinct 19,State House,34,DEM,Claudia Perkins-Milton,1
Genesee,City of Flint Precinct 19,State House,34,DEM,Cynthia R. Neeley,45
Genesee,City of Flint Precinct 19,State House,34,DEM,DelTonya Burns,2
Genesee,City of Flint Precinct 19,State House,34,DEM,Diana A. Phillips,10
Genesee,City of Flint Precinct 19,State House,34,REP,James Miraglia,16
Genesee,City of Flint Precinct 19,Surveyor,,DEM,Kim Carlson,68
Genesee,City of Flint Precinct 19,U.S. House,5,DEM,Daniel T. Kildee,71
Genesee,City of Flint Precinct 19,U.S. House,5,REP,Earl Lackie,1
Genesee,City of Flint Precinct 19,U.S. House,5,REP,Tim Kelly,15
Genesee,City of Flint Precinct 19,U.S. Senate,,DEM,Gary Peters,71
Genesee,City of Flint Precinct 19,U.S. Senate,,REP,John James,15
Genesee,City of Flint Precinct 2,Animal Control Shelter Millage Renewal Proposal,,,No,116
Genesee,City of Flint Precinct 2,Animal Control Shelter Millage Renewal Proposal,,,Yes,214
Genesee,City of Flint Precinct 2,Ballots Cast,,,,376
Genesee,City of Flint Precinct 2,Circuit Court Judge,7,,Chris Christenson,30
Genesee,City of Flint Precinct 2,Circuit Court Judge,7,,Herman Marable Jr.,255
Genesee,City of Flint Precinct 2,Circuit Court Judge,7,,Stephanie Witucki,22
Genesee,City of Flint Precinct 2,Clerk and Register of Deeds,,DEM,John J. Gleason,169
Genesee,City of Flint Precinct 2,Clerk and Register of Deeds,,DEM,Renee' D. Watson,186
Genesee,City of Flint Precinct 2,Clerk and Register of Deeds,,REP,Jesse Couch,5
Genesee,City of Flint Precinct 2,County Commissioner,1,DEM,Bryant Nolden,341
Genesee,City of Flint Precinct 2,County Treasurer,,DEM,Deborah Cherry,342
Genesee,City of Flint Precinct 2,County Treasurer,,REP,Deborah Hoss,5
Genesee,City of Flint Precinct 2,District Court Judge,67-5,,Glenn Cotton,37
Genesee,City of Flint Precinct 2,District Court Judge,67-5,,Heather Burnash,9
Genesee,City of Flint Precinct 2,District Court Judge,67-5,,Tabitha M. Marsh,162
Genesee,City of Flint Precinct 2,District Court Judge,67-5,,Torchio W. Feaster,95
Genesee,City of Flint Precinct 2,Drain Commissioner,,DEM,Jeff Wright,232
Genesee,City of Flint Precinct 2,Drain Commissioner,,DEM,Travis R. Wines,103
Genesee,City of Flint Precinct 2,Mass Transportation Authority Millage Replacement Proposal,,,No,75
Genesee,City of Flint Precinct 2,Mass Transportation Authority Millage Replacement Proposal,,,Yes,267
Genesee,City of Flint Precinct 2,Prosecuting Attorney,,DEM,David Leyton,167
Genesee,City of Flint Precinct 2,Prosecuting Attorney,,DEM,Trachelle C. Young,187
Genesee,City of Flint Precinct 2,Registered Voters,,,,1675
Genesee,City of Flint Precinct 2,Sheriff,,DEM,Christopher R. Swanson,126
Genesee,City of Flint Precinct 2,Sheriff,,DEM,Phil Hart,32
Genesee,City of Flint Precinct 2,Sheriff,,DEM,Timothy Johnson,195
Genesee,City of Flint Precinct 2,Sheriff,,REP,Stephen Sanford,5
Genesee,City of Flint Precinct 2,State House,34,DEM,Arthur Woodson,31
Genesee,City of Flint Precinct 2,State House,34,DEM,Claudia Perkins-Milton,45
Genesee,City of Flint Precinct 2,State House,34,DEM,Cynthia R. Neeley,257
Genesee,City of Flint Precinct 2,State House,34,DEM,DelTonya Burns,12
Genesee,City of Flint Precinct 2,State House,34,DEM,Diana A. Phillips,5
Genesee,City of Flint Precinct 2,State House,34,REP,James Miraglia,5
Genesee,City of Flint Precinct 2,Surveyor,,DEM,Kim Carlson,334
Genesee,City of Flint Precinct 2,U.S. House,5,DEM,Daniel T. Kildee,347
Genesee,City of Flint Precinct 2,U.S. House,5,REP,Earl Lackie,2
Genesee,City of Flint Precinct 2,U.S. House,5,REP,Tim Kelly,3
Genesee,City of Flint Precinct 2,U.S. Senate,,DEM,Gary Peters,349
Genesee,City of Flint Precinct 2,U.S. Senate,,REP,John James,5
Genesee,City of Flint Precinct 20,Animal Control Shelter Millage Renewal Proposal,,,No,51
Genesee,City of Flint Precinct 20,Animal Control Shelter Millage Renewal Proposal,,,Yes,128
Genesee,City of Flint Precinct 20,Ballots Cast,,,,190
Genesee,City of Flint Precinct 20,Circuit Court Judge,7,,Chris Christenson,47
Genesee,City of Flint Precinct 20,Circuit Court Judge,7,,Herman Marable Jr.,72
Genesee,City of Flint Precinct 20,Circuit Court Judge,7,,Stephanie Witucki,30
Genesee,City of Flint Precinct 20,Clerk and Register of Deeds,,DEM,John J. Gleason,92
Genesee,City of Flint Precinct 20,Clerk and Register of Deeds,,DEM,Renee' D. Watson,66
Genesee,City of Flint Precinct 20,Clerk and Register of Deeds,,REP,Jesse Couch,22
Genesee,City of Flint Precinct 20,County Commissioner,3,DEM,Ellen Ellenburg,144
Genesee,City of Flint Precinct 20,County Commissioner,3,REP,Gary Goetzinger,20
Genesee,City of Flint Precinct 20,County Treasurer,,DEM,Deborah Cherry,149
Genesee,City of Flint Precinct 20,County Treasurer,,REP,Deborah Hoss,21
Genesee,City of Flint Precinct 20,District Court Judge,67-5,,Glenn Cotton,16
Genesee,City of Flint Precinct 20,District Court Judge,67-5,,Heather Burnash,32
Genesee,City of Flint Precinct 20,District Court Judge,67-5,,Tabitha M. Marsh,59
Genesee,City of Flint Precinct 20,District Court Judge,67-5,,Torchio W. Feaster,43
Genesee,City of Flint Precinct 20,Drain Commissioner,,DEM,Jeff Wright,119
Genesee,City of Flint Precinct 20,Drain Commissioner,,DEM,Travis R. Wines,37
Genesee,City of Flint Precinct 20,Mass Transportation Authority Millage Replacement Proposal,,,No,45
Genesee,City of Flint Precinct 20,Mass Transportation Authority Millage Replacement Proposal,,,Yes,135
Genesee,City of Flint Precinct 20,Prosecuting Attorney,,DEM,David Leyton,93
Genesee,City of Flint Precinct 20,Prosecuting Attorney,,DEM,Trachelle C. Young,64
Genesee,City of Flint Precinct 20,Registered Voters,,,,1163
Genesee,City of Flint Precinct 20,Sheriff,,DEM,Christopher R. Swanson,79
Genesee,City of Flint Precinct 20,Sheriff,,DEM,Phil Hart,31
Genesee,City of Flint Precinct 20,Sheriff,,DEM,Timothy Johnson,44
Genesee,City of Flint Precinct 20,Sheriff,,REP,Stephen Sanford,21
Genesee,City of Flint Precinct 20,State House,34,DEM,Arthur Woodson,20
Genesee,City of Flint Precinct 20,State House,34,DEM,Claudia Perkins-Milton,12
Genesee,City of Flint Precinct 20,State House,34,DEM,Cynthia R. Neeley,111
Genesee,City of Flint Precinct 20,State House,34,DEM,DelTonya Burns,6
Genesee,City of Flint Precinct 20,State House,34,DEM,Diana A. Phillips,11
Genesee,City of Flint Precinct 20,State House,34,REP,James Miraglia,22
Genesee,City of Flint Precinct 20,Surveyor,,DEM,Kim Carlson,149
Genesee,City of Flint Precinct 20,U.S. House,5,DEM,Daniel T. Kildee,156
Genesee,City of Flint Precinct 20,U.S. House,5,REP,Earl Lackie,8
Genesee,City of Flint Precinct 20,U.S. House,5,REP,Tim Kelly,13
Genesee,City of Flint Precinct 20,U.S. Senate,,DEM,Gary Peters,153
Genesee,City of Flint Precinct 20,U.S. Senate,,REP,John James,23
Genesee,City of Flint Precinct 21,Animal Control Shelter Millage Renewal Proposal,,,No,21
Genesee,City of Flint Precinct 21,Animal Control Shelter Millage Renewal Proposal,,,Yes,72
Genesee,City of Flint Precinct 21,Ballots Cast,,,,106
Genesee,City of Flint Precinct 21,Circuit Court Judge,7,,Chris Christenson,15
Genesee,City of Flint Precinct 21,Circuit Court Judge,7,,Herman Marable Jr.,52
Genesee,City of Flint Precinct 21,Circuit Court Judge,7,,Stephanie Witucki,13
Genesee,City of Flint Precinct 21,Clerk and Register of Deeds,,DEM,John J. Gleason,45
Genesee,City of Flint Precinct 21,Clerk and Register of Deeds,,DEM,Renee' D. Watson,39
Genesee,City of Flint Precinct 21,Clerk and Register of Deeds,,REP,Jesse Couch,6
Genesee,City of Flint Precinct 21,County Commissioner,1,DEM,Bryant Nolden,79
Genesee,City of Flint Precinct 21,County Treasurer,,DEM,Deborah Cherry,82
Genesee,City of Flint Precinct 21,County Treasurer,,REP,Deborah Hoss,6
Genesee,City of Flint Precinct 21,District Court Judge,67-5,,Glenn Cotton,12
Genesee,City of Flint Precinct 21,District Court Judge,67-5,,Heather Burnash,17
Genesee,City of Flint Precinct 21,District Court Judge,67-5,,Tabitha M. Marsh,36
Genesee,City of Flint Precinct 21,District Court Judge,67-5,,Torchio W. Feaster,14
Genesee,City of Flint Precinct 21,Drain Commissioner,,DEM,Jeff Wright,48
Genesee,City of Flint Precinct 21,Drain Commissioner,,DEM,Travis R. Wines,35
Genesee,City of Flint Precinct 21,Mass Transportation Authority Millage Replacement Proposal,,,No,20
Genesee,City of Flint Precinct 21,Mass Transportation Authority Millage Replacement Proposal,,,Yes,70
Genesee,City of Flint Precinct 21,Prosecuting Attorney,,DEM,David Leyton,44
Genesee,City of Flint Precinct 21,Prosecuting Attorney,,DEM,Trachelle C. Young,44
Genesee,City of Flint Precinct 21,Registered Voters,,,,1200
Genesee,City of Flint Precinct 21,Sheriff,,DEM,Christopher R. Swanson,42
Genesee,City of Flint Precinct 21,Sheriff,,DEM,Phil Hart,13
Genesee,City of Flint Precinct 21,Sheriff,,DEM,Timothy Johnson,32
Genesee,City of Flint Precinct 21,Sheriff,,REP,Stephen Sanford,5
Genesee,City of Flint Precinct 21,State House,34,DEM,Arthur Woodson,11
Genesee,City of Flint Precinct 21,State House,34,DEM,Claudia Perkins-Milton,15
Genesee,City of Flint Precinct 21,State House,34,DEM,Cynthia R. Neeley,56
Genesee,City of Flint Precinct 21,State House,34,DEM,DelTonya Burns,1
Genesee,City of Flint Precinct 21,State House,34,DEM,Diana A. Phillips,4
Genesee,City of Flint Precinct 21,State House,34,REP,James Miraglia,5
Genesee,City of Flint Precinct 21,Surveyor,,DEM,Kim Carlson,77
Genesee,City of Flint Precinct 21,U.S. House,5,DEM,Daniel T. Kildee,84
Genesee,City of Flint Precinct 21,U.S. House,5,REP,Earl Lackie,4
Genesee,City of Flint Precinct 21,U.S. House,5,REP,Tim Kelly,2
Genesee,City of Flint Precinct 21,U.S. Senate,,DEM,Gary Peters,81
Genesee,City of Flint Precinct 21,U.S. Senate,,REP,John James,6
Genesee,City of Flint Precinct 22,Animal Control Shelter Millage Renewal Proposal,,,No,85
Genesee,City of Flint Precinct 22,Animal Control Shelter Millage Renewal Proposal,,,Yes,300
Genesee,City of Flint Precinct 22,Ballots Cast,,,,397
Genesee,City of Flint Precinct 22,Circuit Court Judge,7,,Chris Christenson,128
Genesee,City of Flint Precinct 22,Circuit Court Judge,7,,Herman Marable Jr.,116
Genesee,City of Flint Precinct 22,Circuit Court Judge,7,,Stephanie Witucki,74
Genesee,City of Flint Precinct 22,Clerk and Register of Deeds,,DEM,John J. Gleason,192
Genesee,City of Flint Precinct 22,Clerk and Register of Deeds,,DEM,Renee' D. Watson,102
Genesee,City of Flint Precinct 22,Clerk and Register of Deeds,,REP,Jesse Couch,68
Genesee,City of Flint Precinct 22,County Commissioner,3,DEM,Ellen Ellenburg,276
Genesee,City of Flint Precinct 22,County Commissioner,3,REP,Gary Goetzinger,65
Genesee,City of Flint Precinct 22,County Treasurer,,DEM,Deborah Cherry,285
Genesee,City of Flint Precinct 22,County Treasurer,,REP,Deborah Hoss,66
Genesee,City of Flint Precinct 22,District Court Judge,67-5,,Glenn Cotton,51
Genesee,City of Flint Precinct 22,District Court Judge,67-5,,Heather Burnash,135
Genesee,City of Flint Precinct 22,District Court Judge,67-5,,Tabitha M. Marsh,95
Genesee,City of Flint Precinct 22,District Court Judge,67-5,,Torchio W. Feaster,31
Genesee,City of Flint Precinct 22,Drain Commissioner,,DEM,Jeff Wright,223
Genesee,City of Flint Precinct 22,Drain Commissioner,,DEM,Travis R. Wines,61
Genesee,City of Flint Precinct 22,Mass Transportation Authority Millage Replacement Proposal,,,No,107
Genesee,City of Flint Precinct 22,Mass Transportation Authority Millage Replacement Proposal,,,Yes,268
Genesee,City of Flint Precinct 22,Prosecuting Attorney,,DEM,David Leyton,213
Genesee,City of Flint Precinct 22,Prosecuting Attorney,,DEM,Trachelle C. Young,82
Genesee,City of Flint Precinct 22,Registered Voters,,,,1900
Genesee,City of Flint Precinct 22,Sheriff,,DEM,Christopher R. Swanson,177
Genesee,City of Flint Precinct 22,Sheriff,,DEM,Phil Hart,53
Genesee,City of Flint Precinct 22,Sheriff,,DEM,Timothy Johnson,63
Genesee,City of Flint Precinct 22,Sheriff,,REP,Stephen Sanford,62
Genesee,City of Flint Precinct 22,State House,34,DEM,Arthur Woodson,16
Genesee,City of Flint Precinct 22,State House,34,DEM,Claudia Perkins-Milton,23
Genesee,City of Flint Precinct 22,State House,34,DEM,Cynthia R. Neeley,213
Genesee,City of Flint Precinct 22,State House,34,DEM,DelTonya Burns,6
Genesee,City of Flint Precinct 22,State House,34,DEM,Diana A. Phillips,29
Genesee,City of Flint Precinct 22,State House,34,REP,James Miraglia,70
Genesee,City of Flint Precinct 22,Surveyor,,DEM,Kim Carlson,274
Genesee,City of Flint Precinct 22,U.S. House,5,DEM,Daniel T. Kildee,289
Genesee,City of Flint Precinct 22,U.S. House,5,REP,Earl Lackie,21
Genesee,City of Flint Precinct 22,U.S. House,5,REP,Tim Kelly,51
Genesee,City of Flint Precinct 22,U.S. Senate,,DEM,Gary Peters,287
Genesee,City of Flint Precinct 22,U.S. Senate,,REP,John James,77
Genesee,City of Flint Precinct 23,Animal Control Shelter Millage Renewal Proposal,,,No,28
Genesee,City of Flint Precinct 23,Animal Control Shelter Millage Renewal Proposal,,,Yes,75
Genesee,City of Flint Precinct 23,Ballots Cast,,,,110
Genesee,City of Flint Precinct 23,Circuit Court Judge,7,,Chris Christenson,24
Genesee,City of Flint Precinct 23,Circuit Court Judge,7,,Herman Marable Jr.,33
Genesee,City of Flint Precinct 23,Circuit Court Judge,7,,Stephanie Witucki,21
Genesee,City of Flint Precinct 23,Clerk and Register of Deeds,,DEM,John J. Gleason,46
Genesee,City of Flint Precinct 23,Clerk and Register of Deeds,,DEM,Renee' D. Watson,30
Genesee,City of Flint Precinct 23,Clerk and Register of Deeds,,REP,Jesse Couch,17
Genesee,City of Flint Precinct 23,County Commissioner,2,DEM,Charles H. Winfrey,22
Genesee,City of Flint Precinct 23,County Commissioner,2,DEM,Corey Lockett,23
Genesee,City of Flint Precinct 23,County Commissioner,2,DEM,Michael C. F. Clack,31
Genesee,City of Flint Precinct 23,County Treasurer,,DEM,Deborah Cherry,74
Genesee,City of Flint Precinct 23,County Treasurer,,REP,Deborah Hoss,17
Genesee,City of Flint Precinct 23,District Court Judge,67-5,,Glenn Cotton,6
Genesee,City of Flint Precinct 23,District Court Judge,67-5,,Heather Burnash,31
Genesee,City of Flint Precinct 23,District Court Judge,67-5,,Tabitha M. Marsh,29
Genesee,City of Flint Precinct 23,District Court Judge,67-5,,Torchio W. Feaster,9
Genesee,City of Flint Precinct 23,Drain Commissioner,,DEM,Jeff Wright,59
Genesee,City of Flint Precinct 23,Drain Commissioner,,DEM,Travis R. Wines,18
Genesee,City of Flint Precinct 23,Mass Transportation Authority Millage Replacement Proposal,,,No,36
Genesee,City of Flint Precinct 23,Mass Transportation Authority Millage Replacement Proposal,,,Yes,61
Genesee,City of Flint Precinct 23,Prosecuting Attorney,,DEM,David Leyton,51
Genesee,City of Flint Precinct 23,Prosecuting Attorney,,DEM,Trachelle C. Young,27
Genesee,City of Flint Precinct 23,Registered Voters,,,,1276
Genesee,City of Flint Precinct 23,Sheriff,,DEM,Christopher R. Swanson,49
Genesee,City of Flint Precinct 23,Sheriff,,DEM,Phil Hart,10
Genesee,City of Flint Precinct 23,Sheriff,,DEM,Timothy Johnson,20
Genesee,City of Flint Precinct 23,Sheriff,,REP,Stephen Sanford,16
Genesee,City of Flint Precinct 23,State House,34,DEM,Arthur Woodson,9
Genesee,City of Flint Precinct 23,State House,34,DEM,Claudia Perkins-Milton,5
Genesee,City of Flint Precinct 23,State House,34,DEM,Cynthia R. Neeley,56
Genesee,City of Flint Precinct 23,State House,34,DEM,DelTonya Burns,2
Genesee,City of Flint Precinct 23,State House,34,DEM,Diana A. Phillips,6
Genesee,City of Flint Precinct 23,State House,34,REP,James Miraglia,17
Genesee,City of Flint Precinct 23,Surveyor,,DEM,Kim Carlson,69
Genesee,City of Flint Precinct 23,U.S. House,5,DEM,Daniel T. Kildee,77
Genesee,City of Flint Precinct 23,U.S. House,5,REP,Earl Lackie,9
Genesee,City of Flint Precinct 23,U.S. House,5,REP,Tim Kelly,9
Genesee,City of Flint Precinct 23,U.S. Senate,,DEM,Gary Peters,77
Genesee,City of Flint Precinct 23,U.S. Senate,,REP,John James,18
Genesee,City of Flint Precinct 24,Animal Control Shelter Millage Renewal Proposal,,,No,34
Genesee,City of Flint Precinct 24,Animal Control Shelter Millage Renewal Proposal,,,Yes,106
Genesee,City of Flint Precinct 24,Ballots Cast,,,,146
Genesee,City of Flint Precinct 24,Circuit Court Judge,7,,Chris Christenson,40
Genesee,City of Flint Precinct 24,Circuit Court Judge,7,,Herman Marable Jr.,38
Genesee,City of Flint Precinct 24,Circuit Court Judge,7,,Stephanie Witucki,33
Genesee,City of Flint Precinct 24,Clerk and Register of Deeds,,DEM,John J. Gleason,71
Genesee,City of Flint Precinct 24,Clerk and Register of Deeds,,DEM,Renee' D. Watson,44
Genesee,City of Flint Precinct 24,Clerk and Register of Deeds,,REP,Jesse Couch,17
Genesee,City of Flint Precinct 24,County Commissioner,2,DEM,Charles H. Winfrey,42
Genesee,City of Flint Precinct 24,County Commissioner,2,DEM,Corey Lockett,21
Genesee,City of Flint Precinct 24,County Commissioner,2,DEM,Michael C. F. Clack,50
Genesee,City of Flint Precinct 24,County Treasurer,,DEM,Deborah Cherry,110
Genesee,City of Flint Precinct 24,County Treasurer,,REP,Deborah Hoss,16
Genesee,City of Flint Precinct 24,District Court Judge,67-5,,Glenn Cotton,11
Genesee,City of Flint Precinct 24,District Court Judge,67-5,,Heather Burnash,49
Genesee,City of Flint Precinct 24,District Court Judge,67-5,,Tabitha M. Marsh,43
Genesee,City of Flint Precinct 24,District Court Judge,67-5,,Torchio W. Feaster,6
Genesee,City of Flint Precinct 24,Drain Commissioner,,DEM,Jeff Wright,88
Genesee,City of Flint Precinct 24,Drain Commissioner,,DEM,Travis R. Wines,25
Genesee,City of Flint Precinct 24,Mass Transportation Authority Millage Replacement Proposal,,,No,39
Genesee,City of Flint Precinct 24,Mass Transportation Authority Millage Replacement Proposal,,,Yes,102
Genesee,City of Flint Precinct 24,Prosecuting Attorney,,DEM,David Leyton,80
Genesee,City of Flint Precinct 24,Prosecuting Attorney,,DEM,Trachelle C. Young,37
Genesee,City of Flint Precinct 24,Registered Voters,,,,1253
Genesee,City of Flint Precinct 24,Sheriff,,DEM,Christopher R. Swanson,83
Genesee,City of Flint Precinct 24,Sheriff,,DEM,Phil Hart,12
Genesee,City of Flint Precinct 24,Sheriff,,DEM,Timothy Johnson,21
Genesee,City of Flint Precinct 24,Sheriff,,REP,Stephen Sanford,16
Genesee,City of Flint Precinct 24,State House,34,DEM,Arthur Woodson,20
Genesee,City of Flint Precinct 24,State House,34,DEM,Claudia Perkins-Milton,6
Genesee,City of Flint Precinct 24,State House,34,DEM,Cynthia R. Neeley,78
Genesee,City of Flint Precinct 24,State House,34,DEM,DelTonya Burns,3
Genesee,City of Flint Precinct 24,State House,34,DEM,Diana A. Phillips,8
Genesee,City of Flint Precinct 24,State House,34,REP,James Miraglia,16
Genesee,City of Flint Precinct 24,Surveyor,,DEM,Kim Carlson,107
Genesee,City of Flint Precinct 24,U.S. House,5,DEM,Daniel T. Kildee,111
Genesee,City of Flint Precinct 24,U.S. House,5,REP,Earl Lackie,5
Genesee,City of Flint Precinct 24,U.S. House,5,REP,Tim Kelly,13
Genesee,City of Flint Precinct 24,U.S. Senate,,DEM,Gary Peters,113
Genesee,City of Flint Precinct 24,U.S. Senate,,REP,John James,18
Genesee,City of Flint Precinct 25,Animal Control Shelter Millage Renewal Proposal,,,No,67
Genesee,City of Flint Precinct 25,Animal Control Shelter Millage Renewal Proposal,,,Yes,222
Genesee,City of Flint Precinct 25,Ballots Cast,,,,300
Genesee,City of Flint Precinct 25,Circuit Court Judge,7,,Chris Christenson,90
Genesee,City of Flint Precinct 25,Circuit Court Judge,7,,Herman Marable Jr.,84
Genesee,City of Flint Precinct 25,Circuit Court Judge,7,,Stephanie Witucki,55
Genesee,City of Flint Precinct 25,Clerk and Register of Deeds,,DEM,John J. Gleason,147
Genesee,City of Flint Precinct 25,Clerk and Register of Deeds,,DEM,Renee' D. Watson,64
Genesee,City of Flint Precinct 25,Clerk and Register of Deeds,,REP,Jesse Couch,60
Genesee,City of Flint Precinct 25,County Commissioner,3,DEM,Ellen Ellenburg,185
Genesee,City of Flint Precinct 25,County Commissioner,3,REP,Gary Goetzinger,53
Genesee,City of Flint Precinct 25,County Treasurer,,DEM,Deborah Cherry,197
Genesee,City of Flint Precinct 25,County Treasurer,,REP,Deborah Hoss,59
Genesee,City of Flint Precinct 25,District Court Judge,67-5,,Glenn Cotton,31
Genesee,City of Flint Precinct 25,District Court Judge,67-5,,Heather Burnash,107
Genesee,City of Flint Precinct 25,District Court Judge,67-5,,Tabitha M. Marsh,59
Genesee,City of Flint Precinct 25,District Court Judge,67-5,,Torchio W. Feaster,29
Genesee,City of Flint Precinct 25,Drain Commissioner,,DEM,Jeff Wright,136
Genesee,City of Flint Precinct 25,Drain Commissioner,,DEM,Travis R. Wines,61
Genesee,City of Flint Precinct 25,Mass Transportation Authority Millage Replacement Proposal,,,No,73
Genesee,City of Flint Precinct 25,Mass Transportation Authority Millage Replacement Proposal,,,Yes,214
Genesee,City of Flint Precinct 25,Prosecuting Attorney,,DEM,David Leyton,149
Genesee,City of Flint Precinct 25,Prosecuting Attorney,,DEM,Trachelle C. Young,59
Genesee,City of Flint Precinct 25,Registered Voters,,,,1805
Genesee,City of Flint Precinct 25,Sheriff,,DEM,Christopher R. Swanson,118
Genesee,City of Flint Precinct 25,Sheriff,,DEM,Phil Hart,37
Genesee,City of Flint Precinct 25,Sheriff,,DEM,Timothy Johnson,50
Genesee,City of Flint Precinct 25,Sheriff,,REP,Stephen Sanford,55
Genesee,City of Flint Precinct 25,State House,34,DEM,Arthur Woodson,28
Genesee,City of Flint Precinct 25,State House,34,DEM,Claudia Perkins-Milton,12
Genesee,City of Flint Precinct 25,State House,34,DEM,Cynthia R. Neeley,131
Genesee,City of Flint Precinct 25,State House,34,DEM,DelTonya Burns,5
Genesee,City of Flint Precinct 25,State House,34,DEM,Diana A. Phillips,26
Genesee,City of Flint Precinct 25,State House,34,REP,James Miraglia,62
Genesee,City of Flint Precinct 25,Surveyor,,DEM,Kim Carlson,188
Genesee,City of Flint Precinct 25,U.S. House,5,DEM,Daniel T. Kildee,206
Genesee,City of Flint Precinct 25,U.S. House,5,REP,Earl Lackie,17
Genesee,City of Flint Precinct 25,U.S. House,5,REP,Tim Kelly,45
Genesee,City of Flint Precinct 25,U.S. Senate,,DEM,Gary Peters,201
Genesee,City of Flint Precinct 25,U.S. Senate,,REP,John James,67
Genesee,City of Flint Precinct 26,Animal Control Shelter Millage Renewal Proposal,,,No,34
Genesee,City of Flint Precinct 26,Animal Control Shelter Millage Renewal Proposal,,,Yes,101
Genesee,City of Flint Precinct 26,Ballots Cast,,,,141
Genesee,City of Flint Precinct 26,Circuit Court Judge,7,,Chris Christenson,37
Genesee,City of Flint Precinct 26,Circuit Court Judge,7,,Herman Marable Jr.,48
Genesee,City of Flint Precinct 26,Circuit Court Judge,7,,Stephanie Witucki,24
Genesee,City of Flint Precinct 26,Clerk and Register of Deeds,,DEM,John J. Gleason,60
Genesee,City of Flint Precinct 26,Clerk and Register of Deeds,,DEM,Renee' D. Watson,44
Genesee,City of Flint Precinct 26,Clerk and Register of Deeds,,REP,Jesse Couch,26
Genesee,City of Flint Precinct 26,County Commissioner,3,DEM,Ellen Ellenburg,97
Genesee,City of Flint Precinct 26,County Commissioner,3,REP,Gary Goetzinger,27
Genesee,City of Flint Precinct 26,County Treasurer,,DEM,Deborah Cherry,103
Genesee,City of Flint Precinct 26,County Treasurer,,REP,Deborah Hoss,26
Genesee,City of Flint Precinct 26,District Court Judge,67-5,,Glenn Cotton,21
Genesee,City of Flint Precinct 26,District Court Judge,67-5,,Heather Burnash,49
Genesee,City of Flint Precinct 26,District Court Judge,67-5,,Tabitha M. Marsh,32
Genesee,City of Flint Precinct 26,District Court Judge,67-5,,Torchio W. Feaster,7
Genesee,City of Flint Precinct 26,Drain Commissioner,,DEM,Jeff Wright,71
Genesee,City of Flint Precinct 26,Drain Commissioner,,DEM,Travis R. Wines,29
Genesee,City of Flint Precinct 26,Mass Transportation Authority Millage Replacement Proposal,,,No,46
Genesee,City of Flint Precinct 26,Mass Transportation Authority Millage Replacement Proposal,,,Yes,82
Genesee,City of Flint Precinct 26,Prosecuting Attorney,,DEM,David Leyton,70
Genesee,City of Flint Precinct 26,Prosecuting Attorney,,DEM,Trachelle C. Young,34
Genesee,City of Flint Precinct 26,Registered Voters,,,,1168
Genesee,City of Flint Precinct 26,Sheriff,,DEM,Christopher R. Swanson,72
Genesee,City of Flint Precinct 26,Sheriff,,DEM,Phil Hart,8
Genesee,City of Flint Precinct 26,Sheriff,,DEM,Timothy Johnson,25
Genesee,City of Flint Precinct 26,Sheriff,,REP,Stephen Sanford,26
Genesee,City of Flint Precinct 26,State House,34,DEM,Arthur Woodson,14
Genesee,City of Flint Precinct 26,State House,34,DEM,Claudia Perkins-Milton,3
Genesee,City of Flint Precinct 26,State House,34,DEM,Cynthia R. Neeley,71
Genesee,City of Flint Precinct 26,State House,34,DEM,DelTonya Burns,6
Genesee,City of Flint Precinct 26,State House,34,DEM,Diana A. Phillips,9
Genesee,City of Flint Precinct 26,State House,34,REP,James Miraglia,27
Genesee,City of Flint Precinct 26,Surveyor,,DEM,Kim Carlson,102
Genesee,City of Flint Precinct 26,U.S. House,5,DEM,Daniel T. Kildee,103
Genesee,City of Flint Precinct 26,U.S. House,5,REP,Earl Lackie,4
Genesee,City of Flint Precinct 26,U.S. House,5,REP,Tim Kelly,23
Genesee,City of Flint Precinct 26,U.S. Senate,,DEM,Gary Peters,103
Genesee,City of Flint Precinct 26,U.S. Senate,,REP,John James,29
Genesee,City of Flint Precinct 27,Animal Control Shelter Millage Renewal Proposal,,,No,2
Genesee,City of Flint Precinct 27,Animal Control Shelter Millage Renewal Proposal,,,Yes,27
Genesee,City of Flint Precinct 27,Ballots Cast,,,,32
Genesee,City of Flint Precinct 27,Circuit Court Judge,7,,Chris Christenson,8
Genesee,City of Flint Precinct 27,Circuit Court Judge,7,,Herman Marable Jr.,14
Genesee,City of Flint Precinct 27,Circuit Court Judge,7,,Stephanie Witucki,5
Genesee,City of Flint Precinct 27,Clerk and Register of Deeds,,DEM,John J. Gleason,22
Genesee,City of Flint Precinct 27,Clerk and Register of Deeds,,DEM,Renee' D. Watson,5
Genesee,City of Flint Precinct 27,Clerk and Register of Deeds,,REP,Jesse Couch,2
Genesee,City of Flint Precinct 27,County Commissioner,2,DEM,Charles H. Winfrey,5
Genesee,City of Flint Precinct 27,County Commissioner,2,DEM,Corey Lockett,4
Genesee,City of Flint Precinct 27,County Commissioner,2,DEM,Michael C. F. Clack,16
Genesee,City of Flint Precinct 27,County Treasurer,,DEM,Deborah Cherry,26
Genesee,City of Flint Precinct 27,County Treasurer,,REP,Deborah Hoss,2
Genesee,City of Flint Precinct 27,District Court Judge,67-5,,Glenn Cotton,2
Genesee,City of Flint Precinct 27,District Court Judge,67-5,,Heather Burnash,16
Genesee,City of Flint Precinct 27,District Court Judge,67-5,,Tabitha M. Marsh,4
Genesee,City of Flint Precinct 27,District Court Judge,67-5,,Torchio W. Feaster,3
Genesee,City of Flint Precinct 27,Drain Commissioner,,DEM,Jeff Wright,17
Genesee,City of Flint Precinct 27,Drain Commissioner,,DEM,Travis R. Wines,9
Genesee,City of Flint Precinct 27,Mass Transportation Authority Millage Replacement Proposal,,,No,8
Genesee,City of Flint Precinct 27,Mass Transportation Authority Millage Replacement Proposal,,,Yes,18
Genesee,City of Flint Precinct 27,Prosecuting Attorney,,DEM,David Leyton,21
Genesee,City of Flint Precinct 27,Prosecuting Attorney,,DEM,Trachelle C. Young,7
Genesee,City of Flint Precinct 27,Registered Voters,,,,269
Genesee,City of Flint Precinct 27,Sheriff,,DEM,Christopher R. Swanson,20
Genesee,City of Flint Precinct 27,Sheriff,,DEM,Phil Hart,4
Genesee,City of Flint Precinct 27,Sheriff,,DEM,Timothy Johnson,3
Genesee,City of Flint Precinct 27,Sheriff,,REP,Stephen Sanford,2
Genesee,City of Flint Precinct 27,State House,49,DEM,John D. Cherry,26
Genesee,City of Flint Precinct 27,State House,49,REP,Bryan Lutz,2
Genesee,City of Flint Precinct 27,Surveyor,,DEM,Kim Carlson,25
Genesee,City of Flint Precinct 27,U.S. House,5,DEM,Daniel T. Kildee,27
Genesee,City of Flint Precinct 27,U.S. House,5,REP,Earl Lackie,2
Genesee,City of Flint Precinct 27,U.S. House,5,REP,Tim Kelly,0
Genesee,City of Flint Precinct 27,U.S. Senate,,DEM,Gary Peters,27
Genesee,City of Flint Precinct 27,U.S. Senate,,REP,John James,2
Genesee,City of Flint Precinct 28,Animal Control Shelter Millage Renewal Proposal,,,No,82
Genesee,City of Flint Precinct 28,Animal Control Shelter Millage Renewal Proposal,,,Yes,169
Genesee,City of Flint Precinct 28,Ballots Cast,,,,279
Genesee,City of Flint Precinct 28,Circuit Court Judge,7,,Chris Christenson,49
Genesee,City of Flint Precinct 28,Circuit Court Judge,7,,Herman Marable Jr.,158
Genesee,City of Flint Precinct 28,Circuit Court Judge,7,,Stephanie Witucki,25
Genesee,City of Flint Precinct 28,Clerk and Register of Deeds,,DEM,John J. Gleason,112
Genesee,City of Flint Precinct 28,Clerk and Register of Deeds,,DEM,Renee' D. Watson,131
Genesee,City of Flint Precinct 28,Clerk and Register of Deeds,,REP,Jesse Couch,3
Genesee,City of Flint Precinct 28,County Commissioner,2,DEM,Charles H. Winfrey,123
Genesee,City of Flint Precinct 28,County Commissioner,2,DEM,Corey Lockett,21
Genesee,City of Flint Precinct 28,County Commissioner,2,DEM,Michael C. F. Clack,96
Genesee,City of Flint Precinct 28,County Treasurer,,DEM,Deborah Cherry,226
Genesee,City of Flint Precinct 28,County Treasurer,,REP,Deborah Hoss,2
Genesee,City of Flint Precinct 28,District Court Judge,67-5,,Glenn Cotton,15
Genesee,City of Flint Precinct 28,District Court Judge,67-5,,Heather Burnash,17
Genesee,City of Flint Precinct 28,District Court Judge,67-5,,Tabitha M. Marsh,138
Genesee,City of Flint Precinct 28,District Court Judge,67-5,,Torchio W. Feaster,60
Genesee,City of Flint Precinct 28,Drain Commissioner,,DEM,Jeff Wright,159
Genesee,City of Flint Precinct 28,Drain Commissioner,,DEM,Travis R. Wines,75
Genesee,City of Flint Precinct 28,Mass Transportation Authority Millage Replacement Proposal,,,No,53
Genesee,City of Flint Precinct 28,Mass Transportation Authority Millage Replacement Proposal,,,Yes,184
Genesee,City of Flint Precinct 28,Prosecuting Attorney,,DEM,David Leyton,95
Genesee,City of Flint Precinct 28,Prosecuting Attorney,,DEM,Trachelle C. Young,149
Genesee,City of Flint Precinct 28,Registered Voters,,,,1447
Genesee,City of Flint Precinct 28,Sheriff,,DEM,Christopher R. Swanson,101
Genesee,City of Flint Precinct 28,Sheriff,,DEM,Phil Hart,41
Genesee,City of Flint Precinct 28,Sheriff,,DEM,Timothy Johnson,103
Genesee,City of Flint Precinct 28,Sheriff,,REP,Stephen Sanford,3
Genesee,City of Flint Precinct 28,State House,34,DEM,Arthur Woodson,40
Genesee,City of Flint Precinct 28,State House,34,DEM,Claudia Perkins-Milton,15
Genesee,City of Flint Precinct 28,State House,34,DEM,Cynthia R. Neeley,178
Genesee,City of Flint Precinct 28,State House,34,DEM,DelTonya Burns,9
Genesee,City of Flint Precinct 28,State House,34,DEM,Diana A. Phillips,6
Genesee,City of Flint Precinct 28,State House,34,REP,James Miraglia,1
Genesee,City of Flint Precinct 28,Surveyor,,DEM,Kim Carlson,217
Genesee,City of Flint Precinct 28,U.S. House,5,DEM,Daniel T. Kildee,246
Genesee,City of Flint Precinct 28,U.S. House,5,REP,Earl Lackie,0
Genesee,City of Flint Precinct 28,U.S. House,5,REP,Tim Kelly,2
Genesee,City of Flint Precinct 28,U.S. Senate,,DEM,Gary Peters,238
Genesee,City of Flint Precinct 28,U.S. Senate,,REP,John James,3
Genesee,City of Flint Precinct 29,Animal Control Shelter Millage Renewal Proposal,,,No,124
Genesee,City of Flint Precinct 29,Animal Control Shelter Millage Renewal Proposal,,,Yes,277
Genesee,City of Flint Precinct 29,Ballots Cast,,,,444
Genesee,City of Flint Precinct 29,Circuit Court Judge,7,,Chris Christenson,43
Genesee,City of Flint Precinct 29,Circuit Court Judge,7,,Herman Marable Jr.,292
Genesee,City of Flint Precinct 29,Circuit Court Judge,7,,Stephanie Witucki,35
Genesee,City of Flint Precinct 29,Clerk and Register of Deeds,,DEM,John J. Gleason,207
Genesee,City of Flint Precinct 29,Clerk and Register of Deeds,,DEM,Renee' D. Watson,199
Genesee,City of Flint Precinct 29,Clerk and Register of Deeds,,REP,Jesse Couch,9
Genesee,City of Flint Precinct 29,County Commissioner,2,DEM,Charles H. Winfrey,186
Genesee,City of Flint Precinct 29,County Commissioner,2,DEM,Corey Lockett,30
Genesee,City of Flint Precinct 29,County Commissioner,2,DEM,Michael C. F. Clack,190
Genesee,City of Flint Precinct 29,County Treasurer,,DEM,Deborah Cherry,394
Genesee,City of Flint Precinct 29,County Treasurer,,REP,Deborah Hoss,9
Genesee,City of Flint Precinct 29,District Court Judge,67-5,,Glenn Cotton,19
Genesee,City of Flint Precinct 29,District Court Judge,67-5,,Heather Burnash,24
Genesee,City of Flint Precinct 29,District Court Judge,67-5,,Tabitha M. Marsh,195
Genesee,City of Flint Precinct 29,District Court Judge,67-5,,Torchio W. Feaster,126
Genesee,City of Flint Precinct 29,Drain Commissioner,,DEM,Jeff Wright,233
Genesee,City of Flint Precinct 29,Drain Commissioner,,DEM,Travis R. Wines,155
Genesee,City of Flint Precinct 29,Mass Transportation Authority Millage Replacement Proposal,,,No,73
Genesee,City of Flint Precinct 29,Mass Transportation Authority Millage Replacement Proposal,,,Yes,334
Genesee,City of Flint Precinct 29,Prosecuting Attorney,,DEM,David Leyton,171
Genesee,City of Flint Precinct 29,Prosecuting Attorney,,DEM,Trachelle C. Young,243
Genesee,City of Flint Precinct 29,Registered Voters,,,,1940
Genesee,City of Flint Precinct 29,Sheriff,,DEM,Christopher R. Swanson,151
Genesee,City of Flint Precinct 29,Sheriff,,DEM,Phil Hart,35
Genesee,City of Flint Precinct 29,Sheriff,,DEM,Timothy Johnson,221
Genesee,City of Flint Precinct 29,Sheriff,,REP,Stephen Sanford,9
Genesee,City of Flint Precinct 29,State House,34,DEM,Arthur Woodson,64
Genesee,City of Flint Precinct 29,State House,34,DEM,Claudia Perkins-Milton,56
Genesee,City of Flint Precinct 29,State House,34,DEM,Cynthia R. Neeley,272
Genesee,City of Flint Precinct 29,State House,34,DEM,DelTonya Burns,13
Genesee,City of Flint Precinct 29,State House,34,DEM,Diana A. Phillips,11
Genesee,City of Flint Precinct 29,State House,34,REP,James Miraglia,9
Genesee,City of Flint Precinct 29,Surveyor,,DEM,Kim Carlson,358
Genesee,City of Flint Precinct 29,U.S. House,5,DEM,Daniel T. Kildee,406
Genesee,City of Flint Precinct 29,U.S. House,5,REP,Earl Lackie,4
Genesee,City of Flint Precinct 29,U.S. House,5,REP,Tim Kelly,6
Genesee,City of Flint Precinct 29,U.S. Senate,,DEM,Gary Peters,393
Genesee,City of Flint Precinct 29,U.S. Senate,,REP,John James,10
Genesee,City of Flint Precinct 3,Animal Control Shelter Millage Renewal Proposal,,,No,31
Genesee,City of Flint Precinct 3,Animal Control Shelter Millage Renewal Proposal,,,Yes,102
Genesee,City of Flint Precinct 3,Ballots Cast,,,,153
Genesee,City of Flint Precinct 3,Circuit Court Judge,7,,Chris Christenson,7
Genesee,City of Flint Precinct 3,Circuit Court Judge,7,,Herman Marable Jr.,89
Genesee,City of Flint Precinct 3,Circuit Court Judge,7,,Stephanie Witucki,15
Genesee,City of Flint Precinct 3,Clerk and Register of Deeds,,DEM,John J. Gleason,69
Genesee,City of Flint Precinct 3,Clerk and Register of Deeds,,DEM,Renee' D. Watson,67
Genesee,City of Flint Precinct 3,Clerk and Register of Deeds,,REP,Jesse Couch,1
Genesee,City of Flint Precinct 3,County Commissioner,1,DEM,Bryant Nolden,135
Genesee,City of Flint Precinct 3,County Treasurer,,DEM,Deborah Cherry,136
Genesee,City of Flint Precinct 3,County Treasurer,,REP,Deborah Hoss,1
Genesee,City of Flint Precinct 3,District Court Judge,67-5,,Glenn Cotton,7
Genesee,City of Flint Precinct 3,District Court Judge,67-5,,Heather Burnash,11
Genesee,City of Flint Precinct 3,District Court Judge,67-5,,Tabitha M. Marsh,61
Genesee,City of Flint Precinct 3,District Court Judge,67-5,,Torchio W. Feaster,35
Genesee,City of Flint Precinct 3,Drain Commissioner,,DEM,Jeff Wright,93
Genesee,City of Flint Precinct 3,Drain Commissioner,,DEM,Travis R. Wines,38
Genesee,City of Flint Precinct 3,Mass Transportation Authority Millage Replacement Proposal,,,No,25
Genesee,City of Flint Precinct 3,Mass Transportation Authority Millage Replacement Proposal,,,Yes,108
Genesee,City of Flint Precinct 3,Prosecuting Attorney,,DEM,David Leyton,69
Genesee,City of Flint Precinct 3,Prosecuting Attorney,,DEM,Trachelle C. Young,76
Genesee,City of Flint Precinct 3,Registered Voters,,,,913
Genesee,City of Flint Precinct 3,Sheriff,,DEM,Christopher R. Swanson,55
Genesee,City of Flint Precinct 3,Sheriff,,DEM,Phil Hart,14
Genesee,City of Flint Precinct 3,Sheriff,,DEM,Timothy Johnson,72
Genesee,City of Flint Precinct 3,Sheriff,,REP,Stephen Sanford,1
Genesee,City of Flint Precinct 3,State House,34,DEM,Arthur Woodson,13
Genesee,City of Flint Precinct 3,State House,34,DEM,Claudia Perkins-Milton,28
Genesee,City of Flint Precinct 3,State House,34,DEM,Cynthia R. Neeley,92
Genesee,City of Flint Precinct 3,State House,34,DEM,DelTonya Burns,9
Genesee,City of Flint Precinct 3,State House,34,DEM,Diana A. Phillips,1
Genesee,City of Flint Precinct 3,State House,34,REP,James Miraglia,2
Genesee,City of Flint Precinct 3,Surveyor,,DEM,Kim Carlson,127
Genesee,City of Flint Precinct 3,U.S. House,5,DEM,Daniel T. Kildee,135
Genesee,City of Flint Precinct 3,U.S. House,5,REP,Earl Lackie,1
Genesee,City of Flint Precinct 3,U.S. House,5,REP,Tim Kelly,1
Genesee,City of Flint Precinct 3,U.S. Senate,,DEM,Gary Peters,137
Genesee,City of Flint Precinct 3,U.S. Senate,,REP,John James,2
Genesee,City of Flint Precinct 30,Animal Control Shelter Millage Renewal Proposal,,,No,5
Genesee,City of Flint Precinct 30,Animal Control Shelter Millage Renewal Proposal,,,Yes,14
Genesee,City of Flint Precinct 30,Ballots Cast,,,,21
Genesee,City of Flint Precinct 30,Circuit Court Judge,7,,Chris Christenson,6
Genesee,City of Flint Precinct 30,Circuit Court Judge,7,,Herman Marable Jr.,5
Genesee,City of Flint Precinct 30,Circuit Court Judge,7,,Stephanie Witucki,2
Genesee,City of Flint Precinct 30,Clerk and Register of Deeds,,DEM,John J. Gleason,8
Genesee,City of Flint Precinct 30,Clerk and Register of Deeds,,DEM,Renee' D. Watson,4
Genesee,City of Flint Precinct 30,Clerk and Register of Deeds,,REP,Jesse Couch,5
Genesee,City of Flint Precinct 30,County Commissioner,2,DEM,Charles H. Winfrey,2
Genesee,City of Flint Precinct 30,County Commissioner,2,DEM,Corey Lockett,4
Genesee,City of Flint Precinct 30,County Commissioner,2,DEM,Michael C. F. Clack,6
Genesee,City of Flint Precinct 30,County Treasurer,,DEM,Deborah Cherry,11
Genesee,City of Flint Precinct 30,County Treasurer,,REP,Deborah Hoss,5
Genesee,City of Flint Precinct 30,District Court Judge,67-5,,Glenn Cotton,4
Genesee,City of Flint Precinct 30,District Court Judge,67-5,,Heather Burnash,8
Genesee,City of Flint Precinct 30,District Court Judge,67-5,,Tabitha M. Marsh,3
Genesee,City of Flint Precinct 30,District Court Judge,67-5,,Torchio W. Feaster,0
Genesee,City of Flint Precinct 30,Drain Commissioner,,DEM,Jeff Wright,9
Genesee,City of Flint Precinct 30,Drain Commissioner,,DEM,Travis R. Wines,2
Genesee,City of Flint Precinct 30,Mass Transportation Authority Millage Replacement Proposal,,,No,8
Genesee,City of Flint Precinct 30,Mass Transportation Authority Millage Replacement Proposal,,,Yes,11
Genesee,City of Flint Precinct 30,Prosecuting Attorney,,DEM,David Leyton,11
Genesee,City of Flint Precinct 30,Prosecuting Attorney,,DEM,Trachelle C. Young,1
Genesee,City of Flint Precinct 30,Registered Voters,,,,239
Genesee,City of Flint Precinct 30,Sheriff,,DEM,Christopher R. Swanson,7
Genesee,City of Flint Precinct 30,Sheriff,,DEM,Phil Hart,3
Genesee,City of Flint Precinct 30,Sheriff,,DEM,Timothy Johnson,2
Genesee,City of Flint Precinct 30,Sheriff,,REP,Stephen Sanford,5
Genesee,City of Flint Precinct 30,State House,34,DEM,Arthur Woodson,1
Genesee,City of Flint Precinct 30,State House,34,DEM,Claudia Perkins-Milton,0
Genesee,City of Flint Precinct 30,State House,34,DEM,Cynthia R. Neeley,9
Genesee,City of Flint Precinct 30,State House,34,DEM,DelTonya Burns,0
Genesee,City of Flint Precinct 30,State House,34,DEM,Diana A. Phillips,2
Genesee,City of Flint Precinct 30,State House,34,REP,James Miraglia,4
Genesee,City of Flint Precinct 30,Surveyor,,DEM,Kim Carlson,12
Genesee,City of Flint Precinct 30,U.S. House,5,DEM,Daniel T. Kildee,11
Genesee,City of Flint Precinct 30,U.S. House,5,REP,Earl Lackie,1
Genesee,City of Flint Precinct 30,U.S. House,5,REP,Tim Kelly,4
Genesee,City of Flint Precinct 30,U.S. Senate,,DEM,Gary Peters,12
Genesee,City of Flint Precinct 30,U.S. Senate,,REP,John James,5
Genesee,City of Flint Precinct 31,Animal Control Shelter Millage Renewal Proposal,,,No,39
Genesee,City of Flint Precinct 31,Animal Control Shelter Millage Renewal Proposal,,,Yes,116
Genesee,City of Flint Precinct 31,Ballots Cast,,,,165
Genesee,City of Flint Precinct 31,Circuit Court Judge,7,,Chris Christenson,33
Genesee,City of Flint Precinct 31,Circuit Court Judge,7,,Herman Marable Jr.,73
Genesee,City of Flint Precinct 31,Circuit Court Judge,7,,Stephanie Witucki,31
Genesee,City of Flint Precinct 31,Clerk and Register of Deeds,,DEM,John J. Gleason,60
Genesee,City of Flint Precinct 31,Clerk and Register of Deeds,,DEM,Renee' D. Watson,76
Genesee,City of Flint Precinct 31,Clerk and Register of Deeds,,REP,Jesse Couch,3
Genesee,City of Flint Precinct 31,County Commissioner,2,DEM,Charles H. Winfrey,56
Genesee,City of Flint Precinct 31,County Commissioner,2,DEM,Corey Lockett,37
Genesee,City of Flint Precinct 31,County Commissioner,2,DEM,Michael C. F. Clack,45
Genesee,City of Flint Precinct 31,County Treasurer,,DEM,Deborah Cherry,131
Genesee,City of Flint Precinct 31,County Treasurer,,REP,Deborah Hoss,4
Genesee,City of Flint Precinct 31,District Court Judge,67-5,,Glenn Cotton,19
Genesee,City of Flint Precinct 31,District Court Judge,67-5,,Heather Burnash,35
Genesee,City of Flint Precinct 31,District Court Judge,67-5,,Tabitha M. Marsh,49
Genesee,City of Flint Precinct 31,District Court Judge,67-5,,Torchio W. Feaster,31
Genesee,City of Flint Precinct 31,Drain Commissioner,,DEM,Jeff Wright,71
Genesee,City of Flint Precinct 31,Drain Commissioner,,DEM,Travis R. Wines,59
Genesee,City of Flint Precinct 31,Mass Transportation Authority Millage Replacement Proposal,,,No,29
Genesee,City of Flint Precinct 31,Mass Transportation Authority Millage Replacement Proposal,,,Yes,126
Genesee,City of Flint Precinct 31,Prosecuting Attorney,,DEM,David Leyton,64
Genesee,City of Flint Precinct 31,Prosecuting Attorney,,DEM,Trachelle C. Young,82
Genesee,City of Flint Precinct 31,Registered Voters,,,,1507
Genesee,City of Flint Precinct 31,Sheriff,,DEM,Christopher R. Swanson,71
Genesee,City of Flint Precinct 31,Sheriff,,DEM,Phil Hart,24
Genesee,City of Flint Precinct 31,Sheriff,,DEM,Timothy Johnson,50
Genesee,City of Flint Precinct 31,Sheriff,,REP,Stephen Sanford,5
Genesee,City of Flint Precinct 31,State House,34,DEM,Arthur Woodson,26
Genesee,City of Flint Precinct 31,State House,34,DEM,Claudia Perkins-Milton,20
Genesee,City of Flint Precinct 31,State House,34,DEM,Cynthia R. Neeley,78
Genesee,City of Flint Precinct 31,State House,34,DEM,DelTonya Burns,8
Genesee,City of Flint Precinct 31,State House,34,DEM,Diana A. Phillips,15
Genesee,City of Flint Precinct 31,State House,34,REP,James Miraglia,5
Genesee,City of Flint Precinct 31,Surveyor,,DEM,Kim Carlson,126
Genesee,City of Flint Precinct 31,U.S. House,5,DEM,Daniel T. Kildee,140
Genesee,City of Flint Precinct 31,U.S. House,5,REP,Earl Lackie,3
Genesee,City of Flint Precinct 31,U.S. House,5,REP,Tim Kelly,3
Genesee,City of Flint Precinct 31,U.S. Senate,,DEM,Gary Peters,139
Genesee,City of Flint Precinct 31,U.S. Senate,,REP,John James,6
Genesee,City of Flint Precinct 32,Animal Control Shelter Millage Renewal Proposal,,,No,10
Genesee,City of Flint Precinct 32,Animal Control Shelter Millage Renewal Proposal,,,Yes,83
Genesee,City of Flint Precinct 32,Ballots Cast,,,,98
Genesee,City of Flint Precinct 32,Circuit Court Judge,7,,Chris Christenson,24
Genesee,City of Flint Precinct 32,Circuit Court Judge,7,,Herman Marable Jr.,40
Genesee,City of Flint Precinct 32,Circuit Court Judge,7,,Stephanie Witucki,14
Genesee,City of Flint Precinct 32,Clerk and Register of Deeds,,DEM,John J. Gleason,31
Genesee,City of Flint Precinct 32,Clerk and Register of Deeds,,DEM,Renee' D. Watson,45
Genesee,City of Flint Precinct 32,Clerk and Register of Deeds,,REP,Jesse Couch,8
Genesee,City of Flint Precinct 32,County Commissioner,2,DEM,Charles H. Winfrey,31
Genesee,City of Flint Precinct 32,County Commissioner,2,DEM,Corey Lockett,17
Genesee,City of Flint Precinct 32,County Commissioner,2,DEM,Michael C. F. Clack,29
Genesee,City of Flint Precinct 32,County Treasurer,,DEM,Deborah Cherry,73
Genesee,City of Flint Precinct 32,County Treasurer,,REP,Deborah Hoss,8
Genesee,City of Flint Precinct 32,District Court Judge,67-5,,Glenn Cotton,4
Genesee,City of Flint Precinct 32,District Court Judge,67-5,,Heather Burnash,41
Genesee,City of Flint Precinct 32,District Court Judge,67-5,,Tabitha M. Marsh,20
Genesee,City of Flint Precinct 32,District Court Judge,67-5,,Torchio W. Feaster,13
Genesee,City of Flint Precinct 32,Drain Commissioner,,DEM,Jeff Wright,42
Genesee,City of Flint Precinct 32,Drain Commissioner,,DEM,Travis R. Wines,35
Genesee,City of Flint Precinct 32,Mass Transportation Authority Millage Replacement Proposal,,,No,5
Genesee,City of Flint Precinct 32,Mass Transportation Authority Millage Replacement Proposal,,,Yes,88
Genesee,City of Flint Precinct 32,Prosecuting Attorney,,DEM,David Leyton,36
Genesee,City of Flint Precinct 32,Prosecuting Attorney,,DEM,Trachelle C. Young,41
Genesee,City of Flint Precinct 32,Registered Voters,,,,567
Genesee,City of Flint Precinct 32,Sheriff,,DEM,Christopher R. Swanson,38
Genesee,City of Flint Precinct 32,Sheriff,,DEM,Phil Hart,13
Genesee,City of Flint Precinct 32,Sheriff,,DEM,Timothy Johnson,23
Genesee,City of Flint Precinct 32,Sheriff,,REP,Stephen Sanford,8
Genesee,City of Flint Precinct 32,State House,49,DEM,John D. Cherry,78
Genesee,City of Flint Precinct 32,State House,49,REP,Bryan Lutz,9
Genesee,City of Flint Precinct 32,Surveyor,,DEM,Kim Carlson,68
Genesee,City of Flint Precinct 32,U.S. House,5,DEM,Daniel T. Kildee,77
Genesee,City of Flint Precinct 32,U.S. House,5,REP,Earl Lackie,3
Genesee,City of Flint Precinct 32,U.S. House,5,REP,Tim Kelly,7
Genesee,City of Flint Precinct 32,U.S. Senate,,DEM,Gary Peters,75
Genesee,City of Flint Precinct 32,U.S. Senate,,REP,John James,13
Genesee,City of Flint Precinct 33,Animal Control Shelter Millage Renewal Proposal,,,No,14
Genesee,City of Flint Precinct 33,Animal Control Shelter Millage Renewal Proposal,,,Yes,21
Genesee,City of Flint Precinct 33,Ballots Cast,,,,37
Genesee,City of Flint Precinct 33,Circuit Court Judge,7,,Chris Christenson,5
Genesee,City of Flint Precinct 33,Circuit Court Judge,7,,Herman Marable Jr.,19
Genesee,City of Flint Precinct 33,Circuit Court Judge,7,,Stephanie Witucki,6
Genesee,City of Flint Precinct 33,Clerk and Register of Deeds,,DEM,John J. Gleason,13
Genesee,City of Flint Precinct 33,Clerk and Register of Deeds,,DEM,Renee' D. Watson,16
Genesee,City of Flint Precinct 33,Clerk and Register of Deeds,,REP,Jesse Couch,4
Genesee,City of Flint Precinct 33,County Commissioner,2,DEM,Charles H. Winfrey,8
Genesee,City of Flint Precinct 33,County Commissioner,2,DEM,Corey Lockett,7
Genesee,City of Flint Precinct 33,County Commissioner,2,DEM,Michael C. F. Clack,13
Genesee,City of Flint Precinct 33,County Treasurer,,DEM,Deborah Cherry,28
Genesee,City of Flint Precinct 33,County Treasurer,,REP,Deborah Hoss,4
Genesee,City of Flint Precinct 33,District Court Judge,67-5,,Glenn Cotton,5
Genesee,City of Flint Precinct 33,District Court Judge,67-5,,Heather Burnash,9
Genesee,City of Flint Precinct 33,District Court Judge,67-5,,Tabitha M. Marsh,12
Genesee,City of Flint Precinct 33,District Court Judge,67-5,,Torchio W. Feaster,5
Genesee,City of Flint Precinct 33,Drain Commissioner,,DEM,Jeff Wright,16
Genesee,City of Flint Precinct 33,Drain Commissioner,,DEM,Travis R. Wines,11
Genesee,City of Flint Precinct 33,Mass Transportation Authority Millage Replacement Proposal,,,No,12
Genesee,City of Flint Precinct 33,Mass Transportation Authority Millage Replacement Proposal,,,Yes,21
Genesee,City of Flint Precinct 33,Prosecuting Attorney,,DEM,David Leyton,17
Genesee,City of Flint Precinct 33,Prosecuting Attorney,,DEM,Trachelle C. Young,14
Genesee,City of Flint Precinct 33,Registered Voters,,,,353
Genesee,City of Flint Precinct 33,Sheriff,,DEM,Christopher R. Swanson,17
Genesee,City of Flint Precinct 33,Sheriff,,DEM,Phil Hart,4
Genesee,City of Flint Precinct 33,Sheriff,,DEM,Timothy Johnson,10
Genesee,City of Flint Precinct 33,Sheriff,,REP,Stephen Sanford,3
Genesee,City of Flint Precinct 33,State House,49,DEM,John D. Cherry,28
Genesee,City of Flint Precinct 33,State House,49,REP,Bryan Lutz,5
Genesee,City of Flint Precinct 33,Surveyor,,DEM,Kim Carlson,28
Genesee,City of Flint Precinct 33,U.S. House,5,DEM,Daniel T. Kildee,30
Genesee,City of Flint Precinct 33,U.S. House,5,REP,Earl Lackie,1
Genesee,City of Flint Precinct 33,U.S. House,5,REP,Tim Kelly,4
Genesee,City of Flint Precinct 33,U.S. Senate,,DEM,Gary Peters,27
Genesee,City of Flint Precinct 33,U.S. Senate,,REP,John James,5
Genesee,City of Flint Precinct 34,Animal Control Shelter Millage Renewal Proposal,,,No,5
Genesee,City of Flint Precinct 34,Animal Control Shelter Millage Renewal Proposal,,,Yes,19
Genesee,City of Flint Precinct 34,Ballots Cast,,,,25
Genesee,City of Flint Precinct 34,Circuit Court Judge,7,,Chris Christenson,5
Genesee,City of Flint Precinct 34,Circuit Court Judge,7,,Herman Marable Jr.,6
Genesee,City of Flint Precinct 34,Circuit Court Judge,7,,Stephanie Witucki,7
Genesee,City of Flint Precinct 34,Clerk and Register of Deeds,,DEM,John J. Gleason,7
Genesee,City of Flint Precinct 34,Clerk and Register of Deeds,,DEM,Renee' D. Watson,9
Genesee,City of Flint Precinct 34,Clerk and Register of Deeds,,REP,Jesse Couch,6
Genesee,City of Flint Precinct 34,County Commissioner,4,DEM,Domonique Clemons,13
Genesee,City of Flint Precinct 34,County Commissioner,4,DEM,Donald Wright,2
Genesee,City of Flint Precinct 34,County Commissioner,4,REP,Anthony O'Neal Wilson (W),0
Genesee,City of Flint Precinct 34,County Treasurer,,DEM,Deborah Cherry,16
Genesee,City of Flint Precinct 34,County Treasurer,,REP,Deborah Hoss,6
Genesee,City of Flint Precinct 34,District Court Judge,67-5,,Glenn Cotton,3
Genesee,City of Flint Precinct 34,District Court Judge,67-5,,Heather Burnash,6
Genesee,City of Flint Precinct 34,District Court Judge,67-5,,Tabitha M. Marsh,8
Genesee,City of Flint Precinct 34,District Court Judge,67-5,,Torchio W. Feaster,3
Genesee,City of Flint Precinct 34,Drain Commissioner,,DEM,Jeff Wright,10
Genesee,City of Flint Precinct 34,Drain Commissioner,,DEM,Travis R. Wines,5
Genesee,City of Flint Precinct 34,Mass Transportation Authority Millage Replacement Proposal,,,No,7
Genesee,City of Flint Precinct 34,Mass Transportation Authority Millage Replacement Proposal,,,Yes,17
Genesee,City of Flint Precinct 34,Prosecuting Attorney,,DEM,David Leyton,10
Genesee,City of Flint Precinct 34,Prosecuting Attorney,,DEM,Trachelle C. Young,7
Genesee,City of Flint Precinct 34,Registered Voters,,,,206
Genesee,City of Flint Precinct 34,Sheriff,,DEM,Christopher R. Swanson,10
Genesee,City of Flint Precinct 34,Sheriff,,DEM,Phil Hart,2
Genesee,City of Flint Precinct 34,Sheriff,,DEM,Timothy Johnson,5
Genesee,City of Flint Precinct 34,Sheriff,,REP,Stephen Sanford,6
Genesee,City of Flint Precinct 34,State House,49,DEM,John D. Cherry,15
Genesee,City of Flint Precinct 34,State House,49,REP,Bryan Lutz,6
Genesee,City of Flint Precinct 34,Surveyor,,DEM,Kim Carlson,16
Genesee,City of Flint Precinct 34,U.S. House,5,DEM,Daniel T. Kildee,16
Genesee,City of Flint Precinct 34,U.S. House,5,REP,Earl Lackie,1
Genesee,City of Flint Precinct 34,U.S. House,5,REP,Tim Kelly,5
Genesee,City of Flint Precinct 34,U.S. Senate,,DEM,Gary Peters,17
Genesee,City of Flint Precinct 34,U.S. Senate,,REP,John James,6
Genesee,City of Flint Precinct 35,Animal Control Shelter Millage Renewal Proposal,,,No,18
Genesee,City of Flint Precinct 35,Animal Control Shelter Millage Renewal Proposal,,,Yes,29
Genesee,City of Flint Precinct 35,Ballots Cast,,,,49
Genesee,City of Flint Precinct 35,Circuit Court Judge,7,,Chris Christenson,6
Genesee,City of Flint Precinct 35,Circuit Court Judge,7,,Herman Marable Jr.,21
Genesee,City of Flint Precinct 35,Circuit Court Judge,7,,Stephanie Witucki,10
Genesee,City of Flint Precinct 35,Clerk and Register of Deeds,,DEM,John J. Gleason,23
Genesee,City of Flint Precinct 35,Clerk and Register of Deeds,,DEM,Renee' D. Watson,22
Genesee,City of Flint Precinct 35,Clerk and Register of Deeds,,REP,Jesse Couch,3
Genesee,City of Flint Precinct 35,County Commissioner,4,DEM,Domonique Clemons,14
Genesee,City of Flint Precinct 35,County Commissioner,4,DEM,Donald Wright,22
Genesee,City of Flint Precinct 35,County Commissioner,4,REP,Anthony O'Neal Wilson (W),0
Genesee,City of Flint Precinct 35,County Treasurer,,DEM,Deborah Cherry,40
Genesee,City of Flint Precinct 35,County Treasurer,,REP,Deborah Hoss,3
Genesee,City of Flint Precinct 35,District Court Judge,67-5,,Glenn Cotton,5
Genesee,City of Flint Precinct 35,District Court Judge,67-5,,Heather Burnash,12
Genesee,City of Flint Precinct 35,District Court Judge,67-5,,Tabitha M. Marsh,12
Genesee,City of Flint Precinct 35,District Court Judge,67-5,,Torchio W. Feaster,8
Genesee,City of Flint Precinct 35,Drain Commissioner,,DEM,Jeff Wright,23
Genesee,City of Flint Precinct 35,Drain Commissioner,,DEM,Travis R. Wines,20
Genesee,City of Flint Precinct 35,Mass Transportation Authority Millage Replacement Proposal,,,No,14
Genesee,City of Flint Precinct 35,Mass Transportation Authority Millage Replacement Proposal,,,Yes,34
Genesee,City of Flint Precinct 35,Prosecuting Attorney,,DEM,David Leyton,27
Genesee,City of Flint Precinct 35,Prosecuting Attorney,,DEM,Trachelle C. Young,18
Genesee,City of Flint Precinct 35,Registered Voters,,,,295
Genesee,City of Flint Precinct 35,Sheriff,,DEM,Christopher R. Swanson,20
Genesee,City of Flint Precinct 35,Sheriff,,DEM,Phil Hart,5
Genesee,City of Flint Precinct 35,Sheriff,,DEM,Timothy Johnson,21
Genesee,City of Flint Precinct 35,Sheriff,,REP,Stephen Sanford,2
Genesee,City of Flint Precinct 35,State House,34,DEM,Arthur Woodson,8
Genesee,City of Flint Precinct 35,State House,34,DEM,Claudia Perkins-Milton,6
Genesee,City of Flint Precinct 35,State House,34,DEM,Cynthia R. Neeley,18
Genesee,City of Flint Precinct 35,State House,34,DEM,DelTonya Burns,4
Genesee,City of Flint Precinct 35,State House,34,DEM,Diana A. Phillips,7
Genesee,City of Flint Precinct 35,State House,34,REP,James Miraglia,3
Genesee,City of Flint Precinct 35,Surveyor,,DEM,Kim Carlson,36
Genesee,City of Flint Precinct 35,U.S. House,5,DEM,Daniel T. Kildee,45
Genesee,City of Flint Precinct 35,U.S. House,5,REP,Earl Lackie,1
Genesee,City of Flint Precinct 35,U.S. House,5,REP,Tim Kelly,2
Genesee,City of Flint Precinct 35,U.S. Senate,,DEM,Gary Peters,42
Genesee,City of Flint Precinct 35,U.S. Senate,,REP,John James,3
Genesee,City of Flint Precinct 36,Animal Control Shelter Millage Renewal Proposal,,,No,3
Genesee,City of Flint Precinct 36,Animal Control Shelter Millage Renewal Proposal,,,Yes,4
Genesee,City of Flint Precinct 36,Ballots Cast,,,,9
Genesee,City of Flint Precinct 36,Circuit Court Judge,7,,Chris Christenson,1
Genesee,City of Flint Precinct 36,Circuit Court Judge,7,,Herman Marable Jr.,5
Genesee,City of Flint Precinct 36,Circuit Court Judge,7,,Stephanie Witucki,2
Genesee,City of Flint Precinct 36,Clerk and Register of Deeds,,DEM,John J. Gleason,3
Genesee,City of Flint Precinct 36,Clerk and Register of Deeds,,DEM,Renee' D. Watson,4
Genesee,City of Flint Precinct 36,Clerk and Register of Deeds,,REP,Jesse Couch,1
Genesee,City of Flint Precinct 36,County Commissioner,2,DEM,Charles H. Winfrey,3
Genesee,City of Flint Precinct 36,County Commissioner,2,DEM,Corey Lockett,0
Genesee,City of Flint Precinct 36,County Commissioner,2,DEM,Michael C. F. Clack,4
Genesee,City of Flint Precinct 36,County Treasurer,,DEM,Deborah Cherry,7
Genesee,City of Flint Precinct 36,County Treasurer,,REP,Deborah Hoss,1
Genesee,City of Flint Precinct 36,District Court Judge,67-5,,Glenn Cotton,1
Genesee,City of Flint Precinct 36,District Court Judge,67-5,,Heather Burnash,1
Genesee,City of Flint Precinct 36,District Court Judge,67-5,,Tabitha M. Marsh,4
Genesee,City of Flint Precinct 36,District Court Judge,67-5,,Torchio W. Feaster,1
Genesee,City of Flint Precinct 36,Drain Commissioner,,DEM,Jeff Wright,2
Genesee,City of Flint Precinct 36,Drain Commissioner,,DEM,Travis R. Wines,5
Genesee,City of Flint Precinct 36,Mass Transportation Authority Millage Replacement Proposal,,,No,1
Genesee,City of Flint Precinct 36,Mass Transportation Authority Millage Replacement Proposal,,,Yes,8
Genesee,City of Flint Precinct 36,Prosecuting Attorney,,DEM,David Leyton,2
Genesee,City of Flint Precinct 36,Prosecuting Attorney,,DEM,Trachelle C. Young,5
Genesee,City of Flint Precinct 36,Registered Voters,,,,101
Genesee,City of Flint Precinct 36,Sheriff,,DEM,Christopher R. Swanson,1
Genesee,City of Flint Precinct 36,Sheriff,,DEM,Phil Hart,0
Genesee,City of Flint Precinct 36,Sheriff,,DEM,Timothy Johnson,6
Genesee,City of Flint Precinct 36,Sheriff,,REP,Stephen Sanford,1
Genesee,City of Flint Precinct 36,State House,34,DEM,Arthur Woodson,0
Genesee,City of Flint Precinct 36,State House,34,DEM,Claudia Perkins-Milton,4
Genesee,City of Flint Precinct 36,State House,34,DEM,Cynthia R. Neeley,2
Genesee,City of Flint Precinct 36,State House,34,DEM,DelTonya Burns,0
Genesee,City of Flint Precinct 36,State House,34,DEM,Diana A. Phillips,0
Genesee,City of Flint Precinct 36,State House,34,REP,James Miraglia,1
Genesee,City of Flint Precinct 36,Surveyor,,DEM,Kim Carlson,7
Genesee,City of Flint Precinct 36,U.S. House,5,DEM,Daniel T. Kildee,7
Genesee,City of Flint Precinct 36,U.S. House,5,REP,Earl Lackie,0
Genesee,City of Flint Precinct 36,U.S. House,5,REP,Tim Kelly,1
Genesee,City of Flint Precinct 36,U.S. Senate,,DEM,Gary Peters,6
Genesee,City of Flint Precinct 36,U.S. Senate,,REP,John James,1
Genesee,City of Flint Precinct 37,Animal Control Shelter Millage Renewal Proposal,,,No,45
Genesee,City of Flint Precinct 37,Animal Control Shelter Millage Renewal Proposal,,,Yes,111
Genesee,City of Flint Precinct 37,Ballots Cast,,,,184
Genesee,City of Flint Precinct 37,Circuit Court Judge,7,,Chris Christenson,14
Genesee,City of Flint Precinct 37,Circuit Court Judge,7,,Herman Marable Jr.,106
Genesee,City of Flint Precinct 37,Circuit Court Judge,7,,Stephanie Witucki,12
Genesee,City of Flint Precinct 37,Clerk and Register of Deeds,,DEM,John J. Gleason,90
Genesee,City of Flint Precinct 37,Clerk and Register of Deeds,,DEM,Renee' D. Watson,78
Genesee,City of Flint Precinct 37,Clerk and Register of Deeds,,REP,Jesse Couch,1
Genesee,City of Flint Precinct 37,County Commissioner,2,DEM,Charles H. Winfrey,69
Genesee,City of Flint Precinct 37,County Commissioner,2,DEM,Corey Lockett,10
Genesee,City of Flint Precinct 37,County Commissioner,2,DEM,Michael C. F. Clack,85
Genesee,City of Flint Precinct 37,County Treasurer,,DEM,Deborah Cherry,155
Genesee,City of Flint Precinct 37,County Treasurer,,REP,Deborah Hoss,1
Genesee,City of Flint Precinct 37,District Court Judge,67-5,,Glenn Cotton,7
Genesee,City of Flint Precinct 37,District Court Judge,67-5,,Heather Burnash,5
Genesee,City of Flint Precinct 37,District Court Judge,67-5,,Tabitha M. Marsh,87
Genesee,City of Flint Precinct 37,District Court Judge,67-5,,Torchio W. Feaster,35
Genesee,City of Flint Precinct 37,Drain Commissioner,,DEM,Jeff Wright,103
Genesee,City of Flint Precinct 37,Drain Commissioner,,DEM,Travis R. Wines,53
Genesee,City of Flint Precinct 37,Mass Transportation Authority Millage Replacement Proposal,,,No,33
Genesee,City of Flint Precinct 37,Mass Transportation Authority Millage Replacement Proposal,,,Yes,128
Genesee,City of Flint Precinct 37,Prosecuting Attorney,,DEM,David Leyton,86
Genesee,City of Flint Precinct 37,Prosecuting Attorney,,DEM,Trachelle C. Young,78
Genesee,City of Flint Precinct 37,Registered Voters,,,,1080
Genesee,City of Flint Precinct 37,Sheriff,,DEM,Christopher R. Swanson,65
Genesee,City of Flint Precinct 37,Sheriff,,DEM,Phil Hart,23
Genesee,City of Flint Precinct 37,Sheriff,,DEM,Timothy Johnson,77
Genesee,City of Flint Precinct 37,Sheriff,,REP,Stephen Sanford,1
Genesee,City of Flint Precinct 37,State House,34,DEM,Arthur Woodson,20
Genesee,City of Flint Precinct 37,State House,34,DEM,Claudia Perkins-Milton,16
Genesee,City of Flint Precinct 37,State House,34,DEM,Cynthia R. Neeley,126
Genesee,City of Flint Precinct 37,State House,34,DEM,DelTonya Burns,6
Genesee,City of Flint Precinct 37,State House,34,DEM,Diana A. Phillips,2
Genesee,City of Flint Precinct 37,State House,34,REP,James Miraglia,1
Genesee,City of Flint Precinct 37,Surveyor,,DEM,Kim Carlson,145
Genesee,City of Flint Precinct 37,U.S. House,5,DEM,Daniel T. Kildee,166
Genesee,City of Flint Precinct 37,U.S. House,5,REP,Earl Lackie,0
Genesee,City of Flint Precinct 37,U.S. House,5,REP,Tim Kelly,1
Genesee,City of Flint Precinct 37,U.S. Senate,,DEM,Gary Peters,156
Genesee,City of Flint Precinct 37,U.S. Senate,,REP,John James,1
Genesee,City of Flint Precinct 38,Animal Control Shelter Millage Renewal Proposal,,,No,11
Genesee,City of Flint Precinct 38,Animal Control Shelter Millage Renewal Proposal,,,Yes,29
Genesee,City of Flint Precinct 38,Ballots Cast,,,,40
Genesee,City of Flint Precinct 38,Circuit Court Judge,7,,Chris Christenson,16
Genesee,City of Flint Precinct 38,Circuit Court Judge,7,,Herman Marable Jr.,7
Genesee,City of Flint Precinct 38,Circuit Court Judge,7,,Stephanie Witucki,9
Genesee,City of Flint Precinct 38,Clerk and Register of Deeds,,DEM,John J. Gleason,20
Genesee,City of Flint Precinct 38,Clerk and Register of Deeds,,DEM,Renee' D. Watson,9
Genesee,City of Flint Precinct 38,Clerk and Register of Deeds,,REP,Jesse Couch,6
Genesee,City of Flint Precinct 38,County Commissioner,2,DEM,Charles H. Winfrey,7
Genesee,City of Flint Precinct 38,County Commissioner,2,DEM,Corey Lockett,9
Genesee,City of Flint Precinct 38,County Commissioner,2,DEM,Michael C. F. Clack,7
Genesee,City of Flint Precinct 38,County Treasurer,,DEM,Deborah Cherry,27
Genesee,City of Flint Precinct 38,County Treasurer,,REP,Deborah Hoss,6
Genesee,City of Flint Precinct 38,District Court Judge,67-5,,Glenn Cotton,2
Genesee,City of Flint Precinct 38,District Court Judge,67-5,,Heather Burnash,12
Genesee,City of Flint Precinct 38,District Court Judge,67-5,,Tabitha M. Marsh,14
Genesee,City of Flint Precinct 38,District Court Judge,67-5,,Torchio W. Feaster,2
Genesee,City of Flint Precinct 38,Drain Commissioner,,DEM,Jeff Wright,18
Genesee,City of Flint Precinct 38,Drain Commissioner,,DEM,Travis R. Wines,11
Genesee,City of Flint Precinct 38,Mass Transportation Authority Millage Replacement Proposal,,,No,9
Genesee,City of Flint Precinct 38,Mass Transportation Authority Millage Replacement Proposal,,,Yes,29
Genesee,City of Flint Precinct 38,Prosecuting Attorney,,DEM,David Leyton,15
Genesee,City of Flint Precinct 38,Prosecuting Attorney,,DEM,Trachelle C. Young,14
Genesee,City of Flint Precinct 38,Registered Voters,,,,369
Genesee,City of Flint Precinct 38,Sheriff,,DEM,Christopher R. Swanson,16
Genesee,City of Flint Precinct 38,Sheriff,,DEM,Phil Hart,7
Genesee,City of Flint Precinct 38,Sheriff,,DEM,Timothy Johnson,6
Genesee,City of Flint Precinct 38,Sheriff,,REP,Stephen Sanford,6
Genesee,City of Flint Precinct 38,State House,49,DEM,John D. Cherry,27
Genesee,City of Flint Precinct 38,State House,49,REP,Bryan Lutz,7
Genesee,City of Flint Precinct 38,Surveyor,,DEM,Kim Carlson,26
Genesee,City of Flint Precinct 38,U.S. House,5,DEM,Daniel T. Kildee,27
Genesee,City of Flint Precinct 38,U.S. House,5,REP,Earl Lackie,2
Genesee,City of Flint Precinct 38,U.S. House,5,REP,Tim Kelly,5
Genesee,City of Flint Precinct 38,U.S. Senate,,DEM,Gary Peters,27
Genesee,City of Flint Precinct 38,U.S. Senate,,REP,John James,7
Genesee,City of Flint Precinct 39,Animal Control Shelter Millage Renewal Proposal,,,No,72
Genesee,City of Flint Precinct 39,Animal Control Shelter Millage Renewal Proposal,,,Yes,157
Genesee,City of Flint Precinct 39,Ballots Cast,,,,254
Genesee,City of Flint Precinct 39,Circuit Court Judge,7,,Chris Christenson,26
Genesee,City of Flint Precinct 39,Circuit Court Judge,7,,Herman Marable Jr.,159
Genesee,City of Flint Precinct 39,Circuit Court Judge,7,,Stephanie Witucki,21
Genesee,City of Flint Precinct 39,Clerk and Register of Deeds,,DEM,John J. Gleason,126
Genesee,City of Flint Precinct 39,Clerk and Register of Deeds,,DEM,Renee' D. Watson,101
Genesee,City of Flint Precinct 39,Clerk and Register of Deeds,,REP,Jesse Couch,1
Genesee,City of Flint Precinct 39,County Commissioner,2,DEM,Charles H. Winfrey,88
Genesee,City of Flint Precinct 39,County Commissioner,2,DEM,Corey Lockett,36
Genesee,City of Flint Precinct 39,County Commissioner,2,DEM,Michael C. F. Clack,107
Genesee,City of Flint Precinct 39,County Treasurer,,DEM,Deborah Cherry,215
Genesee,City of Flint Precinct 39,County Treasurer,,REP,Deborah Hoss,1
Genesee,City of Flint Precinct 39,District Court Judge,67-5,,Glenn Cotton,18
Genesee,City of Flint Precinct 39,District Court Judge,67-5,,Heather Burnash,9
Genesee,City of Flint Precinct 39,District Court Judge,67-5,,Tabitha M. Marsh,113
Genesee,City of Flint Precinct 39,District Court Judge,67-5,,Torchio W. Feaster,70
Genesee,City of Flint Precinct 39,Drain Commissioner,,DEM,Jeff Wright,146
Genesee,City of Flint Precinct 39,Drain Commissioner,,DEM,Travis R. Wines,76
Genesee,City of Flint Precinct 39,Mass Transportation Authority Millage Replacement Proposal,,,No,42
Genesee,City of Flint Precinct 39,Mass Transportation Authority Millage Replacement Proposal,,,Yes,188
Genesee,City of Flint Precinct 39,Prosecuting Attorney,,DEM,David Leyton,99
Genesee,City of Flint Precinct 39,Prosecuting Attorney,,DEM,Trachelle C. Young,134
Genesee,City of Flint Precinct 39,Registered Voters,,,,1203
Genesee,City of Flint Precinct 39,Sheriff,,DEM,Christopher R. Swanson,89
Genesee,City of Flint Precinct 39,Sheriff,,DEM,Phil Hart,25
Genesee,City of Flint Precinct 39,Sheriff,,DEM,Timothy Johnson,121
Genesee,City of Flint Precinct 39,Sheriff,,REP,Stephen Sanford,1
Genesee,City of Flint Precinct 39,State House,34,DEM,Arthur Woodson,26
Genesee,City of Flint Precinct 39,State House,34,DEM,Claudia Perkins-Milton,17
Genesee,City of Flint Precinct 39,State House,34,DEM,Cynthia R. Neeley,173
Genesee,City of Flint Precinct 39,State House,34,DEM,DelTonya Burns,14
Genesee,City of Flint Precinct 39,State House,34,DEM,Diana A. Phillips,5
Genesee,City of Flint Precinct 39,State House,34,REP,James Miraglia,2
Genesee,City of Flint Precinct 39,Surveyor,,DEM,Kim Carlson,202
Genesee,City of Flint Precinct 39,U.S. House,5,DEM,Daniel T. Kildee,228
Genesee,City of Flint Precinct 39,U.S. House,5,REP,Earl Lackie,0
Genesee,City of Flint Precinct 39,U.S. House,5,REP,Tim Kelly,2
Genesee,City of Flint Precinct 39,U.S. Senate,,DEM,Gary Peters,224
Genesee,City of Flint Precinct 39,U.S. Senate,,REP,John James,2
Genesee,City of Flint Precinct 4,Animal Control Shelter Millage Renewal Proposal,,,No,91
Genesee,City of Flint Precinct 4,Animal Control Shelter Millage Renewal Proposal,,,Yes,261
Genesee,City of Flint Precinct 4,Ballots Cast,,,,383
Genesee,City of Flint Precinct 4,Circuit Court Judge,7,,Chris Christenson,30
Genesee,City of Flint Precinct 4,Circuit Court Judge,7,,Herman Marable Jr.,261
Genesee,City of Flint Precinct 4,Circuit Court Judge,7,,Stephanie Witucki,32
Genesee,City of Flint Precinct 4,Clerk and Register of Deeds,,DEM,John J. Gleason,190
Genesee,City of Flint Precinct 4,Clerk and Register of Deeds,,DEM,Renee' D. Watson,163
Genesee,City of Flint Precinct 4,Clerk and Register of Deeds,,REP,Jesse Couch,2
Genesee,City of Flint Precinct 4,County Commissioner,1,DEM,Bryant Nolden,347
Genesee,City of Flint Precinct 4,County Treasurer,,DEM,Deborah Cherry,345
Genesee,City of Flint Precinct 4,County Treasurer,,REP,Deborah Hoss,2
Genesee,City of Flint Precinct 4,District Court Judge,67-5,,Glenn Cotton,15
Genesee,City of Flint Precinct 4,District Court Judge,67-5,,Heather Burnash,9
Genesee,City of Flint Precinct 4,District Court Judge,67-5,,Tabitha M. Marsh,208
Genesee,City of Flint Precinct 4,District Court Judge,67-5,,Torchio W. Feaster,87
Genesee,City of Flint Precinct 4,Drain Commissioner,,DEM,Jeff Wright,251
Genesee,City of Flint Precinct 4,Drain Commissioner,,DEM,Travis R. Wines,98
Genesee,City of Flint Precinct 4,Mass Transportation Authority Millage Replacement Proposal,,,No,54
Genesee,City of Flint Precinct 4,Mass Transportation Authority Millage Replacement Proposal,,,Yes,300
Genesee,City of Flint Precinct 4,Prosecuting Attorney,,DEM,David Leyton,156
Genesee,City of Flint Precinct 4,Prosecuting Attorney,,DEM,Trachelle C. Young,205
Genesee,City of Flint Precinct 4,Registered Voters,,,,1923
Genesee,City of Flint Precinct 4,Sheriff,,DEM,Christopher R. Swanson,134
Genesee,City of Flint Precinct 4,Sheriff,,DEM,Phil Hart,46
Genesee,City of Flint Precinct 4,Sheriff,,DEM,Timothy Johnson,174
Genesee,City of Flint Precinct 4,Sheriff,,REP,Stephen Sanford,2
Genesee,City of Flint Precinct 4,State House,34,DEM,Arthur Woodson,52
Genesee,City of Flint Precinct 4,State House,34,DEM,Claudia Perkins-Milton,37
Genesee,City of Flint Precinct 4,State House,34,DEM,Cynthia R. Neeley,246
Genesee,City of Flint Precinct 4,State House,34,DEM,DelTonya Burns,15
Genesee,City of Flint Precinct 4,State House,34,DEM,Diana A. Phillips,7
Genesee,City of Flint Precinct 4,State House,34,REP,James Miraglia,2
Genesee,City of Flint Precinct 4,Surveyor,,DEM,Kim Carlson,334
Genesee,City of Flint Precinct 4,U.S. House,5,DEM,Daniel T. Kildee,353
Genesee,City of Flint Precinct 4,U.S. House,5,REP,Earl Lackie,0
Genesee,City of Flint Precinct 4,U.S. House,5,REP,Tim Kelly,1
Genesee,City of Flint Precinct 4,U.S. Senate,,DEM,Gary Peters,345
Genesee,City of Flint Precinct 4,U.S. Senate,,REP,John James,2
Genesee,City of Flint Precinct 40,Animal Control Shelter Millage Renewal Proposal,,,No,182
Genesee,City of Flint Precinct 40,Animal Control Shelter Millage Renewal Proposal,,,Yes,363
Genesee,City of Flint Precinct 40,Ballots Cast,,,,593
Genesee,City of Flint Precinct 40,Circuit Court Judge,7,,Chris Christenson,98
Genesee,City of Flint Precinct 40,Circuit Court Judge,7,,Herman Marable Jr.,356
Genesee,City of Flint Precinct 40,Circuit Court Judge,7,,Stephanie Witucki,46
Genesee,City of Flint Precinct 40,Clerk and Register of Deeds,,DEM,John J. Gleason,304
Genesee,City of Flint Precinct 40,Clerk and Register of Deeds,,DEM,Renee' D. Watson,248
Genesee,City of Flint Precinct 40,Clerk and Register of Deeds,,REP,Jesse Couch,7
Genesee,City of Flint Precinct 40,County Commissioner,2,DEM,Charles H. Winfrey,281
Genesee,City of Flint Precinct 40,County Commissioner,2,DEM,Corey Lockett,34
Genesee,City of Flint Precinct 40,County Commissioner,2,DEM,Michael C. F. Clack,239
Genesee,City of Flint Precinct 40,County Treasurer,,DEM,Deborah Cherry,527
Genesee,City of Flint Precinct 40,County Treasurer,,REP,Deborah Hoss,7
Genesee,City of Flint Precinct 40,District Court Judge,67-5,,Glenn Cotton,56
Genesee,City of Flint Precinct 40,District Court Judge,67-5,,Heather Burnash,23
Genesee,City of Flint Precinct 40,District Court Judge,67-5,,Tabitha M. Marsh,281
Genesee,City of Flint Precinct 40,District Court Judge,67-5,,Torchio W. Feaster,139
Genesee,City of Flint Precinct 40,Drain Commissioner,,DEM,Jeff Wright,398
Genesee,City of Flint Precinct 40,Drain Commissioner,,DEM,Travis R. Wines,140
Genesee,City of Flint Precinct 40,Mass Transportation Authority Millage Replacement Proposal,,,No,112
Genesee,City of Flint Precinct 40,Mass Transportation Authority Millage Replacement Proposal,,,Yes,436
Genesee,City of Flint Precinct 40,Prosecuting Attorney,,DEM,David Leyton,251
Genesee,City of Flint Precinct 40,Prosecuting Attorney,,DEM,Trachelle C. Young,307
Genesee,City of Flint Precinct 40,Registered Voters,,,,1783
Genesee,City of Flint Precinct 40,Sheriff,,DEM,Christopher R. Swanson,218
Genesee,City of Flint Precinct 40,Sheriff,,DEM,Phil Hart,67
Genesee,City of Flint Precinct 40,Sheriff,,DEM,Timothy Johnson,269
Genesee,City of Flint Precinct 40,Sheriff,,REP,Stephen Sanford,7
Genesee,City of Flint Precinct 40,State House,34,DEM,Arthur Woodson,96
Genesee,City of Flint Precinct 40,State House,34,DEM,Claudia Perkins-Milton,57
Genesee,City of Flint Precinct 40,State House,34,DEM,Cynthia R. Neeley,353
Genesee,City of Flint Precinct 40,State House,34,DEM,DelTonya Burns,45
Genesee,City of Flint Precinct 40,State House,34,DEM,Diana A. Phillips,12
Genesee,City of Flint Precinct 40,State House,34,REP,James Miraglia,7
Genesee,City of Flint Precinct 40,Surveyor,,DEM,Kim Carlson,506
Genesee,City of Flint Precinct 40,U.S. House,5,DEM,Daniel T. Kildee,552
Genesee,City of Flint Precinct 40,U.S. House,5,REP,Earl Lackie,1
Genesee,City of Flint Precinct 40,U.S. House,5,REP,Tim Kelly,7
Genesee,City of Flint Precinct 40,U.S. Senate,,DEM,Gary Peters,546
Genesee,City of Flint Precinct 40,U.S. Senate,,REP,John James,9
Genesee,City of Flint Precinct 41,Animal Control Shelter Millage Renewal Proposal,,,No,59
Genesee,City of Flint Precinct 41,Animal Control Shelter Millage Renewal Proposal,,,Yes,159
Genesee,City of Flint Precinct 41,Ballots Cast,,,,227
Genesee,City of Flint Precinct 41,Circuit Court Judge,7,,Chris Christenson,32
Genesee,City of Flint Precinct 41,Circuit Court Judge,7,,Herman Marable Jr.,140
Genesee,City of Flint Precinct 41,Circuit Court Judge,7,,Stephanie Witucki,18
Genesee,City of Flint Precinct 41,Clerk and Register of Deeds,,DEM,John J. Gleason,95
Genesee,City of Flint Precinct 41,Clerk and Register of Deeds,,DEM,Renee' D. Watson,107
Genesee,City of Flint Precinct 41,Clerk and Register of Deeds,,REP,Jesse Couch,6
Genesee,City of Flint Precinct 41,County Commissioner,2,DEM,Charles H. Winfrey,80
Genesee,City of Flint Precinct 41,County Commissioner,2,DEM,Corey Lockett,22
Genesee,City of Flint Precinct 41,County Commissioner,2,DEM,Michael C. F. Clack,98
Genesee,City of Flint Precinct 41,County Treasurer,,DEM,Deborah Cherry,196
Genesee,City of Flint Precinct 41,County Treasurer,,REP,Deborah Hoss,6
Genesee,City of Flint Precinct 41,District Court Judge,67-5,,Glenn Cotton,30
Genesee,City of Flint Precinct 41,District Court Judge,67-5,,Heather Burnash,15
Genesee,City of Flint Precinct 41,District Court Judge,67-5,,Tabitha M. Marsh,93
Genesee,City of Flint Precinct 41,District Court Judge,67-5,,Torchio W. Feaster,51
Genesee,City of Flint Precinct 41,Drain Commissioner,,DEM,Jeff Wright,125
Genesee,City of Flint Precinct 41,Drain Commissioner,,DEM,Travis R. Wines,70
Genesee,City of Flint Precinct 41,Mass Transportation Authority Millage Replacement Proposal,,,No,44
Genesee,City of Flint Precinct 41,Mass Transportation Authority Millage Replacement Proposal,,,Yes,172
Genesee,City of Flint Precinct 41,Prosecuting Attorney,,DEM,David Leyton,90
Genesee,City of Flint Precinct 41,Prosecuting Attorney,,DEM,Trachelle C. Young,113
Genesee,City of Flint Precinct 41,Registered Voters,,,,1255
Genesee,City of Flint Precinct 41,Sheriff,,DEM,Christopher R. Swanson,80
Genesee,City of Flint Precinct 41,Sheriff,,DEM,Phil Hart,22
Genesee,City of Flint Precinct 41,Sheriff,,DEM,Timothy Johnson,94
Genesee,City of Flint Precinct 41,Sheriff,,REP,Stephen Sanford,6
Genesee,City of Flint Precinct 41,State House,34,DEM,Arthur Woodson,35
Genesee,City of Flint Precinct 41,State House,34,DEM,Claudia Perkins-Milton,29
Genesee,City of Flint Precinct 41,State House,34,DEM,Cynthia R. Neeley,118
Genesee,City of Flint Precinct 41,State House,34,DEM,DelTonya Burns,19
Genesee,City of Flint Precinct 41,State House,34,DEM,Diana A. Phillips,4
Genesee,City of Flint Precinct 41,State House,34,REP,James Miraglia,6
Genesee,City of Flint Precinct 41,Surveyor,,DEM,Kim Carlson,183
Genesee,City of Flint Precinct 41,U.S. House,5,DEM,Daniel T. Kildee,202
Genesee,City of Flint Precinct 41,U.S. House,5,REP,Earl Lackie,3
Genesee,City of Flint Precinct 41,U.S. House,5,REP,Tim Kelly,4
Genesee,City of Flint Precinct 41,U.S. Senate,,DEM,Gary Peters,199
Genesee,City of Flint Precinct 41,U.S. Senate,,REP,John James,7
Genesee,City of Flint Precinct 42,Animal Control Shelter Millage Renewal Proposal,,,No,87
Genesee,City of Flint Precinct 42,Animal Control Shelter Millage Renewal Proposal,,,Yes,267
Genesee,City of Flint Precinct 42,Ballots Cast,,,,383
Genesee,City of Flint Precinct 42,Circuit Court Judge,7,,Chris Christenson,86
Genesee,City of Flint Precinct 42,Circuit Court Judge,7,,Herman Marable Jr.,161
Genesee,City of Flint Precinct 42,Circuit Court Judge,7,,Stephanie Witucki,68
Genesee,City of Flint Precinct 42,Clerk and Register of Deeds,,DEM,John J. Gleason,164
Genesee,City of Flint Precinct 42,Clerk and Register of Deeds,,DEM,Renee' D. Watson,153
Genesee,City of Flint Precinct 42,Clerk and Register of Deeds,,REP,Jesse Couch,27
Genesee,City of Flint Precinct 42,County Commissioner,4,DEM,Domonique Clemons,217
Genesee,City of Flint Precinct 42,County Commissioner,4,DEM,Donald Wright,74
Genesee,City of Flint Precinct 42,County Commissioner,4,REP,Anthony O'Neal Wilson (W),0
Genesee,City of Flint Precinct 42,County Treasurer,,DEM,Deborah Cherry,282
Genesee,City of Flint Precinct 42,County Treasurer,,REP,Deborah Hoss,27
Genesee,City of Flint Precinct 42,District Court Judge,67-5,,Glenn Cotton,19
Genesee,City of Flint Precinct 42,District Court Judge,67-5,,Heather Burnash,98
Genesee,City of Flint Precinct 42,District Court Judge,67-5,,Tabitha M. Marsh,126
Genesee,City of Flint Precinct 42,District Court Judge,67-5,,Torchio W. Feaster,75
Genesee,City of Flint Precinct 42,Drain Commissioner,,DEM,Jeff Wright,196
Genesee,City of Flint Precinct 42,Drain Commissioner,,DEM,Travis R. Wines,94
Genesee,City of Flint Precinct 42,Mass Transportation Authority Millage Replacement Proposal,,,No,79
Genesee,City of Flint Precinct 42,Mass Transportation Authority Millage Replacement Proposal,,,Yes,270
Genesee,City of Flint Precinct 42,Prosecuting Attorney,,DEM,David Leyton,148
Genesee,City of Flint Precinct 42,Prosecuting Attorney,,DEM,Trachelle C. Young,172
Genesee,City of Flint Precinct 42,Registered Voters,,,,1254
Genesee,City of Flint Precinct 42,Sheriff,,DEM,Christopher R. Swanson,171
Genesee,City of Flint Precinct 42,Sheriff,,DEM,Phil Hart,54
Genesee,City of Flint Precinct 42,Sheriff,,DEM,Timothy Johnson,88
Genesee,City of Flint Precinct 42,Sheriff,,REP,Stephen Sanford,27
Genesee,City of Flint Precinct 42,State House,34,DEM,Arthur Woodson,44
Genesee,City of Flint Precinct 42,State House,34,DEM,Claudia Perkins-Milton,20
Genesee,City of Flint Precinct 42,State House,34,DEM,Cynthia R. Neeley,229
Genesee,City of Flint Precinct 42,State House,34,DEM,DelTonya Burns,10
Genesee,City of Flint Precinct 42,State House,34,DEM,Diana A. Phillips,17
Genesee,City of Flint Precinct 42,State House,34,REP,James Miraglia,31
Genesee,City of Flint Precinct 42,Surveyor,,DEM,Kim Carlson,271
Genesee,City of Flint Precinct 42,U.S. House,5,DEM,Daniel T. Kildee,298
Genesee,City of Flint Precinct 42,U.S. House,5,REP,Earl Lackie,13
Genesee,City of Flint Precinct 42,U.S. House,5,REP,Tim Kelly,20
Genesee,City of Flint Precinct 42,U.S. Senate,,DEM,Gary Peters,290
Genesee,City of Flint Precinct 42,U.S. Senate,,REP,John James,33
Genesee,City of Flint Precinct 43,Animal Control Shelter Millage Renewal Proposal,,,No,15
Genesee,City of Flint Precinct 43,Animal Control Shelter Millage Renewal Proposal,,,Yes,42
Genesee,City of Flint Precinct 43,Ballots Cast,,,,63
Genesee,City of Flint Precinct 43,Circuit Court Judge,7,,Chris Christenson,20
Genesee,City of Flint Precinct 43,Circuit Court Judge,7,,Herman Marable Jr.,23
Genesee,City of Flint Precinct 43,Circuit Court Judge,7,,Stephanie Witucki,7
Genesee,City of Flint Precinct 43,Clerk and Register of Deeds,,DEM,John J. Gleason,33
Genesee,City of Flint Precinct 43,Clerk and Register of Deeds,,DEM,Renee' D. Watson,17
Genesee,City of Flint Precinct 43,Clerk and Register of Deeds,,REP,Jesse Couch,7
Genesee,City of Flint Precinct 43,County Commissioner,4,DEM,Domonique Clemons,20
Genesee,City of Flint Precinct 43,County Commissioner,4,DEM,Donald Wright,27
Genesee,City of Flint Precinct 43,County Commissioner,4,REP,Anthony O'Neal Wilson (W),0
Genesee,City of Flint Precinct 43,County Treasurer,,DEM,Deborah Cherry,46
Genesee,City of Flint Precinct 43,County Treasurer,,REP,Deborah Hoss,7
Genesee,City of Flint Precinct 43,District Court Judge,67-5,,Glenn Cotton,5
Genesee,City of Flint Precinct 43,District Court Judge,67-5,,Heather Burnash,15
Genesee,City of Flint Precinct 43,District Court Judge,67-5,,Tabitha M. Marsh,18
Genesee,City of Flint Precinct 43,District Court Judge,67-5,,Torchio W. Feaster,13
Genesee,City of Flint Precinct 43,Drain Commissioner,,DEM,Jeff Wright,29
Genesee,City of Flint Precinct 43,Drain Commissioner,,DEM,Travis R. Wines,19
Genesee,City of Flint Precinct 43,Mass Transportation Authority Millage Replacement Proposal,,,No,15
Genesee,City of Flint Precinct 43,Mass Transportation Authority Millage Replacement Proposal,,,Yes,45
Genesee,City of Flint Precinct 43,Prosecuting Attorney,,DEM,David Leyton,25
Genesee,City of Flint Precinct 43,Prosecuting Attorney,,DEM,Trachelle C. Young,27
Genesee,City of Flint Precinct 43,Registered Voters,,,,502
Genesee,City of Flint Precinct 43,Sheriff,,DEM,Christopher R. Swanson,24
Genesee,City of Flint Precinct 43,Sheriff,,DEM,Phil Hart,10
Genesee,City of Flint Precinct 43,Sheriff,,DEM,Timothy Johnson,14
Genesee,City of Flint Precinct 43,Sheriff,,REP,Stephen Sanford,7
Genesee,City of Flint Precinct 43,State House,49,DEM,John D. Cherry,44
Genesee,City of Flint Precinct 43,State House,49,REP,Bryan Lutz,7
Genesee,City of Flint Precinct 43,Surveyor,,DEM,Kim Carlson,44
Genesee,City of Flint Precinct 43,U.S. House,5,DEM,Daniel T. Kildee,49
Genesee,City of Flint Precinct 43,U.S. House,5,REP,Earl Lackie,0
Genesee,City of Flint Precinct 43,U.S. House,5,REP,Tim Kelly,7
Genesee,City of Flint Precinct 43,U.S. Senate,,DEM,Gary Peters,48
Genesee,City of Flint Precinct 43,U.S. Senate,,REP,John James,7
Genesee,City of Flint Precinct 44,Animal Control Shelter Millage Renewal Proposal,,,No,78
Genesee,City of Flint Precinct 44,Animal Control Shelter Millage Renewal Proposal,,,Yes,208
Genesee,City of Flint Precinct 44,Ballots Cast,,,,306
Genesee,City of Flint Precinct 44,Circuit Court Judge,7,,Chris Christenson,71
Genesee,City of Flint Precinct 44,Circuit Court Judge,7,,Herman Marable Jr.,131
Genesee,City of Flint Precinct 44,Circuit Court Judge,7,,Stephanie Witucki,53
Genesee,City of Flint Precinct 44,Clerk and Register of Deeds,,DEM,John J. Gleason,127
Genesee,City of Flint Precinct 44,Clerk and Register of Deeds,,DEM,Renee' D. Watson,139
Genesee,City of Flint Precinct 44,Clerk and Register of Deeds,,REP,Jesse Couch,13
Genesee,City of Flint Precinct 44,County Commissioner,4,DEM,Domonique Clemons,173
Genesee,City of Flint Precinct 44,County Commissioner,4,DEM,Donald Wright,80
Genesee,City of Flint Precinct 44,County Commissioner,4,REP,Anthony O'Neal Wilson (W),0
Genesee,City of Flint Precinct 44,County Treasurer,,DEM,Deborah Cherry,247
Genesee,City of Flint Precinct 44,County Treasurer,,REP,Deborah Hoss,13
Genesee,City of Flint Precinct 44,District Court Judge,67-5,,Glenn Cotton,21
Genesee,City of Flint Precinct 44,District Court Judge,67-5,,Heather Burnash,62
Genesee,City of Flint Precinct 44,District Court Judge,67-5,,Tabitha M. Marsh,126
Genesee,City of Flint Precinct 44,District Court Judge,67-5,,Torchio W. Feaster,45
Genesee,City of Flint Precinct 44,Drain Commissioner,,DEM,Jeff Wright,178
Genesee,City of Flint Precinct 44,Drain Commissioner,,DEM,Travis R. Wines,79
Genesee,City of Flint Precinct 44,Mass Transportation Authority Millage Replacement Proposal,,,No,53
Genesee,City of Flint Precinct 44,Mass Transportation Authority Millage Replacement Proposal,,,Yes,221
Genesee,City of Flint Precinct 44,Prosecuting Attorney,,DEM,David Leyton,125
Genesee,City of Flint Precinct 44,Prosecuting Attorney,,DEM,Trachelle C. Young,142
Genesee,City of Flint Precinct 44,Registered Voters,,,,1428
Genesee,City of Flint Precinct 44,Sheriff,,DEM,Christopher R. Swanson,143
Genesee,City of Flint Precinct 44,Sheriff,,DEM,Phil Hart,30
Genesee,City of Flint Precinct 44,Sheriff,,DEM,Timothy Johnson,93
Genesee,City of Flint Precinct 44,Sheriff,,REP,Stephen Sanford,13
Genesee,City of Flint Precinct 44,State House,34,DEM,Arthur Woodson,32
Genesee,City of Flint Precinct 44,State House,34,DEM,Claudia Perkins-Milton,34
Genesee,City of Flint Precinct 44,State House,34,DEM,Cynthia R. Neeley,171
Genesee,City of Flint Precinct 44,State House,34,DEM,DelTonya Burns,12
Genesee,City of Flint Precinct 44,State House,34,DEM,Diana A. Phillips,19
Genesee,City of Flint Precinct 44,State House,34,REP,James Miraglia,14
Genesee,City of Flint Precinct 44,Surveyor,,DEM,Kim Carlson,236
Genesee,City of Flint Precinct 44,U.S. House,5,DEM,Daniel T. Kildee,262
Genesee,City of Flint Precinct 44,U.S. House,5,REP,Earl Lackie,2
Genesee,City of Flint Precinct 44,U.S. House,5,REP,Tim Kelly,12
Genesee,City of Flint Precinct 44,U.S. Senate,,DEM,Gary Peters,257
Genesee,City of Flint Precinct 44,U.S. Senate,,REP,John James,15
Genesee,City of Flint Precinct 45,Animal Control Shelter Millage Renewal Proposal,,,No,81
Genesee,City of Flint Precinct 45,Animal Control Shelter Millage Renewal Proposal,,,Yes,428
Genesee,City of Flint Precinct 45,Ballots Cast,,,,549
Genesee,City of Flint Precinct 45,Circuit Court Judge,7,,Chris Christenson,123
Genesee,City of Flint Precinct 45,Circuit Court Judge,7,,Herman Marable Jr.,245
Genesee,City of Flint Precinct 45,Circuit Court Judge,7,,Stephanie Witucki,99
Genesee,City of Flint Precinct 45,Clerk and Register of Deeds,,DEM,John J. Gleason,251
Genesee,City of Flint Precinct 45,Clerk and Register of Deeds,,DEM,Renee' D. Watson,221
Genesee,City of Flint Precinct 45,Clerk and Register of Deeds,,REP,Jesse Couch,23
Genesee,City of Flint Precinct 45,County Commissioner,2,DEM,Charles H. Winfrey,207
Genesee,City of Flint Precinct 45,County Commissioner,2,DEM,Corey Lockett,87
Genesee,City of Flint Precinct 45,County Commissioner,2,DEM,Michael C. F. Clack,161
Genesee,City of Flint Precinct 45,County Treasurer,,DEM,Deborah Cherry,445
Genesee,City of Flint Precinct 45,County Treasurer,,REP,Deborah Hoss,22
Genesee,City of Flint Precinct 45,District Court Judge,67-5,,Glenn Cotton,16
Genesee,City of Flint Precinct 45,District Court Judge,67-5,,Heather Burnash,145
Genesee,City of Flint Precinct 45,District Court Judge,67-5,,Tabitha M. Marsh,192
Genesee,City of Flint Precinct 45,District Court Judge,67-5,,Torchio W. Feaster,116
Genesee,City of Flint Precinct 45,Drain Commissioner,,DEM,Jeff Wright,295
Genesee,City of Flint Precinct 45,Drain Commissioner,,DEM,Travis R. Wines,151
Genesee,City of Flint Precinct 45,Mass Transportation Authority Millage Replacement Proposal,,,No,73
Genesee,City of Flint Precinct 45,Mass Transportation Authority Millage Replacement Proposal,,,Yes,443
Genesee,City of Flint Precinct 45,Prosecuting Attorney,,DEM,David Leyton,237
Genesee,City of Flint Precinct 45,Prosecuting Attorney,,DEM,Trachelle C. Young,241
Genesee,City of Flint Precinct 45,Registered Voters,,,,2289
Genesee,City of Flint Precinct 45,Sheriff,,DEM,Christopher R. Swanson,223
Genesee,City of Flint Precinct 45,Sheriff,,DEM,Phil Hart,83
Genesee,City of Flint Precinct 45,Sheriff,,DEM,Timothy Johnson,167
Genesee,City of Flint Precinct 45,Sheriff,,REP,Stephen Sanford,21
Genesee,City of Flint Precinct 45,State House,49,DEM,John D. Cherry,459
Genesee,City of Flint Precinct 45,State House,49,REP,Bryan Lutz,25
Genesee,City of Flint Precinct 45,Surveyor,,DEM,Kim Carlson,412
Genesee,City of Flint Precinct 45,U.S. House,5,DEM,Daniel T. Kildee,475
Genesee,City of Flint Precinct 45,U.S. House,5,REP,Earl Lackie,4
Genesee,City of Flint Precinct 45,U.S. House,5,REP,Tim Kelly,20
Genesee,City of Flint Precinct 45,U.S. Senate,,DEM,Gary Peters,469
Genesee,City of Flint Precinct 45,U.S. Senate,,REP,John James,30
Genesee,City of Flint Precinct 46,Animal Control Shelter Millage Renewal Proposal,,,No,76
Genesee,City of Flint Precinct 46,Animal Control Shelter Millage Renewal Proposal,,,Yes,369
Genesee,City of Flint Precinct 46,Ballots Cast,,,,454
Genesee,City of Flint Precinct 46,Circuit Court Judge,7,,Chris Christenson,189
Genesee,City of Flint Precinct 46,Circuit Court Judge,7,,Herman Marable Jr.,117
Genesee,City of Flint Precinct 46,Circuit Court Judge,7,,Stephanie Witucki,93
Genesee,City of Flint Precinct 46,Clerk and Register of Deeds,,DEM,John J. Gleason,171
Genesee,City of Flint Precinct 46,Clerk and Register of Deeds,,DEM,Renee' D. Watson,183
Genesee,City of Flint Precinct 46,Clerk and Register of Deeds,,REP,Jesse Couch,48
Genesee,City of Flint Precinct 46,County Commissioner,2,DEM,Charles H. Winfrey,160
Genesee,City of Flint Precinct 46,County Commissioner,2,DEM,Corey Lockett,55
Genesee,City of Flint Precinct 46,County Commissioner,2,DEM,Michael C. F. Clack,100
Genesee,City of Flint Precinct 46,County Treasurer,,DEM,Deborah Cherry,326
Genesee,City of Flint Precinct 46,County Treasurer,,REP,Deborah Hoss,48
Genesee,City of Flint Precinct 46,District Court Judge,67-5,,Glenn Cotton,10
Genesee,City of Flint Precinct 46,District Court Judge,67-5,,Heather Burnash,253
Genesee,City of Flint Precinct 46,District Court Judge,67-5,,Tabitha M. Marsh,95
Genesee,City of Flint Precinct 46,District Court Judge,67-5,,Torchio W. Feaster,41
Genesee,City of Flint Precinct 46,Drain Commissioner,,DEM,Jeff Wright,229
Genesee,City of Flint Precinct 46,Drain Commissioner,,DEM,Travis R. Wines,107
Genesee,City of Flint Precinct 46,Mass Transportation Authority Millage Replacement Proposal,,,No,82
Genesee,City of Flint Precinct 46,Mass Transportation Authority Millage Replacement Proposal,,,Yes,357
Genesee,City of Flint Precinct 46,Prosecuting Attorney,,DEM,David Leyton,218
Genesee,City of Flint Precinct 46,Prosecuting Attorney,,DEM,Trachelle C. Young,145
Genesee,City of Flint Precinct 46,Registered Voters,,,,1225
Genesee,City of Flint Precinct 46,Sheriff,,DEM,Christopher R. Swanson,172
Genesee,City of Flint Precinct 46,Sheriff,,DEM,Phil Hart,130
Genesee,City of Flint Precinct 46,Sheriff,,DEM,Timothy Johnson,65
Genesee,City of Flint Precinct 46,Sheriff,,REP,Stephen Sanford,48
Genesee,City of Flint Precinct 46,State House,49,DEM,John D. Cherry,338
Genesee,City of Flint Precinct 46,State House,49,REP,Bryan Lutz,58
Genesee,City of Flint Precinct 46,Surveyor,,DEM,Kim Carlson,279
Genesee,City of Flint Precinct 46,U.S. House,5,DEM,Daniel T. Kildee,339
Genesee,City of Flint Precinct 46,U.S. House,5,REP,Earl Lackie,15
Genesee,City of Flint Precinct 46,U.S. House,5,REP,Tim Kelly,43
Genesee,City of Flint Precinct 46,U.S. Senate,,DEM,Gary Peters,326
Genesee,City of Flint Precinct 46,U.S. Senate,,REP,John James,65
Genesee,City of Flint Precinct 47,Animal Control Shelter Millage Renewal Proposal,,,No,22
Genesee,City of Flint Precinct 47,Animal Control Shelter Millage Renewal Proposal,,,Yes,109
Genesee,City of Flint Precinct 47,Ballots Cast,,,,141
Genesee,City of Flint Precinct 47,Circuit Court Judge,7,,Chris Christenson,19
Genesee,City of Flint Precinct 47,Circuit Court Judge,7,,Herman Marable Jr.,62
Genesee,City of Flint Precinct 47,Circuit Court Judge,7,,Stephanie Witucki,34
Genesee,City of Flint Precinct 47,Clerk and Register of Deeds,,DEM,John J. Gleason,81
Genesee,City of Flint Precinct 47,Clerk and Register of Deeds,,DEM,Renee' D. Watson,46
Genesee,City of Flint Precinct 47,Clerk and Register of Deeds,,REP,Jesse Couch,8
Genesee,City of Flint Precinct 47,County Commissioner,2,DEM,Charles H. Winfrey,42
Genesee,City of Flint Precinct 47,County Commissioner,2,DEM,Corey Lockett,28
Genesee,City of Flint Precinct 47,County Commissioner,2,DEM,Michael C. F. Clack,52
Genesee,City of Flint Precinct 47,County Treasurer,,DEM,Deborah Cherry,122
Genesee,City of Flint Precinct 47,County Treasurer,,REP,Deborah Hoss,8
Genesee,City of Flint Precinct 47,District Court Judge,67-5,,Glenn Cotton,6
Genesee,City of Flint Precinct 47,District Court Judge,67-5,,Heather Burnash,49
Genesee,City of Flint Precinct 47,District Court Judge,67-5,,Tabitha M. Marsh,39
Genesee,City of Flint Precinct 47,District Court Judge,67-5,,Torchio W. Feaster,21
Genesee,City of Flint Precinct 47,Drain Commissioner,,DEM,Jeff Wright,86
Genesee,City of Flint Precinct 47,Drain Commissioner,,DEM,Travis R. Wines,33
Genesee,City of Flint Precinct 47,Mass Transportation Authority Millage Replacement Proposal,,,No,23
Genesee,City of Flint Precinct 47,Mass Transportation Authority Millage Replacement Proposal,,,Yes,111
Genesee,City of Flint Precinct 47,Prosecuting Attorney,,DEM,David Leyton,77
Genesee,City of Flint Precinct 47,Prosecuting Attorney,,DEM,Trachelle C. Young,51
Genesee,City of Flint Precinct 47,Registered Voters,,,,600
Genesee,City of Flint Precinct 47,Sheriff,,DEM,Christopher R. Swanson,64
Genesee,City of Flint Precinct 47,Sheriff,,DEM,Phil Hart,22
Genesee,City of Flint Precinct 47,Sheriff,,DEM,Timothy Johnson,42
Genesee,City of Flint Precinct 47,Sheriff,,REP,Stephen Sanford,8
Genesee,City of Flint Precinct 47,State House,34,DEM,Arthur Woodson,15
Genesee,City of Flint Precinct 47,State House,34,DEM,Claudia Perkins-Milton,8
Genesee,City of Flint Precinct 47,State House,34,DEM,Cynthia R. Neeley,88
Genesee,City of Flint Precinct 47,State House,34,DEM,DelTonya Burns,2
Genesee,City of Flint Precinct 47,State House,34,DEM,Diana A. Phillips,15
Genesee,City of Flint Precinct 47,State House,34,REP,James Miraglia,7
Genesee,City of Flint Precinct 47,Surveyor,,DEM,Kim Carlson,115
Genesee,City of Flint Precinct 47,U.S. House,5,DEM,Daniel T. Kildee,128
Genesee,City of Flint Precinct 47,U.S. House,5,REP,Earl Lackie,0
Genesee,City of Flint Precinct 47,U.S. House,5,REP,Tim Kelly,8
Genesee,City of Flint Precinct 47,U.S. Senate,,DEM,Gary Peters,129
Genesee,City of Flint Precinct 47,U.S. Senate,,REP,John James,7
Genesee,City of Flint Precinct 48,Animal Control Shelter Millage Renewal Proposal,,,No,73
Genesee,City of Flint Precinct 48,Animal Control Shelter Millage Renewal Proposal,,,Yes,364
Genesee,City of Flint Precinct 48,Ballots Cast,,,,462
Genesee,City of Flint Precinct 48,Circuit Court Judge,7,,Chris Christenson,120
Genesee,City of Flint Precinct 48,Circuit Court Judge,7,,Herman Marable Jr.,173
Genesee,City of Flint Precinct 48,Circuit Court Judge,7,,Stephanie Witucki,84
Genesee,City of Flint Precinct 48,Clerk and Register of Deeds,,DEM,John J. Gleason,205
Genesee,City of Flint Precinct 48,Clerk and Register of Deeds,,DEM,Renee' D. Watson,193
Genesee,City of Flint Precinct 48,Clerk and Register of Deeds,,REP,Jesse Couch,22
Genesee,City of Flint Precinct 48,County Commissioner,2,DEM,Charles H. Winfrey,162
Genesee,City of Flint Precinct 48,County Commissioner,2,DEM,Corey Lockett,91
Genesee,City of Flint Precinct 48,County Commissioner,2,DEM,Michael C. F. Clack,112
Genesee,City of Flint Precinct 48,County Treasurer,,DEM,Deborah Cherry,375
Genesee,City of Flint Precinct 48,County Treasurer,,REP,Deborah Hoss,23
Genesee,City of Flint Precinct 48,District Court Judge,67-5,,Glenn Cotton,11
Genesee,City of Flint Precinct 48,District Court Judge,67-5,,Heather Burnash,185
Genesee,City of Flint Precinct 48,District Court Judge,67-5,,Tabitha M. Marsh,133
Genesee,City of Flint Precinct 48,District Court Judge,67-5,,Torchio W. Feaster,55
Genesee,City of Flint Precinct 48,Drain Commissioner,,DEM,Jeff Wright,272
Genesee,City of Flint Precinct 48,Drain Commissioner,,DEM,Travis R. Wines,111
Genesee,City of Flint Precinct 48,Mass Transportation Authority Millage Replacement Proposal,,,No,72
Genesee,City of Flint Precinct 48,Mass Transportation Authority Millage Replacement Proposal,,,Yes,367
Genesee,City of Flint Precinct 48,Prosecuting Attorney,,DEM,David Leyton,248
Genesee,City of Flint Precinct 48,Prosecuting Attorney,,DEM,Trachelle C. Young,160
Genesee,City of Flint Precinct 48,Registered Voters,,,,1253
Genesee,City of Flint Precinct 48,Sheriff,,DEM,Christopher R. Swanson,235
Genesee,City of Flint Precinct 48,Sheriff,,DEM,Phil Hart,81
Genesee,City of Flint Precinct 48,Sheriff,,DEM,Timothy Johnson,99
Genesee,City of Flint Precinct 48,Sheriff,,REP,Stephen Sanford,23
Genesee,City of Flint Precinct 48,State House,34,DEM,Arthur Woodson,48
Genesee,City of Flint Precinct 48,State House,34,DEM,Claudia Perkins-Milton,28
Genesee,City of Flint Precinct 48,State House,34,DEM,Cynthia R. Neeley,279
Genesee,City of Flint Precinct 48,State House,34,DEM,DelTonya Burns,11
Genesee,City of Flint Precinct 48,State House,34,DEM,Diana A. Phillips,37
Genesee,City of Flint Precinct 48,State House,34,REP,James Miraglia,24
Genesee,City of Flint Precinct 48,Surveyor,,DEM,Kim Carlson,347
Genesee,City of Flint Precinct 48,U.S. House,5,DEM,Daniel T. Kildee,404
Genesee,City of Flint Precinct 48,U.S. House,5,REP,Earl Lackie,6
Genesee,City of Flint Precinct 48,U.S. House,5,REP,Tim Kelly,19
Genesee,City of Flint Precinct 48,U.S. Senate,,DEM,Gary Peters,401
Genesee,City of Flint Precinct 48,U.S. Senate,,REP,John James,27
Genesee,City of Flint Precinct 49,Animal Control Shelter Millage Renewal Proposal,,,No,181
Genesee,City of Flint Precinct 49,Animal Control Shelter Millage Renewal Proposal,,,Yes,462
Genesee,City of Flint Precinct 49,Ballots Cast,,,,710
Genesee,City of Flint Precinct 49,Circuit Court Judge,7,,Chris Christenson,92
Genesee,City of Flint Precinct 49,Circuit Court Judge,7,,Herman Marable Jr.,486
Genesee,City of Flint Precinct 49,Circuit Court Judge,7,,Stephanie Witucki,38
Genesee,City of Flint Precinct 49,Clerk and Register of Deeds,,DEM,John J. Gleason,331
Genesee,City of Flint Precinct 49,Clerk and Register of Deeds,,DEM,Renee' D. Watson,308
Genesee,City of Flint Precinct 49,Clerk and Register of Deeds,,REP,Jesse Couch,6
Genesee,City of Flint Precinct 49,County Commissioner,3,DEM,Ellen Ellenburg,597
Genesee,City of Flint Precinct 49,County Commissioner,3,REP,Gary Goetzinger,4
Genesee,City of Flint Precinct 49,County Treasurer,,DEM,Deborah Cherry,610
Genesee,City of Flint Precinct 49,County Treasurer,,REP,Deborah Hoss,5
Genesee,City of Flint Precinct 49,District Court Judge,67-5,,Glenn Cotton,35
Genesee,City of Flint Precinct 49,District Court Judge,67-5,,Heather Burnash,26
Genesee,City of Flint Precinct 49,District Court Judge,67-5,,Tabitha M. Marsh,305
Genesee,City of Flint Precinct 49,District Court Judge,67-5,,Torchio W. Feaster,259
Genesee,City of Flint Precinct 49,Drain Commissioner,,DEM,Jeff Wright,434
Genesee,City of Flint Precinct 49,Drain Commissioner,,DEM,Travis R. Wines,187
Genesee,City of Flint Precinct 49,Mass Transportation Authority Millage Replacement Proposal,,,No,113
Genesee,City of Flint Precinct 49,Mass Transportation Authority Millage Replacement Proposal,,,Yes,518
Genesee,City of Flint Precinct 49,Prosecuting Attorney,,DEM,David Leyton,310
Genesee,City of Flint Precinct 49,Prosecuting Attorney,,DEM,Trachelle C. Young,340
Genesee,City of Flint Precinct 49,Registered Voters,,,,2095
Genesee,City of Flint Precinct 49,Sheriff,,DEM,Christopher R. Swanson,184
Genesee,City of Flint Precinct 49,Sheriff,,DEM,Phil Hart,60
Genesee,City of Flint Precinct 49,Sheriff,,DEM,Timothy Johnson,415
Genesee,City of Flint Precinct 49,Sheriff,,REP,Stephen Sanford,4
Genesee,City of Flint Precinct 49,State House,34,DEM,Arthur Woodson,62
Genesee,City of Flint Precinct 49,State House,34,DEM,Claudia Perkins-Milton,86
Genesee,City of Flint Precinct 49,State House,34,DEM,Cynthia R. Neeley,431
Genesee,City of Flint Precinct 49,State House,34,DEM,DelTonya Burns,69
Genesee,City of Flint Precinct 49,State House,34,DEM,Diana A. Phillips,10
Genesee,City of Flint Precinct 49,State House,34,REP,James Miraglia,5
Genesee,City of Flint Precinct 49,Surveyor,,DEM,Kim Carlson,603
Genesee,City of Flint Precinct 49,U.S. House,5,DEM,Daniel T. Kildee,639
Genesee,City of Flint Precinct 49,U.S. House,5,REP,Earl Lackie,1
Genesee,City of Flint Precinct 49,U.S. House,5,REP,Tim Kelly,5
Genesee,City of Flint Precinct 49,U.S. Senate,,DEM,Gary Peters,632
Genesee,City of Flint Precinct 49,U.S. Senate,,REP,John James,5
Genesee,City of Flint Precinct 5,Animal Control Shelter Millage Renewal Proposal,,,No,65
Genesee,City of Flint Precinct 5,Animal Control Shelter Millage Renewal Proposal,,,Yes,143
Genesee,City of Flint Precinct 5,Ballots Cast,,,,240
Genesee,City of Flint Precinct 5,Circuit Court Judge,7,,Chris Christenson,28
Genesee,City of Flint Precinct 5,Circuit Court Judge,7,,Herman Marable Jr.,154
Genesee,City of Flint Precinct 5,Circuit Court Judge,7,,Stephanie Witucki,15
Genesee,City of Flint Precinct 5,Clerk and Register of Deeds,,DEM,John J. Gleason,125
Genesee,City of Flint Precinct 5,Clerk and Register of Deeds,,DEM,Renee' D. Watson,103
Genesee,City of Flint Precinct 5,Clerk and Register of Deeds,,REP,Jesse Couch,0
Genesee,City of Flint Precinct 5,County Commissioner,1,DEM,Bryant Nolden,218
Genesee,City of Flint Precinct 5,County Treasurer,,DEM,Deborah Cherry,221
Genesee,City of Flint Precinct 5,County Treasurer,,REP,Deborah Hoss,0
Genesee,City of Flint Precinct 5,District Court Judge,67-5,,Glenn Cotton,25
Genesee,City of Flint Precinct 5,District Court Judge,67-5,,Heather Burnash,8
Genesee,City of Flint Precinct 5,District Court Judge,67-5,,Tabitha M. Marsh,122
Genesee,City of Flint Precinct 5,District Court Judge,67-5,,Torchio W. Feaster,47
Genesee,City of Flint Precinct 5,Drain Commissioner,,DEM,Jeff Wright,147
Genesee,City of Flint Precinct 5,Drain Commissioner,,DEM,Travis R. Wines,67
Genesee,City of Flint Precinct 5,Mass Transportation Authority Millage Replacement Proposal,,,No,37
Genesee,City of Flint Precinct 5,Mass Transportation Authority Millage Replacement Proposal,,,Yes,177
Genesee,City of Flint Precinct 5,Prosecuting Attorney,,DEM,David Leyton,113
Genesee,City of Flint Precinct 5,Prosecuting Attorney,,DEM,Trachelle C. Young,118
Genesee,City of Flint Precinct 5,Registered Voters,,,,1503
Genesee,City of Flint Precinct 5,Sheriff,,DEM,Christopher R. Swanson,76
Genesee,City of Flint Precinct 5,Sheriff,,DEM,Phil Hart,18
Genesee,City of Flint Precinct 5,Sheriff,,DEM,Timothy Johnson,130
Genesee,City of Flint Precinct 5,Sheriff,,REP,Stephen Sanford,0
Genesee,City of Flint Precinct 5,State House,34,DEM,Arthur Woodson,22
Genesee,City of Flint Precinct 5,State House,34,DEM,Claudia Perkins-Milton,46
Genesee,City of Flint Precinct 5,State House,34,DEM,Cynthia R. Neeley,151
Genesee,City of Flint Precinct 5,State House,34,DEM,DelTonya Burns,11
Genesee,City of Flint Precinct 5,State House,34,DEM,Diana A. Phillips,2
Genesee,City of Flint Precinct 5,State House,34,REP,James Miraglia,0
Genesee,City of Flint Precinct 5,Surveyor,,DEM,Kim Carlson,208
Genesee,City of Flint Precinct 5,U.S. House,5,DEM,Daniel T. Kildee,222
Genesee,City of Flint Precinct 5,U.S. House,5,REP,Earl Lackie,0
Genesee,City of Flint Precinct 5,U.S. House,5,REP,Tim Kelly,0
Genesee,City of Flint Precinct 5,U.S. Senate,,DEM,Gary Peters,223
Genesee,City of Flint Precinct 5,U.S. Senate,,REP,John James,0
Genesee,City of Flint Precinct 50,Animal Control Shelter Millage Renewal Proposal,,,No,117
Genesee,City of Flint Precinct 50,Animal Control Shelter Millage Renewal Proposal,,,Yes,265
Genesee,City of Flint Precinct 50,Ballots Cast,,,,432
Genesee,City of Flint Precinct 50,Circuit Court Judge,7,,Chris Christenson,42
Genesee,City of Flint Precinct 50,Circuit Court Judge,7,,Herman Marable Jr.,305
Genesee,City of Flint Precinct 50,Circuit Court Judge,7,,Stephanie Witucki,23
Genesee,City of Flint Precinct 50,Clerk and Register of Deeds,,DEM,John J. Gleason,191
Genesee,City of Flint Precinct 50,Clerk and Register of Deeds,,DEM,Renee' D. Watson,214
Genesee,City of Flint Precinct 50,Clerk and Register of Deeds,,REP,Jesse Couch,2
Genesee,City of Flint Precinct 50,County Commissioner,2,DEM,Charles H. Winfrey,226
Genesee,City of Flint Precinct 50,County Commissioner,2,DEM,Corey Lockett,23
Genesee,City of Flint Precinct 50,County Commissioner,2,DEM,Michael C. F. Clack,157
Genesee,City of Flint Precinct 50,County Treasurer,,DEM,Deborah Cherry,388
Genesee,City of Flint Precinct 50,County Treasurer,,REP,Deborah Hoss,2
Genesee,City of Flint Precinct 50,District Court Judge,67-5,,Glenn Cotton,22
Genesee,City of Flint Precinct 50,District Court Judge,67-5,,Heather Burnash,15
Genesee,City of Flint Precinct 50,District Court Judge,67-5,,Tabitha M. Marsh,144
Genesee,City of Flint Precinct 50,District Court Judge,67-5,,Torchio W. Feaster,179
Genesee,City of Flint Precinct 50,Drain Commissioner,,DEM,Jeff Wright,279
Genesee,City of Flint Precinct 50,Drain Commissioner,,DEM,Travis R. Wines,103
Genesee,City of Flint Precinct 50,Mass Transportation Authority Millage Replacement Proposal,,,No,84
Genesee,City of Flint Precinct 50,Mass Transportation Authority Millage Replacement Proposal,,,Yes,295
Genesee,City of Flint Precinct 50,Prosecuting Attorney,,DEM,David Leyton,152
Genesee,City of Flint Precinct 50,Prosecuting Attorney,,DEM,Trachelle C. Young,250
Genesee,City of Flint Precinct 50,Registered Voters,,,,1799
Genesee,City of Flint Precinct 50,Sheriff,,DEM,Christopher R. Swanson,117
Genesee,City of Flint Precinct 50,Sheriff,,DEM,Phil Hart,14
Genesee,City of Flint Precinct 50,Sheriff,,DEM,Timothy Johnson,281
Genesee,City of Flint Precinct 50,Sheriff,,REP,Stephen Sanford,2
Genesee,City of Flint Precinct 50,State House,34,DEM,Arthur Woodson,52
Genesee,City of Flint Precinct 50,State House,34,DEM,Claudia Perkins-Milton,67
Genesee,City of Flint Precinct 50,State House,34,DEM,Cynthia R. Neeley,276
Genesee,City of Flint Precinct 50,State House,34,DEM,DelTonya Burns,18
Genesee,City of Flint Precinct 50,State House,34,DEM,Diana A. Phillips,3
Genesee,City of Flint Precinct 50,State House,34,REP,James Miraglia,2
Genesee,City of Flint Precinct 50,Surveyor,,DEM,Kim Carlson,359
Genesee,City of Flint Precinct 50,U.S. House,5,DEM,Daniel T. Kildee,406
Genesee,City of Flint Precinct 50,U.S. House,5,REP,Earl Lackie,1
Genesee,City of Flint Precinct 50,U.S. House,5,REP,Tim Kelly,1
Genesee,City of Flint Precinct 50,U.S. Senate,,DEM,Gary Peters,397
Genesee,City of Flint Precinct 50,U.S. Senate,,REP,John James,2
Genesee,City of Flint Precinct 51,Animal Control Shelter Millage Renewal Proposal,,,No,92
Genesee,City of Flint Precinct 51,Animal Control Shelter Millage Renewal Proposal,,,Yes,355
Genesee,City of Flint Precinct 51,Ballots Cast,,,,466
Genesee,City of Flint Precinct 51,Circuit Court Judge,7,,Chris Christenson,187
Genesee,City of Flint Precinct 51,Circuit Court Judge,7,,Herman Marable Jr.,118
Genesee,City of Flint Precinct 51,Circuit Court Judge,7,,Stephanie Witucki,95
Genesee,City of Flint Precinct 51,Clerk and Register of Deeds,,DEM,John J. Gleason,207
Genesee,City of Flint Precinct 51,Clerk and Register of Deeds,,DEM,Renee' D. Watson,135
Genesee,City of Flint Precinct 51,Clerk and Register of Deeds,,REP,Jesse Couch,86
Genesee,City of Flint Precinct 51,County Commissioner,4,DEM,Domonique Clemons,163
Genesee,City of Flint Precinct 51,County Commissioner,4,DEM,Donald Wright,154
Genesee,City of Flint Precinct 51,County Commissioner,4,REP,Anthony O'Neal Wilson (W),0
Genesee,City of Flint Precinct 51,County Treasurer,,DEM,Deborah Cherry,320
Genesee,City of Flint Precinct 51,County Treasurer,,REP,Deborah Hoss,86
Genesee,City of Flint Precinct 51,District Court Judge,67-5,,Glenn Cotton,39
Genesee,City of Flint Precinct 51,District Court Judge,67-5,,Heather Burnash,207
Genesee,City of Flint Precinct 51,District Court Judge,67-5,,Tabitha M. Marsh,120
Genesee,City of Flint Precinct 51,District Court Judge,67-5,,Torchio W. Feaster,38
Genesee,City of Flint Precinct 51,Drain Commissioner,,DEM,Jeff Wright,225
Genesee,City of Flint Precinct 51,Drain Commissioner,,DEM,Travis R. Wines,101
Genesee,City of Flint Precinct 51,Mass Transportation Authority Millage Replacement Proposal,,,No,117
Genesee,City of Flint Precinct 51,Mass Transportation Authority Millage Replacement Proposal,,,Yes,332
Genesee,City of Flint Precinct 51,Prosecuting Attorney,,DEM,David Leyton,229
Genesee,City of Flint Precinct 51,Prosecuting Attorney,,DEM,Trachelle C. Young,110
Genesee,City of Flint Precinct 51,Registered Voters,,,,1394
Genesee,City of Flint Precinct 51,Sheriff,,DEM,Christopher R. Swanson,242
Genesee,City of Flint Precinct 51,Sheriff,,DEM,Phil Hart,43
Genesee,City of Flint Precinct 51,Sheriff,,DEM,Timothy Johnson,59
Genesee,City of Flint Precinct 51,Sheriff,,REP,Stephen Sanford,76
Genesee,City of Flint Precinct 51,State House,49,DEM,John D. Cherry,324
Genesee,City of Flint Precinct 51,State House,49,REP,Bryan Lutz,93
Genesee,City of Flint Precinct 51,Surveyor,,DEM,Kim Carlson,301
Genesee,City of Flint Precinct 51,U.S. House,5,DEM,Daniel T. Kildee,328
Genesee,City of Flint Precinct 51,U.S. House,5,REP,Earl Lackie,12
Genesee,City of Flint Precinct 51,U.S. House,5,REP,Tim Kelly,81
Genesee,City of Flint Precinct 51,U.S. Senate,,DEM,Gary Peters,322
Genesee,City of Flint Precinct 51,U.S. Senate,,REP,John James,97
Genesee,City of Flint Precinct 52,Animal Control Shelter Millage Renewal Proposal,,,No,52
Genesee,City of Flint Precinct 52,Animal Control Shelter Millage Renewal Proposal,,,Yes,212
Genesee,City of Flint Precinct 52,Ballots Cast,,,,283
Genesee,City of Flint Precinct 52,Circuit Court Judge,7,,Chris Christenson,82
Genesee,City of Flint Precinct 52,Circuit Court Judge,7,,Herman Marable Jr.,93
Genesee,City of Flint Precinct 52,Circuit Court Judge,7,,Stephanie Witucki,43
Genesee,City of Flint Precinct 52,Clerk and Register of Deeds,,DEM,John J. Gleason,116
Genesee,City of Flint Precinct 52,Clerk and Register of Deeds,,DEM,Renee' D. Watson,91
Genesee,City of Flint Precinct 52,Clerk and Register of Deeds,,REP,Jesse Couch,43
Genesee,City of Flint Precinct 52,County Commissioner,4,DEM,Domonique Clemons,99
Genesee,City of Flint Precinct 52,County Commissioner,4,DEM,Donald Wright,91
Genesee,City of Flint Precinct 52,County Commissioner,4,REP,Anthony O'Neal Wilson (W),0
Genesee,City of Flint Precinct 52,County Treasurer,,DEM,Deborah Cherry,201
Genesee,City of Flint Precinct 52,County Treasurer,,REP,Deborah Hoss,43
Genesee,City of Flint Precinct 52,District Court Judge,67-5,,Glenn Cotton,26
Genesee,City of Flint Precinct 52,District Court Judge,67-5,,Heather Burnash,76
Genesee,City of Flint Precinct 52,District Court Judge,67-5,,Tabitha M. Marsh,81
Genesee,City of Flint Precinct 52,District Court Judge,67-5,,Torchio W. Feaster,27
Genesee,City of Flint Precinct 52,Drain Commissioner,,DEM,Jeff Wright,147
Genesee,City of Flint Precinct 52,Drain Commissioner,,DEM,Travis R. Wines,49
Genesee,City of Flint Precinct 52,Mass Transportation Authority Millage Replacement Proposal,,,No,52
Genesee,City of Flint Precinct 52,Mass Transportation Authority Millage Replacement Proposal,,,Yes,210
Genesee,City of Flint Precinct 52,Prosecuting Attorney,,DEM,David Leyton,124
Genesee,City of Flint Precinct 52,Prosecuting Attorney,,DEM,Trachelle C. Young,85
Genesee,City of Flint Precinct 52,Registered Voters,,,,1721
Genesee,City of Flint Precinct 52,Sheriff,,DEM,Christopher R. Swanson,129
Genesee,City of Flint Precinct 52,Sheriff,,DEM,Phil Hart,24
Genesee,City of Flint Precinct 52,Sheriff,,DEM,Timothy Johnson,58
Genesee,City of Flint Precinct 52,Sheriff,,REP,Stephen Sanford,37
Genesee,City of Flint Precinct 52,State House,34,DEM,Arthur Woodson,18
Genesee,City of Flint Precinct 52,State House,34,DEM,Claudia Perkins-Milton,23
Genesee,City of Flint Precinct 52,State House,34,DEM,Cynthia R. Neeley,143
Genesee,City of Flint Precinct 52,State House,34,DEM,DelTonya Burns,2
Genesee,City of Flint Precinct 52,State House,34,DEM,Diana A. Phillips,22
Genesee,City of Flint Precinct 52,State House,34,REP,James Miraglia,43
Genesee,City of Flint Precinct 52,Surveyor,,DEM,Kim Carlson,185
Genesee,City of Flint Precinct 52,U.S. House,5,DEM,Daniel T. Kildee,209
Genesee,City of Flint Precinct 52,U.S. House,5,REP,Earl Lackie,10
Genesee,City of Flint Precinct 52,U.S. House,5,REP,Tim Kelly,34
Genesee,City of Flint Precinct 52,U.S. Senate,,DEM,Gary Peters,205
Genesee,City of Flint Precinct 52,U.S. Senate,,REP,John James,44
Genesee,City of Flint Precinct 53,Animal Control Shelter Millage Renewal Proposal,,,No,59
Genesee,City of Flint Precinct 53,Animal Control Shelter Millage Renewal Proposal,,,Yes,178
Genesee,City of Flint Precinct 53,Ballots Cast,,,,251
Genesee,City of Flint Precinct 53,Circuit Court Judge,7,,Chris Christenson,81
Genesee,City of Flint Precinct 53,Circuit Court Judge,7,,Herman Marable Jr.,85
Genesee,City of Flint Precinct 53,Circuit Court Judge,7,,Stephanie Witucki,40
Genesee,City of Flint Precinct 53,Clerk and Register of Deeds,,DEM,John J. Gleason,115
Genesee,City of Flint Precinct 53,Clerk and Register of Deeds,,DEM,Renee' D. Watson,68
Genesee,City of Flint Precinct 53,Clerk and Register of Deeds,,REP,Jesse Couch,45
Genesee,City of Flint Precinct 53,County Commissioner,4,DEM,Domonique Clemons,77
Genesee,City of Flint Precinct 53,County Commissioner,4,DEM,Donald Wright,96
Genesee,City of Flint Precinct 53,County Commissioner,4,REP,Anthony O'Neal Wilson (W),0
Genesee,City of Flint Precinct 53,County Treasurer,,DEM,Deborah Cherry,176
Genesee,City of Flint Precinct 53,County Treasurer,,REP,Deborah Hoss,44
Genesee,City of Flint Precinct 53,District Court Judge,67-5,,Glenn Cotton,22
Genesee,City of Flint Precinct 53,District Court Judge,67-5,,Heather Burnash,92
Genesee,City of Flint Precinct 53,District Court Judge,67-5,,Tabitha M. Marsh,62
Genesee,City of Flint Precinct 53,District Court Judge,67-5,,Torchio W. Feaster,28
Genesee,City of Flint Precinct 53,Drain Commissioner,,DEM,Jeff Wright,121
Genesee,City of Flint Precinct 53,Drain Commissioner,,DEM,Travis R. Wines,55
Genesee,City of Flint Precinct 53,Mass Transportation Authority Millage Replacement Proposal,,,No,50
Genesee,City of Flint Precinct 53,Mass Transportation Authority Millage Replacement Proposal,,,Yes,187
Genesee,City of Flint Precinct 53,Prosecuting Attorney,,DEM,David Leyton,127
Genesee,City of Flint Precinct 53,Prosecuting Attorney,,DEM,Trachelle C. Young,59
Genesee,City of Flint Precinct 53,Registered Voters,,,,1535
Genesee,City of Flint Precinct 53,Sheriff,,DEM,Christopher R. Swanson,113
Genesee,City of Flint Precinct 53,Sheriff,,DEM,Phil Hart,15
Genesee,City of Flint Precinct 53,Sheriff,,DEM,Timothy Johnson,55
Genesee,City of Flint Precinct 53,Sheriff,,REP,Stephen Sanford,42
Genesee,City of Flint Precinct 53,State House,34,DEM,Arthur Woodson,13
Genesee,City of Flint Precinct 53,State House,34,DEM,Claudia Perkins-Milton,10
Genesee,City of Flint Precinct 53,State House,34,DEM,Cynthia R. Neeley,124
Genesee,City of Flint Precinct 53,State House,34,DEM,DelTonya Burns,6
Genesee,City of Flint Precinct 53,State House,34,DEM,Diana A. Phillips,27
Genesee,City of Flint Precinct 53,State House,34,REP,James Miraglia,45
Genesee,City of Flint Precinct 53,Surveyor,,DEM,Kim Carlson,166
Genesee,City of Flint Precinct 53,U.S. House,5,DEM,Daniel T. Kildee,183
Genesee,City of Flint Precinct 53,U.S. House,5,REP,Earl Lackie,12
Genesee,City of Flint Precinct 53,U.S. House,5,REP,Tim Kelly,35
Genesee,City of Flint Precinct 53,U.S. Senate,,DEM,Gary Peters,176
Genesee,City of Flint Precinct 53,U.S. Senate,,REP,John James,50
Genesee,City of Flint Precinct 54,Animal Control Shelter Millage Renewal Proposal,,,No,34
Genesee,City of Flint Precinct 54,Animal Control Shelter Millage Renewal Proposal,,,Yes,71
Genesee,City of Flint Precinct 54,Ballots Cast,,,,112
Genesee,City of Flint Precinct 54,Circuit Court Judge,7,,Chris Christenson,36
Genesee,City of Flint Precinct 54,Circuit Court Judge,7,,Herman Marable Jr.,33
Genesee,City of Flint Precinct 54,Circuit Court Judge,7,,Stephanie Witucki,18
Genesee,City of Flint Precinct 54,Clerk and Register of Deeds,,DEM,John J. Gleason,48
Genesee,City of Flint Precinct 54,Clerk and Register of Deeds,,DEM,Renee' D. Watson,35
Genesee,City of Flint Precinct 54,Clerk and Register of Deeds,,REP,Jesse Couch,13
Genesee,City of Flint Precinct 54,County Commissioner,4,DEM,Domonique Clemons,41
Genesee,City of Flint Precinct 54,County Commissioner,4,DEM,Donald Wright,39
Genesee,City of Flint Precinct 54,County Commissioner,4,REP,Anthony O'Neal Wilson (W),0
Genesee,City of Flint Precinct 54,County Treasurer,,DEM,Deborah Cherry,84
Genesee,City of Flint Precinct 54,County Treasurer,,REP,Deborah Hoss,13
Genesee,City of Flint Precinct 54,District Court Judge,67-5,,Glenn Cotton,10
Genesee,City of Flint Precinct 54,District Court Judge,67-5,,Heather Burnash,34
Genesee,City of Flint Precinct 54,District Court Judge,67-5,,Tabitha M. Marsh,29
Genesee,City of Flint Precinct 54,District Court Judge,67-5,,Torchio W. Feaster,13
Genesee,City of Flint Precinct 54,Drain Commissioner,,DEM,Jeff Wright,45
Genesee,City of Flint Precinct 54,Drain Commissioner,,DEM,Travis R. Wines,36
Genesee,City of Flint Precinct 54,Mass Transportation Authority Millage Replacement Proposal,,,No,31
Genesee,City of Flint Precinct 54,Mass Transportation Authority Millage Replacement Proposal,,,Yes,69
Genesee,City of Flint Precinct 54,Prosecuting Attorney,,DEM,David Leyton,55
Genesee,City of Flint Precinct 54,Prosecuting Attorney,,DEM,Trachelle C. Young,35
Genesee,City of Flint Precinct 54,Registered Voters,,,,539
Genesee,City of Flint Precinct 54,Sheriff,,DEM,Christopher R. Swanson,52
Genesee,City of Flint Precinct 54,Sheriff,,DEM,Phil Hart,15
Genesee,City of Flint Precinct 54,Sheriff,,DEM,Timothy Johnson,21
Genesee,City of Flint Precinct 54,Sheriff,,REP,Stephen Sanford,14
Genesee,City of Flint Precinct 54,State House,49,DEM,John D. Cherry,81
Genesee,City of Flint Precinct 54,State House,49,REP,Bryan Lutz,15
Genesee,City of Flint Precinct 54,Surveyor,,DEM,Kim Carlson,81
Genesee,City of Flint Precinct 54,U.S. House,5,DEM,Daniel T. Kildee,87
Genesee,City of Flint Precinct 54,U.S. House,5,REP,Earl Lackie,6
Genesee,City of Flint Precinct 54,U.S. House,5,REP,Tim Kelly,9
Genesee,City of Flint Precinct 54,U.S. Senate,,DEM,Gary Peters,85
Genesee,City of Flint Precinct 54,U.S. Senate,,REP,John James,15
Genesee,City of Flint Precinct 55,Animal Control Shelter Millage Renewal Proposal,,,No,53
Genesee,City of Flint Precinct 55,Animal Control Shelter Millage Renewal Proposal,,,Yes,171
Genesee,City of Flint Precinct 55,Ballots Cast,,,,245
Genesee,City of Flint Precinct 55,Circuit Court Judge,7,,Chris Christenson,78
Genesee,City of Flint Precinct 55,Circuit Court Judge,7,,Herman Marable Jr.,82
Genesee,City of Flint Precinct 55,Circuit Court Judge,7,,Stephanie Witucki,42
Genesee,City of Flint Precinct 55,Clerk and Register of Deeds,,DEM,John J. Gleason,111
Genesee,City of Flint Precinct 55,Clerk and Register of Deeds,,DEM,Renee' D. Watson,59
Genesee,City of Flint Precinct 55,Clerk and Register of Deeds,,REP,Jesse Couch,37
Genesee,City of Flint Precinct 55,County Commissioner,4,DEM,Domonique Clemons,77
Genesee,City of Flint Precinct 55,County Commissioner,4,DEM,Donald Wright,86
Genesee,City of Flint Precinct 55,County Commissioner,4,REP,Anthony O'Neal Wilson (W),0
Genesee,City of Flint Precinct 55,County Treasurer,,DEM,Deborah Cherry,167
Genesee,City of Flint Precinct 55,County Treasurer,,REP,Deborah Hoss,38
Genesee,City of Flint Precinct 55,District Court Judge,67-5,,Glenn Cotton,28
Genesee,City of Flint Precinct 55,District Court Judge,67-5,,Heather Burnash,63
Genesee,City of Flint Precinct 55,District Court Judge,67-5,,Tabitha M. Marsh,78
Genesee,City of Flint Precinct 55,District Court Judge,67-5,,Torchio W. Feaster,28
Genesee,City of Flint Precinct 55,Drain Commissioner,,DEM,Jeff Wright,115
Genesee,City of Flint Precinct 55,Drain Commissioner,,DEM,Travis R. Wines,52
Genesee,City of Flint Precinct 55,Mass Transportation Authority Millage Replacement Proposal,,,No,48
Genesee,City of Flint Precinct 55,Mass Transportation Authority Millage Replacement Proposal,,,Yes,174
Genesee,City of Flint Precinct 55,Prosecuting Attorney,,DEM,David Leyton,113
Genesee,City of Flint Precinct 55,Prosecuting Attorney,,DEM,Trachelle C. Young,62
Genesee,City of Flint Precinct 55,Registered Voters,,,,1708
Genesee,City of Flint Precinct 55,Sheriff,,DEM,Christopher R. Swanson,111
Genesee,City of Flint Precinct 55,Sheriff,,DEM,Phil Hart,22
Genesee,City of Flint Precinct 55,Sheriff,,DEM,Timothy Johnson,39
Genesee,City of Flint Precinct 55,Sheriff,,REP,Stephen Sanford,34
Genesee,City of Flint Precinct 55,State House,49,DEM,John D. Cherry,165
Genesee,City of Flint Precinct 55,State House,49,REP,Bryan Lutz,38
Genesee,City of Flint Precinct 55,Surveyor,,DEM,Kim Carlson,164
Genesee,City of Flint Precinct 55,U.S. House,5,DEM,Daniel T. Kildee,172
Genesee,City of Flint Precinct 55,U.S. House,5,REP,Earl Lackie,13
Genesee,City of Flint Precinct 55,U.S. House,5,REP,Tim Kelly,26
Genesee,City of Flint Precinct 55,U.S. Senate,,DEM,Gary Peters,165
Genesee,City of Flint Precinct 55,U.S. Senate,,REP,John James,41
Genesee,City of Flint Precinct 56,Animal Control Shelter Millage Renewal Proposal,,,No,140
Genesee,City of Flint Precinct 56,Animal Control Shelter Millage Renewal Proposal,,,Yes,472
Genesee,City of Flint Precinct 56,Ballots Cast,,,,657
Genesee,City of Flint Precinct 56,Circuit Court Judge,7,,Chris Christenson,117
Genesee,City of Flint Precinct 56,Circuit Court Judge,7,,Herman Marable Jr.,363
Genesee,City of Flint Precinct 56,Circuit Court Judge,7,,Stephanie Witucki,77
Genesee,City of Flint Precinct 56,Clerk and Register of Deeds,,DEM,John J. Gleason,296
Genesee,City of Flint Precinct 56,Clerk and Register of Deeds,,DEM,Renee' D. Watson,282
Genesee,City of Flint Precinct 56,Clerk and Register of Deeds,,REP,Jesse Couch,38
Genesee,City of Flint Precinct 56,County Commissioner,4,DEM,Domonique Clemons,359
Genesee,City of Flint Precinct 56,County Commissioner,4,DEM,Donald Wright,199
Genesee,City of Flint Precinct 56,County Commissioner,4,REP,Anthony O'Neal Wilson (W),0
Genesee,City of Flint Precinct 56,County Treasurer,,DEM,Deborah Cherry,563
Genesee,City of Flint Precinct 56,County Treasurer,,REP,Deborah Hoss,39
Genesee,City of Flint Precinct 56,District Court Judge,67-5,,Glenn Cotton,35
Genesee,City of Flint Precinct 56,District Court Judge,67-5,,Heather Burnash,93
Genesee,City of Flint Precinct 56,District Court Judge,67-5,,Tabitha M. Marsh,273
Genesee,City of Flint Precinct 56,District Court Judge,67-5,,Torchio W. Feaster,150
Genesee,City of Flint Precinct 56,Drain Commissioner,,DEM,Jeff Wright,404
Genesee,City of Flint Precinct 56,Drain Commissioner,,DEM,Travis R. Wines,152
Genesee,City of Flint Precinct 56,Mass Transportation Authority Millage Replacement Proposal,,,No,122
Genesee,City of Flint Precinct 56,Mass Transportation Authority Millage Replacement Proposal,,,Yes,484
Genesee,City of Flint Precinct 56,Prosecuting Attorney,,DEM,David Leyton,300
Genesee,City of Flint Precinct 56,Prosecuting Attorney,,DEM,Trachelle C. Young,287
Genesee,City of Flint Precinct 56,Registered Voters,,,,2057
Genesee,City of Flint Precinct 56,Sheriff,,DEM,Christopher R. Swanson,273
Genesee,City of Flint Precinct 56,Sheriff,,DEM,Phil Hart,44
Genesee,City of Flint Precinct 56,Sheriff,,DEM,Timothy Johnson,264
Genesee,City of Flint Precinct 56,Sheriff,,REP,Stephen Sanford,33
Genesee,City of Flint Precinct 56,State House,49,DEM,John D. Cherry,562
Genesee,City of Flint Precinct 56,State House,49,REP,Bryan Lutz,39
Genesee,City of Flint Precinct 56,Surveyor,,DEM,Kim Carlson,531
Genesee,City of Flint Precinct 56,U.S. House,5,DEM,Daniel T. Kildee,584
Genesee,City of Flint Precinct 56,U.S. House,5,REP,Earl Lackie,6
Genesee,City of Flint Precinct 56,U.S. House,5,REP,Tim Kelly,33
Genesee,City of Flint Precinct 56,U.S. Senate,,DEM,Gary Peters,568
Genesee,City of Flint Precinct 56,U.S. Senate,,REP,John James,40
Genesee,City of Flint Precinct 57,Animal Control Shelter Millage Renewal Proposal,,,No,83
Genesee,City of Flint Precinct 57,Animal Control Shelter Millage Renewal Proposal,,,Yes,301
Genesee,City of Flint Precinct 57,Ballots Cast,,,,404
Genesee,City of Flint Precinct 57,Circuit Court Judge,7,,Chris Christenson,101
Genesee,City of Flint Precinct 57,Circuit Court Judge,7,,Herman Marable Jr.,120
Genesee,City of Flint Precinct 57,Circuit Court Judge,7,,Stephanie Witucki,101
Genesee,City of Flint Precinct 57,Clerk and Register of Deeds,,DEM,John J. Gleason,172
Genesee,City of Flint Precinct 57,Clerk and Register of Deeds,,DEM,Renee' D. Watson,140
Genesee,City of Flint Precinct 57,Clerk and Register of Deeds,,REP,Jesse Couch,47
Genesee,City of Flint Precinct 57,County Commissioner,4,DEM,Domonique Clemons,151
Genesee,City of Flint Precinct 57,County Commissioner,4,DEM,Donald Wright,149
Genesee,City of Flint Precinct 57,County Commissioner,4,REP,Anthony O'Neal Wilson (W),0
Genesee,City of Flint Precinct 57,County Treasurer,,DEM,Deborah Cherry,299
Genesee,City of Flint Precinct 57,County Treasurer,,REP,Deborah Hoss,49
Genesee,City of Flint Precinct 57,District Court Judge,67-5,,Glenn Cotton,38
Genesee,City of Flint Precinct 57,District Court Judge,67-5,,Heather Burnash,120
Genesee,City of Flint Precinct 57,District Court Judge,67-5,,Tabitha M. Marsh,120
Genesee,City of Flint Precinct 57,District Court Judge,67-5,,Torchio W. Feaster,32
Genesee,City of Flint Precinct 57,Drain Commissioner,,DEM,Jeff Wright,189
Genesee,City of Flint Precinct 57,Drain Commissioner,,DEM,Travis R. Wines,122
Genesee,City of Flint Precinct 57,Mass Transportation Authority Millage Replacement Proposal,,,No,85
Genesee,City of Flint Precinct 57,Mass Transportation Authority Millage Replacement Proposal,,,Yes,283
Genesee,City of Flint Precinct 57,Prosecuting Attorney,,DEM,David Leyton,187
Genesee,City of Flint Precinct 57,Prosecuting Attorney,,DEM,Trachelle C. Young,128
Genesee,City of Flint Precinct 57,Registered Voters,,,,2094
Genesee,City of Flint Precinct 57,Sheriff,,DEM,Christopher R. Swanson,209
Genesee,City of Flint Precinct 57,Sheriff,,DEM,Phil Hart,36
Genesee,City of Flint Precinct 57,Sheriff,,DEM,Timothy Johnson,69
Genesee,City of Flint Precinct 57,Sheriff,,REP,Stephen Sanford,43
Genesee,City of Flint Precinct 57,State House,34,DEM,Arthur Woodson,50
Genesee,City of Flint Precinct 57,State House,34,DEM,Claudia Perkins-Milton,16
Genesee,City of Flint Precinct 57,State House,34,DEM,Cynthia R. Neeley,204
Genesee,City of Flint Precinct 57,State House,34,DEM,DelTonya Burns,11
Genesee,City of Flint Precinct 57,State House,34,DEM,Diana A. Phillips,25
Genesee,City of Flint Precinct 57,State House,34,REP,James Miraglia,49
Genesee,City of Flint Precinct 57,Surveyor,,DEM,Kim Carlson,284
Genesee,City of Flint Precinct 57,U.S. House,5,DEM,Daniel T. Kildee,306
Genesee,City of Flint Precinct 57,U.S. House,5,REP,Earl Lackie,9
Genesee,City of Flint Precinct 57,U.S. House,5,REP,Tim Kelly,43
Genesee,City of Flint Precinct 57,U.S. Senate,,DEM,Gary Peters,300
Genesee,City of Flint Precinct 57,U.S. Senate,,REP,John James,55
Genesee,City of Flint Precinct 58,Animal Control Shelter Millage Renewal Proposal,,,No,59
Genesee,City of Flint Precinct 58,Animal Control Shelter Millage Renewal Proposal,,,Yes,215
Genesee,City of Flint Precinct 58,Ballots Cast,,,,294
Genesee,City of Flint Precinct 58,Circuit Court Judge,7,,Chris Christenson,99
Genesee,City of Flint Precinct 58,Circuit Court Judge,7,,Herman Marable Jr.,63
Genesee,City of Flint Precinct 58,Circuit Court Judge,7,,Stephanie Witucki,66
Genesee,City of Flint Precinct 58,Clerk and Register of Deeds,,DEM,John J. Gleason,110
Genesee,City of Flint Precinct 58,Clerk and Register of Deeds,,DEM,Renee' D. Watson,79
Genesee,City of Flint Precinct 58,Clerk and Register of Deeds,,REP,Jesse Couch,33
Genesee,City of Flint Precinct 58,County Commissioner,4,DEM,Domonique Clemons,82
Genesee,City of Flint Precinct 58,County Commissioner,4,DEM,Donald Wright,99
Genesee,City of Flint Precinct 58,County Commissioner,4,REP,Anthony O'Neal Wilson (W),0
Genesee,City of Flint Precinct 58,County Treasurer,,DEM,Deborah Cherry,182
Genesee,City of Flint Precinct 58,County Treasurer,,REP,Deborah Hoss,33
Genesee,City of Flint Precinct 58,District Court Judge,67-5,,Glenn Cotton,41
Genesee,City of Flint Precinct 58,District Court Judge,67-5,,Heather Burnash,82
Genesee,City of Flint Precinct 58,District Court Judge,67-5,,Tabitha M. Marsh,71
Genesee,City of Flint Precinct 58,District Court Judge,67-5,,Torchio W. Feaster,27
Genesee,City of Flint Precinct 58,Drain Commissioner,,DEM,Jeff Wright,139
Genesee,City of Flint Precinct 58,Drain Commissioner,,DEM,Travis R. Wines,46
Genesee,City of Flint Precinct 58,Mass Transportation Authority Millage Replacement Proposal,,,No,70
Genesee,City of Flint Precinct 58,Mass Transportation Authority Millage Replacement Proposal,,,Yes,203
Genesee,City of Flint Precinct 58,Prosecuting Attorney,,DEM,David Leyton,135
Genesee,City of Flint Precinct 58,Prosecuting Attorney,,DEM,Trachelle C. Young,62
Genesee,City of Flint Precinct 58,Registered Voters,,,,1903
Genesee,City of Flint Precinct 58,Sheriff,,DEM,Christopher R. Swanson,131
Genesee,City of Flint Precinct 58,Sheriff,,DEM,Phil Hart,26
Genesee,City of Flint Precinct 58,Sheriff,,DEM,Timothy Johnson,38
Genesee,City of Flint Precinct 58,Sheriff,,REP,Stephen Sanford,33
Genesee,City of Flint Precinct 58,State House,34,DEM,Arthur Woodson,25
Genesee,City of Flint Precinct 58,State House,34,DEM,Claudia Perkins-Milton,7
Genesee,City of Flint Precinct 58,State House,34,DEM,Cynthia R. Neeley,131
Genesee,City of Flint Precinct 58,State House,34,DEM,DelTonya Burns,6
Genesee,City of Flint Precinct 58,State House,34,DEM,Diana A. Phillips,24
Genesee,City of Flint Precinct 58,State House,34,REP,James Miraglia,33
Genesee,City of Flint Precinct 58,Surveyor,,DEM,Kim Carlson,172
Genesee,City of Flint Precinct 58,U.S. House,5,DEM,Daniel T. Kildee,190
Genesee,City of Flint Precinct 58,U.S. House,5,REP,Earl Lackie,13
Genesee,City of Flint Precinct 58,U.S. House,5,REP,Tim Kelly,22
Genesee,City of Flint Precinct 58,U.S. Senate,,DEM,Gary Peters,192
Genesee,City of Flint Precinct 58,U.S. Senate,,REP,John James,37
Genesee,City of Flint Precinct 59,Animal Control Shelter Millage Renewal Proposal,,,No,28
Genesee,City of Flint Precinct 59,Animal Control Shelter Millage Renewal Proposal,,,Yes,95
Genesee,City of Flint Precinct 59,Ballots Cast,,,,136
Genesee,City of Flint Precinct 59,Circuit Court Judge,7,,Chris Christenson,36
Genesee,City of Flint Precinct 59,Circuit Court Judge,7,,Herman Marable Jr.,39
Genesee,City of Flint Precinct 59,Circuit Court Judge,7,,Stephanie Witucki,23
Genesee,City of Flint Precinct 59,Clerk and Register of Deeds,,DEM,John J. Gleason,49
Genesee,City of Flint Precinct 59,Clerk and Register of Deeds,,DEM,Renee' D. Watson,50
Genesee,City of Flint Precinct 59,Clerk and Register of Deeds,,REP,Jesse Couch,14
Genesee,City of Flint Precinct 59,County Commissioner,4,DEM,Domonique Clemons,39
Genesee,City of Flint Precinct 59,County Commissioner,4,DEM,Donald Wright,59
Genesee,City of Flint Precinct 59,County Commissioner,4,REP,Anthony O'Neal Wilson (W),0
Genesee,City of Flint Precinct 59,County Treasurer,,DEM,Deborah Cherry,96
Genesee,City of Flint Precinct 59,County Treasurer,,REP,Deborah Hoss,14
Genesee,City of Flint Precinct 59,District Court Judge,67-5,,Glenn Cotton,12
Genesee,City of Flint Precinct 59,District Court Judge,67-5,,Heather Burnash,35
Genesee,City of Flint Precinct 59,District Court Judge,67-5,,Tabitha M. Marsh,24
Genesee,City of Flint Precinct 59,District Court Judge,67-5,,Torchio W. Feaster,22
Genesee,City of Flint Precinct 59,Drain Commissioner,,DEM,Jeff Wright,57
Genesee,City of Flint Precinct 59,Drain Commissioner,,DEM,Travis R. Wines,40
Genesee,City of Flint Precinct 59,Mass Transportation Authority Millage Replacement Proposal,,,No,41
Genesee,City of Flint Precinct 59,Mass Transportation Authority Millage Replacement Proposal,,,Yes,84
Genesee,City of Flint Precinct 59,Prosecuting Attorney,,DEM,David Leyton,73
Genesee,City of Flint Precinct 59,Prosecuting Attorney,,DEM,Trachelle C. Young,29
Genesee,City of Flint Precinct 59,Registered Voters,,,,1071
Genesee,City of Flint Precinct 59,Sheriff,,DEM,Christopher R. Swanson,56
Genesee,City of Flint Precinct 59,Sheriff,,DEM,Phil Hart,6
Genesee,City of Flint Precinct 59,Sheriff,,DEM,Timothy Johnson,39
Genesee,City of Flint Precinct 59,Sheriff,,REP,Stephen Sanford,14
Genesee,City of Flint Precinct 59,State House,34,DEM,Arthur Woodson,14
Genesee,City of Flint Precinct 59,State House,34,DEM,Claudia Perkins-Milton,10
Genesee,City of Flint Precinct 59,State House,34,DEM,Cynthia R. Neeley,66
Genesee,City of Flint Precinct 59,State House,34,DEM,DelTonya Burns,2
Genesee,City of Flint Precinct 59,State House,34,DEM,Diana A. Phillips,6
Genesee,City of Flint Precinct 59,State House,34,REP,James Miraglia,14
Genesee,City of Flint Precinct 59,Surveyor,,DEM,Kim Carlson,95
Genesee,City of Flint Precinct 59,U.S. House,5,DEM,Daniel T. Kildee,100
Genesee,City of Flint Precinct 59,U.S. House,5,REP,Earl Lackie,5
Genesee,City of Flint Precinct 59,U.S. House,5,REP,Tim Kelly,9
Genesee,City of Flint Precinct 59,U.S. Senate,,DEM,Gary Peters,95
Genesee,City of Flint Precinct 59,U.S. Senate,,REP,John James,14
Genesee,City of Flint Precinct 6,Animal Control Shelter Millage Renewal Proposal,,,No,94
Genesee,City of Flint Precinct 6,Animal Control Shelter Millage Renewal Proposal,,,Yes,171
Genesee,City of Flint Precinct 6,Ballots Cast,,,,304
Genesee,City of Flint Precinct 6,Circuit Court Judge,7,,Chris Christenson,33
Genesee,City of Flint Precinct 6,Circuit Court Judge,7,,Herman Marable Jr.,201
Genesee,City of Flint Precinct 6,Circuit Court Judge,7,,Stephanie Witucki,21
Genesee,City of Flint Precinct 6,Clerk and Register of Deeds,,DEM,John J. Gleason,130
Genesee,City of Flint Precinct 6,Clerk and Register of Deeds,,DEM,Renee' D. Watson,146
Genesee,City of Flint Precinct 6,Clerk and Register of Deeds,,REP,Jesse Couch,3
Genesee,City of Flint Precinct 6,County Commissioner,1,DEM,Bryant Nolden,266
Genesee,City of Flint Precinct 6,County Treasurer,,DEM,Deborah Cherry,265
Genesee,City of Flint Precinct 6,County Treasurer,,REP,Deborah Hoss,3
Genesee,City of Flint Precinct 6,District Court Judge,67-5,,Glenn Cotton,35
Genesee,City of Flint Precinct 6,District Court Judge,67-5,,Heather Burnash,6
Genesee,City of Flint Precinct 6,District Court Judge,67-5,,Tabitha M. Marsh,142
Genesee,City of Flint Precinct 6,District Court Judge,67-5,,Torchio W. Feaster,70
Genesee,City of Flint Precinct 6,Drain Commissioner,,DEM,Jeff Wright,199
Genesee,City of Flint Precinct 6,Drain Commissioner,,DEM,Travis R. Wines,65
Genesee,City of Flint Precinct 6,Mass Transportation Authority Millage Replacement Proposal,,,No,49
Genesee,City of Flint Precinct 6,Mass Transportation Authority Millage Replacement Proposal,,,Yes,220
Genesee,City of Flint Precinct 6,Prosecuting Attorney,,DEM,David Leyton,118
Genesee,City of Flint Precinct 6,Prosecuting Attorney,,DEM,Trachelle C. Young,165
Genesee,City of Flint Precinct 6,Registered Voters,,,,1509
Genesee,City of Flint Precinct 6,Sheriff,,DEM,Christopher R. Swanson,102
Genesee,City of Flint Precinct 6,Sheriff,,DEM,Phil Hart,21
Genesee,City of Flint Precinct 6,Sheriff,,DEM,Timothy Johnson,152
Genesee,City of Flint Precinct 6,Sheriff,,REP,Stephen Sanford,3
Genesee,City of Flint Precinct 6,State House,34,DEM,Arthur Woodson,30
Genesee,City of Flint Precinct 6,State House,34,DEM,Claudia Perkins-Milton,33
Genesee,City of Flint Precinct 6,State House,34,DEM,Cynthia R. Neeley,195
Genesee,City of Flint Precinct 6,State House,34,DEM,DelTonya Burns,18
Genesee,City of Flint Precinct 6,State House,34,DEM,Diana A. Phillips,1
Genesee,City of Flint Precinct 6,State House,34,REP,James Miraglia,4
Genesee,City of Flint Precinct 6,Surveyor,,DEM,Kim Carlson,254
Genesee,City of Flint Precinct 6,U.S. House,5,DEM,Daniel T. Kildee,273
Genesee,City of Flint Precinct 6,U.S. House,5,REP,Earl Lackie,1
Genesee,City of Flint Precinct 6,U.S. House,5,REP,Tim Kelly,3
Genesee,City of Flint Precinct 6,U.S. Senate,,DEM,Gary Peters,270
Genesee,City of Flint Precinct 6,U.S. Senate,,REP,John James,4
Genesee,City of Flint Precinct 60,Animal Control Shelter Millage Renewal Proposal,,,No,133
Genesee,City of Flint Precinct 60,Animal Control Shelter Millage Renewal Proposal,,,Yes,328
Genesee,City of Flint Precinct 60,Ballots Cast,,,,501
Genesee,City of Flint Precinct 60,Circuit Court Judge,7,,Chris Christenson,106
Genesee,City of Flint Precinct 60,Circuit Court Judge,7,,Herman Marable Jr.,240
Genesee,City of Flint Precinct 60,Circuit Court Judge,7,,Stephanie Witucki,65
Genesee,City of Flint Precinct 60,Clerk and Register of Deeds,,DEM,John J. Gleason,216
Genesee,City of Flint Precinct 60,Clerk and Register of Deeds,,DEM,Renee' D. Watson,194
Genesee,City of Flint Precinct 60,Clerk and Register of Deeds,,REP,Jesse Couch,29
Genesee,City of Flint Precinct 60,County Commissioner,4,DEM,Domonique Clemons,259
Genesee,City of Flint Precinct 60,County Commissioner,4,DEM,Donald Wright,130
Genesee,City of Flint Precinct 60,County Commissioner,4,REP,Anthony O'Neal Wilson (W),0
Genesee,City of Flint Precinct 60,County Treasurer,,DEM,Deborah Cherry,392
Genesee,City of Flint Precinct 60,County Treasurer,,REP,Deborah Hoss,30
Genesee,City of Flint Precinct 60,District Court Judge,67-5,,Glenn Cotton,31
Genesee,City of Flint Precinct 60,District Court Judge,67-5,,Heather Burnash,90
Genesee,City of Flint Precinct 60,District Court Judge,67-5,,Tabitha M. Marsh,198
Genesee,City of Flint Precinct 60,District Court Judge,67-5,,Torchio W. Feaster,90
Genesee,City of Flint Precinct 60,Drain Commissioner,,DEM,Jeff Wright,281
Genesee,City of Flint Precinct 60,Drain Commissioner,,DEM,Travis R. Wines,122
Genesee,City of Flint Precinct 60,Mass Transportation Authority Millage Replacement Proposal,,,No,112
Genesee,City of Flint Precinct 60,Mass Transportation Authority Millage Replacement Proposal,,,Yes,346
Genesee,City of Flint Precinct 60,Prosecuting Attorney,,DEM,David Leyton,217
Genesee,City of Flint Precinct 60,Prosecuting Attorney,,DEM,Trachelle C. Young,206
Genesee,City of Flint Precinct 60,Registered Voters,,,,1964
Genesee,City of Flint Precinct 60,Sheriff,,DEM,Christopher R. Swanson,196
Genesee,City of Flint Precinct 60,Sheriff,,DEM,Phil Hart,38
Genesee,City of Flint Precinct 60,Sheriff,,DEM,Timothy Johnson,184
Genesee,City of Flint Precinct 60,Sheriff,,REP,Stephen Sanford,29
Genesee,City of Flint Precinct 60,State House,34,DEM,Arthur Woodson,46
Genesee,City of Flint Precinct 60,State House,34,DEM,Claudia Perkins-Milton,51
Genesee,City of Flint Precinct 60,State House,34,DEM,Cynthia R. Neeley,282
Genesee,City of Flint Precinct 60,State House,34,DEM,DelTonya Burns,21
Genesee,City of Flint Precinct 60,State House,34,DEM,Diana A. Phillips,21
Genesee,City of Flint Precinct 60,State House,34,REP,James Miraglia,35
Genesee,City of Flint Precinct 60,Surveyor,,DEM,Kim Carlson,364
Genesee,City of Flint Precinct 60,U.S. House,5,DEM,Daniel T. Kildee,418
Genesee,City of Flint Precinct 60,U.S. House,5,REP,Earl Lackie,8
Genesee,City of Flint Precinct 60,U.S. House,5,REP,Tim Kelly,28
Genesee,City of Flint Precinct 60,U.S. Senate,,DEM,Gary Peters,402
Genesee,City of Flint Precinct 60,U.S. Senate,,REP,John James,40
Genesee,City of Flint Precinct 61,Animal Control Shelter Millage Renewal Proposal,,,No,10
Genesee,City of Flint Precinct 61,Animal Control Shelter Millage Renewal Proposal,,,Yes,47
Genesee,City of Flint Precinct 61,Ballots Cast,,,,62
Genesee,City of Flint Precinct 61,Circuit Court Judge,7,,Chris Christenson,13
Genesee,City of Flint Precinct 61,Circuit Court Judge,7,,Herman Marable Jr.,28
Genesee,City of Flint Precinct 61,Circuit Court Judge,7,,Stephanie Witucki,5
Genesee,City of Flint Precinct 61,Clerk and Register of Deeds,,DEM,John J. Gleason,26
Genesee,City of Flint Precinct 61,Clerk and Register of Deeds,,DEM,Renee' D. Watson,25
Genesee,City of Flint Precinct 61,Clerk and Register of Deeds,,REP,Jesse Couch,5
Genesee,City of Flint Precinct 61,County Commissioner,2,DEM,Charles H. Winfrey,19
Genesee,City of Flint Precinct 61,County Commissioner,2,DEM,Corey Lockett,12
Genesee,City of Flint Precinct 61,County Commissioner,2,DEM,Michael C. F. Clack,20
Genesee,City of Flint Precinct 61,County Treasurer,,DEM,Deborah Cherry,49
Genesee,City of Flint Precinct 61,County Treasurer,,REP,Deborah Hoss,5
Genesee,City of Flint Precinct 61,District Court Judge,67-5,,Glenn Cotton,6
Genesee,City of Flint Precinct 61,District Court Judge,67-5,,Heather Burnash,3
Genesee,City of Flint Precinct 61,District Court Judge,67-5,,Tabitha M. Marsh,32
Genesee,City of Flint Precinct 61,District Court Judge,67-5,,Torchio W. Feaster,9
Genesee,City of Flint Precinct 61,Drain Commissioner,,DEM,Jeff Wright,36
Genesee,City of Flint Precinct 61,Drain Commissioner,,DEM,Travis R. Wines,15
Genesee,City of Flint Precinct 61,Mass Transportation Authority Millage Replacement Proposal,,,No,4
Genesee,City of Flint Precinct 61,Mass Transportation Authority Millage Replacement Proposal,,,Yes,48
Genesee,City of Flint Precinct 61,Prosecuting Attorney,,DEM,David Leyton,28
Genesee,City of Flint Precinct 61,Prosecuting Attorney,,DEM,Trachelle C. Young,27
Genesee,City of Flint Precinct 61,Registered Voters,,,,1465
Genesee,City of Flint Precinct 61,Sheriff,,DEM,Christopher R. Swanson,22
Genesee,City of Flint Precinct 61,Sheriff,,DEM,Phil Hart,4
Genesee,City of Flint Precinct 61,Sheriff,,DEM,Timothy Johnson,26
Genesee,City of Flint Precinct 61,Sheriff,,REP,Stephen Sanford,5
Genesee,City of Flint Precinct 61,State House,34,DEM,Arthur Woodson,1
Genesee,City of Flint Precinct 61,State House,34,DEM,Claudia Perkins-Milton,6
Genesee,City of Flint Precinct 61,State House,34,DEM,Cynthia R. Neeley,39
Genesee,City of Flint Precinct 61,State House,34,DEM,DelTonya Burns,3
Genesee,City of Flint Precinct 61,State House,34,DEM,Diana A. Phillips,2
Genesee,City of Flint Precinct 61,State House,34,REP,James Miraglia,5
Genesee,City of Flint Precinct 61,Surveyor,,DEM,Kim Carlson,43
Genesee,City of Flint Precinct 61,U.S. House,5,DEM,Daniel T. Kildee,54
Genesee,City of Flint Precinct 61,U.S. House,5,REP,Earl Lackie,2
Genesee,City of Flint Precinct 61,U.S. House,5,REP,Tim Kelly,3
Genesee,City of Flint Precinct 61,U.S. Senate,,DEM,Gary Peters,51
Genesee,City of Flint Precinct 61,U.S. Senate,,REP,John James,4
Genesee,City of Flint Precinct 7,Animal Control Shelter Millage Renewal Proposal,,,No,28
Genesee,City of Flint Precinct 7,Animal Control Shelter Millage Renewal Proposal,,,Yes,69
Genesee,City of Flint Precinct 7,Ballots Cast,,,,115
Genesee,City of Flint Precinct 7,Circuit Court Judge,7,,Chris Christenson,11
Genesee,City of Flint Precinct 7,Circuit Court Judge,7,,Herman Marable Jr.,75
Genesee,City of Flint Precinct 7,Circuit Court Judge,7,,Stephanie Witucki,10
Genesee,City of Flint Precinct 7,Clerk and Register of Deeds,,DEM,John J. Gleason,53
Genesee,City of Flint Precinct 7,Clerk and Register of Deeds,,DEM,Renee' D. Watson,51
Genesee,City of Flint Precinct 7,Clerk and Register of Deeds,,REP,Jesse Couch,1
Genesee,City of Flint Precinct 7,County Commissioner,1,DEM,Bryant Nolden,98
Genesee,City of Flint Precinct 7,County Treasurer,,DEM,Deborah Cherry,100
Genesee,City of Flint Precinct 7,County Treasurer,,REP,Deborah Hoss,1
Genesee,City of Flint Precinct 7,District Court Judge,67-5,,Glenn Cotton,12
Genesee,City of Flint Precinct 7,District Court Judge,67-5,,Heather Burnash,7
Genesee,City of Flint Precinct 7,District Court Judge,67-5,,Tabitha M. Marsh,56
Genesee,City of Flint Precinct 7,District Court Judge,67-5,,Torchio W. Feaster,19
Genesee,City of Flint Precinct 7,Drain Commissioner,,DEM,Jeff Wright,65
Genesee,City of Flint Precinct 7,Drain Commissioner,,DEM,Travis R. Wines,36
Genesee,City of Flint Precinct 7,Mass Transportation Authority Millage Replacement Proposal,,,No,21
Genesee,City of Flint Precinct 7,Mass Transportation Authority Millage Replacement Proposal,,,Yes,86
Genesee,City of Flint Precinct 7,Prosecuting Attorney,,DEM,David Leyton,44
Genesee,City of Flint Precinct 7,Prosecuting Attorney,,DEM,Trachelle C. Young,60
Genesee,City of Flint Precinct 7,Registered Voters,,,,789
Genesee,City of Flint Precinct 7,Sheriff,,DEM,Christopher R. Swanson,43
Genesee,City of Flint Precinct 7,Sheriff,,DEM,Phil Hart,17
Genesee,City of Flint Precinct 7,Sheriff,,DEM,Timothy Johnson,42
Genesee,City of Flint Precinct 7,Sheriff,,REP,Stephen Sanford,1
Genesee,City of Flint Precinct 7,State House,34,DEM,Arthur Woodson,16
Genesee,City of Flint Precinct 7,State House,34,DEM,Claudia Perkins-Milton,5
Genesee,City of Flint Precinct 7,State House,34,DEM,Cynthia R. Neeley,76
Genesee,City of Flint Precinct 7,State House,34,DEM,DelTonya Burns,4
Genesee,City of Flint Precinct 7,State House,34,DEM,Diana A. Phillips,1
Genesee,City of Flint Precinct 7,State House,34,REP,James Miraglia,1
Genesee,City of Flint Precinct 7,Surveyor,,DEM,Kim Carlson,93
Genesee,City of Flint Precinct 7,U.S. House,5,DEM,Daniel T. Kildee,105
Genesee,City of Flint Precinct 7,U.S. House,5,REP,Earl Lackie,0
Genesee,City of Flint Precinct 7,U.S. House,5,REP,Tim Kelly,1
Genesee,City of Flint Precinct 7,U.S. Senate,,DEM,Gary Peters,100
Genesee,City of Flint Precinct 7,U.S. Senate,,REP,John James,1
Genesee,City of Flint Precinct 8,Animal Control Shelter Millage Renewal Proposal,,,No,111
Genesee,City of Flint Precinct 8,Animal Control Shelter Millage Renewal Proposal,,,Yes,209
Genesee,City of Flint Precinct 8,Ballots Cast,,,,372
Genesee,City of Flint Precinct 8,Circuit Court Judge,7,,Chris Christenson,36
Genesee,City of Flint Precinct 8,Circuit Court Judge,7,,Herman Marable Jr.,239
Genesee,City of Flint Precinct 8,Circuit Court Judge,7,,Stephanie Witucki,25
Genesee,City of Flint Precinct 8,Clerk and Register of Deeds,,DEM,John J. Gleason,187
Genesee,City of Flint Precinct 8,Clerk and Register of Deeds,,DEM,Renee' D. Watson,156
Genesee,City of Flint Precinct 8,Clerk and Register of Deeds,,REP,Jesse Couch,0
Genesee,City of Flint Precinct 8,County Commissioner,1,DEM,Bryant Nolden,328
Genesee,City of Flint Precinct 8,County Treasurer,,DEM,Deborah Cherry,328
Genesee,City of Flint Precinct 8,County Treasurer,,REP,Deborah Hoss,0
Genesee,City of Flint Precinct 8,District Court Judge,67-5,,Glenn Cotton,30
Genesee,City of Flint Precinct 8,District Court Judge,67-5,,Heather Burnash,11
Genesee,City of Flint Precinct 8,District Court Judge,67-5,,Tabitha M. Marsh,181
Genesee,City of Flint Precinct 8,District Court Judge,67-5,,Torchio W. Feaster,80
Genesee,City of Flint Precinct 8,Drain Commissioner,,DEM,Jeff Wright,245
Genesee,City of Flint Precinct 8,Drain Commissioner,,DEM,Travis R. Wines,91
Genesee,City of Flint Precinct 8,Mass Transportation Authority Millage Replacement Proposal,,,No,87
Genesee,City of Flint Precinct 8,Mass Transportation Authority Millage Replacement Proposal,,,Yes,237
Genesee,City of Flint Precinct 8,Prosecuting Attorney,,DEM,David Leyton,165
Genesee,City of Flint Precinct 8,Prosecuting Attorney,,DEM,Trachelle C. Young,187
Genesee,City of Flint Precinct 8,Registered Voters,,,,1349
Genesee,City of Flint Precinct 8,Sheriff,,DEM,Christopher R. Swanson,145
Genesee,City of Flint Precinct 8,Sheriff,,DEM,Phil Hart,22
Genesee,City of Flint Precinct 8,Sheriff,,DEM,Timothy Johnson,181
Genesee,City of Flint Precinct 8,Sheriff,,REP,Stephen Sanford,0
Genesee,City of Flint Precinct 8,State House,34,DEM,Arthur Woodson,35
Genesee,City of Flint Precinct 8,State House,34,DEM,Claudia Perkins-Milton,60
Genesee,City of Flint Precinct 8,State House,34,DEM,Cynthia R. Neeley,241
Genesee,City of Flint Precinct 8,State House,34,DEM,DelTonya Burns,12
Genesee,City of Flint Precinct 8,State House,34,DEM,Diana A. Phillips,3
Genesee,City of Flint Precinct 8,State House,34,REP,James Miraglia,0
Genesee,City of Flint Precinct 8,Surveyor,,DEM,Kim Carlson,317
Genesee,City of Flint Precinct 8,U.S. House,5,DEM,Daniel T. Kildee,347
Genesee,City of Flint Precinct 8,U.S. House,5,REP,Earl Lackie,0
Genesee,City of Flint Precinct 8,U.S. House,5,REP,Tim Kelly,0
Genesee,City of Flint Precinct 8,U.S. Senate,,DEM,Gary Peters,341
Genesee,City of Flint Precinct 8,U.S. Senate,,REP,John James,0
Genesee,City of Flint Precinct 9,Animal Control Shelter Millage Renewal Proposal,,,No,46
Genesee,City of Flint Precinct 9,Animal Control Shelter Millage Renewal Proposal,,,Yes,133
Genesee,City of Flint Precinct 9,Ballots Cast,,,,200
Genesee,City of Flint Precinct 9,Circuit Court Judge,7,,Chris Christenson,17
Genesee,City of Flint Precinct 9,Circuit Court Judge,7,,Herman Marable Jr.,135
Genesee,City of Flint Precinct 9,Circuit Court Judge,7,,Stephanie Witucki,8
Genesee,City of Flint Precinct 9,Clerk and Register of Deeds,,DEM,John J. Gleason,86
Genesee,City of Flint Precinct 9,Clerk and Register of Deeds,,DEM,Renee' D. Watson,89
Genesee,City of Flint Precinct 9,Clerk and Register of Deeds,,REP,Jesse Couch,0
Genesee,City of Flint Precinct 9,County Commissioner,1,DEM,Bryant Nolden,165
Genesee,City of Flint Precinct 9,County Treasurer,,DEM,Deborah Cherry,172
Genesee,City of Flint Precinct 9,County Treasurer,,REP,Deborah Hoss,0
Genesee,City of Flint Precinct 9,District Court Judge,67-5,,Glenn Cotton,10
Genesee,City of Flint Precinct 9,District Court Judge,67-5,,Heather Burnash,8
Genesee,City of Flint Precinct 9,District Court Judge,67-5,,Tabitha M. Marsh,97
Genesee,City of Flint Precinct 9,District Court Judge,67-5,,Torchio W. Feaster,45
Genesee,City of Flint Precinct 9,Drain Commissioner,,DEM,Jeff Wright,121
Genesee,City of Flint Precinct 9,Drain Commissioner,,DEM,Travis R. Wines,49
Genesee,City of Flint Precinct 9,Mass Transportation Authority Millage Replacement Proposal,,,No,33
Genesee,City of Flint Precinct 9,Mass Transportation Authority Millage Replacement Proposal,,,Yes,150
Genesee,City of Flint Precinct 9,Prosecuting Attorney,,DEM,David Leyton,74
Genesee,City of Flint Precinct 9,Prosecuting Attorney,,DEM,Trachelle C. Young,104
Genesee,City of Flint Precinct 9,Registered Voters,,,,852
Genesee,City of Flint Precinct 9,Sheriff,,DEM,Christopher R. Swanson,64
Genesee,City of Flint Precinct 9,Sheriff,,DEM,Phil Hart,14
Genesee,City of Flint Precinct 9,Sheriff,,DEM,Timothy Johnson,95
Genesee,City of Flint Precinct 9,Sheriff,,REP,Stephen Sanford,0
Genesee,City of Flint Precinct 9,State House,34,DEM,Arthur Woodson,29
Genesee,City of Flint Precinct 9,State House,34,DEM,Claudia Perkins-Milton,20
Genesee,City of Flint Precinct 9,State House,34,DEM,Cynthia R. Neeley,124
Genesee,City of Flint Precinct 9,State House,34,DEM,DelTonya Burns,8
Genesee,City of Flint Precinct 9,State House,34,DEM,Diana A. Phillips,0
Genesee,City of Flint Precinct 9,State House,34,REP,James Miraglia,0
Genesee,City of Flint Precinct 9,Surveyor,,DEM,Kim Carlson,161
Genesee,City of Flint Precinct 9,U.S. House,5,DEM,Daniel T. Kildee,176
Genesee,City of Flint Precinct 9,U.S. House,5,REP,Earl Lackie,0
Genesee,City of Flint Precinct 9,U.S. House,5,REP,Tim Kelly,0
Genesee,City of Flint Precinct 9,U.S. Senate,,DEM,Gary Peters,172
Genesee,City of Flint Precinct 9,U.S. Senate,,REP,John James,0
Genesee,City of Flushing Precinct 1,Animal Control Shelter Millage Renewal Proposal,,,No,74
Genesee,City of Flushing Precinct 1,Animal Control Shelter Millage Renewal Proposal,,,Yes,312
Genesee,City of Flushing Precinct 1,Ballots Cast,,,,419
Genesee,City of Flushing Precinct 1,Circuit Court Judge,7,,Chris Christenson,158
Genesee,City of Flushing Precinct 1,Circuit Court Judge,7,,Herman Marable Jr.,68
Genesee,City of Flushing Precinct 1,Circuit Court Judge,7,,Stephanie Witucki,120
Genesee,City of Flushing Precinct 1,Clerk and Register of Deeds,,DEM,John J. Gleason,203
Genesee,City of Flushing Precinct 1,Clerk and Register of Deeds,,DEM,Renee' D. Watson,77
Genesee,City of Flushing Precinct 1,Clerk and Register of Deeds,,REP,Jesse Couch,92
Genesee,City of Flushing Precinct 1,County Commissioner,7,DEM,Martin L. Cousineau,220
Genesee,City of Flushing Precinct 1,County Commissioner,7,REP,Meredith Faye Davis (W),5
Genesee,City of Flushing Precinct 1,County Treasurer,,DEM,Deborah Cherry,235
Genesee,City of Flushing Precinct 1,County Treasurer,,REP,Deborah Hoss,92
Genesee,City of Flushing Precinct 1,Drain Commissioner,,DEM,Jeff Wright,192
Genesee,City of Flushing Precinct 1,Drain Commissioner,,DEM,Travis R. Wines,72
Genesee,City of Flushing Precinct 1,"Flushing City Council Member, At-Large, Partial Term Ending 11/8/2021",,,Dan Fralick,292
Genesee,City of Flushing Precinct 1,"Flushing City Council Member, District II, Partial Term Ending 11/8/2021",,,Dane Miller,184
Genesee,City of Flushing Precinct 1,"Flushing City Council Member, District II, Partial Term Ending 11/8/2021",,,Seth Neblock,135
Genesee,City of Flushing Precinct 1,"Flushing City Council Member, District III, Partial Term Ending 11/13/2023",,,Brad Barrett,141
Genesee,City of Flushing Precinct 1,"Flushing City Council Member, District III, Partial Term Ending 11/13/2023",,,Danielle Smith,221
Genesee,City of Flushing Precinct 1,"Flushing City Council Member, District IV, Partial Term Ending 11/8/2021",,,Eric Johnson,154
Genesee,City of Flushing Precinct 1,"Flushing City Council Member, District IV, Partial Term Ending 11/8/2021",,,Patrick Jones,153
Genesee,City of Flushing Precinct 1,Mass Transportation Authority Millage Replacement Proposal,,,No,127
Genesee,City of Flushing Precinct 1,Mass Transportation Authority Millage Replacement Proposal,,,Yes,262
Genesee,City of Flushing Precinct 1,Prosecuting Attorney,,DEM,David Leyton,229
Genesee,City of Flushing Precinct 1,Prosecuting Attorney,,DEM,Trachelle C. Young,52
Genesee,City of Flushing Precinct 1,Registered Voters,,,,1093
Genesee,City of Flushing Precinct 1,Sheriff,,DEM,Christopher R. Swanson,201
Genesee,City of Flushing Precinct 1,Sheriff,,DEM,Phil Hart,55
Genesee,City of Flushing Precinct 1,Sheriff,,DEM,Timothy Johnson,27
Genesee,City of Flushing Precinct 1,Sheriff,,REP,Stephen Sanford,89
Genesee,City of Flushing Precinct 1,State House,49,DEM,John D. Cherry,243
Genesee,City of Flushing Precinct 1,State House,49,REP,Bryan Lutz,100
Genesee,City of Flushing Precinct 1,Surveyor,,DEM,Kim Carlson,226
Genesee,City of Flushing Precinct 1,U.S. House,5,DEM,Daniel T. Kildee,259
Genesee,City of Flushing Precinct 1,U.S. House,5,REP,Earl Lackie,12
Genesee,City of Flushing Precinct 1,U.S. House,5,REP,Tim Kelly,93
Genesee,City of Flushing Precinct 1,U.S. Senate,,DEM,Gary Peters,249
Genesee,City of Flushing Precinct 1,U.S. Senate,,REP,John James,109
Genesee,City of Flushing Precinct 2,Animal Control Shelter Millage Renewal Proposal,,,No,100
Genesee,City of Flushing Precinct 2,Animal Control Shelter Millage Renewal Proposal,,,Yes,339
Genesee,City of Flushing Precinct 2,Ballots Cast,,,,473
Genesee,City of Flushing Precinct 2,Circuit Court Judge,7,,Chris Christenson,179
Genesee,City of Flushing Precinct 2,Circuit Court Judge,7,,Herman Marable Jr.,60
Genesee,City of Flushing Precinct 2,Circuit Court Judge,7,,Stephanie Witucki,126
Genesee,City of Flushing Precinct 2,Clerk and Register of Deeds,,DEM,John J. Gleason,210
Genesee,City of Flushing Precinct 2,Clerk and Register of Deeds,,DEM,Renee' D. Watson,91
Genesee,City of Flushing Precinct 2,Clerk and Register of Deeds,,REP,Jesse Couch,108
Genesee,City of Flushing Precinct 2,County Commissioner,7,DEM,Martin L. Cousineau,256
Genesee,City of Flushing Precinct 2,County Commissioner,7,REP,Meredith Faye Davis (W),13
Genesee,City of Flushing Precinct 2,County Treasurer,,DEM,Deborah Cherry,265
Genesee,City of Flushing Precinct 2,County Treasurer,,REP,Deborah Hoss,112
Genesee,City of Flushing Precinct 2,Drain Commissioner,,DEM,Jeff Wright,220
Genesee,City of Flushing Precinct 2,Drain Commissioner,,DEM,Travis R. Wines,53
Genesee,City of Flushing Precinct 2,"Flushing City Council Member, At-Large, Partial Term Ending 11/8/2021",,,Dan Fralick,325
Genesee,City of Flushing Precinct 2,"Flushing City Council Member, District II, Partial Term Ending 11/8/2021",,,Dane Miller,146
Genesee,City of Flushing Precinct 2,"Flushing City Council Member, District II, Partial Term Ending 11/8/2021",,,Seth Neblock,185
Genesee,City of Flushing Precinct 2,"Flushing City Council Member, District III, Partial Term Ending 11/13/2023",,,Brad Barrett,135
Genesee,City of Flushing Precinct 2,"Flushing City Council Member, District III, Partial Term Ending 11/13/2023",,,Danielle Smith,254
Genesee,City of Flushing Precinct 2,"Flushing City Council Member, District IV, Partial Term Ending 11/8/2021",,,Eric Johnson,183
Genesee,City of Flushing Precinct 2,"Flushing City Council Member, District IV, Partial Term Ending 11/8/2021",,,Patrick Jones,131
Genesee,City of Flushing Precinct 2,Mass Transportation Authority Millage Replacement Proposal,,,No,139
Genesee,City of Flushing Precinct 2,Mass Transportation Authority Millage Replacement Proposal,,,Yes,298
Genesee,City of Flushing Precinct 2,Prosecuting Attorney,,DEM,David Leyton,239
Genesee,City of Flushing Precinct 2,Prosecuting Attorney,,DEM,Trachelle C. Young,62
Genesee,City of Flushing Precinct 2,Registered Voters,,,,1106
Genesee,City of Flushing Precinct 2,Sheriff,,DEM,Christopher R. Swanson,240
Genesee,City of Flushing Precinct 2,Sheriff,,DEM,Phil Hart,44
Genesee,City of Flushing Precinct 2,Sheriff,,DEM,Timothy Johnson,19
Genesee,City of Flushing Precinct 2,Sheriff,,REP,Stephen Sanford,101
Genesee,City of Flushing Precinct 2,State House,49,DEM,John D. Cherry,273
Genesee,City of Flushing Precinct 2,State House,49,REP,Bryan Lutz,121
Genesee,City of Flushing Precinct 2,Surveyor,,DEM,Kim Carlson,253
Genesee,City of Flushing Precinct 2,U.S. House,5,DEM,Daniel T. Kildee,281
Genesee,City of Flushing Precinct 2,U.S. House,5,REP,Earl Lackie,25
Genesee,City of Flushing Precinct 2,U.S. House,5,REP,Tim Kelly,98
Genesee,City of Flushing Precinct 2,U.S. Senate,,DEM,Gary Peters,277
Genesee,City of Flushing Precinct 2,U.S. Senate,,REP,John James,128
Genesee,City of Flushing Precinct 3,Animal Control Shelter Millage Renewal Proposal,,,No,120
Genesee,City of Flushing Precinct 3,Animal Control Shelter Millage Renewal Proposal,,,Yes,435
Genesee,City of Flushing Precinct 3,Ballots Cast,,,,612
Genesee,City of Flushing Precinct 3,Circuit Court Judge,7,,Chris Christenson,271
Genesee,City of Flushing Precinct 3,Circuit Court Judge,7,,Herman Marable Jr.,73
Genesee,City of Flushing Precinct 3,Circuit Court Judge,7,,Stephanie Witucki,121
Genesee,City of Flushing Precinct 3,Clerk and Register of Deeds,,DEM,John J. Gleason,255
Genesee,City of Flushing Precinct 3,Clerk and Register of Deeds,,DEM,Renee' D. Watson,143
Genesee,City of Flushing Precinct 3,Clerk and Register of Deeds,,REP,Jesse Couch,129
Genesee,City of Flushing Precinct 3,County Commissioner,7,DEM,Martin L. Cousineau,334
Genesee,City of Flushing Precinct 3,County Commissioner,7,REP,Meredith Faye Davis (W),15
Genesee,City of Flushing Precinct 3,County Treasurer,,DEM,Deborah Cherry,358
Genesee,City of Flushing Precinct 3,County Treasurer,,REP,Deborah Hoss,130
Genesee,City of Flushing Precinct 3,Drain Commissioner,,DEM,Jeff Wright,279
Genesee,City of Flushing Precinct 3,Drain Commissioner,,DEM,Travis R. Wines,85
Genesee,City of Flushing Precinct 3,"Flushing City Council Member, At-Large, Partial Term Ending 11/8/2021",,,Dan Fralick,382
Genesee,City of Flushing Precinct 3,"Flushing City Council Member, District II, Partial Term Ending 11/8/2021",,,Dane Miller,208
Genesee,City of Flushing Precinct 3,"Flushing City Council Member, District II, Partial Term Ending 11/8/2021",,,Seth Neblock,204
Genesee,City of Flushing Precinct 3,"Flushing City Council Member, District III, Partial Term Ending 11/13/2023",,,Brad Barrett,163
Genesee,City of Flushing Precinct 3,"Flushing City Council Member, District III, Partial Term Ending 11/13/2023",,,Danielle Smith,300
Genesee,City of Flushing Precinct 3,"Flushing City Council Member, District IV, Partial Term Ending 11/8/2021",,,Eric Johnson,236
Genesee,City of Flushing Precinct 3,"Flushing City Council Member, District IV, Partial Term Ending 11/8/2021",,,Patrick Jones,161
Genesee,City of Flushing Precinct 3,Mass Transportation Authority Millage Replacement Proposal,,,No,173
Genesee,City of Flushing Precinct 3,Mass Transportation Authority Millage Replacement Proposal,,,Yes,390
Genesee,City of Flushing Precinct 3,Prosecuting Attorney,,DEM,David Leyton,288
Genesee,City of Flushing Precinct 3,Prosecuting Attorney,,DEM,Trachelle C. Young,103
Genesee,City of Flushing Precinct 3,Registered Voters,,,,1414
Genesee,City of Flushing Precinct 3,Sheriff,,DEM,Christopher R. Swanson,275
Genesee,City of Flushing Precinct 3,Sheriff,,DEM,Phil Hart,73
Genesee,City of Flushing Precinct 3,Sheriff,,DEM,Timothy Johnson,40
Genesee,City of Flushing Precinct 3,Sheriff,,REP,Stephen Sanford,125
Genesee,City of Flushing Precinct 3,State House,49,DEM,John D. Cherry,365
Genesee,City of Flushing Precinct 3,State House,49,REP,Bryan Lutz,152
Genesee,City of Flushing Precinct 3,Surveyor,,DEM,Kim Carlson,343
Genesee,City of Flushing Precinct 3,U.S. House,5,DEM,Daniel T. Kildee,376
Genesee,City of Flushing Precinct 3,U.S. House,5,REP,Earl Lackie,32
Genesee,City of Flushing Precinct 3,U.S. House,5,REP,Tim Kelly,126
Genesee,City of Flushing Precinct 3,U.S. Senate,,DEM,Gary Peters,365
Genesee,City of Flushing Precinct 3,U.S. Senate,,REP,John James,169
Genesee,City of Flushing Precinct 4,Animal Control Shelter Millage Renewal Proposal,,,No,147
Genesee,City of Flushing Precinct 4,Animal Control Shelter Millage Renewal Proposal,,,Yes,411
Genesee,City of Flushing Precinct 4,Ballots Cast,,,,595
Genesee,City of Flushing Precinct 4,Circuit Court Judge,7,,Chris Christenson,229
Genesee,City of Flushing Precinct 4,Circuit Court Judge,7,,Herman Marable Jr.,88
Genesee,City of Flushing Precinct 4,Circuit Court Judge,7,,Stephanie Witucki,135
Genesee,City of Flushing Precinct 4,Clerk and Register of Deeds,,DEM,John J. Gleason,258
Genesee,City of Flushing Precinct 4,Clerk and Register of Deeds,,DEM,Renee' D. Watson,101
Genesee,City of Flushing Precinct 4,Clerk and Register of Deeds,,REP,Jesse Couch,143
Genesee,City of Flushing Precinct 4,County Commissioner,7,DEM,Martin L. Cousineau,297
Genesee,City of Flushing Precinct 4,County Commissioner,7,REP,Meredith Faye Davis (W),9
Genesee,City of Flushing Precinct 4,County Treasurer,,DEM,Deborah Cherry,316
Genesee,City of Flushing Precinct 4,County Treasurer,,REP,Deborah Hoss,145
Genesee,City of Flushing Precinct 4,Drain Commissioner,,DEM,Jeff Wright,280
Genesee,City of Flushing Precinct 4,Drain Commissioner,,DEM,Travis R. Wines,66
Genesee,City of Flushing Precinct 4,"Flushing City Council Member, At-Large, Partial Term Ending 11/8/2021",,,Dan Fralick,363
Genesee,City of Flushing Precinct 4,"Flushing City Council Member, District II, Partial Term Ending 11/8/2021",,,Dane Miller,199
Genesee,City of Flushing Precinct 4,"Flushing City Council Member, District II, Partial Term Ending 11/8/2021",,,Seth Neblock,167
Genesee,City of Flushing Precinct 4,"Flushing City Council Member, District III, Partial Term Ending 11/13/2023",,,Brad Barrett,196
Genesee,City of Flushing Precinct 4,"Flushing City Council Member, District III, Partial Term Ending 11/13/2023",,,Danielle Smith,230
Genesee,City of Flushing Precinct 4,"Flushing City Council Member, District IV, Partial Term Ending 11/8/2021",,,Eric Johnson,228
Genesee,City of Flushing Precinct 4,"Flushing City Council Member, District IV, Partial Term Ending 11/8/2021",,,Patrick Jones,175
Genesee,City of Flushing Precinct 4,Mass Transportation Authority Millage Replacement Proposal,,,No,192
Genesee,City of Flushing Precinct 4,Mass Transportation Authority Millage Replacement Proposal,,,Yes,371
Genesee,City of Flushing Precinct 4,Prosecuting Attorney,,DEM,David Leyton,274
Genesee,City of Flushing Precinct 4,Prosecuting Attorney,,DEM,Trachelle C. Young,89
Genesee,City of Flushing Precinct 4,Registered Voters,,,,1454
Genesee,City of Flushing Precinct 4,Sheriff,,DEM,Christopher R. Swanson,250
Genesee,City of Flushing Precinct 4,Sheriff,,DEM,Phil Hart,84
Genesee,City of Flushing Precinct 4,Sheriff,,DEM,Timothy Johnson,31
Genesee,City of Flushing Precinct 4,Sheriff,,REP,Stephen Sanford,138
Genesee,City of Flushing Precinct 4,State House,49,DEM,John D. Cherry,323
Genesee,City of Flushing Precinct 4,State House,49,REP,Bryan Lutz,156
Genesee,City of Flushing Precinct 4,Surveyor,,DEM,Kim Carlson,295
Genesee,City of Flushing Precinct 4,U.S. House,5,DEM,Daniel T. Kildee,333
Genesee,City of Flushing Precinct 4,U.S. House,5,REP,Earl Lackie,39
Genesee,City of Flushing Precinct 4,U.S. House,5,REP,Tim Kelly,122
Genesee,City of Flushing Precinct 4,U.S. Senate,,DEM,Gary Peters,324
Genesee,City of Flushing Precinct 4,U.S. Senate,,REP,John James,172
Genesee,City of Flushing Precinct 5,Animal Control Shelter Millage Renewal Proposal,,,No,129
Genesee,City of Flushing Precinct 5,Animal Control Shelter Millage Renewal Proposal,,,Yes,410
Genesee,City of Flushing Precinct 5,Ballots Cast,,,,578
Genesee,City of Flushing Precinct 5,Circuit Court Judge,7,,Chris Christenson,209
Genesee,City of Flushing Precinct 5,Circuit Court Judge,7,,Herman Marable Jr.,63
Genesee,City of Flushing Precinct 5,Circuit Court Judge,7,,Stephanie Witucki,145
Genesee,City of Flushing Precinct 5,Clerk and Register of Deeds,,DEM,John J. Gleason,253
Genesee,City of Flushing Precinct 5,Clerk and Register of Deeds,,DEM,Renee' D. Watson,103
Genesee,City of Flushing Precinct 5,Clerk and Register of Deeds,,REP,Jesse Couch,143
Genesee,City of Flushing Precinct 5,County Commissioner,7,DEM,Martin L. Cousineau,305
Genesee,City of Flushing Precinct 5,County Commissioner,7,REP,Meredith Faye Davis (W),18
Genesee,City of Flushing Precinct 5,County Treasurer,,DEM,Deborah Cherry,324
Genesee,City of Flushing Precinct 5,County Treasurer,,REP,Deborah Hoss,137
Genesee,City of Flushing Precinct 5,Drain Commissioner,,DEM,Jeff Wright,236
Genesee,City of Flushing Precinct 5,Drain Commissioner,,DEM,Travis R. Wines,87
Genesee,City of Flushing Precinct 5,"Flushing City Council Member, At-Large, Partial Term Ending 11/8/2021",,,Dan Fralick,353
Genesee,City of Flushing Precinct 5,"Flushing City Council Member, District II, Partial Term Ending 11/8/2021",,,Dane Miller,179
Genesee,City of Flushing Precinct 5,"Flushing City Council Member, District II, Partial Term Ending 11/8/2021",,,Seth Neblock,186
Genesee,City of Flushing Precinct 5,"Flushing City Council Member, District III, Partial Term Ending 11/13/2023",,,Brad Barrett,166
Genesee,City of Flushing Precinct 5,"Flushing City Council Member, District III, Partial Term Ending 11/13/2023",,,Danielle Smith,243
Genesee,City of Flushing Precinct 5,"Flushing City Council Member, District IV, Partial Term Ending 11/8/2021",,,Eric Johnson,220
Genesee,City of Flushing Precinct 5,"Flushing City Council Member, District IV, Partial Term Ending 11/8/2021",,,Patrick Jones,145
Genesee,City of Flushing Precinct 5,Mass Transportation Authority Millage Replacement Proposal,,,No,169
Genesee,City of Flushing Precinct 5,Mass Transportation Authority Millage Replacement Proposal,,,Yes,362
Genesee,City of Flushing Precinct 5,Prosecuting Attorney,,DEM,David Leyton,279
Genesee,City of Flushing Precinct 5,Prosecuting Attorney,,DEM,Trachelle C. Young,72
Genesee,City of Flushing Precinct 5,Registered Voters,,,,1594
Genesee,City of Flushing Precinct 5,Sheriff,,DEM,Christopher R. Swanson,264
Genesee,City of Flushing Precinct 5,Sheriff,,DEM,Phil Hart,63
Genesee,City of Flushing Precinct 5,Sheriff,,DEM,Timothy Johnson,29
Genesee,City of Flushing Precinct 5,Sheriff,,REP,Stephen Sanford,130
Genesee,City of Flushing Precinct 5,State House,49,DEM,John D. Cherry,330
Genesee,City of Flushing Precinct 5,State House,49,REP,Bryan Lutz,147
Genesee,City of Flushing Precinct 5,Surveyor,,DEM,Kim Carlson,304
Genesee,City of Flushing Precinct 5,U.S. House,5,DEM,Daniel T. Kildee,339
Genesee,City of Flushing Precinct 5,U.S. House,5,REP,Earl Lackie,27
Genesee,City of Flushing Precinct 5,U.S. House,5,REP,Tim Kelly,133
Genesee,City of Flushing Precinct 5,U.S. Senate,,DEM,Gary Peters,331
Genesee,City of Flushing Precinct 5,U.S. Senate,,REP,John James,170
Genesee,City of Grand Blanc Precinct 1,Animal Control Shelter Millage Renewal Proposal,,,No,110
Genesee,City of Grand Blanc Precinct 1,Animal Control Shelter Millage Renewal Proposal,,,Yes,369
Genesee,City of Grand Blanc Precinct 1,Ballots Cast,,,,510
Genesee,City of Grand Blanc Precinct 1,Circuit Court Judge,7,,Chris Christenson,207
Genesee,City of Grand Blanc Precinct 1,Circuit Court Judge,7,,Herman Marable Jr.,49
Genesee,City of Grand Blanc Precinct 1,Circuit Court Judge,7,,Stephanie Witucki,145
Genesee,City of Grand Blanc Precinct 1,Clerk and Register of Deeds,,DEM,John J. Gleason,147
Genesee,City of Grand Blanc Precinct 1,Clerk and Register of Deeds,,DEM,Renee' D. Watson,140
Genesee,City of Grand Blanc Precinct 1,Clerk and Register of Deeds,,REP,Jesse Couch,137
Genesee,City of Grand Blanc Precinct 1,County Commissioner,5,DEM,Mark Young,252
Genesee,City of Grand Blanc Precinct 1,County Commissioner,5,REP,Sean A. Trowbridge,136
Genesee,City of Grand Blanc Precinct 1,County Treasurer,,DEM,Deborah Cherry,262
Genesee,City of Grand Blanc Precinct 1,County Treasurer,,REP,Deborah Hoss,138
Genesee,City of Grand Blanc Precinct 1,Drain Commissioner,,DEM,Jeff Wright,218
Genesee,City of Grand Blanc Precinct 1,Drain Commissioner,,DEM,Travis R. Wines,65
Genesee,City of Grand Blanc Precinct 1,Mass Transportation Authority Millage Replacement Proposal,,,No,139
Genesee,City of Grand Blanc Precinct 1,Mass Transportation Authority Millage Replacement Proposal,,,Yes,350
Genesee,City of Grand Blanc Precinct 1,Prosecuting Attorney,,DEM,David Leyton,212
Genesee,City of Grand Blanc Precinct 1,Prosecuting Attorney,,DEM,Trachelle C. Young,84
Genesee,City of Grand Blanc Precinct 1,Registered Voters,,,,1189
Genesee,City of Grand Blanc Precinct 1,Sheriff,,DEM,Christopher R. Swanson,224
Genesee,City of Grand Blanc Precinct 1,Sheriff,,DEM,Phil Hart,51
Genesee,City of Grand Blanc Precinct 1,Sheriff,,DEM,Timothy Johnson,33
Genesee,City of Grand Blanc Precinct 1,Sheriff,,REP,Stephen Sanford,127
Genesee,City of Grand Blanc Precinct 1,State House,50,DEM,Raymond Freiberger,60
Genesee,City of Grand Blanc Precinct 1,State House,50,DEM,Tim Sneller,214
Genesee,City of Grand Blanc Precinct 1,State House,50,REP,Christina Fitchett-Hickson,63
Genesee,City of Grand Blanc Precinct 1,State House,50,REP,Lynn S. Hukee,30
Genesee,City of Grand Blanc Precinct 1,State House,50,REP,Lynne Freiberger,50
Genesee,City of Grand Blanc Precinct 1,Surveyor,,DEM,Kim Carlson,248
Genesee,City of Grand Blanc Precinct 1,U.S. House,5,DEM,Daniel T. Kildee,277
Genesee,City of Grand Blanc Precinct 1,U.S. House,5,REP,Earl Lackie,22
Genesee,City of Grand Blanc Precinct 1,U.S. House,5,REP,Tim Kelly,132
Genesee,City of Grand Blanc Precinct 1,U.S. Senate,,DEM,Gary Peters,276
Genesee,City of Grand Blanc Precinct 1,U.S. Senate,,REP,John James,168
Genesee,City of Grand Blanc Precinct 2,Animal Control Shelter Millage Renewal Proposal,,,No,98
Genesee,City of Grand Blanc Precinct 2,Animal Control Shelter Millage Renewal Proposal,,,Yes,345
Genesee,City of Grand Blanc Precinct 2,Ballots Cast,,,,499
Genesee,City of Grand Blanc Precinct 2,Circuit Court Judge,7,,Chris Christenson,141
Genesee,City of Grand Blanc Precinct 2,Circuit Court Judge,7,,Herman Marable Jr.,84
Genesee,City of Grand Blanc Precinct 2,Circuit Court Judge,7,,Stephanie Witucki,124
Genesee,City of Grand Blanc Precinct 2,Clerk and Register of Deeds,,DEM,John J. Gleason,143
Genesee,City of Grand Blanc Precinct 2,Clerk and Register of Deeds,,DEM,Renee' D. Watson,154
Genesee,City of Grand Blanc Precinct 2,Clerk and Register of Deeds,,REP,Jesse Couch,101
Genesee,City of Grand Blanc Precinct 2,County Commissioner,5,DEM,Mark Young,275
Genesee,City of Grand Blanc Precinct 2,County Commissioner,5,REP,Sean A. Trowbridge,101
Genesee,City of Grand Blanc Precinct 2,County Treasurer,,DEM,Deborah Cherry,291
Genesee,City of Grand Blanc Precinct 2,County Treasurer,,REP,Deborah Hoss,100
Genesee,City of Grand Blanc Precinct 2,Drain Commissioner,,DEM,Jeff Wright,219
Genesee,City of Grand Blanc Precinct 2,Drain Commissioner,,DEM,Travis R. Wines,65
Genesee,City of Grand Blanc Precinct 2,Mass Transportation Authority Millage Replacement Proposal,,,No,120
Genesee,City of Grand Blanc Precinct 2,Mass Transportation Authority Millage Replacement Proposal,,,Yes,338
Genesee,City of Grand Blanc Precinct 2,Prosecuting Attorney,,DEM,David Leyton,189
Genesee,City of Grand Blanc Precinct 2,Prosecuting Attorney,,DEM,Trachelle C. Young,117
Genesee,City of Grand Blanc Precinct 2,Registered Voters,,,,1349
Genesee,City of Grand Blanc Precinct 2,Sheriff,,DEM,Christopher R. Swanson,202
Genesee,City of Grand Blanc Precinct 2,Sheriff,,DEM,Phil Hart,34
Genesee,City of Grand Blanc Precinct 2,Sheriff,,DEM,Timothy Johnson,65
Genesee,City of Grand Blanc Precinct 2,Sheriff,,REP,Stephen Sanford,97
Genesee,City of Grand Blanc Precinct 2,State House,50,DEM,Raymond Freiberger,60
Genesee,City of Grand Blanc Precinct 2,State House,50,DEM,Tim Sneller,222
Genesee,City of Grand Blanc Precinct 2,State House,50,REP,Christina Fitchett-Hickson,43
Genesee,City of Grand Blanc Precinct 2,State House,50,REP,Lynn S. Hukee,25
Genesee,City of Grand Blanc Precinct 2,State House,50,REP,Lynne Freiberger,38
Genesee,City of Grand Blanc Precinct 2,Surveyor,,DEM,Kim Carlson,275
Genesee,City of Grand Blanc Precinct 2,U.S. House,5,DEM,Daniel T. Kildee,311
Genesee,City of Grand Blanc Precinct 2,U.S. House,5,REP,Earl Lackie,32
Genesee,City of Grand Blanc Precinct 2,U.S. House,5,REP,Tim Kelly,84
Genesee,City of Grand Blanc Precinct 2,U.S. Senate,,DEM,Gary Peters,308
Genesee,City of Grand Blanc Precinct 2,U.S. Senate,,REP,John James,127
Genesee,City of Grand Blanc Precinct 3,Animal Control Shelter Millage Renewal Proposal,,,No,119
Genesee,City of Grand Blanc Precinct 3,Animal Control Shelter Millage Renewal Proposal,,,Yes,428
Genesee,City of Grand Blanc Precinct 3,Ballots Cast,,,,599
Genesee,City of Grand Blanc Precinct 3,Circuit Court Judge,7,,Chris Christenson,162
Genesee,City of Grand Blanc Precinct 3,Circuit Court Judge,7,,Herman Marable Jr.,110
Genesee,City of Grand Blanc Precinct 3,Circuit Court Judge,7,,Stephanie Witucki,168
Genesee,City of Grand Blanc Precinct 3,Clerk and Register of Deeds,,DEM,John J. Gleason,188
Genesee,City of Grand Blanc Precinct 3,Clerk and Register of Deeds,,DEM,Renee' D. Watson,158
Genesee,City of Grand Blanc Precinct 3,Clerk and Register of Deeds,,REP,Jesse Couch,156
Genesee,City of Grand Blanc Precinct 3,County Commissioner,5,DEM,Mark Young,318
Genesee,City of Grand Blanc Precinct 3,County Commissioner,5,REP,Sean A. Trowbridge,156
Genesee,City of Grand Blanc Precinct 3,County Treasurer,,DEM,Deborah Cherry,331
Genesee,City of Grand Blanc Precinct 3,County Treasurer,,REP,Deborah Hoss,159
Genesee,City of Grand Blanc Precinct 3,Drain Commissioner,,DEM,Jeff Wright,247
Genesee,City of Grand Blanc Precinct 3,Drain Commissioner,,DEM,Travis R. Wines,89
Genesee,City of Grand Blanc Precinct 3,Mass Transportation Authority Millage Replacement Proposal,,,No,146
Genesee,City of Grand Blanc Precinct 3,Mass Transportation Authority Millage Replacement Proposal,,,Yes,408
Genesee,City of Grand Blanc Precinct 3,Prosecuting Attorney,,DEM,David Leyton,226
Genesee,City of Grand Blanc Precinct 3,Prosecuting Attorney,,DEM,Trachelle C. Young,132
Genesee,City of Grand Blanc Precinct 3,Registered Voters,,,,1522
Genesee,City of Grand Blanc Precinct 3,Sheriff,,DEM,Christopher R. Swanson,250
Genesee,City of Grand Blanc Precinct 3,Sheriff,,DEM,Phil Hart,32
Genesee,City of Grand Blanc Precinct 3,Sheriff,,DEM,Timothy Johnson,80
Genesee,City of Grand Blanc Precinct 3,Sheriff,,REP,Stephen Sanford,151
Genesee,City of Grand Blanc Precinct 3,State House,50,DEM,Raymond Freiberger,57
Genesee,City of Grand Blanc Precinct 3,State House,50,DEM,Tim Sneller,277
Genesee,City of Grand Blanc Precinct 3,State House,50,REP,Christina Fitchett-Hickson,49
Genesee,City of Grand Blanc Precinct 3,State House,50,REP,Lynn S. Hukee,52
Genesee,City of Grand Blanc Precinct 3,State House,50,REP,Lynne Freiberger,57
Genesee,City of Grand Blanc Precinct 3,Surveyor,,DEM,Kim Carlson,317
Genesee,City of Grand Blanc Precinct 3,U.S. House,5,DEM,Daniel T. Kildee,359
Genesee,City of Grand Blanc Precinct 3,U.S. House,5,REP,Earl Lackie,21
Genesee,City of Grand Blanc Precinct 3,U.S. House,5,REP,Tim Kelly,159
Genesee,City of Grand Blanc Precinct 3,U.S. Senate,,DEM,Gary Peters,354
Genesee,City of Grand Blanc Precinct 3,U.S. Senate,,REP,John James,200
Genesee,City of Grand Blanc Precinct 4,Animal Control Shelter Millage Renewal Proposal,,,No,124
Genesee,City of Grand Blanc Precinct 4,Animal Control Shelter Millage Renewal Proposal,,,Yes,460
Genesee,City of Grand Blanc Precinct 4,Ballots Cast,,,,636
Genesee,City of Grand Blanc Precinct 4,Circuit Court Judge,7,,Chris Christenson,191
Genesee,City of Grand Blanc Precinct 4,Circuit Court Judge,7,,Herman Marable Jr.,101
Genesee,City of Grand Blanc Precinct 4,Circuit Court Judge,7,,Stephanie Witucki,177
Genesee,City of Grand Blanc Precinct 4,Clerk and Register of Deeds,,DEM,John J. Gleason,179
Genesee,City of Grand Blanc Precinct 4,Clerk and Register of Deeds,,DEM,Renee' D. Watson,206
Genesee,City of Grand Blanc Precinct 4,Clerk and Register of Deeds,,REP,Jesse Couch,134
Genesee,City of Grand Blanc Precinct 4,County Commissioner,5,DEM,Mark Young,364
Genesee,City of Grand Blanc Precinct 4,County Commissioner,5,REP,Sean A. Trowbridge,128
Genesee,City of Grand Blanc Precinct 4,County Treasurer,,DEM,Deborah Cherry,373
Genesee,City of Grand Blanc Precinct 4,County Treasurer,,REP,Deborah Hoss,133
Genesee,City of Grand Blanc Precinct 4,Drain Commissioner,,DEM,Jeff Wright,280
Genesee,City of Grand Blanc Precinct 4,Drain Commissioner,,DEM,Travis R. Wines,94
Genesee,City of Grand Blanc Precinct 4,Mass Transportation Authority Millage Replacement Proposal,,,No,146
Genesee,City of Grand Blanc Precinct 4,Mass Transportation Authority Millage Replacement Proposal,,,Yes,447
Genesee,City of Grand Blanc Precinct 4,Prosecuting Attorney,,DEM,David Leyton,250
Genesee,City of Grand Blanc Precinct 4,Prosecuting Attorney,,DEM,Trachelle C. Young,148
Genesee,City of Grand Blanc Precinct 4,Registered Voters,,,,2059
Genesee,City of Grand Blanc Precinct 4,Sheriff,,DEM,Christopher R. Swanson,247
Genesee,City of Grand Blanc Precinct 4,Sheriff,,DEM,Phil Hart,51
Genesee,City of Grand Blanc Precinct 4,Sheriff,,DEM,Timothy Johnson,107
Genesee,City of Grand Blanc Precinct 4,Sheriff,,REP,Stephen Sanford,128
Genesee,City of Grand Blanc Precinct 4,State House,50,DEM,Raymond Freiberger,53
Genesee,City of Grand Blanc Precinct 4,State House,50,DEM,Tim Sneller,324
Genesee,City of Grand Blanc Precinct 4,State House,50,REP,Christina Fitchett-Hickson,80
Genesee,City of Grand Blanc Precinct 4,State House,50,REP,Lynn S. Hukee,24
Genesee,City of Grand Blanc Precinct 4,State House,50,REP,Lynne Freiberger,44
Genesee,City of Grand Blanc Precinct 4,Surveyor,,DEM,Kim Carlson,360
Genesee,City of Grand Blanc Precinct 4,U.S. House,5,DEM,Daniel T. Kildee,393
Genesee,City of Grand Blanc Precinct 4,U.S. House,5,REP,Earl Lackie,38
Genesee,City of Grand Blanc Precinct 4,U.S. House,5,REP,Tim Kelly,122
Genesee,City of Grand Blanc Precinct 4,U.S. Senate,,DEM,Gary Peters,389
Genesee,City of Grand Blanc Precinct 4,U.S. Senate,,REP,John James,170
Genesee,City of Linden Precinct 1,Animal Control Shelter Millage Renewal Proposal,,,No,129
Genesee,City of Linden Precinct 1,Animal Control Shelter Millage Renewal Proposal,,,Yes,343
Genesee,City of Linden Precinct 1,Ballots Cast,,,,510
Genesee,City of Linden Precinct 1,Circuit Court Judge,7,,Chris Christenson,170
Genesee,City of Linden Precinct 1,Circuit Court Judge,7,,Herman Marable Jr.,42
Genesee,City of Linden Precinct 1,Circuit Court Judge,7,,Stephanie Witucki,108
Genesee,City of Linden Precinct 1,Clerk and Register of Deeds,,DEM,John J. Gleason,113
Genesee,City of Linden Precinct 1,Clerk and Register of Deeds,,DEM,Renee' D. Watson,110
Genesee,City of Linden Precinct 1,Clerk and Register of Deeds,,REP,Jesse Couch,183
Genesee,City of Linden Precinct 1,County Commissioner,6,DEM,Timothy John Draeger (W),3
Genesee,City of Linden Precinct 1,County Commissioner,6,REP,Shaun Shumaker,175
Genesee,City of Linden Precinct 1,County Treasurer,,DEM,Deborah Cherry,214
Genesee,City of Linden Precinct 1,County Treasurer,,REP,Deborah Hoss,181
Genesee,City of Linden Precinct 1,Drain Commissioner,,DEM,Jeff Wright,163
Genesee,City of Linden Precinct 1,Drain Commissioner,,DEM,Travis R. Wines,52
Genesee,City of Linden Precinct 1,Mass Transportation Authority Millage Replacement Proposal,,,No,157
Genesee,City of Linden Precinct 1,Mass Transportation Authority Millage Replacement Proposal,,,Yes,311
Genesee,City of Linden Precinct 1,Prosecuting Attorney,,DEM,David Leyton,148
Genesee,City of Linden Precinct 1,Prosecuting Attorney,,DEM,Trachelle C. Young,82
Genesee,City of Linden Precinct 1,Registered Voters,,,,1258
Genesee,City of Linden Precinct 1,Sheriff,,DEM,Christopher R. Swanson,145
Genesee,City of Linden Precinct 1,Sheriff,,DEM,Phil Hart,56
Genesee,City of Linden Precinct 1,Sheriff,,DEM,Timothy Johnson,25
Genesee,City of Linden Precinct 1,Sheriff,,REP,Stephen Sanford,172
Genesee,City of Linden Precinct 1,State House,51,DEM,Brad May,108
Genesee,City of Linden Precinct 1,State House,51,DEM,Conner Wallace,97
Genesee,City of Linden Precinct 1,State House,51,REP,Mike Mueller,213
Genesee,City of Linden Precinct 1,Surveyor,,DEM,Kim Carlson,203
Genesee,City of Linden Precinct 1,U.S. House,5,DEM,Daniel T. Kildee,232
Genesee,City of Linden Precinct 1,U.S. House,5,REP,Earl Lackie,60
Genesee,City of Linden Precinct 1,U.S. House,5,REP,Tim Kelly,129
Genesee,City of Linden Precinct 1,U.S. Senate,,DEM,Gary Peters,230
Genesee,City of Linden Precinct 1,U.S. Senate,,REP,John James,204
Genesee,City of Linden Precinct 2,Animal Control Shelter Millage Renewal Proposal,,,No,165
Genesee,City of Linden Precinct 2,Animal Control Shelter Millage Renewal Proposal,,,Yes,391
Genesee,City of Linden Precinct 2,Ballots Cast,,,,601
Genesee,City of Linden Precinct 2,Circuit Court Judge,7,,Chris Christenson,207
Genesee,City of Linden Precinct 2,Circuit Court Judge,7,,Herman Marable Jr.,65
Genesee,City of Linden Precinct 2,Circuit Court Judge,7,,Stephanie Witucki,134
Genesee,City of Linden Precinct 2,Clerk and Register of Deeds,,DEM,John J. Gleason,147
Genesee,City of Linden Precinct 2,Clerk and Register of Deeds,,DEM,Renee' D. Watson,102
Genesee,City of Linden Precinct 2,Clerk and Register of Deeds,,REP,Jesse Couch,208
Genesee,City of Linden Precinct 2,County Commissioner,6,DEM,Timothy John Draeger (W),9
Genesee,City of Linden Precinct 2,County Commissioner,6,REP,Shaun Shumaker,220
Genesee,City of Linden Precinct 2,County Treasurer,,DEM,Deborah Cherry,234
Genesee,City of Linden Precinct 2,County Treasurer,,REP,Deborah Hoss,202
Genesee,City of Linden Precinct 2,Drain Commissioner,,DEM,Jeff Wright,167
Genesee,City of Linden Precinct 2,Drain Commissioner,,DEM,Travis R. Wines,66
Genesee,City of Linden Precinct 2,Mass Transportation Authority Millage Replacement Proposal,,,No,208
Genesee,City of Linden Precinct 2,Mass Transportation Authority Millage Replacement Proposal,,,Yes,344
Genesee,City of Linden Precinct 2,Prosecuting Attorney,,DEM,David Leyton,178
Genesee,City of Linden Precinct 2,Prosecuting Attorney,,DEM,Trachelle C. Young,71
Genesee,City of Linden Precinct 2,Registered Voters,,,,1740
Genesee,City of Linden Precinct 2,Sheriff,,DEM,Christopher R. Swanson,194
Genesee,City of Linden Precinct 2,Sheriff,,DEM,Phil Hart,30
Genesee,City of Linden Precinct 2,Sheriff,,DEM,Timothy Johnson,32
Genesee,City of Linden Precinct 2,Sheriff,,REP,Stephen Sanford,204
Genesee,City of Linden Precinct 2,State House,51,DEM,Brad May,128
Genesee,City of Linden Precinct 2,State House,51,DEM,Conner Wallace,77
Genesee,City of Linden Precinct 2,State House,51,REP,Mike Mueller,244
Genesee,City of Linden Precinct 2,Surveyor,,DEM,Kim Carlson,212
Genesee,City of Linden Precinct 2,U.S. House,5,DEM,Daniel T. Kildee,250
Genesee,City of Linden Precinct 2,U.S. House,5,REP,Earl Lackie,47
Genesee,City of Linden Precinct 2,U.S. House,5,REP,Tim Kelly,169
Genesee,City of Linden Precinct 2,U.S. Senate,,DEM,Gary Peters,251
Genesee,City of Linden Precinct 2,U.S. Senate,,REP,John James,241
Genesee,City of Montrose Precinct 1,Animal Control Shelter Millage Renewal Proposal,,,No,73
Genesee,City of Montrose Precinct 1,Animal Control Shelter Millage Renewal Proposal,,,Yes,208
Genesee,City of Montrose Precinct 1,Ballots Cast,,,,310
Genesee,City of Montrose Precinct 1,Circuit Court Judge,7,,Chris Christenson,87
Genesee,City of Montrose Precinct 1,Circuit Court Judge,7,,Herman Marable Jr.,33
Genesee,City of Montrose Precinct 1,Circuit Court Judge,7,,Stephanie Witucki,68
Genesee,City of Montrose Precinct 1,Clerk and Register of Deeds,,DEM,John J. Gleason,124
Genesee,City of Montrose Precinct 1,Clerk and Register of Deeds,,DEM,Renee' D. Watson,64
Genesee,City of Montrose Precinct 1,Clerk and Register of Deeds,,REP,Jesse Couch,81
Genesee,City of Montrose Precinct 1,County Commissioner,7,DEM,Martin L. Cousineau,163
Genesee,City of Montrose Precinct 1,County Commissioner,7,REP,Meredith Faye Davis (W),10
Genesee,City of Montrose Precinct 1,County Treasurer,,DEM,Deborah Cherry,179
Genesee,City of Montrose Precinct 1,County Treasurer,,REP,Deborah Hoss,78
Genesee,City of Montrose Precinct 1,Drain Commissioner,,DEM,Jeff Wright,141
Genesee,City of Montrose Precinct 1,Drain Commissioner,,DEM,Travis R. Wines,42
Genesee,City of Montrose Precinct 1,Mass Transportation Authority Millage Replacement Proposal,,,No,84
Genesee,City of Montrose Precinct 1,Mass Transportation Authority Millage Replacement Proposal,,,Yes,199
Genesee,City of Montrose Precinct 1,Prosecuting Attorney,,DEM,David Leyton,145
Genesee,City of Montrose Precinct 1,Prosecuting Attorney,,DEM,Trachelle C. Young,43
Genesee,City of Montrose Precinct 1,Registered Voters,,,,1303
Genesee,City of Montrose Precinct 1,Sheriff,,DEM,Christopher R. Swanson,142
Genesee,City of Montrose Precinct 1,Sheriff,,DEM,Phil Hart,26
Genesee,City of Montrose Precinct 1,Sheriff,,DEM,Timothy Johnson,15
Genesee,City of Montrose Precinct 1,Sheriff,,REP,Stephen Sanford,79
Genesee,City of Montrose Precinct 1,State House,48,DEM,Andalib Odulate,18
Genesee,City of Montrose Precinct 1,State House,48,DEM,Sheryl Y. Kennedy,159
Genesee,City of Montrose Precinct 1,State House,48,REP,David W. Martin,51
Genesee,City of Montrose Precinct 1,State House,48,REP,Sherri J. Cross,38
Genesee,City of Montrose Precinct 1,Surveyor,,DEM,Kim Carlson,163
Genesee,City of Montrose Precinct 1,U.S. House,5,DEM,Daniel T. Kildee,178
Genesee,City of Montrose Precinct 1,U.S. House,5,REP,Earl Lackie,13
Genesee,City of Montrose Precinct 1,U.S. House,5,REP,Tim Kelly,72
Genesee,City of Montrose Precinct 1,U.S. Senate,,DEM,Gary Peters,179
Genesee,City of Montrose Precinct 1,U.S. Senate,,REP,John James,92
Genesee,City of Mt. Morris Precinct 1,Animal Control Shelter Millage Renewal Proposal,,,No,31
Genesee,City of Mt. Morris Precinct 1,Animal Control Shelter Millage Renewal Proposal,,,Yes,124
Genesee,City of Mt. Morris Precinct 1,Ballots Cast,,,,167
Genesee,City of Mt. Morris Precinct 1,Circuit Court Judge,7,,Chris Christenson,45
Genesee,City of Mt. Morris Precinct 1,Circuit Court Judge,7,,Herman Marable Jr.,41
Genesee,City of Mt. Morris Precinct 1,Circuit Court Judge,7,,Stephanie Witucki,24
Genesee,City of Mt. Morris Precinct 1,Clerk and Register of Deeds,,DEM,John J. Gleason,73
Genesee,City of Mt. Morris Precinct 1,Clerk and Register of Deeds,,DEM,Renee' D. Watson,41
Genesee,City of Mt. Morris Precinct 1,Clerk and Register of Deeds,,REP,Jesse Couch,34
Genesee,City of Mt. Morris Precinct 1,County Commissioner,1,DEM,Bryant Nolden,104
Genesee,City of Mt. Morris Precinct 1,County Treasurer,,DEM,Deborah Cherry,108
Genesee,City of Mt. Morris Precinct 1,County Treasurer,,REP,Deborah Hoss,32
Genesee,City of Mt. Morris Precinct 1,Drain Commissioner,,DEM,Jeff Wright,72
Genesee,City of Mt. Morris Precinct 1,Drain Commissioner,,DEM,Travis R. Wines,36
Genesee,City of Mt. Morris Precinct 1,Mass Transportation Authority Millage Replacement Proposal,,,No,43
Genesee,City of Mt. Morris Precinct 1,Mass Transportation Authority Millage Replacement Proposal,,,Yes,111
Genesee,City of Mt. Morris Precinct 1,Prosecuting Attorney,,DEM,David Leyton,89
Genesee,City of Mt. Morris Precinct 1,Prosecuting Attorney,,DEM,Trachelle C. Young,27
Genesee,City of Mt. Morris Precinct 1,Registered Voters,,,,932
Genesee,City of Mt. Morris Precinct 1,Sheriff,,DEM,Christopher R. Swanson,88
Genesee,City of Mt. Morris Precinct 1,Sheriff,,DEM,Phil Hart,13
Genesee,City of Mt. Morris Precinct 1,Sheriff,,DEM,Timothy Johnson,15
Genesee,City of Mt. Morris Precinct 1,Sheriff,,REP,Stephen Sanford,37
Genesee,City of Mt. Morris Precinct 1,State House,49,DEM,John D. Cherry,110
Genesee,City of Mt. Morris Precinct 1,State House,49,REP,Bryan Lutz,39
Genesee,City of Mt. Morris Precinct 1,Surveyor,,DEM,Kim Carlson,102
Genesee,City of Mt. Morris Precinct 1,U.S. House,5,DEM,Daniel T. Kildee,111
Genesee,City of Mt. Morris Precinct 1,U.S. House,5,REP,Earl Lackie,12
Genesee,City of Mt. Morris Precinct 1,U.S. House,5,REP,Tim Kelly,27
Genesee,City of Mt. Morris Precinct 1,U.S. Senate,,DEM,Gary Peters,110
Genesee,City of Mt. Morris Precinct 1,U.S. Senate,,REP,John James,42
Genesee,City of Mt. Morris Precinct 2,Animal Control Shelter Millage Renewal Proposal,,,No,57
Genesee,City of Mt. Morris Precinct 2,Animal Control Shelter Millage Renewal Proposal,,,Yes,184
Genesee,City of Mt. Morris Precinct 2,Ballots Cast,,,,265
Genesee,City of Mt. Morris Precinct 2,Circuit Court Judge,7,,Chris Christenson,78
Genesee,City of Mt. Morris Precinct 2,Circuit Court Judge,7,,Herman Marable Jr.,38
Genesee,City of Mt. Morris Precinct 2,Circuit Court Judge,7,,Stephanie Witucki,52
Genesee,City of Mt. Morris Precinct 2,Clerk and Register of Deeds,,DEM,John J. Gleason,119
Genesee,City of Mt. Morris Precinct 2,Clerk and Register of Deeds,,DEM,Renee' D. Watson,63
Genesee,City of Mt. Morris Precinct 2,Clerk and Register of Deeds,,REP,Jesse Couch,55
Genesee,City of Mt. Morris Precinct 2,County Commissioner,1,DEM,Bryant Nolden,166
Genesee,City of Mt. Morris Precinct 2,County Treasurer,,DEM,Deborah Cherry,176
Genesee,City of Mt. Morris Precinct 2,County Treasurer,,REP,Deborah Hoss,52
Genesee,City of Mt. Morris Precinct 2,Drain Commissioner,,DEM,Jeff Wright,131
Genesee,City of Mt. Morris Precinct 2,Drain Commissioner,,DEM,Travis R. Wines,41
Genesee,City of Mt. Morris Precinct 2,Mass Transportation Authority Millage Replacement Proposal,,,No,63
Genesee,City of Mt. Morris Precinct 2,Mass Transportation Authority Millage Replacement Proposal,,,Yes,180
Genesee,City of Mt. Morris Precinct 2,Prosecuting Attorney,,DEM,David Leyton,140
Genesee,City of Mt. Morris Precinct 2,Prosecuting Attorney,,DEM,Trachelle C. Young,48
Genesee,City of Mt. Morris Precinct 2,Registered Voters,,,,1441
Genesee,City of Mt. Morris Precinct 2,Sheriff,,DEM,Christopher R. Swanson,141
Genesee,City of Mt. Morris Precinct 2,Sheriff,,DEM,Phil Hart,20
Genesee,City of Mt. Morris Precinct 2,Sheriff,,DEM,Timothy Johnson,23
Genesee,City of Mt. Morris Precinct 2,Sheriff,,REP,Stephen Sanford,50
Genesee,City of Mt. Morris Precinct 2,State House,49,DEM,John D. Cherry,179
Genesee,City of Mt. Morris Precinct 2,State House,49,REP,Bryan Lutz,57
Genesee,City of Mt. Morris Precinct 2,Surveyor,,DEM,Kim Carlson,165
Genesee,City of Mt. Morris Precinct 2,U.S. House,5,DEM,Daniel T. Kildee,183
Genesee,City of Mt. Morris Precinct 2,U.S. House,5,REP,Earl Lackie,28
Genesee,City of Mt. Morris Precinct 2,U.S. House,5,REP,Tim Kelly,31
Genesee,City of Mt. Morris Precinct 2,U.S. Senate,,DEM,Gary Peters,178
Genesee,City of Mt. Morris Precinct 2,U.S. Senate,,REP,John James,62
Genesee,City of Swartz Creek Precinct 1,Animal Control Shelter Millage Renewal Proposal,,,No,95
Genesee,City of Swartz Creek Precinct 1,Animal Control Shelter Millage Renewal Proposal,,,Yes,276
Genesee,City of Swartz Creek Precinct 1,Ballots Cast,,,,402
Genesee,City of Swartz Creek Precinct 1,Circuit Court Judge,7,,Chris Christenson,144
Genesee,City of Swartz Creek Precinct 1,Circuit Court Judge,7,,Herman Marable Jr.,45
Genesee,City of Swartz Creek Precinct 1,Circuit Court Judge,7,,Stephanie Witucki,100
Genesee,City of Swartz Creek Precinct 1,Clerk and Register of Deeds,,DEM,John J. Gleason,146
Genesee,City of Swartz Creek Precinct 1,Clerk and Register of Deeds,,DEM,Renee' D. Watson,89
Genesee,City of Swartz Creek Precinct 1,Clerk and Register of Deeds,,REP,Jesse Couch,114
Genesee,City of Swartz Creek Precinct 1,County Commissioner,8,DEM,Debra Newman,105
Genesee,City of Swartz Creek Precinct 1,County Commissioner,8,DEM,Ted Henry,121
Genesee,City of Swartz Creek Precinct 1,County Commissioner,8,REP,Rod Shumaker,108
Genesee,City of Swartz Creek Precinct 1,County Treasurer,,DEM,Deborah Cherry,218
Genesee,City of Swartz Creek Precinct 1,County Treasurer,,REP,Deborah Hoss,111
Genesee,City of Swartz Creek Precinct 1,Drain Commissioner,,DEM,Jeff Wright,184
Genesee,City of Swartz Creek Precinct 1,Drain Commissioner,,DEM,Travis R. Wines,50
Genesee,City of Swartz Creek Precinct 1,Mass Transportation Authority Millage Replacement Proposal,,,No,142
Genesee,City of Swartz Creek Precinct 1,Mass Transportation Authority Millage Replacement Proposal,,,Yes,225
Genesee,City of Swartz Creek Precinct 1,Prosecuting Attorney,,DEM,David Leyton,179
Genesee,City of Swartz Creek Precinct 1,Prosecuting Attorney,,DEM,Trachelle C. Young,60
Genesee,City of Swartz Creek Precinct 1,Registered Voters,,,,1136
Genesee,City of Swartz Creek Precinct 1,Sheriff,,DEM,Christopher R. Swanson,195
Genesee,City of Swartz Creek Precinct 1,Sheriff,,DEM,Phil Hart,25
Genesee,City of Swartz Creek Precinct 1,Sheriff,,DEM,Timothy Johnson,23
Genesee,City of Swartz Creek Precinct 1,Sheriff,,REP,Stephen Sanford,108
Genesee,City of Swartz Creek Precinct 1,State House,49,DEM,John D. Cherry,229
Genesee,City of Swartz Creek Precinct 1,State House,49,REP,Bryan Lutz,115
Genesee,City of Swartz Creek Precinct 1,Surveyor,,DEM,Kim Carlson,211
Genesee,City of Swartz Creek Precinct 1,U.S. House,5,DEM,Daniel T. Kildee,230
Genesee,City of Swartz Creek Precinct 1,U.S. House,5,REP,Earl Lackie,26
Genesee,City of Swartz Creek Precinct 1,U.S. House,5,REP,Tim Kelly,99
Genesee,City of Swartz Creek Precinct 1,U.S. Senate,,DEM,Gary Peters,227
Genesee,City of Swartz Creek Precinct 1,U.S. Senate,,REP,John James,124
Genesee,City of Swartz Creek Precinct 2,Animal Control Shelter Millage Renewal Proposal,,,No,78
Genesee,City of Swartz Creek Precinct 2,Animal Control Shelter Millage Renewal Proposal,,,Yes,235
Genesee,City of Swartz Creek Precinct 2,Ballots Cast,,,,340
Genesee,City of Swartz Creek Precinct 2,Circuit Court Judge,7,,Chris Christenson,117
Genesee,City of Swartz Creek Precinct 2,Circuit Court Judge,7,,Herman Marable Jr.,45
Genesee,City of Swartz Creek Precinct 2,Circuit Court Judge,7,,Stephanie Witucki,75
Genesee,City of Swartz Creek Precinct 2,Clerk and Register of Deeds,,DEM,John J. Gleason,143
Genesee,City of Swartz Creek Precinct 2,Clerk and Register of Deeds,,DEM,Renee' D. Watson,76
Genesee,City of Swartz Creek Precinct 2,Clerk and Register of Deeds,,REP,Jesse Couch,95
Genesee,City of Swartz Creek Precinct 2,County Commissioner,8,DEM,Debra Newman,97
Genesee,City of Swartz Creek Precinct 2,County Commissioner,8,DEM,Ted Henry,114
Genesee,City of Swartz Creek Precinct 2,County Commissioner,8,REP,Rod Shumaker,93
Genesee,City of Swartz Creek Precinct 2,County Treasurer,,DEM,Deborah Cherry,211
Genesee,City of Swartz Creek Precinct 2,County Treasurer,,REP,Deborah Hoss,94
Genesee,City of Swartz Creek Precinct 2,Drain Commissioner,,DEM,Jeff Wright,147
Genesee,City of Swartz Creek Precinct 2,Drain Commissioner,,DEM,Travis R. Wines,63
Genesee,City of Swartz Creek Precinct 2,Mass Transportation Authority Millage Replacement Proposal,,,No,96
Genesee,City of Swartz Creek Precinct 2,Mass Transportation Authority Millage Replacement Proposal,,,Yes,221
Genesee,City of Swartz Creek Precinct 2,Prosecuting Attorney,,DEM,David Leyton,167
Genesee,City of Swartz Creek Precinct 2,Prosecuting Attorney,,DEM,Trachelle C. Young,49
Genesee,City of Swartz Creek Precinct 2,Registered Voters,,,,1134
Genesee,City of Swartz Creek Precinct 2,Sheriff,,DEM,Christopher R. Swanson,136
Genesee,City of Swartz Creek Precinct 2,Sheriff,,DEM,Phil Hart,47
Genesee,City of Swartz Creek Precinct 2,Sheriff,,DEM,Timothy Johnson,33
Genesee,City of Swartz Creek Precinct 2,Sheriff,,REP,Stephen Sanford,91
Genesee,City of Swartz Creek Precinct 2,State House,49,DEM,John D. Cherry,213
Genesee,City of Swartz Creek Precinct 2,State House,49,REP,Bryan Lutz,97
Genesee,City of Swartz Creek Precinct 2,Surveyor,,DEM,Kim Carlson,202
Genesee,City of Swartz Creek Precinct 2,U.S. House,5,DEM,Daniel T. Kildee,217
Genesee,City of Swartz Creek Precinct 2,U.S. House,5,REP,Earl Lackie,19
Genesee,City of Swartz Creek Precinct 2,U.S. House,5,REP,Tim Kelly,82
Genesee,City of Swartz Creek Precinct 2,U.S. Senate,,DEM,Gary Peters,207
Genesee,City of Swartz Creek Precinct 2,U.S. Senate,,REP,John James,103
Genesee,City of Swartz Creek Precinct 3,Animal Control Shelter Millage Renewal Proposal,,,No,62
Genesee,City of Swartz Creek Precinct 3,Animal Control Shelter Millage Renewal Proposal,,,Yes,169
Genesee,City of Swartz Creek Precinct 3,Ballots Cast,,,,256
Genesee,City of Swartz Creek Precinct 3,Circuit Court Judge,7,,Chris Christenson,84
Genesee,City of Swartz Creek Precinct 3,Circuit Court Judge,7,,Herman Marable Jr.,37
Genesee,City of Swartz Creek Precinct 3,Circuit Court Judge,7,,Stephanie Witucki,54
Genesee,City of Swartz Creek Precinct 3,Clerk and Register of Deeds,,DEM,John J. Gleason,103
Genesee,City of Swartz Creek Precinct 3,Clerk and Register of Deeds,,DEM,Renee' D. Watson,67
Genesee,City of Swartz Creek Precinct 3,Clerk and Register of Deeds,,REP,Jesse Couch,64
Genesee,City of Swartz Creek Precinct 3,County Commissioner,8,DEM,Debra Newman,86
Genesee,City of Swartz Creek Precinct 3,County Commissioner,8,DEM,Ted Henry,87
Genesee,City of Swartz Creek Precinct 3,County Commissioner,8,REP,Rod Shumaker,66
Genesee,City of Swartz Creek Precinct 3,County Treasurer,,DEM,Deborah Cherry,162
Genesee,City of Swartz Creek Precinct 3,County Treasurer,,REP,Deborah Hoss,63
Genesee,City of Swartz Creek Precinct 3,Drain Commissioner,,DEM,Jeff Wright,133
Genesee,City of Swartz Creek Precinct 3,Drain Commissioner,,DEM,Travis R. Wines,35
Genesee,City of Swartz Creek Precinct 3,Mass Transportation Authority Millage Replacement Proposal,,,No,80
Genesee,City of Swartz Creek Precinct 3,Mass Transportation Authority Millage Replacement Proposal,,,Yes,156
Genesee,City of Swartz Creek Precinct 3,Prosecuting Attorney,,DEM,David Leyton,120
Genesee,City of Swartz Creek Precinct 3,Prosecuting Attorney,,DEM,Trachelle C. Young,54
Genesee,City of Swartz Creek Precinct 3,Registered Voters,,,,1094
Genesee,City of Swartz Creek Precinct 3,Sheriff,,DEM,Christopher R. Swanson,123
Genesee,City of Swartz Creek Precinct 3,Sheriff,,DEM,Phil Hart,27
Genesee,City of Swartz Creek Precinct 3,Sheriff,,DEM,Timothy Johnson,20
Genesee,City of Swartz Creek Precinct 3,Sheriff,,REP,Stephen Sanford,61
Genesee,City of Swartz Creek Precinct 3,State House,49,DEM,John D. Cherry,167
Genesee,City of Swartz Creek Precinct 3,State House,49,REP,Bryan Lutz,62
Genesee,City of Swartz Creek Precinct 3,Surveyor,,DEM,Kim Carlson,161
Genesee,City of Swartz Creek Precinct 3,U.S. House,5,DEM,Daniel T. Kildee,169
Genesee,City of Swartz Creek Precinct 3,U.S. House,5,REP,Earl Lackie,11
Genesee,City of Swartz Creek Precinct 3,U.S. House,5,REP,Tim Kelly,53
Genesee,City of Swartz Creek Precinct 3,U.S. Senate,,DEM,Gary Peters,165
Genesee,City of Swartz Creek Precinct 3,U.S. Senate,,REP,John James,65
Genesee,City of Swartz Creek Precinct 4,Animal Control Shelter Millage Renewal Proposal,,,No,169
Genesee,City of Swartz Creek Precinct 4,Animal Control Shelter Millage Renewal Proposal,,,Yes,350
Genesee,City of Swartz Creek Precinct 4,Ballots Cast,,,,585
Genesee,City of Swartz Creek Precinct 4,Circuit Court Judge,7,,Chris Christenson,226
Genesee,City of Swartz Creek Precinct 4,Circuit Court Judge,7,,Herman Marable Jr.,38
Genesee,City of Swartz Creek Precinct 4,Circuit Court Judge,7,,Stephanie Witucki,116
Genesee,City of Swartz Creek Precinct 4,Clerk and Register of Deeds,,DEM,John J. Gleason,268
Genesee,City of Swartz Creek Precinct 4,Clerk and Register of Deeds,,DEM,Renee' D. Watson,84
Genesee,City of Swartz Creek Precinct 4,Clerk and Register of Deeds,,REP,Jesse Couch,140
Genesee,City of Swartz Creek Precinct 4,County Commissioner,8,DEM,Debra Newman,138
Genesee,City of Swartz Creek Precinct 4,County Commissioner,8,DEM,Ted Henry,203
Genesee,City of Swartz Creek Precinct 4,County Commissioner,8,REP,Rod Shumaker,134
Genesee,City of Swartz Creek Precinct 4,County Treasurer,,DEM,Deborah Cherry,332
Genesee,City of Swartz Creek Precinct 4,County Treasurer,,REP,Deborah Hoss,140
Genesee,City of Swartz Creek Precinct 4,Drain Commissioner,,DEM,Jeff Wright,263
Genesee,City of Swartz Creek Precinct 4,Drain Commissioner,,DEM,Travis R. Wines,74
Genesee,City of Swartz Creek Precinct 4,Mass Transportation Authority Millage Replacement Proposal,,,No,229
Genesee,City of Swartz Creek Precinct 4,Mass Transportation Authority Millage Replacement Proposal,,,Yes,307
Genesee,City of Swartz Creek Precinct 4,Prosecuting Attorney,,DEM,David Leyton,298
Genesee,City of Swartz Creek Precinct 4,Prosecuting Attorney,,DEM,Trachelle C. Young,63
Genesee,City of Swartz Creek Precinct 4,Registered Voters,,,,1235
Genesee,City of Swartz Creek Precinct 4,Sheriff,,DEM,Christopher R. Swanson,298
Genesee,City of Swartz Creek Precinct 4,Sheriff,,DEM,Phil Hart,46
Genesee,City of Swartz Creek Precinct 4,Sheriff,,DEM,Timothy Johnson,15
Genesee,City of Swartz Creek Precinct 4,Sheriff,,REP,Stephen Sanford,130
Genesee,City of Swartz Creek Precinct 4,State House,49,DEM,John D. Cherry,344
Genesee,City of Swartz Creek Precinct 4,State House,49,REP,Bryan Lutz,147
Genesee,City of Swartz Creek Precinct 4,Surveyor,,DEM,Kim Carlson,303
Genesee,City of Swartz Creek Precinct 4,U.S. House,5,DEM,Daniel T. Kildee,352
Genesee,City of Swartz Creek Precinct 4,U.S. House,5,REP,Earl Lackie,20
Genesee,City of Swartz Creek Precinct 4,U.S. House,5,REP,Tim Kelly,126
Genesee,City of Swartz Creek Precinct 4,U.S. Senate,,DEM,Gary Peters,346
Genesee,City of Swartz Creek Precinct 4,U.S. Senate,,REP,John James,167
Genesee,Clayton Township Precinct 1,Animal Control Shelter Millage Renewal Proposal,,,No,222
Genesee,Clayton Township Precinct 1,Animal Control Shelter Millage Renewal Proposal,,,Yes,505
Genesee,Clayton Township Precinct 1,Ballots Cast,,,,805
Genesee,Clayton Township Precinct 1,Circuit Court Judge,7,,Chris Christenson,291
Genesee,Clayton Township Precinct 1,Circuit Court Judge,7,,Herman Marable Jr.,108
Genesee,Clayton Township Precinct 1,Circuit Court Judge,7,,Stephanie Witucki,159
Genesee,Clayton Township Precinct 1,Clayton Township Clerk,,DEM,Dennis E. Milem,376
Genesee,Clayton Township Precinct 1,Clayton Township Supervisor,,REP,Thomas Spillane,209
Genesee,Clayton Township Precinct 1,Clayton Township Treasurer,,DEM,Rick Caruso,365
Genesee,Clayton Township Precinct 1,Clayton Township Trustee,,DEM,Greg Childers,318
Genesee,Clayton Township Precinct 1,Clayton Township Trustee,,DEM,Mike Crockett,301
Genesee,Clayton Township Precinct 1,Clayton Township Trustee,,DEM,Tamara Kapraun,298
Genesee,Clayton Township Precinct 1,Clayton Township Trustee,,REP,Brad Anthony,157
Genesee,Clayton Township Precinct 1,Clayton Township Trustee,,REP,Shelley M. Thompson,158
Genesee,Clayton Township Precinct 1,Clerk and Register of Deeds,,DEM,John J. Gleason,340
Genesee,Clayton Township Precinct 1,Clerk and Register of Deeds,,DEM,Renee' D. Watson,137
Genesee,Clayton Township Precinct 1,Clerk and Register of Deeds,,REP,Jesse Couch,211
Genesee,Clayton Township Precinct 1,County Commissioner,8,DEM,Debra Newman,203
Genesee,Clayton Township Precinct 1,County Commissioner,8,DEM,Ted Henry,251
Genesee,Clayton Township Precinct 1,County Commissioner,8,REP,Rod Shumaker,203
Genesee,Clayton Township Precinct 1,County Treasurer,,DEM,Deborah Cherry,420
Genesee,Clayton Township Precinct 1,County Treasurer,,REP,Deborah Hoss,207
Genesee,Clayton Township Precinct 1,Drain Commissioner,,DEM,Jeff Wright,349
Genesee,Clayton Township Precinct 1,Drain Commissioner,,DEM,Travis R. Wines,93
Genesee,Clayton Township Precinct 1,Mass Transportation Authority Millage Replacement Proposal,,,No,299
Genesee,Clayton Township Precinct 1,Mass Transportation Authority Millage Replacement Proposal,,,Yes,434
Genesee,Clayton Township Precinct 1,Prosecuting Attorney,,DEM,David Leyton,385
Genesee,Clayton Township Precinct 1,Prosecuting Attorney,,DEM,Trachelle C. Young,85
Genesee,Clayton Township Precinct 1,Registered Voters,,,,1935
Genesee,Clayton Township Precinct 1,Sheriff,,DEM,Christopher R. Swanson,352
Genesee,Clayton Township Precinct 1,Sheriff,,DEM,Phil Hart,68
Genesee,Clayton Township Precinct 1,Sheriff,,DEM,Timothy Johnson,50
Genesee,Clayton Township Precinct 1,Sheriff,,REP,Stephen Sanford,196
Genesee,Clayton Township Precinct 1,State House,51,DEM,Brad May,178
Genesee,Clayton Township Precinct 1,State House,51,DEM,Conner Wallace,199
Genesee,Clayton Township Precinct 1,State House,51,REP,Mike Mueller,228
Genesee,Clayton Township Precinct 1,Surveyor,,DEM,Kim Carlson,386
Genesee,Clayton Township Precinct 1,U.S. House,5,DEM,Daniel T. Kildee,451
Genesee,Clayton Township Precinct 1,U.S. House,5,REP,Earl Lackie,55
Genesee,Clayton Township Precinct 1,U.S. House,5,REP,Tim Kelly,168
Genesee,Clayton Township Precinct 1,U.S. Senate,,DEM,Gary Peters,443
Genesee,Clayton Township Precinct 1,U.S. Senate,,REP,John James,236
Genesee,Clayton Township Precinct 2,Animal Control Shelter Millage Renewal Proposal,,,No,168
Genesee,Clayton Township Precinct 2,Animal Control Shelter Millage Renewal Proposal,,,Yes,376
Genesee,Clayton Township Precinct 2,Ballots Cast,,,,597
Genesee,Clayton Township Precinct 2,Circuit Court Judge,7,,Chris Christenson,180
Genesee,Clayton Township Precinct 2,Circuit Court Judge,7,,Herman Marable Jr.,80
Genesee,Clayton Township Precinct 2,Circuit Court Judge,7,,Stephanie Witucki,130
Genesee,Clayton Township Precinct 2,Clayton Township Clerk,,DEM,Dennis E. Milem,260
Genesee,Clayton Township Precinct 2,Clayton Township Supervisor,,REP,Thomas Spillane,169
Genesee,Clayton Township Precinct 2,Clayton Township Treasurer,,DEM,Rick Caruso,260
Genesee,Clayton Township Precinct 2,Clayton Township Trustee,,DEM,Greg Childers,209
Genesee,Clayton Township Precinct 2,Clayton Township Trustee,,DEM,Mike Crockett,216
Genesee,Clayton Township Precinct 2,Clayton Township Trustee,,DEM,Tamara Kapraun,238
Genesee,Clayton Township Precinct 2,Clayton Township Trustee,,REP,Brad Anthony,115
Genesee,Clayton Township Precinct 2,Clayton Township Trustee,,REP,Shelley M. Thompson,129
Genesee,Clayton Township Precinct 2,Clerk and Register of Deeds,,DEM,John J. Gleason,220
Genesee,Clayton Township Precinct 2,Clerk and Register of Deeds,,DEM,Renee' D. Watson,111
Genesee,Clayton Township Precinct 2,Clerk and Register of Deeds,,REP,Jesse Couch,152
Genesee,Clayton Township Precinct 2,County Commissioner,8,DEM,Debra Newman,157
Genesee,Clayton Township Precinct 2,County Commissioner,8,DEM,Ted Henry,174
Genesee,Clayton Township Precinct 2,County Commissioner,8,REP,Rod Shumaker,156
Genesee,Clayton Township Precinct 2,County Treasurer,,DEM,Deborah Cherry,286
Genesee,Clayton Township Precinct 2,County Treasurer,,REP,Deborah Hoss,151
Genesee,Clayton Township Precinct 2,Drain Commissioner,,DEM,Jeff Wright,208
Genesee,Clayton Township Precinct 2,Drain Commissioner,,DEM,Travis R. Wines,95
Genesee,Clayton Township Precinct 2,Mass Transportation Authority Millage Replacement Proposal,,,No,232
Genesee,Clayton Township Precinct 2,Mass Transportation Authority Millage Replacement Proposal,,,Yes,328
Genesee,Clayton Township Precinct 2,Prosecuting Attorney,,DEM,David Leyton,252
Genesee,Clayton Township Precinct 2,Prosecuting Attorney,,DEM,Trachelle C. Young,79
Genesee,Clayton Township Precinct 2,Registered Voters,,,,1630
Genesee,Clayton Township Precinct 2,Sheriff,,DEM,Christopher R. Swanson,255
Genesee,Clayton Township Precinct 2,Sheriff,,DEM,Phil Hart,41
Genesee,Clayton Township Precinct 2,Sheriff,,DEM,Timothy Johnson,39
Genesee,Clayton Township Precinct 2,Sheriff,,REP,Stephen Sanford,145
Genesee,Clayton Township Precinct 2,State House,51,DEM,Brad May,147
Genesee,Clayton Township Precinct 2,State House,51,DEM,Conner Wallace,110
Genesee,Clayton Township Precinct 2,State House,51,REP,Mike Mueller,177
Genesee,Clayton Township Precinct 2,Surveyor,,DEM,Kim Carlson,266
Genesee,Clayton Township Precinct 2,U.S. House,5,DEM,Daniel T. Kildee,315
Genesee,Clayton Township Precinct 2,U.S. House,5,REP,Earl Lackie,37
Genesee,Clayton Township Precinct 2,U.S. House,5,REP,Tim Kelly,137
Genesee,Clayton Township Precinct 2,U.S. Senate,,DEM,Gary Peters,308
Genesee,Clayton Township Precinct 2,U.S. Senate,,REP,John James,182
Genesee,Clayton Township Precinct 3,Animal Control Shelter Millage Renewal Proposal,,,No,127
Genesee,Clayton Township Precinct 3,Animal Control Shelter Millage Renewal Proposal,,,Yes,226
Genesee,Clayton Township Precinct 3,Ballots Cast,,,,383
Genesee,Clayton Township Precinct 3,Circuit Court Judge,7,,Chris Christenson,136
Genesee,Clayton Township Precinct 3,Circuit Court Judge,7,,Herman Marable Jr.,55
Genesee,Clayton Township Precinct 3,Circuit Court Judge,7,,Stephanie Witucki,90
Genesee,Clayton Township Precinct 3,Clayton Township Clerk,,DEM,Dennis E. Milem,193
Genesee,Clayton Township Precinct 3,Clayton Township Supervisor,,REP,Thomas Spillane,97
Genesee,Clayton Township Precinct 3,Clayton Township Treasurer,,DEM,Rick Caruso,193
Genesee,Clayton Township Precinct 3,Clayton Township Trustee,,DEM,Greg Childers,150
Genesee,Clayton Township Precinct 3,Clayton Township Trustee,,DEM,Mike Crockett,143
Genesee,Clayton Township Precinct 3,Clayton Township Trustee,,DEM,Tamara Kapraun,163
Genesee,Clayton Township Precinct 3,Clayton Township Trustee,,REP,Brad Anthony,76
Genesee,Clayton Township Precinct 3,Clayton Township Trustee,,REP,Shelley M. Thompson,80
Genesee,Clayton Township Precinct 3,Clerk and Register of Deeds,,DEM,John J. Gleason,140
Genesee,Clayton Township Precinct 3,Clerk and Register of Deeds,,DEM,Renee' D. Watson,96
Genesee,Clayton Township Precinct 3,Clerk and Register of Deeds,,REP,Jesse Couch,99
Genesee,Clayton Township Precinct 3,County Commissioner,8,DEM,Debra Newman,97
Genesee,Clayton Township Precinct 3,County Commissioner,8,DEM,Ted Henry,136
Genesee,Clayton Township Precinct 3,County Commissioner,8,REP,Rod Shumaker,95
Genesee,Clayton Township Precinct 3,County Treasurer,,DEM,Deborah Cherry,211
Genesee,Clayton Township Precinct 3,County Treasurer,,REP,Deborah Hoss,94
Genesee,Clayton Township Precinct 3,Drain Commissioner,,DEM,Jeff Wright,163
Genesee,Clayton Township Precinct 3,Drain Commissioner,,DEM,Travis R. Wines,62
Genesee,Clayton Township Precinct 3,Mass Transportation Authority Millage Replacement Proposal,,,No,195
Genesee,Clayton Township Precinct 3,Mass Transportation Authority Millage Replacement Proposal,,,Yes,165
Genesee,Clayton Township Precinct 3,Prosecuting Attorney,,DEM,David Leyton,163
Genesee,Clayton Township Precinct 3,Prosecuting Attorney,,DEM,Trachelle C. Young,73
Genesee,Clayton Township Precinct 3,Registered Voters,,,,1113
Genesee,Clayton Township Precinct 3,Sheriff,,DEM,Christopher R. Swanson,174
Genesee,Clayton Township Precinct 3,Sheriff,,DEM,Phil Hart,32
Genesee,Clayton Township Precinct 3,Sheriff,,DEM,Timothy Johnson,31
Genesee,Clayton Township Precinct 3,Sheriff,,REP,Stephen Sanford,96
Genesee,Clayton Township Precinct 3,State House,51,DEM,Brad May,95
Genesee,Clayton Township Precinct 3,State House,51,DEM,Conner Wallace,103
Genesee,Clayton Township Precinct 3,State House,51,REP,Mike Mueller,108
Genesee,Clayton Township Precinct 3,Surveyor,,DEM,Kim Carlson,196
Genesee,Clayton Township Precinct 3,U.S. House,5,DEM,Daniel T. Kildee,219
Genesee,Clayton Township Precinct 3,U.S. House,5,REP,Earl Lackie,20
Genesee,Clayton Township Precinct 3,U.S. House,5,REP,Tim Kelly,81
Genesee,Clayton Township Precinct 3,U.S. Senate,,DEM,Gary Peters,217
Genesee,Clayton Township Precinct 3,U.S. Senate,,REP,John James,106
Genesee,Clayton Township Precinct 4,Animal Control Shelter Millage Renewal Proposal,,,No,128
Genesee,Clayton Township Precinct 4,Animal Control Shelter Millage Renewal Proposal,,,Yes,185
Genesee,Clayton Township Precinct 4,Ballots Cast,,,,344
Genesee,Clayton Township Precinct 4,Circuit Court Judge,7,,Chris Christenson,110
Genesee,Clayton Township Precinct 4,Circuit Court Judge,7,,Herman Marable Jr.,34
Genesee,Clayton Township Precinct 4,Circuit Court Judge,7,,Stephanie Witucki,77
Genesee,Clayton Township Precinct 4,Clayton Township Clerk,,DEM,Dennis E. Milem,151
Genesee,Clayton Township Precinct 4,Clayton Township Supervisor,,REP,Thomas Spillane,95
Genesee,Clayton Township Precinct 4,Clayton Township Treasurer,,DEM,Rick Caruso,145
Genesee,Clayton Township Precinct 4,Clayton Township Trustee,,DEM,Greg Childers,123
Genesee,Clayton Township Precinct 4,Clayton Township Trustee,,DEM,Mike Crockett,116
Genesee,Clayton Township Precinct 4,Clayton Township Trustee,,DEM,Tamara Kapraun,127
Genesee,Clayton Township Precinct 4,Clayton Township Trustee,,REP,Brad Anthony,75
Genesee,Clayton Township Precinct 4,Clayton Township Trustee,,REP,Shelley M. Thompson,66
Genesee,Clayton Township Precinct 4,Clerk and Register of Deeds,,DEM,John J. Gleason,126
Genesee,Clayton Township Precinct 4,Clerk and Register of Deeds,,DEM,Renee' D. Watson,65
Genesee,Clayton Township Precinct 4,Clerk and Register of Deeds,,REP,Jesse Couch,97
Genesee,Clayton Township Precinct 4,County Commissioner,8,DEM,Debra Newman,95
Genesee,Clayton Township Precinct 4,County Commissioner,8,DEM,Ted Henry,96
Genesee,Clayton Township Precinct 4,County Commissioner,8,REP,Rod Shumaker,90
Genesee,Clayton Township Precinct 4,County Treasurer,,DEM,Deborah Cherry,165
Genesee,Clayton Township Precinct 4,County Treasurer,,REP,Deborah Hoss,91
Genesee,Clayton Township Precinct 4,Drain Commissioner,,DEM,Jeff Wright,128
Genesee,Clayton Township Precinct 4,Drain Commissioner,,DEM,Travis R. Wines,50
Genesee,Clayton Township Precinct 4,Durand Area Schools I. Bonding Proposal,,,No,25
Genesee,Clayton Township Precinct 4,Durand Area Schools I. Bonding Proposal,,,Yes,20
Genesee,Clayton Township Precinct 4,Durand Area Schools II. Bonding Proposal,,,No,31
Genesee,Clayton Township Precinct 4,Durand Area Schools II. Bonding Proposal,,,Yes,15
Genesee,Clayton Township Precinct 4,Mass Transportation Authority Millage Replacement Proposal,,,No,161
Genesee,Clayton Township Precinct 4,Mass Transportation Authority Millage Replacement Proposal,,,Yes,144
Genesee,Clayton Township Precinct 4,Prosecuting Attorney,,DEM,David Leyton,146
Genesee,Clayton Township Precinct 4,Prosecuting Attorney,,DEM,Trachelle C. Young,44
Genesee,Clayton Township Precinct 4,Registered Voters,,,,1221
Genesee,Clayton Township Precinct 4,Sheriff,,DEM,Christopher R. Swanson,131
Genesee,Clayton Township Precinct 4,Sheriff,,DEM,Phil Hart,33
Genesee,Clayton Township Precinct 4,Sheriff,,DEM,Timothy Johnson,28
Genesee,Clayton Township Precinct 4,Sheriff,,REP,Stephen Sanford,94
Genesee,Clayton Township Precinct 4,State House,51,DEM,Brad May,88
Genesee,Clayton Township Precinct 4,State House,51,DEM,Conner Wallace,57
Genesee,Clayton Township Precinct 4,State House,51,REP,Mike Mueller,106
Genesee,Clayton Township Precinct 4,Surveyor,,DEM,Kim Carlson,161
Genesee,Clayton Township Precinct 4,U.S. House,5,DEM,Daniel T. Kildee,178
Genesee,Clayton Township Precinct 4,U.S. House,5,REP,Earl Lackie,23
Genesee,Clayton Township Precinct 4,U.S. House,5,REP,Tim Kelly,82
Genesee,Clayton Township Precinct 4,U.S. Senate,,DEM,Gary Peters,175
Genesee,Clayton Township Precinct 4,U.S. Senate,,REP,John James,108
Genesee,Davison Township Precinct 1,Animal Control Shelter Millage Renewal Proposal,,,No,199
Genesee,Davison Township Precinct 1,Animal Control Shelter Millage Renewal Proposal,,,Yes,402
Genesee,Davison Township Precinct 1,Ballots Cast,,,,666
Genesee,Davison Township Precinct 1,Circuit Court Judge,7,,Chris Christenson,193
Genesee,Davison Township Precinct 1,Circuit Court Judge,7,,Herman Marable Jr.,82
Genesee,Davison Township Precinct 1,Circuit Court Judge,7,,Stephanie Witucki,175
Genesee,Davison Township Precinct 1,Clerk and Register of Deeds,,DEM,John J. Gleason,199
Genesee,Davison Township Precinct 1,Clerk and Register of Deeds,,DEM,Renee' D. Watson,120
Genesee,Davison Township Precinct 1,Clerk and Register of Deeds,,REP,Jesse Couch,223
Genesee,Davison Township Precinct 1,County Commissioner,9,DEM,Ann Edwards,159
Genesee,Davison Township Precinct 1,County Commissioner,9,DEM,Gary Peppin,137
Genesee,Davison Township Precinct 1,County Commissioner,9,REP,Matthew Smith,224
Genesee,Davison Township Precinct 1,County Treasurer,,DEM,Deborah Cherry,291
Genesee,Davison Township Precinct 1,County Treasurer,,REP,Deborah Hoss,219
Genesee,Davison Township Precinct 1,Davison Township Clerk,,DEM,Bobby J. Bingley,148
Genesee,Davison Township Precinct 1,Davison Township Clerk,,DEM,Noble Hart III,111
Genesee,Davison Township Precinct 1,Davison Township Clerk,,REP,Mary Miller,118
Genesee,Davison Township Precinct 1,Davison Township Clerk,,REP,Travis Howell,133
Genesee,Davison Township Precinct 1,Davison Township Millage Renewal For Police Services,,,No,133
Genesee,Davison Township Precinct 1,Davison Township Millage Renewal For Police Services,,,Yes,501
Genesee,Davison Township Precinct 1,Davison Township Supervisor,,DEM,Timothy W. Elkins,285
Genesee,Davison Township Precinct 1,Davison Township Supervisor,,REP,Jim Slezak,235
Genesee,Davison Township Precinct 1,Davison Township Treasurer,,DEM,Patrick Roy Miller,274
Genesee,Davison Township Precinct 1,Davison Township Treasurer,,REP,Tim Green,226
Genesee,Davison Township Precinct 1,Davison Township Trustee,,DEM,Dave Humphrey,205
Genesee,Davison Township Precinct 1,Davison Township Trustee,,DEM,Mo Aboneaaj,188
Genesee,Davison Township Precinct 1,Davison Township Trustee,,REP,Lori A. Tallman,169
Genesee,Davison Township Precinct 1,Davison Township Trustee,,REP,Matthew D. Karr,160
Genesee,Davison Township Precinct 1,Davison Township Trustee,,REP,Scott Bednarski,103
Genesee,Davison Township Precinct 1,Drain Commissioner,,DEM,Jeff Wright,222
Genesee,Davison Township Precinct 1,Drain Commissioner,,DEM,Travis R. Wines,82
Genesee,Davison Township Precinct 1,Mass Transportation Authority Millage Replacement Proposal,,,No,262
Genesee,Davison Township Precinct 1,Mass Transportation Authority Millage Replacement Proposal,,,Yes,360
Genesee,Davison Township Precinct 1,Prosecuting Attorney,,DEM,David Leyton,240
Genesee,Davison Township Precinct 1,Prosecuting Attorney,,DEM,Trachelle C. Young,77
Genesee,Davison Township Precinct 1,Registered Voters,,,,1907
Genesee,Davison Township Precinct 1,Sheriff,,DEM,Christopher R. Swanson,226
Genesee,Davison Township Precinct 1,Sheriff,,DEM,Phil Hart,48
Genesee,Davison Township Precinct 1,Sheriff,,DEM,Timothy Johnson,43
Genesee,Davison Township Precinct 1,Sheriff,,REP,Stephen Sanford,204
Genesee,Davison Township Precinct 1,State House,48,DEM,Andalib Odulate,24
Genesee,Davison Township Precinct 1,State House,48,DEM,Sheryl Y. Kennedy,291
Genesee,Davison Township Precinct 1,State House,48,REP,David W. Martin,164
Genesee,Davison Township Precinct 1,State House,48,REP,Sherri J. Cross,84
Genesee,Davison Township Precinct 1,Surveyor,,DEM,Kim Carlson,268
Genesee,Davison Township Precinct 1,U.S. House,5,DEM,Daniel T. Kildee,307
Genesee,Davison Township Precinct 1,U.S. House,5,REP,Earl Lackie,55
Genesee,Davison Township Precinct 1,U.S. House,5,REP,Tim Kelly,195
Genesee,Davison Township Precinct 1,U.S. Senate,,DEM,Gary Peters,308
Genesee,Davison Township Precinct 1,U.S. Senate,,REP,John James,254
Genesee,Davison Township Precinct 2,Animal Control Shelter Millage Renewal Proposal,,,No,199
Genesee,Davison Township Precinct 2,Animal Control Shelter Millage Renewal Proposal,,,Yes,495
Genesee,Davison Township Precinct 2,Ballots Cast,,,,766
Genesee,Davison Township Precinct 2,Circuit Court Judge,7,,Chris Christenson,258
Genesee,Davison Township Precinct 2,Circuit Court Judge,7,,Herman Marable Jr.,60
Genesee,Davison Township Precinct 2,Circuit Court Judge,7,,Stephanie Witucki,213
Genesee,Davison Township Precinct 2,Clerk and Register of Deeds,,DEM,John J. Gleason,243
Genesee,Davison Township Precinct 2,Clerk and Register of Deeds,,DEM,Renee' D. Watson,156
Genesee,Davison Township Precinct 2,Clerk and Register of Deeds,,REP,Jesse Couch,227
Genesee,Davison Township Precinct 2,County Commissioner,9,DEM,Ann Edwards,137
Genesee,Davison Township Precinct 2,County Commissioner,9,DEM,Gary Peppin,243
Genesee,Davison Township Precinct 2,County Commissioner,9,REP,Matthew Smith,247
Genesee,Davison Township Precinct 2,County Treasurer,,DEM,Deborah Cherry,389
Genesee,Davison Township Precinct 2,County Treasurer,,REP,Deborah Hoss,229
Genesee,Davison Township Precinct 2,Davison Township Clerk,,DEM,Bobby J. Bingley,135
Genesee,Davison Township Precinct 2,Davison Township Clerk,,DEM,Noble Hart III,191
Genesee,Davison Township Precinct 2,Davison Township Clerk,,REP,Mary Miller,140
Genesee,Davison Township Precinct 2,Davison Township Clerk,,REP,Travis Howell,131
Genesee,Davison Township Precinct 2,Davison Township Millage Renewal For Police Services,,,No,152
Genesee,Davison Township Precinct 2,Davison Township Millage Renewal For Police Services,,,Yes,585
Genesee,Davison Township Precinct 2,Davison Township Supervisor,,DEM,Timothy W. Elkins,371
Genesee,Davison Township Precinct 2,Davison Township Supervisor,,REP,Jim Slezak,251
Genesee,Davison Township Precinct 2,Davison Township Treasurer,,DEM,Patrick Roy Miller,364
Genesee,Davison Township Precinct 2,Davison Township Treasurer,,REP,Tim Green,242
Genesee,Davison Township Precinct 2,Davison Township Trustee,,DEM,Dave Humphrey,293
Genesee,Davison Township Precinct 2,Davison Township Trustee,,DEM,Mo Aboneaaj,226
Genesee,Davison Township Precinct 2,Davison Township Trustee,,REP,Lori A. Tallman,192
Genesee,Davison Township Precinct 2,Davison Township Trustee,,REP,Matthew D. Karr,182
Genesee,Davison Township Precinct 2,Davison Township Trustee,,REP,Scott Bednarski,94
Genesee,Davison Township Precinct 2,Drain Commissioner,,DEM,Jeff Wright,314
Genesee,Davison Township Precinct 2,Drain Commissioner,,DEM,Travis R. Wines,68
Genesee,Davison Township Precinct 2,Mass Transportation Authority Millage Replacement Proposal,,,No,290
Genesee,Davison Township Precinct 2,Mass Transportation Authority Millage Replacement Proposal,,,Yes,434
Genesee,Davison Township Precinct 2,Prosecuting Attorney,,DEM,David Leyton,323
Genesee,Davison Township Precinct 2,Prosecuting Attorney,,DEM,Trachelle C. Young,77
Genesee,Davison Township Precinct 2,Registered Voters,,,,1773
Genesee,Davison Township Precinct 2,Sheriff,,DEM,Christopher R. Swanson,315
Genesee,Davison Township Precinct 2,Sheriff,,DEM,Phil Hart,61
Genesee,Davison Township Precinct 2,Sheriff,,DEM,Timothy Johnson,25
Genesee,Davison Township Precinct 2,Sheriff,,REP,Stephen Sanford,211
Genesee,Davison Township Precinct 2,State House,48,DEM,Andalib Odulate,20
Genesee,Davison Township Precinct 2,State House,48,DEM,Sheryl Y. Kennedy,381
Genesee,Davison Township Precinct 2,State House,48,REP,David W. Martin,171
Genesee,Davison Township Precinct 2,State House,48,REP,Sherri J. Cross,96
Genesee,Davison Township Precinct 2,Surveyor,,DEM,Kim Carlson,368
Genesee,Davison Township Precinct 2,U.S. House,5,DEM,Daniel T. Kildee,399
Genesee,Davison Township Precinct 2,U.S. House,5,REP,Earl Lackie,54
Genesee,Davison Township Precinct 2,U.S. House,5,REP,Tim Kelly,217
Genesee,Davison Township Precinct 2,U.S. Senate,,DEM,Gary Peters,396
Genesee,Davison Township Precinct 2,U.S. Senate,,REP,John James,274
Genesee,Davison Township Precinct 3,Animal Control Shelter Millage Renewal Proposal,,,No,156
Genesee,Davison Township Precinct 3,Animal Control Shelter Millage Renewal Proposal,,,Yes,341
Genesee,Davison Township Precinct 3,Ballots Cast,,,,549
Genesee,Davison Township Precinct 3,Circuit Court Judge,7,,Chris Christenson,194
Genesee,Davison Township Precinct 3,Circuit Court Judge,7,,Herman Marable Jr.,47
Genesee,Davison Township Precinct 3,Circuit Court Judge,7,,Stephanie Witucki,129
Genesee,Davison Township Precinct 3,Clerk and Register of Deeds,,DEM,John J. Gleason,164
Genesee,Davison Township Precinct 3,Clerk and Register of Deeds,,DEM,Renee' D. Watson,81
Genesee,Davison Township Precinct 3,Clerk and Register of Deeds,,REP,Jesse Couch,193
Genesee,Davison Township Precinct 3,County Commissioner,9,DEM,Ann Edwards,97
Genesee,Davison Township Precinct 3,County Commissioner,9,DEM,Gary Peppin,140
Genesee,Davison Township Precinct 3,County Commissioner,9,REP,Matthew Smith,190
Genesee,Davison Township Precinct 3,County Treasurer,,DEM,Deborah Cherry,224
Genesee,Davison Township Precinct 3,County Treasurer,,REP,Deborah Hoss,190
Genesee,Davison Township Precinct 3,Davison Township Clerk,,DEM,Bobby J. Bingley,101
Genesee,Davison Township Precinct 3,Davison Township Clerk,,DEM,Noble Hart III,96
Genesee,Davison Township Precinct 3,Davison Township Clerk,,REP,Mary Miller,107
Genesee,Davison Township Precinct 3,Davison Township Clerk,,REP,Travis Howell,101
Genesee,Davison Township Precinct 3,Davison Township Millage Renewal For Police Services,,,No,104
Genesee,Davison Township Precinct 3,Davison Township Millage Renewal For Police Services,,,Yes,417
Genesee,Davison Township Precinct 3,Davison Township Supervisor,,DEM,Timothy W. Elkins,208
Genesee,Davison Township Precinct 3,Davison Township Supervisor,,REP,Jim Slezak,197
Genesee,Davison Township Precinct 3,Davison Township Treasurer,,DEM,Patrick Roy Miller,205
Genesee,Davison Township Precinct 3,Davison Township Treasurer,,REP,Tim Green,181
Genesee,Davison Township Precinct 3,Davison Township Trustee,,DEM,Dave Humphrey,149
Genesee,Davison Township Precinct 3,Davison Township Trustee,,DEM,Mo Aboneaaj,152
Genesee,Davison Township Precinct 3,Davison Township Trustee,,REP,Lori A. Tallman,133
Genesee,Davison Township Precinct 3,Davison Township Trustee,,REP,Matthew D. Karr,153
Genesee,Davison Township Precinct 3,Davison Township Trustee,,REP,Scott Bednarski,62
Genesee,Davison Township Precinct 3,Drain Commissioner,,DEM,Jeff Wright,181
Genesee,Davison Township Precinct 3,Drain Commissioner,,DEM,Travis R. Wines,60
Genesee,Davison Township Precinct 3,Mass Transportation Authority Millage Replacement Proposal,,,No,215
Genesee,Davison Township Precinct 3,Mass Transportation Authority Millage Replacement Proposal,,,Yes,294
Genesee,Davison Township Precinct 3,Prosecuting Attorney,,DEM,David Leyton,205
Genesee,Davison Township Precinct 3,Prosecuting Attorney,,DEM,Trachelle C. Young,48
Genesee,Davison Township Precinct 3,Registered Voters,,,,1429
Genesee,Davison Township Precinct 3,Sheriff,,DEM,Christopher R. Swanson,191
Genesee,Davison Township Precinct 3,Sheriff,,DEM,Phil Hart,43
Genesee,Davison Township Precinct 3,Sheriff,,DEM,Timothy Johnson,26
Genesee,Davison Township Precinct 3,Sheriff,,REP,Stephen Sanford,179
Genesee,Davison Township Precinct 3,State House,48,DEM,Andalib Odulate,15
Genesee,Davison Township Precinct 3,State House,48,DEM,Sheryl Y. Kennedy,229
Genesee,Davison Township Precinct 3,State House,48,REP,David W. Martin,170
Genesee,Davison Township Precinct 3,State House,48,REP,Sherri J. Cross,43
Genesee,Davison Township Precinct 3,Surveyor,,DEM,Kim Carlson,208
Genesee,Davison Township Precinct 3,U.S. House,5,DEM,Daniel T. Kildee,238
Genesee,Davison Township Precinct 3,U.S. House,5,REP,Earl Lackie,38
Genesee,Davison Township Precinct 3,U.S. House,5,REP,Tim Kelly,173
Genesee,Davison Township Precinct 3,U.S. Senate,,DEM,Gary Peters,235
Genesee,Davison Township Precinct 3,U.S. Senate,,REP,John James,219
Genesee,Davison Township Precinct 4,Animal Control Shelter Millage Renewal Proposal,,,No,141
Genesee,Davison Township Precinct 4,Animal Control Shelter Millage Renewal Proposal,,,Yes,564
Genesee,Davison Township Precinct 4,Ballots Cast,,,,787
Genesee,Davison Township Precinct 4,Circuit Court Judge,7,,Chris Christenson,258
Genesee,Davison Township Precinct 4,Circuit Court Judge,7,,Herman Marable Jr.,94
Genesee,Davison Township Precinct 4,Circuit Court Judge,7,,Stephanie Witucki,191
Genesee,Davison Township Precinct 4,Clerk and Register of Deeds,,DEM,John J. Gleason,240
Genesee,Davison Township Precinct 4,Clerk and Register of Deeds,,DEM,Renee' D. Watson,206
Genesee,Davison Township Precinct 4,Clerk and Register of Deeds,,REP,Jesse Couch,213
Genesee,Davison Township Precinct 4,County Commissioner,9,DEM,Ann Edwards,229
Genesee,Davison Township Precinct 4,County Commissioner,9,DEM,Gary Peppin,198
Genesee,Davison Township Precinct 4,County Commissioner,9,REP,Matthew Smith,215
Genesee,Davison Township Precinct 4,County Treasurer,,DEM,Deborah Cherry,440
Genesee,Davison Township Precinct 4,County Treasurer,,REP,Deborah Hoss,214
Genesee,Davison Township Precinct 4,Davison Township Clerk,,DEM,Bobby J. Bingley,183
Genesee,Davison Township Precinct 4,Davison Township Clerk,,DEM,Noble Hart III,199
Genesee,Davison Township Precinct 4,Davison Township Clerk,,REP,Mary Miller,141
Genesee,Davison Township Precinct 4,Davison Township Clerk,,REP,Travis Howell,103
Genesee,Davison Township Precinct 4,Davison Township Millage Renewal For Police Services,,,No,90
Genesee,Davison Township Precinct 4,Davison Township Millage Renewal For Police Services,,,Yes,658
Genesee,Davison Township Precinct 4,Davison Township Supervisor,,DEM,Timothy W. Elkins,418
Genesee,Davison Township Precinct 4,Davison Township Supervisor,,REP,Jim Slezak,232
Genesee,Davison Township Precinct 4,Davison Township Treasurer,,DEM,Patrick Roy Miller,404
Genesee,Davison Township Precinct 4,Davison Township Treasurer,,REP,Tim Green,216
Genesee,Davison Township Precinct 4,Davison Township Trustee,,DEM,Dave Humphrey,334
Genesee,Davison Township Precinct 4,Davison Township Trustee,,DEM,Mo Aboneaaj,229
Genesee,Davison Township Precinct 4,Davison Township Trustee,,REP,Lori A. Tallman,173
Genesee,Davison Township Precinct 4,Davison Township Trustee,,REP,Matthew D. Karr,158
Genesee,Davison Township Precinct 4,Davison Township Trustee,,REP,Scott Bednarski,83
Genesee,Davison Township Precinct 4,Drain Commissioner,,DEM,Jeff Wright,340
Genesee,Davison Township Precinct 4,Drain Commissioner,,DEM,Travis R. Wines,99
Genesee,Davison Township Precinct 4,Mass Transportation Authority Millage Replacement Proposal,,,No,177
Genesee,Davison Township Precinct 4,Mass Transportation Authority Millage Replacement Proposal,,,Yes,556
Genesee,Davison Township Precinct 4,Prosecuting Attorney,,DEM,David Leyton,341
Genesee,Davison Township Precinct 4,Prosecuting Attorney,,DEM,Trachelle C. Young,115
Genesee,Davison Township Precinct 4,Registered Voters,,,,1839
Genesee,Davison Township Precinct 4,Sheriff,,DEM,Christopher R. Swanson,308
Genesee,Davison Township Precinct 4,Sheriff,,DEM,Phil Hart,76
Genesee,Davison Township Precinct 4,Sheriff,,DEM,Timothy Johnson,70
Genesee,Davison Township Precinct 4,Sheriff,,REP,Stephen Sanford,199
Genesee,Davison Township Precinct 4,State House,48,DEM,Andalib Odulate,36
Genesee,Davison Township Precinct 4,State House,48,DEM,Sheryl Y. Kennedy,411
Genesee,Davison Township Precinct 4,State House,48,REP,David W. Martin,153
Genesee,Davison Township Precinct 4,State House,48,REP,Sherri J. Cross,89
Genesee,Davison Township Precinct 4,Surveyor,,DEM,Kim Carlson,418
Genesee,Davison Township Precinct 4,U.S. House,5,DEM,Daniel T. Kildee,447
Genesee,Davison Township Precinct 4,U.S. House,5,REP,Earl Lackie,54
Genesee,Davison Township Precinct 4,U.S. House,5,REP,Tim Kelly,182
Genesee,Davison Township Precinct 4,U.S. Senate,,DEM,Gary Peters,446
Genesee,Davison Township Precinct 4,U.S. Senate,,REP,John James,245
Genesee,Davison Township Precinct 5,Animal Control Shelter Millage Renewal Proposal,,,No,96
Genesee,Davison Township Precinct 5,Animal Control Shelter Millage Renewal Proposal,,,Yes,273
Genesee,Davison Township Precinct 5,Ballots Cast,,,,410
Genesee,Davison Township Precinct 5,Circuit Court Judge,7,,Chris Christenson,108
Genesee,Davison Township Precinct 5,Circuit Court Judge,7,,Herman Marable Jr.,51
Genesee,Davison Township Precinct 5,Circuit Court Judge,7,,Stephanie Witucki,136
Genesee,Davison Township Precinct 5,Clerk and Register of Deeds,,DEM,John J. Gleason,130
Genesee,Davison Township Precinct 5,Clerk and Register of Deeds,,DEM,Renee' D. Watson,90
Genesee,Davison Township Precinct 5,Clerk and Register of Deeds,,REP,Jesse Couch,116
Genesee,Davison Township Precinct 5,County Commissioner,9,DEM,Ann Edwards,123
Genesee,Davison Township Precinct 5,County Commissioner,9,DEM,Gary Peppin,87
Genesee,Davison Township Precinct 5,County Commissioner,9,REP,Matthew Smith,112
Genesee,Davison Township Precinct 5,County Treasurer,,DEM,Deborah Cherry,216
Genesee,Davison Township Precinct 5,County Treasurer,,REP,Deborah Hoss,114
Genesee,Davison Township Precinct 5,Davison Township Clerk,,DEM,Bobby J. Bingley,101
Genesee,Davison Township Precinct 5,Davison Township Clerk,,DEM,Noble Hart III,99
Genesee,Davison Township Precinct 5,Davison Township Clerk,,REP,Mary Miller,69
Genesee,Davison Township Precinct 5,Davison Township Clerk,,REP,Travis Howell,63
Genesee,Davison Township Precinct 5,Davison Township Millage Renewal For Police Services,,,No,97
Genesee,Davison Township Precinct 5,Davison Township Millage Renewal For Police Services,,,Yes,290
Genesee,Davison Township Precinct 5,Davison Township Supervisor,,DEM,Timothy W. Elkins,215
Genesee,Davison Township Precinct 5,Davison Township Supervisor,,REP,Jim Slezak,124
Genesee,Davison Township Precinct 5,Davison Township Treasurer,,DEM,Patrick Roy Miller,209
Genesee,Davison Township Precinct 5,Davison Township Treasurer,,REP,Tim Green,119
Genesee,Davison Township Precinct 5,Davison Township Trustee,,DEM,Dave Humphrey,150
Genesee,Davison Township Precinct 5,Davison Township Trustee,,DEM,Mo Aboneaaj,145
Genesee,Davison Township Precinct 5,Davison Township Trustee,,REP,Lori A. Tallman,83
Genesee,Davison Township Precinct 5,Davison Township Trustee,,REP,Matthew D. Karr,100
Genesee,Davison Township Precinct 5,Davison Township Trustee,,REP,Scott Bednarski,47
Genesee,Davison Township Precinct 5,Drain Commissioner,,DEM,Jeff Wright,149
Genesee,Davison Township Precinct 5,Drain Commissioner,,DEM,Travis R. Wines,66
Genesee,Davison Township Precinct 5,Mass Transportation Authority Millage Replacement Proposal,,,No,111
Genesee,Davison Township Precinct 5,Mass Transportation Authority Millage Replacement Proposal,,,Yes,267
Genesee,Davison Township Precinct 5,Prosecuting Attorney,,DEM,David Leyton,151
Genesee,Davison Township Precinct 5,Prosecuting Attorney,,DEM,Trachelle C. Young,74
Genesee,Davison Township Precinct 5,Registered Voters,,,,1950
Genesee,Davison Township Precinct 5,Sheriff,,DEM,Christopher R. Swanson,171
Genesee,Davison Township Precinct 5,Sheriff,,DEM,Phil Hart,30
Genesee,Davison Township Precinct 5,Sheriff,,DEM,Timothy Johnson,27
Genesee,Davison Township Precinct 5,Sheriff,,REP,Stephen Sanford,107
Genesee,Davison Township Precinct 5,State House,48,DEM,Andalib Odulate,36
Genesee,Davison Township Precinct 5,State House,48,DEM,Sheryl Y. Kennedy,184
Genesee,Davison Township Precinct 5,State House,48,REP,David W. Martin,86
Genesee,Davison Township Precinct 5,State House,48,REP,Sherri J. Cross,46
Genesee,Davison Township Precinct 5,Surveyor,,DEM,Kim Carlson,205
Genesee,Davison Township Precinct 5,U.S. House,5,DEM,Daniel T. Kildee,227
Genesee,Davison Township Precinct 5,U.S. House,5,REP,Earl Lackie,22
Genesee,Davison Township Precinct 5,U.S. House,5,REP,Tim Kelly,112
Genesee,Davison Township Precinct 5,U.S. Senate,,DEM,Gary Peters,224
Genesee,Davison Township Precinct 5,U.S. Senate,,REP,John James,137
Genesee,Davison Township Precinct 6,Animal Control Shelter Millage Renewal Proposal,,,No,117
Genesee,Davison Township Precinct 6,Animal Control Shelter Millage Renewal Proposal,,,Yes,363
Genesee,Davison Township Precinct 6,Ballots Cast,,,,518
Genesee,Davison Township Precinct 6,Circuit Court Judge,7,,Chris Christenson,159
Genesee,Davison Township Precinct 6,Circuit Court Judge,7,,Herman Marable Jr.,78
Genesee,Davison Township Precinct 6,Circuit Court Judge,7,,Stephanie Witucki,130
Genesee,Davison Township Precinct 6,Clerk and Register of Deeds,,DEM,John J. Gleason,177
Genesee,Davison Township Precinct 6,Clerk and Register of Deeds,,DEM,Renee' D. Watson,141
Genesee,Davison Township Precinct 6,Clerk and Register of Deeds,,REP,Jesse Couch,113
Genesee,Davison Township Precinct 6,County Commissioner,9,DEM,Ann Edwards,141
Genesee,Davison Township Precinct 6,County Commissioner,9,DEM,Gary Peppin,163
Genesee,Davison Township Precinct 6,County Commissioner,9,REP,Matthew Smith,119
Genesee,Davison Township Precinct 6,County Treasurer,,DEM,Deborah Cherry,309
Genesee,Davison Township Precinct 6,County Treasurer,,REP,Deborah Hoss,113
Genesee,Davison Township Precinct 6,Davison Township Clerk,,DEM,Bobby J. Bingley,121
Genesee,Davison Township Precinct 6,Davison Township Clerk,,DEM,Noble Hart III,162
Genesee,Davison Township Precinct 6,Davison Township Clerk,,REP,Mary Miller,67
Genesee,Davison Township Precinct 6,Davison Township Clerk,,REP,Travis Howell,62
Genesee,Davison Township Precinct 6,Davison Township Millage Renewal For Police Services,,,No,103
Genesee,Davison Township Precinct 6,Davison Township Millage Renewal For Police Services,,,Yes,380
Genesee,Davison Township Precinct 6,Davison Township Supervisor,,DEM,Timothy W. Elkins,300
Genesee,Davison Township Precinct 6,Davison Township Supervisor,,REP,Jim Slezak,127
Genesee,Davison Township Precinct 6,Davison Township Treasurer,,DEM,Patrick Roy Miller,293
Genesee,Davison Township Precinct 6,Davison Township Treasurer,,REP,Tim Green,118
Genesee,Davison Township Precinct 6,Davison Township Trustee,,DEM,Dave Humphrey,221
Genesee,Davison Township Precinct 6,Davison Township Trustee,,DEM,Mo Aboneaaj,168
Genesee,Davison Township Precinct 6,Davison Township Trustee,,REP,Lori A. Tallman,89
Genesee,Davison Township Precinct 6,Davison Township Trustee,,REP,Matthew D. Karr,91
Genesee,Davison Township Precinct 6,Davison Township Trustee,,REP,Scott Bednarski,47
Genesee,Davison Township Precinct 6,Drain Commissioner,,DEM,Jeff Wright,243
Genesee,Davison Township Precinct 6,Drain Commissioner,,DEM,Travis R. Wines,70
Genesee,Davison Township Precinct 6,Mass Transportation Authority Millage Replacement Proposal,,,No,156
Genesee,Davison Township Precinct 6,Mass Transportation Authority Millage Replacement Proposal,,,Yes,326
Genesee,Davison Township Precinct 6,Prosecuting Attorney,,DEM,David Leyton,221
Genesee,Davison Township Precinct 6,Prosecuting Attorney,,DEM,Trachelle C. Young,101
Genesee,Davison Township Precinct 6,Registered Voters,,,,2286
Genesee,Davison Township Precinct 6,Sheriff,,DEM,Christopher R. Swanson,225
Genesee,Davison Township Precinct 6,Sheriff,,DEM,Phil Hart,54
Genesee,Davison Township Precinct 6,Sheriff,,DEM,Timothy Johnson,40
Genesee,Davison Township Precinct 6,Sheriff,,REP,Stephen Sanford,110
Genesee,Davison Township Precinct 6,State House,48,DEM,Andalib Odulate,31
Genesee,Davison Township Precinct 6,State House,48,DEM,Sheryl Y. Kennedy,284
Genesee,Davison Township Precinct 6,State House,48,REP,David W. Martin,93
Genesee,Davison Township Precinct 6,State House,48,REP,Sherri J. Cross,43
Genesee,Davison Township Precinct 6,Surveyor,,DEM,Kim Carlson,302
Genesee,Davison Township Precinct 6,U.S. House,5,DEM,Daniel T. Kildee,323
Genesee,Davison Township Precinct 6,U.S. House,5,REP,Earl Lackie,37
Genesee,Davison Township Precinct 6,U.S. House,5,REP,Tim Kelly,94
Genesee,Davison Township Precinct 6,U.S. Senate,,DEM,Gary Peters,321
Genesee,Davison Township Precinct 6,U.S. Senate,,REP,John James,132
Genesee,Davison Township Precinct 7,Animal Control Shelter Millage Renewal Proposal,,,No,159
Genesee,Davison Township Precinct 7,Animal Control Shelter Millage Renewal Proposal,,,Yes,275
Genesee,Davison Township Precinct 7,Ballots Cast,,,,497
Genesee,Davison Township Precinct 7,Circuit Court Judge,7,,Chris Christenson,142
Genesee,Davison Township Precinct 7,Circuit Court Judge,7,,Herman Marable Jr.,57
Genesee,Davison Township Precinct 7,Circuit Court Judge,7,,Stephanie Witucki,132
Genesee,Davison Township Precinct 7,Clerk and Register of Deeds,,DEM,John J. Gleason,125
Genesee,Davison Township Precinct 7,Clerk and Register of Deeds,,DEM,Renee' D. Watson,87
Genesee,Davison Township Precinct 7,Clerk and Register of Deeds,,REP,Jesse Couch,183
Genesee,Davison Township Precinct 7,County Commissioner,9,DEM,Ann Edwards,110
Genesee,Davison Township Precinct 7,County Commissioner,9,DEM,Gary Peppin,86
Genesee,Davison Township Precinct 7,County Commissioner,9,REP,Matthew Smith,186
Genesee,Davison Township Precinct 7,County Treasurer,,DEM,Deborah Cherry,197
Genesee,Davison Township Precinct 7,County Treasurer,,REP,Deborah Hoss,181
Genesee,Davison Township Precinct 7,Davison Township Clerk,,DEM,Bobby J. Bingley,93
Genesee,Davison Township Precinct 7,Davison Township Clerk,,DEM,Noble Hart III,85
Genesee,Davison Township Precinct 7,Davison Township Clerk,,REP,Mary Miller,101
Genesee,Davison Township Precinct 7,Davison Township Clerk,,REP,Travis Howell,105
Genesee,Davison Township Precinct 7,Davison Township Millage Renewal For Police Services,,,No,112
Genesee,Davison Township Precinct 7,Davison Township Millage Renewal For Police Services,,,Yes,350
Genesee,Davison Township Precinct 7,Davison Township Supervisor,,DEM,Timothy W. Elkins,190
Genesee,Davison Township Precinct 7,Davison Township Supervisor,,REP,Jim Slezak,195
Genesee,Davison Township Precinct 7,Davison Township Treasurer,,DEM,Patrick Roy Miller,189
Genesee,Davison Township Precinct 7,Davison Township Treasurer,,REP,Tim Green,178
Genesee,Davison Township Precinct 7,Davison Township Trustee,,DEM,Dave Humphrey,141
Genesee,Davison Township Precinct 7,Davison Township Trustee,,DEM,Mo Aboneaaj,132
Genesee,Davison Township Precinct 7,Davison Township Trustee,,REP,Lori A. Tallman,116
Genesee,Davison Township Precinct 7,Davison Township Trustee,,REP,Matthew D. Karr,132
Genesee,Davison Township Precinct 7,Davison Township Trustee,,REP,Scott Bednarski,87
Genesee,Davison Township Precinct 7,Drain Commissioner,,DEM,Jeff Wright,154
Genesee,Davison Township Precinct 7,Drain Commissioner,,DEM,Travis R. Wines,59
Genesee,Davison Township Precinct 7,Goodrich Area Schools Bonding Proposal,,,No,21
Genesee,Davison Township Precinct 7,Goodrich Area Schools Bonding Proposal,,,Yes,19
Genesee,Davison Township Precinct 7,Mass Transportation Authority Millage Replacement Proposal,,,No,223
Genesee,Davison Township Precinct 7,Mass Transportation Authority Millage Replacement Proposal,,,Yes,228
Genesee,Davison Township Precinct 7,Prosecuting Attorney,,DEM,David Leyton,164
Genesee,Davison Township Precinct 7,Prosecuting Attorney,,DEM,Trachelle C. Young,55
Genesee,Davison Township Precinct 7,Registered Voters,,,,1476
Genesee,Davison Township Precinct 7,Sheriff,,DEM,Christopher R. Swanson,166
Genesee,Davison Township Precinct 7,Sheriff,,DEM,Phil Hart,28
Genesee,Davison Township Precinct 7,Sheriff,,DEM,Timothy Johnson,29
Genesee,Davison Township Precinct 7,Sheriff,,REP,Stephen Sanford,177
Genesee,Davison Township Precinct 7,State House,48,DEM,Andalib Odulate,29
Genesee,Davison Township Precinct 7,State House,48,DEM,Sheryl Y. Kennedy,181
Genesee,Davison Township Precinct 7,State House,48,REP,David W. Martin,148
Genesee,Davison Township Precinct 7,State House,48,REP,Sherri J. Cross,57
Genesee,Davison Township Precinct 7,Surveyor,,DEM,Kim Carlson,190
Genesee,Davison Township Precinct 7,U.S. House,5,DEM,Daniel T. Kildee,204
Genesee,Davison Township Precinct 7,U.S. House,5,REP,Earl Lackie,33
Genesee,Davison Township Precinct 7,U.S. House,5,REP,Tim Kelly,171
Genesee,Davison Township Precinct 7,U.S. Senate,,DEM,Gary Peters,204
Genesee,Davison Township Precinct 7,U.S. Senate,,REP,John James,208
Genesee,Davison Township Precinct 8,Animal Control Shelter Millage Renewal Proposal,,,No,127
Genesee,Davison Township Precinct 8,Animal Control Shelter Millage Renewal Proposal,,,Yes,299
Genesee,Davison Township Precinct 8,Ballots Cast,,,,462
Genesee,Davison Township Precinct 8,Circuit Court Judge,7,,Chris Christenson,161
Genesee,Davison Township Precinct 8,Circuit Court Judge,7,,Herman Marable Jr.,41
Genesee,Davison Township Precinct 8,Circuit Court Judge,7,,Stephanie Witucki,133
Genesee,Davison Township Precinct 8,Clerk and Register of Deeds,,DEM,John J. Gleason,121
Genesee,Davison Township Precinct 8,Clerk and Register of Deeds,,DEM,Renee' D. Watson,81
Genesee,Davison Township Precinct 8,Clerk and Register of Deeds,,REP,Jesse Couch,160
Genesee,Davison Township Precinct 8,County Commissioner,9,DEM,Ann Edwards,72
Genesee,Davison Township Precinct 8,County Commissioner,9,DEM,Gary Peppin,123
Genesee,Davison Township Precinct 8,County Commissioner,9,REP,Matthew Smith,163
Genesee,Davison Township Precinct 8,County Treasurer,,DEM,Deborah Cherry,196
Genesee,Davison Township Precinct 8,County Treasurer,,REP,Deborah Hoss,152
Genesee,Davison Township Precinct 8,Davison Township Clerk,,DEM,Bobby J. Bingley,76
Genesee,Davison Township Precinct 8,Davison Township Clerk,,DEM,Noble Hart III,93
Genesee,Davison Township Precinct 8,Davison Township Clerk,,REP,Mary Miller,90
Genesee,Davison Township Precinct 8,Davison Township Clerk,,REP,Travis Howell,87
Genesee,Davison Township Precinct 8,Davison Township Millage Renewal For Police Services,,,No,76
Genesee,Davison Township Precinct 8,Davison Township Millage Renewal For Police Services,,,Yes,373
Genesee,Davison Township Precinct 8,Davison Township Supervisor,,DEM,Timothy W. Elkins,185
Genesee,Davison Township Precinct 8,Davison Township Supervisor,,REP,Jim Slezak,182
Genesee,Davison Township Precinct 8,Davison Township Treasurer,,DEM,Patrick Roy Miller,183
Genesee,Davison Township Precinct 8,Davison Township Treasurer,,REP,Tim Green,169
Genesee,Davison Township Precinct 8,Davison Township Trustee,,DEM,Dave Humphrey,133
Genesee,Davison Township Precinct 8,Davison Township Trustee,,DEM,Mo Aboneaaj,131
Genesee,Davison Township Precinct 8,Davison Township Trustee,,REP,Lori A. Tallman,111
Genesee,Davison Township Precinct 8,Davison Township Trustee,,REP,Matthew D. Karr,131
Genesee,Davison Township Precinct 8,Davison Township Trustee,,REP,Scott Bednarski,79
Genesee,Davison Township Precinct 8,Drain Commissioner,,DEM,Jeff Wright,173
Genesee,Davison Township Precinct 8,Drain Commissioner,,DEM,Travis R. Wines,27
Genesee,Davison Township Precinct 8,Mass Transportation Authority Millage Replacement Proposal,,,No,182
Genesee,Davison Township Precinct 8,Mass Transportation Authority Millage Replacement Proposal,,,Yes,261
Genesee,Davison Township Precinct 8,Prosecuting Attorney,,DEM,David Leyton,164
Genesee,Davison Township Precinct 8,Prosecuting Attorney,,DEM,Trachelle C. Young,46
Genesee,Davison Township Precinct 8,Registered Voters,,,,1010
Genesee,Davison Township Precinct 8,Sheriff,,DEM,Christopher R. Swanson,163
Genesee,Davison Township Precinct 8,Sheriff,,DEM,Phil Hart,31
Genesee,Davison Township Precinct 8,Sheriff,,DEM,Timothy Johnson,20
Genesee,Davison Township Precinct 8,Sheriff,,REP,Stephen Sanford,158
Genesee,Davison Township Precinct 8,State House,48,DEM,Andalib Odulate,12
Genesee,Davison Township Precinct 8,State House,48,DEM,Sheryl Y. Kennedy,189
Genesee,Davison Township Precinct 8,State House,48,REP,David W. Martin,113
Genesee,Davison Township Precinct 8,State House,48,REP,Sherri J. Cross,68
Genesee,Davison Township Precinct 8,Surveyor,,DEM,Kim Carlson,179
Genesee,Davison Township Precinct 8,U.S. House,5,DEM,Daniel T. Kildee,207
Genesee,Davison Township Precinct 8,U.S. House,5,REP,Earl Lackie,33
Genesee,Davison Township Precinct 8,U.S. House,5,REP,Tim Kelly,142
Genesee,Davison Township Precinct 8,U.S. Senate,,DEM,Gary Peters,204
Genesee,Davison Township Precinct 8,U.S. Senate,,REP,John James,198
Genesee,Davison Township Precinct 9,Animal Control Shelter Millage Renewal Proposal,,,No,124
Genesee,Davison Township Precinct 9,Animal Control Shelter Millage Renewal Proposal,,,Yes,378
Genesee,Davison Township Precinct 9,Ballots Cast,,,,552
Genesee,Davison Township Precinct 9,Circuit Court Judge,7,,Chris Christenson,207
Genesee,Davison Township Precinct 9,Circuit Court Judge,7,,Herman Marable Jr.,51
Genesee,Davison Township Precinct 9,Circuit Court Judge,7,,Stephanie Witucki,146
Genesee,Davison Township Precinct 9,Clerk and Register of Deeds,,DEM,John J. Gleason,182
Genesee,Davison Township Precinct 9,Clerk and Register of Deeds,,DEM,Renee' D. Watson,115
Genesee,Davison Township Precinct 9,Clerk and Register of Deeds,,REP,Jesse Couch,145
Genesee,Davison Township Precinct 9,County Commissioner,9,DEM,Ann Edwards,137
Genesee,Davison Township Precinct 9,County Commissioner,9,DEM,Gary Peppin,150
Genesee,Davison Township Precinct 9,County Commissioner,9,REP,Matthew Smith,147
Genesee,Davison Township Precinct 9,County Treasurer,,DEM,Deborah Cherry,286
Genesee,Davison Township Precinct 9,County Treasurer,,REP,Deborah Hoss,139
Genesee,Davison Township Precinct 9,Davison Township Clerk,,DEM,Bobby J. Bingley,154
Genesee,Davison Township Precinct 9,Davison Township Clerk,,DEM,Noble Hart III,106
Genesee,Davison Township Precinct 9,Davison Township Clerk,,REP,Mary Miller,70
Genesee,Davison Township Precinct 9,Davison Township Clerk,,REP,Travis Howell,107
Genesee,Davison Township Precinct 9,Davison Township Millage Renewal For Police Services,,,No,115
Genesee,Davison Township Precinct 9,Davison Township Millage Renewal For Police Services,,,Yes,410
Genesee,Davison Township Precinct 9,Davison Township Supervisor,,DEM,Timothy W. Elkins,280
Genesee,Davison Township Precinct 9,Davison Township Supervisor,,REP,Jim Slezak,164
Genesee,Davison Township Precinct 9,Davison Township Treasurer,,DEM,Patrick Roy Miller,275
Genesee,Davison Township Precinct 9,Davison Township Treasurer,,REP,Tim Green,145
Genesee,Davison Township Precinct 9,Davison Township Trustee,,DEM,Dave Humphrey,214
Genesee,Davison Township Precinct 9,Davison Township Trustee,,DEM,Mo Aboneaaj,194
Genesee,Davison Township Precinct 9,Davison Township Trustee,,REP,Lori A. Tallman,97
Genesee,Davison Township Precinct 9,Davison Township Trustee,,REP,Matthew D. Karr,119
Genesee,Davison Township Precinct 9,Davison Township Trustee,,REP,Scott Bednarski,66
Genesee,Davison Township Precinct 9,Drain Commissioner,,DEM,Jeff Wright,225
Genesee,Davison Township Precinct 9,Drain Commissioner,,DEM,Travis R. Wines,68
Genesee,Davison Township Precinct 9,Mass Transportation Authority Millage Replacement Proposal,,,No,198
Genesee,Davison Township Precinct 9,Mass Transportation Authority Millage Replacement Proposal,,,Yes,321
Genesee,Davison Township Precinct 9,Prosecuting Attorney,,DEM,David Leyton,241
Genesee,Davison Township Precinct 9,Prosecuting Attorney,,DEM,Trachelle C. Young,65
Genesee,Davison Township Precinct 9,Registered Voters,,,,1615
Genesee,Davison Township Precinct 9,Sheriff,,DEM,Christopher R. Swanson,222
Genesee,Davison Township Precinct 9,Sheriff,,DEM,Phil Hart,52
Genesee,Davison Township Precinct 9,Sheriff,,DEM,Timothy Johnson,33
Genesee,Davison Township Precinct 9,Sheriff,,REP,Stephen Sanford,137
Genesee,Davison Township Precinct 9,State House,48,DEM,Andalib Odulate,29
Genesee,Davison Township Precinct 9,State House,48,DEM,Sheryl Y. Kennedy,274
Genesee,Davison Township Precinct 9,State House,48,REP,David W. Martin,127
Genesee,Davison Township Precinct 9,State House,48,REP,Sherri J. Cross,39
Genesee,Davison Township Precinct 9,Surveyor,,DEM,Kim Carlson,276
Genesee,Davison Township Precinct 9,U.S. House,5,DEM,Daniel T. Kildee,298
Genesee,Davison Township Precinct 9,U.S. House,5,REP,Earl Lackie,30
Genesee,Davison Township Precinct 9,U.S. House,5,REP,Tim Kelly,130
Genesee,Davison Township Precinct 9,U.S. Senate,,DEM,Gary Peters,297
Genesee,Davison Township Precinct 9,U.S. Senate,,REP,John James,171
Genesee,Fenton Township Precinct 1,Animal Control Shelter Millage Renewal Proposal,,,No,268
Genesee,Fenton Township Precinct 1,Animal Control Shelter Millage Renewal Proposal,,,Yes,538
Genesee,Fenton Township Precinct 1,Ballots Cast,,,,897
Genesee,Fenton Township Precinct 1,Circuit Court Judge,7,,Chris Christenson,301
Genesee,Fenton Township Precinct 1,Circuit Court Judge,7,,Herman Marable Jr.,98
Genesee,Fenton Township Precinct 1,Circuit Court Judge,7,,Stephanie Witucki,220
Genesee,Fenton Township Precinct 1,Clerk and Register of Deeds,,DEM,John J. Gleason,234
Genesee,Fenton Township Precinct 1,Clerk and Register of Deeds,,DEM,Renee' D. Watson,167
Genesee,Fenton Township Precinct 1,Clerk and Register of Deeds,,REP,Jesse Couch,316
Genesee,Fenton Township Precinct 1,County Commissioner,6,DEM,Timothy John Draeger (W),29
Genesee,Fenton Township Precinct 1,County Commissioner,6,REP,Shaun Shumaker,323
Genesee,Fenton Township Precinct 1,County Treasurer,,DEM,Deborah Cherry,361
Genesee,Fenton Township Precinct 1,County Treasurer,,REP,Deborah Hoss,310
Genesee,Fenton Township Precinct 1,Drain Commissioner,,DEM,Jeff Wright,283
Genesee,Fenton Township Precinct 1,Drain Commissioner,,DEM,Travis R. Wines,106
Genesee,Fenton Township Precinct 1,Fenton Township Clerk,,REP,Robert E. Krug,334
Genesee,Fenton Township Precinct 1,Fenton Township Supervisor,,REP,Vince Lorraine,335
Genesee,Fenton Township Precinct 1,Fenton Township Treasurer,,REP,John R. Tucker,328
Genesee,Fenton Township Precinct 1,Fenton Township Trustee,,REP,Christine M. Reid,262
Genesee,Fenton Township Precinct 1,Fenton Township Trustee,,REP,Jay Edward Nussel (W),0
Genesee,Fenton Township Precinct 1,Fenton Township Trustee,,REP,Kenneth Charles Baran (W),6
Genesee,Fenton Township Precinct 1,Fenton Township Trustee,,REP,Mark Alan Goupil,269
Genesee,Fenton Township Precinct 1,Fenton Township Trustee,,REP,Michael Andrew Peraino (W),4
Genesee,Fenton Township Precinct 1,Fenton Township Trustee,,REP,Robert C. Kesler,267
Genesee,Fenton Township Precinct 1,Lake Fenton Community Schools Sinking Fund Millage Proposal,,,No,414
Genesee,Fenton Township Precinct 1,Lake Fenton Community Schools Sinking Fund Millage Proposal,,,Yes,463
Genesee,Fenton Township Precinct 1,Mass Transportation Authority Millage Replacement Proposal,,,No,383
Genesee,Fenton Township Precinct 1,Mass Transportation Authority Millage Replacement Proposal,,,Yes,482
Genesee,Fenton Township Precinct 1,Prosecuting Attorney,,DEM,David Leyton,290
Genesee,Fenton Township Precinct 1,Prosecuting Attorney,,DEM,Trachelle C. Young,128
Genesee,Fenton Township Precinct 1,Registered Voters,,,,1840
Genesee,Fenton Township Precinct 1,Sheriff,,DEM,Christopher R. Swanson,323
Genesee,Fenton Township Precinct 1,Sheriff,,DEM,Phil Hart,74
Genesee,Fenton Township Precinct 1,Sheriff,,DEM,Timothy Johnson,32
Genesee,Fenton Township Precinct 1,Sheriff,,REP,Stephen Sanford,300
Genesee,Fenton Township Precinct 1,State House,51,DEM,Brad May,215
Genesee,Fenton Township Precinct 1,State House,51,DEM,Conner Wallace,139
Genesee,Fenton Township Precinct 1,State House,51,REP,Mike Mueller,374
Genesee,Fenton Township Precinct 1,Surveyor,,DEM,Kim Carlson,335
Genesee,Fenton Township Precinct 1,U.S. House,5,DEM,Daniel T. Kildee,387
Genesee,Fenton Township Precinct 1,U.S. House,5,REP,Earl Lackie,59
Genesee,Fenton Township Precinct 1,U.S. House,5,REP,Tim Kelly,273
Genesee,Fenton Township Precinct 1,U.S. Senate,,DEM,Gary Peters,383
Genesee,Fenton Township Precinct 1,U.S. Senate,,REP,John James,374
Genesee,Fenton Township Precinct 2,Animal Control Shelter Millage Renewal Proposal,,,No,314
Genesee,Fenton Township Precinct 2,Animal Control Shelter Millage Renewal Proposal,,,Yes,515
Genesee,Fenton Township Precinct 2,Ballots Cast,,,,927
Genesee,Fenton Township Precinct 2,Circuit Court Judge,7,,Chris Christenson,267
Genesee,Fenton Township Precinct 2,Circuit Court Judge,7,,Herman Marable Jr.,94
Genesee,Fenton Township Precinct 2,Circuit Court Judge,7,,Stephanie Witucki,236
Genesee,Fenton Township Precinct 2,Clerk and Register of Deeds,,DEM,John J. Gleason,236
Genesee,Fenton Township Precinct 2,Clerk and Register of Deeds,,DEM,Renee' D. Watson,183
Genesee,Fenton Township Precinct 2,Clerk and Register of Deeds,,REP,Jesse Couch,333
Genesee,Fenton Township Precinct 2,County Commissioner,6,DEM,Timothy John Draeger (W),34
Genesee,Fenton Township Precinct 2,County Commissioner,6,REP,Shaun Shumaker,341
Genesee,Fenton Township Precinct 2,County Treasurer,,DEM,Deborah Cherry,382
Genesee,Fenton Township Precinct 2,County Treasurer,,REP,Deborah Hoss,331
Genesee,Fenton Township Precinct 2,Drain Commissioner,,DEM,Jeff Wright,284
Genesee,Fenton Township Precinct 2,Drain Commissioner,,DEM,Travis R. Wines,113
Genesee,Fenton Township Precinct 2,Fenton Township Clerk,,REP,Robert E. Krug,340
Genesee,Fenton Township Precinct 2,Fenton Township Supervisor,,REP,Vince Lorraine,337
Genesee,Fenton Township Precinct 2,Fenton Township Treasurer,,REP,John R. Tucker,330
Genesee,Fenton Township Precinct 2,Fenton Township Trustee,,REP,Christine M. Reid,249
Genesee,Fenton Township Precinct 2,Fenton Township Trustee,,REP,Jay Edward Nussel (W),0
Genesee,Fenton Township Precinct 2,Fenton Township Trustee,,REP,Kenneth Charles Baran (W),1
Genesee,Fenton Township Precinct 2,Fenton Township Trustee,,REP,Mark Alan Goupil,269
Genesee,Fenton Township Precinct 2,Fenton Township Trustee,,REP,Michael Andrew Peraino (W),2
Genesee,Fenton Township Precinct 2,Fenton Township Trustee,,REP,Robert C. Kesler,269
Genesee,Fenton Township Precinct 2,Lake Fenton Community Schools Sinking Fund Millage Proposal,,,No,448
Genesee,Fenton Township Precinct 2,Lake Fenton Community Schools Sinking Fund Millage Proposal,,,Yes,444
Genesee,Fenton Township Precinct 2,Mass Transportation Authority Millage Replacement Proposal,,,No,442
Genesee,Fenton Township Precinct 2,Mass Transportation Authority Millage Replacement Proposal,,,Yes,437
Genesee,Fenton Township Precinct 2,Prosecuting Attorney,,DEM,David Leyton,306
Genesee,Fenton Township Precinct 2,Prosecuting Attorney,,DEM,Trachelle C. Young,120
Genesee,Fenton Township Precinct 2,Registered Voters,,,,1708
Genesee,Fenton Township Precinct 2,Sheriff,,DEM,Christopher R. Swanson,328
Genesee,Fenton Township Precinct 2,Sheriff,,DEM,Phil Hart,54
Genesee,Fenton Township Precinct 2,Sheriff,,DEM,Timothy Johnson,47
Genesee,Fenton Township Precinct 2,Sheriff,,REP,Stephen Sanford,318
Genesee,Fenton Township Precinct 2,State House,51,DEM,Brad May,178
Genesee,Fenton Township Precinct 2,State House,51,DEM,Conner Wallace,169
Genesee,Fenton Township Precinct 2,State House,51,REP,Mike Mueller,377
Genesee,Fenton Township Precinct 2,Surveyor,,DEM,Kim Carlson,353
Genesee,Fenton Township Precinct 2,U.S. House,5,DEM,Daniel T. Kildee,417
Genesee,Fenton Township Precinct 2,U.S. House,5,REP,Earl Lackie,84
Genesee,Fenton Township Precinct 2,U.S. House,5,REP,Tim Kelly,273
Genesee,Fenton Township Precinct 2,U.S. Senate,,DEM,Gary Peters,418
Genesee,Fenton Township Precinct 2,U.S. Senate,,REP,John James,385
Genesee,Fenton Township Precinct 3,Animal Control Shelter Millage Renewal Proposal,,,No,249
Genesee,Fenton Township Precinct 3,Animal Control Shelter Millage Renewal Proposal,,,Yes,434
Genesee,Fenton Township Precinct 3,Ballots Cast,,,,743
Genesee,Fenton Township Precinct 3,Circuit Court Judge,7,,Chris Christenson,212
Genesee,Fenton Township Precinct 3,Circuit Court Judge,7,,Herman Marable Jr.,61
Genesee,Fenton Township Precinct 3,Circuit Court Judge,7,,Stephanie Witucki,215
Genesee,Fenton Township Precinct 3,Clerk and Register of Deeds,,DEM,John J. Gleason,170
Genesee,Fenton Township Precinct 3,Clerk and Register of Deeds,,DEM,Renee' D. Watson,147
Genesee,Fenton Township Precinct 3,Clerk and Register of Deeds,,REP,Jesse Couch,296
Genesee,Fenton Township Precinct 3,County Commissioner,6,DEM,Timothy John Draeger (W),14
Genesee,Fenton Township Precinct 3,County Commissioner,6,REP,Shaun Shumaker,300
Genesee,Fenton Township Precinct 3,County Treasurer,,DEM,Deborah Cherry,300
Genesee,Fenton Township Precinct 3,County Treasurer,,REP,Deborah Hoss,294
Genesee,Fenton Township Precinct 3,Drain Commissioner,,DEM,Jeff Wright,198
Genesee,Fenton Township Precinct 3,Drain Commissioner,,DEM,Travis R. Wines,106
Genesee,Fenton Township Precinct 3,Fenton Township Clerk,,REP,Robert E. Krug,303
Genesee,Fenton Township Precinct 3,Fenton Township Supervisor,,REP,Vince Lorraine,298
Genesee,Fenton Township Precinct 3,Fenton Township Treasurer,,REP,John R. Tucker,297
Genesee,Fenton Township Precinct 3,Fenton Township Trustee,,REP,Christine M. Reid,265
Genesee,Fenton Township Precinct 3,Fenton Township Trustee,,REP,Jay Edward Nussel (W),0
Genesee,Fenton Township Precinct 3,Fenton Township Trustee,,REP,Kenneth Charles Baran (W),0
Genesee,Fenton Township Precinct 3,Fenton Township Trustee,,REP,Mark Alan Goupil,239
Genesee,Fenton Township Precinct 3,Fenton Township Trustee,,REP,Michael Andrew Peraino (W),0
Genesee,Fenton Township Precinct 3,Fenton Township Trustee,,REP,Robert C. Kesler,241
Genesee,Fenton Township Precinct 3,Mass Transportation Authority Millage Replacement Proposal,,,No,288
Genesee,Fenton Township Precinct 3,Mass Transportation Authority Millage Replacement Proposal,,,Yes,410
Genesee,Fenton Township Precinct 3,Prosecuting Attorney,,DEM,David Leyton,233
Genesee,Fenton Township Precinct 3,Prosecuting Attorney,,DEM,Trachelle C. Young,91
Genesee,Fenton Township Precinct 3,Registered Voters,,,,2509
Genesee,Fenton Township Precinct 3,Sheriff,,DEM,Christopher R. Swanson,264
Genesee,Fenton Township Precinct 3,Sheriff,,DEM,Phil Hart,42
Genesee,Fenton Township Precinct 3,Sheriff,,DEM,Timothy Johnson,23
Genesee,Fenton Township Precinct 3,Sheriff,,REP,Stephen Sanford,272
Genesee,Fenton Township Precinct 3,State House,51,DEM,Brad May,188
Genesee,Fenton Township Precinct 3,State House,51,DEM,Conner Wallace,96
Genesee,Fenton Township Precinct 3,State House,51,REP,Mike Mueller,347
Genesee,Fenton Township Precinct 3,Surveyor,,DEM,Kim Carlson,289
Genesee,Fenton Township Precinct 3,U.S. House,5,DEM,Daniel T. Kildee,319
Genesee,Fenton Township Precinct 3,U.S. House,5,REP,Earl Lackie,55
Genesee,Fenton Township Precinct 3,U.S. House,5,REP,Tim Kelly,255
Genesee,Fenton Township Precinct 3,U.S. Senate,,DEM,Gary Peters,314
Genesee,Fenton Township Precinct 3,U.S. Senate,,REP,John James,349
Genesee,Fenton Township Precinct 4,Animal Control Shelter Millage Renewal Proposal,,,No,218
Genesee,Fenton Township Precinct 4,Animal Control Shelter Millage Renewal Proposal,,,Yes,421
Genesee,Fenton Township Precinct 4,Ballots Cast,,,,692
Genesee,Fenton Township Precinct 4,Circuit Court Judge,7,,Chris Christenson,256
Genesee,Fenton Township Precinct 4,Circuit Court Judge,7,,Herman Marable Jr.,63
Genesee,Fenton Township Precinct 4,Circuit Court Judge,7,,Stephanie Witucki,160
Genesee,Fenton Township Precinct 4,Clerk and Register of Deeds,,DEM,John J. Gleason,151
Genesee,Fenton Township Precinct 4,Clerk and Register of Deeds,,DEM,Renee' D. Watson,134
Genesee,Fenton Township Precinct 4,Clerk and Register of Deeds,,REP,Jesse Couch,293
Genesee,Fenton Township Precinct 4,County Commissioner,6,DEM,Timothy John Draeger (W),13
Genesee,Fenton Township Precinct 4,County Commissioner,6,REP,Shaun Shumaker,285
Genesee,Fenton Township Precinct 4,County Treasurer,,DEM,Deborah Cherry,264
Genesee,Fenton Township Precinct 4,County Treasurer,,REP,Deborah Hoss,290
Genesee,Fenton Township Precinct 4,Drain Commissioner,,DEM,Jeff Wright,182
Genesee,Fenton Township Precinct 4,Drain Commissioner,,DEM,Travis R. Wines,76
Genesee,Fenton Township Precinct 4,Fenton Township Clerk,,REP,Robert E. Krug,300
Genesee,Fenton Township Precinct 4,Fenton Township Supervisor,,REP,Vince Lorraine,303
Genesee,Fenton Township Precinct 4,Fenton Township Treasurer,,REP,John R. Tucker,297
Genesee,Fenton Township Precinct 4,Fenton Township Trustee,,REP,Christine M. Reid,248
Genesee,Fenton Township Precinct 4,Fenton Township Trustee,,REP,Jay Edward Nussel (W),0
Genesee,Fenton Township Precinct 4,Fenton Township Trustee,,REP,Kenneth Charles Baran (W),0
Genesee,Fenton Township Precinct 4,Fenton Township Trustee,,REP,Mark Alan Goupil,245
Genesee,Fenton Township Precinct 4,Fenton Township Trustee,,REP,Michael Andrew Peraino (W),3
Genesee,Fenton Township Precinct 4,Fenton Township Trustee,,REP,Robert C. Kesler,236
Genesee,Fenton Township Precinct 4,Mass Transportation Authority Millage Replacement Proposal,,,No,252
Genesee,Fenton Township Precinct 4,Mass Transportation Authority Millage Replacement Proposal,,,Yes,397
Genesee,Fenton Township Precinct 4,Prosecuting Attorney,,DEM,David Leyton,210
Genesee,Fenton Township Precinct 4,Prosecuting Attorney,,DEM,Trachelle C. Young,81
Genesee,Fenton Township Precinct 4,Registered Voters,,,,1450
Genesee,Fenton Township Precinct 4,Sheriff,,DEM,Christopher R. Swanson,245
Genesee,Fenton Township Precinct 4,Sheriff,,DEM,Phil Hart,36
Genesee,Fenton Township Precinct 4,Sheriff,,DEM,Timothy Johnson,23
Genesee,Fenton Township Precinct 4,Sheriff,,REP,Stephen Sanford,274
Genesee,Fenton Township Precinct 4,State House,51,DEM,Brad May,137
Genesee,Fenton Township Precinct 4,State House,51,DEM,Conner Wallace,103
Genesee,Fenton Township Precinct 4,State House,51,REP,Mike Mueller,325
Genesee,Fenton Township Precinct 4,Surveyor,,DEM,Kim Carlson,247
Genesee,Fenton Township Precinct 4,U.S. House,5,DEM,Daniel T. Kildee,291
Genesee,Fenton Township Precinct 4,U.S. House,5,REP,Earl Lackie,73
Genesee,Fenton Township Precinct 4,U.S. House,5,REP,Tim Kelly,234
Genesee,Fenton Township Precinct 4,U.S. Senate,,DEM,Gary Peters,291
Genesee,Fenton Township Precinct 4,U.S. Senate,,REP,John James,333
Genesee,Fenton Township Precinct 5,Animal Control Shelter Millage Renewal Proposal,,,No,209
Genesee,Fenton Township Precinct 5,Animal Control Shelter Millage Renewal Proposal,,,Yes,453
Genesee,Fenton Township Precinct 5,Ballots Cast,,,,732
Genesee,Fenton Township Precinct 5,Circuit Court Judge,7,,Chris Christenson,227
Genesee,Fenton Township Precinct 5,Circuit Court Judge,7,,Herman Marable Jr.,84
Genesee,Fenton Township Precinct 5,Circuit Court Judge,7,,Stephanie Witucki,198
Genesee,Fenton Township Precinct 5,Clerk and Register of Deeds,,DEM,John J. Gleason,175
Genesee,Fenton Township Precinct 5,Clerk and Register of Deeds,,DEM,Renee' D. Watson,142
Genesee,Fenton Township Precinct 5,Clerk and Register of Deeds,,REP,Jesse Couch,283
Genesee,Fenton Township Precinct 5,County Commissioner,6,DEM,Timothy John Draeger (W),35
Genesee,Fenton Township Precinct 5,County Commissioner,6,REP,Shaun Shumaker,283
Genesee,Fenton Township Precinct 5,County Treasurer,,DEM,Deborah Cherry,297
Genesee,Fenton Township Precinct 5,County Treasurer,,REP,Deborah Hoss,282
Genesee,Fenton Township Precinct 5,Drain Commissioner,,DEM,Jeff Wright,197
Genesee,Fenton Township Precinct 5,Drain Commissioner,,DEM,Travis R. Wines,103
Genesee,Fenton Township Precinct 5,Fenton Township Clerk,,REP,Robert E. Krug,275
Genesee,Fenton Township Precinct 5,Fenton Township Supervisor,,REP,Vince Lorraine,282
Genesee,Fenton Township Precinct 5,Fenton Township Treasurer,,REP,John R. Tucker,277
Genesee,Fenton Township Precinct 5,Fenton Township Trustee,,REP,Christine M. Reid,227
Genesee,Fenton Township Precinct 5,Fenton Township Trustee,,REP,Jay Edward Nussel (W),2
Genesee,Fenton Township Precinct 5,Fenton Township Trustee,,REP,Kenneth Charles Baran (W),0
Genesee,Fenton Township Precinct 5,Fenton Township Trustee,,REP,Mark Alan Goupil,217
Genesee,Fenton Township Precinct 5,Fenton Township Trustee,,REP,Michael Andrew Peraino (W),3
Genesee,Fenton Township Precinct 5,Fenton Township Trustee,,REP,Robert C. Kesler,226
Genesee,Fenton Township Precinct 5,Mass Transportation Authority Millage Replacement Proposal,,,No,272
Genesee,Fenton Township Precinct 5,Mass Transportation Authority Millage Replacement Proposal,,,Yes,395
Genesee,Fenton Township Precinct 5,Prosecuting Attorney,,DEM,David Leyton,228
Genesee,Fenton Township Precinct 5,Prosecuting Attorney,,DEM,Trachelle C. Young,106
Genesee,Fenton Township Precinct 5,Registered Voters,,,,838
Genesee,Fenton Township Precinct 5,Sheriff,,DEM,Christopher R. Swanson,272
Genesee,Fenton Township Precinct 5,Sheriff,,DEM,Phil Hart,45
Genesee,Fenton Township Precinct 5,Sheriff,,DEM,Timothy Johnson,24
Genesee,Fenton Township Precinct 5,Sheriff,,REP,Stephen Sanford,269
Genesee,Fenton Township Precinct 5,State House,51,DEM,Brad May,183
Genesee,Fenton Township Precinct 5,State House,51,DEM,Conner Wallace,106
Genesee,Fenton Township Precinct 5,State House,51,REP,Mike Mueller,326
Genesee,Fenton Township Precinct 5,Surveyor,,DEM,Kim Carlson,284
Genesee,Fenton Township Precinct 5,U.S. House,5,DEM,Daniel T. Kildee,320
Genesee,Fenton Township Precinct 5,U.S. House,5,REP,Earl Lackie,35
Genesee,Fenton Township Precinct 5,U.S. House,5,REP,Tim Kelly,274
Genesee,Fenton Township Precinct 5,U.S. Senate,,DEM,Gary Peters,320
Genesee,Fenton Township Precinct 5,U.S. Senate,,REP,John James,328
Genesee,Fenton Township Precinct 6,Animal Control Shelter Millage Renewal Proposal,,,No,257
Genesee,Fenton Township Precinct 6,Animal Control Shelter Millage Renewal Proposal,,,Yes,558
Genesee,Fenton Township Precinct 6,Ballots Cast,,,,907
Genesee,Fenton Township Precinct 6,Circuit Court Judge,7,,Chris Christenson,323
Genesee,Fenton Township Precinct 6,Circuit Court Judge,7,,Herman Marable Jr.,57
Genesee,Fenton Township Precinct 6,Circuit Court Judge,7,,Stephanie Witucki,221
Genesee,Fenton Township Precinct 6,Clerk and Register of Deeds,,DEM,John J. Gleason,223
Genesee,Fenton Township Precinct 6,Clerk and Register of Deeds,,DEM,Renee' D. Watson,182
Genesee,Fenton Township Precinct 6,Clerk and Register of Deeds,,REP,Jesse Couch,324
Genesee,Fenton Township Precinct 6,County Commissioner,6,DEM,Timothy John Draeger (W),19
Genesee,Fenton Township Precinct 6,County Commissioner,6,REP,Shaun Shumaker,334
Genesee,Fenton Township Precinct 6,County Treasurer,,DEM,Deborah Cherry,364
Genesee,Fenton Township Precinct 6,County Treasurer,,REP,Deborah Hoss,325
Genesee,Fenton Township Precinct 6,Drain Commissioner,,DEM,Jeff Wright,296
Genesee,Fenton Township Precinct 6,Drain Commissioner,,DEM,Travis R. Wines,82
Genesee,Fenton Township Precinct 6,Fenton Township Clerk,,REP,Robert E. Krug,341
Genesee,Fenton Township Precinct 6,Fenton Township Supervisor,,REP,Vince Lorraine,340
Genesee,Fenton Township Precinct 6,Fenton Township Treasurer,,REP,John R. Tucker,333
Genesee,Fenton Township Precinct 6,Fenton Township Trustee,,REP,Christine M. Reid,254
Genesee,Fenton Township Precinct 6,Fenton Township Trustee,,REP,Jay Edward Nussel (W),0
Genesee,Fenton Township Precinct 6,Fenton Township Trustee,,REP,Kenneth Charles Baran (W),1
Genesee,Fenton Township Precinct 6,Fenton Township Trustee,,REP,Mark Alan Goupil,264
Genesee,Fenton Township Precinct 6,Fenton Township Trustee,,REP,Michael Andrew Peraino (W),2
Genesee,Fenton Township Precinct 6,Fenton Township Trustee,,REP,Robert C. Kesler,272
Genesee,Fenton Township Precinct 6,Lake Fenton Community Schools Sinking Fund Millage Proposal,,,No,415
Genesee,Fenton Township Precinct 6,Lake Fenton Community Schools Sinking Fund Millage Proposal,,,Yes,466
Genesee,Fenton Township Precinct 6,Mass Transportation Authority Millage Replacement Proposal,,,No,369
Genesee,Fenton Township Precinct 6,Mass Transportation Authority Millage Replacement Proposal,,,Yes,486
Genesee,Fenton Township Precinct 6,Prosecuting Attorney,,DEM,David Leyton,310
Genesee,Fenton Township Precinct 6,Prosecuting Attorney,,DEM,Trachelle C. Young,107
Genesee,Fenton Township Precinct 6,Registered Voters,,,,1627
Genesee,Fenton Township Precinct 6,Sheriff,,DEM,Christopher R. Swanson,338
Genesee,Fenton Township Precinct 6,Sheriff,,DEM,Phil Hart,62
Genesee,Fenton Township Precinct 6,Sheriff,,DEM,Timothy Johnson,22
Genesee,Fenton Township Precinct 6,Sheriff,,REP,Stephen Sanford,295
Genesee,Fenton Township Precinct 6,State House,51,DEM,Brad May,161
Genesee,Fenton Township Precinct 6,State House,51,DEM,Conner Wallace,157
Genesee,Fenton Township Precinct 6,State House,51,REP,Mike Mueller,379
Genesee,Fenton Township Precinct 6,Surveyor,,DEM,Kim Carlson,331
Genesee,Fenton Township Precinct 6,U.S. House,5,DEM,Daniel T. Kildee,404
Genesee,Fenton Township Precinct 6,U.S. House,5,REP,Earl Lackie,77
Genesee,Fenton Township Precinct 6,U.S. House,5,REP,Tim Kelly,266
Genesee,Fenton Township Precinct 6,U.S. Senate,,DEM,Gary Peters,395
Genesee,Fenton Township Precinct 6,U.S. Senate,,REP,John James,389
Genesee,Flint Township Precinct 1,Animal Control Shelter Millage Renewal Proposal,,,No,211
Genesee,Flint Township Precinct 1,Animal Control Shelter Millage Renewal Proposal,,,Yes,537
Genesee,Flint Township Precinct 1,Ballots Cast,,,,839
Genesee,Flint Township Precinct 1,Circuit Court Judge,7,,Chris Christenson,262
Genesee,Flint Township Precinct 1,Circuit Court Judge,7,,Herman Marable Jr.,290
Genesee,Flint Township Precinct 1,Circuit Court Judge,7,,Stephanie Witucki,108
Genesee,Flint Township Precinct 1,Clerk and Register of Deeds,,DEM,John J. Gleason,377
Genesee,Flint Township Precinct 1,Clerk and Register of Deeds,,DEM,Renee' D. Watson,300
Genesee,Flint Township Precinct 1,Clerk and Register of Deeds,,REP,Jesse Couch,84
Genesee,Flint Township Precinct 1,County Commissioner,8,DEM,Debra Newman,375
Genesee,Flint Township Precinct 1,County Commissioner,8,DEM,Ted Henry,268
Genesee,Flint Township Precinct 1,County Commissioner,8,REP,Rod Shumaker,85
Genesee,Flint Township Precinct 1,County Treasurer,,DEM,Deborah Cherry,623
Genesee,Flint Township Precinct 1,County Treasurer,,REP,Deborah Hoss,81
Genesee,Flint Township Precinct 1,Drain Commissioner,,DEM,Jeff Wright,531
Genesee,Flint Township Precinct 1,Drain Commissioner,,DEM,Travis R. Wines,137
Genesee,Flint Township Precinct 1,Flint Township Clerk,,DEM,Kathy Funk,315
Genesee,Flint Township Precinct 1,Flint Township Clerk,,DEM,Manya Triplett,345
Genesee,Flint Township Precinct 1,Flint Township Fire Safety Protection Equipment Renewal,,,No,124
Genesee,Flint Township Precinct 1,Flint Township Fire Safety Protection Equipment Renewal,,,Yes,679
Genesee,Flint Township Precinct 1,Flint Township Supervisor,,DEM,Karyn L. Miller,608
Genesee,Flint Township Precinct 1,Flint Township Treasurer,,DEM,Lisa R. Anderson,606
Genesee,Flint Township Precinct 1,Flint Township Trustee,,DEM,Barbara Vert,358
Genesee,Flint Township Precinct 1,Flint Township Trustee,,DEM,Carol Pfaff Dahl,435
Genesee,Flint Township Precinct 1,Flint Township Trustee,,DEM,Cracha L. Handy,148
Genesee,Flint Township Precinct 1,Flint Township Trustee,,DEM,Debbe Campbell,272
Genesee,Flint Township Precinct 1,Flint Township Trustee,,DEM,Frank Kasle,325
Genesee,Flint Township Precinct 1,Flint Township Trustee,,DEM,George J. Menoutes,307
Genesee,Flint Township Precinct 1,Flint Township Trustee,,DEM,Tom Klee,285
Genesee,Flint Township Precinct 1,Flint Township Trustee,,REP,David Huffman,78
Genesee,Flint Township Precinct 1,Mass Transportation Authority Millage Replacement Proposal,,,No,219
Genesee,Flint Township Precinct 1,Mass Transportation Authority Millage Replacement Proposal,,,Yes,583
Genesee,Flint Township Precinct 1,Prosecuting Attorney,,DEM,David Leyton,411
Genesee,Flint Township Precinct 1,Prosecuting Attorney,,DEM,Trachelle C. Young,282
Genesee,Flint Township Precinct 1,Registered Voters,,,,1821
Genesee,Flint Township Precinct 1,Sheriff,,DEM,Christopher R. Swanson,453
Genesee,Flint Township Precinct 1,Sheriff,,DEM,Phil Hart,65
Genesee,Flint Township Precinct 1,Sheriff,,DEM,Timothy Johnson,173
Genesee,Flint Township Precinct 1,Sheriff,,REP,Stephen Sanford,82
Genesee,Flint Township Precinct 1,State House,49,DEM,John D. Cherry,640
Genesee,Flint Township Precinct 1,State House,49,REP,Bryan Lutz,87
Genesee,Flint Township Precinct 1,Surveyor,,DEM,Kim Carlson,597
Genesee,Flint Township Precinct 1,U.S. House,5,DEM,Daniel T. Kildee,657
Genesee,Flint Township Precinct 1,U.S. House,5,REP,Earl Lackie,19
Genesee,Flint Township Precinct 1,U.S. House,5,REP,Tim Kelly,65
Genesee,Flint Township Precinct 1,U.S. Senate,,DEM,Gary Peters,647
Genesee,Flint Township Precinct 1,U.S. Senate,,REP,John James,97
Genesee,Flint Township Precinct 10,Animal Control Shelter Millage Renewal Proposal,,,No,71
Genesee,Flint Township Precinct 10,Animal Control Shelter Millage Renewal Proposal,,,Yes,221
Genesee,Flint Township Precinct 10,Ballots Cast,,,,347
Genesee,Flint Township Precinct 10,Circuit Court Judge,7,,Chris Christenson,95
Genesee,Flint Township Precinct 10,Circuit Court Judge,7,,Herman Marable Jr.,91
Genesee,Flint Township Precinct 10,Circuit Court Judge,7,,Stephanie Witucki,74
Genesee,Flint Township Precinct 10,Clerk and Register of Deeds,,DEM,John J. Gleason,161
Genesee,Flint Township Precinct 10,Clerk and Register of Deeds,,DEM,Renee' D. Watson,105
Genesee,Flint Township Precinct 10,Clerk and Register of Deeds,,REP,Jesse Couch,42
Genesee,Flint Township Precinct 10,County Commissioner,4,DEM,Domonique Clemons,125
Genesee,Flint Township Precinct 10,County Commissioner,4,DEM,Donald Wright,131
Genesee,Flint Township Precinct 10,County Commissioner,4,REP,Anthony O'Neal Wilson (W),0
Genesee,Flint Township Precinct 10,County Treasurer,,DEM,Deborah Cherry,238
Genesee,Flint Township Precinct 10,County Treasurer,,REP,Deborah Hoss,41
Genesee,Flint Township Precinct 10,Drain Commissioner,,DEM,Jeff Wright,193
Genesee,Flint Township Precinct 10,Drain Commissioner,,DEM,Travis R. Wines,66
Genesee,Flint Township Precinct 10,Flint Township Clerk,,DEM,Kathy Funk,137
Genesee,Flint Township Precinct 10,Flint Township Clerk,,DEM,Manya Triplett,106
Genesee,Flint Township Precinct 10,Flint Township Fire Safety Protection Equipment Renewal,,,No,51
Genesee,Flint Township Precinct 10,Flint Township Fire Safety Protection Equipment Renewal,,,Yes,274
Genesee,Flint Township Precinct 10,Flint Township Supervisor,,DEM,Karyn L. Miller,231
Genesee,Flint Township Precinct 10,Flint Township Treasurer,,DEM,Lisa R. Anderson,222
Genesee,Flint Township Precinct 10,Flint Township Trustee,,DEM,Barbara Vert,164
Genesee,Flint Township Precinct 10,Flint Township Trustee,,DEM,Carol Pfaff Dahl,150
Genesee,Flint Township Precinct 10,Flint Township Trustee,,DEM,Cracha L. Handy,72
Genesee,Flint Township Precinct 10,Flint Township Trustee,,DEM,Debbe Campbell,114
Genesee,Flint Township Precinct 10,Flint Township Trustee,,DEM,Frank Kasle,87
Genesee,Flint Township Precinct 10,Flint Township Trustee,,DEM,George J. Menoutes,101
Genesee,Flint Township Precinct 10,Flint Township Trustee,,DEM,Tom Klee,119
Genesee,Flint Township Precinct 10,Flint Township Trustee,,REP,David Huffman,38
Genesee,Flint Township Precinct 10,Mass Transportation Authority Millage Replacement Proposal,,,No,84
Genesee,Flint Township Precinct 10,Mass Transportation Authority Millage Replacement Proposal,,,Yes,236
Genesee,Flint Township Precinct 10,Prosecuting Attorney,,DEM,David Leyton,177
Genesee,Flint Township Precinct 10,Prosecuting Attorney,,DEM,Trachelle C. Young,90
Genesee,Flint Township Precinct 10,Registered Voters,,,,1066
Genesee,Flint Township Precinct 10,Sheriff,,DEM,Christopher R. Swanson,180
Genesee,Flint Township Precinct 10,Sheriff,,DEM,Phil Hart,25
Genesee,Flint Township Precinct 10,Sheriff,,DEM,Timothy Johnson,60
Genesee,Flint Township Precinct 10,Sheriff,,REP,Stephen Sanford,41
Genesee,Flint Township Precinct 10,State House,49,DEM,John D. Cherry,251
Genesee,Flint Township Precinct 10,State House,49,REP,Bryan Lutz,46
Genesee,Flint Township Precinct 10,Surveyor,,DEM,Kim Carlson,229
Genesee,Flint Township Precinct 10,U.S. House,5,DEM,Daniel T. Kildee,255
Genesee,Flint Township Precinct 10,U.S. House,5,REP,Earl Lackie,8
Genesee,Flint Township Precinct 10,U.S. House,5,REP,Tim Kelly,41
Genesee,Flint Township Precinct 10,U.S. Senate,,DEM,Gary Peters,247
Genesee,Flint Township Precinct 10,U.S. Senate,,REP,John James,47
Genesee,Flint Township Precinct 11,Animal Control Shelter Millage Renewal Proposal,,,No,87
Genesee,Flint Township Precinct 11,Animal Control Shelter Millage Renewal Proposal,,,Yes,212
Genesee,Flint Township Precinct 11,Ballots Cast,,,,343
Genesee,Flint Township Precinct 11,Circuit Court Judge,7,,Chris Christenson,99
Genesee,Flint Township Precinct 11,Circuit Court Judge,7,,Herman Marable Jr.,88
Genesee,Flint Township Precinct 11,Circuit Court Judge,7,,Stephanie Witucki,47
Genesee,Flint Township Precinct 11,Clerk and Register of Deeds,,DEM,John J. Gleason,160
Genesee,Flint Township Precinct 11,Clerk and Register of Deeds,,DEM,Renee' D. Watson,97
Genesee,Flint Township Precinct 11,Clerk and Register of Deeds,,REP,Jesse Couch,41
Genesee,Flint Township Precinct 11,County Commissioner,4,DEM,Domonique Clemons,122
Genesee,Flint Township Precinct 11,County Commissioner,4,DEM,Donald Wright,115
Genesee,Flint Township Precinct 11,County Commissioner,4,REP,Anthony O'Neal Wilson (W),0
Genesee,Flint Township Precinct 11,County Treasurer,,DEM,Deborah Cherry,242
Genesee,Flint Township Precinct 11,County Treasurer,,REP,Deborah Hoss,39
Genesee,Flint Township Precinct 11,Drain Commissioner,,DEM,Jeff Wright,190
Genesee,Flint Township Precinct 11,Drain Commissioner,,DEM,Travis R. Wines,57
Genesee,Flint Township Precinct 11,Flint Township Clerk,,DEM,Kathy Funk,154
Genesee,Flint Township Precinct 11,Flint Township Clerk,,DEM,Manya Triplett,94
Genesee,Flint Township Precinct 11,Flint Township Fire Safety Protection Equipment Renewal,,,No,66
Genesee,Flint Township Precinct 11,Flint Township Fire Safety Protection Equipment Renewal,,,Yes,262
Genesee,Flint Township Precinct 11,Flint Township Supervisor,,DEM,Karyn L. Miller,246
Genesee,Flint Township Precinct 11,Flint Township Treasurer,,DEM,Lisa R. Anderson,235
Genesee,Flint Township Precinct 11,Flint Township Trustee,,DEM,Barbara Vert,154
Genesee,Flint Township Precinct 11,Flint Township Trustee,,DEM,Carol Pfaff Dahl,136
Genesee,Flint Township Precinct 11,Flint Township Trustee,,DEM,Cracha L. Handy,59
Genesee,Flint Township Precinct 11,Flint Township Trustee,,DEM,Debbe Campbell,115
Genesee,Flint Township Precinct 11,Flint Township Trustee,,DEM,Frank Kasle,96
Genesee,Flint Township Precinct 11,Flint Township Trustee,,DEM,George J. Menoutes,100
Genesee,Flint Township Precinct 11,Flint Township Trustee,,DEM,Tom Klee,151
Genesee,Flint Township Precinct 11,Flint Township Trustee,,REP,David Huffman,30
Genesee,Flint Township Precinct 11,Mass Transportation Authority Millage Replacement Proposal,,,No,98
Genesee,Flint Township Precinct 11,Mass Transportation Authority Millage Replacement Proposal,,,Yes,218
Genesee,Flint Township Precinct 11,Prosecuting Attorney,,DEM,David Leyton,177
Genesee,Flint Township Precinct 11,Prosecuting Attorney,,DEM,Trachelle C. Young,86
Genesee,Flint Township Precinct 11,Registered Voters,,,,1093
Genesee,Flint Township Precinct 11,Sheriff,,DEM,Christopher R. Swanson,191
Genesee,Flint Township Precinct 11,Sheriff,,DEM,Phil Hart,32
Genesee,Flint Township Precinct 11,Sheriff,,DEM,Timothy Johnson,36
Genesee,Flint Township Precinct 11,Sheriff,,REP,Stephen Sanford,39
Genesee,Flint Township Precinct 11,State House,49,DEM,John D. Cherry,251
Genesee,Flint Township Precinct 11,State House,49,REP,Bryan Lutz,43
Genesee,Flint Township Precinct 11,Surveyor,,DEM,Kim Carlson,244
Genesee,Flint Township Precinct 11,U.S. House,5,DEM,Daniel T. Kildee,254
Genesee,Flint Township Precinct 11,U.S. House,5,REP,Earl Lackie,11
Genesee,Flint Township Precinct 11,U.S. House,5,REP,Tim Kelly,28
Genesee,Flint Township Precinct 11,U.S. Senate,,DEM,Gary Peters,253
Genesee,Flint Township Precinct 11,U.S. Senate,,REP,John James,45
Genesee,Flint Township Precinct 12,Animal Control Shelter Millage Renewal Proposal,,,No,94
Genesee,Flint Township Precinct 12,Animal Control Shelter Millage Renewal Proposal,,,Yes,261
Genesee,Flint Township Precinct 12,Ballots Cast,,,,400
Genesee,Flint Township Precinct 12,Circuit Court Judge,7,,Chris Christenson,145
Genesee,Flint Township Precinct 12,Circuit Court Judge,7,,Herman Marable Jr.,56
Genesee,Flint Township Precinct 12,Circuit Court Judge,7,,Stephanie Witucki,83
Genesee,Flint Township Precinct 12,Clerk and Register of Deeds,,DEM,John J. Gleason,181
Genesee,Flint Township Precinct 12,Clerk and Register of Deeds,,DEM,Renee' D. Watson,79
Genesee,Flint Township Precinct 12,Clerk and Register of Deeds,,REP,Jesse Couch,82
Genesee,Flint Township Precinct 12,County Commissioner,4,DEM,Domonique Clemons,97
Genesee,Flint Township Precinct 12,County Commissioner,4,DEM,Donald Wright,156
Genesee,Flint Township Precinct 12,County Commissioner,4,REP,Anthony O'Neal Wilson (W),0
Genesee,Flint Township Precinct 12,County Treasurer,,DEM,Deborah Cherry,240
Genesee,Flint Township Precinct 12,County Treasurer,,REP,Deborah Hoss,82
Genesee,Flint Township Precinct 12,Drain Commissioner,,DEM,Jeff Wright,181
Genesee,Flint Township Precinct 12,Drain Commissioner,,DEM,Travis R. Wines,70
Genesee,Flint Township Precinct 12,Flint Township Clerk,,DEM,Kathy Funk,161
Genesee,Flint Township Precinct 12,Flint Township Clerk,,DEM,Manya Triplett,80
Genesee,Flint Township Precinct 12,Flint Township Fire Safety Protection Equipment Renewal,,,No,52
Genesee,Flint Township Precinct 12,Flint Township Fire Safety Protection Equipment Renewal,,,Yes,327
Genesee,Flint Township Precinct 12,Flint Township Supervisor,,DEM,Karyn L. Miller,237
Genesee,Flint Township Precinct 12,Flint Township Treasurer,,DEM,Lisa R. Anderson,233
Genesee,Flint Township Precinct 12,Flint Township Trustee,,DEM,Barbara Vert,155
Genesee,Flint Township Precinct 12,Flint Township Trustee,,DEM,Carol Pfaff Dahl,149
Genesee,Flint Township Precinct 12,Flint Township Trustee,,DEM,Cracha L. Handy,57
Genesee,Flint Township Precinct 12,Flint Township Trustee,,DEM,Debbe Campbell,126
Genesee,Flint Township Precinct 12,Flint Township Trustee,,DEM,Frank Kasle,95
Genesee,Flint Township Precinct 12,Flint Township Trustee,,DEM,George J. Menoutes,110
Genesee,Flint Township Precinct 12,Flint Township Trustee,,DEM,Tom Klee,127
Genesee,Flint Township Precinct 12,Flint Township Trustee,,REP,David Huffman,78
Genesee,Flint Township Precinct 12,Mass Transportation Authority Millage Replacement Proposal,,,No,124
Genesee,Flint Township Precinct 12,Mass Transportation Authority Millage Replacement Proposal,,,Yes,252
Genesee,Flint Township Precinct 12,Prosecuting Attorney,,DEM,David Leyton,196
Genesee,Flint Township Precinct 12,Prosecuting Attorney,,DEM,Trachelle C. Young,64
Genesee,Flint Township Precinct 12,Registered Voters,,,,1520
Genesee,Flint Township Precinct 12,Sheriff,,DEM,Christopher R. Swanson,196
Genesee,Flint Township Precinct 12,Sheriff,,DEM,Phil Hart,52
Genesee,Flint Township Precinct 12,Sheriff,,DEM,Timothy Johnson,22
Genesee,Flint Township Precinct 12,Sheriff,,REP,Stephen Sanford,77
Genesee,Flint Township Precinct 12,State House,49,DEM,John D. Cherry,246
Genesee,Flint Township Precinct 12,State House,49,REP,Bryan Lutz,86
Genesee,Flint Township Precinct 12,Surveyor,,DEM,Kim Carlson,229
Genesee,Flint Township Precinct 12,U.S. House,5,DEM,Daniel T. Kildee,251
Genesee,Flint Township Precinct 12,U.S. House,5,REP,Earl Lackie,12
Genesee,Flint Township Precinct 12,U.S. House,5,REP,Tim Kelly,78
Genesee,Flint Township Precinct 12,U.S. Senate,,DEM,Gary Peters,249
Genesee,Flint Township Precinct 12,U.S. Senate,,REP,John James,92
Genesee,Flint Township Precinct 13,Animal Control Shelter Millage Renewal Proposal,,,No,72
Genesee,Flint Township Precinct 13,Animal Control Shelter Millage Renewal Proposal,,,Yes,242
Genesee,Flint Township Precinct 13,Ballots Cast,,,,357
Genesee,Flint Township Precinct 13,Circuit Court Judge,7,,Chris Christenson,98
Genesee,Flint Township Precinct 13,Circuit Court Judge,7,,Herman Marable Jr.,80
Genesee,Flint Township Precinct 13,Circuit Court Judge,7,,Stephanie Witucki,81
Genesee,Flint Township Precinct 13,Clerk and Register of Deeds,,DEM,John J. Gleason,170
Genesee,Flint Township Precinct 13,Clerk and Register of Deeds,,DEM,Renee' D. Watson,79
Genesee,Flint Township Precinct 13,Clerk and Register of Deeds,,REP,Jesse Couch,63
Genesee,Flint Township Precinct 13,County Commissioner,4,DEM,Domonique Clemons,115
Genesee,Flint Township Precinct 13,County Commissioner,4,DEM,Donald Wright,116
Genesee,Flint Township Precinct 13,County Commissioner,4,REP,Anthony O'Neal Wilson (W),0
Genesee,Flint Township Precinct 13,County Treasurer,,DEM,Deborah Cherry,237
Genesee,Flint Township Precinct 13,County Treasurer,,REP,Deborah Hoss,62
Genesee,Flint Township Precinct 13,Drain Commissioner,,DEM,Jeff Wright,194
Genesee,Flint Township Precinct 13,Drain Commissioner,,DEM,Travis R. Wines,41
Genesee,Flint Township Precinct 13,Flint Township Clerk,,DEM,Kathy Funk,146
Genesee,Flint Township Precinct 13,Flint Township Clerk,,DEM,Manya Triplett,87
Genesee,Flint Township Precinct 13,Flint Township Fire Safety Protection Equipment Renewal,,,No,57
Genesee,Flint Township Precinct 13,Flint Township Fire Safety Protection Equipment Renewal,,,Yes,279
Genesee,Flint Township Precinct 13,Flint Township Supervisor,,DEM,Karyn L. Miller,229
Genesee,Flint Township Precinct 13,Flint Township Treasurer,,DEM,Lisa R. Anderson,222
Genesee,Flint Township Precinct 13,Flint Township Trustee,,DEM,Barbara Vert,175
Genesee,Flint Township Precinct 13,Flint Township Trustee,,DEM,Carol Pfaff Dahl,159
Genesee,Flint Township Precinct 13,Flint Township Trustee,,DEM,Cracha L. Handy,54
Genesee,Flint Township Precinct 13,Flint Township Trustee,,DEM,Debbe Campbell,89
Genesee,Flint Township Precinct 13,Flint Township Trustee,,DEM,Frank Kasle,80
Genesee,Flint Township Precinct 13,Flint Township Trustee,,DEM,George J. Menoutes,98
Genesee,Flint Township Precinct 13,Flint Township Trustee,,DEM,Tom Klee,155
Genesee,Flint Township Precinct 13,Flint Township Trustee,,REP,David Huffman,54
Genesee,Flint Township Precinct 13,Mass Transportation Authority Millage Replacement Proposal,,,No,99
Genesee,Flint Township Precinct 13,Mass Transportation Authority Millage Replacement Proposal,,,Yes,234
Genesee,Flint Township Precinct 13,Prosecuting Attorney,,DEM,David Leyton,184
Genesee,Flint Township Precinct 13,Prosecuting Attorney,,DEM,Trachelle C. Young,64
Genesee,Flint Township Precinct 13,Registered Voters,,,,997
Genesee,Flint Township Precinct 13,Sheriff,,DEM,Christopher R. Swanson,181
Genesee,Flint Township Precinct 13,Sheriff,,DEM,Phil Hart,29
Genesee,Flint Township Precinct 13,Sheriff,,DEM,Timothy Johnson,43
Genesee,Flint Township Precinct 13,Sheriff,,REP,Stephen Sanford,61
Genesee,Flint Township Precinct 13,State House,49,DEM,John D. Cherry,233
Genesee,Flint Township Precinct 13,State House,49,REP,Bryan Lutz,71
Genesee,Flint Township Precinct 13,Surveyor,,DEM,Kim Carlson,222
Genesee,Flint Township Precinct 13,U.S. House,5,DEM,Daniel T. Kildee,234
Genesee,Flint Township Precinct 13,U.S. House,5,REP,Earl Lackie,20
Genesee,Flint Township Precinct 13,U.S. House,5,REP,Tim Kelly,48
Genesee,Flint Township Precinct 13,U.S. Senate,,DEM,Gary Peters,231
Genesee,Flint Township Precinct 13,U.S. Senate,,REP,John James,74
Genesee,Flint Township Precinct 14,Animal Control Shelter Millage Renewal Proposal,,,No,119
Genesee,Flint Township Precinct 14,Animal Control Shelter Millage Renewal Proposal,,,Yes,330
Genesee,Flint Township Precinct 14,Ballots Cast,,,,485
Genesee,Flint Township Precinct 14,Circuit Court Judge,7,,Chris Christenson,140
Genesee,Flint Township Precinct 14,Circuit Court Judge,7,,Herman Marable Jr.,104
Genesee,Flint Township Precinct 14,Circuit Court Judge,7,,Stephanie Witucki,107
Genesee,Flint Township Precinct 14,Clerk and Register of Deeds,,DEM,John J. Gleason,227
Genesee,Flint Township Precinct 14,Clerk and Register of Deeds,,DEM,Renee' D. Watson,106
Genesee,Flint Township Precinct 14,Clerk and Register of Deeds,,REP,Jesse Couch,92
Genesee,Flint Township Precinct 14,County Commissioner,4,DEM,Domonique Clemons,131
Genesee,Flint Township Precinct 14,County Commissioner,4,DEM,Donald Wright,192
Genesee,Flint Township Precinct 14,County Commissioner,4,REP,Anthony O'Neal Wilson (W),0
Genesee,Flint Township Precinct 14,County Treasurer,,DEM,Deborah Cherry,316
Genesee,Flint Township Precinct 14,County Treasurer,,REP,Deborah Hoss,88
Genesee,Flint Township Precinct 14,Drain Commissioner,,DEM,Jeff Wright,216
Genesee,Flint Township Precinct 14,Drain Commissioner,,DEM,Travis R. Wines,103
Genesee,Flint Township Precinct 14,Flint Township Clerk,,DEM,Kathy Funk,170
Genesee,Flint Township Precinct 14,Flint Township Clerk,,DEM,Manya Triplett,145
Genesee,Flint Township Precinct 14,Flint Township Fire Safety Protection Equipment Renewal,,,No,92
Genesee,Flint Township Precinct 14,Flint Township Fire Safety Protection Equipment Renewal,,,Yes,382
Genesee,Flint Township Precinct 14,Flint Township Supervisor,,DEM,Karyn L. Miller,312
Genesee,Flint Township Precinct 14,Flint Township Treasurer,,DEM,Lisa R. Anderson,306
Genesee,Flint Township Precinct 14,Flint Township Trustee,,DEM,Barbara Vert,215
Genesee,Flint Township Precinct 14,Flint Township Trustee,,DEM,Carol Pfaff Dahl,197
Genesee,Flint Township Precinct 14,Flint Township Trustee,,DEM,Cracha L. Handy,78
Genesee,Flint Township Precinct 14,Flint Township Trustee,,DEM,Debbe Campbell,154
Genesee,Flint Township Precinct 14,Flint Township Trustee,,DEM,Frank Kasle,124
Genesee,Flint Township Precinct 14,Flint Township Trustee,,DEM,George J. Menoutes,120
Genesee,Flint Township Precinct 14,Flint Township Trustee,,DEM,Tom Klee,195
Genesee,Flint Township Precinct 14,Flint Township Trustee,,REP,David Huffman,82
Genesee,Flint Township Precinct 14,Mass Transportation Authority Millage Replacement Proposal,,,No,153
Genesee,Flint Township Precinct 14,Mass Transportation Authority Millage Replacement Proposal,,,Yes,311
Genesee,Flint Township Precinct 14,Prosecuting Attorney,,DEM,David Leyton,241
Genesee,Flint Township Precinct 14,Prosecuting Attorney,,DEM,Trachelle C. Young,102
Genesee,Flint Township Precinct 14,Registered Voters,,,,1828
Genesee,Flint Township Precinct 14,Sheriff,,DEM,Christopher R. Swanson,252
Genesee,Flint Township Precinct 14,Sheriff,,DEM,Phil Hart,44
Genesee,Flint Township Precinct 14,Sheriff,,DEM,Timothy Johnson,44
Genesee,Flint Township Precinct 14,Sheriff,,REP,Stephen Sanford,73
Genesee,Flint Township Precinct 14,State House,49,DEM,John D. Cherry,324
Genesee,Flint Township Precinct 14,State House,49,REP,Bryan Lutz,97
Genesee,Flint Township Precinct 14,Surveyor,,DEM,Kim Carlson,310
Genesee,Flint Township Precinct 14,U.S. House,5,DEM,Daniel T. Kildee,330
Genesee,Flint Township Precinct 14,U.S. House,5,REP,Earl Lackie,20
Genesee,Flint Township Precinct 14,U.S. House,5,REP,Tim Kelly,76
Genesee,Flint Township Precinct 14,U.S. Senate,,DEM,Gary Peters,327
Genesee,Flint Township Precinct 14,U.S. Senate,,REP,John James,98
Genesee,Flint Township Precinct 15,Animal Control Shelter Millage Renewal Proposal,,,No,122
Genesee,Flint Township Precinct 15,Animal Control Shelter Millage Renewal Proposal,,,Yes,297
Genesee,Flint Township Precinct 15,Ballots Cast,,,,470
Genesee,Flint Township Precinct 15,Circuit Court Judge,7,,Chris Christenson,147
Genesee,Flint Township Precinct 15,Circuit Court Judge,7,,Herman Marable Jr.,71
Genesee,Flint Township Precinct 15,Circuit Court Judge,7,,Stephanie Witucki,99
Genesee,Flint Township Precinct 15,Clerk and Register of Deeds,,DEM,John J. Gleason,195
Genesee,Flint Township Precinct 15,Clerk and Register of Deeds,,DEM,Renee' D. Watson,113
Genesee,Flint Township Precinct 15,Clerk and Register of Deeds,,REP,Jesse Couch,84
Genesee,Flint Township Precinct 15,County Commissioner,4,DEM,Domonique Clemons,125
Genesee,Flint Township Precinct 15,County Commissioner,4,DEM,Donald Wright,170
Genesee,Flint Township Precinct 15,County Commissioner,4,REP,Anthony O'Neal Wilson (W),0
Genesee,Flint Township Precinct 15,County Treasurer,,DEM,Deborah Cherry,289
Genesee,Flint Township Precinct 15,County Treasurer,,REP,Deborah Hoss,87
Genesee,Flint Township Precinct 15,Drain Commissioner,,DEM,Jeff Wright,238
Genesee,Flint Township Precinct 15,Drain Commissioner,,DEM,Travis R. Wines,61
Genesee,Flint Township Precinct 15,Flint Township Clerk,,DEM,Kathy Funk,198
Genesee,Flint Township Precinct 15,Flint Township Clerk,,DEM,Manya Triplett,89
Genesee,Flint Township Precinct 15,Flint Township Fire Safety Protection Equipment Renewal,,,No,80
Genesee,Flint Township Precinct 15,Flint Township Fire Safety Protection Equipment Renewal,,,Yes,367
Genesee,Flint Township Precinct 15,Flint Township Supervisor,,DEM,Karyn L. Miller,281
Genesee,Flint Township Precinct 15,Flint Township Treasurer,,DEM,Lisa R. Anderson,267
Genesee,Flint Township Precinct 15,Flint Township Trustee,,DEM,Barbara Vert,194
Genesee,Flint Township Precinct 15,Flint Township Trustee,,DEM,Carol Pfaff Dahl,152
Genesee,Flint Township Precinct 15,Flint Township Trustee,,DEM,Cracha L. Handy,56
Genesee,Flint Township Precinct 15,Flint Township Trustee,,DEM,Debbe Campbell,162
Genesee,Flint Township Precinct 15,Flint Township Trustee,,DEM,Frank Kasle,90
Genesee,Flint Township Precinct 15,Flint Township Trustee,,DEM,George J. Menoutes,107
Genesee,Flint Township Precinct 15,Flint Township Trustee,,DEM,Tom Klee,178
Genesee,Flint Township Precinct 15,Flint Township Trustee,,REP,David Huffman,71
Genesee,Flint Township Precinct 15,Mass Transportation Authority Millage Replacement Proposal,,,No,173
Genesee,Flint Township Precinct 15,Mass Transportation Authority Millage Replacement Proposal,,,Yes,271
Genesee,Flint Township Precinct 15,Prosecuting Attorney,,DEM,David Leyton,239
Genesee,Flint Township Precinct 15,Prosecuting Attorney,,DEM,Trachelle C. Young,76
Genesee,Flint Township Precinct 15,Registered Voters,,,,1604
Genesee,Flint Township Precinct 15,Sheriff,,DEM,Christopher R. Swanson,232
Genesee,Flint Township Precinct 15,Sheriff,,DEM,Phil Hart,46
Genesee,Flint Township Precinct 15,Sheriff,,DEM,Timothy Johnson,38
Genesee,Flint Township Precinct 15,Sheriff,,REP,Stephen Sanford,78
Genesee,Flint Township Precinct 15,State House,49,DEM,John D. Cherry,296
Genesee,Flint Township Precinct 15,State House,49,REP,Bryan Lutz,90
Genesee,Flint Township Precinct 15,Surveyor,,DEM,Kim Carlson,278
Genesee,Flint Township Precinct 15,U.S. House,5,DEM,Daniel T. Kildee,304
Genesee,Flint Township Precinct 15,U.S. House,5,REP,Earl Lackie,27
Genesee,Flint Township Precinct 15,U.S. House,5,REP,Tim Kelly,66
Genesee,Flint Township Precinct 15,U.S. Senate,,DEM,Gary Peters,297
Genesee,Flint Township Precinct 15,U.S. Senate,,REP,John James,96
Genesee,Flint Township Precinct 2,Animal Control Shelter Millage Renewal Proposal,,,No,137
Genesee,Flint Township Precinct 2,Animal Control Shelter Millage Renewal Proposal,,,Yes,286
Genesee,Flint Township Precinct 2,Ballots Cast,,,,492
Genesee,Flint Township Precinct 2,Circuit Court Judge,7,,Chris Christenson,136
Genesee,Flint Township Precinct 2,Circuit Court Judge,7,,Herman Marable Jr.,152
Genesee,Flint Township Precinct 2,Circuit Court Judge,7,,Stephanie Witucki,74
Genesee,Flint Township Precinct 2,Clerk and Register of Deeds,,DEM,John J. Gleason,236
Genesee,Flint Township Precinct 2,Clerk and Register of Deeds,,DEM,Renee' D. Watson,156
Genesee,Flint Township Precinct 2,Clerk and Register of Deeds,,REP,Jesse Couch,48
Genesee,Flint Township Precinct 2,County Commissioner,8,DEM,Debra Newman,250
Genesee,Flint Township Precinct 2,County Commissioner,8,DEM,Ted Henry,123
Genesee,Flint Township Precinct 2,County Commissioner,8,REP,Rod Shumaker,49
Genesee,Flint Township Precinct 2,County Treasurer,,DEM,Deborah Cherry,377
Genesee,Flint Township Precinct 2,County Treasurer,,REP,Deborah Hoss,49
Genesee,Flint Township Precinct 2,Drain Commissioner,,DEM,Jeff Wright,278
Genesee,Flint Township Precinct 2,Drain Commissioner,,DEM,Travis R. Wines,105
Genesee,Flint Township Precinct 2,Flint Township Clerk,,DEM,Kathy Funk,161
Genesee,Flint Township Precinct 2,Flint Township Clerk,,DEM,Manya Triplett,210
Genesee,Flint Township Precinct 2,Flint Township Fire Safety Protection Equipment Renewal,,,No,81
Genesee,Flint Township Precinct 2,Flint Township Fire Safety Protection Equipment Renewal,,,Yes,375
Genesee,Flint Township Precinct 2,Flint Township Supervisor,,DEM,Karyn L. Miller,364
Genesee,Flint Township Precinct 2,Flint Township Treasurer,,DEM,Lisa R. Anderson,349
Genesee,Flint Township Precinct 2,Flint Township Trustee,,DEM,Barbara Vert,230
Genesee,Flint Township Precinct 2,Flint Township Trustee,,DEM,Carol Pfaff Dahl,230
Genesee,Flint Township Precinct 2,Flint Township Trustee,,DEM,Cracha L. Handy,109
Genesee,Flint Township Precinct 2,Flint Township Trustee,,DEM,Debbe Campbell,181
Genesee,Flint Township Precinct 2,Flint Township Trustee,,DEM,Frank Kasle,147
Genesee,Flint Township Precinct 2,Flint Township Trustee,,DEM,George J. Menoutes,169
Genesee,Flint Township Precinct 2,Flint Township Trustee,,DEM,Tom Klee,180
Genesee,Flint Township Precinct 2,Flint Township Trustee,,REP,David Huffman,45
Genesee,Flint Township Precinct 2,Mass Transportation Authority Millage Replacement Proposal,,,No,130
Genesee,Flint Township Precinct 2,Mass Transportation Authority Millage Replacement Proposal,,,Yes,326
Genesee,Flint Township Precinct 2,Prosecuting Attorney,,DEM,David Leyton,264
Genesee,Flint Township Precinct 2,Prosecuting Attorney,,DEM,Trachelle C. Young,143
Genesee,Flint Township Precinct 2,Registered Voters,,,,1401
Genesee,Flint Township Precinct 2,Sheriff,,DEM,Christopher R. Swanson,265
Genesee,Flint Township Precinct 2,Sheriff,,DEM,Phil Hart,31
Genesee,Flint Township Precinct 2,Sheriff,,DEM,Timothy Johnson,103
Genesee,Flint Township Precinct 2,Sheriff,,REP,Stephen Sanford,46
Genesee,Flint Township Precinct 2,State House,49,DEM,John D. Cherry,383
Genesee,Flint Township Precinct 2,State House,49,REP,Bryan Lutz,50
Genesee,Flint Township Precinct 2,Surveyor,,DEM,Kim Carlson,357
Genesee,Flint Township Precinct 2,U.S. House,5,DEM,Daniel T. Kildee,391
Genesee,Flint Township Precinct 2,U.S. House,5,REP,Earl Lackie,11
Genesee,Flint Township Precinct 2,U.S. House,5,REP,Tim Kelly,41
Genesee,Flint Township Precinct 2,U.S. Senate,,DEM,Gary Peters,383
Genesee,Flint Township Precinct 2,U.S. Senate,,REP,John James,58
Genesee,Flint Township Precinct 3,Animal Control Shelter Millage Renewal Proposal,,,No,149
Genesee,Flint Township Precinct 3,Animal Control Shelter Millage Renewal Proposal,,,Yes,447
Genesee,Flint Township Precinct 3,Ballots Cast,,,,677
Genesee,Flint Township Precinct 3,Circuit Court Judge,7,,Chris Christenson,227
Genesee,Flint Township Precinct 3,Circuit Court Judge,7,,Herman Marable Jr.,116
Genesee,Flint Township Precinct 3,Circuit Court Judge,7,,Stephanie Witucki,122
Genesee,Flint Township Precinct 3,Clerk and Register of Deeds,,DEM,John J. Gleason,263
Genesee,Flint Township Precinct 3,Clerk and Register of Deeds,,DEM,Renee' D. Watson,165
Genesee,Flint Township Precinct 3,Clerk and Register of Deeds,,REP,Jesse Couch,147
Genesee,Flint Township Precinct 3,County Commissioner,4,DEM,Domonique Clemons,175
Genesee,Flint Township Precinct 3,County Commissioner,4,DEM,Donald Wright,221
Genesee,Flint Township Precinct 3,County Commissioner,4,REP,Anthony O'Neal Wilson (W),0
Genesee,Flint Township Precinct 3,County Treasurer,,DEM,Deborah Cherry,393
Genesee,Flint Township Precinct 3,County Treasurer,,REP,Deborah Hoss,143
Genesee,Flint Township Precinct 3,Drain Commissioner,,DEM,Jeff Wright,314
Genesee,Flint Township Precinct 3,Drain Commissioner,,DEM,Travis R. Wines,93
Genesee,Flint Township Precinct 3,Flint Township Clerk,,DEM,Kathy Funk,267
Genesee,Flint Township Precinct 3,Flint Township Clerk,,DEM,Manya Triplett,129
Genesee,Flint Township Precinct 3,Flint Township Fire Safety Protection Equipment Renewal,,,No,99
Genesee,Flint Township Precinct 3,Flint Township Fire Safety Protection Equipment Renewal,,,Yes,551
Genesee,Flint Township Precinct 3,Flint Township Supervisor,,DEM,Karyn L. Miller,380
Genesee,Flint Township Precinct 3,Flint Township Treasurer,,DEM,Lisa R. Anderson,369
Genesee,Flint Township Precinct 3,Flint Township Trustee,,DEM,Barbara Vert,248
Genesee,Flint Township Precinct 3,Flint Township Trustee,,DEM,Carol Pfaff Dahl,241
Genesee,Flint Township Precinct 3,Flint Township Trustee,,DEM,Cracha L. Handy,91
Genesee,Flint Township Precinct 3,Flint Township Trustee,,DEM,Debbe Campbell,168
Genesee,Flint Township Precinct 3,Flint Township Trustee,,DEM,Frank Kasle,188
Genesee,Flint Township Precinct 3,Flint Township Trustee,,DEM,George J. Menoutes,168
Genesee,Flint Township Precinct 3,Flint Township Trustee,,DEM,Tom Klee,214
Genesee,Flint Township Precinct 3,Flint Township Trustee,,REP,David Huffman,116
Genesee,Flint Township Precinct 3,Mass Transportation Authority Millage Replacement Proposal,,,No,220
Genesee,Flint Township Precinct 3,Mass Transportation Authority Millage Replacement Proposal,,,Yes,415
Genesee,Flint Township Precinct 3,Prosecuting Attorney,,DEM,David Leyton,303
Genesee,Flint Township Precinct 3,Prosecuting Attorney,,DEM,Trachelle C. Young,133
Genesee,Flint Township Precinct 3,Registered Voters,,,,2143
Genesee,Flint Township Precinct 3,Sheriff,,DEM,Christopher R. Swanson,308
Genesee,Flint Township Precinct 3,Sheriff,,DEM,Phil Hart,82
Genesee,Flint Township Precinct 3,Sheriff,,DEM,Timothy Johnson,49
Genesee,Flint Township Precinct 3,Sheriff,,REP,Stephen Sanford,126
Genesee,Flint Township Precinct 3,State House,49,DEM,John D. Cherry,407
Genesee,Flint Township Precinct 3,State House,49,REP,Bryan Lutz,156
Genesee,Flint Township Precinct 3,Surveyor,,DEM,Kim Carlson,374
Genesee,Flint Township Precinct 3,U.S. House,5,DEM,Daniel T. Kildee,410
Genesee,Flint Township Precinct 3,U.S. House,5,REP,Earl Lackie,53
Genesee,Flint Township Precinct 3,U.S. House,5,REP,Tim Kelly,106
Genesee,Flint Township Precinct 3,U.S. Senate,,DEM,Gary Peters,402
Genesee,Flint Township Precinct 3,U.S. Senate,,REP,John James,167
Genesee,Flint Township Precinct 4,Animal Control Shelter Millage Renewal Proposal,,,No,186
Genesee,Flint Township Precinct 4,Animal Control Shelter Millage Renewal Proposal,,,Yes,515
Genesee,Flint Township Precinct 4,Ballots Cast,,,,837
Genesee,Flint Township Precinct 4,Circuit Court Judge,7,,Chris Christenson,172
Genesee,Flint Township Precinct 4,Circuit Court Judge,7,,Herman Marable Jr.,338
Genesee,Flint Township Precinct 4,Circuit Court Judge,7,,Stephanie Witucki,94
Genesee,Flint Township Precinct 4,Clerk and Register of Deeds,,DEM,John J. Gleason,406
Genesee,Flint Township Precinct 4,Clerk and Register of Deeds,,DEM,Renee' D. Watson,274
Genesee,Flint Township Precinct 4,Clerk and Register of Deeds,,REP,Jesse Couch,77
Genesee,Flint Township Precinct 4,County Commissioner,4,DEM,Domonique Clemons,443
Genesee,Flint Township Precinct 4,County Commissioner,4,DEM,Donald Wright,191
Genesee,Flint Township Precinct 4,County Commissioner,4,REP,Anthony O'Neal Wilson (W),0
Genesee,Flint Township Precinct 4,County Treasurer,,DEM,Deborah Cherry,638
Genesee,Flint Township Precinct 4,County Treasurer,,REP,Deborah Hoss,77
Genesee,Flint Township Precinct 4,Drain Commissioner,,DEM,Jeff Wright,455
Genesee,Flint Township Precinct 4,Drain Commissioner,,DEM,Travis R. Wines,206
Genesee,Flint Township Precinct 4,Flint Township Clerk,,DEM,Kathy Funk,184
Genesee,Flint Township Precinct 4,Flint Township Clerk,,DEM,Manya Triplett,457
Genesee,Flint Township Precinct 4,Flint Township Fire Safety Protection Equipment Renewal,,,No,99
Genesee,Flint Township Precinct 4,Flint Township Fire Safety Protection Equipment Renewal,,,Yes,672
Genesee,Flint Township Precinct 4,Flint Township Supervisor,,DEM,Karyn L. Miller,622
Genesee,Flint Township Precinct 4,Flint Township Treasurer,,DEM,Lisa R. Anderson,599
Genesee,Flint Township Precinct 4,Flint Township Trustee,,DEM,Barbara Vert,413
Genesee,Flint Township Precinct 4,Flint Township Trustee,,DEM,Carol Pfaff Dahl,391
Genesee,Flint Township Precinct 4,Flint Township Trustee,,DEM,Cracha L. Handy,207
Genesee,Flint Township Precinct 4,Flint Township Trustee,,DEM,Debbe Campbell,300
Genesee,Flint Township Precinct 4,Flint Township Trustee,,DEM,Frank Kasle,258
Genesee,Flint Township Precinct 4,Flint Township Trustee,,DEM,George J. Menoutes,286
Genesee,Flint Township Precinct 4,Flint Township Trustee,,DEM,Tom Klee,296
Genesee,Flint Township Precinct 4,Flint Township Trustee,,REP,David Huffman,69
Genesee,Flint Township Precinct 4,Mass Transportation Authority Millage Replacement Proposal,,,No,190
Genesee,Flint Township Precinct 4,Mass Transportation Authority Millage Replacement Proposal,,,Yes,567
Genesee,Flint Township Precinct 4,Prosecuting Attorney,,DEM,David Leyton,369
Genesee,Flint Township Precinct 4,Prosecuting Attorney,,DEM,Trachelle C. Young,312
Genesee,Flint Township Precinct 4,Registered Voters,,,,2256
Genesee,Flint Township Precinct 4,Sheriff,,DEM,Christopher R. Swanson,381
Genesee,Flint Township Precinct 4,Sheriff,,DEM,Phil Hart,49
Genesee,Flint Township Precinct 4,Sheriff,,DEM,Timothy Johnson,247
Genesee,Flint Township Precinct 4,Sheriff,,REP,Stephen Sanford,74
Genesee,Flint Township Precinct 4,State House,49,DEM,John D. Cherry,652
Genesee,Flint Township Precinct 4,State House,49,REP,Bryan Lutz,82
Genesee,Flint Township Precinct 4,Surveyor,,DEM,Kim Carlson,612
Genesee,Flint Township Precinct 4,U.S. House,5,DEM,Daniel T. Kildee,668
Genesee,Flint Township Precinct 4,U.S. House,5,REP,Earl Lackie,16
Genesee,Flint Township Precinct 4,U.S. House,5,REP,Tim Kelly,63
Genesee,Flint Township Precinct 4,U.S. Senate,,DEM,Gary Peters,652
Genesee,Flint Township Precinct 4,U.S. Senate,,REP,John James,89
Genesee,Flint Township Precinct 5,Animal Control Shelter Millage Renewal Proposal,,,No,203
Genesee,Flint Township Precinct 5,Animal Control Shelter Millage Renewal Proposal,,,Yes,498
Genesee,Flint Township Precinct 5,Ballots Cast,,,,787
Genesee,Flint Township Precinct 5,Circuit Court Judge,7,,Chris Christenson,220
Genesee,Flint Township Precinct 5,Circuit Court Judge,7,,Herman Marable Jr.,202
Genesee,Flint Township Precinct 5,Circuit Court Judge,7,,Stephanie Witucki,160
Genesee,Flint Township Precinct 5,Clerk and Register of Deeds,,DEM,John J. Gleason,351
Genesee,Flint Township Precinct 5,Clerk and Register of Deeds,,DEM,Renee' D. Watson,238
Genesee,Flint Township Precinct 5,Clerk and Register of Deeds,,REP,Jesse Couch,104
Genesee,Flint Township Precinct 5,County Commissioner,8,DEM,Debra Newman,316
Genesee,Flint Township Precinct 5,County Commissioner,8,DEM,Ted Henry,249
Genesee,Flint Township Precinct 5,County Commissioner,8,REP,Rod Shumaker,109
Genesee,Flint Township Precinct 5,County Treasurer,,DEM,Deborah Cherry,546
Genesee,Flint Township Precinct 5,County Treasurer,,REP,Deborah Hoss,109
Genesee,Flint Township Precinct 5,Drain Commissioner,,DEM,Jeff Wright,435
Genesee,Flint Township Precinct 5,Drain Commissioner,,DEM,Travis R. Wines,138
Genesee,Flint Township Precinct 5,Flint Township Clerk,,DEM,Kathy Funk,321
Genesee,Flint Township Precinct 5,Flint Township Clerk,,DEM,Manya Triplett,218
Genesee,Flint Township Precinct 5,Flint Township Fire Safety Protection Equipment Renewal,,,No,132
Genesee,Flint Township Precinct 5,Flint Township Fire Safety Protection Equipment Renewal,,,Yes,605
Genesee,Flint Township Precinct 5,Flint Township Supervisor,,DEM,Karyn L. Miller,522
Genesee,Flint Township Precinct 5,Flint Township Treasurer,,DEM,Lisa R. Anderson,501
Genesee,Flint Township Precinct 5,Flint Township Trustee,,DEM,Barbara Vert,333
Genesee,Flint Township Precinct 5,Flint Township Trustee,,DEM,Carol Pfaff Dahl,320
Genesee,Flint Township Precinct 5,Flint Township Trustee,,DEM,Cracha L. Handy,146
Genesee,Flint Township Precinct 5,Flint Township Trustee,,DEM,Debbe Campbell,272
Genesee,Flint Township Precinct 5,Flint Township Trustee,,DEM,Frank Kasle,219
Genesee,Flint Township Precinct 5,Flint Township Trustee,,DEM,George J. Menoutes,273
Genesee,Flint Township Precinct 5,Flint Township Trustee,,DEM,Tom Klee,247
Genesee,Flint Township Precinct 5,Flint Township Trustee,,REP,David Huffman,93
Genesee,Flint Township Precinct 5,Mass Transportation Authority Millage Replacement Proposal,,,No,223
Genesee,Flint Township Precinct 5,Mass Transportation Authority Millage Replacement Proposal,,,Yes,513
Genesee,Flint Township Precinct 5,Prosecuting Attorney,,DEM,David Leyton,369
Genesee,Flint Township Precinct 5,Prosecuting Attorney,,DEM,Trachelle C. Young,219
Genesee,Flint Township Precinct 5,Registered Voters,,,,2023
Genesee,Flint Township Precinct 5,Sheriff,,DEM,Christopher R. Swanson,410
Genesee,Flint Township Precinct 5,Sheriff,,DEM,Phil Hart,73
Genesee,Flint Township Precinct 5,Sheriff,,DEM,Timothy Johnson,108
Genesee,Flint Township Precinct 5,Sheriff,,REP,Stephen Sanford,90
Genesee,Flint Township Precinct 5,State House,49,DEM,John D. Cherry,556
Genesee,Flint Township Precinct 5,State House,49,REP,Bryan Lutz,112
Genesee,Flint Township Precinct 5,Surveyor,,DEM,Kim Carlson,510
Genesee,Flint Township Precinct 5,U.S. House,5,DEM,Daniel T. Kildee,575
Genesee,Flint Township Precinct 5,U.S. House,5,REP,Earl Lackie,22
Genesee,Flint Township Precinct 5,U.S. House,5,REP,Tim Kelly,90
Genesee,Flint Township Precinct 5,U.S. Senate,,DEM,Gary Peters,547
Genesee,Flint Township Precinct 5,U.S. Senate,,REP,John James,123
Genesee,Flint Township Precinct 6,Animal Control Shelter Millage Renewal Proposal,,,No,114
Genesee,Flint Township Precinct 6,Animal Control Shelter Millage Renewal Proposal,,,Yes,377
Genesee,Flint Township Precinct 6,Ballots Cast,,,,554
Genesee,Flint Township Precinct 6,Circuit Court Judge,7,,Chris Christenson,161
Genesee,Flint Township Precinct 6,Circuit Court Judge,7,,Herman Marable Jr.,146
Genesee,Flint Township Precinct 6,Circuit Court Judge,7,,Stephanie Witucki,93
Genesee,Flint Township Precinct 6,Clerk and Register of Deeds,,DEM,John J. Gleason,259
Genesee,Flint Township Precinct 6,Clerk and Register of Deeds,,DEM,Renee' D. Watson,141
Genesee,Flint Township Precinct 6,Clerk and Register of Deeds,,REP,Jesse Couch,92
Genesee,Flint Township Precinct 6,County Commissioner,4,DEM,Domonique Clemons,174
Genesee,Flint Township Precinct 6,County Commissioner,4,DEM,Donald Wright,210
Genesee,Flint Township Precinct 6,County Commissioner,4,REP,Anthony O'Neal Wilson (W),0
Genesee,Flint Township Precinct 6,County Treasurer,,DEM,Deborah Cherry,373
Genesee,Flint Township Precinct 6,County Treasurer,,REP,Deborah Hoss,92
Genesee,Flint Township Precinct 6,Drain Commissioner,,DEM,Jeff Wright,275
Genesee,Flint Township Precinct 6,Drain Commissioner,,DEM,Travis R. Wines,115
Genesee,Flint Township Precinct 6,Flint Township Clerk,,DEM,Kathy Funk,209
Genesee,Flint Township Precinct 6,Flint Township Clerk,,DEM,Manya Triplett,173
Genesee,Flint Township Precinct 6,Flint Township Fire Safety Protection Equipment Renewal,,,No,65
Genesee,Flint Township Precinct 6,Flint Township Fire Safety Protection Equipment Renewal,,,Yes,451
Genesee,Flint Township Precinct 6,Flint Township Supervisor,,DEM,Karyn L. Miller,365
Genesee,Flint Township Precinct 6,Flint Township Treasurer,,DEM,Lisa R. Anderson,348
Genesee,Flint Township Precinct 6,Flint Township Trustee,,DEM,Barbara Vert,228
Genesee,Flint Township Precinct 6,Flint Township Trustee,,DEM,Carol Pfaff Dahl,198
Genesee,Flint Township Precinct 6,Flint Township Trustee,,DEM,Cracha L. Handy,92
Genesee,Flint Township Precinct 6,Flint Township Trustee,,DEM,Debbe Campbell,180
Genesee,Flint Township Precinct 6,Flint Township Trustee,,DEM,Frank Kasle,154
Genesee,Flint Township Precinct 6,Flint Township Trustee,,DEM,George J. Menoutes,128
Genesee,Flint Township Precinct 6,Flint Township Trustee,,DEM,Tom Klee,196
Genesee,Flint Township Precinct 6,Flint Township Trustee,,REP,David Huffman,70
Genesee,Flint Township Precinct 6,Mass Transportation Authority Millage Replacement Proposal,,,No,148
Genesee,Flint Township Precinct 6,Mass Transportation Authority Millage Replacement Proposal,,,Yes,361
Genesee,Flint Township Precinct 6,Prosecuting Attorney,,DEM,David Leyton,280
Genesee,Flint Township Precinct 6,Prosecuting Attorney,,DEM,Trachelle C. Young,125
Genesee,Flint Township Precinct 6,Registered Voters,,,,2859
Genesee,Flint Township Precinct 6,Sheriff,,DEM,Christopher R. Swanson,250
Genesee,Flint Township Precinct 6,Sheriff,,DEM,Phil Hart,80
Genesee,Flint Township Precinct 6,Sheriff,,DEM,Timothy Johnson,79
Genesee,Flint Township Precinct 6,Sheriff,,REP,Stephen Sanford,84
Genesee,Flint Township Precinct 6,State House,49,DEM,John D. Cherry,380
Genesee,Flint Township Precinct 6,State House,49,REP,Bryan Lutz,94
Genesee,Flint Township Precinct 6,Surveyor,,DEM,Kim Carlson,350
Genesee,Flint Township Precinct 6,U.S. House,5,DEM,Daniel T. Kildee,386
Genesee,Flint Township Precinct 6,U.S. House,5,REP,Earl Lackie,22
Genesee,Flint Township Precinct 6,U.S. House,5,REP,Tim Kelly,73
Genesee,Flint Township Precinct 6,U.S. Senate,,DEM,Gary Peters,376
Genesee,Flint Township Precinct 6,U.S. Senate,,REP,John James,98
Genesee,Flint Township Precinct 7,Animal Control Shelter Millage Renewal Proposal,,,No,144
Genesee,Flint Township Precinct 7,Animal Control Shelter Millage Renewal Proposal,,,Yes,336
Genesee,Flint Township Precinct 7,Ballots Cast,,,,561
Genesee,Flint Township Precinct 7,Circuit Court Judge,7,,Chris Christenson,79
Genesee,Flint Township Precinct 7,Circuit Court Judge,7,,Herman Marable Jr.,303
Genesee,Flint Township Precinct 7,Circuit Court Judge,7,,Stephanie Witucki,50
Genesee,Flint Township Precinct 7,Clerk and Register of Deeds,,DEM,John J. Gleason,252
Genesee,Flint Township Precinct 7,Clerk and Register of Deeds,,DEM,Renee' D. Watson,260
Genesee,Flint Township Precinct 7,Clerk and Register of Deeds,,REP,Jesse Couch,8
Genesee,Flint Township Precinct 7,County Commissioner,2,DEM,Charles H. Winfrey,259
Genesee,Flint Township Precinct 7,County Commissioner,2,DEM,Corey Lockett,69
Genesee,Flint Township Precinct 7,County Commissioner,2,DEM,Michael C. F. Clack,183
Genesee,Flint Township Precinct 7,County Treasurer,,DEM,Deborah Cherry,488
Genesee,Flint Township Precinct 7,County Treasurer,,REP,Deborah Hoss,8
Genesee,Flint Township Precinct 7,Drain Commissioner,,DEM,Jeff Wright,356
Genesee,Flint Township Precinct 7,Drain Commissioner,,DEM,Travis R. Wines,136
Genesee,Flint Township Precinct 7,Flint Township Clerk,,DEM,Kathy Funk,144
Genesee,Flint Township Precinct 7,Flint Township Clerk,,DEM,Manya Triplett,345
Genesee,Flint Township Precinct 7,Flint Township Fire Safety Protection Equipment Renewal,,,No,91
Genesee,Flint Township Precinct 7,Flint Township Fire Safety Protection Equipment Renewal,,,Yes,438
Genesee,Flint Township Precinct 7,Flint Township Supervisor,,DEM,Karyn L. Miller,472
Genesee,Flint Township Precinct 7,Flint Township Treasurer,,DEM,Lisa R. Anderson,466
Genesee,Flint Township Precinct 7,Flint Township Trustee,,DEM,Barbara Vert,327
Genesee,Flint Township Precinct 7,Flint Township Trustee,,DEM,Carol Pfaff Dahl,249
Genesee,Flint Township Precinct 7,Flint Township Trustee,,DEM,Cracha L. Handy,167
Genesee,Flint Township Precinct 7,Flint Township Trustee,,DEM,Debbe Campbell,267
Genesee,Flint Township Precinct 7,Flint Township Trustee,,DEM,Frank Kasle,143
Genesee,Flint Township Precinct 7,Flint Township Trustee,,DEM,George J. Menoutes,154
Genesee,Flint Township Precinct 7,Flint Township Trustee,,DEM,Tom Klee,178
Genesee,Flint Township Precinct 7,Flint Township Trustee,,REP,David Huffman,8
Genesee,Flint Township Precinct 7,Mass Transportation Authority Millage Replacement Proposal,,,No,98
Genesee,Flint Township Precinct 7,Mass Transportation Authority Millage Replacement Proposal,,,Yes,425
Genesee,Flint Township Precinct 7,Prosecuting Attorney,,DEM,David Leyton,222
Genesee,Flint Township Precinct 7,Prosecuting Attorney,,DEM,Trachelle C. Young,290
Genesee,Flint Township Precinct 7,Registered Voters,,,,1848
Genesee,Flint Township Precinct 7,Sheriff,,DEM,Christopher R. Swanson,263
Genesee,Flint Township Precinct 7,Sheriff,,DEM,Phil Hart,41
Genesee,Flint Township Precinct 7,Sheriff,,DEM,Timothy Johnson,204
Genesee,Flint Township Precinct 7,Sheriff,,REP,Stephen Sanford,7
Genesee,Flint Township Precinct 7,State House,49,DEM,John D. Cherry,494
Genesee,Flint Township Precinct 7,State House,49,REP,Bryan Lutz,9
Genesee,Flint Township Precinct 7,Surveyor,,DEM,Kim Carlson,471
Genesee,Flint Township Precinct 7,U.S. House,5,DEM,Daniel T. Kildee,508
Genesee,Flint Township Precinct 7,U.S. House,5,REP,Earl Lackie,5
Genesee,Flint Township Precinct 7,U.S. House,5,REP,Tim Kelly,4
Genesee,Flint Township Precinct 7,U.S. Senate,,DEM,Gary Peters,502
Genesee,Flint Township Precinct 7,U.S. Senate,,REP,John James,12
Genesee,Flint Township Precinct 8,Animal Control Shelter Millage Renewal Proposal,,,No,10
Genesee,Flint Township Precinct 8,Animal Control Shelter Millage Renewal Proposal,,,Yes,20
Genesee,Flint Township Precinct 8,Ballots Cast,,,,30
Genesee,Flint Township Precinct 8,Circuit Court Judge,7,,Chris Christenson,10
Genesee,Flint Township Precinct 8,Circuit Court Judge,7,,Herman Marable Jr.,5
Genesee,Flint Township Precinct 8,Circuit Court Judge,7,,Stephanie Witucki,6
Genesee,Flint Township Precinct 8,Clerk and Register of Deeds,,DEM,John J. Gleason,16
Genesee,Flint Township Precinct 8,Clerk and Register of Deeds,,DEM,Renee' D. Watson,4
Genesee,Flint Township Precinct 8,Clerk and Register of Deeds,,REP,Jesse Couch,5
Genesee,Flint Township Precinct 8,County Commissioner,4,DEM,Domonique Clemons,8
Genesee,Flint Township Precinct 8,County Commissioner,4,DEM,Donald Wright,11
Genesee,Flint Township Precinct 8,County Commissioner,4,REP,Anthony O'Neal Wilson (W),0
Genesee,Flint Township Precinct 8,County Treasurer,,DEM,Deborah Cherry,20
Genesee,Flint Township Precinct 8,County Treasurer,,REP,Deborah Hoss,6
Genesee,Flint Township Precinct 8,Drain Commissioner,,DEM,Jeff Wright,16
Genesee,Flint Township Precinct 8,Drain Commissioner,,DEM,Travis R. Wines,4
Genesee,Flint Township Precinct 8,Flint Township Clerk,,DEM,Kathy Funk,9
Genesee,Flint Township Precinct 8,Flint Township Clerk,,DEM,Manya Triplett,11
Genesee,Flint Township Precinct 8,Flint Township Fire Safety Protection Equipment Renewal,,,No,5
Genesee,Flint Township Precinct 8,Flint Township Fire Safety Protection Equipment Renewal,,,Yes,25
Genesee,Flint Township Precinct 8,Flint Township Supervisor,,DEM,Karyn L. Miller,20
Genesee,Flint Township Precinct 8,Flint Township Treasurer,,DEM,Lisa R. Anderson,20
Genesee,Flint Township Precinct 8,Flint Township Trustee,,DEM,Barbara Vert,15
Genesee,Flint Township Precinct 8,Flint Township Trustee,,DEM,Carol Pfaff Dahl,8
Genesee,Flint Township Precinct 8,Flint Township Trustee,,DEM,Cracha L. Handy,4
Genesee,Flint Township Precinct 8,Flint Township Trustee,,DEM,Debbe Campbell,16
Genesee,Flint Township Precinct 8,Flint Township Trustee,,DEM,Frank Kasle,7
Genesee,Flint Township Precinct 8,Flint Township Trustee,,DEM,George J. Menoutes,11
Genesee,Flint Township Precinct 8,Flint Township Trustee,,DEM,Tom Klee,14
Genesee,Flint Township Precinct 8,Flint Township Trustee,,REP,David Huffman,6
Genesee,Flint Township Precinct 8,Mass Transportation Authority Millage Replacement Proposal,,,No,9
Genesee,Flint Township Precinct 8,Mass Transportation Authority Millage Replacement Proposal,,,Yes,21
Genesee,Flint Township Precinct 8,Prosecuting Attorney,,DEM,David Leyton,13
Genesee,Flint Township Precinct 8,Prosecuting Attorney,,DEM,Trachelle C. Young,7
Genesee,Flint Township Precinct 8,Registered Voters,,,,169
Genesee,Flint Township Precinct 8,Sheriff,,DEM,Christopher R. Swanson,15
Genesee,Flint Township Precinct 8,Sheriff,,DEM,Phil Hart,1
Genesee,Flint Township Precinct 8,Sheriff,,DEM,Timothy Johnson,4
Genesee,Flint Township Precinct 8,Sheriff,,REP,Stephen Sanford,6
Genesee,Flint Township Precinct 8,State House,49,DEM,John D. Cherry,20
Genesee,Flint Township Precinct 8,State House,49,REP,Bryan Lutz,6
Genesee,Flint Township Precinct 8,Surveyor,,DEM,Kim Carlson,19
Genesee,Flint Township Precinct 8,U.S. House,5,DEM,Daniel T. Kildee,20
Genesee,Flint Township Precinct 8,U.S. House,5,REP,Earl Lackie,3
Genesee,Flint Township Precinct 8,U.S. House,5,REP,Tim Kelly,3
Genesee,Flint Township Precinct 8,U.S. Senate,,DEM,Gary Peters,20
Genesee,Flint Township Precinct 8,U.S. Senate,,REP,John James,6
Genesee,Flint Township Precinct 9,Animal Control Shelter Millage Renewal Proposal,,,No,77
Genesee,Flint Township Precinct 9,Animal Control Shelter Millage Renewal Proposal,,,Yes,214
Genesee,Flint Township Precinct 9,Ballots Cast,,,,332
Genesee,Flint Township Precinct 9,Circuit Court Judge,7,,Chris Christenson,73
Genesee,Flint Township Precinct 9,Circuit Court Judge,7,,Herman Marable Jr.,129
Genesee,Flint Township Precinct 9,Circuit Court Judge,7,,Stephanie Witucki,42
Genesee,Flint Township Precinct 9,Clerk and Register of Deeds,,DEM,John J. Gleason,137
Genesee,Flint Township Precinct 9,Clerk and Register of Deeds,,DEM,Renee' D. Watson,129
Genesee,Flint Township Precinct 9,Clerk and Register of Deeds,,REP,Jesse Couch,32
Genesee,Flint Township Precinct 9,County Commissioner,2,DEM,Charles H. Winfrey,89
Genesee,Flint Township Precinct 9,County Commissioner,2,DEM,Corey Lockett,52
Genesee,Flint Township Precinct 9,County Commissioner,2,DEM,Michael C. F. Clack,109
Genesee,Flint Township Precinct 9,County Treasurer,,DEM,Deborah Cherry,251
Genesee,Flint Township Precinct 9,County Treasurer,,REP,Deborah Hoss,32
Genesee,Flint Township Precinct 9,Drain Commissioner,,DEM,Jeff Wright,186
Genesee,Flint Township Precinct 9,Drain Commissioner,,DEM,Travis R. Wines,69
Genesee,Flint Township Precinct 9,Flint Township Clerk,,DEM,Kathy Funk,122
Genesee,Flint Township Precinct 9,Flint Township Clerk,,DEM,Manya Triplett,130
Genesee,Flint Township Precinct 9,Flint Township Fire Safety Protection Equipment Renewal,,,No,45
Genesee,Flint Township Precinct 9,Flint Township Fire Safety Protection Equipment Renewal,,,Yes,263
Genesee,Flint Township Precinct 9,Flint Township Supervisor,,DEM,Karyn L. Miller,246
Genesee,Flint Township Precinct 9,Flint Township Treasurer,,DEM,Lisa R. Anderson,234
Genesee,Flint Township Precinct 9,Flint Township Trustee,,DEM,Barbara Vert,142
Genesee,Flint Township Precinct 9,Flint Township Trustee,,DEM,Carol Pfaff Dahl,106
Genesee,Flint Township Precinct 9,Flint Township Trustee,,DEM,Cracha L. Handy,85
Genesee,Flint Township Precinct 9,Flint Township Trustee,,DEM,Debbe Campbell,138
Genesee,Flint Township Precinct 9,Flint Township Trustee,,DEM,Frank Kasle,97
Genesee,Flint Township Precinct 9,Flint Township Trustee,,DEM,George J. Menoutes,84
Genesee,Flint Township Precinct 9,Flint Township Trustee,,DEM,Tom Klee,119
Genesee,Flint Township Precinct 9,Flint Township Trustee,,REP,David Huffman,23
Genesee,Flint Township Precinct 9,Mass Transportation Authority Millage Replacement Proposal,,,No,69
Genesee,Flint Township Precinct 9,Mass Transportation Authority Millage Replacement Proposal,,,Yes,234
Genesee,Flint Township Precinct 9,Prosecuting Attorney,,DEM,David Leyton,147
Genesee,Flint Township Precinct 9,Prosecuting Attorney,,DEM,Trachelle C. Young,124
Genesee,Flint Township Precinct 9,Registered Voters,,,,2576
Genesee,Flint Township Precinct 9,Sheriff,,DEM,Christopher R. Swanson,139
Genesee,Flint Township Precinct 9,Sheriff,,DEM,Phil Hart,38
Genesee,Flint Township Precinct 9,Sheriff,,DEM,Timothy Johnson,87
Genesee,Flint Township Precinct 9,Sheriff,,REP,Stephen Sanford,29
Genesee,Flint Township Precinct 9,State House,49,DEM,John D. Cherry,261
Genesee,Flint Township Precinct 9,State House,49,REP,Bryan Lutz,33
Genesee,Flint Township Precinct 9,Surveyor,,DEM,Kim Carlson,240
Genesee,Flint Township Precinct 9,U.S. House,5,DEM,Daniel T. Kildee,265
Genesee,Flint Township Precinct 9,U.S. House,5,REP,Earl Lackie,7
Genesee,Flint Township Precinct 9,U.S. House,5,REP,Tim Kelly,24
Genesee,Flint Township Precinct 9,U.S. Senate,,DEM,Gary Peters,260
Genesee,Flint Township Precinct 9,U.S. Senate,,REP,John James,33
Genesee,Flushing Township Precinct 1,Animal Control Shelter Millage Renewal Proposal,,,No,160
Genesee,Flushing Township Precinct 1,Animal Control Shelter Millage Renewal Proposal,,,Yes,353
Genesee,Flushing Township Precinct 1,Ballots Cast,,,,563
Genesee,Flushing Township Precinct 1,Circuit Court Judge,7,,Chris Christenson,180
Genesee,Flushing Township Precinct 1,Circuit Court Judge,7,,Herman Marable Jr.,77
Genesee,Flushing Township Precinct 1,Circuit Court Judge,7,,Stephanie Witucki,112
Genesee,Flushing Township Precinct 1,Clerk and Register of Deeds,,DEM,John J. Gleason,201
Genesee,Flushing Township Precinct 1,Clerk and Register of Deeds,,DEM,Renee' D. Watson,90
Genesee,Flushing Township Precinct 1,Clerk and Register of Deeds,,REP,Jesse Couch,187
Genesee,Flushing Township Precinct 1,County Commissioner,7,DEM,Martin L. Cousineau,259
Genesee,Flushing Township Precinct 1,County Commissioner,7,REP,Meredith Faye Davis (W),19
Genesee,Flushing Township Precinct 1,County Treasurer,,DEM,Deborah Cherry,271
Genesee,Flushing Township Precinct 1,County Treasurer,,REP,Deborah Hoss,189
Genesee,Flushing Township Precinct 1,Drain Commissioner,,DEM,Jeff Wright,221
Genesee,Flushing Township Precinct 1,Drain Commissioner,,DEM,Travis R. Wines,58
Genesee,Flushing Township Precinct 1,Flushing Township Clerk,,REP,Wendy D. Meinburg,201
Genesee,Flushing Township Precinct 1,Flushing Township Supervisor,,REP,Frederick Thorsby,203
Genesee,Flushing Township Precinct 1,Flushing Township Treasurer,,REP,Terry A. Peck,204
Genesee,Flushing Township Precinct 1,Flushing Township Trustee,,DEM,Jenifer Almassy,229
Genesee,Flushing Township Precinct 1,Flushing Township Trustee,,REP,Bill Bain,160
Genesee,Flushing Township Precinct 1,Flushing Township Trustee,,REP,Linda Minarik,169
Genesee,Flushing Township Precinct 1,Flushing Township Trustee,,REP,Sharilynn K. Willette,164
Genesee,Flushing Township Precinct 1,Flushing Township Trustee,,REP,William Westenbarger,158
Genesee,Flushing Township Precinct 1,Mass Transportation Authority Millage Replacement Proposal,,,No,240
Genesee,Flushing Township Precinct 1,Mass Transportation Authority Millage Replacement Proposal,,,Yes,285
Genesee,Flushing Township Precinct 1,Prosecuting Attorney,,DEM,David Leyton,215
Genesee,Flushing Township Precinct 1,Prosecuting Attorney,,DEM,Trachelle C. Young,81
Genesee,Flushing Township Precinct 1,Registered Voters,,,,1976
Genesee,Flushing Township Precinct 1,Sheriff,,DEM,Christopher R. Swanson,214
Genesee,Flushing Township Precinct 1,Sheriff,,DEM,Phil Hart,56
Genesee,Flushing Township Precinct 1,Sheriff,,DEM,Timothy Johnson,26
Genesee,Flushing Township Precinct 1,Sheriff,,REP,Stephen Sanford,185
Genesee,Flushing Township Precinct 1,State House,51,DEM,Brad May,144
Genesee,Flushing Township Precinct 1,State House,51,DEM,Conner Wallace,102
Genesee,Flushing Township Precinct 1,State House,51,REP,Mike Mueller,211
Genesee,Flushing Township Precinct 1,Surveyor,,DEM,Kim Carlson,254
Genesee,Flushing Township Precinct 1,U.S. House,5,DEM,Daniel T. Kildee,289
Genesee,Flushing Township Precinct 1,U.S. House,5,REP,Earl Lackie,51
Genesee,Flushing Township Precinct 1,U.S. House,5,REP,Tim Kelly,157
Genesee,Flushing Township Precinct 1,U.S. Senate,,DEM,Gary Peters,283
Genesee,Flushing Township Precinct 1,U.S. Senate,,REP,John James,212
Genesee,Flushing Township Precinct 2,Animal Control Shelter Millage Renewal Proposal,,,No,158
Genesee,Flushing Township Precinct 2,Animal Control Shelter Millage Renewal Proposal,,,Yes,356
Genesee,Flushing Township Precinct 2,Ballots Cast,,,,572
Genesee,Flushing Township Precinct 2,Circuit Court Judge,7,,Chris Christenson,150
Genesee,Flushing Township Precinct 2,Circuit Court Judge,7,,Herman Marable Jr.,71
Genesee,Flushing Township Precinct 2,Circuit Court Judge,7,,Stephanie Witucki,161
Genesee,Flushing Township Precinct 2,Clerk and Register of Deeds,,DEM,John J. Gleason,214
Genesee,Flushing Township Precinct 2,Clerk and Register of Deeds,,DEM,Renee' D. Watson,84
Genesee,Flushing Township Precinct 2,Clerk and Register of Deeds,,REP,Jesse Couch,157
Genesee,Flushing Township Precinct 2,County Commissioner,7,DEM,Martin L. Cousineau,261
Genesee,Flushing Township Precinct 2,County Commissioner,7,REP,Meredith Faye Davis (W),20
Genesee,Flushing Township Precinct 2,County Treasurer,,DEM,Deborah Cherry,274
Genesee,Flushing Township Precinct 2,County Treasurer,,REP,Deborah Hoss,152
Genesee,Flushing Township Precinct 2,Drain Commissioner,,DEM,Jeff Wright,224
Genesee,Flushing Township Precinct 2,Drain Commissioner,,DEM,Travis R. Wines,60
Genesee,Flushing Township Precinct 2,Flushing Township Clerk,,REP,Wendy D. Meinburg,170
Genesee,Flushing Township Precinct 2,Flushing Township Supervisor,,REP,Frederick Thorsby,171
Genesee,Flushing Township Precinct 2,Flushing Township Treasurer,,REP,Terry A. Peck,172
Genesee,Flushing Township Precinct 2,Flushing Township Trustee,,DEM,Jenifer Almassy,215
Genesee,Flushing Township Precinct 2,Flushing Township Trustee,,REP,Bill Bain,111
Genesee,Flushing Township Precinct 2,Flushing Township Trustee,,REP,Linda Minarik,127
Genesee,Flushing Township Precinct 2,Flushing Township Trustee,,REP,Sharilynn K. Willette,122
Genesee,Flushing Township Precinct 2,Flushing Township Trustee,,REP,William Westenbarger,121
Genesee,Flushing Township Precinct 2,Mass Transportation Authority Millage Replacement Proposal,,,No,219
Genesee,Flushing Township Precinct 2,Mass Transportation Authority Millage Replacement Proposal,,,Yes,301
Genesee,Flushing Township Precinct 2,Prosecuting Attorney,,DEM,David Leyton,231
Genesee,Flushing Township Precinct 2,Prosecuting Attorney,,DEM,Trachelle C. Young,69
Genesee,Flushing Township Precinct 2,Registered Voters,,,,1666
Genesee,Flushing Township Precinct 2,Sheriff,,DEM,Christopher R. Swanson,228
Genesee,Flushing Township Precinct 2,Sheriff,,DEM,Phil Hart,50
Genesee,Flushing Township Precinct 2,Sheriff,,DEM,Timothy Johnson,28
Genesee,Flushing Township Precinct 2,Sheriff,,REP,Stephen Sanford,145
Genesee,Flushing Township Precinct 2,State House,51,DEM,Brad May,113
Genesee,Flushing Township Precinct 2,State House,51,DEM,Conner Wallace,149
Genesee,Flushing Township Precinct 2,State House,51,REP,Mike Mueller,184
Genesee,Flushing Township Precinct 2,Surveyor,,DEM,Kim Carlson,264
Genesee,Flushing Township Precinct 2,U.S. House,5,DEM,Daniel T. Kildee,285
Genesee,Flushing Township Precinct 2,U.S. House,5,REP,Earl Lackie,29
Genesee,Flushing Township Precinct 2,U.S. House,5,REP,Tim Kelly,146
Genesee,Flushing Township Precinct 2,U.S. Senate,,DEM,Gary Peters,284
Genesee,Flushing Township Precinct 2,U.S. Senate,,REP,John James,189
Genesee,Flushing Township Precinct 3,Animal Control Shelter Millage Renewal Proposal,,,No,286
Genesee,Flushing Township Precinct 3,Animal Control Shelter Millage Renewal Proposal,,,Yes,559
Genesee,Flushing Township Precinct 3,Ballots Cast,,,,944
Genesee,Flushing Township Precinct 3,Circuit Court Judge,7,,Chris Christenson,302
Genesee,Flushing Township Precinct 3,Circuit Court Judge,7,,Herman Marable Jr.,106
Genesee,Flushing Township Precinct 3,Circuit Court Judge,7,,Stephanie Witucki,218
Genesee,Flushing Township Precinct 3,Clerk and Register of Deeds,,DEM,John J. Gleason,348
Genesee,Flushing Township Precinct 3,Clerk and Register of Deeds,,DEM,Renee' D. Watson,178
Genesee,Flushing Township Precinct 3,Clerk and Register of Deeds,,REP,Jesse Couch,269
Genesee,Flushing Township Precinct 3,County Commissioner,7,DEM,Martin L. Cousineau,442
Genesee,Flushing Township Precinct 3,County Commissioner,7,REP,Meredith Faye Davis (W),32
Genesee,Flushing Township Precinct 3,County Treasurer,,DEM,Deborah Cherry,472
Genesee,Flushing Township Precinct 3,County Treasurer,,REP,Deborah Hoss,262
Genesee,Flushing Township Precinct 3,Drain Commissioner,,DEM,Jeff Wright,373
Genesee,Flushing Township Precinct 3,Drain Commissioner,,DEM,Travis R. Wines,114
Genesee,Flushing Township Precinct 3,Flushing Township Clerk,,REP,Wendy D. Meinburg,264
Genesee,Flushing Township Precinct 3,Flushing Township Supervisor,,REP,Frederick Thorsby,274
Genesee,Flushing Township Precinct 3,Flushing Township Treasurer,,REP,Terry A. Peck,270
Genesee,Flushing Township Precinct 3,Flushing Township Trustee,,DEM,Jenifer Almassy,341
Genesee,Flushing Township Precinct 3,Flushing Township Trustee,,REP,Bill Bain,218
Genesee,Flushing Township Precinct 3,Flushing Township Trustee,,REP,Linda Minarik,219
Genesee,Flushing Township Precinct 3,Flushing Township Trustee,,REP,Sharilynn K. Willette,217
Genesee,Flushing Township Precinct 3,Flushing Township Trustee,,REP,William Westenbarger,228
Genesee,Flushing Township Precinct 3,Mass Transportation Authority Millage Replacement Proposal,,,No,349
Genesee,Flushing Township Precinct 3,Mass Transportation Authority Millage Replacement Proposal,,,Yes,516
Genesee,Flushing Township Precinct 3,Prosecuting Attorney,,DEM,David Leyton,386
Genesee,Flushing Township Precinct 3,Prosecuting Attorney,,DEM,Trachelle C. Young,137
Genesee,Flushing Township Precinct 3,Registered Voters,,,,2489
Genesee,Flushing Township Precinct 3,Sheriff,,DEM,Christopher R. Swanson,408
Genesee,Flushing Township Precinct 3,Sheriff,,DEM,Phil Hart,81
Genesee,Flushing Township Precinct 3,Sheriff,,DEM,Timothy Johnson,40
Genesee,Flushing Township Precinct 3,Sheriff,,REP,Stephen Sanford,248
Genesee,Flushing Township Precinct 3,State House,51,DEM,Brad May,248
Genesee,Flushing Township Precinct 3,State House,51,DEM,Conner Wallace,163
Genesee,Flushing Township Precinct 3,State House,51,REP,Mike Mueller,292
Genesee,Flushing Township Precinct 3,Surveyor,,DEM,Kim Carlson,434
Genesee,Flushing Township Precinct 3,U.S. House,5,DEM,Daniel T. Kildee,491
Genesee,Flushing Township Precinct 3,U.S. House,5,REP,Earl Lackie,64
Genesee,Flushing Township Precinct 3,U.S. House,5,REP,Tim Kelly,219
Genesee,Flushing Township Precinct 3,U.S. Senate,,DEM,Gary Peters,485
Genesee,Flushing Township Precinct 3,U.S. Senate,,REP,John James,310
Genesee,Flushing Township Precinct 4,Animal Control Shelter Millage Renewal Proposal,,,No,191
Genesee,Flushing Township Precinct 4,Animal Control Shelter Millage Renewal Proposal,,,Yes,486
Genesee,Flushing Township Precinct 4,Ballots Cast,,,,742
Genesee,Flushing Township Precinct 4,Circuit Court Judge,7,,Chris Christenson,277
Genesee,Flushing Township Precinct 4,Circuit Court Judge,7,,Herman Marable Jr.,89
Genesee,Flushing Township Precinct 4,Circuit Court Judge,7,,Stephanie Witucki,171
Genesee,Flushing Township Precinct 4,Clerk and Register of Deeds,,DEM,John J. Gleason,305
Genesee,Flushing Township Precinct 4,Clerk and Register of Deeds,,DEM,Renee' D. Watson,127
Genesee,Flushing Township Precinct 4,Clerk and Register of Deeds,,REP,Jesse Couch,208
Genesee,Flushing Township Precinct 4,County Commissioner,7,DEM,Martin L. Cousineau,375
Genesee,Flushing Township Precinct 4,County Commissioner,7,REP,Meredith Faye Davis (W),19
Genesee,Flushing Township Precinct 4,County Treasurer,,DEM,Deborah Cherry,400
Genesee,Flushing Township Precinct 4,County Treasurer,,REP,Deborah Hoss,206
Genesee,Flushing Township Precinct 4,Drain Commissioner,,DEM,Jeff Wright,311
Genesee,Flushing Township Precinct 4,Drain Commissioner,,DEM,Travis R. Wines,95
Genesee,Flushing Township Precinct 4,Flushing Township Clerk,,REP,Wendy D. Meinburg,213
Genesee,Flushing Township Precinct 4,Flushing Township Supervisor,,REP,Frederick Thorsby,216
Genesee,Flushing Township Precinct 4,Flushing Township Treasurer,,REP,Terry A. Peck,211
Genesee,Flushing Township Precinct 4,Flushing Township Trustee,,DEM,Jenifer Almassy,312
Genesee,Flushing Township Precinct 4,Flushing Township Trustee,,REP,Bill Bain,171
Genesee,Flushing Township Precinct 4,Flushing Township Trustee,,REP,Linda Minarik,177
Genesee,Flushing Township Precinct 4,Flushing Township Trustee,,REP,Sharilynn K. Willette,186
Genesee,Flushing Township Precinct 4,Flushing Township Trustee,,REP,William Westenbarger,171
Genesee,Flushing Township Precinct 4,Mass Transportation Authority Millage Replacement Proposal,,,No,242
Genesee,Flushing Township Precinct 4,Mass Transportation Authority Millage Replacement Proposal,,,Yes,434
Genesee,Flushing Township Precinct 4,Prosecuting Attorney,,DEM,David Leyton,325
Genesee,Flushing Township Precinct 4,Prosecuting Attorney,,DEM,Trachelle C. Young,110
Genesee,Flushing Township Precinct 4,Registered Voters,,,,2016
Genesee,Flushing Township Precinct 4,Sheriff,,DEM,Christopher R. Swanson,304
Genesee,Flushing Township Precinct 4,Sheriff,,DEM,Phil Hart,81
Genesee,Flushing Township Precinct 4,Sheriff,,DEM,Timothy Johnson,47
Genesee,Flushing Township Precinct 4,Sheriff,,REP,Stephen Sanford,194
Genesee,Flushing Township Precinct 4,State House,51,DEM,Brad May,163
Genesee,Flushing Township Precinct 4,State House,51,DEM,Conner Wallace,193
Genesee,Flushing Township Precinct 4,State House,51,REP,Mike Mueller,233
Genesee,Flushing Township Precinct 4,Surveyor,,DEM,Kim Carlson,370
Genesee,Flushing Township Precinct 4,U.S. House,5,DEM,Daniel T. Kildee,416
Genesee,Flushing Township Precinct 4,U.S. House,5,REP,Earl Lackie,32
Genesee,Flushing Township Precinct 4,U.S. House,5,REP,Tim Kelly,194
Genesee,Flushing Township Precinct 4,U.S. Senate,,DEM,Gary Peters,419
Genesee,Flushing Township Precinct 4,U.S. Senate,,REP,John James,244
Genesee,Flushing Township Precinct 5,Animal Control Shelter Millage Renewal Proposal,,,No,62
Genesee,Flushing Township Precinct 5,Animal Control Shelter Millage Renewal Proposal,,,Yes,116
Genesee,Flushing Township Precinct 5,Ballots Cast,,,,194
Genesee,Flushing Township Precinct 5,Circuit Court Judge,7,,Chris Christenson,66
Genesee,Flushing Township Precinct 5,Circuit Court Judge,7,,Herman Marable Jr.,15
Genesee,Flushing Township Precinct 5,Circuit Court Judge,7,,Stephanie Witucki,43
Genesee,Flushing Township Precinct 5,Clerk and Register of Deeds,,DEM,John J. Gleason,59
Genesee,Flushing Township Precinct 5,Clerk and Register of Deeds,,DEM,Renee' D. Watson,25
Genesee,Flushing Township Precinct 5,Clerk and Register of Deeds,,REP,Jesse Couch,71
Genesee,Flushing Township Precinct 5,Clio Area Schools Sinking Fund Millage Renewal Proposal,,,No,3
Genesee,Flushing Township Precinct 5,Clio Area Schools Sinking Fund Millage Renewal Proposal,,,Yes,2
Genesee,Flushing Township Precinct 5,County Commissioner,7,DEM,Martin L. Cousineau,69
Genesee,Flushing Township Precinct 5,County Commissioner,7,REP,Meredith Faye Davis (W),12
Genesee,Flushing Township Precinct 5,County Treasurer,,DEM,Deborah Cherry,72
Genesee,Flushing Township Precinct 5,County Treasurer,,REP,Deborah Hoss,65
Genesee,Flushing Township Precinct 5,Drain Commissioner,,DEM,Jeff Wright,59
Genesee,Flushing Township Precinct 5,Drain Commissioner,,DEM,Travis R. Wines,18
Genesee,Flushing Township Precinct 5,Flushing Township Clerk,,REP,Wendy D. Meinburg,70
Genesee,Flushing Township Precinct 5,Flushing Township Supervisor,,REP,Frederick Thorsby,73
Genesee,Flushing Township Precinct 5,Flushing Township Treasurer,,REP,Terry A. Peck,75
Genesee,Flushing Township Precinct 5,Flushing Township Trustee,,DEM,Jenifer Almassy,61
Genesee,Flushing Township Precinct 5,Flushing Township Trustee,,REP,Bill Bain,57
Genesee,Flushing Township Precinct 5,Flushing Township Trustee,,REP,Linda Minarik,57
Genesee,Flushing Township Precinct 5,Flushing Township Trustee,,REP,Sharilynn K. Willette,51
Genesee,Flushing Township Precinct 5,Flushing Township Trustee,,REP,William Westenbarger,56
Genesee,Flushing Township Precinct 5,Mass Transportation Authority Millage Replacement Proposal,,,No,81
Genesee,Flushing Township Precinct 5,Mass Transportation Authority Millage Replacement Proposal,,,Yes,100
Genesee,Flushing Township Precinct 5,Prosecuting Attorney,,DEM,David Leyton,60
Genesee,Flushing Township Precinct 5,Prosecuting Attorney,,DEM,Trachelle C. Young,24
Genesee,Flushing Township Precinct 5,Registered Voters,,,,609
Genesee,Flushing Township Precinct 5,Sheriff,,DEM,Christopher R. Swanson,68
Genesee,Flushing Township Precinct 5,Sheriff,,DEM,Phil Hart,12
Genesee,Flushing Township Precinct 5,Sheriff,,DEM,Timothy Johnson,9
Genesee,Flushing Township Precinct 5,Sheriff,,REP,Stephen Sanford,61
Genesee,Flushing Township Precinct 5,State House,51,DEM,Brad May,32
Genesee,Flushing Township Precinct 5,State House,51,DEM,Conner Wallace,33
Genesee,Flushing Township Precinct 5,State House,51,REP,Mike Mueller,80
Genesee,Flushing Township Precinct 5,Surveyor,,DEM,Kim Carlson,68
Genesee,Flushing Township Precinct 5,U.S. House,5,DEM,Daniel T. Kildee,78
Genesee,Flushing Township Precinct 5,U.S. House,5,REP,Earl Lackie,16
Genesee,Flushing Township Precinct 5,U.S. House,5,REP,Tim Kelly,67
Genesee,Flushing Township Precinct 5,U.S. Senate,,DEM,Gary Peters,79
Genesee,Flushing Township Precinct 5,U.S. Senate,,REP,John James,86
Genesee,Forest Township Precinct 1,Animal Control Shelter Millage Renewal Proposal,,,No,83
Genesee,Forest Township Precinct 1,Animal Control Shelter Millage Renewal Proposal,,,Yes,203
Genesee,Forest Township Precinct 1,Ballots Cast,,,,307
Genesee,Forest Township Precinct 1,Circuit Court Judge,7,,Chris Christenson,86
Genesee,Forest Township Precinct 1,Circuit Court Judge,7,,Herman Marable Jr.,33
Genesee,Forest Township Precinct 1,Circuit Court Judge,7,,Stephanie Witucki,80
Genesee,Forest Township Precinct 1,Clerk and Register of Deeds,,DEM,John J. Gleason,112
Genesee,Forest Township Precinct 1,Clerk and Register of Deeds,,DEM,Renee' D. Watson,50
Genesee,Forest Township Precinct 1,Clerk and Register of Deeds,,REP,Jesse Couch,98
Genesee,Forest Township Precinct 1,County Commissioner,9,DEM,Ann Edwards,56
Genesee,Forest Township Precinct 1,County Commissioner,9,DEM,Gary Peppin,81
Genesee,Forest Township Precinct 1,County Commissioner,9,REP,Matthew Smith,94
Genesee,Forest Township Precinct 1,County Treasurer,,DEM,Deborah Cherry,145
Genesee,Forest Township Precinct 1,County Treasurer,,REP,Deborah Hoss,93
Genesee,Forest Township Precinct 1,Drain Commissioner,,DEM,Jeff Wright,102
Genesee,Forest Township Precinct 1,Drain Commissioner,,DEM,Travis R. Wines,47
Genesee,Forest Township Precinct 1,Forest Township Clerk,,DEM,Lisa Margrif,144
Genesee,Forest Township Precinct 1,Forest Township Supervisor,,DEM,Mary Ann Price,144
Genesee,Forest Township Precinct 1,Forest Township Treasurer,,DEM,Linda D. Smoke,147
Genesee,Forest Township Precinct 1,Forest Township Trustee,,DEM,Mark Martin,129
Genesee,Forest Township Precinct 1,Forest Township Trustee,,DEM,Sorge,102
Genesee,Forest Township Precinct 1,Mass Transportation Authority Millage Replacement Proposal,,,No,117
Genesee,Forest Township Precinct 1,Mass Transportation Authority Millage Replacement Proposal,,,Yes,180
Genesee,Forest Township Precinct 1,Prosecuting Attorney,,DEM,David Leyton,118
Genesee,Forest Township Precinct 1,Prosecuting Attorney,,DEM,Trachelle C. Young,40
Genesee,Forest Township Precinct 1,Registered Voters,,,,960
Genesee,Forest Township Precinct 1,Sheriff,,DEM,Christopher R. Swanson,122
Genesee,Forest Township Precinct 1,Sheriff,,DEM,Phil Hart,21
Genesee,Forest Township Precinct 1,Sheriff,,DEM,Timothy Johnson,17
Genesee,Forest Township Precinct 1,Sheriff,,REP,Stephen Sanford,94
Genesee,Forest Township Precinct 1,State House,48,DEM,Andalib Odulate,13
Genesee,Forest Township Precinct 1,State House,48,DEM,Sheryl Y. Kennedy,139
Genesee,Forest Township Precinct 1,State House,48,REP,David W. Martin,63
Genesee,Forest Township Precinct 1,State House,48,REP,Sherri J. Cross,45
Genesee,Forest Township Precinct 1,Surveyor,,DEM,Kim Carlson,129
Genesee,Forest Township Precinct 1,U.S. House,5,DEM,Daniel T. Kildee,151
Genesee,Forest Township Precinct 1,U.S. House,5,REP,Earl Lackie,23
Genesee,Forest Township Precinct 1,U.S. House,5,REP,Tim Kelly,87
Genesee,Forest Township Precinct 1,U.S. Senate,,DEM,Gary Peters,151
Genesee,Forest Township Precinct 1,U.S. Senate,,REP,John James,109
Genesee,Forest Township Precinct 2,Animal Control Shelter Millage Renewal Proposal,,,No,176
Genesee,Forest Township Precinct 2,Animal Control Shelter Millage Renewal Proposal,,,Yes,316
Genesee,Forest Township Precinct 2,Ballots Cast,,,,541
Genesee,Forest Township Precinct 2,Circuit Court Judge,7,,Chris Christenson,150
Genesee,Forest Township Precinct 2,Circuit Court Judge,7,,Herman Marable Jr.,57
Genesee,Forest Township Precinct 2,Circuit Court Judge,7,,Stephanie Witucki,112
Genesee,Forest Township Precinct 2,Clerk and Register of Deeds,,DEM,John J. Gleason,194
Genesee,Forest Township Precinct 2,Clerk and Register of Deeds,,DEM,Renee' D. Watson,91
Genesee,Forest Township Precinct 2,Clerk and Register of Deeds,,REP,Jesse Couch,167
Genesee,Forest Township Precinct 2,County Commissioner,9,DEM,Ann Edwards,137
Genesee,Forest Township Precinct 2,County Commissioner,9,DEM,Gary Peppin,132
Genesee,Forest Township Precinct 2,County Commissioner,9,REP,Matthew Smith,160
Genesee,Forest Township Precinct 2,County Treasurer,,DEM,Deborah Cherry,272
Genesee,Forest Township Precinct 2,County Treasurer,,REP,Deborah Hoss,164
Genesee,Forest Township Precinct 2,Drain Commissioner,,DEM,Jeff Wright,206
Genesee,Forest Township Precinct 2,Drain Commissioner,,DEM,Travis R. Wines,72
Genesee,Forest Township Precinct 2,Forest Township Clerk,,DEM,Lisa Margrif,264
Genesee,Forest Township Precinct 2,Forest Township Supervisor,,DEM,Mary Ann Price,269
Genesee,Forest Township Precinct 2,Forest Township Treasurer,,DEM,Linda D. Smoke,268
Genesee,Forest Township Precinct 2,Forest Township Trustee,,DEM,Mark Martin,238
Genesee,Forest Township Precinct 2,Forest Township Trustee,,DEM,Sorge,191
Genesee,Forest Township Precinct 2,Mass Transportation Authority Millage Replacement Proposal,,,No,197
Genesee,Forest Township Precinct 2,Mass Transportation Authority Millage Replacement Proposal,,,Yes,307
Genesee,Forest Township Precinct 2,Prosecuting Attorney,,DEM,David Leyton,224
Genesee,Forest Township Precinct 2,Prosecuting Attorney,,DEM,Trachelle C. Young,60
Genesee,Forest Township Precinct 2,Registered Voters,,,,1317
Genesee,Forest Township Precinct 2,Sheriff,,DEM,Christopher R. Swanson,184
Genesee,Forest Township Precinct 2,Sheriff,,DEM,Phil Hart,64
Genesee,Forest Township Precinct 2,Sheriff,,DEM,Timothy Johnson,37
Genesee,Forest Township Precinct 2,Sheriff,,REP,Stephen Sanford,158
Genesee,Forest Township Precinct 2,State House,48,DEM,Andalib Odulate,19
Genesee,Forest Township Precinct 2,State House,48,DEM,Sheryl Y. Kennedy,270
Genesee,Forest Township Precinct 2,State House,48,REP,David W. Martin,126
Genesee,Forest Township Precinct 2,State House,48,REP,Sherri J. Cross,59
Genesee,Forest Township Precinct 2,Surveyor,,DEM,Kim Carlson,252
Genesee,Forest Township Precinct 2,U.S. House,5,DEM,Daniel T. Kildee,279
Genesee,Forest Township Precinct 2,U.S. House,5,REP,Earl Lackie,60
Genesee,Forest Township Precinct 2,U.S. House,5,REP,Tim Kelly,123
Genesee,Forest Township Precinct 2,U.S. Senate,,DEM,Gary Peters,282
Genesee,Forest Township Precinct 2,U.S. Senate,,REP,John James,200
Genesee,Forest Township Precinct 3,Animal Control Shelter Millage Renewal Proposal,,,No,128
Genesee,Forest Township Precinct 3,Animal Control Shelter Millage Renewal Proposal,,,Yes,240
Genesee,Forest Township Precinct 3,Ballots Cast,,,,400
Genesee,Forest Township Precinct 3,Circuit Court Judge,7,,Chris Christenson,115
Genesee,Forest Township Precinct 3,Circuit Court Judge,7,,Herman Marable Jr.,60
Genesee,Forest Township Precinct 3,Circuit Court Judge,7,,Stephanie Witucki,87
Genesee,Forest Township Precinct 3,Clerk and Register of Deeds,,DEM,John J. Gleason,150
Genesee,Forest Township Precinct 3,Clerk and Register of Deeds,,DEM,Renee' D. Watson,70
Genesee,Forest Township Precinct 3,Clerk and Register of Deeds,,REP,Jesse Couch,118
Genesee,Forest Township Precinct 3,County Commissioner,9,DEM,Ann Edwards,96
Genesee,Forest Township Precinct 3,County Commissioner,9,DEM,Gary Peppin,105
Genesee,Forest Township Precinct 3,County Commissioner,9,REP,Matthew Smith,119
Genesee,Forest Township Precinct 3,County Treasurer,,DEM,Deborah Cherry,205
Genesee,Forest Township Precinct 3,County Treasurer,,REP,Deborah Hoss,115
Genesee,Forest Township Precinct 3,Drain Commissioner,,DEM,Jeff Wright,152
Genesee,Forest Township Precinct 3,Drain Commissioner,,DEM,Travis R. Wines,59
Genesee,Forest Township Precinct 3,Forest Township Clerk,,DEM,Lisa Margrif,192
Genesee,Forest Township Precinct 3,Forest Township Supervisor,,DEM,Mary Ann Price,194
Genesee,Forest Township Precinct 3,Forest Township Treasurer,,DEM,Linda D. Smoke,192
Genesee,Forest Township Precinct 3,Forest Township Trustee,,DEM,Mark Martin,179
Genesee,Forest Township Precinct 3,Forest Township Trustee,,DEM,Sorge,144
Genesee,Forest Township Precinct 3,Mass Transportation Authority Millage Replacement Proposal,,,No,158
Genesee,Forest Township Precinct 3,Mass Transportation Authority Millage Replacement Proposal,,,Yes,211
Genesee,Forest Township Precinct 3,Prosecuting Attorney,,DEM,David Leyton,179
Genesee,Forest Township Precinct 3,Prosecuting Attorney,,DEM,Trachelle C. Young,44
Genesee,Forest Township Precinct 3,Registered Voters,,,,1251
Genesee,Forest Township Precinct 3,Sheriff,,DEM,Christopher R. Swanson,163
Genesee,Forest Township Precinct 3,Sheriff,,DEM,Phil Hart,26
Genesee,Forest Township Precinct 3,Sheriff,,DEM,Timothy Johnson,34
Genesee,Forest Township Precinct 3,Sheriff,,REP,Stephen Sanford,117
Genesee,Forest Township Precinct 3,State House,48,DEM,Andalib Odulate,14
Genesee,Forest Township Precinct 3,State House,48,DEM,Sheryl Y. Kennedy,202
Genesee,Forest Township Precinct 3,State House,48,REP,David W. Martin,85
Genesee,Forest Township Precinct 3,State House,48,REP,Sherri J. Cross,52
Genesee,Forest Township Precinct 3,Surveyor,,DEM,Kim Carlson,192
Genesee,Forest Township Precinct 3,U.S. House,5,DEM,Daniel T. Kildee,212
Genesee,Forest Township Precinct 3,U.S. House,5,REP,Earl Lackie,28
Genesee,Forest Township Precinct 3,U.S. House,5,REP,Tim Kelly,105
Genesee,Forest Township Precinct 3,U.S. Senate,,DEM,Gary Peters,211
Genesee,Forest Township Precinct 3,U.S. Senate,,REP,John James,137
Genesee,Gaines Township Precinct 1,Animal Control Shelter Millage Renewal Proposal,,,No,207
Genesee,Gaines Township Precinct 1,Animal Control Shelter Millage Renewal Proposal,,,Yes,328
Genesee,Gaines Township Precinct 1,Ballots Cast,,,,605
Genesee,Gaines Township Precinct 1,Circuit Court Judge,7,,Chris Christenson,198
Genesee,Gaines Township Precinct 1,Circuit Court Judge,7,,Herman Marable Jr.,55
Genesee,Gaines Township Precinct 1,Circuit Court Judge,7,,Stephanie Witucki,136
Genesee,Gaines Township Precinct 1,Clerk and Register of Deeds,,DEM,John J. Gleason,187
Genesee,Gaines Township Precinct 1,Clerk and Register of Deeds,,DEM,Renee' D. Watson,117
Genesee,Gaines Township Precinct 1,Clerk and Register of Deeds,,REP,Jesse Couch,183
Genesee,Gaines Township Precinct 1,County Commissioner,8,DEM,Debra Newman,152
Genesee,Gaines Township Precinct 1,County Commissioner,8,DEM,Ted Henry,143
Genesee,Gaines Township Precinct 1,County Commissioner,8,REP,Rod Shumaker,184
Genesee,Gaines Township Precinct 1,County Treasurer,,DEM,Deborah Cherry,274
Genesee,Gaines Township Precinct 1,County Treasurer,,REP,Deborah Hoss,179
Genesee,Gaines Township Precinct 1,Drain Commissioner,,DEM,Jeff Wright,235
Genesee,Gaines Township Precinct 1,Drain Commissioner,,DEM,Travis R. Wines,59
Genesee,Gaines Township Precinct 1,Durand Area Schools I. Bonding Proposal,,,No,127
Genesee,Gaines Township Precinct 1,Durand Area Schools I. Bonding Proposal,,,Yes,102
Genesee,Gaines Township Precinct 1,Durand Area Schools II. Bonding Proposal,,,No,148
Genesee,Gaines Township Precinct 1,Durand Area Schools II. Bonding Proposal,,,Yes,80
Genesee,Gaines Township Precinct 1,Gaines Township Clerk,,REP,Karen D. Hawkins,175
Genesee,Gaines Township Precinct 1,Gaines Township Supervisor,,DEM,Lee Purdy,251
Genesee,Gaines Township Precinct 1,Gaines Township Supervisor,,REP,Paul J. Fortino,181
Genesee,Gaines Township Precinct 1,Gaines Township Treasurer,,DEM,Diane M. Hyrman,244
Genesee,Gaines Township Precinct 1,Gaines Township Trustee,,DEM,Rodney Fowler,231
Genesee,Gaines Township Precinct 1,Gaines Township Trustee,,REP,Leslie W. Casto,183
Genesee,Gaines Township Precinct 1,Mass Transportation Authority Millage Replacement Proposal,,,No,271
Genesee,Gaines Township Precinct 1,Mass Transportation Authority Millage Replacement Proposal,,,Yes,263
Genesee,Gaines Township Precinct 1,Prosecuting Attorney,,DEM,David Leyton,241
Genesee,Gaines Township Precinct 1,Prosecuting Attorney,,DEM,Trachelle C. Young,59
Genesee,Gaines Township Precinct 1,Registered Voters,,,,1564
Genesee,Gaines Township Precinct 1,Sheriff,,DEM,Christopher R. Swanson,257
Genesee,Gaines Township Precinct 1,Sheriff,,DEM,Phil Hart,40
Genesee,Gaines Township Precinct 1,Sheriff,,DEM,Timothy Johnson,18
Genesee,Gaines Township Precinct 1,Sheriff,,REP,Stephen Sanford,171
Genesee,Gaines Township Precinct 1,State House,51,DEM,Brad May,117
Genesee,Gaines Township Precinct 1,State House,51,DEM,Conner Wallace,127
Genesee,Gaines Township Precinct 1,State House,51,REP,Mike Mueller,213
Genesee,Gaines Township Precinct 1,Surveyor,,DEM,Kim Carlson,257
Genesee,Gaines Township Precinct 1,U.S. House,5,DEM,Daniel T. Kildee,293
Genesee,Gaines Township Precinct 1,U.S. House,5,REP,Earl Lackie,43
Genesee,Gaines Township Precinct 1,U.S. House,5,REP,Tim Kelly,149
Genesee,Gaines Township Precinct 1,U.S. Senate,,DEM,Gary Peters,286
Genesee,Gaines Township Precinct 1,U.S. Senate,,REP,John James,220
Genesee,Gaines Township Precinct 2,Animal Control Shelter Millage Renewal Proposal,,,No,132
Genesee,Gaines Township Precinct 2,Animal Control Shelter Millage Renewal Proposal,,,Yes,198
Genesee,Gaines Township Precinct 2,Ballots Cast,,,,362
Genesee,Gaines Township Precinct 2,Circuit Court Judge,7,,Chris Christenson,131
Genesee,Gaines Township Precinct 2,Circuit Court Judge,7,,Herman Marable Jr.,34
Genesee,Gaines Township Precinct 2,Circuit Court Judge,7,,Stephanie Witucki,66
Genesee,Gaines Township Precinct 2,Clerk and Register of Deeds,,DEM,John J. Gleason,131
Genesee,Gaines Township Precinct 2,Clerk and Register of Deeds,,DEM,Renee' D. Watson,64
Genesee,Gaines Township Precinct 2,Clerk and Register of Deeds,,REP,Jesse Couch,109
Genesee,Gaines Township Precinct 2,County Commissioner,8,DEM,Debra Newman,98
Genesee,Gaines Township Precinct 2,County Commissioner,8,DEM,Ted Henry,94
Genesee,Gaines Township Precinct 2,County Commissioner,8,REP,Rod Shumaker,103
Genesee,Gaines Township Precinct 2,County Treasurer,,DEM,Deborah Cherry,175
Genesee,Gaines Township Precinct 2,County Treasurer,,REP,Deborah Hoss,107
Genesee,Gaines Township Precinct 2,Drain Commissioner,,DEM,Jeff Wright,131
Genesee,Gaines Township Precinct 2,Drain Commissioner,,DEM,Travis R. Wines,57
Genesee,Gaines Township Precinct 2,Gaines Township Clerk,,REP,Karen D. Hawkins,96
Genesee,Gaines Township Precinct 2,Gaines Township Supervisor,,DEM,Lee Purdy,162
Genesee,Gaines Township Precinct 2,Gaines Township Supervisor,,REP,Paul J. Fortino,96
Genesee,Gaines Township Precinct 2,Gaines Township Treasurer,,DEM,Diane M. Hyrman,149
Genesee,Gaines Township Precinct 2,Gaines Township Trustee,,DEM,Rodney Fowler,153
Genesee,Gaines Township Precinct 2,Gaines Township Trustee,,REP,Leslie W. Casto,92
Genesee,Gaines Township Precinct 2,Mass Transportation Authority Millage Replacement Proposal,,,No,186
Genesee,Gaines Township Precinct 2,Mass Transportation Authority Millage Replacement Proposal,,,Yes,139
Genesee,Gaines Township Precinct 2,Prosecuting Attorney,,DEM,David Leyton,172
Genesee,Gaines Township Precinct 2,Prosecuting Attorney,,DEM,Trachelle C. Young,30
Genesee,Gaines Township Precinct 2,Registered Voters,,,,1132
Genesee,Gaines Township Precinct 2,Sheriff,,DEM,Christopher R. Swanson,146
Genesee,Gaines Township Precinct 2,Sheriff,,DEM,Phil Hart,46
Genesee,Gaines Township Precinct 2,Sheriff,,DEM,Timothy Johnson,9
Genesee,Gaines Township Precinct 2,Sheriff,,REP,Stephen Sanford,110
Genesee,Gaines Township Precinct 2,State House,51,DEM,Brad May,104
Genesee,Gaines Township Precinct 2,State House,51,DEM,Conner Wallace,73
Genesee,Gaines Township Precinct 2,State House,51,REP,Mike Mueller,123
Genesee,Gaines Township Precinct 2,Surveyor,,DEM,Kim Carlson,168
Genesee,Gaines Township Precinct 2,U.S. House,5,DEM,Daniel T. Kildee,192
Genesee,Gaines Township Precinct 2,U.S. House,5,REP,Earl Lackie,29
Genesee,Gaines Township Precinct 2,U.S. House,5,REP,Tim Kelly,92
Genesee,Gaines Township Precinct 2,U.S. Senate,,DEM,Gary Peters,189
Genesee,Gaines Township Precinct 2,U.S. Senate,,REP,John James,128
Genesee,Gaines Township Precinct 3,Animal Control Shelter Millage Renewal Proposal,,,No,110
Genesee,Gaines Township Precinct 3,Animal Control Shelter Millage Renewal Proposal,,,Yes,168
Genesee,Gaines Township Precinct 3,Ballots Cast,,,,306
Genesee,Gaines Township Precinct 3,Circuit Court Judge,7,,Chris Christenson,106
Genesee,Gaines Township Precinct 3,Circuit Court Judge,7,,Herman Marable Jr.,29
Genesee,Gaines Township Precinct 3,Circuit Court Judge,7,,Stephanie Witucki,61
Genesee,Gaines Township Precinct 3,Clerk and Register of Deeds,,DEM,John J. Gleason,87
Genesee,Gaines Township Precinct 3,Clerk and Register of Deeds,,DEM,Renee' D. Watson,50
Genesee,Gaines Township Precinct 3,Clerk and Register of Deeds,,REP,Jesse Couch,100
Genesee,Gaines Township Precinct 3,County Commissioner,8,DEM,Debra Newman,62
Genesee,Gaines Township Precinct 3,County Commissioner,8,DEM,Ted Henry,72
Genesee,Gaines Township Precinct 3,County Commissioner,8,REP,Rod Shumaker,96
Genesee,Gaines Township Precinct 3,County Treasurer,,DEM,Deborah Cherry,129
Genesee,Gaines Township Precinct 3,County Treasurer,,REP,Deborah Hoss,90
Genesee,Gaines Township Precinct 3,Drain Commissioner,,DEM,Jeff Wright,98
Genesee,Gaines Township Precinct 3,Drain Commissioner,,DEM,Travis R. Wines,36
Genesee,Gaines Township Precinct 3,Durand Area Schools I. Bonding Proposal,,,No,48
Genesee,Gaines Township Precinct 3,Durand Area Schools I. Bonding Proposal,,,Yes,47
Genesee,Gaines Township Precinct 3,Durand Area Schools II. Bonding Proposal,,,No,61
Genesee,Gaines Township Precinct 3,Durand Area Schools II. Bonding Proposal,,,Yes,34
Genesee,Gaines Township Precinct 3,Gaines Township Clerk,,REP,Karen D. Hawkins,95
Genesee,Gaines Township Precinct 3,Gaines Township Supervisor,,DEM,Lee Purdy,127
Genesee,Gaines Township Precinct 3,Gaines Township Supervisor,,REP,Paul J. Fortino,96
Genesee,Gaines Township Precinct 3,Gaines Township Treasurer,,DEM,Diane M. Hyrman,122
Genesee,Gaines Township Precinct 3,Gaines Township Trustee,,DEM,Rodney Fowler,119
Genesee,Gaines Township Precinct 3,Gaines Township Trustee,,REP,Leslie W. Casto,89
Genesee,Gaines Township Precinct 3,Mass Transportation Authority Millage Replacement Proposal,,,No,150
Genesee,Gaines Township Precinct 3,Mass Transportation Authority Millage Replacement Proposal,,,Yes,136
Genesee,Gaines Township Precinct 3,Prosecuting Attorney,,DEM,David Leyton,108
Genesee,Gaines Township Precinct 3,Prosecuting Attorney,,DEM,Trachelle C. Young,33
Genesee,Gaines Township Precinct 3,Registered Voters,,,,841
Genesee,Gaines Township Precinct 3,Sheriff,,DEM,Christopher R. Swanson,109
Genesee,Gaines Township Precinct 3,Sheriff,,DEM,Phil Hart,21
Genesee,Gaines Township Precinct 3,Sheriff,,DEM,Timothy Johnson,20
Genesee,Gaines Township Precinct 3,Sheriff,,REP,Stephen Sanford,92
Genesee,Gaines Township Precinct 3,State House,51,DEM,Brad May,65
Genesee,Gaines Township Precinct 3,State House,51,DEM,Conner Wallace,47
Genesee,Gaines Township Precinct 3,State House,51,REP,Mike Mueller,115
Genesee,Gaines Township Precinct 3,Surveyor,,DEM,Kim Carlson,118
Genesee,Gaines Township Precinct 3,U.S. House,5,DEM,Daniel T. Kildee,135
Genesee,Gaines Township Precinct 3,U.S. House,5,REP,Earl Lackie,32
Genesee,Gaines Township Precinct 3,U.S. House,5,REP,Tim Kelly,80
Genesee,Gaines Township Precinct 3,U.S. Senate,,DEM,Gary Peters,131
Genesee,Gaines Township Precinct 3,U.S. Senate,,REP,John James,124
Genesee,Gaines Township Precinct 4,Animal Control Shelter Millage Renewal Proposal,,,No,210
Genesee,Gaines Township Precinct 4,Animal Control Shelter Millage Renewal Proposal,,,Yes,307
Genesee,Gaines Township Precinct 4,Ballots Cast,,,,566
Genesee,Gaines Township Precinct 4,Circuit Court Judge,7,,Chris Christenson,205
Genesee,Gaines Township Precinct 4,Circuit Court Judge,7,,Herman Marable Jr.,47
Genesee,Gaines Township Precinct 4,Circuit Court Judge,7,,Stephanie Witucki,137
Genesee,Gaines Township Precinct 4,Clerk and Register of Deeds,,DEM,John J. Gleason,202
Genesee,Gaines Township Precinct 4,Clerk and Register of Deeds,,DEM,Renee' D. Watson,78
Genesee,Gaines Township Precinct 4,Clerk and Register of Deeds,,REP,Jesse Couch,201
Genesee,Gaines Township Precinct 4,County Commissioner,8,DEM,Debra Newman,112
Genesee,Gaines Township Precinct 4,County Commissioner,8,DEM,Ted Henry,163
Genesee,Gaines Township Precinct 4,County Commissioner,8,REP,Rod Shumaker,191
Genesee,Gaines Township Precinct 4,County Treasurer,,DEM,Deborah Cherry,254
Genesee,Gaines Township Precinct 4,County Treasurer,,REP,Deborah Hoss,192
Genesee,Gaines Township Precinct 4,Drain Commissioner,,DEM,Jeff Wright,184
Genesee,Gaines Township Precinct 4,Drain Commissioner,,DEM,Travis R. Wines,86
Genesee,Gaines Township Precinct 4,Gaines Township Clerk,,REP,Karen D. Hawkins,194
Genesee,Gaines Township Precinct 4,Gaines Township Supervisor,,DEM,Lee Purdy,256
Genesee,Gaines Township Precinct 4,Gaines Township Supervisor,,REP,Paul J. Fortino,182
Genesee,Gaines Township Precinct 4,Gaines Township Treasurer,,DEM,Diane M. Hyrman,241
Genesee,Gaines Township Precinct 4,Gaines Township Trustee,,DEM,Rodney Fowler,233
Genesee,Gaines Township Precinct 4,Gaines Township Trustee,,REP,Leslie W. Casto,194
Genesee,Gaines Township Precinct 4,Mass Transportation Authority Millage Replacement Proposal,,,No,283
Genesee,Gaines Township Precinct 4,Mass Transportation Authority Millage Replacement Proposal,,,Yes,250
Genesee,Gaines Township Precinct 4,Prosecuting Attorney,,DEM,David Leyton,238
Genesee,Gaines Township Precinct 4,Prosecuting Attorney,,DEM,Trachelle C. Young,48
Genesee,Gaines Township Precinct 4,Registered Voters,,,,1735
Genesee,Gaines Township Precinct 4,Sheriff,,DEM,Christopher R. Swanson,237
Genesee,Gaines Township Precinct 4,Sheriff,,DEM,Phil Hart,38
Genesee,Gaines Township Precinct 4,Sheriff,,DEM,Timothy Johnson,16
Genesee,Gaines Township Precinct 4,Sheriff,,REP,Stephen Sanford,187
Genesee,Gaines Township Precinct 4,State House,51,DEM,Brad May,141
Genesee,Gaines Township Precinct 4,State House,51,DEM,Conner Wallace,94
Genesee,Gaines Township Precinct 4,State House,51,REP,Mike Mueller,219
Genesee,Gaines Township Precinct 4,Surveyor,,DEM,Kim Carlson,246
Genesee,Gaines Township Precinct 4,U.S. House,5,DEM,Daniel T. Kildee,271
Genesee,Gaines Township Precinct 4,U.S. House,5,REP,Earl Lackie,31
Genesee,Gaines Township Precinct 4,U.S. House,5,REP,Tim Kelly,184
Genesee,Gaines Township Precinct 4,U.S. Senate,,DEM,Gary Peters,270
Genesee,Gaines Township Precinct 4,U.S. Senate,,REP,John James,225
Genesee,Genesee Township Precinct 1,Animal Control Shelter Millage Renewal Proposal,,,No,82
Genesee,Genesee Township Precinct 1,Animal Control Shelter Millage Renewal Proposal,,,Yes,196
Genesee,Genesee Township Precinct 1,Ballots Cast,,,,319
Genesee,Genesee Township Precinct 1,Circuit Court Judge,7,,Chris Christenson,96
Genesee,Genesee Township Precinct 1,Circuit Court Judge,7,,Herman Marable Jr.,57
Genesee,Genesee Township Precinct 1,Circuit Court Judge,7,,Stephanie Witucki,55
Genesee,Genesee Township Precinct 1,Clerk and Register of Deeds,,DEM,John J. Gleason,123
Genesee,Genesee Township Precinct 1,Clerk and Register of Deeds,,DEM,Renee' D. Watson,81
Genesee,Genesee Township Precinct 1,Clerk and Register of Deeds,,REP,Jesse Couch,82
Genesee,Genesee Township Precinct 1,County Commissioner,1,DEM,Bryant Nolden,191
Genesee,Genesee Township Precinct 1,County Treasurer,,DEM,Deborah Cherry,191
Genesee,Genesee Township Precinct 1,County Treasurer,,REP,Deborah Hoss,76
Genesee,Genesee Township Precinct 1,Drain Commissioner,,DEM,Jeff Wright,138
Genesee,Genesee Township Precinct 1,Drain Commissioner,,DEM,Travis R. Wines,59
Genesee,Genesee Township Precinct 1,Genesee Township Clerk,,DEM,Wayne Bates,187
Genesee,Genesee Township Precinct 1,Genesee Township Supervisor,,DEM,Dan Eashoo,88
Genesee,Genesee Township Precinct 1,Genesee Township Supervisor,,DEM,Steve Myers,61
Genesee,Genesee Township Precinct 1,Genesee Township Supervisor,,DEM,Steven Fuhr,49
Genesee,Genesee Township Precinct 1,Genesee Township Supervisor,,REP,Dana Whitehead,85
Genesee,Genesee Township Precinct 1,Genesee Township Treasurer,,DEM,Tod Sorensen,182
Genesee,Genesee Township Precinct 1,Genesee Township Trustee,,DEM,Ashley Witte,133
Genesee,Genesee Township Precinct 1,Genesee Township Trustee,,DEM,Kathy Sutton,132
Genesee,Genesee Township Precinct 1,Genesee Township Trustee,,DEM,Keith Harvey,81
Genesee,Genesee Township Precinct 1,Genesee Township Trustee,,DEM,Richard E. Burrus,95
Genesee,Genesee Township Precinct 1,Genesee Township Trustee,,DEM,Ron Fenner,80
Genesee,Genesee Township Precinct 1,Genesee Township Trustee,,DEM,Thomas Jean,77
Genesee,Genesee Township Precinct 1,Genesee Township Trustee,,REP,Judy Climer,72
Genesee,Genesee Township Precinct 1,Mass Transportation Authority Millage Replacement Proposal,,,No,114
Genesee,Genesee Township Precinct 1,Mass Transportation Authority Millage Replacement Proposal,,,Yes,181
Genesee,Genesee Township Precinct 1,Prosecuting Attorney,,DEM,David Leyton,150
Genesee,Genesee Township Precinct 1,Prosecuting Attorney,,DEM,Trachelle C. Young,53
Genesee,Genesee Township Precinct 1,Registered Voters,,,,1418
Genesee,Genesee Township Precinct 1,Sheriff,,DEM,Christopher R. Swanson,137
Genesee,Genesee Township Precinct 1,Sheriff,,DEM,Phil Hart,31
Genesee,Genesee Township Precinct 1,Sheriff,,DEM,Timothy Johnson,34
Genesee,Genesee Township Precinct 1,Sheriff,,REP,Stephen Sanford,77
Genesee,Genesee Township Precinct 1,State House,48,DEM,Andalib Odulate,26
Genesee,Genesee Township Precinct 1,State House,48,DEM,Sheryl Y. Kennedy,171
Genesee,Genesee Township Precinct 1,State House,48,REP,David W. Martin,63
Genesee,Genesee Township Precinct 1,State House,48,REP,Sherri J. Cross,23
Genesee,Genesee Township Precinct 1,Surveyor,,DEM,Kim Carlson,191
Genesee,Genesee Township Precinct 1,U.S. House,5,DEM,Daniel T. Kildee,201
Genesee,Genesee Township Precinct 1,U.S. House,5,REP,Earl Lackie,30
Genesee,Genesee Township Precinct 1,U.S. House,5,REP,Tim Kelly,54
Genesee,Genesee Township Precinct 1,U.S. Senate,,DEM,Gary Peters,198
Genesee,Genesee Township Precinct 1,U.S. Senate,,REP,John James,88
Genesee,Genesee Township Precinct 2,Animal Control Shelter Millage Renewal Proposal,,,No,66
Genesee,Genesee Township Precinct 2,Animal Control Shelter Millage Renewal Proposal,,,Yes,184
Genesee,Genesee Township Precinct 2,Ballots Cast,,,,288
Genesee,Genesee Township Precinct 2,Circuit Court Judge,7,,Chris Christenson,47
Genesee,Genesee Township Precinct 2,Circuit Court Judge,7,,Herman Marable Jr.,136
Genesee,Genesee Township Precinct 2,Circuit Court Judge,7,,Stephanie Witucki,39
Genesee,Genesee Township Precinct 2,Clerk and Register of Deeds,,DEM,John J. Gleason,139
Genesee,Genesee Township Precinct 2,Clerk and Register of Deeds,,DEM,Renee' D. Watson,126
Genesee,Genesee Township Precinct 2,Clerk and Register of Deeds,,REP,Jesse Couch,15
Genesee,Genesee Township Precinct 2,County Commissioner,1,DEM,Bryant Nolden,254
Genesee,Genesee Township Precinct 2,County Treasurer,,DEM,Deborah Cherry,256
Genesee,Genesee Township Precinct 2,County Treasurer,,REP,Deborah Hoss,14
Genesee,Genesee Township Precinct 2,Drain Commissioner,,DEM,Jeff Wright,163
Genesee,Genesee Township Precinct 2,Drain Commissioner,,DEM,Travis R. Wines,92
Genesee,Genesee Township Precinct 2,Genesee Township Clerk,,DEM,Wayne Bates,248
Genesee,Genesee Township Precinct 2,Genesee Township Supervisor,,DEM,Dan Eashoo,87
Genesee,Genesee Township Precinct 2,Genesee Township Supervisor,,DEM,Steve Myers,83
Genesee,Genesee Township Precinct 2,Genesee Township Supervisor,,DEM,Steven Fuhr,84
Genesee,Genesee Township Precinct 2,Genesee Township Supervisor,,REP,Dana Whitehead,14
Genesee,Genesee Township Precinct 2,Genesee Township Treasurer,,DEM,Tod Sorensen,243
Genesee,Genesee Township Precinct 2,Genesee Township Trustee,,DEM,Ashley Witte,165
Genesee,Genesee Township Precinct 2,Genesee Township Trustee,,DEM,Kathy Sutton,185
Genesee,Genesee Township Precinct 2,Genesee Township Trustee,,DEM,Keith Harvey,125
Genesee,Genesee Township Precinct 2,Genesee Township Trustee,,DEM,Richard E. Burrus,100
Genesee,Genesee Township Precinct 2,Genesee Township Trustee,,DEM,Ron Fenner,82
Genesee,Genesee Township Precinct 2,Genesee Township Trustee,,DEM,Thomas Jean,104
Genesee,Genesee Township Precinct 2,Genesee Township Trustee,,REP,Judy Climer,14
Genesee,Genesee Township Precinct 2,Mass Transportation Authority Millage Replacement Proposal,,,No,49
Genesee,Genesee Township Precinct 2,Mass Transportation Authority Millage Replacement Proposal,,,Yes,199
Genesee,Genesee Township Precinct 2,Prosecuting Attorney,,DEM,David Leyton,132
Genesee,Genesee Township Precinct 2,Prosecuting Attorney,,DEM,Trachelle C. Young,133
Genesee,Genesee Township Precinct 2,Registered Voters,,,,1542
Genesee,Genesee Township Precinct 2,Sheriff,,DEM,Christopher R. Swanson,137
Genesee,Genesee Township Precinct 2,Sheriff,,DEM,Phil Hart,21
Genesee,Genesee Township Precinct 2,Sheriff,,DEM,Timothy Johnson,107
Genesee,Genesee Township Precinct 2,Sheriff,,REP,Stephen Sanford,15
Genesee,Genesee Township Precinct 2,State House,48,DEM,Andalib Odulate,42
Genesee,Genesee Township Precinct 2,State House,48,DEM,Sheryl Y. Kennedy,208
Genesee,Genesee Township Precinct 2,State House,48,REP,David W. Martin,6
Genesee,Genesee Township Precinct 2,State House,48,REP,Sherri J. Cross,10
Genesee,Genesee Township Precinct 2,Surveyor,,DEM,Kim Carlson,247
Genesee,Genesee Township Precinct 2,U.S. House,5,DEM,Daniel T. Kildee,261
Genesee,Genesee Township Precinct 2,U.S. House,5,REP,Earl Lackie,5
Genesee,Genesee Township Precinct 2,U.S. House,5,REP,Tim Kelly,11
Genesee,Genesee Township Precinct 2,U.S. Senate,,DEM,Gary Peters,258
Genesee,Genesee Township Precinct 2,U.S. Senate,,REP,John James,15
Genesee,Genesee Township Precinct 3,Animal Control Shelter Millage Renewal Proposal,,,No,82
Genesee,Genesee Township Precinct 3,Animal Control Shelter Millage Renewal Proposal,,,Yes,248
Genesee,Genesee Township Precinct 3,Ballots Cast,,,,377
Genesee,Genesee Township Precinct 3,Circuit Court Judge,7,,Chris Christenson,119
Genesee,Genesee Township Precinct 3,Circuit Court Judge,7,,Herman Marable Jr.,60
Genesee,Genesee Township Precinct 3,Circuit Court Judge,7,,Stephanie Witucki,57
Genesee,Genesee Township Precinct 3,Clerk and Register of Deeds,,DEM,John J. Gleason,162
Genesee,Genesee Township Precinct 3,Clerk and Register of Deeds,,DEM,Renee' D. Watson,75
Genesee,Genesee Township Precinct 3,Clerk and Register of Deeds,,REP,Jesse Couch,86
Genesee,Genesee Township Precinct 3,County Commissioner,1,DEM,Bryant Nolden,221
Genesee,Genesee Township Precinct 3,County Treasurer,,DEM,Deborah Cherry,230
Genesee,Genesee Township Precinct 3,County Treasurer,,REP,Deborah Hoss,87
Genesee,Genesee Township Precinct 3,Drain Commissioner,,DEM,Jeff Wright,181
Genesee,Genesee Township Precinct 3,Drain Commissioner,,DEM,Travis R. Wines,50
Genesee,Genesee Township Precinct 3,Genesee Township Clerk,,DEM,Wayne Bates,219
Genesee,Genesee Township Precinct 3,Genesee Township Supervisor,,DEM,Dan Eashoo,87
Genesee,Genesee Township Precinct 3,Genesee Township Supervisor,,DEM,Steve Myers,74
Genesee,Genesee Township Precinct 3,Genesee Township Supervisor,,DEM,Steven Fuhr,64
Genesee,Genesee Township Precinct 3,Genesee Township Supervisor,,REP,Dana Whitehead,85
Genesee,Genesee Township Precinct 3,Genesee Township Treasurer,,DEM,Tod Sorensen,222
Genesee,Genesee Township Precinct 3,Genesee Township Trustee,,DEM,Ashley Witte,149
Genesee,Genesee Township Precinct 3,Genesee Township Trustee,,DEM,Kathy Sutton,178
Genesee,Genesee Township Precinct 3,Genesee Township Trustee,,DEM,Keith Harvey,100
Genesee,Genesee Township Precinct 3,Genesee Township Trustee,,DEM,Richard E. Burrus,126
Genesee,Genesee Township Precinct 3,Genesee Township Trustee,,DEM,Ron Fenner,86
Genesee,Genesee Township Precinct 3,Genesee Township Trustee,,DEM,Thomas Jean,97
Genesee,Genesee Township Precinct 3,Genesee Township Trustee,,REP,Judy Climer,79
Genesee,Genesee Township Precinct 3,Mass Transportation Authority Millage Replacement Proposal,,,No,109
Genesee,Genesee Township Precinct 3,Mass Transportation Authority Millage Replacement Proposal,,,Yes,235
Genesee,Genesee Township Precinct 3,Prosecuting Attorney,,DEM,David Leyton,169
Genesee,Genesee Township Precinct 3,Prosecuting Attorney,,DEM,Trachelle C. Young,70
Genesee,Genesee Township Precinct 3,Registered Voters,,,,1449
Genesee,Genesee Township Precinct 3,Sheriff,,DEM,Christopher R. Swanson,156
Genesee,Genesee Township Precinct 3,Sheriff,,DEM,Phil Hart,60
Genesee,Genesee Township Precinct 3,Sheriff,,DEM,Timothy Johnson,23
Genesee,Genesee Township Precinct 3,Sheriff,,REP,Stephen Sanford,82
Genesee,Genesee Township Precinct 3,State House,48,DEM,Andalib Odulate,24
Genesee,Genesee Township Precinct 3,State House,48,DEM,Sheryl Y. Kennedy,207
Genesee,Genesee Township Precinct 3,State House,48,REP,David W. Martin,59
Genesee,Genesee Township Precinct 3,State House,48,REP,Sherri J. Cross,35
Genesee,Genesee Township Precinct 3,Surveyor,,DEM,Kim Carlson,217
Genesee,Genesee Township Precinct 3,U.S. House,5,DEM,Daniel T. Kildee,236
Genesee,Genesee Township Precinct 3,U.S. House,5,REP,Earl Lackie,20
Genesee,Genesee Township Precinct 3,U.S. House,5,REP,Tim Kelly,75
Genesee,Genesee Township Precinct 3,U.S. Senate,,DEM,Gary Peters,230
Genesee,Genesee Township Precinct 3,U.S. Senate,,REP,John James,99
Genesee,Genesee Township Precinct 4,Animal Control Shelter Millage Renewal Proposal,,,No,179
Genesee,Genesee Township Precinct 4,Animal Control Shelter Millage Renewal Proposal,,,Yes,407
Genesee,Genesee Township Precinct 4,Ballots Cast,,,,642
Genesee,Genesee Township Precinct 4,Circuit Court Judge,7,,Chris Christenson,220
Genesee,Genesee Township Precinct 4,Circuit Court Judge,7,,Herman Marable Jr.,105
Genesee,Genesee Township Precinct 4,Circuit Court Judge,7,,Stephanie Witucki,111
Genesee,Genesee Township Precinct 4,Clerk and Register of Deeds,,DEM,John J. Gleason,301
Genesee,Genesee Township Precinct 4,Clerk and Register of Deeds,,DEM,Renee' D. Watson,113
Genesee,Genesee Township Precinct 4,Clerk and Register of Deeds,,REP,Jesse Couch,148
Genesee,Genesee Township Precinct 4,County Commissioner,9,DEM,Ann Edwards,243
Genesee,Genesee Township Precinct 4,County Commissioner,9,DEM,Gary Peppin,117
Genesee,Genesee Township Precinct 4,County Commissioner,9,REP,Matthew Smith,149
Genesee,Genesee Township Precinct 4,County Treasurer,,DEM,Deborah Cherry,381
Genesee,Genesee Township Precinct 4,County Treasurer,,REP,Deborah Hoss,150
Genesee,Genesee Township Precinct 4,Drain Commissioner,,DEM,Jeff Wright,284
Genesee,Genesee Township Precinct 4,Drain Commissioner,,DEM,Travis R. Wines,109
Genesee,Genesee Township Precinct 4,Genesee Township Clerk,,DEM,Wayne Bates,363
Genesee,Genesee Township Precinct 4,Genesee Township Supervisor,,DEM,Dan Eashoo,241
Genesee,Genesee Township Precinct 4,Genesee Township Supervisor,,DEM,Steve Myers,68
Genesee,Genesee Township Precinct 4,Genesee Township Supervisor,,DEM,Steven Fuhr,103
Genesee,Genesee Township Precinct 4,Genesee Township Supervisor,,REP,Dana Whitehead,147
Genesee,Genesee Township Precinct 4,Genesee Township Treasurer,,DEM,Tod Sorensen,357
Genesee,Genesee Township Precinct 4,Genesee Township Trustee,,DEM,Ashley Witte,270
Genesee,Genesee Township Precinct 4,Genesee Township Trustee,,DEM,Kathy Sutton,282
Genesee,Genesee Township Precinct 4,Genesee Township Trustee,,DEM,Keith Harvey,161
Genesee,Genesee Township Precinct 4,Genesee Township Trustee,,DEM,Richard E. Burrus,248
Genesee,Genesee Township Precinct 4,Genesee Township Trustee,,DEM,Ron Fenner,167
Genesee,Genesee Township Precinct 4,Genesee Township Trustee,,DEM,Thomas Jean,240
Genesee,Genesee Township Precinct 4,Genesee Township Trustee,,REP,Judy Climer,141
Genesee,Genesee Township Precinct 4,Mass Transportation Authority Millage Replacement Proposal,,,No,243
Genesee,Genesee Township Precinct 4,Mass Transportation Authority Millage Replacement Proposal,,,Yes,335
Genesee,Genesee Township Precinct 4,Prosecuting Attorney,,DEM,David Leyton,302
Genesee,Genesee Township Precinct 4,Prosecuting Attorney,,DEM,Trachelle C. Young,110
Genesee,Genesee Township Precinct 4,Registered Voters,,,,1959
Genesee,Genesee Township Precinct 4,Sheriff,,DEM,Christopher R. Swanson,263
Genesee,Genesee Township Precinct 4,Sheriff,,DEM,Phil Hart,76
Genesee,Genesee Township Precinct 4,Sheriff,,DEM,Timothy Johnson,76
Genesee,Genesee Township Precinct 4,Sheriff,,REP,Stephen Sanford,142
Genesee,Genesee Township Precinct 4,State House,48,DEM,Andalib Odulate,29
Genesee,Genesee Township Precinct 4,State House,48,DEM,Sheryl Y. Kennedy,363
Genesee,Genesee Township Precinct 4,State House,48,REP,David W. Martin,100
Genesee,Genesee Township Precinct 4,State House,48,REP,Sherri J. Cross,58
Genesee,Genesee Township Precinct 4,Surveyor,,DEM,Kim Carlson,356
Genesee,Genesee Township Precinct 4,U.S. House,5,DEM,Daniel T. Kildee,397
Genesee,Genesee Township Precinct 4,U.S. House,5,REP,Earl Lackie,37
Genesee,Genesee Township Precinct 4,U.S. House,5,REP,Tim Kelly,122
Genesee,Genesee Township Precinct 4,U.S. Senate,,DEM,Gary Peters,388
Genesee,Genesee Township Precinct 4,U.S. Senate,,REP,John James,166
Genesee,Genesee Township Precinct 5,Animal Control Shelter Millage Renewal Proposal,,,No,77
Genesee,Genesee Township Precinct 5,Animal Control Shelter Millage Renewal Proposal,,,Yes,244
Genesee,Genesee Township Precinct 5,Ballots Cast,,,,348
Genesee,Genesee Township Precinct 5,Circuit Court Judge,7,,Chris Christenson,105
Genesee,Genesee Township Precinct 5,Circuit Court Judge,7,,Herman Marable Jr.,59
Genesee,Genesee Township Precinct 5,Circuit Court Judge,7,,Stephanie Witucki,77
Genesee,Genesee Township Precinct 5,Clerk and Register of Deeds,,DEM,John J. Gleason,150
Genesee,Genesee Township Precinct 5,Clerk and Register of Deeds,,DEM,Renee' D. Watson,65
Genesee,Genesee Township Precinct 5,Clerk and Register of Deeds,,REP,Jesse Couch,82
Genesee,Genesee Township Precinct 5,County Commissioner,9,DEM,Ann Edwards,114
Genesee,Genesee Township Precinct 5,County Commissioner,9,DEM,Gary Peppin,79
Genesee,Genesee Township Precinct 5,County Commissioner,9,REP,Matthew Smith,81
Genesee,Genesee Township Precinct 5,County Treasurer,,DEM,Deborah Cherry,192
Genesee,Genesee Township Precinct 5,County Treasurer,,REP,Deborah Hoss,81
Genesee,Genesee Township Precinct 5,Drain Commissioner,,DEM,Jeff Wright,164
Genesee,Genesee Township Precinct 5,Drain Commissioner,,DEM,Travis R. Wines,49
Genesee,Genesee Township Precinct 5,Genesee Township Clerk,,DEM,Wayne Bates,174
Genesee,Genesee Township Precinct 5,Genesee Township Supervisor,,DEM,Dan Eashoo,100
Genesee,Genesee Township Precinct 5,Genesee Township Supervisor,,DEM,Steve Myers,35
Genesee,Genesee Township Precinct 5,Genesee Township Supervisor,,DEM,Steven Fuhr,67
Genesee,Genesee Township Precinct 5,Genesee Township Supervisor,,REP,Dana Whitehead,79
Genesee,Genesee Township Precinct 5,Genesee Township Treasurer,,DEM,Tod Sorensen,173
Genesee,Genesee Township Precinct 5,Genesee Township Trustee,,DEM,Ashley Witte,139
Genesee,Genesee Township Precinct 5,Genesee Township Trustee,,DEM,Kathy Sutton,142
Genesee,Genesee Township Precinct 5,Genesee Township Trustee,,DEM,Keith Harvey,67
Genesee,Genesee Township Precinct 5,Genesee Township Trustee,,DEM,Richard E. Burrus,97
Genesee,Genesee Township Precinct 5,Genesee Township Trustee,,DEM,Ron Fenner,95
Genesee,Genesee Township Precinct 5,Genesee Township Trustee,,DEM,Thomas Jean,103
Genesee,Genesee Township Precinct 5,Genesee Township Trustee,,REP,Judy Climer,68
Genesee,Genesee Township Precinct 5,Mass Transportation Authority Millage Replacement Proposal,,,No,118
Genesee,Genesee Township Precinct 5,Mass Transportation Authority Millage Replacement Proposal,,,Yes,206
Genesee,Genesee Township Precinct 5,Prosecuting Attorney,,DEM,David Leyton,165
Genesee,Genesee Township Precinct 5,Prosecuting Attorney,,DEM,Trachelle C. Young,55
Genesee,Genesee Township Precinct 5,Registered Voters,,,,1217
Genesee,Genesee Township Precinct 5,Sheriff,,DEM,Christopher R. Swanson,156
Genesee,Genesee Township Precinct 5,Sheriff,,DEM,Phil Hart,21
Genesee,Genesee Township Precinct 5,Sheriff,,DEM,Timothy Johnson,35
Genesee,Genesee Township Precinct 5,Sheriff,,REP,Stephen Sanford,74
Genesee,Genesee Township Precinct 5,State House,48,DEM,Andalib Odulate,16
Genesee,Genesee Township Precinct 5,State House,48,DEM,Sheryl Y. Kennedy,183
Genesee,Genesee Township Precinct 5,State House,48,REP,David W. Martin,55
Genesee,Genesee Township Precinct 5,State House,48,REP,Sherri J. Cross,36
Genesee,Genesee Township Precinct 5,Surveyor,,DEM,Kim Carlson,186
Genesee,Genesee Township Precinct 5,U.S. House,5,DEM,Daniel T. Kildee,205
Genesee,Genesee Township Precinct 5,U.S. House,5,REP,Earl Lackie,32
Genesee,Genesee Township Precinct 5,U.S. House,5,REP,Tim Kelly,59
Genesee,Genesee Township Precinct 5,U.S. Senate,,DEM,Gary Peters,199
Genesee,Genesee Township Precinct 5,U.S. Senate,,REP,John James,95
Genesee,Genesee Township Precinct 6,Animal Control Shelter Millage Renewal Proposal,,,No,111
Genesee,Genesee Township Precinct 6,Animal Control Shelter Millage Renewal Proposal,,,Yes,311
Genesee,Genesee Township Precinct 6,Ballots Cast,,,,465
Genesee,Genesee Township Precinct 6,Circuit Court Judge,7,,Chris Christenson,152
Genesee,Genesee Township Precinct 6,Circuit Court Judge,7,,Herman Marable Jr.,76
Genesee,Genesee Township Precinct 6,Circuit Court Judge,7,,Stephanie Witucki,92
Genesee,Genesee Township Precinct 6,Clerk and Register of Deeds,,DEM,John J. Gleason,216
Genesee,Genesee Township Precinct 6,Clerk and Register of Deeds,,DEM,Renee' D. Watson,92
Genesee,Genesee Township Precinct 6,Clerk and Register of Deeds,,REP,Jesse Couch,107
Genesee,Genesee Township Precinct 6,County Commissioner,9,DEM,Ann Edwards,172
Genesee,Genesee Township Precinct 6,County Commissioner,9,DEM,Gary Peppin,117
Genesee,Genesee Township Precinct 6,County Commissioner,9,REP,Matthew Smith,103
Genesee,Genesee Township Precinct 6,County Treasurer,,DEM,Deborah Cherry,298
Genesee,Genesee Township Precinct 6,County Treasurer,,REP,Deborah Hoss,103
Genesee,Genesee Township Precinct 6,Drain Commissioner,,DEM,Jeff Wright,204
Genesee,Genesee Township Precinct 6,Drain Commissioner,,DEM,Travis R. Wines,98
Genesee,Genesee Township Precinct 6,Genesee Township Clerk,,DEM,Wayne Bates,281
Genesee,Genesee Township Precinct 6,Genesee Township Supervisor,,DEM,Dan Eashoo,160
Genesee,Genesee Township Precinct 6,Genesee Township Supervisor,,DEM,Steve Myers,70
Genesee,Genesee Township Precinct 6,Genesee Township Supervisor,,DEM,Steven Fuhr,75
Genesee,Genesee Township Precinct 6,Genesee Township Supervisor,,REP,Dana Whitehead,109
Genesee,Genesee Township Precinct 6,Genesee Township Treasurer,,DEM,Tod Sorensen,283
Genesee,Genesee Township Precinct 6,Genesee Township Trustee,,DEM,Ashley Witte,197
Genesee,Genesee Township Precinct 6,Genesee Township Trustee,,DEM,Kathy Sutton,220
Genesee,Genesee Township Precinct 6,Genesee Township Trustee,,DEM,Keith Harvey,92
Genesee,Genesee Township Precinct 6,Genesee Township Trustee,,DEM,Richard E. Burrus,165
Genesee,Genesee Township Precinct 6,Genesee Township Trustee,,DEM,Ron Fenner,117
Genesee,Genesee Township Precinct 6,Genesee Township Trustee,,DEM,Thomas Jean,126
Genesee,Genesee Township Precinct 6,Genesee Township Trustee,,REP,Judy Climer,97
Genesee,Genesee Township Precinct 6,Mass Transportation Authority Millage Replacement Proposal,,,No,141
Genesee,Genesee Township Precinct 6,Mass Transportation Authority Millage Replacement Proposal,,,Yes,296
Genesee,Genesee Township Precinct 6,Prosecuting Attorney,,DEM,David Leyton,245
Genesee,Genesee Township Precinct 6,Prosecuting Attorney,,DEM,Trachelle C. Young,73
Genesee,Genesee Township Precinct 6,Registered Voters,,,,2341
Genesee,Genesee Township Precinct 6,Sheriff,,DEM,Christopher R. Swanson,221
Genesee,Genesee Township Precinct 6,Sheriff,,DEM,Phil Hart,61
Genesee,Genesee Township Precinct 6,Sheriff,,DEM,Timothy Johnson,30
Genesee,Genesee Township Precinct 6,Sheriff,,REP,Stephen Sanford,101
Genesee,Genesee Township Precinct 6,State House,48,DEM,Andalib Odulate,24
Genesee,Genesee Township Precinct 6,State House,48,DEM,Sheryl Y. Kennedy,276
Genesee,Genesee Township Precinct 6,State House,48,REP,David W. Martin,68
Genesee,Genesee Township Precinct 6,State House,48,REP,Sherri J. Cross,42
Genesee,Genesee Township Precinct 6,Surveyor,,DEM,Kim Carlson,280
Genesee,Genesee Township Precinct 6,U.S. House,5,DEM,Daniel T. Kildee,306
Genesee,Genesee Township Precinct 6,U.S. House,5,REP,Earl Lackie,25
Genesee,Genesee Township Precinct 6,U.S. House,5,REP,Tim Kelly,84
Genesee,Genesee Township Precinct 6,U.S. Senate,,DEM,Gary Peters,298
Genesee,Genesee Township Precinct 6,U.S. Senate,,REP,John James,112
Genesee,Genesee Township Precinct 7,Animal Control Shelter Millage Renewal Proposal,,,No,118
Genesee,Genesee Township Precinct 7,Animal Control Shelter Millage Renewal Proposal,,,Yes,347
Genesee,Genesee Township Precinct 7,Ballots Cast,,,,521
Genesee,Genesee Township Precinct 7,Circuit Court Judge,7,,Chris Christenson,190
Genesee,Genesee Township Precinct 7,Circuit Court Judge,7,,Herman Marable Jr.,66
Genesee,Genesee Township Precinct 7,Circuit Court Judge,7,,Stephanie Witucki,91
Genesee,Genesee Township Precinct 7,Clerk and Register of Deeds,,DEM,John J. Gleason,197
Genesee,Genesee Township Precinct 7,Clerk and Register of Deeds,,DEM,Renee' D. Watson,108
Genesee,Genesee Township Precinct 7,Clerk and Register of Deeds,,REP,Jesse Couch,152
Genesee,Genesee Township Precinct 7,County Commissioner,9,DEM,Ann Edwards,161
Genesee,Genesee Township Precinct 7,County Commissioner,9,DEM,Gary Peppin,114
Genesee,Genesee Township Precinct 7,County Commissioner,9,REP,Matthew Smith,150
Genesee,Genesee Township Precinct 7,County Treasurer,,DEM,Deborah Cherry,279
Genesee,Genesee Township Precinct 7,County Treasurer,,REP,Deborah Hoss,151
Genesee,Genesee Township Precinct 7,Drain Commissioner,,DEM,Jeff Wright,243
Genesee,Genesee Township Precinct 7,Drain Commissioner,,DEM,Travis R. Wines,54
Genesee,Genesee Township Precinct 7,Genesee Township Clerk,,DEM,Wayne Bates,270
Genesee,Genesee Township Precinct 7,Genesee Township Supervisor,,DEM,Dan Eashoo,124
Genesee,Genesee Township Precinct 7,Genesee Township Supervisor,,DEM,Steve Myers,58
Genesee,Genesee Township Precinct 7,Genesee Township Supervisor,,DEM,Steven Fuhr,120
Genesee,Genesee Township Precinct 7,Genesee Township Supervisor,,REP,Dana Whitehead,149
Genesee,Genesee Township Precinct 7,Genesee Township Treasurer,,DEM,Tod Sorensen,275
Genesee,Genesee Township Precinct 7,Genesee Township Trustee,,DEM,Ashley Witte,218
Genesee,Genesee Township Precinct 7,Genesee Township Trustee,,DEM,Kathy Sutton,241
Genesee,Genesee Township Precinct 7,Genesee Township Trustee,,DEM,Keith Harvey,118
Genesee,Genesee Township Precinct 7,Genesee Township Trustee,,DEM,Richard E. Burrus,185
Genesee,Genesee Township Precinct 7,Genesee Township Trustee,,DEM,Ron Fenner,101
Genesee,Genesee Township Precinct 7,Genesee Township Trustee,,DEM,Thomas Jean,130
Genesee,Genesee Township Precinct 7,Genesee Township Trustee,,REP,Judy Climer,147
Genesee,Genesee Township Precinct 7,Mass Transportation Authority Millage Replacement Proposal,,,No,173
Genesee,Genesee Township Precinct 7,Mass Transportation Authority Millage Replacement Proposal,,,Yes,301
Genesee,Genesee Township Precinct 7,Prosecuting Attorney,,DEM,David Leyton,249
Genesee,Genesee Township Precinct 7,Prosecuting Attorney,,DEM,Trachelle C. Young,55
Genesee,Genesee Township Precinct 7,Registered Voters,,,,1649
Genesee,Genesee Township Precinct 7,Sheriff,,DEM,Christopher R. Swanson,236
Genesee,Genesee Township Precinct 7,Sheriff,,DEM,Phil Hart,57
Genesee,Genesee Township Precinct 7,Sheriff,,DEM,Timothy Johnson,17
Genesee,Genesee Township Precinct 7,Sheriff,,REP,Stephen Sanford,139
Genesee,Genesee Township Precinct 7,State House,48,DEM,Andalib Odulate,23
Genesee,Genesee Township Precinct 7,State House,48,DEM,Sheryl Y. Kennedy,268
Genesee,Genesee Township Precinct 7,State House,48,REP,David W. Martin,113
Genesee,Genesee Township Precinct 7,State House,48,REP,Sherri J. Cross,46
Genesee,Genesee Township Precinct 7,Surveyor,,DEM,Kim Carlson,264
Genesee,Genesee Township Precinct 7,U.S. House,5,DEM,Daniel T. Kildee,293
Genesee,Genesee Township Precinct 7,U.S. House,5,REP,Earl Lackie,52
Genesee,Genesee Township Precinct 7,U.S. House,5,REP,Tim Kelly,106
Genesee,Genesee Township Precinct 7,U.S. Senate,,DEM,Gary Peters,292
Genesee,Genesee Township Precinct 7,U.S. Senate,,REP,John James,167
Genesee,Genesee Township Precinct 8,Animal Control Shelter Millage Renewal Proposal,,,No,212
Genesee,Genesee Township Precinct 8,Animal Control Shelter Millage Renewal Proposal,,,Yes,481
Genesee,Genesee Township Precinct 8,Ballots Cast,,,,756
Genesee,Genesee Township Precinct 8,Circuit Court Judge,7,,Chris Christenson,231
Genesee,Genesee Township Precinct 8,Circuit Court Judge,7,,Herman Marable Jr.,129
Genesee,Genesee Township Precinct 8,Circuit Court Judge,7,,Stephanie Witucki,163
Genesee,Genesee Township Precinct 8,Clerk and Register of Deeds,,DEM,John J. Gleason,307
Genesee,Genesee Township Precinct 8,Clerk and Register of Deeds,,DEM,Renee' D. Watson,165
Genesee,Genesee Township Precinct 8,Clerk and Register of Deeds,,REP,Jesse Couch,193
Genesee,Genesee Township Precinct 8,County Commissioner,3,DEM,Ellen Ellenburg,424
Genesee,Genesee Township Precinct 8,County Commissioner,3,REP,Gary Goetzinger,191
Genesee,Genesee Township Precinct 8,County Treasurer,,DEM,Deborah Cherry,447
Genesee,Genesee Township Precinct 8,County Treasurer,,REP,Deborah Hoss,189
Genesee,Genesee Township Precinct 8,Drain Commissioner,,DEM,Jeff Wright,338
Genesee,Genesee Township Precinct 8,Drain Commissioner,,DEM,Travis R. Wines,127
Genesee,Genesee Township Precinct 8,Genesee Township Clerk,,DEM,Wayne Bates,429
Genesee,Genesee Township Precinct 8,Genesee Township Supervisor,,DEM,Dan Eashoo,199
Genesee,Genesee Township Precinct 8,Genesee Township Supervisor,,DEM,Steve Myers,89
Genesee,Genesee Township Precinct 8,Genesee Township Supervisor,,DEM,Steven Fuhr,180
Genesee,Genesee Township Precinct 8,Genesee Township Supervisor,,REP,Dana Whitehead,194
Genesee,Genesee Township Precinct 8,Genesee Township Treasurer,,DEM,Tod Sorensen,436
Genesee,Genesee Township Precinct 8,Genesee Township Trustee,,DEM,Ashley Witte,300
Genesee,Genesee Township Precinct 8,Genesee Township Trustee,,DEM,Kathy Sutton,355
Genesee,Genesee Township Precinct 8,Genesee Township Trustee,,DEM,Keith Harvey,178
Genesee,Genesee Township Precinct 8,Genesee Township Trustee,,DEM,Richard E. Burrus,271
Genesee,Genesee Township Precinct 8,Genesee Township Trustee,,DEM,Ron Fenner,203
Genesee,Genesee Township Precinct 8,Genesee Township Trustee,,DEM,Thomas Jean,213
Genesee,Genesee Township Precinct 8,Genesee Township Trustee,,REP,Judy Climer,175
Genesee,Genesee Township Precinct 8,Mass Transportation Authority Millage Replacement Proposal,,,No,277
Genesee,Genesee Township Precinct 8,Mass Transportation Authority Millage Replacement Proposal,,,Yes,423
Genesee,Genesee Township Precinct 8,Prosecuting Attorney,,DEM,David Leyton,372
Genesee,Genesee Township Precinct 8,Prosecuting Attorney,,DEM,Trachelle C. Young,109
Genesee,Genesee Township Precinct 8,Registered Voters,,,,2420
Genesee,Genesee Township Precinct 8,Sheriff,,DEM,Christopher R. Swanson,339
Genesee,Genesee Township Precinct 8,Sheriff,,DEM,Phil Hart,69
Genesee,Genesee Township Precinct 8,Sheriff,,DEM,Timothy Johnson,68
Genesee,Genesee Township Precinct 8,Sheriff,,REP,Stephen Sanford,178
Genesee,Genesee Township Precinct 8,State House,48,DEM,Andalib Odulate,47
Genesee,Genesee Township Precinct 8,State House,48,DEM,Sheryl Y. Kennedy,406
Genesee,Genesee Township Precinct 8,State House,48,REP,David W. Martin,128
Genesee,Genesee Township Precinct 8,State House,48,REP,Sherri J. Cross,87
Genesee,Genesee Township Precinct 8,Surveyor,,DEM,Kim Carlson,427
Genesee,Genesee Township Precinct 8,U.S. House,5,DEM,Daniel T. Kildee,464
Genesee,Genesee Township Precinct 8,U.S. House,5,REP,Earl Lackie,40
Genesee,Genesee Township Precinct 8,U.S. House,5,REP,Tim Kelly,171
Genesee,Genesee Township Precinct 8,U.S. Senate,,DEM,Gary Peters,454
Genesee,Genesee Township Precinct 8,U.S. Senate,,REP,John James,218
Genesee,Genesee Township Precinct 9,Animal Control Shelter Millage Renewal Proposal,,,No,115
Genesee,Genesee Township Precinct 9,Animal Control Shelter Millage Renewal Proposal,,,Yes,392
Genesee,Genesee Township Precinct 9,Ballots Cast,,,,560
Genesee,Genesee Township Precinct 9,Circuit Court Judge,7,,Chris Christenson,203
Genesee,Genesee Township Precinct 9,Circuit Court Judge,7,,Herman Marable Jr.,93
Genesee,Genesee Township Precinct 9,Circuit Court Judge,7,,Stephanie Witucki,99
Genesee,Genesee Township Precinct 9,Clerk and Register of Deeds,,DEM,John J. Gleason,232
Genesee,Genesee Township Precinct 9,Clerk and Register of Deeds,,DEM,Renee' D. Watson,148
Genesee,Genesee Township Precinct 9,Clerk and Register of Deeds,,REP,Jesse Couch,107
Genesee,Genesee Township Precinct 9,County Commissioner,3,DEM,Ellen Ellenburg,353
Genesee,Genesee Township Precinct 9,County Commissioner,3,REP,Gary Goetzinger,102
Genesee,Genesee Township Precinct 9,County Treasurer,,DEM,Deborah Cherry,365
Genesee,Genesee Township Precinct 9,County Treasurer,,REP,Deborah Hoss,104
Genesee,Genesee Township Precinct 9,Drain Commissioner,,DEM,Jeff Wright,302
Genesee,Genesee Township Precinct 9,Drain Commissioner,,DEM,Travis R. Wines,76
Genesee,Genesee Township Precinct 9,Genesee Township Clerk,,DEM,Wayne Bates,351
Genesee,Genesee Township Precinct 9,Genesee Township Supervisor,,DEM,Dan Eashoo,165
Genesee,Genesee Township Precinct 9,Genesee Township Supervisor,,DEM,Steve Myers,91
Genesee,Genesee Township Precinct 9,Genesee Township Supervisor,,DEM,Steven Fuhr,114
Genesee,Genesee Township Precinct 9,Genesee Township Supervisor,,REP,Dana Whitehead,102
Genesee,Genesee Township Precinct 9,Genesee Township Treasurer,,DEM,Tod Sorensen,350
Genesee,Genesee Township Precinct 9,Genesee Township Trustee,,DEM,Ashley Witte,255
Genesee,Genesee Township Precinct 9,Genesee Township Trustee,,DEM,Kathy Sutton,284
Genesee,Genesee Township Precinct 9,Genesee Township Trustee,,DEM,Keith Harvey,150
Genesee,Genesee Township Precinct 9,Genesee Township Trustee,,DEM,Richard E. Burrus,174
Genesee,Genesee Township Precinct 9,Genesee Township Trustee,,DEM,Ron Fenner,143
Genesee,Genesee Township Precinct 9,Genesee Township Trustee,,DEM,Thomas Jean,159
Genesee,Genesee Township Precinct 9,Genesee Township Trustee,,REP,Judy Climer,97
Genesee,Genesee Township Precinct 9,Mass Transportation Authority Millage Replacement Proposal,,,No,148
Genesee,Genesee Township Precinct 9,Mass Transportation Authority Millage Replacement Proposal,,,Yes,367
Genesee,Genesee Township Precinct 9,Prosecuting Attorney,,DEM,David Leyton,296
Genesee,Genesee Township Precinct 9,Prosecuting Attorney,,DEM,Trachelle C. Young,91
Genesee,Genesee Township Precinct 9,Registered Voters,,,,2022
Genesee,Genesee Township Precinct 9,Sheriff,,DEM,Christopher R. Swanson,295
Genesee,Genesee Township Precinct 9,Sheriff,,DEM,Phil Hart,53
Genesee,Genesee Township Precinct 9,Sheriff,,DEM,Timothy Johnson,40
Genesee,Genesee Township Precinct 9,Sheriff,,REP,Stephen Sanford,99
Genesee,Genesee Township Precinct 9,State House,48,DEM,Andalib Odulate,44
Genesee,Genesee Township Precinct 9,State House,48,DEM,Sheryl Y. Kennedy,323
Genesee,Genesee Township Precinct 9,State House,48,REP,David W. Martin,69
Genesee,Genesee Township Precinct 9,State House,48,REP,Sherri J. Cross,48
Genesee,Genesee Township Precinct 9,Surveyor,,DEM,Kim Carlson,353
Genesee,Genesee Township Precinct 9,U.S. House,5,DEM,Daniel T. Kildee,377
Genesee,Genesee Township Precinct 9,U.S. House,5,REP,Earl Lackie,37
Genesee,Genesee Township Precinct 9,U.S. House,5,REP,Tim Kelly,80
Genesee,Genesee Township Precinct 9,U.S. Senate,,DEM,Gary Peters,373
Genesee,Genesee Township Precinct 9,U.S. Senate,,REP,John James,119
Genesee,Grand Blanc Township Precinct 1,Animal Control Shelter Millage Renewal Proposal,,,No,185
Genesee,Grand Blanc Township Precinct 1,Animal Control Shelter Millage Renewal Proposal,,,Yes,586
Genesee,Grand Blanc Township Precinct 1,Ballots Cast,,,,836
Genesee,Grand Blanc Township Precinct 1,Circuit Court Judge,7,,Chris Christenson,221
Genesee,Grand Blanc Township Precinct 1,Circuit Court Judge,7,,Herman Marable Jr.,188
Genesee,Grand Blanc Township Precinct 1,Circuit Court Judge,7,,Stephanie Witucki,202
Genesee,Grand Blanc Township Precinct 1,Clerk and Register of Deeds,,DEM,John J. Gleason,255
Genesee,Grand Blanc Township Precinct 1,Clerk and Register of Deeds,,DEM,Renee' D. Watson,225
Genesee,Grand Blanc Township Precinct 1,Clerk and Register of Deeds,,REP,Jesse Couch,197
Genesee,Grand Blanc Township Precinct 1,County Commissioner,5,DEM,Mark Young,432
Genesee,Grand Blanc Township Precinct 1,County Commissioner,5,REP,Sean A. Trowbridge,193
Genesee,Grand Blanc Township Precinct 1,County Treasurer,,DEM,Deborah Cherry,465
Genesee,Grand Blanc Township Precinct 1,County Treasurer,,REP,Deborah Hoss,199
Genesee,Grand Blanc Township Precinct 1,Drain Commissioner,,DEM,Jeff Wright,318
Genesee,Grand Blanc Township Precinct 1,Drain Commissioner,,DEM,Travis R. Wines,143
Genesee,Grand Blanc Township Precinct 1,Grand Blanc Township Clerk,,DEM,Shannon Elena Polk (W),19
Genesee,Grand Blanc Township Precinct 1,Grand Blanc Township Clerk,,REP,Cathy Lane,114
Genesee,Grand Blanc Township Precinct 1,Grand Blanc Township Clerk,,REP,David B. Robertson,122
Genesee,Grand Blanc Township Precinct 1,Grand Blanc Township Supervisor,,REP,Scott Bennett,206
Genesee,Grand Blanc Township Precinct 1,Grand Blanc Township Treasurer,,DEM,Mark W. Kilmer,391
Genesee,Grand Blanc Township Precinct 1,Grand Blanc Township Treasurer,,REP,Larry Anderson,149
Genesee,Grand Blanc Township Precinct 1,Grand Blanc Township Treasurer,,REP,Lonnie Adkins,59
Genesee,Grand Blanc Township Precinct 1,Grand Blanc Township Trustee,,DEM,Joe Massey,244
Genesee,Grand Blanc Township Precinct 1,Grand Blanc Township Trustee,,DEM,Jude Rariden,245
Genesee,Grand Blanc Township Precinct 1,Grand Blanc Township Trustee,,DEM,Ken Thomas,233
Genesee,Grand Blanc Township Precinct 1,Grand Blanc Township Trustee,,DEM,Paul J. White,277
Genesee,Grand Blanc Township Precinct 1,Grand Blanc Township Trustee,,DEM,Sarah Hugo,377
Genesee,Grand Blanc Township Precinct 1,Grand Blanc Township Trustee,,REP,Christopher Estes,153
Genesee,Grand Blanc Township Precinct 1,Grand Blanc Township Trustee,,REP,Jay Johnson,140
Genesee,Grand Blanc Township Precinct 1,Grand Blanc Township Trustee,,REP,Joel Feick,175
Genesee,Grand Blanc Township Precinct 1,Grand Blanc Township Trustee,,REP,Mansour,87
Genesee,Grand Blanc Township Precinct 1,Grand Blanc Township Trustee,,REP,Ryan Thompson,156
Genesee,Grand Blanc Township Precinct 1,Mass Transportation Authority Millage Replacement Proposal,,,No,237
Genesee,Grand Blanc Township Precinct 1,Mass Transportation Authority Millage Replacement Proposal,,,Yes,540
Genesee,Grand Blanc Township Precinct 1,Prosecuting Attorney,,DEM,David Leyton,321
Genesee,Grand Blanc Township Precinct 1,Prosecuting Attorney,,DEM,Trachelle C. Young,164
Genesee,Grand Blanc Township Precinct 1,Registered Voters,,,,2296
Genesee,Grand Blanc Township Precinct 1,Sheriff,,DEM,Christopher R. Swanson,333
Genesee,Grand Blanc Township Precinct 1,Sheriff,,DEM,Phil Hart,56
Genesee,Grand Blanc Township Precinct 1,Sheriff,,DEM,Timothy Johnson,118
Genesee,Grand Blanc Township Precinct 1,Sheriff,,REP,Stephen Sanford,186
Genesee,Grand Blanc Township Precinct 1,State House,50,DEM,Raymond Freiberger,114
Genesee,Grand Blanc Township Precinct 1,State House,50,DEM,Tim Sneller,349
Genesee,Grand Blanc Township Precinct 1,State House,50,REP,Christina Fitchett-Hickson,83
Genesee,Grand Blanc Township Precinct 1,State House,50,REP,Lynn S. Hukee,52
Genesee,Grand Blanc Township Precinct 1,State House,50,REP,Lynne Freiberger,67
Genesee,Grand Blanc Township Precinct 1,Surveyor,,DEM,Kim Carlson,438
Genesee,Grand Blanc Township Precinct 1,U.S. House,5,DEM,Daniel T. Kildee,485
Genesee,Grand Blanc Township Precinct 1,U.S. House,5,REP,Earl Lackie,38
Genesee,Grand Blanc Township Precinct 1,U.S. House,5,REP,Tim Kelly,180
Genesee,Grand Blanc Township Precinct 1,U.S. Senate,,DEM,Gary Peters,476
Genesee,Grand Blanc Township Precinct 1,U.S. Senate,,REP,John James,224
Genesee,Grand Blanc Township Precinct 10,Animal Control Shelter Millage Renewal Proposal,,,No,223
Genesee,Grand Blanc Township Precinct 10,Animal Control Shelter Millage Renewal Proposal,,,Yes,478
Genesee,Grand Blanc Township Precinct 10,Ballots Cast,,,,767
Genesee,Grand Blanc Township Precinct 10,Circuit Court Judge,7,,Chris Christenson,222
Genesee,Grand Blanc Township Precinct 10,Circuit Court Judge,7,,Herman Marable Jr.,97
Genesee,Grand Blanc Township Precinct 10,Circuit Court Judge,7,,Stephanie Witucki,179
Genesee,Grand Blanc Township Precinct 10,Clerk and Register of Deeds,,DEM,John J. Gleason,143
Genesee,Grand Blanc Township Precinct 10,Clerk and Register of Deeds,,DEM,Renee' D. Watson,141
Genesee,Grand Blanc Township Precinct 10,Clerk and Register of Deeds,,REP,Jesse Couch,295
Genesee,Grand Blanc Township Precinct 10,County Commissioner,5,DEM,Mark Young,258
Genesee,Grand Blanc Township Precinct 10,County Commissioner,5,REP,Sean A. Trowbridge,285
Genesee,Grand Blanc Township Precinct 10,County Treasurer,,DEM,Deborah Cherry,278
Genesee,Grand Blanc Township Precinct 10,County Treasurer,,REP,Deborah Hoss,297
Genesee,Grand Blanc Township Precinct 10,Drain Commissioner,,DEM,Jeff Wright,215
Genesee,Grand Blanc Township Precinct 10,Drain Commissioner,,DEM,Travis R. Wines,67
Genesee,Grand Blanc Township Precinct 10,Goodrich Area Schools Bonding Proposal,,,No,406
Genesee,Grand Blanc Township Precinct 10,Goodrich Area Schools Bonding Proposal,,,Yes,319
Genesee,Grand Blanc Township Precinct 10,Grand Blanc Township Clerk,,DEM,Shannon Elena Polk (W),4
Genesee,Grand Blanc Township Precinct 10,Grand Blanc Township Clerk,,REP,Cathy Lane,229
Genesee,Grand Blanc Township Precinct 10,Grand Blanc Township Clerk,,REP,David B. Robertson,135
Genesee,Grand Blanc Township Precinct 10,Grand Blanc Township Supervisor,,REP,Scott Bennett,354
Genesee,Grand Blanc Township Precinct 10,Grand Blanc Township Treasurer,,DEM,Mark W. Kilmer,226
Genesee,Grand Blanc Township Precinct 10,Grand Blanc Township Treasurer,,REP,Larry Anderson,186
Genesee,Grand Blanc Township Precinct 10,Grand Blanc Township Treasurer,,REP,Lonnie Adkins,151
Genesee,Grand Blanc Township Precinct 10,Grand Blanc Township Trustee,,DEM,Joe Massey,183
Genesee,Grand Blanc Township Precinct 10,Grand Blanc Township Trustee,,DEM,Jude Rariden,109
Genesee,Grand Blanc Township Precinct 10,Grand Blanc Township Trustee,,DEM,Ken Thomas,179
Genesee,Grand Blanc Township Precinct 10,Grand Blanc Township Trustee,,DEM,Paul J. White,151
Genesee,Grand Blanc Township Precinct 10,Grand Blanc Township Trustee,,DEM,Sarah Hugo,179
Genesee,Grand Blanc Township Precinct 10,Grand Blanc Township Trustee,,REP,Christopher Estes,204
Genesee,Grand Blanc Township Precinct 10,Grand Blanc Township Trustee,,REP,Jay Johnson,197
Genesee,Grand Blanc Township Precinct 10,Grand Blanc Township Trustee,,REP,Joel Feick,211
Genesee,Grand Blanc Township Precinct 10,Grand Blanc Township Trustee,,REP,Mansour,220
Genesee,Grand Blanc Township Precinct 10,Grand Blanc Township Trustee,,REP,Ryan Thompson,215
Genesee,Grand Blanc Township Precinct 10,Mass Transportation Authority Millage Replacement Proposal,,,No,313
Genesee,Grand Blanc Township Precinct 10,Mass Transportation Authority Millage Replacement Proposal,,,Yes,415
Genesee,Grand Blanc Township Precinct 10,Prosecuting Attorney,,DEM,David Leyton,220
Genesee,Grand Blanc Township Precinct 10,Prosecuting Attorney,,DEM,Trachelle C. Young,84
Genesee,Grand Blanc Township Precinct 10,Registered Voters,,,,1297
Genesee,Grand Blanc Township Precinct 10,Sheriff,,DEM,Christopher R. Swanson,204
Genesee,Grand Blanc Township Precinct 10,Sheriff,,DEM,Phil Hart,40
Genesee,Grand Blanc Township Precinct 10,Sheriff,,DEM,Timothy Johnson,62
Genesee,Grand Blanc Township Precinct 10,Sheriff,,REP,Stephen Sanford,294
Genesee,Grand Blanc Township Precinct 10,State House,50,DEM,Raymond Freiberger,44
Genesee,Grand Blanc Township Precinct 10,State House,50,DEM,Tim Sneller,242
Genesee,Grand Blanc Township Precinct 10,State House,50,REP,Christina Fitchett-Hickson,113
Genesee,Grand Blanc Township Precinct 10,State House,50,REP,Lynn S. Hukee,75
Genesee,Grand Blanc Township Precinct 10,State House,50,REP,Lynne Freiberger,110
Genesee,Grand Blanc Township Precinct 10,Surveyor,,DEM,Kim Carlson,259
Genesee,Grand Blanc Township Precinct 10,U.S. House,5,DEM,Daniel T. Kildee,303
Genesee,Grand Blanc Township Precinct 10,U.S. House,5,REP,Earl Lackie,58
Genesee,Grand Blanc Township Precinct 10,U.S. House,5,REP,Tim Kelly,264
Genesee,Grand Blanc Township Precinct 10,U.S. Senate,,DEM,Gary Peters,300
Genesee,Grand Blanc Township Precinct 10,U.S. Senate,,REP,John James,353
Genesee,Grand Blanc Township Precinct 11,Animal Control Shelter Millage Renewal Proposal,,,No,69
Genesee,Grand Blanc Township Precinct 11,Animal Control Shelter Millage Renewal Proposal,,,Yes,236
Genesee,Grand Blanc Township Precinct 11,Ballots Cast,,,,344
Genesee,Grand Blanc Township Precinct 11,Circuit Court Judge,7,,Chris Christenson,88
Genesee,Grand Blanc Township Precinct 11,Circuit Court Judge,7,,Herman Marable Jr.,71
Genesee,Grand Blanc Township Precinct 11,Circuit Court Judge,7,,Stephanie Witucki,84
Genesee,Grand Blanc Township Precinct 11,Clerk and Register of Deeds,,DEM,John J. Gleason,99
Genesee,Grand Blanc Township Precinct 11,Clerk and Register of Deeds,,DEM,Renee' D. Watson,113
Genesee,Grand Blanc Township Precinct 11,Clerk and Register of Deeds,,REP,Jesse Couch,76
Genesee,Grand Blanc Township Precinct 11,County Commissioner,5,DEM,Mark Young,204
Genesee,Grand Blanc Township Precinct 11,County Commissioner,5,REP,Sean A. Trowbridge,69
Genesee,Grand Blanc Township Precinct 11,County Treasurer,,DEM,Deborah Cherry,212
Genesee,Grand Blanc Township Precinct 11,County Treasurer,,REP,Deborah Hoss,76
Genesee,Grand Blanc Township Precinct 11,Drain Commissioner,,DEM,Jeff Wright,132
Genesee,Grand Blanc Township Precinct 11,Drain Commissioner,,DEM,Travis R. Wines,74
Genesee,Grand Blanc Township Precinct 11,Grand Blanc Township Clerk,,DEM,Shannon Elena Polk (W),5
Genesee,Grand Blanc Township Precinct 11,Grand Blanc Township Clerk,,REP,Cathy Lane,49
Genesee,Grand Blanc Township Precinct 11,Grand Blanc Township Clerk,,REP,David B. Robertson,44
Genesee,Grand Blanc Township Precinct 11,Grand Blanc Township Supervisor,,REP,Scott Bennett,82
Genesee,Grand Blanc Township Precinct 11,Grand Blanc Township Treasurer,,DEM,Mark W. Kilmer,186
Genesee,Grand Blanc Township Precinct 11,Grand Blanc Township Treasurer,,REP,Larry Anderson,55
Genesee,Grand Blanc Township Precinct 11,Grand Blanc Township Treasurer,,REP,Lonnie Adkins,29
Genesee,Grand Blanc Township Precinct 11,Grand Blanc Township Trustee,,DEM,Joe Massey,120
Genesee,Grand Blanc Township Precinct 11,Grand Blanc Township Trustee,,DEM,Jude Rariden,98
Genesee,Grand Blanc Township Precinct 11,Grand Blanc Township Trustee,,DEM,Ken Thomas,100
Genesee,Grand Blanc Township Precinct 11,Grand Blanc Township Trustee,,DEM,Paul J. White,121
Genesee,Grand Blanc Township Precinct 11,Grand Blanc Township Trustee,,DEM,Sarah Hugo,153
Genesee,Grand Blanc Township Precinct 11,Grand Blanc Township Trustee,,REP,Christopher Estes,51
Genesee,Grand Blanc Township Precinct 11,Grand Blanc Township Trustee,,REP,Jay Johnson,58
Genesee,Grand Blanc Township Precinct 11,Grand Blanc Township Trustee,,REP,Joel Feick,64
Genesee,Grand Blanc Township Precinct 11,Grand Blanc Township Trustee,,REP,Mansour,51
Genesee,Grand Blanc Township Precinct 11,Grand Blanc Township Trustee,,REP,Ryan Thompson,49
Genesee,Grand Blanc Township Precinct 11,Mass Transportation Authority Millage Replacement Proposal,,,No,80
Genesee,Grand Blanc Township Precinct 11,Mass Transportation Authority Millage Replacement Proposal,,,Yes,233
Genesee,Grand Blanc Township Precinct 11,Prosecuting Attorney,,DEM,David Leyton,115
Genesee,Grand Blanc Township Precinct 11,Prosecuting Attorney,,DEM,Trachelle C. Young,96
Genesee,Grand Blanc Township Precinct 11,Registered Voters,,,,1477
Genesee,Grand Blanc Township Precinct 11,Sheriff,,DEM,Christopher R. Swanson,153
Genesee,Grand Blanc Township Precinct 11,Sheriff,,DEM,Phil Hart,22
Genesee,Grand Blanc Township Precinct 11,Sheriff,,DEM,Timothy Johnson,40
Genesee,Grand Blanc Township Precinct 11,Sheriff,,REP,Stephen Sanford,67
Genesee,Grand Blanc Township Precinct 11,State House,50,DEM,Raymond Freiberger,66
Genesee,Grand Blanc Township Precinct 11,State House,50,DEM,Tim Sneller,139
Genesee,Grand Blanc Township Precinct 11,State House,50,REP,Christina Fitchett-Hickson,39
Genesee,Grand Blanc Township Precinct 11,State House,50,REP,Lynn S. Hukee,28
Genesee,Grand Blanc Township Precinct 11,State House,50,REP,Lynne Freiberger,22
Genesee,Grand Blanc Township Precinct 11,Surveyor,,DEM,Kim Carlson,200
Genesee,Grand Blanc Township Precinct 11,U.S. House,5,DEM,Daniel T. Kildee,214
Genesee,Grand Blanc Township Precinct 11,U.S. House,5,REP,Earl Lackie,22
Genesee,Grand Blanc Township Precinct 11,U.S. House,5,REP,Tim Kelly,67
Genesee,Grand Blanc Township Precinct 11,U.S. Senate,,DEM,Gary Peters,215
Genesee,Grand Blanc Township Precinct 11,U.S. Senate,,REP,John James,85
Genesee,Grand Blanc Township Precinct 12,Animal Control Shelter Millage Renewal Proposal,,,No,60
Genesee,Grand Blanc Township Precinct 12,Animal Control Shelter Millage Renewal Proposal,,,Yes,251
Genesee,Grand Blanc Township Precinct 12,Ballots Cast,,,,342
Genesee,Grand Blanc Township Precinct 12,Circuit Court Judge,7,,Chris Christenson,76
Genesee,Grand Blanc Township Precinct 12,Circuit Court Judge,7,,Herman Marable Jr.,82
Genesee,Grand Blanc Township Precinct 12,Circuit Court Judge,7,,Stephanie Witucki,89
Genesee,Grand Blanc Township Precinct 12,Clerk and Register of Deeds,,DEM,John J. Gleason,100
Genesee,Grand Blanc Township Precinct 12,Clerk and Register of Deeds,,DEM,Renee' D. Watson,111
Genesee,Grand Blanc Township Precinct 12,Clerk and Register of Deeds,,REP,Jesse Couch,73
Genesee,Grand Blanc Township Precinct 12,County Commissioner,5,DEM,Mark Young,197
Genesee,Grand Blanc Township Precinct 12,County Commissioner,5,REP,Sean A. Trowbridge,72
Genesee,Grand Blanc Township Precinct 12,County Treasurer,,DEM,Deborah Cherry,208
Genesee,Grand Blanc Township Precinct 12,County Treasurer,,REP,Deborah Hoss,70
Genesee,Grand Blanc Township Precinct 12,Drain Commissioner,,DEM,Jeff Wright,148
Genesee,Grand Blanc Township Precinct 12,Drain Commissioner,,DEM,Travis R. Wines,55
Genesee,Grand Blanc Township Precinct 12,Grand Blanc Township Clerk,,DEM,Shannon Elena Polk (W),11
Genesee,Grand Blanc Township Precinct 12,Grand Blanc Township Clerk,,REP,Cathy Lane,18
Genesee,Grand Blanc Township Precinct 12,Grand Blanc Township Clerk,,REP,David B. Robertson,72
Genesee,Grand Blanc Township Precinct 12,Grand Blanc Township Supervisor,,REP,Scott Bennett,81
Genesee,Grand Blanc Township Precinct 12,Grand Blanc Township Treasurer,,DEM,Mark W. Kilmer,179
Genesee,Grand Blanc Township Precinct 12,Grand Blanc Township Treasurer,,REP,Larry Anderson,63
Genesee,Grand Blanc Township Precinct 12,Grand Blanc Township Treasurer,,REP,Lonnie Adkins,21
Genesee,Grand Blanc Township Precinct 12,Grand Blanc Township Trustee,,DEM,Joe Massey,115
Genesee,Grand Blanc Township Precinct 12,Grand Blanc Township Trustee,,DEM,Jude Rariden,101
Genesee,Grand Blanc Township Precinct 12,Grand Blanc Township Trustee,,DEM,Ken Thomas,103
Genesee,Grand Blanc Township Precinct 12,Grand Blanc Township Trustee,,DEM,Paul J. White,107
Genesee,Grand Blanc Township Precinct 12,Grand Blanc Township Trustee,,DEM,Sarah Hugo,149
Genesee,Grand Blanc Township Precinct 12,Grand Blanc Township Trustee,,REP,Christopher Estes,62
Genesee,Grand Blanc Township Precinct 12,Grand Blanc Township Trustee,,REP,Jay Johnson,63
Genesee,Grand Blanc Township Precinct 12,Grand Blanc Township Trustee,,REP,Joel Feick,70
Genesee,Grand Blanc Township Precinct 12,Grand Blanc Township Trustee,,REP,Mansour,37
Genesee,Grand Blanc Township Precinct 12,Grand Blanc Township Trustee,,REP,Ryan Thompson,64
Genesee,Grand Blanc Township Precinct 12,Mass Transportation Authority Millage Replacement Proposal,,,No,75
Genesee,Grand Blanc Township Precinct 12,Mass Transportation Authority Millage Replacement Proposal,,,Yes,242
Genesee,Grand Blanc Township Precinct 12,Prosecuting Attorney,,DEM,David Leyton,103
Genesee,Grand Blanc Township Precinct 12,Prosecuting Attorney,,DEM,Trachelle C. Young,116
Genesee,Grand Blanc Township Precinct 12,Registered Voters,,,,1513
Genesee,Grand Blanc Township Precinct 12,Sheriff,,DEM,Christopher R. Swanson,120
Genesee,Grand Blanc Township Precinct 12,Sheriff,,DEM,Phil Hart,40
Genesee,Grand Blanc Township Precinct 12,Sheriff,,DEM,Timothy Johnson,64
Genesee,Grand Blanc Township Precinct 12,Sheriff,,REP,Stephen Sanford,63
Genesee,Grand Blanc Township Precinct 12,State House,50,DEM,Raymond Freiberger,33
Genesee,Grand Blanc Township Precinct 12,State House,50,DEM,Tim Sneller,175
Genesee,Grand Blanc Township Precinct 12,State House,50,REP,Christina Fitchett-Hickson,43
Genesee,Grand Blanc Township Precinct 12,State House,50,REP,Lynn S. Hukee,13
Genesee,Grand Blanc Township Precinct 12,State House,50,REP,Lynne Freiberger,22
Genesee,Grand Blanc Township Precinct 12,Surveyor,,DEM,Kim Carlson,198
Genesee,Grand Blanc Township Precinct 12,U.S. House,5,DEM,Daniel T. Kildee,219
Genesee,Grand Blanc Township Precinct 12,U.S. House,5,REP,Earl Lackie,11
Genesee,Grand Blanc Township Precinct 12,U.S. House,5,REP,Tim Kelly,68
Genesee,Grand Blanc Township Precinct 12,U.S. Senate,,DEM,Gary Peters,218
Genesee,Grand Blanc Township Precinct 12,U.S. Senate,,REP,John James,83
Genesee,Grand Blanc Township Precinct 13,Animal Control Shelter Millage Renewal Proposal,,,No,126
Genesee,Grand Blanc Township Precinct 13,Animal Control Shelter Millage Renewal Proposal,,,Yes,338
Genesee,Grand Blanc Township Precinct 13,Ballots Cast,,,,516
Genesee,Grand Blanc Township Precinct 13,Circuit Court Judge,7,,Chris Christenson,135
Genesee,Grand Blanc Township Precinct 13,Circuit Court Judge,7,,Herman Marable Jr.,73
Genesee,Grand Blanc Township Precinct 13,Circuit Court Judge,7,,Stephanie Witucki,131
Genesee,Grand Blanc Township Precinct 13,Clerk and Register of Deeds,,DEM,John J. Gleason,153
Genesee,Grand Blanc Township Precinct 13,Clerk and Register of Deeds,,DEM,Renee' D. Watson,118
Genesee,Grand Blanc Township Precinct 13,Clerk and Register of Deeds,,REP,Jesse Couch,150
Genesee,Grand Blanc Township Precinct 13,County Commissioner,5,DEM,Mark Young,257
Genesee,Grand Blanc Township Precinct 13,County Commissioner,5,REP,Sean A. Trowbridge,145
Genesee,Grand Blanc Township Precinct 13,County Treasurer,,DEM,Deborah Cherry,264
Genesee,Grand Blanc Township Precinct 13,County Treasurer,,REP,Deborah Hoss,149
Genesee,Grand Blanc Township Precinct 13,Drain Commissioner,,DEM,Jeff Wright,181
Genesee,Grand Blanc Township Precinct 13,Drain Commissioner,,DEM,Travis R. Wines,86
Genesee,Grand Blanc Township Precinct 13,Grand Blanc Township Clerk,,DEM,Shannon Elena Polk (W),2
Genesee,Grand Blanc Township Precinct 13,Grand Blanc Township Clerk,,REP,Cathy Lane,56
Genesee,Grand Blanc Township Precinct 13,Grand Blanc Township Clerk,,REP,David B. Robertson,129
Genesee,Grand Blanc Township Precinct 13,Grand Blanc Township Supervisor,,REP,Scott Bennett,169
Genesee,Grand Blanc Township Precinct 13,Grand Blanc Township Treasurer,,DEM,Mark W. Kilmer,234
Genesee,Grand Blanc Township Precinct 13,Grand Blanc Township Treasurer,,REP,Larry Anderson,108
Genesee,Grand Blanc Township Precinct 13,Grand Blanc Township Treasurer,,REP,Lonnie Adkins,53
Genesee,Grand Blanc Township Precinct 13,Grand Blanc Township Trustee,,DEM,Joe Massey,129
Genesee,Grand Blanc Township Precinct 13,Grand Blanc Township Trustee,,DEM,Jude Rariden,130
Genesee,Grand Blanc Township Precinct 13,Grand Blanc Township Trustee,,DEM,Ken Thomas,125
Genesee,Grand Blanc Township Precinct 13,Grand Blanc Township Trustee,,DEM,Paul J. White,153
Genesee,Grand Blanc Township Precinct 13,Grand Blanc Township Trustee,,DEM,Sarah Hugo,200
Genesee,Grand Blanc Township Precinct 13,Grand Blanc Township Trustee,,REP,Christopher Estes,110
Genesee,Grand Blanc Township Precinct 13,Grand Blanc Township Trustee,,REP,Jay Johnson,98
Genesee,Grand Blanc Township Precinct 13,Grand Blanc Township Trustee,,REP,Joel Feick,135
Genesee,Grand Blanc Township Precinct 13,Grand Blanc Township Trustee,,REP,Mansour,64
Genesee,Grand Blanc Township Precinct 13,Grand Blanc Township Trustee,,REP,Ryan Thompson,111
Genesee,Grand Blanc Township Precinct 13,Mass Transportation Authority Millage Replacement Proposal,,,No,186
Genesee,Grand Blanc Township Precinct 13,Mass Transportation Authority Millage Replacement Proposal,,,Yes,294
Genesee,Grand Blanc Township Precinct 13,Prosecuting Attorney,,DEM,David Leyton,166
Genesee,Grand Blanc Township Precinct 13,Prosecuting Attorney,,DEM,Trachelle C. Young,114
Genesee,Grand Blanc Township Precinct 13,Registered Voters,,,,1436
Genesee,Grand Blanc Township Precinct 13,Sheriff,,DEM,Christopher R. Swanson,185
Genesee,Grand Blanc Township Precinct 13,Sheriff,,DEM,Phil Hart,27
Genesee,Grand Blanc Township Precinct 13,Sheriff,,DEM,Timothy Johnson,61
Genesee,Grand Blanc Township Precinct 13,Sheriff,,REP,Stephen Sanford,145
Genesee,Grand Blanc Township Precinct 13,State House,50,DEM,Raymond Freiberger,67
Genesee,Grand Blanc Township Precinct 13,State House,50,DEM,Tim Sneller,191
Genesee,Grand Blanc Township Precinct 13,State House,50,REP,Christina Fitchett-Hickson,48
Genesee,Grand Blanc Township Precinct 13,State House,50,REP,Lynn S. Hukee,40
Genesee,Grand Blanc Township Precinct 13,State House,50,REP,Lynne Freiberger,56
Genesee,Grand Blanc Township Precinct 13,Surveyor,,DEM,Kim Carlson,251
Genesee,Grand Blanc Township Precinct 13,U.S. House,5,DEM,Daniel T. Kildee,272
Genesee,Grand Blanc Township Precinct 13,U.S. House,5,REP,Earl Lackie,35
Genesee,Grand Blanc Township Precinct 13,U.S. House,5,REP,Tim Kelly,129
Genesee,Grand Blanc Township Precinct 13,U.S. Senate,,DEM,Gary Peters,272
Genesee,Grand Blanc Township Precinct 13,U.S. Senate,,REP,John James,177
Genesee,Grand Blanc Township Precinct 14,Animal Control Shelter Millage Renewal Proposal,,,No,188
Genesee,Grand Blanc Township Precinct 14,Animal Control Shelter Millage Renewal Proposal,,,Yes,537
Genesee,Grand Blanc Township Precinct 14,Ballots Cast,,,,779
Genesee,Grand Blanc Township Precinct 14,Circuit Court Judge,7,,Chris Christenson,219
Genesee,Grand Blanc Township Precinct 14,Circuit Court Judge,7,,Herman Marable Jr.,96
Genesee,Grand Blanc Township Precinct 14,Circuit Court Judge,7,,Stephanie Witucki,242
Genesee,Grand Blanc Township Precinct 14,Clerk and Register of Deeds,,DEM,John J. Gleason,193
Genesee,Grand Blanc Township Precinct 14,Clerk and Register of Deeds,,DEM,Renee' D. Watson,218
Genesee,Grand Blanc Township Precinct 14,Clerk and Register of Deeds,,REP,Jesse Couch,220
Genesee,Grand Blanc Township Precinct 14,County Commissioner,5,DEM,Mark Young,388
Genesee,Grand Blanc Township Precinct 14,County Commissioner,5,REP,Sean A. Trowbridge,212
Genesee,Grand Blanc Township Precinct 14,County Treasurer,,DEM,Deborah Cherry,402
Genesee,Grand Blanc Township Precinct 14,County Treasurer,,REP,Deborah Hoss,216
Genesee,Grand Blanc Township Precinct 14,Drain Commissioner,,DEM,Jeff Wright,298
Genesee,Grand Blanc Township Precinct 14,Drain Commissioner,,DEM,Travis R. Wines,98
Genesee,Grand Blanc Township Precinct 14,Grand Blanc Township Clerk,,DEM,Shannon Elena Polk (W),12
Genesee,Grand Blanc Township Precinct 14,Grand Blanc Township Clerk,,REP,Cathy Lane,87
Genesee,Grand Blanc Township Precinct 14,Grand Blanc Township Clerk,,REP,David B. Robertson,184
Genesee,Grand Blanc Township Precinct 14,Grand Blanc Township Supervisor,,REP,Scott Bennett,240
Genesee,Grand Blanc Township Precinct 14,Grand Blanc Township Treasurer,,DEM,Mark W. Kilmer,342
Genesee,Grand Blanc Township Precinct 14,Grand Blanc Township Treasurer,,REP,Larry Anderson,183
Genesee,Grand Blanc Township Precinct 14,Grand Blanc Township Treasurer,,REP,Lonnie Adkins,54
Genesee,Grand Blanc Township Precinct 14,Grand Blanc Township Trustee,,DEM,Joe Massey,173
Genesee,Grand Blanc Township Precinct 14,Grand Blanc Township Trustee,,DEM,Jude Rariden,229
Genesee,Grand Blanc Township Precinct 14,Grand Blanc Township Trustee,,DEM,Ken Thomas,174
Genesee,Grand Blanc Township Precinct 14,Grand Blanc Township Trustee,,DEM,Paul J. White,230
Genesee,Grand Blanc Township Precinct 14,Grand Blanc Township Trustee,,DEM,Sarah Hugo,356
Genesee,Grand Blanc Township Precinct 14,Grand Blanc Township Trustee,,REP,Christopher Estes,157
Genesee,Grand Blanc Township Precinct 14,Grand Blanc Township Trustee,,REP,Jay Johnson,162
Genesee,Grand Blanc Township Precinct 14,Grand Blanc Township Trustee,,REP,Joel Feick,201
Genesee,Grand Blanc Township Precinct 14,Grand Blanc Township Trustee,,REP,Mansour,107
Genesee,Grand Blanc Township Precinct 14,Grand Blanc Township Trustee,,REP,Ryan Thompson,167
Genesee,Grand Blanc Township Precinct 14,Mass Transportation Authority Millage Replacement Proposal,,,No,262
Genesee,Grand Blanc Township Precinct 14,Mass Transportation Authority Millage Replacement Proposal,,,Yes,475
Genesee,Grand Blanc Township Precinct 14,Prosecuting Attorney,,DEM,David Leyton,280
Genesee,Grand Blanc Township Precinct 14,Prosecuting Attorney,,DEM,Trachelle C. Young,145
Genesee,Grand Blanc Township Precinct 14,Registered Voters,,,,2136
Genesee,Grand Blanc Township Precinct 14,Sheriff,,DEM,Christopher R. Swanson,322
Genesee,Grand Blanc Township Precinct 14,Sheriff,,DEM,Phil Hart,45
Genesee,Grand Blanc Township Precinct 14,Sheriff,,DEM,Timothy Johnson,67
Genesee,Grand Blanc Township Precinct 14,Sheriff,,REP,Stephen Sanford,195
Genesee,Grand Blanc Township Precinct 14,State House,50,DEM,Raymond Freiberger,64
Genesee,Grand Blanc Township Precinct 14,State House,50,DEM,Tim Sneller,333
Genesee,Grand Blanc Township Precinct 14,State House,50,REP,Christina Fitchett-Hickson,81
Genesee,Grand Blanc Township Precinct 14,State House,50,REP,Lynn S. Hukee,59
Genesee,Grand Blanc Township Precinct 14,State House,50,REP,Lynne Freiberger,82
Genesee,Grand Blanc Township Precinct 14,Surveyor,,DEM,Kim Carlson,384
Genesee,Grand Blanc Township Precinct 14,U.S. House,5,DEM,Daniel T. Kildee,420
Genesee,Grand Blanc Township Precinct 14,U.S. House,5,REP,Earl Lackie,71
Genesee,Grand Blanc Township Precinct 14,U.S. House,5,REP,Tim Kelly,165
Genesee,Grand Blanc Township Precinct 14,U.S. Senate,,DEM,Gary Peters,407
Genesee,Grand Blanc Township Precinct 14,U.S. Senate,,REP,John James,252
Genesee,Grand Blanc Township Precinct 15,Animal Control Shelter Millage Renewal Proposal,,,No,207
Genesee,Grand Blanc Township Precinct 15,Animal Control Shelter Millage Renewal Proposal,,,Yes,496
Genesee,Grand Blanc Township Precinct 15,Ballots Cast,,,,748
Genesee,Grand Blanc Township Precinct 15,Circuit Court Judge,7,,Chris Christenson,238
Genesee,Grand Blanc Township Precinct 15,Circuit Court Judge,7,,Herman Marable Jr.,85
Genesee,Grand Blanc Township Precinct 15,Circuit Court Judge,7,,Stephanie Witucki,215
Genesee,Grand Blanc Township Precinct 15,Clerk and Register of Deeds,,DEM,John J. Gleason,164
Genesee,Grand Blanc Township Precinct 15,Clerk and Register of Deeds,,DEM,Renee' D. Watson,162
Genesee,Grand Blanc Township Precinct 15,Clerk and Register of Deeds,,REP,Jesse Couch,274
Genesee,Grand Blanc Township Precinct 15,County Commissioner,6,DEM,Timothy John Draeger (W),6
Genesee,Grand Blanc Township Precinct 15,County Commissioner,6,REP,Shaun Shumaker,260
Genesee,Grand Blanc Township Precinct 15,County Treasurer,,DEM,Deborah Cherry,315
Genesee,Grand Blanc Township Precinct 15,County Treasurer,,REP,Deborah Hoss,277
Genesee,Grand Blanc Township Precinct 15,Drain Commissioner,,DEM,Jeff Wright,235
Genesee,Grand Blanc Township Precinct 15,Drain Commissioner,,DEM,Travis R. Wines,78
Genesee,Grand Blanc Township Precinct 15,Grand Blanc Township Clerk,,DEM,Shannon Elena Polk (W),15
Genesee,Grand Blanc Township Precinct 15,Grand Blanc Township Clerk,,REP,Cathy Lane,113
Genesee,Grand Blanc Township Precinct 15,Grand Blanc Township Clerk,,REP,David B. Robertson,212
Genesee,Grand Blanc Township Precinct 15,Grand Blanc Township Supervisor,,REP,Scott Bennett,303
Genesee,Grand Blanc Township Precinct 15,Grand Blanc Township Treasurer,,DEM,Mark W. Kilmer,273
Genesee,Grand Blanc Township Precinct 15,Grand Blanc Township Treasurer,,REP,Larry Anderson,233
Genesee,Grand Blanc Township Precinct 15,Grand Blanc Township Treasurer,,REP,Lonnie Adkins,59
Genesee,Grand Blanc Township Precinct 15,Grand Blanc Township Trustee,,DEM,Joe Massey,142
Genesee,Grand Blanc Township Precinct 15,Grand Blanc Township Trustee,,DEM,Jude Rariden,183
Genesee,Grand Blanc Township Precinct 15,Grand Blanc Township Trustee,,DEM,Ken Thomas,148
Genesee,Grand Blanc Township Precinct 15,Grand Blanc Township Trustee,,DEM,Paul J. White,172
Genesee,Grand Blanc Township Precinct 15,Grand Blanc Township Trustee,,DEM,Sarah Hugo,263
Genesee,Grand Blanc Township Precinct 15,Grand Blanc Township Trustee,,REP,Christopher Estes,217
Genesee,Grand Blanc Township Precinct 15,Grand Blanc Township Trustee,,REP,Jay Johnson,211
Genesee,Grand Blanc Township Precinct 15,Grand Blanc Township Trustee,,REP,Joel Feick,251
Genesee,Grand Blanc Township Precinct 15,Grand Blanc Township Trustee,,REP,Mansour,108
Genesee,Grand Blanc Township Precinct 15,Grand Blanc Township Trustee,,REP,Ryan Thompson,227
Genesee,Grand Blanc Township Precinct 15,Lake Fenton Community Schools Sinking Fund Millage Proposal,,,No,40
Genesee,Grand Blanc Township Precinct 15,Lake Fenton Community Schools Sinking Fund Millage Proposal,,,Yes,59
Genesee,Grand Blanc Township Precinct 15,Mass Transportation Authority Millage Replacement Proposal,,,No,280
Genesee,Grand Blanc Township Precinct 15,Mass Transportation Authority Millage Replacement Proposal,,,Yes,419
Genesee,Grand Blanc Township Precinct 15,Prosecuting Attorney,,DEM,David Leyton,206
Genesee,Grand Blanc Township Precinct 15,Prosecuting Attorney,,DEM,Trachelle C. Young,125
Genesee,Grand Blanc Township Precinct 15,Registered Voters,,,,1696
Genesee,Grand Blanc Township Precinct 15,Sheriff,,DEM,Christopher R. Swanson,248
Genesee,Grand Blanc Township Precinct 15,Sheriff,,DEM,Phil Hart,48
Genesee,Grand Blanc Township Precinct 15,Sheriff,,DEM,Timothy Johnson,51
Genesee,Grand Blanc Township Precinct 15,Sheriff,,REP,Stephen Sanford,259
Genesee,Grand Blanc Township Precinct 15,State House,50,DEM,Raymond Freiberger,62
Genesee,Grand Blanc Township Precinct 15,State House,50,DEM,Tim Sneller,248
Genesee,Grand Blanc Township Precinct 15,State House,50,REP,Christina Fitchett-Hickson,128
Genesee,Grand Blanc Township Precinct 15,State House,50,REP,Lynn S. Hukee,54
Genesee,Grand Blanc Township Precinct 15,State House,50,REP,Lynne Freiberger,93
Genesee,Grand Blanc Township Precinct 15,Surveyor,,DEM,Kim Carlson,297
Genesee,Grand Blanc Township Precinct 15,U.S. House,5,DEM,Daniel T. Kildee,332
Genesee,Grand Blanc Township Precinct 15,U.S. House,5,REP,Earl Lackie,36
Genesee,Grand Blanc Township Precinct 15,U.S. House,5,REP,Tim Kelly,251
Genesee,Grand Blanc Township Precinct 15,U.S. Senate,,DEM,Gary Peters,329
Genesee,Grand Blanc Township Precinct 15,U.S. Senate,,REP,John James,322
Genesee,Grand Blanc Township Precinct 16,Animal Control Shelter Millage Renewal Proposal,,,No,64
Genesee,Grand Blanc Township Precinct 16,Animal Control Shelter Millage Renewal Proposal,,,Yes,232
Genesee,Grand Blanc Township Precinct 16,Ballots Cast,,,,338
Genesee,Grand Blanc Township Precinct 16,Circuit Court Judge,7,,Chris Christenson,78
Genesee,Grand Blanc Township Precinct 16,Circuit Court Judge,7,,Herman Marable Jr.,91
Genesee,Grand Blanc Township Precinct 16,Circuit Court Judge,7,,Stephanie Witucki,72
Genesee,Grand Blanc Township Precinct 16,Clerk and Register of Deeds,,DEM,John J. Gleason,109
Genesee,Grand Blanc Township Precinct 16,Clerk and Register of Deeds,,DEM,Renee' D. Watson,117
Genesee,Grand Blanc Township Precinct 16,Clerk and Register of Deeds,,REP,Jesse Couch,58
Genesee,Grand Blanc Township Precinct 16,County Commissioner,6,DEM,Timothy John Draeger (W),0
Genesee,Grand Blanc Township Precinct 16,County Commissioner,6,REP,Shaun Shumaker,57
Genesee,Grand Blanc Township Precinct 16,County Treasurer,,DEM,Deborah Cherry,234
Genesee,Grand Blanc Township Precinct 16,County Treasurer,,REP,Deborah Hoss,58
Genesee,Grand Blanc Township Precinct 16,Drain Commissioner,,DEM,Jeff Wright,155
Genesee,Grand Blanc Township Precinct 16,Drain Commissioner,,DEM,Travis R. Wines,75
Genesee,Grand Blanc Township Precinct 16,Grand Blanc Township Clerk,,DEM,Shannon Elena Polk (W),15
Genesee,Grand Blanc Township Precinct 16,Grand Blanc Township Clerk,,REP,Cathy Lane,23
Genesee,Grand Blanc Township Precinct 16,Grand Blanc Township Clerk,,REP,David B. Robertson,35
Genesee,Grand Blanc Township Precinct 16,Grand Blanc Township Supervisor,,REP,Scott Bennett,57
Genesee,Grand Blanc Township Precinct 16,Grand Blanc Township Treasurer,,DEM,Mark W. Kilmer,206
Genesee,Grand Blanc Township Precinct 16,Grand Blanc Township Treasurer,,REP,Larry Anderson,42
Genesee,Grand Blanc Township Precinct 16,Grand Blanc Township Treasurer,,REP,Lonnie Adkins,15
Genesee,Grand Blanc Township Precinct 16,Grand Blanc Township Trustee,,DEM,Joe Massey,133
Genesee,Grand Blanc Township Precinct 16,Grand Blanc Township Trustee,,DEM,Jude Rariden,121
Genesee,Grand Blanc Township Precinct 16,Grand Blanc Township Trustee,,DEM,Ken Thomas,108
Genesee,Grand Blanc Township Precinct 16,Grand Blanc Township Trustee,,DEM,Paul J. White,127
Genesee,Grand Blanc Township Precinct 16,Grand Blanc Township Trustee,,DEM,Sarah Hugo,169
Genesee,Grand Blanc Township Precinct 16,Grand Blanc Township Trustee,,REP,Christopher Estes,43
Genesee,Grand Blanc Township Precinct 16,Grand Blanc Township Trustee,,REP,Jay Johnson,34
Genesee,Grand Blanc Township Precinct 16,Grand Blanc Township Trustee,,REP,Joel Feick,42
Genesee,Grand Blanc Township Precinct 16,Grand Blanc Township Trustee,,REP,Mansour,26
Genesee,Grand Blanc Township Precinct 16,Grand Blanc Township Trustee,,REP,Ryan Thompson,39
Genesee,Grand Blanc Township Precinct 16,Mass Transportation Authority Millage Replacement Proposal,,,No,65
Genesee,Grand Blanc Township Precinct 16,Mass Transportation Authority Millage Replacement Proposal,,,Yes,237
Genesee,Grand Blanc Township Precinct 16,Prosecuting Attorney,,DEM,David Leyton,123
Genesee,Grand Blanc Township Precinct 16,Prosecuting Attorney,,DEM,Trachelle C. Young,116
Genesee,Grand Blanc Township Precinct 16,Registered Voters,,,,1458
Genesee,Grand Blanc Township Precinct 16,Sheriff,,DEM,Christopher R. Swanson,144
Genesee,Grand Blanc Township Precinct 16,Sheriff,,DEM,Phil Hart,21
Genesee,Grand Blanc Township Precinct 16,Sheriff,,DEM,Timothy Johnson,76
Genesee,Grand Blanc Township Precinct 16,Sheriff,,REP,Stephen Sanford,52
Genesee,Grand Blanc Township Precinct 16,State House,50,DEM,Raymond Freiberger,43
Genesee,Grand Blanc Township Precinct 16,State House,50,DEM,Tim Sneller,191
Genesee,Grand Blanc Township Precinct 16,State House,50,REP,Christina Fitchett-Hickson,23
Genesee,Grand Blanc Township Precinct 16,State House,50,REP,Lynn S. Hukee,18
Genesee,Grand Blanc Township Precinct 16,State House,50,REP,Lynne Freiberger,18
Genesee,Grand Blanc Township Precinct 16,Surveyor,,DEM,Kim Carlson,227
Genesee,Grand Blanc Township Precinct 16,U.S. House,5,DEM,Daniel T. Kildee,241
Genesee,Grand Blanc Township Precinct 16,U.S. House,5,REP,Earl Lackie,15
Genesee,Grand Blanc Township Precinct 16,U.S. House,5,REP,Tim Kelly,44
Genesee,Grand Blanc Township Precinct 16,U.S. Senate,,DEM,Gary Peters,241
Genesee,Grand Blanc Township Precinct 16,U.S. Senate,,REP,John James,62
Genesee,Grand Blanc Township Precinct 17,Animal Control Shelter Millage Renewal Proposal,,,No,166
Genesee,Grand Blanc Township Precinct 17,Animal Control Shelter Millage Renewal Proposal,,,Yes,510
Genesee,Grand Blanc Township Precinct 17,Ballots Cast,,,,743
Genesee,Grand Blanc Township Precinct 17,Circuit Court Judge,7,,Chris Christenson,255
Genesee,Grand Blanc Township Precinct 17,Circuit Court Judge,7,,Herman Marable Jr.,128
Genesee,Grand Blanc Township Precinct 17,Circuit Court Judge,7,,Stephanie Witucki,170
Genesee,Grand Blanc Township Precinct 17,Clerk and Register of Deeds,,DEM,John J. Gleason,175
Genesee,Grand Blanc Township Precinct 17,Clerk and Register of Deeds,,DEM,Renee' D. Watson,188
Genesee,Grand Blanc Township Precinct 17,Clerk and Register of Deeds,,REP,Jesse Couch,216
Genesee,Grand Blanc Township Precinct 17,County Commissioner,5,DEM,Mark Young,329
Genesee,Grand Blanc Township Precinct 17,County Commissioner,5,REP,Sean A. Trowbridge,211
Genesee,Grand Blanc Township Precinct 17,County Treasurer,,DEM,Deborah Cherry,346
Genesee,Grand Blanc Township Precinct 17,County Treasurer,,REP,Deborah Hoss,214
Genesee,Grand Blanc Township Precinct 17,Drain Commissioner,,DEM,Jeff Wright,261
Genesee,Grand Blanc Township Precinct 17,Drain Commissioner,,DEM,Travis R. Wines,87
Genesee,Grand Blanc Township Precinct 17,Grand Blanc Township Clerk,,DEM,Shannon Elena Polk (W),14
Genesee,Grand Blanc Township Precinct 17,Grand Blanc Township Clerk,,REP,Cathy Lane,93
Genesee,Grand Blanc Township Precinct 17,Grand Blanc Township Clerk,,REP,David B. Robertson,194
Genesee,Grand Blanc Township Precinct 17,Grand Blanc Township Supervisor,,REP,Scott Bennett,244
Genesee,Grand Blanc Township Precinct 17,Grand Blanc Township Treasurer,,DEM,Mark W. Kilmer,293
Genesee,Grand Blanc Township Precinct 17,Grand Blanc Township Treasurer,,REP,Larry Anderson,181
Genesee,Grand Blanc Township Precinct 17,Grand Blanc Township Treasurer,,REP,Lonnie Adkins,57
Genesee,Grand Blanc Township Precinct 17,Grand Blanc Township Trustee,,DEM,Joe Massey,188
Genesee,Grand Blanc Township Precinct 17,Grand Blanc Township Trustee,,DEM,Jude Rariden,218
Genesee,Grand Blanc Township Precinct 17,Grand Blanc Township Trustee,,DEM,Ken Thomas,169
Genesee,Grand Blanc Township Precinct 17,Grand Blanc Township Trustee,,DEM,Paul J. White,191
Genesee,Grand Blanc Township Precinct 17,Grand Blanc Township Trustee,,DEM,Sarah Hugo,282
Genesee,Grand Blanc Township Precinct 17,Grand Blanc Township Trustee,,REP,Christopher Estes,172
Genesee,Grand Blanc Township Precinct 17,Grand Blanc Township Trustee,,REP,Jay Johnson,178
Genesee,Grand Blanc Township Precinct 17,Grand Blanc Township Trustee,,REP,Joel Feick,227
Genesee,Grand Blanc Township Precinct 17,Grand Blanc Township Trustee,,REP,Mansour,94
Genesee,Grand Blanc Township Precinct 17,Grand Blanc Township Trustee,,REP,Ryan Thompson,182
Genesee,Grand Blanc Township Precinct 17,Mass Transportation Authority Millage Replacement Proposal,,,No,198
Genesee,Grand Blanc Township Precinct 17,Mass Transportation Authority Millage Replacement Proposal,,,Yes,488
Genesee,Grand Blanc Township Precinct 17,Prosecuting Attorney,,DEM,David Leyton,247
Genesee,Grand Blanc Township Precinct 17,Prosecuting Attorney,,DEM,Trachelle C. Young,123
Genesee,Grand Blanc Township Precinct 17,Registered Voters,,,,2098
Genesee,Grand Blanc Township Precinct 17,Sheriff,,DEM,Christopher R. Swanson,269
Genesee,Grand Blanc Township Precinct 17,Sheriff,,DEM,Phil Hart,40
Genesee,Grand Blanc Township Precinct 17,Sheriff,,DEM,Timothy Johnson,70
Genesee,Grand Blanc Township Precinct 17,Sheriff,,REP,Stephen Sanford,206
Genesee,Grand Blanc Township Precinct 17,State House,50,DEM,Raymond Freiberger,72
Genesee,Grand Blanc Township Precinct 17,State House,50,DEM,Tim Sneller,260
Genesee,Grand Blanc Township Precinct 17,State House,50,REP,Christina Fitchett-Hickson,71
Genesee,Grand Blanc Township Precinct 17,State House,50,REP,Lynn S. Hukee,64
Genesee,Grand Blanc Township Precinct 17,State House,50,REP,Lynne Freiberger,84
Genesee,Grand Blanc Township Precinct 17,Surveyor,,DEM,Kim Carlson,324
Genesee,Grand Blanc Township Precinct 17,U.S. House,5,DEM,Daniel T. Kildee,361
Genesee,Grand Blanc Township Precinct 17,U.S. House,5,REP,Earl Lackie,43
Genesee,Grand Blanc Township Precinct 17,U.S. House,5,REP,Tim Kelly,205
Genesee,Grand Blanc Township Precinct 17,U.S. Senate,,DEM,Gary Peters,362
Genesee,Grand Blanc Township Precinct 17,U.S. Senate,,REP,John James,262
Genesee,Grand Blanc Township Precinct 2,Animal Control Shelter Millage Renewal Proposal,,,No,110
Genesee,Grand Blanc Township Precinct 2,Animal Control Shelter Millage Renewal Proposal,,,Yes,229
Genesee,Grand Blanc Township Precinct 2,Ballots Cast,,,,369
Genesee,Grand Blanc Township Precinct 2,Circuit Court Judge,7,,Chris Christenson,116
Genesee,Grand Blanc Township Precinct 2,Circuit Court Judge,7,,Herman Marable Jr.,63
Genesee,Grand Blanc Township Precinct 2,Circuit Court Judge,7,,Stephanie Witucki,86
Genesee,Grand Blanc Township Precinct 2,Clerk and Register of Deeds,,DEM,John J. Gleason,98
Genesee,Grand Blanc Township Precinct 2,Clerk and Register of Deeds,,DEM,Renee' D. Watson,109
Genesee,Grand Blanc Township Precinct 2,Clerk and Register of Deeds,,REP,Jesse Couch,102
Genesee,Grand Blanc Township Precinct 2,County Commissioner,5,DEM,Mark Young,195
Genesee,Grand Blanc Township Precinct 2,County Commissioner,5,REP,Sean A. Trowbridge,97
Genesee,Grand Blanc Township Precinct 2,County Treasurer,,DEM,Deborah Cherry,195
Genesee,Grand Blanc Township Precinct 2,County Treasurer,,REP,Deborah Hoss,99
Genesee,Grand Blanc Township Precinct 2,Drain Commissioner,,DEM,Jeff Wright,145
Genesee,Grand Blanc Township Precinct 2,Drain Commissioner,,DEM,Travis R. Wines,63
Genesee,Grand Blanc Township Precinct 2,Grand Blanc Township Clerk,,DEM,Shannon Elena Polk (W),2
Genesee,Grand Blanc Township Precinct 2,Grand Blanc Township Clerk,,REP,Cathy Lane,45
Genesee,Grand Blanc Township Precinct 2,Grand Blanc Township Clerk,,REP,David B. Robertson,84
Genesee,Grand Blanc Township Precinct 2,Grand Blanc Township Supervisor,,REP,Scott Bennett,114
Genesee,Grand Blanc Township Precinct 2,Grand Blanc Township Treasurer,,DEM,Mark W. Kilmer,168
Genesee,Grand Blanc Township Precinct 2,Grand Blanc Township Treasurer,,REP,Larry Anderson,93
Genesee,Grand Blanc Township Precinct 2,Grand Blanc Township Treasurer,,REP,Lonnie Adkins,26
Genesee,Grand Blanc Township Precinct 2,Grand Blanc Township Trustee,,DEM,Joe Massey,109
Genesee,Grand Blanc Township Precinct 2,Grand Blanc Township Trustee,,DEM,Jude Rariden,108
Genesee,Grand Blanc Township Precinct 2,Grand Blanc Township Trustee,,DEM,Ken Thomas,109
Genesee,Grand Blanc Township Precinct 2,Grand Blanc Township Trustee,,DEM,Paul J. White,121
Genesee,Grand Blanc Township Precinct 2,Grand Blanc Township Trustee,,DEM,Sarah Hugo,155
Genesee,Grand Blanc Township Precinct 2,Grand Blanc Township Trustee,,REP,Christopher Estes,87
Genesee,Grand Blanc Township Precinct 2,Grand Blanc Township Trustee,,REP,Jay Johnson,74
Genesee,Grand Blanc Township Precinct 2,Grand Blanc Township Trustee,,REP,Joel Feick,95
Genesee,Grand Blanc Township Precinct 2,Grand Blanc Township Trustee,,REP,Mansour,44
Genesee,Grand Blanc Township Precinct 2,Grand Blanc Township Trustee,,REP,Ryan Thompson,82
Genesee,Grand Blanc Township Precinct 2,Mass Transportation Authority Millage Replacement Proposal,,,No,142
Genesee,Grand Blanc Township Precinct 2,Mass Transportation Authority Millage Replacement Proposal,,,Yes,209
Genesee,Grand Blanc Township Precinct 2,Prosecuting Attorney,,DEM,David Leyton,117
Genesee,Grand Blanc Township Precinct 2,Prosecuting Attorney,,DEM,Trachelle C. Young,90
Genesee,Grand Blanc Township Precinct 2,Registered Voters,,,,1306
Genesee,Grand Blanc Township Precinct 2,Sheriff,,DEM,Christopher R. Swanson,135
Genesee,Grand Blanc Township Precinct 2,Sheriff,,DEM,Phil Hart,34
Genesee,Grand Blanc Township Precinct 2,Sheriff,,DEM,Timothy Johnson,42
Genesee,Grand Blanc Township Precinct 2,Sheriff,,REP,Stephen Sanford,97
Genesee,Grand Blanc Township Precinct 2,State House,50,DEM,Raymond Freiberger,52
Genesee,Grand Blanc Township Precinct 2,State House,50,DEM,Tim Sneller,144
Genesee,Grand Blanc Township Precinct 2,State House,50,REP,Christina Fitchett-Hickson,46
Genesee,Grand Blanc Township Precinct 2,State House,50,REP,Lynn S. Hukee,32
Genesee,Grand Blanc Township Precinct 2,State House,50,REP,Lynne Freiberger,38
Genesee,Grand Blanc Township Precinct 2,Surveyor,,DEM,Kim Carlson,188
Genesee,Grand Blanc Township Precinct 2,U.S. House,5,DEM,Daniel T. Kildee,204
Genesee,Grand Blanc Township Precinct 2,U.S. House,5,REP,Earl Lackie,42
Genesee,Grand Blanc Township Precinct 2,U.S. House,5,REP,Tim Kelly,77
Genesee,Grand Blanc Township Precinct 2,U.S. Senate,,DEM,Gary Peters,201
Genesee,Grand Blanc Township Precinct 2,U.S. Senate,,REP,John James,124
Genesee,Grand Blanc Township Precinct 3,Animal Control Shelter Millage Renewal Proposal,,,No,125
Genesee,Grand Blanc Township Precinct 3,Animal Control Shelter Millage Renewal Proposal,,,Yes,293
Genesee,Grand Blanc Township Precinct 3,Ballots Cast,,,,459
Genesee,Grand Blanc Township Precinct 3,Circuit Court Judge,7,,Chris Christenson,141
Genesee,Grand Blanc Township Precinct 3,Circuit Court Judge,7,,Herman Marable Jr.,55
Genesee,Grand Blanc Township Precinct 3,Circuit Court Judge,7,,Stephanie Witucki,107
Genesee,Grand Blanc Township Precinct 3,Clerk and Register of Deeds,,DEM,John J. Gleason,127
Genesee,Grand Blanc Township Precinct 3,Clerk and Register of Deeds,,DEM,Renee' D. Watson,96
Genesee,Grand Blanc Township Precinct 3,Clerk and Register of Deeds,,REP,Jesse Couch,147
Genesee,Grand Blanc Township Precinct 3,County Commissioner,5,DEM,Mark Young,201
Genesee,Grand Blanc Township Precinct 3,County Commissioner,5,REP,Sean A. Trowbridge,139
Genesee,Grand Blanc Township Precinct 3,County Treasurer,,DEM,Deborah Cherry,207
Genesee,Grand Blanc Township Precinct 3,County Treasurer,,REP,Deborah Hoss,143
Genesee,Grand Blanc Township Precinct 3,Drain Commissioner,,DEM,Jeff Wright,151
Genesee,Grand Blanc Township Precinct 3,Drain Commissioner,,DEM,Travis R. Wines,64
Genesee,Grand Blanc Township Precinct 3,Grand Blanc Township Clerk,,DEM,Shannon Elena Polk (W),10
Genesee,Grand Blanc Township Precinct 3,Grand Blanc Township Clerk,,REP,Cathy Lane,62
Genesee,Grand Blanc Township Precinct 3,Grand Blanc Township Clerk,,REP,David B. Robertson,106
Genesee,Grand Blanc Township Precinct 3,Grand Blanc Township Supervisor,,REP,Scott Bennett,157
Genesee,Grand Blanc Township Precinct 3,Grand Blanc Township Treasurer,,DEM,Mark W. Kilmer,182
Genesee,Grand Blanc Township Precinct 3,Grand Blanc Township Treasurer,,REP,Larry Anderson,121
Genesee,Grand Blanc Township Precinct 3,Grand Blanc Township Treasurer,,REP,Lonnie Adkins,35
Genesee,Grand Blanc Township Precinct 3,Grand Blanc Township Trustee,,DEM,Joe Massey,114
Genesee,Grand Blanc Township Precinct 3,Grand Blanc Township Trustee,,DEM,Jude Rariden,115
Genesee,Grand Blanc Township Precinct 3,Grand Blanc Township Trustee,,DEM,Ken Thomas,103
Genesee,Grand Blanc Township Precinct 3,Grand Blanc Township Trustee,,DEM,Paul J. White,129
Genesee,Grand Blanc Township Precinct 3,Grand Blanc Township Trustee,,DEM,Sarah Hugo,175
Genesee,Grand Blanc Township Precinct 3,Grand Blanc Township Trustee,,REP,Christopher Estes,109
Genesee,Grand Blanc Township Precinct 3,Grand Blanc Township Trustee,,REP,Jay Johnson,113
Genesee,Grand Blanc Township Precinct 3,Grand Blanc Township Trustee,,REP,Joel Feick,126
Genesee,Grand Blanc Township Precinct 3,Grand Blanc Township Trustee,,REP,Mansour,60
Genesee,Grand Blanc Township Precinct 3,Grand Blanc Township Trustee,,REP,Ryan Thompson,106
Genesee,Grand Blanc Township Precinct 3,Mass Transportation Authority Millage Replacement Proposal,,,No,177
Genesee,Grand Blanc Township Precinct 3,Mass Transportation Authority Millage Replacement Proposal,,,Yes,252
Genesee,Grand Blanc Township Precinct 3,Prosecuting Attorney,,DEM,David Leyton,143
Genesee,Grand Blanc Township Precinct 3,Prosecuting Attorney,,DEM,Trachelle C. Young,72
Genesee,Grand Blanc Township Precinct 3,Registered Voters,,,,1466
Genesee,Grand Blanc Township Precinct 3,Sheriff,,DEM,Christopher R. Swanson,142
Genesee,Grand Blanc Township Precinct 3,Sheriff,,DEM,Phil Hart,42
Genesee,Grand Blanc Township Precinct 3,Sheriff,,DEM,Timothy Johnson,41
Genesee,Grand Blanc Township Precinct 3,Sheriff,,REP,Stephen Sanford,139
Genesee,Grand Blanc Township Precinct 3,State House,50,DEM,Raymond Freiberger,60
Genesee,Grand Blanc Township Precinct 3,State House,50,DEM,Tim Sneller,151
Genesee,Grand Blanc Township Precinct 3,State House,50,REP,Christina Fitchett-Hickson,69
Genesee,Grand Blanc Township Precinct 3,State House,50,REP,Lynn S. Hukee,33
Genesee,Grand Blanc Township Precinct 3,State House,50,REP,Lynne Freiberger,49
Genesee,Grand Blanc Township Precinct 3,Surveyor,,DEM,Kim Carlson,200
Genesee,Grand Blanc Township Precinct 3,U.S. House,5,DEM,Daniel T. Kildee,216
Genesee,Grand Blanc Township Precinct 3,U.S. House,5,REP,Earl Lackie,33
Genesee,Grand Blanc Township Precinct 3,U.S. House,5,REP,Tim Kelly,130
Genesee,Grand Blanc Township Precinct 3,U.S. Senate,,DEM,Gary Peters,215
Genesee,Grand Blanc Township Precinct 3,U.S. Senate,,REP,John James,173
Genesee,Grand Blanc Township Precinct 4,Animal Control Shelter Millage Renewal Proposal,,,No,152
Genesee,Grand Blanc Township Precinct 4,Animal Control Shelter Millage Renewal Proposal,,,Yes,419
Genesee,Grand Blanc Township Precinct 4,Ballots Cast,,,,626
Genesee,Grand Blanc Township Precinct 4,Circuit Court Judge,7,,Chris Christenson,169
Genesee,Grand Blanc Township Precinct 4,Circuit Court Judge,7,,Herman Marable Jr.,116
Genesee,Grand Blanc Township Precinct 4,Circuit Court Judge,7,,Stephanie Witucki,162
Genesee,Grand Blanc Township Precinct 4,Clerk and Register of Deeds,,DEM,John J. Gleason,166
Genesee,Grand Blanc Township Precinct 4,Clerk and Register of Deeds,,DEM,Renee' D. Watson,184
Genesee,Grand Blanc Township Precinct 4,Clerk and Register of Deeds,,REP,Jesse Couch,164
Genesee,Grand Blanc Township Precinct 4,County Commissioner,5,DEM,Mark Young,318
Genesee,Grand Blanc Township Precinct 4,County Commissioner,5,REP,Sean A. Trowbridge,160
Genesee,Grand Blanc Township Precinct 4,County Treasurer,,DEM,Deborah Cherry,341
Genesee,Grand Blanc Township Precinct 4,County Treasurer,,REP,Deborah Hoss,160
Genesee,Grand Blanc Township Precinct 4,Drain Commissioner,,DEM,Jeff Wright,257
Genesee,Grand Blanc Township Precinct 4,Drain Commissioner,,DEM,Travis R. Wines,74
Genesee,Grand Blanc Township Precinct 4,Grand Blanc Township Clerk,,DEM,Shannon Elena Polk (W),14
Genesee,Grand Blanc Township Precinct 4,Grand Blanc Township Clerk,,REP,Cathy Lane,69
Genesee,Grand Blanc Township Precinct 4,Grand Blanc Township Clerk,,REP,David B. Robertson,131
Genesee,Grand Blanc Township Precinct 4,Grand Blanc Township Supervisor,,REP,Scott Bennett,183
Genesee,Grand Blanc Township Precinct 4,Grand Blanc Township Treasurer,,DEM,Mark W. Kilmer,286
Genesee,Grand Blanc Township Precinct 4,Grand Blanc Township Treasurer,,REP,Larry Anderson,154
Genesee,Grand Blanc Township Precinct 4,Grand Blanc Township Treasurer,,REP,Lonnie Adkins,28
Genesee,Grand Blanc Township Precinct 4,Grand Blanc Township Trustee,,DEM,Joe Massey,185
Genesee,Grand Blanc Township Precinct 4,Grand Blanc Township Trustee,,DEM,Jude Rariden,162
Genesee,Grand Blanc Township Precinct 4,Grand Blanc Township Trustee,,DEM,Ken Thomas,171
Genesee,Grand Blanc Township Precinct 4,Grand Blanc Township Trustee,,DEM,Paul J. White,188
Genesee,Grand Blanc Township Precinct 4,Grand Blanc Township Trustee,,DEM,Sarah Hugo,272
Genesee,Grand Blanc Township Precinct 4,Grand Blanc Township Trustee,,REP,Christopher Estes,131
Genesee,Grand Blanc Township Precinct 4,Grand Blanc Township Trustee,,REP,Jay Johnson,122
Genesee,Grand Blanc Township Precinct 4,Grand Blanc Township Trustee,,REP,Joel Feick,155
Genesee,Grand Blanc Township Precinct 4,Grand Blanc Township Trustee,,REP,Mansour,73
Genesee,Grand Blanc Township Precinct 4,Grand Blanc Township Trustee,,REP,Ryan Thompson,131
Genesee,Grand Blanc Township Precinct 4,Mass Transportation Authority Millage Replacement Proposal,,,No,185
Genesee,Grand Blanc Township Precinct 4,Mass Transportation Authority Millage Replacement Proposal,,,Yes,390
Genesee,Grand Blanc Township Precinct 4,Prosecuting Attorney,,DEM,David Leyton,225
Genesee,Grand Blanc Township Precinct 4,Prosecuting Attorney,,DEM,Trachelle C. Young,135
Genesee,Grand Blanc Township Precinct 4,Registered Voters,,,,1961
Genesee,Grand Blanc Township Precinct 4,Sheriff,,DEM,Christopher R. Swanson,258
Genesee,Grand Blanc Township Precinct 4,Sheriff,,DEM,Phil Hart,44
Genesee,Grand Blanc Township Precinct 4,Sheriff,,DEM,Timothy Johnson,71
Genesee,Grand Blanc Township Precinct 4,Sheriff,,REP,Stephen Sanford,152
Genesee,Grand Blanc Township Precinct 4,State House,50,DEM,Raymond Freiberger,58
Genesee,Grand Blanc Township Precinct 4,State House,50,DEM,Tim Sneller,270
Genesee,Grand Blanc Township Precinct 4,State House,50,REP,Christina Fitchett-Hickson,54
Genesee,Grand Blanc Township Precinct 4,State House,50,REP,Lynn S. Hukee,36
Genesee,Grand Blanc Township Precinct 4,State House,50,REP,Lynne Freiberger,74
Genesee,Grand Blanc Township Precinct 4,Surveyor,,DEM,Kim Carlson,312
Genesee,Grand Blanc Township Precinct 4,U.S. House,5,DEM,Daniel T. Kildee,355
Genesee,Grand Blanc Township Precinct 4,U.S. House,5,REP,Earl Lackie,36
Genesee,Grand Blanc Township Precinct 4,U.S. House,5,REP,Tim Kelly,136
Genesee,Grand Blanc Township Precinct 4,U.S. Senate,,DEM,Gary Peters,355
Genesee,Grand Blanc Township Precinct 4,U.S. Senate,,REP,John James,189
Genesee,Grand Blanc Township Precinct 5,Animal Control Shelter Millage Renewal Proposal,,,No,115
Genesee,Grand Blanc Township Precinct 5,Animal Control Shelter Millage Renewal Proposal,,,Yes,308
Genesee,Grand Blanc Township Precinct 5,Ballots Cast,,,,464
Genesee,Grand Blanc Township Precinct 5,Circuit Court Judge,7,,Chris Christenson,146
Genesee,Grand Blanc Township Precinct 5,Circuit Court Judge,7,,Herman Marable Jr.,64
Genesee,Grand Blanc Township Precinct 5,Circuit Court Judge,7,,Stephanie Witucki,117
Genesee,Grand Blanc Township Precinct 5,Clerk and Register of Deeds,,DEM,John J. Gleason,129
Genesee,Grand Blanc Township Precinct 5,Clerk and Register of Deeds,,DEM,Renee' D. Watson,103
Genesee,Grand Blanc Township Precinct 5,Clerk and Register of Deeds,,REP,Jesse Couch,137
Genesee,Grand Blanc Township Precinct 5,County Commissioner,6,DEM,Timothy John Draeger (W),0
Genesee,Grand Blanc Township Precinct 5,County Commissioner,6,REP,Shaun Shumaker,129
Genesee,Grand Blanc Township Precinct 5,County Treasurer,,DEM,Deborah Cherry,225
Genesee,Grand Blanc Township Precinct 5,County Treasurer,,REP,Deborah Hoss,136
Genesee,Grand Blanc Township Precinct 5,Drain Commissioner,,DEM,Jeff Wright,170
Genesee,Grand Blanc Township Precinct 5,Drain Commissioner,,DEM,Travis R. Wines,59
Genesee,Grand Blanc Township Precinct 5,Grand Blanc Township Clerk,,DEM,Shannon Elena Polk (W),5
Genesee,Grand Blanc Township Precinct 5,Grand Blanc Township Clerk,,REP,Cathy Lane,55
Genesee,Grand Blanc Township Precinct 5,Grand Blanc Township Clerk,,REP,David B. Robertson,122
Genesee,Grand Blanc Township Precinct 5,Grand Blanc Township Supervisor,,REP,Scott Bennett,154
Genesee,Grand Blanc Township Precinct 5,Grand Blanc Township Treasurer,,DEM,Mark W. Kilmer,202
Genesee,Grand Blanc Township Precinct 5,Grand Blanc Township Treasurer,,REP,Larry Anderson,121
Genesee,Grand Blanc Township Precinct 5,Grand Blanc Township Treasurer,,REP,Lonnie Adkins,37
Genesee,Grand Blanc Township Precinct 5,Grand Blanc Township Trustee,,DEM,Joe Massey,136
Genesee,Grand Blanc Township Precinct 5,Grand Blanc Township Trustee,,DEM,Jude Rariden,128
Genesee,Grand Blanc Township Precinct 5,Grand Blanc Township Trustee,,DEM,Ken Thomas,114
Genesee,Grand Blanc Township Precinct 5,Grand Blanc Township Trustee,,DEM,Paul J. White,146
Genesee,Grand Blanc Township Precinct 5,Grand Blanc Township Trustee,,DEM,Sarah Hugo,193
Genesee,Grand Blanc Township Precinct 5,Grand Blanc Township Trustee,,REP,Christopher Estes,113
Genesee,Grand Blanc Township Precinct 5,Grand Blanc Township Trustee,,REP,Jay Johnson,111
Genesee,Grand Blanc Township Precinct 5,Grand Blanc Township Trustee,,REP,Joel Feick,128
Genesee,Grand Blanc Township Precinct 5,Grand Blanc Township Trustee,,REP,Mansour,61
Genesee,Grand Blanc Township Precinct 5,Grand Blanc Township Trustee,,REP,Ryan Thompson,116
Genesee,Grand Blanc Township Precinct 5,Mass Transportation Authority Millage Replacement Proposal,,,No,162
Genesee,Grand Blanc Township Precinct 5,Mass Transportation Authority Millage Replacement Proposal,,,Yes,282
Genesee,Grand Blanc Township Precinct 5,Prosecuting Attorney,,DEM,David Leyton,155
Genesee,Grand Blanc Township Precinct 5,Prosecuting Attorney,,DEM,Trachelle C. Young,77
Genesee,Grand Blanc Township Precinct 5,Registered Voters,,,,2489
Genesee,Grand Blanc Township Precinct 5,Sheriff,,DEM,Christopher R. Swanson,166
Genesee,Grand Blanc Township Precinct 5,Sheriff,,DEM,Phil Hart,19
Genesee,Grand Blanc Township Precinct 5,Sheriff,,DEM,Timothy Johnson,55
Genesee,Grand Blanc Township Precinct 5,Sheriff,,REP,Stephen Sanford,131
Genesee,Grand Blanc Township Precinct 5,State House,50,DEM,Raymond Freiberger,56
Genesee,Grand Blanc Township Precinct 5,State House,50,DEM,Tim Sneller,165
Genesee,Grand Blanc Township Precinct 5,State House,50,REP,Christina Fitchett-Hickson,46
Genesee,Grand Blanc Township Precinct 5,State House,50,REP,Lynn S. Hukee,42
Genesee,Grand Blanc Township Precinct 5,State House,50,REP,Lynne Freiberger,48
Genesee,Grand Blanc Township Precinct 5,Surveyor,,DEM,Kim Carlson,213
Genesee,Grand Blanc Township Precinct 5,U.S. House,5,DEM,Daniel T. Kildee,234
Genesee,Grand Blanc Township Precinct 5,U.S. House,5,REP,Earl Lackie,29
Genesee,Grand Blanc Township Precinct 5,U.S. House,5,REP,Tim Kelly,127
Genesee,Grand Blanc Township Precinct 5,U.S. Senate,,DEM,Gary Peters,231
Genesee,Grand Blanc Township Precinct 5,U.S. Senate,,REP,John James,169
Genesee,Grand Blanc Township Precinct 6,Animal Control Shelter Millage Renewal Proposal,,,No,165
Genesee,Grand Blanc Township Precinct 6,Animal Control Shelter Millage Renewal Proposal,,,Yes,497
Genesee,Grand Blanc Township Precinct 6,Ballots Cast,,,,730
Genesee,Grand Blanc Township Precinct 6,Circuit Court Judge,7,,Chris Christenson,246
Genesee,Grand Blanc Township Precinct 6,Circuit Court Judge,7,,Herman Marable Jr.,100
Genesee,Grand Blanc Township Precinct 6,Circuit Court Judge,7,,Stephanie Witucki,211
Genesee,Grand Blanc Township Precinct 6,Clerk and Register of Deeds,,DEM,John J. Gleason,147
Genesee,Grand Blanc Township Precinct 6,Clerk and Register of Deeds,,DEM,Renee' D. Watson,225
Genesee,Grand Blanc Township Precinct 6,Clerk and Register of Deeds,,REP,Jesse Couch,211
Genesee,Grand Blanc Township Precinct 6,County Commissioner,5,DEM,Mark Young,340
Genesee,Grand Blanc Township Precinct 6,County Commissioner,5,REP,Sean A. Trowbridge,207
Genesee,Grand Blanc Township Precinct 6,County Treasurer,,DEM,Deborah Cherry,348
Genesee,Grand Blanc Township Precinct 6,County Treasurer,,REP,Deborah Hoss,211
Genesee,Grand Blanc Township Precinct 6,Drain Commissioner,,DEM,Jeff Wright,255
Genesee,Grand Blanc Township Precinct 6,Drain Commissioner,,DEM,Travis R. Wines,103
Genesee,Grand Blanc Township Precinct 6,Grand Blanc Township Clerk,,DEM,Shannon Elena Polk (W),14
Genesee,Grand Blanc Township Precinct 6,Grand Blanc Township Clerk,,REP,Cathy Lane,94
Genesee,Grand Blanc Township Precinct 6,Grand Blanc Township Clerk,,REP,David B. Robertson,156
Genesee,Grand Blanc Township Precinct 6,Grand Blanc Township Supervisor,,REP,Scott Bennett,234
Genesee,Grand Blanc Township Precinct 6,Grand Blanc Township Treasurer,,DEM,Mark W. Kilmer,297
Genesee,Grand Blanc Township Precinct 6,Grand Blanc Township Treasurer,,REP,Larry Anderson,181
Genesee,Grand Blanc Township Precinct 6,Grand Blanc Township Treasurer,,REP,Lonnie Adkins,52
Genesee,Grand Blanc Township Precinct 6,Grand Blanc Township Trustee,,DEM,Joe Massey,180
Genesee,Grand Blanc Township Precinct 6,Grand Blanc Township Trustee,,DEM,Jude Rariden,199
Genesee,Grand Blanc Township Precinct 6,Grand Blanc Township Trustee,,DEM,Ken Thomas,166
Genesee,Grand Blanc Township Precinct 6,Grand Blanc Township Trustee,,DEM,Paul J. White,196
Genesee,Grand Blanc Township Precinct 6,Grand Blanc Township Trustee,,DEM,Sarah Hugo,286
Genesee,Grand Blanc Township Precinct 6,Grand Blanc Township Trustee,,REP,Christopher Estes,176
Genesee,Grand Blanc Township Precinct 6,Grand Blanc Township Trustee,,REP,Jay Johnson,168
Genesee,Grand Blanc Township Precinct 6,Grand Blanc Township Trustee,,REP,Joel Feick,191
Genesee,Grand Blanc Township Precinct 6,Grand Blanc Township Trustee,,REP,Mansour,107
Genesee,Grand Blanc Township Precinct 6,Grand Blanc Township Trustee,,REP,Ryan Thompson,174
Genesee,Grand Blanc Township Precinct 6,Mass Transportation Authority Millage Replacement Proposal,,,No,193
Genesee,Grand Blanc Township Precinct 6,Mass Transportation Authority Millage Replacement Proposal,,,Yes,473
Genesee,Grand Blanc Township Precinct 6,Prosecuting Attorney,,DEM,David Leyton,200
Genesee,Grand Blanc Township Precinct 6,Prosecuting Attorney,,DEM,Trachelle C. Young,178
Genesee,Grand Blanc Township Precinct 6,Registered Voters,,,,2768
Genesee,Grand Blanc Township Precinct 6,Sheriff,,DEM,Christopher R. Swanson,226
Genesee,Grand Blanc Township Precinct 6,Sheriff,,DEM,Phil Hart,57
Genesee,Grand Blanc Township Precinct 6,Sheriff,,DEM,Timothy Johnson,102
Genesee,Grand Blanc Township Precinct 6,Sheriff,,REP,Stephen Sanford,200
Genesee,Grand Blanc Township Precinct 6,State House,50,DEM,Raymond Freiberger,75
Genesee,Grand Blanc Township Precinct 6,State House,50,DEM,Tim Sneller,275
Genesee,Grand Blanc Township Precinct 6,State House,50,REP,Christina Fitchett-Hickson,98
Genesee,Grand Blanc Township Precinct 6,State House,50,REP,Lynn S. Hukee,55
Genesee,Grand Blanc Township Precinct 6,State House,50,REP,Lynne Freiberger,69
Genesee,Grand Blanc Township Precinct 6,Surveyor,,DEM,Kim Carlson,333
Genesee,Grand Blanc Township Precinct 6,U.S. House,5,DEM,Daniel T. Kildee,378
Genesee,Grand Blanc Township Precinct 6,U.S. House,5,REP,Earl Lackie,46
Genesee,Grand Blanc Township Precinct 6,U.S. House,5,REP,Tim Kelly,184
Genesee,Grand Blanc Township Precinct 6,U.S. Senate,,DEM,Gary Peters,377
Genesee,Grand Blanc Township Precinct 6,U.S. Senate,,REP,John James,256
Genesee,Grand Blanc Township Precinct 7,Animal Control Shelter Millage Renewal Proposal,,,No,138
Genesee,Grand Blanc Township Precinct 7,Animal Control Shelter Millage Renewal Proposal,,,Yes,328
Genesee,Grand Blanc Township Precinct 7,Ballots Cast,,,,514
Genesee,Grand Blanc Township Precinct 7,Circuit Court Judge,7,,Chris Christenson,124
Genesee,Grand Blanc Township Precinct 7,Circuit Court Judge,7,,Herman Marable Jr.,175
Genesee,Grand Blanc Township Precinct 7,Circuit Court Judge,7,,Stephanie Witucki,81
Genesee,Grand Blanc Township Precinct 7,Clerk and Register of Deeds,,DEM,John J. Gleason,189
Genesee,Grand Blanc Township Precinct 7,Clerk and Register of Deeds,,DEM,Renee' D. Watson,177
Genesee,Grand Blanc Township Precinct 7,Clerk and Register of Deeds,,REP,Jesse Couch,90
Genesee,Grand Blanc Township Precinct 7,County Commissioner,5,DEM,Mark Young,339
Genesee,Grand Blanc Township Precinct 7,County Commissioner,5,REP,Sean A. Trowbridge,89
Genesee,Grand Blanc Township Precinct 7,County Treasurer,,DEM,Deborah Cherry,356
Genesee,Grand Blanc Township Precinct 7,County Treasurer,,REP,Deborah Hoss,90
Genesee,Grand Blanc Township Precinct 7,Drain Commissioner,,DEM,Jeff Wright,257
Genesee,Grand Blanc Township Precinct 7,Drain Commissioner,,DEM,Travis R. Wines,96
Genesee,Grand Blanc Township Precinct 7,Grand Blanc Township Clerk,,DEM,Shannon Elena Polk (W),22
Genesee,Grand Blanc Township Precinct 7,Grand Blanc Township Clerk,,REP,Cathy Lane,35
Genesee,Grand Blanc Township Precinct 7,Grand Blanc Township Clerk,,REP,David B. Robertson,67
Genesee,Grand Blanc Township Precinct 7,Grand Blanc Township Supervisor,,REP,Scott Bennett,96
Genesee,Grand Blanc Township Precinct 7,Grand Blanc Township Treasurer,,DEM,Mark W. Kilmer,311
Genesee,Grand Blanc Township Precinct 7,Grand Blanc Township Treasurer,,REP,Larry Anderson,67
Genesee,Grand Blanc Township Precinct 7,Grand Blanc Township Treasurer,,REP,Lonnie Adkins,24
Genesee,Grand Blanc Township Precinct 7,Grand Blanc Township Trustee,,DEM,Joe Massey,221
Genesee,Grand Blanc Township Precinct 7,Grand Blanc Township Trustee,,DEM,Jude Rariden,197
Genesee,Grand Blanc Township Precinct 7,Grand Blanc Township Trustee,,DEM,Ken Thomas,195
Genesee,Grand Blanc Township Precinct 7,Grand Blanc Township Trustee,,DEM,Paul J. White,197
Genesee,Grand Blanc Township Precinct 7,Grand Blanc Township Trustee,,DEM,Sarah Hugo,247
Genesee,Grand Blanc Township Precinct 7,Grand Blanc Township Trustee,,REP,Christopher Estes,72
Genesee,Grand Blanc Township Precinct 7,Grand Blanc Township Trustee,,REP,Jay Johnson,64
Genesee,Grand Blanc Township Precinct 7,Grand Blanc Township Trustee,,REP,Joel Feick,86
Genesee,Grand Blanc Township Precinct 7,Grand Blanc Township Trustee,,REP,Mansour,33
Genesee,Grand Blanc Township Precinct 7,Grand Blanc Township Trustee,,REP,Ryan Thompson,72
Genesee,Grand Blanc Township Precinct 7,Mass Transportation Authority Millage Replacement Proposal,,,No,135
Genesee,Grand Blanc Township Precinct 7,Mass Transportation Authority Millage Replacement Proposal,,,Yes,347
Genesee,Grand Blanc Township Precinct 7,Prosecuting Attorney,,DEM,David Leyton,205
Genesee,Grand Blanc Township Precinct 7,Prosecuting Attorney,,DEM,Trachelle C. Young,166
Genesee,Grand Blanc Township Precinct 7,Registered Voters,,,,1197
Genesee,Grand Blanc Township Precinct 7,Sheriff,,DEM,Christopher R. Swanson,191
Genesee,Grand Blanc Township Precinct 7,Sheriff,,DEM,Phil Hart,39
Genesee,Grand Blanc Township Precinct 7,Sheriff,,DEM,Timothy Johnson,147
Genesee,Grand Blanc Township Precinct 7,Sheriff,,REP,Stephen Sanford,77
Genesee,Grand Blanc Township Precinct 7,State House,50,DEM,Raymond Freiberger,66
Genesee,Grand Blanc Township Precinct 7,State House,50,DEM,Tim Sneller,282
Genesee,Grand Blanc Township Precinct 7,State House,50,REP,Christina Fitchett-Hickson,36
Genesee,Grand Blanc Township Precinct 7,State House,50,REP,Lynn S. Hukee,19
Genesee,Grand Blanc Township Precinct 7,State House,50,REP,Lynne Freiberger,34
Genesee,Grand Blanc Township Precinct 7,Surveyor,,DEM,Kim Carlson,330
Genesee,Grand Blanc Township Precinct 7,U.S. House,5,DEM,Daniel T. Kildee,369
Genesee,Grand Blanc Township Precinct 7,U.S. House,5,REP,Earl Lackie,11
Genesee,Grand Blanc Township Precinct 7,U.S. House,5,REP,Tim Kelly,83
Genesee,Grand Blanc Township Precinct 7,U.S. Senate,,DEM,Gary Peters,369
Genesee,Grand Blanc Township Precinct 7,U.S. Senate,,REP,John James,101
Genesee,Grand Blanc Township Precinct 8,Animal Control Shelter Millage Renewal Proposal,,,No,206
Genesee,Grand Blanc Township Precinct 8,Animal Control Shelter Millage Renewal Proposal,,,Yes,639
Genesee,Grand Blanc Township Precinct 8,Ballots Cast,,,,947
Genesee,Grand Blanc Township Precinct 8,Circuit Court Judge,7,,Chris Christenson,308
Genesee,Grand Blanc Township Precinct 8,Circuit Court Judge,7,,Herman Marable Jr.,110
Genesee,Grand Blanc Township Precinct 8,Circuit Court Judge,7,,Stephanie Witucki,308
Genesee,Grand Blanc Township Precinct 8,Clerk and Register of Deeds,,DEM,John J. Gleason,189
Genesee,Grand Blanc Township Precinct 8,Clerk and Register of Deeds,,DEM,Renee' D. Watson,241
Genesee,Grand Blanc Township Precinct 8,Clerk and Register of Deeds,,REP,Jesse Couch,305
Genesee,Grand Blanc Township Precinct 8,County Commissioner,5,DEM,Mark Young,379
Genesee,Grand Blanc Township Precinct 8,County Commissioner,5,REP,Sean A. Trowbridge,307
Genesee,Grand Blanc Township Precinct 8,County Treasurer,,DEM,Deborah Cherry,406
Genesee,Grand Blanc Township Precinct 8,County Treasurer,,REP,Deborah Hoss,304
Genesee,Grand Blanc Township Precinct 8,Drain Commissioner,,DEM,Jeff Wright,303
Genesee,Grand Blanc Township Precinct 8,Drain Commissioner,,DEM,Travis R. Wines,102
Genesee,Grand Blanc Township Precinct 8,Grand Blanc Township Clerk,,DEM,Shannon Elena Polk (W),21
Genesee,Grand Blanc Township Precinct 8,Grand Blanc Township Clerk,,REP,Cathy Lane,149
Genesee,Grand Blanc Township Precinct 8,Grand Blanc Township Clerk,,REP,David B. Robertson,248
Genesee,Grand Blanc Township Precinct 8,Grand Blanc Township Supervisor,,REP,Scott Bennett,357
Genesee,Grand Blanc Township Precinct 8,Grand Blanc Township Treasurer,,DEM,Mark W. Kilmer,335
Genesee,Grand Blanc Township Precinct 8,Grand Blanc Township Treasurer,,REP,Larry Anderson,287
Genesee,Grand Blanc Township Precinct 8,Grand Blanc Township Treasurer,,REP,Lonnie Adkins,56
Genesee,Grand Blanc Township Precinct 8,Grand Blanc Township Trustee,,DEM,Joe Massey,216
Genesee,Grand Blanc Township Precinct 8,Grand Blanc Township Trustee,,DEM,Jude Rariden,245
Genesee,Grand Blanc Township Precinct 8,Grand Blanc Township Trustee,,DEM,Ken Thomas,212
Genesee,Grand Blanc Township Precinct 8,Grand Blanc Township Trustee,,DEM,Paul J. White,229
Genesee,Grand Blanc Township Precinct 8,Grand Blanc Township Trustee,,DEM,Sarah Hugo,357
Genesee,Grand Blanc Township Precinct 8,Grand Blanc Township Trustee,,REP,Christopher Estes,267
Genesee,Grand Blanc Township Precinct 8,Grand Blanc Township Trustee,,REP,Jay Johnson,235
Genesee,Grand Blanc Township Precinct 8,Grand Blanc Township Trustee,,REP,Joel Feick,324
Genesee,Grand Blanc Township Precinct 8,Grand Blanc Township Trustee,,REP,Mansour,135
Genesee,Grand Blanc Township Precinct 8,Grand Blanc Township Trustee,,REP,Ryan Thompson,295
Genesee,Grand Blanc Township Precinct 8,Mass Transportation Authority Millage Replacement Proposal,,,No,277
Genesee,Grand Blanc Township Precinct 8,Mass Transportation Authority Millage Replacement Proposal,,,Yes,577
Genesee,Grand Blanc Township Precinct 8,Prosecuting Attorney,,DEM,David Leyton,282
Genesee,Grand Blanc Township Precinct 8,Prosecuting Attorney,,DEM,Trachelle C. Young,162
Genesee,Grand Blanc Township Precinct 8,Registered Voters,,,,2189
Genesee,Grand Blanc Township Precinct 8,Sheriff,,DEM,Christopher R. Swanson,296
Genesee,Grand Blanc Township Precinct 8,Sheriff,,DEM,Phil Hart,50
Genesee,Grand Blanc Township Precinct 8,Sheriff,,DEM,Timothy Johnson,97
Genesee,Grand Blanc Township Precinct 8,Sheriff,,REP,Stephen Sanford,289
Genesee,Grand Blanc Township Precinct 8,State House,50,DEM,Raymond Freiberger,69
Genesee,Grand Blanc Township Precinct 8,State House,50,DEM,Tim Sneller,327
Genesee,Grand Blanc Township Precinct 8,State House,50,REP,Christina Fitchett-Hickson,139
Genesee,Grand Blanc Township Precinct 8,State House,50,REP,Lynn S. Hukee,84
Genesee,Grand Blanc Township Precinct 8,State House,50,REP,Lynne Freiberger,93
Genesee,Grand Blanc Township Precinct 8,Surveyor,,DEM,Kim Carlson,374
Genesee,Grand Blanc Township Precinct 8,U.S. House,5,DEM,Daniel T. Kildee,432
Genesee,Grand Blanc Township Precinct 8,U.S. House,5,REP,Earl Lackie,61
Genesee,Grand Blanc Township Precinct 8,U.S. House,5,REP,Tim Kelly,272
Genesee,Grand Blanc Township Precinct 8,U.S. Senate,,DEM,Gary Peters,425
Genesee,Grand Blanc Township Precinct 8,U.S. Senate,,REP,John James,385
Genesee,Grand Blanc Township Precinct 9,Animal Control Shelter Millage Renewal Proposal,,,No,190
Genesee,Grand Blanc Township Precinct 9,Animal Control Shelter Millage Renewal Proposal,,,Yes,508
Genesee,Grand Blanc Township Precinct 9,Ballots Cast,,,,771
Genesee,Grand Blanc Township Precinct 9,Circuit Court Judge,7,,Chris Christenson,190
Genesee,Grand Blanc Township Precinct 9,Circuit Court Judge,7,,Herman Marable Jr.,145
Genesee,Grand Blanc Township Precinct 9,Circuit Court Judge,7,,Stephanie Witucki,235
Genesee,Grand Blanc Township Precinct 9,Clerk and Register of Deeds,,DEM,John J. Gleason,218
Genesee,Grand Blanc Township Precinct 9,Clerk and Register of Deeds,,DEM,Renee' D. Watson,219
Genesee,Grand Blanc Township Precinct 9,Clerk and Register of Deeds,,REP,Jesse Couch,179
Genesee,Grand Blanc Township Precinct 9,County Commissioner,5,DEM,Mark Young,403
Genesee,Grand Blanc Township Precinct 9,County Commissioner,5,REP,Sean A. Trowbridge,178
Genesee,Grand Blanc Township Precinct 9,County Treasurer,,DEM,Deborah Cherry,419
Genesee,Grand Blanc Township Precinct 9,County Treasurer,,REP,Deborah Hoss,176
Genesee,Grand Blanc Township Precinct 9,Drain Commissioner,,DEM,Jeff Wright,286
Genesee,Grand Blanc Township Precinct 9,Drain Commissioner,,DEM,Travis R. Wines,129
Genesee,Grand Blanc Township Precinct 9,Grand Blanc Township Clerk,,DEM,Shannon Elena Polk (W),13
Genesee,Grand Blanc Township Precinct 9,Grand Blanc Township Clerk,,REP,Cathy Lane,72
Genesee,Grand Blanc Township Precinct 9,Grand Blanc Township Clerk,,REP,David B. Robertson,149
Genesee,Grand Blanc Township Precinct 9,Grand Blanc Township Supervisor,,REP,Scott Bennett,194
Genesee,Grand Blanc Township Precinct 9,Grand Blanc Township Treasurer,,DEM,Mark W. Kilmer,374
Genesee,Grand Blanc Township Precinct 9,Grand Blanc Township Treasurer,,REP,Larry Anderson,145
Genesee,Grand Blanc Township Precinct 9,Grand Blanc Township Treasurer,,REP,Lonnie Adkins,53
Genesee,Grand Blanc Township Precinct 9,Grand Blanc Township Trustee,,DEM,Joe Massey,208
Genesee,Grand Blanc Township Precinct 9,Grand Blanc Township Trustee,,DEM,Jude Rariden,214
Genesee,Grand Blanc Township Precinct 9,Grand Blanc Township Trustee,,DEM,Ken Thomas,182
Genesee,Grand Blanc Township Precinct 9,Grand Blanc Township Trustee,,DEM,Paul J. White,249
Genesee,Grand Blanc Township Precinct 9,Grand Blanc Township Trustee,,DEM,Sarah Hugo,347
Genesee,Grand Blanc Township Precinct 9,Grand Blanc Township Trustee,,REP,Christopher Estes,132
Genesee,Grand Blanc Township Precinct 9,Grand Blanc Township Trustee,,REP,Jay Johnson,115
Genesee,Grand Blanc Township Precinct 9,Grand Blanc Township Trustee,,REP,Joel Feick,155
Genesee,Grand Blanc Township Precinct 9,Grand Blanc Township Trustee,,REP,Mansour,76
Genesee,Grand Blanc Township Precinct 9,Grand Blanc Township Trustee,,REP,Ryan Thompson,142
Genesee,Grand Blanc Township Precinct 9,Mass Transportation Authority Millage Replacement Proposal,,,No,237
Genesee,Grand Blanc Township Precinct 9,Mass Transportation Authority Millage Replacement Proposal,,,Yes,467
Genesee,Grand Blanc Township Precinct 9,Prosecuting Attorney,,DEM,David Leyton,253
Genesee,Grand Blanc Township Precinct 9,Prosecuting Attorney,,DEM,Trachelle C. Young,193
Genesee,Grand Blanc Township Precinct 9,Registered Voters,,,,1830
Genesee,Grand Blanc Township Precinct 9,Sheriff,,DEM,Christopher R. Swanson,303
Genesee,Grand Blanc Township Precinct 9,Sheriff,,DEM,Phil Hart,44
Genesee,Grand Blanc Township Precinct 9,Sheriff,,DEM,Timothy Johnson,107
Genesee,Grand Blanc Township Precinct 9,Sheriff,,REP,Stephen Sanford,173
Genesee,Grand Blanc Township Precinct 9,State House,50,DEM,Raymond Freiberger,86
Genesee,Grand Blanc Township Precinct 9,State House,50,DEM,Tim Sneller,325
Genesee,Grand Blanc Township Precinct 9,State House,50,REP,Christina Fitchett-Hickson,86
Genesee,Grand Blanc Township Precinct 9,State House,50,REP,Lynn S. Hukee,41
Genesee,Grand Blanc Township Precinct 9,State House,50,REP,Lynne Freiberger,70
Genesee,Grand Blanc Township Precinct 9,Surveyor,,DEM,Kim Carlson,403
Genesee,Grand Blanc Township Precinct 9,U.S. House,5,DEM,Daniel T. Kildee,442
Genesee,Grand Blanc Township Precinct 9,U.S. House,5,REP,Earl Lackie,44
Genesee,Grand Blanc Township Precinct 9,U.S. House,5,REP,Tim Kelly,156
Genesee,Grand Blanc Township Precinct 9,U.S. Senate,,DEM,Gary Peters,438
Genesee,Grand Blanc Township Precinct 9,U.S. Senate,,REP,John James,216
Genesee,Montrose Township Precinct 1,Animal Control Shelter Millage Renewal Proposal,,,No,101
Genesee,Montrose Township Precinct 1,Animal Control Shelter Millage Renewal Proposal,,,Yes,156
Genesee,Montrose Township Precinct 1,Ballots Cast,,,,288
Genesee,Montrose Township Precinct 1,Circuit Court Judge,7,,Chris Christenson,98
Genesee,Montrose Township Precinct 1,Circuit Court Judge,7,,Herman Marable Jr.,42
Genesee,Montrose Township Precinct 1,Circuit Court Judge,7,,Stephanie Witucki,50
Genesee,Montrose Township Precinct 1,Clerk and Register of Deeds,,DEM,John J. Gleason,130
Genesee,Montrose Township Precinct 1,Clerk and Register of Deeds,,DEM,Renee' D. Watson,49
Genesee,Montrose Township Precinct 1,Clerk and Register of Deeds,,REP,Jesse Couch,79
Genesee,Montrose Township Precinct 1,Clio Area Schools Sinking Fund Millage Renewal Proposal,,,No,43
Genesee,Montrose Township Precinct 1,Clio Area Schools Sinking Fund Millage Renewal Proposal,,,Yes,30
Genesee,Montrose Township Precinct 1,County Commissioner,7,DEM,Martin L. Cousineau,148
Genesee,Montrose Township Precinct 1,County Commissioner,7,REP,Meredith Faye Davis (W),7
Genesee,Montrose Township Precinct 1,County Treasurer,,DEM,Deborah Cherry,149
Genesee,Montrose Township Precinct 1,County Treasurer,,REP,Deborah Hoss,79
Genesee,Montrose Township Precinct 1,Drain Commissioner,,DEM,Jeff Wright,115
Genesee,Montrose Township Precinct 1,Drain Commissioner,,DEM,Travis R. Wines,47
Genesee,Montrose Township Precinct 1,Mass Transportation Authority Millage Replacement Proposal,,,No,124
Genesee,Montrose Township Precinct 1,Mass Transportation Authority Millage Replacement Proposal,,,Yes,148
Genesee,Montrose Township Precinct 1,Montrose Township Clerk,,DEM,Steven Schlicht,141
Genesee,Montrose Township Precinct 1,Montrose Township Police Operating Millage,,,No,82
Genesee,Montrose Township Precinct 1,Montrose Township Police Operating Millage,,,Yes,190
Genesee,Montrose Township Precinct 1,Montrose Township Supervisor,,DEM,Mark A. Emmendorfer,147
Genesee,Montrose Township Precinct 1,Montrose Township Treasurer,,DEM,Mary E. Quast,139
Genesee,Montrose Township Precinct 1,Montrose Township Trustee,,DEM,Coetta Adams,129
Genesee,Montrose Township Precinct 1,Montrose Township Trustee,,DEM,Dar Eldred,116
Genesee,Montrose Township Precinct 1,Montrose Township Trustee,,DEM,Gary Keeler,124
Genesee,Montrose Township Precinct 1,Montrose Township Trustee,,DEM,Thomas J. Tithof,121
Genesee,Montrose Township Precinct 1,Montrose Township Trustee,,REP,Gerald Cook,66
Genesee,Montrose Township Precinct 1,Prosecuting Attorney,,DEM,David Leyton,134
Genesee,Montrose Township Precinct 1,Prosecuting Attorney,,DEM,Trachelle C. Young,41
Genesee,Montrose Township Precinct 1,Registered Voters,,,,1180
Genesee,Montrose Township Precinct 1,Sheriff,,DEM,Christopher R. Swanson,108
Genesee,Montrose Township Precinct 1,Sheriff,,DEM,Phil Hart,52
Genesee,Montrose Township Precinct 1,Sheriff,,DEM,Timothy Johnson,23
Genesee,Montrose Township Precinct 1,Sheriff,,REP,Stephen Sanford,76
Genesee,Montrose Township Precinct 1,State House,48,DEM,Andalib Odulate,16
Genesee,Montrose Township Precinct 1,State House,48,DEM,Sheryl Y. Kennedy,150
Genesee,Montrose Township Precinct 1,State House,48,REP,David W. Martin,47
Genesee,Montrose Township Precinct 1,State House,48,REP,Sherri J. Cross,36
Genesee,Montrose Township Precinct 1,Surveyor,,DEM,Kim Carlson,145
Genesee,Montrose Township Precinct 1,U.S. House,5,DEM,Daniel T. Kildee,161
Genesee,Montrose Township Precinct 1,U.S. House,5,REP,Earl Lackie,15
Genesee,Montrose Township Precinct 1,U.S. House,5,REP,Tim Kelly,67
Genesee,Montrose Township Precinct 1,U.S. Senate,,DEM,Gary Peters,162
Genesee,Montrose Township Precinct 1,U.S. Senate,,REP,John James,88
Genesee,Montrose Township Precinct 2,Animal Control Shelter Millage Renewal Proposal,,,No,75
Genesee,Montrose Township Precinct 2,Animal Control Shelter Millage Renewal Proposal,,,Yes,160
Genesee,Montrose Township Precinct 2,Ballots Cast,,,,264
Genesee,Montrose Township Precinct 2,Circuit Court Judge,7,,Chris Christenson,79
Genesee,Montrose Township Precinct 2,Circuit Court Judge,7,,Herman Marable Jr.,29
Genesee,Montrose Township Precinct 2,Circuit Court Judge,7,,Stephanie Witucki,60
Genesee,Montrose Township Precinct 2,Clerk and Register of Deeds,,DEM,John J. Gleason,104
Genesee,Montrose Township Precinct 2,Clerk and Register of Deeds,,DEM,Renee' D. Watson,45
Genesee,Montrose Township Precinct 2,Clerk and Register of Deeds,,REP,Jesse Couch,78
Genesee,Montrose Township Precinct 2,Clio Area Schools Sinking Fund Millage Renewal Proposal,,,No,49
Genesee,Montrose Township Precinct 2,Clio Area Schools Sinking Fund Millage Renewal Proposal,,,Yes,47
Genesee,Montrose Township Precinct 2,County Commissioner,7,DEM,Martin L. Cousineau,133
Genesee,Montrose Township Precinct 2,County Commissioner,7,REP,Meredith Faye Davis (W),3
Genesee,Montrose Township Precinct 2,County Treasurer,,DEM,Deborah Cherry,136
Genesee,Montrose Township Precinct 2,County Treasurer,,REP,Deborah Hoss,79
Genesee,Montrose Township Precinct 2,Drain Commissioner,,DEM,Jeff Wright,99
Genesee,Montrose Township Precinct 2,Drain Commissioner,,DEM,Travis R. Wines,46
Genesee,Montrose Township Precinct 2,Mass Transportation Authority Millage Replacement Proposal,,,No,109
Genesee,Montrose Township Precinct 2,Mass Transportation Authority Millage Replacement Proposal,,,Yes,138
Genesee,Montrose Township Precinct 2,Montrose Township Clerk,,DEM,Steven Schlicht,135
Genesee,Montrose Township Precinct 2,Montrose Township Police Operating Millage,,,No,64
Genesee,Montrose Township Precinct 2,Montrose Township Police Operating Millage,,,Yes,187
Genesee,Montrose Township Precinct 2,Montrose Township Supervisor,,DEM,Mark A. Emmendorfer,135
Genesee,Montrose Township Precinct 2,Montrose Township Treasurer,,DEM,Mary E. Quast,132
Genesee,Montrose Township Precinct 2,Montrose Township Trustee,,DEM,Coetta Adams,110
Genesee,Montrose Township Precinct 2,Montrose Township Trustee,,DEM,Dar Eldred,101
Genesee,Montrose Township Precinct 2,Montrose Township Trustee,,DEM,Gary Keeler,111
Genesee,Montrose Township Precinct 2,Montrose Township Trustee,,DEM,Thomas J. Tithof,107
Genesee,Montrose Township Precinct 2,Montrose Township Trustee,,REP,Gerald Cook,70
Genesee,Montrose Township Precinct 2,Prosecuting Attorney,,DEM,David Leyton,108
Genesee,Montrose Township Precinct 2,Prosecuting Attorney,,DEM,Trachelle C. Young,40
Genesee,Montrose Township Precinct 2,Registered Voters,,,,1062
Genesee,Montrose Township Precinct 2,Sheriff,,DEM,Christopher R. Swanson,106
Genesee,Montrose Township Precinct 2,Sheriff,,DEM,Phil Hart,24
Genesee,Montrose Township Precinct 2,Sheriff,,DEM,Timothy Johnson,16
Genesee,Montrose Township Precinct 2,Sheriff,,REP,Stephen Sanford,80
Genesee,Montrose Township Precinct 2,State House,48,DEM,Andalib Odulate,17
Genesee,Montrose Township Precinct 2,State House,48,DEM,Sheryl Y. Kennedy,124
Genesee,Montrose Township Precinct 2,State House,48,REP,David W. Martin,45
Genesee,Montrose Township Precinct 2,State House,48,REP,Sherri J. Cross,44
Genesee,Montrose Township Precinct 2,Surveyor,,DEM,Kim Carlson,129
Genesee,Montrose Township Precinct 2,U.S. House,5,DEM,Daniel T. Kildee,144
Genesee,Montrose Township Precinct 2,U.S. House,5,REP,Earl Lackie,27
Genesee,Montrose Township Precinct 2,U.S. House,5,REP,Tim Kelly,64
Genesee,Montrose Township Precinct 2,U.S. Senate,,DEM,Gary Peters,141
Genesee,Montrose Township Precinct 2,U.S. Senate,,REP,John James,94
Genesee,Montrose Township Precinct 3,Animal Control Shelter Millage Renewal Proposal,,,No,98
Genesee,Montrose Township Precinct 3,Animal Control Shelter Millage Renewal Proposal,,,Yes,205
Genesee,Montrose Township Precinct 3,Ballots Cast,,,,340
Genesee,Montrose Township Precinct 3,Circuit Court Judge,7,,Chris Christenson,87
Genesee,Montrose Township Precinct 3,Circuit Court Judge,7,,Herman Marable Jr.,18
Genesee,Montrose Township Precinct 3,Circuit Court Judge,7,,Stephanie Witucki,112
Genesee,Montrose Township Precinct 3,Clerk and Register of Deeds,,DEM,John J. Gleason,154
Genesee,Montrose Township Precinct 3,Clerk and Register of Deeds,,DEM,Renee' D. Watson,45
Genesee,Montrose Township Precinct 3,Clerk and Register of Deeds,,REP,Jesse Couch,88
Genesee,Montrose Township Precinct 3,County Commissioner,7,DEM,Martin L. Cousineau,170
Genesee,Montrose Township Precinct 3,County Commissioner,7,REP,Meredith Faye Davis (W),4
Genesee,Montrose Township Precinct 3,County Treasurer,,DEM,Deborah Cherry,181
Genesee,Montrose Township Precinct 3,County Treasurer,,REP,Deborah Hoss,88
Genesee,Montrose Township Precinct 3,Drain Commissioner,,DEM,Jeff Wright,152
Genesee,Montrose Township Precinct 3,Drain Commissioner,,DEM,Travis R. Wines,34
Genesee,Montrose Township Precinct 3,Mass Transportation Authority Millage Replacement Proposal,,,No,153
Genesee,Montrose Township Precinct 3,Mass Transportation Authority Millage Replacement Proposal,,,Yes,167
Genesee,Montrose Township Precinct 3,Montrose Township Clerk,,DEM,Steven Schlicht,173
Genesee,Montrose Township Precinct 3,Montrose Township Police Operating Millage,,,No,101
Genesee,Montrose Township Precinct 3,Montrose Township Police Operating Millage,,,Yes,223
Genesee,Montrose Township Precinct 3,Montrose Township Supervisor,,DEM,Mark A. Emmendorfer,176
Genesee,Montrose Township Precinct 3,Montrose Township Treasurer,,DEM,Mary E. Quast,170
Genesee,Montrose Township Precinct 3,Montrose Township Trustee,,DEM,Coetta Adams,146
Genesee,Montrose Township Precinct 3,Montrose Township Trustee,,DEM,Dar Eldred,142
Genesee,Montrose Township Precinct 3,Montrose Township Trustee,,DEM,Gary Keeler,158
Genesee,Montrose Township Precinct 3,Montrose Township Trustee,,DEM,Thomas J. Tithof,158
Genesee,Montrose Township Precinct 3,Montrose Township Trustee,,REP,Gerald Cook,76
Genesee,Montrose Township Precinct 3,Prosecuting Attorney,,DEM,David Leyton,146
Genesee,Montrose Township Precinct 3,Prosecuting Attorney,,DEM,Trachelle C. Young,47
Genesee,Montrose Township Precinct 3,Registered Voters,,,,1301
Genesee,Montrose Township Precinct 3,Sheriff,,DEM,Christopher R. Swanson,132
Genesee,Montrose Township Precinct 3,Sheriff,,DEM,Phil Hart,47
Genesee,Montrose Township Precinct 3,Sheriff,,DEM,Timothy Johnson,13
Genesee,Montrose Township Precinct 3,Sheriff,,REP,Stephen Sanford,88
Genesee,Montrose Township Precinct 3,State House,48,DEM,Andalib Odulate,20
Genesee,Montrose Township Precinct 3,State House,48,DEM,Sheryl Y. Kennedy,160
Genesee,Montrose Township Precinct 3,State House,48,REP,David W. Martin,69
Genesee,Montrose Township Precinct 3,State House,48,REP,Sherri J. Cross,38
Genesee,Montrose Township Precinct 3,Surveyor,,DEM,Kim Carlson,162
Genesee,Montrose Township Precinct 3,U.S. House,5,DEM,Daniel T. Kildee,186
Genesee,Montrose Township Precinct 3,U.S. House,5,REP,Earl Lackie,16
Genesee,Montrose Township Precinct 3,U.S. House,5,REP,Tim Kelly,88
Genesee,Montrose Township Precinct 3,U.S. Senate,,DEM,Gary Peters,181
Genesee,Montrose Township Precinct 3,U.S. Senate,,REP,John James,113
Genesee,Montrose Township Precinct 4,Animal Control Shelter Millage Renewal Proposal,,,No,128
Genesee,Montrose Township Precinct 4,Animal Control Shelter Millage Renewal Proposal,,,Yes,200
Genesee,Montrose Township Precinct 4,Ballots Cast,,,,358
Genesee,Montrose Township Precinct 4,Circuit Court Judge,7,,Chris Christenson,102
Genesee,Montrose Township Precinct 4,Circuit Court Judge,7,,Herman Marable Jr.,41
Genesee,Montrose Township Precinct 4,Circuit Court Judge,7,,Stephanie Witucki,82
Genesee,Montrose Township Precinct 4,Clerk and Register of Deeds,,DEM,John J. Gleason,137
Genesee,Montrose Township Precinct 4,Clerk and Register of Deeds,,DEM,Renee' D. Watson,54
Genesee,Montrose Township Precinct 4,Clerk and Register of Deeds,,REP,Jesse Couch,101
Genesee,Montrose Township Precinct 4,County Commissioner,7,DEM,Martin L. Cousineau,171
Genesee,Montrose Township Precinct 4,County Commissioner,7,REP,Meredith Faye Davis (W),4
Genesee,Montrose Township Precinct 4,County Treasurer,,DEM,Deborah Cherry,184
Genesee,Montrose Township Precinct 4,County Treasurer,,REP,Deborah Hoss,101
Genesee,Montrose Township Precinct 4,Drain Commissioner,,DEM,Jeff Wright,163
Genesee,Montrose Township Precinct 4,Drain Commissioner,,DEM,Travis R. Wines,23
Genesee,Montrose Township Precinct 4,Mass Transportation Authority Millage Replacement Proposal,,,No,165
Genesee,Montrose Township Precinct 4,Mass Transportation Authority Millage Replacement Proposal,,,Yes,175
Genesee,Montrose Township Precinct 4,Montrose Township Clerk,,DEM,Steven Schlicht,177
Genesee,Montrose Township Precinct 4,Montrose Township Police Operating Millage,,,No,115
Genesee,Montrose Township Precinct 4,Montrose Township Police Operating Millage,,,Yes,228
Genesee,Montrose Township Precinct 4,Montrose Township Supervisor,,DEM,Mark A. Emmendorfer,186
Genesee,Montrose Township Precinct 4,Montrose Township Treasurer,,DEM,Mary E. Quast,181
Genesee,Montrose Township Precinct 4,Montrose Township Trustee,,DEM,Coetta Adams,153
Genesee,Montrose Township Precinct 4,Montrose Township Trustee,,DEM,Dar Eldred,139
Genesee,Montrose Township Precinct 4,Montrose Township Trustee,,DEM,Gary Keeler,151
Genesee,Montrose Township Precinct 4,Montrose Township Trustee,,DEM,Thomas J. Tithof,159
Genesee,Montrose Township Precinct 4,Montrose Township Trustee,,REP,Gerald Cook,95
Genesee,Montrose Township Precinct 4,Prosecuting Attorney,,DEM,David Leyton,156
Genesee,Montrose Township Precinct 4,Prosecuting Attorney,,DEM,Trachelle C. Young,41
Genesee,Montrose Township Precinct 4,Registered Voters,,,,1235
Genesee,Montrose Township Precinct 4,Sheriff,,DEM,Christopher R. Swanson,127
Genesee,Montrose Township Precinct 4,Sheriff,,DEM,Phil Hart,54
Genesee,Montrose Township Precinct 4,Sheriff,,DEM,Timothy Johnson,18
Genesee,Montrose Township Precinct 4,Sheriff,,REP,Stephen Sanford,92
Genesee,Montrose Township Precinct 4,State House,48,DEM,Andalib Odulate,8
Genesee,Montrose Township Precinct 4,State House,48,DEM,Sheryl Y. Kennedy,181
Genesee,Montrose Township Precinct 4,State House,48,REP,David W. Martin,68
Genesee,Montrose Township Precinct 4,State House,48,REP,Sherri J. Cross,48
Genesee,Montrose Township Precinct 4,Surveyor,,DEM,Kim Carlson,168
Genesee,Montrose Township Precinct 4,U.S. House,5,DEM,Daniel T. Kildee,191
Genesee,Montrose Township Precinct 4,U.S. House,5,REP,Earl Lackie,34
Genesee,Montrose Township Precinct 4,U.S. House,5,REP,Tim Kelly,85
Genesee,Montrose Township Precinct 4,U.S. Senate,,DEM,Gary Peters,188
Genesee,Montrose Township Precinct 4,U.S. Senate,,REP,John James,132
Genesee,Mt. Morris Township Precinct 1,Animal Control Shelter Millage Renewal Proposal,,,No,62
Genesee,Mt. Morris Township Precinct 1,Animal Control Shelter Millage Renewal Proposal,,,Yes,136
Genesee,Mt. Morris Township Precinct 1,Ballots Cast,,,,216
Genesee,Mt. Morris Township Precinct 1,Circuit Court Judge,7,,Chris Christenson,70
Genesee,Mt. Morris Township Precinct 1,Circuit Court Judge,7,,Herman Marable Jr.,58
Genesee,Mt. Morris Township Precinct 1,Circuit Court Judge,7,,Stephanie Witucki,35
Genesee,Mt. Morris Township Precinct 1,Clerk and Register of Deeds,,DEM,John J. Gleason,95
Genesee,Mt. Morris Township Precinct 1,Clerk and Register of Deeds,,DEM,Renee' D. Watson,49
Genesee,Mt. Morris Township Precinct 1,Clerk and Register of Deeds,,REP,Jesse Couch,36
Genesee,Mt. Morris Township Precinct 1,Clio Area Schools Sinking Fund Millage Renewal Proposal,,,No,3
Genesee,Mt. Morris Township Precinct 1,Clio Area Schools Sinking Fund Millage Renewal Proposal,,,Yes,6
Genesee,Mt. Morris Township Precinct 1,County Commissioner,1,DEM,Bryant Nolden,129
Genesee,Mt. Morris Township Precinct 1,County Treasurer,,DEM,Deborah Cherry,137
Genesee,Mt. Morris Township Precinct 1,County Treasurer,,REP,Deborah Hoss,34
Genesee,Mt. Morris Township Precinct 1,Drain Commissioner,,DEM,Jeff Wright,107
Genesee,Mt. Morris Township Precinct 1,Drain Commissioner,,DEM,Travis R. Wines,36
Genesee,Mt. Morris Township Precinct 1,Mass Transportation Authority Millage Replacement Proposal,,,No,90
Genesee,Mt. Morris Township Precinct 1,Mass Transportation Authority Millage Replacement Proposal,,,Yes,112
Genesee,Mt. Morris Township Precinct 1,Mt. Morris Township Clerk,,DEM,Brenda Ashley,88
Genesee,Mt. Morris Township Precinct 1,Mt. Morris Township Clerk,,DEM,Candice D. Smith,58
Genesee,Mt. Morris Township Precinct 1,Mt. Morris Township Supervisor,,DEM,Jolena Sanders-Sims,75
Genesee,Mt. Morris Township Precinct 1,Mt. Morris Township Supervisor,,DEM,Larry Green,71
Genesee,Mt. Morris Township Precinct 1,Mt. Morris Township Treasurer,,DEM,Gayle Armstrong,92
Genesee,Mt. Morris Township Precinct 1,Mt. Morris Township Treasurer,,DEM,John C. Montney,53
Genesee,Mt. Morris Township Precinct 1,Mt. Morris Township Trustee,,DEM,Brian Baxter,57
Genesee,Mt. Morris Township Precinct 1,Mt. Morris Township Trustee,,DEM,Daniel Waskoski,35
Genesee,Mt. Morris Township Precinct 1,Mt. Morris Township Trustee,,DEM,Dewayn Allen,62
Genesee,Mt. Morris Township Precinct 1,Mt. Morris Township Trustee,,DEM,Dora King,68
Genesee,Mt. Morris Township Precinct 1,Mt. Morris Township Trustee,,DEM,Elmer L. Wilson Jr.,74
Genesee,Mt. Morris Township Precinct 1,Mt. Morris Township Trustee,,DEM,Jona Kean,44
Genesee,Mt. Morris Township Precinct 1,Mt. Morris Township Trustee,,DEM,Michael Dunklee,75
Genesee,Mt. Morris Township Precinct 1,Mt. Morris Township Trustee,,DEM,Michele Loper,72
Genesee,Mt. Morris Township Precinct 1,Prosecuting Attorney,,DEM,David Leyton,106
Genesee,Mt. Morris Township Precinct 1,Prosecuting Attorney,,DEM,Trachelle C. Young,41
Genesee,Mt. Morris Township Precinct 1,Registered Voters,,,,993
Genesee,Mt. Morris Township Precinct 1,Sheriff,,DEM,Christopher R. Swanson,96
Genesee,Mt. Morris Township Precinct 1,Sheriff,,DEM,Phil Hart,26
Genesee,Mt. Morris Township Precinct 1,Sheriff,,DEM,Timothy Johnson,28
Genesee,Mt. Morris Township Precinct 1,Sheriff,,REP,Stephen Sanford,34
Genesee,Mt. Morris Township Precinct 1,State House,49,DEM,John D. Cherry,138
Genesee,Mt. Morris Township Precinct 1,State House,49,REP,Bryan Lutz,33
Genesee,Mt. Morris Township Precinct 1,Surveyor,,DEM,Kim Carlson,133
Genesee,Mt. Morris Township Precinct 1,U.S. House,5,DEM,Daniel T. Kildee,139
Genesee,Mt. Morris Township Precinct 1,U.S. House,5,REP,Earl Lackie,10
Genesee,Mt. Morris Township Precinct 1,U.S. House,5,REP,Tim Kelly,24
Genesee,Mt. Morris Township Precinct 1,U.S. Senate,,DEM,Gary Peters,135
Genesee,Mt. Morris Township Precinct 1,U.S. Senate,,REP,John James,39
Genesee,Mt. Morris Township Precinct 10,Animal Control Shelter Millage Renewal Proposal,,,No,76
Genesee,Mt. Morris Township Precinct 10,Animal Control Shelter Millage Renewal Proposal,,,Yes,140
Genesee,Mt. Morris Township Precinct 10,Ballots Cast,,,,252
Genesee,Mt. Morris Township Precinct 10,Circuit Court Judge,7,,Chris Christenson,32
Genesee,Mt. Morris Township Precinct 10,Circuit Court Judge,7,,Herman Marable Jr.,140
Genesee,Mt. Morris Township Precinct 10,Circuit Court Judge,7,,Stephanie Witucki,10
Genesee,Mt. Morris Township Precinct 10,Clerk and Register of Deeds,,DEM,John J. Gleason,108
Genesee,Mt. Morris Township Precinct 10,Clerk and Register of Deeds,,DEM,Renee' D. Watson,116
Genesee,Mt. Morris Township Precinct 10,Clerk and Register of Deeds,,REP,Jesse Couch,9
Genesee,Mt. Morris Township Precinct 10,County Commissioner,1,DEM,Bryant Nolden,219
Genesee,Mt. Morris Township Precinct 10,County Treasurer,,DEM,Deborah Cherry,218
Genesee,Mt. Morris Township Precinct 10,County Treasurer,,REP,Deborah Hoss,10
Genesee,Mt. Morris Township Precinct 10,Drain Commissioner,,DEM,Jeff Wright,156
Genesee,Mt. Morris Township Precinct 10,Drain Commissioner,,DEM,Travis R. Wines,54
Genesee,Mt. Morris Township Precinct 10,Mass Transportation Authority Millage Replacement Proposal,,,No,53
Genesee,Mt. Morris Township Precinct 10,Mass Transportation Authority Millage Replacement Proposal,,,Yes,171
Genesee,Mt. Morris Township Precinct 10,Mt. Morris Township Clerk,,DEM,Brenda Ashley,109
Genesee,Mt. Morris Township Precinct 10,Mt. Morris Township Clerk,,DEM,Candice D. Smith,107
Genesee,Mt. Morris Township Precinct 10,Mt. Morris Township Supervisor,,DEM,Jolena Sanders-Sims,170
Genesee,Mt. Morris Township Precinct 10,Mt. Morris Township Supervisor,,DEM,Larry Green,55
Genesee,Mt. Morris Township Precinct 10,Mt. Morris Township Treasurer,,DEM,Gayle Armstrong,146
Genesee,Mt. Morris Township Precinct 10,Mt. Morris Township Treasurer,,DEM,John C. Montney,66
Genesee,Mt. Morris Township Precinct 10,Mt. Morris Township Trustee,,DEM,Brian Baxter,92
Genesee,Mt. Morris Township Precinct 10,Mt. Morris Township Trustee,,DEM,Daniel Waskoski,25
Genesee,Mt. Morris Township Precinct 10,Mt. Morris Township Trustee,,DEM,Dewayn Allen,142
Genesee,Mt. Morris Township Precinct 10,Mt. Morris Township Trustee,,DEM,Dora King,113
Genesee,Mt. Morris Township Precinct 10,Mt. Morris Township Trustee,,DEM,Elmer L. Wilson Jr.,96
Genesee,Mt. Morris Township Precinct 10,Mt. Morris Township Trustee,,DEM,Jona Kean,51
Genesee,Mt. Morris Township Precinct 10,Mt. Morris Township Trustee,,DEM,Michael Dunklee,55
Genesee,Mt. Morris Township Precinct 10,Mt. Morris Township Trustee,,DEM,Michele Loper,147
Genesee,Mt. Morris Township Precinct 10,Prosecuting Attorney,,DEM,David Leyton,114
Genesee,Mt. Morris Township Precinct 10,Prosecuting Attorney,,DEM,Trachelle C. Young,113
Genesee,Mt. Morris Township Precinct 10,Registered Voters,,,,1216
Genesee,Mt. Morris Township Precinct 10,Sheriff,,DEM,Christopher R. Swanson,95
Genesee,Mt. Morris Township Precinct 10,Sheriff,,DEM,Phil Hart,23
Genesee,Mt. Morris Township Precinct 10,Sheriff,,DEM,Timothy Johnson,108
Genesee,Mt. Morris Township Precinct 10,Sheriff,,REP,Stephen Sanford,8
Genesee,Mt. Morris Township Precinct 10,State House,49,DEM,John D. Cherry,221
Genesee,Mt. Morris Township Precinct 10,State House,49,REP,Bryan Lutz,10
Genesee,Mt. Morris Township Precinct 10,Surveyor,,DEM,Kim Carlson,205
Genesee,Mt. Morris Township Precinct 10,U.S. House,5,DEM,Daniel T. Kildee,224
Genesee,Mt. Morris Township Precinct 10,U.S. House,5,REP,Earl Lackie,6
Genesee,Mt. Morris Township Precinct 10,U.S. House,5,REP,Tim Kelly,5
Genesee,Mt. Morris Township Precinct 10,U.S. Senate,,DEM,Gary Peters,219
Genesee,Mt. Morris Township Precinct 10,U.S. Senate,,REP,John James,11
Genesee,Mt. Morris Township Precinct 11,Animal Control Shelter Millage Renewal Proposal,,,No,79
Genesee,Mt. Morris Township Precinct 11,Animal Control Shelter Millage Renewal Proposal,,,Yes,179
Genesee,Mt. Morris Township Precinct 11,Ballots Cast,,,,328
Genesee,Mt. Morris Township Precinct 11,Circuit Court Judge,7,,Chris Christenson,33
Genesee,Mt. Morris Township Precinct 11,Circuit Court Judge,7,,Herman Marable Jr.,172
Genesee,Mt. Morris Township Precinct 11,Circuit Court Judge,7,,Stephanie Witucki,19
Genesee,Mt. Morris Township Precinct 11,Clerk and Register of Deeds,,DEM,John J. Gleason,173
Genesee,Mt. Morris Township Precinct 11,Clerk and Register of Deeds,,DEM,Renee' D. Watson,126
Genesee,Mt. Morris Township Precinct 11,Clerk and Register of Deeds,,REP,Jesse Couch,8
Genesee,Mt. Morris Township Precinct 11,County Commissioner,1,DEM,Bryant Nolden,276
Genesee,Mt. Morris Township Precinct 11,County Treasurer,,DEM,Deborah Cherry,287
Genesee,Mt. Morris Township Precinct 11,County Treasurer,,REP,Deborah Hoss,8
Genesee,Mt. Morris Township Precinct 11,Drain Commissioner,,DEM,Jeff Wright,180
Genesee,Mt. Morris Township Precinct 11,Drain Commissioner,,DEM,Travis R. Wines,107
Genesee,Mt. Morris Township Precinct 11,Mass Transportation Authority Millage Replacement Proposal,,,No,59
Genesee,Mt. Morris Township Precinct 11,Mass Transportation Authority Millage Replacement Proposal,,,Yes,221
Genesee,Mt. Morris Township Precinct 11,Mt. Morris Township Clerk,,DEM,Brenda Ashley,141
Genesee,Mt. Morris Township Precinct 11,Mt. Morris Township Clerk,,DEM,Candice D. Smith,152
Genesee,Mt. Morris Township Precinct 11,Mt. Morris Township Supervisor,,DEM,Jolena Sanders-Sims,189
Genesee,Mt. Morris Township Precinct 11,Mt. Morris Township Supervisor,,DEM,Larry Green,115
Genesee,Mt. Morris Township Precinct 11,Mt. Morris Township Treasurer,,DEM,Gayle Armstrong,215
Genesee,Mt. Morris Township Precinct 11,Mt. Morris Township Treasurer,,DEM,John C. Montney,74
Genesee,Mt. Morris Township Precinct 11,Mt. Morris Township Trustee,,DEM,Brian Baxter,112
Genesee,Mt. Morris Township Precinct 11,Mt. Morris Township Trustee,,DEM,Daniel Waskoski,36
Genesee,Mt. Morris Township Precinct 11,Mt. Morris Township Trustee,,DEM,Dewayn Allen,168
Genesee,Mt. Morris Township Precinct 11,Mt. Morris Township Trustee,,DEM,Dora King,183
Genesee,Mt. Morris Township Precinct 11,Mt. Morris Township Trustee,,DEM,Elmer L. Wilson Jr.,121
Genesee,Mt. Morris Township Precinct 11,Mt. Morris Township Trustee,,DEM,Jona Kean,75
Genesee,Mt. Morris Township Precinct 11,Mt. Morris Township Trustee,,DEM,Michael Dunklee,104
Genesee,Mt. Morris Township Precinct 11,Mt. Morris Township Trustee,,DEM,Michele Loper,197
Genesee,Mt. Morris Township Precinct 11,Prosecuting Attorney,,DEM,David Leyton,144
Genesee,Mt. Morris Township Precinct 11,Prosecuting Attorney,,DEM,Trachelle C. Young,157
Genesee,Mt. Morris Township Precinct 11,Registered Voters,,,,1367
Genesee,Mt. Morris Township Precinct 11,Sheriff,,DEM,Christopher R. Swanson,123
Genesee,Mt. Morris Township Precinct 11,Sheriff,,DEM,Phil Hart,33
Genesee,Mt. Morris Township Precinct 11,Sheriff,,DEM,Timothy Johnson,139
Genesee,Mt. Morris Township Precinct 11,Sheriff,,REP,Stephen Sanford,7
Genesee,Mt. Morris Township Precinct 11,State House,49,DEM,John D. Cherry,294
Genesee,Mt. Morris Township Precinct 11,State House,49,REP,Bryan Lutz,8
Genesee,Mt. Morris Township Precinct 11,Surveyor,,DEM,Kim Carlson,274
Genesee,Mt. Morris Township Precinct 11,U.S. House,5,DEM,Daniel T. Kildee,304
Genesee,Mt. Morris Township Precinct 11,U.S. House,5,REP,Earl Lackie,3
Genesee,Mt. Morris Township Precinct 11,U.S. House,5,REP,Tim Kelly,5
Genesee,Mt. Morris Township Precinct 11,U.S. Senate,,DEM,Gary Peters,298
Genesee,Mt. Morris Township Precinct 11,U.S. Senate,,REP,John James,7
Genesee,Mt. Morris Township Precinct 2,Animal Control Shelter Millage Renewal Proposal,,,No,126
Genesee,Mt. Morris Township Precinct 2,Animal Control Shelter Millage Renewal Proposal,,,Yes,282
Genesee,Mt. Morris Township Precinct 2,Ballots Cast,,,,462
Genesee,Mt. Morris Township Precinct 2,Circuit Court Judge,7,,Chris Christenson,133
Genesee,Mt. Morris Township Precinct 2,Circuit Court Judge,7,,Herman Marable Jr.,58
Genesee,Mt. Morris Township Precinct 2,Circuit Court Judge,7,,Stephanie Witucki,83
Genesee,Mt. Morris Township Precinct 2,Clerk and Register of Deeds,,DEM,John J. Gleason,185
Genesee,Mt. Morris Township Precinct 2,Clerk and Register of Deeds,,DEM,Renee' D. Watson,95
Genesee,Mt. Morris Township Precinct 2,Clerk and Register of Deeds,,REP,Jesse Couch,110
Genesee,Mt. Morris Township Precinct 2,Clio Area Schools Sinking Fund Millage Renewal Proposal,,,No,83
Genesee,Mt. Morris Township Precinct 2,Clio Area Schools Sinking Fund Millage Renewal Proposal,,,Yes,97
Genesee,Mt. Morris Township Precinct 2,County Commissioner,8,DEM,Debra Newman,155
Genesee,Mt. Morris Township Precinct 2,County Commissioner,8,DEM,Ted Henry,99
Genesee,Mt. Morris Township Precinct 2,County Commissioner,8,REP,Rod Shumaker,105
Genesee,Mt. Morris Township Precinct 2,County Treasurer,,DEM,Deborah Cherry,250
Genesee,Mt. Morris Township Precinct 2,County Treasurer,,REP,Deborah Hoss,110
Genesee,Mt. Morris Township Precinct 2,Drain Commissioner,,DEM,Jeff Wright,198
Genesee,Mt. Morris Township Precinct 2,Drain Commissioner,,DEM,Travis R. Wines,63
Genesee,Mt. Morris Township Precinct 2,Mass Transportation Authority Millage Replacement Proposal,,,No,180
Genesee,Mt. Morris Township Precinct 2,Mass Transportation Authority Millage Replacement Proposal,,,Yes,241
Genesee,Mt. Morris Township Precinct 2,Mt. Morris Township Clerk,,DEM,Brenda Ashley,165
Genesee,Mt. Morris Township Precinct 2,Mt. Morris Township Clerk,,DEM,Candice D. Smith,99
Genesee,Mt. Morris Township Precinct 2,Mt. Morris Township Supervisor,,DEM,Jolena Sanders-Sims,104
Genesee,Mt. Morris Township Precinct 2,Mt. Morris Township Supervisor,,DEM,Larry Green,176
Genesee,Mt. Morris Township Precinct 2,Mt. Morris Township Treasurer,,DEM,Gayle Armstrong,170
Genesee,Mt. Morris Township Precinct 2,Mt. Morris Township Treasurer,,DEM,John C. Montney,88
Genesee,Mt. Morris Township Precinct 2,Mt. Morris Township Trustee,,DEM,Brian Baxter,156
Genesee,Mt. Morris Township Precinct 2,Mt. Morris Township Trustee,,DEM,Daniel Waskoski,79
Genesee,Mt. Morris Township Precinct 2,Mt. Morris Township Trustee,,DEM,Dewayn Allen,76
Genesee,Mt. Morris Township Precinct 2,Mt. Morris Township Trustee,,DEM,Dora King,114
Genesee,Mt. Morris Township Precinct 2,Mt. Morris Township Trustee,,DEM,Elmer L. Wilson Jr.,116
Genesee,Mt. Morris Township Precinct 2,Mt. Morris Township Trustee,,DEM,Jona Kean,93
Genesee,Mt. Morris Township Precinct 2,Mt. Morris Township Trustee,,DEM,Michael Dunklee,138
Genesee,Mt. Morris Township Precinct 2,Mt. Morris Township Trustee,,DEM,Michele Loper,93
Genesee,Mt. Morris Township Precinct 2,Prosecuting Attorney,,DEM,David Leyton,225
Genesee,Mt. Morris Township Precinct 2,Prosecuting Attorney,,DEM,Trachelle C. Young,58
Genesee,Mt. Morris Township Precinct 2,Registered Voters,,,,1423
Genesee,Mt. Morris Township Precinct 2,Sheriff,,DEM,Christopher R. Swanson,198
Genesee,Mt. Morris Township Precinct 2,Sheriff,,DEM,Phil Hart,41
Genesee,Mt. Morris Township Precinct 2,Sheriff,,DEM,Timothy Johnson,41
Genesee,Mt. Morris Township Precinct 2,Sheriff,,REP,Stephen Sanford,95
Genesee,Mt. Morris Township Precinct 2,State House,49,DEM,John D. Cherry,254
Genesee,Mt. Morris Township Precinct 2,State House,49,REP,Bryan Lutz,114
Genesee,Mt. Morris Township Precinct 2,Surveyor,,DEM,Kim Carlson,226
Genesee,Mt. Morris Township Precinct 2,U.S. House,5,DEM,Daniel T. Kildee,264
Genesee,Mt. Morris Township Precinct 2,U.S. House,5,REP,Earl Lackie,29
Genesee,Mt. Morris Township Precinct 2,U.S. House,5,REP,Tim Kelly,90
Genesee,Mt. Morris Township Precinct 2,U.S. Senate,,DEM,Gary Peters,251
Genesee,Mt. Morris Township Precinct 2,U.S. Senate,,REP,John James,123
Genesee,Mt. Morris Township Precinct 3,Animal Control Shelter Millage Renewal Proposal,,,No,91
Genesee,Mt. Morris Township Precinct 3,Animal Control Shelter Millage Renewal Proposal,,,Yes,200
Genesee,Mt. Morris Township Precinct 3,Ballots Cast,,,,333
Genesee,Mt. Morris Township Precinct 3,Circuit Court Judge,7,,Chris Christenson,109
Genesee,Mt. Morris Township Precinct 3,Circuit Court Judge,7,,Herman Marable Jr.,46
Genesee,Mt. Morris Township Precinct 3,Circuit Court Judge,7,,Stephanie Witucki,66
Genesee,Mt. Morris Township Precinct 3,Clerk and Register of Deeds,,DEM,John J. Gleason,169
Genesee,Mt. Morris Township Precinct 3,Clerk and Register of Deeds,,DEM,Renee' D. Watson,71
Genesee,Mt. Morris Township Precinct 3,Clerk and Register of Deeds,,REP,Jesse Couch,57
Genesee,Mt. Morris Township Precinct 3,County Commissioner,1,DEM,Bryant Nolden,211
Genesee,Mt. Morris Township Precinct 3,County Treasurer,,DEM,Deborah Cherry,223
Genesee,Mt. Morris Township Precinct 3,County Treasurer,,REP,Deborah Hoss,56
Genesee,Mt. Morris Township Precinct 3,Drain Commissioner,,DEM,Jeff Wright,167
Genesee,Mt. Morris Township Precinct 3,Drain Commissioner,,DEM,Travis R. Wines,67
Genesee,Mt. Morris Township Precinct 3,Mass Transportation Authority Millage Replacement Proposal,,,No,125
Genesee,Mt. Morris Township Precinct 3,Mass Transportation Authority Millage Replacement Proposal,,,Yes,174
Genesee,Mt. Morris Township Precinct 3,Mt. Morris Township Clerk,,DEM,Brenda Ashley,152
Genesee,Mt. Morris Township Precinct 3,Mt. Morris Township Clerk,,DEM,Candice D. Smith,88
Genesee,Mt. Morris Township Precinct 3,Mt. Morris Township Supervisor,,DEM,Jolena Sanders-Sims,81
Genesee,Mt. Morris Township Precinct 3,Mt. Morris Township Supervisor,,DEM,Larry Green,161
Genesee,Mt. Morris Township Precinct 3,Mt. Morris Township Treasurer,,DEM,Gayle Armstrong,141
Genesee,Mt. Morris Township Precinct 3,Mt. Morris Township Treasurer,,DEM,John C. Montney,97
Genesee,Mt. Morris Township Precinct 3,Mt. Morris Township Trustee,,DEM,Brian Baxter,134
Genesee,Mt. Morris Township Precinct 3,Mt. Morris Township Trustee,,DEM,Daniel Waskoski,47
Genesee,Mt. Morris Township Precinct 3,Mt. Morris Township Trustee,,DEM,Dewayn Allen,71
Genesee,Mt. Morris Township Precinct 3,Mt. Morris Township Trustee,,DEM,Dora King,112
Genesee,Mt. Morris Township Precinct 3,Mt. Morris Township Trustee,,DEM,Elmer L. Wilson Jr.,112
Genesee,Mt. Morris Township Precinct 3,Mt. Morris Township Trustee,,DEM,Jona Kean,83
Genesee,Mt. Morris Township Precinct 3,Mt. Morris Township Trustee,,DEM,Michael Dunklee,147
Genesee,Mt. Morris Township Precinct 3,Mt. Morris Township Trustee,,DEM,Michele Loper,101
Genesee,Mt. Morris Township Precinct 3,Prosecuting Attorney,,DEM,David Leyton,178
Genesee,Mt. Morris Township Precinct 3,Prosecuting Attorney,,DEM,Trachelle C. Young,64
Genesee,Mt. Morris Township Precinct 3,Registered Voters,,,,1519
Genesee,Mt. Morris Township Precinct 3,Sheriff,,DEM,Christopher R. Swanson,172
Genesee,Mt. Morris Township Precinct 3,Sheriff,,DEM,Phil Hart,45
Genesee,Mt. Morris Township Precinct 3,Sheriff,,DEM,Timothy Johnson,31
Genesee,Mt. Morris Township Precinct 3,Sheriff,,REP,Stephen Sanford,55
Genesee,Mt. Morris Township Precinct 3,State House,49,DEM,John D. Cherry,229
Genesee,Mt. Morris Township Precinct 3,State House,49,REP,Bryan Lutz,58
Genesee,Mt. Morris Township Precinct 3,Surveyor,,DEM,Kim Carlson,215
Genesee,Mt. Morris Township Precinct 3,U.S. House,5,DEM,Daniel T. Kildee,229
Genesee,Mt. Morris Township Precinct 3,U.S. House,5,REP,Earl Lackie,17
Genesee,Mt. Morris Township Precinct 3,U.S. House,5,REP,Tim Kelly,39
Genesee,Mt. Morris Township Precinct 3,U.S. Senate,,DEM,Gary Peters,219
Genesee,Mt. Morris Township Precinct 3,U.S. Senate,,REP,John James,65
Genesee,Mt. Morris Township Precinct 4,Animal Control Shelter Millage Renewal Proposal,,,No,138
Genesee,Mt. Morris Township Precinct 4,Animal Control Shelter Millage Renewal Proposal,,,Yes,414
Genesee,Mt. Morris Township Precinct 4,Ballots Cast,,,,604
Genesee,Mt. Morris Township Precinct 4,Circuit Court Judge,7,,Chris Christenson,216
Genesee,Mt. Morris Township Precinct 4,Circuit Court Judge,7,,Herman Marable Jr.,118
Genesee,Mt. Morris Township Precinct 4,Circuit Court Judge,7,,Stephanie Witucki,106
Genesee,Mt. Morris Township Precinct 4,Clerk and Register of Deeds,,DEM,John J. Gleason,242
Genesee,Mt. Morris Township Precinct 4,Clerk and Register of Deeds,,DEM,Renee' D. Watson,164
Genesee,Mt. Morris Township Precinct 4,Clerk and Register of Deeds,,REP,Jesse Couch,115
Genesee,Mt. Morris Township Precinct 4,County Commissioner,8,DEM,Debra Newman,237
Genesee,Mt. Morris Township Precinct 4,County Commissioner,8,DEM,Ted Henry,145
Genesee,Mt. Morris Township Precinct 4,County Commissioner,8,REP,Rod Shumaker,112
Genesee,Mt. Morris Township Precinct 4,County Treasurer,,DEM,Deborah Cherry,380
Genesee,Mt. Morris Township Precinct 4,County Treasurer,,REP,Deborah Hoss,113
Genesee,Mt. Morris Township Precinct 4,Drain Commissioner,,DEM,Jeff Wright,297
Genesee,Mt. Morris Township Precinct 4,Drain Commissioner,,DEM,Travis R. Wines,97
Genesee,Mt. Morris Township Precinct 4,Mass Transportation Authority Millage Replacement Proposal,,,No,192
Genesee,Mt. Morris Township Precinct 4,Mass Transportation Authority Millage Replacement Proposal,,,Yes,370
Genesee,Mt. Morris Township Precinct 4,Mt. Morris Township Clerk,,DEM,Brenda Ashley,214
Genesee,Mt. Morris Township Precinct 4,Mt. Morris Township Clerk,,DEM,Candice D. Smith,172
Genesee,Mt. Morris Township Precinct 4,Mt. Morris Township Supervisor,,DEM,Jolena Sanders-Sims,184
Genesee,Mt. Morris Township Precinct 4,Mt. Morris Township Supervisor,,DEM,Larry Green,205
Genesee,Mt. Morris Township Precinct 4,Mt. Morris Township Treasurer,,DEM,Gayle Armstrong,275
Genesee,Mt. Morris Township Precinct 4,Mt. Morris Township Treasurer,,DEM,John C. Montney,99
Genesee,Mt. Morris Township Precinct 4,Mt. Morris Township Trustee,,DEM,Brian Baxter,162
Genesee,Mt. Morris Township Precinct 4,Mt. Morris Township Trustee,,DEM,Daniel Waskoski,118
Genesee,Mt. Morris Township Precinct 4,Mt. Morris Township Trustee,,DEM,Dewayn Allen,124
Genesee,Mt. Morris Township Precinct 4,Mt. Morris Township Trustee,,DEM,Dora King,168
Genesee,Mt. Morris Township Precinct 4,Mt. Morris Township Trustee,,DEM,Elmer L. Wilson Jr.,161
Genesee,Mt. Morris Township Precinct 4,Mt. Morris Township Trustee,,DEM,Jona Kean,191
Genesee,Mt. Morris Township Precinct 4,Mt. Morris Township Trustee,,DEM,Michael Dunklee,155
Genesee,Mt. Morris Township Precinct 4,Mt. Morris Township Trustee,,DEM,Michele Loper,174
Genesee,Mt. Morris Township Precinct 4,Prosecuting Attorney,,DEM,David Leyton,278
Genesee,Mt. Morris Township Precinct 4,Prosecuting Attorney,,DEM,Trachelle C. Young,129
Genesee,Mt. Morris Township Precinct 4,Registered Voters,,,,1972
Genesee,Mt. Morris Township Precinct 4,Sheriff,,DEM,Christopher R. Swanson,277
Genesee,Mt. Morris Township Precinct 4,Sheriff,,DEM,Phil Hart,67
Genesee,Mt. Morris Township Precinct 4,Sheriff,,DEM,Timothy Johnson,78
Genesee,Mt. Morris Township Precinct 4,Sheriff,,REP,Stephen Sanford,104
Genesee,Mt. Morris Township Precinct 4,State House,49,DEM,John D. Cherry,391
Genesee,Mt. Morris Township Precinct 4,State House,49,REP,Bryan Lutz,117
Genesee,Mt. Morris Township Precinct 4,Surveyor,,DEM,Kim Carlson,358
Genesee,Mt. Morris Township Precinct 4,U.S. House,5,DEM,Daniel T. Kildee,400
Genesee,Mt. Morris Township Precinct 4,U.S. House,5,REP,Earl Lackie,29
Genesee,Mt. Morris Township Precinct 4,U.S. House,5,REP,Tim Kelly,92
Genesee,Mt. Morris Township Precinct 4,U.S. Senate,,DEM,Gary Peters,395
Genesee,Mt. Morris Township Precinct 4,U.S. Senate,,REP,John James,125
Genesee,Mt. Morris Township Precinct 5,Animal Control Shelter Millage Renewal Proposal,,,No,77
Genesee,Mt. Morris Township Precinct 5,Animal Control Shelter Millage Renewal Proposal,,,Yes,232
Genesee,Mt. Morris Township Precinct 5,Ballots Cast,,,,346
Genesee,Mt. Morris Township Precinct 5,Circuit Court Judge,7,,Chris Christenson,92
Genesee,Mt. Morris Township Precinct 5,Circuit Court Judge,7,,Herman Marable Jr.,116
Genesee,Mt. Morris Township Precinct 5,Circuit Court Judge,7,,Stephanie Witucki,43
Genesee,Mt. Morris Township Precinct 5,Clerk and Register of Deeds,,DEM,John J. Gleason,194
Genesee,Mt. Morris Township Precinct 5,Clerk and Register of Deeds,,DEM,Renee' D. Watson,82
Genesee,Mt. Morris Township Precinct 5,Clerk and Register of Deeds,,REP,Jesse Couch,41
Genesee,Mt. Morris Township Precinct 5,County Commissioner,8,DEM,Debra Newman,162
Genesee,Mt. Morris Township Precinct 5,County Commissioner,8,DEM,Ted Henry,90
Genesee,Mt. Morris Township Precinct 5,County Commissioner,8,REP,Rod Shumaker,39
Genesee,Mt. Morris Township Precinct 5,County Treasurer,,DEM,Deborah Cherry,261
Genesee,Mt. Morris Township Precinct 5,County Treasurer,,REP,Deborah Hoss,41
Genesee,Mt. Morris Township Precinct 5,Drain Commissioner,,DEM,Jeff Wright,194
Genesee,Mt. Morris Township Precinct 5,Drain Commissioner,,DEM,Travis R. Wines,72
Genesee,Mt. Morris Township Precinct 5,Mass Transportation Authority Millage Replacement Proposal,,,No,79
Genesee,Mt. Morris Township Precinct 5,Mass Transportation Authority Millage Replacement Proposal,,,Yes,240
Genesee,Mt. Morris Township Precinct 5,Mt. Morris Township Clerk,,DEM,Brenda Ashley,163
Genesee,Mt. Morris Township Precinct 5,Mt. Morris Township Clerk,,DEM,Candice D. Smith,100
Genesee,Mt. Morris Township Precinct 5,Mt. Morris Township Supervisor,,DEM,Jolena Sanders-Sims,105
Genesee,Mt. Morris Township Precinct 5,Mt. Morris Township Supervisor,,DEM,Larry Green,168
Genesee,Mt. Morris Township Precinct 5,Mt. Morris Township Treasurer,,DEM,Gayle Armstrong,195
Genesee,Mt. Morris Township Precinct 5,Mt. Morris Township Treasurer,,DEM,John C. Montney,61
Genesee,Mt. Morris Township Precinct 5,Mt. Morris Township Trustee,,DEM,Brian Baxter,126
Genesee,Mt. Morris Township Precinct 5,Mt. Morris Township Trustee,,DEM,Daniel Waskoski,61
Genesee,Mt. Morris Township Precinct 5,Mt. Morris Township Trustee,,DEM,Dewayn Allen,107
Genesee,Mt. Morris Township Precinct 5,Mt. Morris Township Trustee,,DEM,Dora King,140
Genesee,Mt. Morris Township Precinct 5,Mt. Morris Township Trustee,,DEM,Elmer L. Wilson Jr.,116
Genesee,Mt. Morris Township Precinct 5,Mt. Morris Township Trustee,,DEM,Jona Kean,88
Genesee,Mt. Morris Township Precinct 5,Mt. Morris Township Trustee,,DEM,Michael Dunklee,99
Genesee,Mt. Morris Township Precinct 5,Mt. Morris Township Trustee,,DEM,Michele Loper,121
Genesee,Mt. Morris Township Precinct 5,Prosecuting Attorney,,DEM,David Leyton,190
Genesee,Mt. Morris Township Precinct 5,Prosecuting Attorney,,DEM,Trachelle C. Young,93
Genesee,Mt. Morris Township Precinct 5,Registered Voters,,,,1187
Genesee,Mt. Morris Township Precinct 5,Sheriff,,DEM,Christopher R. Swanson,165
Genesee,Mt. Morris Township Precinct 5,Sheriff,,DEM,Phil Hart,30
Genesee,Mt. Morris Township Precinct 5,Sheriff,,DEM,Timothy Johnson,80
Genesee,Mt. Morris Township Precinct 5,Sheriff,,REP,Stephen Sanford,35
Genesee,Mt. Morris Township Precinct 5,State House,49,DEM,John D. Cherry,263
Genesee,Mt. Morris Township Precinct 5,State House,49,REP,Bryan Lutz,45
Genesee,Mt. Morris Township Precinct 5,Surveyor,,DEM,Kim Carlson,242
Genesee,Mt. Morris Township Precinct 5,U.S. House,5,DEM,Daniel T. Kildee,267
Genesee,Mt. Morris Township Precinct 5,U.S. House,5,REP,Earl Lackie,9
Genesee,Mt. Morris Township Precinct 5,U.S. House,5,REP,Tim Kelly,36
Genesee,Mt. Morris Township Precinct 5,U.S. Senate,,DEM,Gary Peters,260
Genesee,Mt. Morris Township Precinct 5,U.S. Senate,,REP,John James,46
Genesee,Mt. Morris Township Precinct 6,Animal Control Shelter Millage Renewal Proposal,,,No,88
Genesee,Mt. Morris Township Precinct 6,Animal Control Shelter Millage Renewal Proposal,,,Yes,201
Genesee,Mt. Morris Township Precinct 6,Ballots Cast,,,,335
Genesee,Mt. Morris Township Precinct 6,Circuit Court Judge,7,,Chris Christenson,92
Genesee,Mt. Morris Township Precinct 6,Circuit Court Judge,7,,Herman Marable Jr.,92
Genesee,Mt. Morris Township Precinct 6,Circuit Court Judge,7,,Stephanie Witucki,45
Genesee,Mt. Morris Township Precinct 6,Clerk and Register of Deeds,,DEM,John J. Gleason,151
Genesee,Mt. Morris Township Precinct 6,Clerk and Register of Deeds,,DEM,Renee' D. Watson,109
Genesee,Mt. Morris Township Precinct 6,Clerk and Register of Deeds,,REP,Jesse Couch,34
Genesee,Mt. Morris Township Precinct 6,County Commissioner,1,DEM,Bryant Nolden,245
Genesee,Mt. Morris Township Precinct 6,County Treasurer,,DEM,Deborah Cherry,245
Genesee,Mt. Morris Township Precinct 6,County Treasurer,,REP,Deborah Hoss,31
Genesee,Mt. Morris Township Precinct 6,Drain Commissioner,,DEM,Jeff Wright,188
Genesee,Mt. Morris Township Precinct 6,Drain Commissioner,,DEM,Travis R. Wines,65
Genesee,Mt. Morris Township Precinct 6,Mass Transportation Authority Millage Replacement Proposal,,,No,95
Genesee,Mt. Morris Township Precinct 6,Mass Transportation Authority Millage Replacement Proposal,,,Yes,209
Genesee,Mt. Morris Township Precinct 6,Mt. Morris Township Clerk,,DEM,Brenda Ashley,148
Genesee,Mt. Morris Township Precinct 6,Mt. Morris Township Clerk,,DEM,Candice D. Smith,113
Genesee,Mt. Morris Township Precinct 6,Mt. Morris Township Supervisor,,DEM,Jolena Sanders-Sims,117
Genesee,Mt. Morris Township Precinct 6,Mt. Morris Township Supervisor,,DEM,Larry Green,146
Genesee,Mt. Morris Township Precinct 6,Mt. Morris Township Treasurer,,DEM,Gayle Armstrong,199
Genesee,Mt. Morris Township Precinct 6,Mt. Morris Township Treasurer,,DEM,John C. Montney,60
Genesee,Mt. Morris Township Precinct 6,Mt. Morris Township Trustee,,DEM,Brian Baxter,100
Genesee,Mt. Morris Township Precinct 6,Mt. Morris Township Trustee,,DEM,Daniel Waskoski,80
Genesee,Mt. Morris Township Precinct 6,Mt. Morris Township Trustee,,DEM,Dewayn Allen,105
Genesee,Mt. Morris Township Precinct 6,Mt. Morris Township Trustee,,DEM,Dora King,113
Genesee,Mt. Morris Township Precinct 6,Mt. Morris Township Trustee,,DEM,Elmer L. Wilson Jr.,143
Genesee,Mt. Morris Township Precinct 6,Mt. Morris Township Trustee,,DEM,Jona Kean,77
Genesee,Mt. Morris Township Precinct 6,Mt. Morris Township Trustee,,DEM,Michael Dunklee,92
Genesee,Mt. Morris Township Precinct 6,Mt. Morris Township Trustee,,DEM,Michele Loper,101
Genesee,Mt. Morris Township Precinct 6,Prosecuting Attorney,,DEM,David Leyton,161
Genesee,Mt. Morris Township Precinct 6,Prosecuting Attorney,,DEM,Trachelle C. Young,101
Genesee,Mt. Morris Township Precinct 6,Registered Voters,,,,2075
Genesee,Mt. Morris Township Precinct 6,Sheriff,,DEM,Christopher R. Swanson,159
Genesee,Mt. Morris Township Precinct 6,Sheriff,,DEM,Phil Hart,34
Genesee,Mt. Morris Township Precinct 6,Sheriff,,DEM,Timothy Johnson,69
Genesee,Mt. Morris Township Precinct 6,Sheriff,,REP,Stephen Sanford,29
Genesee,Mt. Morris Township Precinct 6,State House,49,DEM,John D. Cherry,249
Genesee,Mt. Morris Township Precinct 6,State House,49,REP,Bryan Lutz,35
Genesee,Mt. Morris Township Precinct 6,Surveyor,,DEM,Kim Carlson,244
Genesee,Mt. Morris Township Precinct 6,U.S. House,5,DEM,Daniel T. Kildee,252
Genesee,Mt. Morris Township Precinct 6,U.S. House,5,REP,Earl Lackie,12
Genesee,Mt. Morris Township Precinct 6,U.S. House,5,REP,Tim Kelly,22
Genesee,Mt. Morris Township Precinct 6,U.S. Senate,,DEM,Gary Peters,245
Genesee,Mt. Morris Township Precinct 6,U.S. Senate,,REP,John James,36
Genesee,Mt. Morris Township Precinct 7,Animal Control Shelter Millage Renewal Proposal,,,No,137
Genesee,Mt. Morris Township Precinct 7,Animal Control Shelter Millage Renewal Proposal,,,Yes,291
Genesee,Mt. Morris Township Precinct 7,Ballots Cast,,,,506
Genesee,Mt. Morris Township Precinct 7,Circuit Court Judge,7,,Chris Christenson,78
Genesee,Mt. Morris Township Precinct 7,Circuit Court Judge,7,,Herman Marable Jr.,278
Genesee,Mt. Morris Township Precinct 7,Circuit Court Judge,7,,Stephanie Witucki,31
Genesee,Mt. Morris Township Precinct 7,Clerk and Register of Deeds,,DEM,John J. Gleason,281
Genesee,Mt. Morris Township Precinct 7,Clerk and Register of Deeds,,DEM,Renee' D. Watson,193
Genesee,Mt. Morris Township Precinct 7,Clerk and Register of Deeds,,REP,Jesse Couch,7
Genesee,Mt. Morris Township Precinct 7,County Commissioner,1,DEM,Bryant Nolden,441
Genesee,Mt. Morris Township Precinct 7,County Treasurer,,DEM,Deborah Cherry,443
Genesee,Mt. Morris Township Precinct 7,County Treasurer,,REP,Deborah Hoss,8
Genesee,Mt. Morris Township Precinct 7,Drain Commissioner,,DEM,Jeff Wright,319
Genesee,Mt. Morris Township Precinct 7,Drain Commissioner,,DEM,Travis R. Wines,142
Genesee,Mt. Morris Township Precinct 7,Mass Transportation Authority Millage Replacement Proposal,,,No,109
Genesee,Mt. Morris Township Precinct 7,Mass Transportation Authority Millage Replacement Proposal,,,Yes,341
Genesee,Mt. Morris Township Precinct 7,Mt. Morris Township Clerk,,DEM,Brenda Ashley,264
Genesee,Mt. Morris Township Precinct 7,Mt. Morris Township Clerk,,DEM,Candice D. Smith,196
Genesee,Mt. Morris Township Precinct 7,Mt. Morris Township Supervisor,,DEM,Jolena Sanders-Sims,305
Genesee,Mt. Morris Township Precinct 7,Mt. Morris Township Supervisor,,DEM,Larry Green,168
Genesee,Mt. Morris Township Precinct 7,Mt. Morris Township Treasurer,,DEM,Gayle Armstrong,342
Genesee,Mt. Morris Township Precinct 7,Mt. Morris Township Treasurer,,DEM,John C. Montney,105
Genesee,Mt. Morris Township Precinct 7,Mt. Morris Township Trustee,,DEM,Brian Baxter,173
Genesee,Mt. Morris Township Precinct 7,Mt. Morris Township Trustee,,DEM,Daniel Waskoski,89
Genesee,Mt. Morris Township Precinct 7,Mt. Morris Township Trustee,,DEM,Dewayn Allen,344
Genesee,Mt. Morris Township Precinct 7,Mt. Morris Township Trustee,,DEM,Dora King,234
Genesee,Mt. Morris Township Precinct 7,Mt. Morris Township Trustee,,DEM,Elmer L. Wilson Jr.,211
Genesee,Mt. Morris Township Precinct 7,Mt. Morris Township Trustee,,DEM,Jona Kean,140
Genesee,Mt. Morris Township Precinct 7,Mt. Morris Township Trustee,,DEM,Michael Dunklee,93
Genesee,Mt. Morris Township Precinct 7,Mt. Morris Township Trustee,,DEM,Michele Loper,258
Genesee,Mt. Morris Township Precinct 7,Prosecuting Attorney,,DEM,David Leyton,226
Genesee,Mt. Morris Township Precinct 7,Prosecuting Attorney,,DEM,Trachelle C. Young,254
Genesee,Mt. Morris Township Precinct 7,Registered Voters,,,,1475
Genesee,Mt. Morris Township Precinct 7,Sheriff,,DEM,Christopher R. Swanson,199
Genesee,Mt. Morris Township Precinct 7,Sheriff,,DEM,Phil Hart,41
Genesee,Mt. Morris Township Precinct 7,Sheriff,,DEM,Timothy Johnson,226
Genesee,Mt. Morris Township Precinct 7,Sheriff,,REP,Stephen Sanford,8
Genesee,Mt. Morris Township Precinct 7,State House,49,DEM,John D. Cherry,450
Genesee,Mt. Morris Township Precinct 7,State House,49,REP,Bryan Lutz,9
Genesee,Mt. Morris Township Precinct 7,Surveyor,,DEM,Kim Carlson,425
Genesee,Mt. Morris Township Precinct 7,U.S. House,5,DEM,Daniel T. Kildee,465
Genesee,Mt. Morris Township Precinct 7,U.S. House,5,REP,Earl Lackie,6
Genesee,Mt. Morris Township Precinct 7,U.S. House,5,REP,Tim Kelly,6
Genesee,Mt. Morris Township Precinct 7,U.S. Senate,,DEM,Gary Peters,460
Genesee,Mt. Morris Township Precinct 7,U.S. Senate,,REP,John James,12
Genesee,Mt. Morris Township Precinct 8,Animal Control Shelter Millage Renewal Proposal,,,No,76
Genesee,Mt. Morris Township Precinct 8,Animal Control Shelter Millage Renewal Proposal,,,Yes,144
Genesee,Mt. Morris Township Precinct 8,Ballots Cast,,,,266
Genesee,Mt. Morris Township Precinct 8,Circuit Court Judge,7,,Chris Christenson,29
Genesee,Mt. Morris Township Precinct 8,Circuit Court Judge,7,,Herman Marable Jr.,140
Genesee,Mt. Morris Township Precinct 8,Circuit Court Judge,7,,Stephanie Witucki,15
Genesee,Mt. Morris Township Precinct 8,Clerk and Register of Deeds,,DEM,John J. Gleason,97
Genesee,Mt. Morris Township Precinct 8,Clerk and Register of Deeds,,DEM,Renee' D. Watson,145
Genesee,Mt. Morris Township Precinct 8,Clerk and Register of Deeds,,REP,Jesse Couch,11
Genesee,Mt. Morris Township Precinct 8,County Commissioner,1,DEM,Bryant Nolden,229
Genesee,Mt. Morris Township Precinct 8,County Treasurer,,DEM,Deborah Cherry,227
Genesee,Mt. Morris Township Precinct 8,County Treasurer,,REP,Deborah Hoss,11
Genesee,Mt. Morris Township Precinct 8,Drain Commissioner,,DEM,Jeff Wright,159
Genesee,Mt. Morris Township Precinct 8,Drain Commissioner,,DEM,Travis R. Wines,74
Genesee,Mt. Morris Township Precinct 8,Mass Transportation Authority Millage Replacement Proposal,,,No,56
Genesee,Mt. Morris Township Precinct 8,Mass Transportation Authority Millage Replacement Proposal,,,Yes,178
Genesee,Mt. Morris Township Precinct 8,Mt. Morris Township Clerk,,DEM,Brenda Ashley,93
Genesee,Mt. Morris Township Precinct 8,Mt. Morris Township Clerk,,DEM,Candice D. Smith,143
Genesee,Mt. Morris Township Precinct 8,Mt. Morris Township Supervisor,,DEM,Jolena Sanders-Sims,189
Genesee,Mt. Morris Township Precinct 8,Mt. Morris Township Supervisor,,DEM,Larry Green,55
Genesee,Mt. Morris Township Precinct 8,Mt. Morris Township Treasurer,,DEM,Gayle Armstrong,144
Genesee,Mt. Morris Township Precinct 8,Mt. Morris Township Treasurer,,DEM,John C. Montney,89
Genesee,Mt. Morris Township Precinct 8,Mt. Morris Township Trustee,,DEM,Brian Baxter,55
Genesee,Mt. Morris Township Precinct 8,Mt. Morris Township Trustee,,DEM,Daniel Waskoski,18
Genesee,Mt. Morris Township Precinct 8,Mt. Morris Township Trustee,,DEM,Dewayn Allen,147
Genesee,Mt. Morris Township Precinct 8,Mt. Morris Township Trustee,,DEM,Dora King,146
Genesee,Mt. Morris Township Precinct 8,Mt. Morris Township Trustee,,DEM,Elmer L. Wilson Jr.,89
Genesee,Mt. Morris Township Precinct 8,Mt. Morris Township Trustee,,DEM,Jona Kean,82
Genesee,Mt. Morris Township Precinct 8,Mt. Morris Township Trustee,,DEM,Michael Dunklee,32
Genesee,Mt. Morris Township Precinct 8,Mt. Morris Township Trustee,,DEM,Michele Loper,165
Genesee,Mt. Morris Township Precinct 8,Prosecuting Attorney,,DEM,David Leyton,107
Genesee,Mt. Morris Township Precinct 8,Prosecuting Attorney,,DEM,Trachelle C. Young,135
Genesee,Mt. Morris Township Precinct 8,Registered Voters,,,,1261
Genesee,Mt. Morris Township Precinct 8,Sheriff,,DEM,Christopher R. Swanson,104
Genesee,Mt. Morris Township Precinct 8,Sheriff,,DEM,Phil Hart,18
Genesee,Mt. Morris Township Precinct 8,Sheriff,,DEM,Timothy Johnson,118
Genesee,Mt. Morris Township Precinct 8,Sheriff,,REP,Stephen Sanford,11
Genesee,Mt. Morris Township Precinct 8,State House,49,DEM,John D. Cherry,232
Genesee,Mt. Morris Township Precinct 8,State House,49,REP,Bryan Lutz,11
Genesee,Mt. Morris Township Precinct 8,Surveyor,,DEM,Kim Carlson,224
Genesee,Mt. Morris Township Precinct 8,U.S. House,5,DEM,Daniel T. Kildee,242
Genesee,Mt. Morris Township Precinct 8,U.S. House,5,REP,Earl Lackie,4
Genesee,Mt. Morris Township Precinct 8,U.S. House,5,REP,Tim Kelly,7
Genesee,Mt. Morris Township Precinct 8,U.S. Senate,,DEM,Gary Peters,237
Genesee,Mt. Morris Township Precinct 8,U.S. Senate,,REP,John James,11
Genesee,Mt. Morris Township Precinct 9,Animal Control Shelter Millage Renewal Proposal,,,No,91
Genesee,Mt. Morris Township Precinct 9,Animal Control Shelter Millage Renewal Proposal,,,Yes,190
Genesee,Mt. Morris Township Precinct 9,Ballots Cast,,,,340
Genesee,Mt. Morris Township Precinct 9,Circuit Court Judge,7,,Chris Christenson,46
Genesee,Mt. Morris Township Precinct 9,Circuit Court Judge,7,,Herman Marable Jr.,147
Genesee,Mt. Morris Township Precinct 9,Circuit Court Judge,7,,Stephanie Witucki,35
Genesee,Mt. Morris Township Precinct 9,Clerk and Register of Deeds,,DEM,John J. Gleason,158
Genesee,Mt. Morris Township Precinct 9,Clerk and Register of Deeds,,DEM,Renee' D. Watson,131
Genesee,Mt. Morris Township Precinct 9,Clerk and Register of Deeds,,REP,Jesse Couch,20
Genesee,Mt. Morris Township Precinct 9,County Commissioner,1,DEM,Bryant Nolden,272
Genesee,Mt. Morris Township Precinct 9,County Treasurer,,DEM,Deborah Cherry,280
Genesee,Mt. Morris Township Precinct 9,County Treasurer,,REP,Deborah Hoss,18
Genesee,Mt. Morris Township Precinct 9,Drain Commissioner,,DEM,Jeff Wright,175
Genesee,Mt. Morris Township Precinct 9,Drain Commissioner,,DEM,Travis R. Wines,99
Genesee,Mt. Morris Township Precinct 9,Mass Transportation Authority Millage Replacement Proposal,,,No,71
Genesee,Mt. Morris Township Precinct 9,Mass Transportation Authority Millage Replacement Proposal,,,Yes,228
Genesee,Mt. Morris Township Precinct 9,Mt. Morris Township Clerk,,DEM,Brenda Ashley,168
Genesee,Mt. Morris Township Precinct 9,Mt. Morris Township Clerk,,DEM,Candice D. Smith,115
Genesee,Mt. Morris Township Precinct 9,Mt. Morris Township Supervisor,,DEM,Jolena Sanders-Sims,178
Genesee,Mt. Morris Township Precinct 9,Mt. Morris Township Supervisor,,DEM,Larry Green,115
Genesee,Mt. Morris Township Precinct 9,Mt. Morris Township Treasurer,,DEM,Gayle Armstrong,226
Genesee,Mt. Morris Township Precinct 9,Mt. Morris Township Treasurer,,DEM,John C. Montney,55
Genesee,Mt. Morris Township Precinct 9,Mt. Morris Township Trustee,,DEM,Brian Baxter,120
Genesee,Mt. Morris Township Precinct 9,Mt. Morris Township Trustee,,DEM,Daniel Waskoski,43
Genesee,Mt. Morris Township Precinct 9,Mt. Morris Township Trustee,,DEM,Dewayn Allen,149
Genesee,Mt. Morris Township Precinct 9,Mt. Morris Township Trustee,,DEM,Dora King,201
Genesee,Mt. Morris Township Precinct 9,Mt. Morris Township Trustee,,DEM,Elmer L. Wilson Jr.,98
Genesee,Mt. Morris Township Precinct 9,Mt. Morris Township Trustee,,DEM,Jona Kean,66
Genesee,Mt. Morris Township Precinct 9,Mt. Morris Township Trustee,,DEM,Michael Dunklee,85
Genesee,Mt. Morris Township Precinct 9,Mt. Morris Township Trustee,,DEM,Michele Loper,162
Genesee,Mt. Morris Township Precinct 9,Prosecuting Attorney,,DEM,David Leyton,149
Genesee,Mt. Morris Township Precinct 9,Prosecuting Attorney,,DEM,Trachelle C. Young,136
Genesee,Mt. Morris Township Precinct 9,Registered Voters,,,,2251
Genesee,Mt. Morris Township Precinct 9,Sheriff,,DEM,Christopher R. Swanson,138
Genesee,Mt. Morris Township Precinct 9,Sheriff,,DEM,Phil Hart,34
Genesee,Mt. Morris Township Precinct 9,Sheriff,,DEM,Timothy Johnson,114
Genesee,Mt. Morris Township Precinct 9,Sheriff,,REP,Stephen Sanford,19
Genesee,Mt. Morris Township Precinct 9,State House,49,DEM,John D. Cherry,283
Genesee,Mt. Morris Township Precinct 9,State House,49,REP,Bryan Lutz,19
Genesee,Mt. Morris Township Precinct 9,Surveyor,,DEM,Kim Carlson,273
Genesee,Mt. Morris Township Precinct 9,U.S. House,5,DEM,Daniel T. Kildee,288
Genesee,Mt. Morris Township Precinct 9,U.S. House,5,REP,Earl Lackie,4
Genesee,Mt. Morris Township Precinct 9,U.S. House,5,REP,Tim Kelly,14
Genesee,Mt. Morris Township Precinct 9,U.S. Senate,,DEM,Gary Peters,284
Genesee,Mt. Morris Township Precinct 9,U.S. Senate,,REP,John James,21
Genesee,Mundy Township Precinct 1,Animal Control Shelter Millage Renewal Proposal,,,No,189
Genesee,Mundy Township Precinct 1,Animal Control Shelter Millage Renewal Proposal,,,Yes,491
Genesee,Mundy Township Precinct 1,Ballots Cast,,,,742
Genesee,Mundy Township Precinct 1,Circuit Court Judge,7,,Chris Christenson,243
Genesee,Mundy Township Precinct 1,Circuit Court Judge,7,,Herman Marable Jr.,102
Genesee,Mundy Township Precinct 1,Circuit Court Judge,7,,Stephanie Witucki,195
Genesee,Mundy Township Precinct 1,Clerk and Register of Deeds,,DEM,John J. Gleason,260
Genesee,Mundy Township Precinct 1,Clerk and Register of Deeds,,DEM,Renee' D. Watson,215
Genesee,Mundy Township Precinct 1,Clerk and Register of Deeds,,REP,Jesse Couch,161
Genesee,Mundy Township Precinct 1,County Commissioner,8,DEM,Debra Newman,282
Genesee,Mundy Township Precinct 1,County Commissioner,8,DEM,Ted Henry,167
Genesee,Mundy Township Precinct 1,County Commissioner,8,REP,Rod Shumaker,155
Genesee,Mundy Township Precinct 1,County Treasurer,,DEM,Deborah Cherry,454
Genesee,Mundy Township Precinct 1,County Treasurer,,REP,Deborah Hoss,154
Genesee,Mundy Township Precinct 1,Drain Commissioner,,DEM,Jeff Wright,349
Genesee,Mundy Township Precinct 1,Drain Commissioner,,DEM,Travis R. Wines,115
Genesee,Mundy Township Precinct 1,Mass Transportation Authority Millage Replacement Proposal,,,No,209
Genesee,Mundy Township Precinct 1,Mass Transportation Authority Millage Replacement Proposal,,,Yes,477
Genesee,Mundy Township Precinct 1,Mundy Township Clerk,,DEM,Cory Jo Bostwick,411
Genesee,Mundy Township Precinct 1,Mundy Township Supervisor,,DEM,Joe Oskey,186
Genesee,Mundy Township Precinct 1,Mundy Township Supervisor,,DEM,Tonya Ketzler,270
Genesee,Mundy Township Precinct 1,Mundy Township Treasurer,,DEM,Dennis B. Owens,407
Genesee,Mundy Township Precinct 1,Mundy Township Trustee,,DEM,Dan Morey,241
Genesee,Mundy Township Precinct 1,Mundy Township Trustee,,DEM,Debra Ridley,297
Genesee,Mundy Township Precinct 1,Mundy Township Trustee,,DEM,Greg Dietrich,272
Genesee,Mundy Township Precinct 1,Mundy Township Trustee,,DEM,Kimberly Jimenez,306
Genesee,Mundy Township Precinct 1,Mundy Township Trustee,,DEM,Mark T. Gorton,272
Genesee,Mundy Township Precinct 1,Mundy Township Trustee,,REP,Kyle V. Ward,153
Genesee,Mundy Township Precinct 1,Prosecuting Attorney,,DEM,David Leyton,334
Genesee,Mundy Township Precinct 1,Prosecuting Attorney,,DEM,Trachelle C. Young,147
Genesee,Mundy Township Precinct 1,Registered Voters,,,,2142
Genesee,Mundy Township Precinct 1,Sheriff,,DEM,Christopher R. Swanson,378
Genesee,Mundy Township Precinct 1,Sheriff,,DEM,Phil Hart,62
Genesee,Mundy Township Precinct 1,Sheriff,,DEM,Timothy Johnson,56
Genesee,Mundy Township Precinct 1,Sheriff,,REP,Stephen Sanford,150
Genesee,Mundy Township Precinct 1,State House,50,DEM,Raymond Freiberger,82
Genesee,Mundy Township Precinct 1,State House,50,DEM,Tim Sneller,368
Genesee,Mundy Township Precinct 1,State House,50,REP,Christina Fitchett-Hickson,62
Genesee,Mundy Township Precinct 1,State House,50,REP,Lynn S. Hukee,40
Genesee,Mundy Township Precinct 1,State House,50,REP,Lynne Freiberger,60
Genesee,Mundy Township Precinct 1,Surveyor,,DEM,Kim Carlson,426
Genesee,Mundy Township Precinct 1,U.S. House,5,DEM,Daniel T. Kildee,469
Genesee,Mundy Township Precinct 1,U.S. House,5,REP,Earl Lackie,48
Genesee,Mundy Township Precinct 1,U.S. House,5,REP,Tim Kelly,121
Genesee,Mundy Township Precinct 1,U.S. Senate,,DEM,Gary Peters,461
Genesee,Mundy Township Precinct 1,U.S. Senate,,REP,John James,188
Genesee,Mundy Township Precinct 2,Animal Control Shelter Millage Renewal Proposal,,,No,112
Genesee,Mundy Township Precinct 2,Animal Control Shelter Millage Renewal Proposal,,,Yes,277
Genesee,Mundy Township Precinct 2,Ballots Cast,,,,435
Genesee,Mundy Township Precinct 2,Circuit Court Judge,7,,Chris Christenson,132
Genesee,Mundy Township Precinct 2,Circuit Court Judge,7,,Herman Marable Jr.,50
Genesee,Mundy Township Precinct 2,Circuit Court Judge,7,,Stephanie Witucki,88
Genesee,Mundy Township Precinct 2,Clerk and Register of Deeds,,DEM,John J. Gleason,178
Genesee,Mundy Township Precinct 2,Clerk and Register of Deeds,,DEM,Renee' D. Watson,80
Genesee,Mundy Township Precinct 2,Clerk and Register of Deeds,,REP,Jesse Couch,101
Genesee,Mundy Township Precinct 2,County Commissioner,8,DEM,Debra Newman,145
Genesee,Mundy Township Precinct 2,County Commissioner,8,DEM,Ted Henry,104
Genesee,Mundy Township Precinct 2,County Commissioner,8,REP,Rod Shumaker,100
Genesee,Mundy Township Precinct 2,County Treasurer,,DEM,Deborah Cherry,242
Genesee,Mundy Township Precinct 2,County Treasurer,,REP,Deborah Hoss,99
Genesee,Mundy Township Precinct 2,Drain Commissioner,,DEM,Jeff Wright,188
Genesee,Mundy Township Precinct 2,Drain Commissioner,,DEM,Travis R. Wines,64
Genesee,Mundy Township Precinct 2,Mass Transportation Authority Millage Replacement Proposal,,,No,151
Genesee,Mundy Township Precinct 2,Mass Transportation Authority Millage Replacement Proposal,,,Yes,256
Genesee,Mundy Township Precinct 2,Mundy Township Clerk,,DEM,Cory Jo Bostwick,225
Genesee,Mundy Township Precinct 2,Mundy Township Supervisor,,DEM,Joe Oskey,80
Genesee,Mundy Township Precinct 2,Mundy Township Supervisor,,DEM,Tonya Ketzler,174
Genesee,Mundy Township Precinct 2,Mundy Township Treasurer,,DEM,Dennis B. Owens,225
Genesee,Mundy Township Precinct 2,Mundy Township Trustee,,DEM,Dan Morey,137
Genesee,Mundy Township Precinct 2,Mundy Township Trustee,,DEM,Debra Ridley,167
Genesee,Mundy Township Precinct 2,Mundy Township Trustee,,DEM,Greg Dietrich,137
Genesee,Mundy Township Precinct 2,Mundy Township Trustee,,DEM,Kimberly Jimenez,142
Genesee,Mundy Township Precinct 2,Mundy Township Trustee,,DEM,Mark T. Gorton,131
Genesee,Mundy Township Precinct 2,Mundy Township Trustee,,REP,Kyle V. Ward,98
Genesee,Mundy Township Precinct 2,Prosecuting Attorney,,DEM,David Leyton,202
Genesee,Mundy Township Precinct 2,Prosecuting Attorney,,DEM,Trachelle C. Young,62
Genesee,Mundy Township Precinct 2,Registered Voters,,,,1372
Genesee,Mundy Township Precinct 2,Sheriff,,DEM,Christopher R. Swanson,200
Genesee,Mundy Township Precinct 2,Sheriff,,DEM,Phil Hart,39
Genesee,Mundy Township Precinct 2,Sheriff,,DEM,Timothy Johnson,28
Genesee,Mundy Township Precinct 2,Sheriff,,REP,Stephen Sanford,91
Genesee,Mundy Township Precinct 2,State House,50,DEM,Raymond Freiberger,61
Genesee,Mundy Township Precinct 2,State House,50,DEM,Tim Sneller,172
Genesee,Mundy Township Precinct 2,State House,50,REP,Christina Fitchett-Hickson,34
Genesee,Mundy Township Precinct 2,State House,50,REP,Lynn S. Hukee,31
Genesee,Mundy Township Precinct 2,State House,50,REP,Lynne Freiberger,36
Genesee,Mundy Township Precinct 2,Surveyor,,DEM,Kim Carlson,224
Genesee,Mundy Township Precinct 2,U.S. House,5,DEM,Daniel T. Kildee,249
Genesee,Mundy Township Precinct 2,U.S. House,5,REP,Earl Lackie,26
Genesee,Mundy Township Precinct 2,U.S. House,5,REP,Tim Kelly,84
Genesee,Mundy Township Precinct 2,U.S. Senate,,DEM,Gary Peters,245
Genesee,Mundy Township Precinct 2,U.S. Senate,,REP,John James,125
Genesee,Mundy Township Precinct 3,Animal Control Shelter Millage Renewal Proposal,,,No,154
Genesee,Mundy Township Precinct 3,Animal Control Shelter Millage Renewal Proposal,,,Yes,339
Genesee,Mundy Township Precinct 3,Ballots Cast,,,,537
Genesee,Mundy Township Precinct 3,Circuit Court Judge,7,,Chris Christenson,142
Genesee,Mundy Township Precinct 3,Circuit Court Judge,7,,Herman Marable Jr.,74
Genesee,Mundy Township Precinct 3,Circuit Court Judge,7,,Stephanie Witucki,153
Genesee,Mundy Township Precinct 3,Clerk and Register of Deeds,,DEM,John J. Gleason,205
Genesee,Mundy Township Precinct 3,Clerk and Register of Deeds,,DEM,Renee' D. Watson,113
Genesee,Mundy Township Precinct 3,Clerk and Register of Deeds,,REP,Jesse Couch,123
Genesee,Mundy Township Precinct 3,County Commissioner,8,DEM,Debra Newman,147
Genesee,Mundy Township Precinct 3,County Commissioner,8,DEM,Ted Henry,163
Genesee,Mundy Township Precinct 3,County Commissioner,8,REP,Rod Shumaker,125
Genesee,Mundy Township Precinct 3,County Treasurer,,DEM,Deborah Cherry,290
Genesee,Mundy Township Precinct 3,County Treasurer,,REP,Deborah Hoss,122
Genesee,Mundy Township Precinct 3,Drain Commissioner,,DEM,Jeff Wright,244
Genesee,Mundy Township Precinct 3,Drain Commissioner,,DEM,Travis R. Wines,67
Genesee,Mundy Township Precinct 3,Mass Transportation Authority Millage Replacement Proposal,,,No,211
Genesee,Mundy Township Precinct 3,Mass Transportation Authority Millage Replacement Proposal,,,Yes,290
Genesee,Mundy Township Precinct 3,Mundy Township Clerk,,DEM,Cory Jo Bostwick,267
Genesee,Mundy Township Precinct 3,Mundy Township Supervisor,,DEM,Joe Oskey,117
Genesee,Mundy Township Precinct 3,Mundy Township Supervisor,,DEM,Tonya Ketzler,195
Genesee,Mundy Township Precinct 3,Mundy Township Treasurer,,DEM,Dennis B. Owens,263
Genesee,Mundy Township Precinct 3,Mundy Township Trustee,,DEM,Dan Morey,174
Genesee,Mundy Township Precinct 3,Mundy Township Trustee,,DEM,Debra Ridley,199
Genesee,Mundy Township Precinct 3,Mundy Township Trustee,,DEM,Greg Dietrich,171
Genesee,Mundy Township Precinct 3,Mundy Township Trustee,,DEM,Kimberly Jimenez,195
Genesee,Mundy Township Precinct 3,Mundy Township Trustee,,DEM,Mark T. Gorton,184
Genesee,Mundy Township Precinct 3,Mundy Township Trustee,,REP,Kyle V. Ward,122
Genesee,Mundy Township Precinct 3,Prosecuting Attorney,,DEM,David Leyton,239
Genesee,Mundy Township Precinct 3,Prosecuting Attorney,,DEM,Trachelle C. Young,82
Genesee,Mundy Township Precinct 3,Registered Voters,,,,1320
Genesee,Mundy Township Precinct 3,Sheriff,,DEM,Christopher R. Swanson,235
Genesee,Mundy Township Precinct 3,Sheriff,,DEM,Phil Hart,42
Genesee,Mundy Township Precinct 3,Sheriff,,DEM,Timothy Johnson,39
Genesee,Mundy Township Precinct 3,Sheriff,,REP,Stephen Sanford,122
Genesee,Mundy Township Precinct 3,State House,50,DEM,Raymond Freiberger,49
Genesee,Mundy Township Precinct 3,State House,50,DEM,Tim Sneller,235
Genesee,Mundy Township Precinct 3,State House,50,REP,Christina Fitchett-Hickson,44
Genesee,Mundy Township Precinct 3,State House,50,REP,Lynn S. Hukee,41
Genesee,Mundy Township Precinct 3,State House,50,REP,Lynne Freiberger,49
Genesee,Mundy Township Precinct 3,Surveyor,,DEM,Kim Carlson,284
Genesee,Mundy Township Precinct 3,U.S. House,5,DEM,Daniel T. Kildee,300
Genesee,Mundy Township Precinct 3,U.S. House,5,REP,Earl Lackie,37
Genesee,Mundy Township Precinct 3,U.S. House,5,REP,Tim Kelly,108
Genesee,Mundy Township Precinct 3,U.S. Senate,,DEM,Gary Peters,303
Genesee,Mundy Township Precinct 3,U.S. Senate,,REP,John James,149
Genesee,Mundy Township Precinct 4,Animal Control Shelter Millage Renewal Proposal,,,No,151
Genesee,Mundy Township Precinct 4,Animal Control Shelter Millage Renewal Proposal,,,Yes,307
Genesee,Mundy Township Precinct 4,Ballots Cast,,,,494
Genesee,Mundy Township Precinct 4,Circuit Court Judge,7,,Chris Christenson,164
Genesee,Mundy Township Precinct 4,Circuit Court Judge,7,,Herman Marable Jr.,45
Genesee,Mundy Township Precinct 4,Circuit Court Judge,7,,Stephanie Witucki,137
Genesee,Mundy Township Precinct 4,Clerk and Register of Deeds,,DEM,John J. Gleason,190
Genesee,Mundy Township Precinct 4,Clerk and Register of Deeds,,DEM,Renee' D. Watson,93
Genesee,Mundy Township Precinct 4,Clerk and Register of Deeds,,REP,Jesse Couch,133
Genesee,Mundy Township Precinct 4,County Commissioner,8,DEM,Debra Newman,120
Genesee,Mundy Township Precinct 4,County Commissioner,8,DEM,Ted Henry,152
Genesee,Mundy Township Precinct 4,County Commissioner,8,REP,Rod Shumaker,131
Genesee,Mundy Township Precinct 4,County Treasurer,,DEM,Deborah Cherry,263
Genesee,Mundy Township Precinct 4,County Treasurer,,REP,Deborah Hoss,132
Genesee,Mundy Township Precinct 4,Drain Commissioner,,DEM,Jeff Wright,197
Genesee,Mundy Township Precinct 4,Drain Commissioner,,DEM,Travis R. Wines,80
Genesee,Mundy Township Precinct 4,Lake Fenton Community Schools Sinking Fund Millage Proposal,,,No,15
Genesee,Mundy Township Precinct 4,Lake Fenton Community Schools Sinking Fund Millage Proposal,,,Yes,19
Genesee,Mundy Township Precinct 4,Mass Transportation Authority Millage Replacement Proposal,,,No,205
Genesee,Mundy Township Precinct 4,Mass Transportation Authority Millage Replacement Proposal,,,Yes,261
Genesee,Mundy Township Precinct 4,Mundy Township Clerk,,DEM,Cory Jo Bostwick,235
Genesee,Mundy Township Precinct 4,Mundy Township Supervisor,,DEM,Joe Oskey,117
Genesee,Mundy Township Precinct 4,Mundy Township Supervisor,,DEM,Tonya Ketzler,155
Genesee,Mundy Township Precinct 4,Mundy Township Treasurer,,DEM,Dennis B. Owens,236
Genesee,Mundy Township Precinct 4,Mundy Township Trustee,,DEM,Dan Morey,167
Genesee,Mundy Township Precinct 4,Mundy Township Trustee,,DEM,Debra Ridley,195
Genesee,Mundy Township Precinct 4,Mundy Township Trustee,,DEM,Greg Dietrich,176
Genesee,Mundy Township Precinct 4,Mundy Township Trustee,,DEM,Kimberly Jimenez,156
Genesee,Mundy Township Precinct 4,Mundy Township Trustee,,DEM,Mark T. Gorton,143
Genesee,Mundy Township Precinct 4,Mundy Township Trustee,,REP,Kyle V. Ward,134
Genesee,Mundy Township Precinct 4,Prosecuting Attorney,,DEM,David Leyton,240
Genesee,Mundy Township Precinct 4,Prosecuting Attorney,,DEM,Trachelle C. Young,51
Genesee,Mundy Township Precinct 4,Registered Voters,,,,1262
Genesee,Mundy Township Precinct 4,Sheriff,,DEM,Christopher R. Swanson,234
Genesee,Mundy Township Precinct 4,Sheriff,,DEM,Phil Hart,45
Genesee,Mundy Township Precinct 4,Sheriff,,DEM,Timothy Johnson,14
Genesee,Mundy Township Precinct 4,Sheriff,,REP,Stephen Sanford,129
Genesee,Mundy Township Precinct 4,State House,50,DEM,Raymond Freiberger,65
Genesee,Mundy Township Precinct 4,State House,50,DEM,Tim Sneller,189
Genesee,Mundy Township Precinct 4,State House,50,REP,Christina Fitchett-Hickson,71
Genesee,Mundy Township Precinct 4,State House,50,REP,Lynn S. Hukee,18
Genesee,Mundy Township Precinct 4,State House,50,REP,Lynne Freiberger,54
Genesee,Mundy Township Precinct 4,Surveyor,,DEM,Kim Carlson,250
Genesee,Mundy Township Precinct 4,U.S. House,5,DEM,Daniel T. Kildee,281
Genesee,Mundy Township Precinct 4,U.S. House,5,REP,Earl Lackie,21
Genesee,Mundy Township Precinct 4,U.S. House,5,REP,Tim Kelly,132
Genesee,Mundy Township Precinct 4,U.S. Senate,,DEM,Gary Peters,274
Genesee,Mundy Township Precinct 4,U.S. Senate,,REP,John James,151
Genesee,Mundy Township Precinct 5,Animal Control Shelter Millage Renewal Proposal,,,No,74
Genesee,Mundy Township Precinct 5,Animal Control Shelter Millage Renewal Proposal,,,Yes,192
Genesee,Mundy Township Precinct 5,Ballots Cast,,,,289
Genesee,Mundy Township Precinct 5,Circuit Court Judge,7,,Chris Christenson,101
Genesee,Mundy Township Precinct 5,Circuit Court Judge,7,,Herman Marable Jr.,27
Genesee,Mundy Township Precinct 5,Circuit Court Judge,7,,Stephanie Witucki,59
Genesee,Mundy Township Precinct 5,Clerk and Register of Deeds,,DEM,John J. Gleason,95
Genesee,Mundy Township Precinct 5,Clerk and Register of Deeds,,DEM,Renee' D. Watson,64
Genesee,Mundy Township Precinct 5,Clerk and Register of Deeds,,REP,Jesse Couch,93
Genesee,Mundy Township Precinct 5,County Commissioner,8,DEM,Debra Newman,61
Genesee,Mundy Township Precinct 5,County Commissioner,8,DEM,Ted Henry,87
Genesee,Mundy Township Precinct 5,County Commissioner,8,REP,Rod Shumaker,88
Genesee,Mundy Township Precinct 5,County Treasurer,,DEM,Deborah Cherry,148
Genesee,Mundy Township Precinct 5,County Treasurer,,REP,Deborah Hoss,93
Genesee,Mundy Township Precinct 5,Drain Commissioner,,DEM,Jeff Wright,126
Genesee,Mundy Township Precinct 5,Drain Commissioner,,DEM,Travis R. Wines,30
Genesee,Mundy Township Precinct 5,Mass Transportation Authority Millage Replacement Proposal,,,No,113
Genesee,Mundy Township Precinct 5,Mass Transportation Authority Millage Replacement Proposal,,,Yes,152
Genesee,Mundy Township Precinct 5,Mundy Township Clerk,,DEM,Cory Jo Bostwick,140
Genesee,Mundy Township Precinct 5,Mundy Township Supervisor,,DEM,Joe Oskey,49
Genesee,Mundy Township Precinct 5,Mundy Township Supervisor,,DEM,Tonya Ketzler,108
Genesee,Mundy Township Precinct 5,Mundy Township Treasurer,,DEM,Dennis B. Owens,137
Genesee,Mundy Township Precinct 5,Mundy Township Trustee,,DEM,Dan Morey,90
Genesee,Mundy Township Precinct 5,Mundy Township Trustee,,DEM,Debra Ridley,107
Genesee,Mundy Township Precinct 5,Mundy Township Trustee,,DEM,Greg Dietrich,93
Genesee,Mundy Township Precinct 5,Mundy Township Trustee,,DEM,Kimberly Jimenez,96
Genesee,Mundy Township Precinct 5,Mundy Township Trustee,,DEM,Mark T. Gorton,88
Genesee,Mundy Township Precinct 5,Mundy Township Trustee,,REP,Kyle V. Ward,91
Genesee,Mundy Township Precinct 5,Prosecuting Attorney,,DEM,David Leyton,126
Genesee,Mundy Township Precinct 5,Prosecuting Attorney,,DEM,Trachelle C. Young,36
Genesee,Mundy Township Precinct 5,Registered Voters,,,,742
Genesee,Mundy Township Precinct 5,Sheriff,,DEM,Christopher R. Swanson,121
Genesee,Mundy Township Precinct 5,Sheriff,,DEM,Phil Hart,22
Genesee,Mundy Township Precinct 5,Sheriff,,DEM,Timothy Johnson,19
Genesee,Mundy Township Precinct 5,Sheriff,,REP,Stephen Sanford,88
Genesee,Mundy Township Precinct 5,State House,50,DEM,Raymond Freiberger,39
Genesee,Mundy Township Precinct 5,State House,50,DEM,Tim Sneller,106
Genesee,Mundy Township Precinct 5,State House,50,REP,Christina Fitchett-Hickson,24
Genesee,Mundy Township Precinct 5,State House,50,REP,Lynn S. Hukee,45
Genesee,Mundy Township Precinct 5,State House,50,REP,Lynne Freiberger,25
Genesee,Mundy Township Precinct 5,Surveyor,,DEM,Kim Carlson,139
Genesee,Mundy Township Precinct 5,U.S. House,5,DEM,Daniel T. Kildee,150
Genesee,Mundy Township Precinct 5,U.S. House,5,REP,Earl Lackie,28
Genesee,Mundy Township Precinct 5,U.S. House,5,REP,Tim Kelly,70
Genesee,Mundy Township Precinct 5,U.S. Senate,,DEM,Gary Peters,147
Genesee,Mundy Township Precinct 5,U.S. Senate,,REP,John James,102
Genesee,Mundy Township Precinct 6,Animal Control Shelter Millage Renewal Proposal,,,No,133
Genesee,Mundy Township Precinct 6,Animal Control Shelter Millage Renewal Proposal,,,Yes,333
Genesee,Mundy Township Precinct 6,Ballots Cast,,,,506
Genesee,Mundy Township Precinct 6,Circuit Court Judge,7,,Chris Christenson,152
Genesee,Mundy Township Precinct 6,Circuit Court Judge,7,,Herman Marable Jr.,109
Genesee,Mundy Township Precinct 6,Circuit Court Judge,7,,Stephanie Witucki,109
Genesee,Mundy Township Precinct 6,Clerk and Register of Deeds,,DEM,John J. Gleason,180
Genesee,Mundy Township Precinct 6,Clerk and Register of Deeds,,DEM,Renee' D. Watson,127
Genesee,Mundy Township Precinct 6,Clerk and Register of Deeds,,REP,Jesse Couch,130
Genesee,Mundy Township Precinct 6,County Commissioner,8,DEM,Debra Newman,197
Genesee,Mundy Township Precinct 6,County Commissioner,8,DEM,Ted Henry,87
Genesee,Mundy Township Precinct 6,County Commissioner,8,REP,Rod Shumaker,130
Genesee,Mundy Township Precinct 6,County Treasurer,,DEM,Deborah Cherry,293
Genesee,Mundy Township Precinct 6,County Treasurer,,REP,Deborah Hoss,128
Genesee,Mundy Township Precinct 6,Drain Commissioner,,DEM,Jeff Wright,211
Genesee,Mundy Township Precinct 6,Drain Commissioner,,DEM,Travis R. Wines,87
Genesee,Mundy Township Precinct 6,Mass Transportation Authority Millage Replacement Proposal,,,No,162
Genesee,Mundy Township Precinct 6,Mass Transportation Authority Millage Replacement Proposal,,,Yes,321
Genesee,Mundy Township Precinct 6,Mundy Township Clerk,,DEM,Cory Jo Bostwick,283
Genesee,Mundy Township Precinct 6,Mundy Township Supervisor,,DEM,Joe Oskey,131
Genesee,Mundy Township Precinct 6,Mundy Township Supervisor,,DEM,Tonya Ketzler,168
Genesee,Mundy Township Precinct 6,Mundy Township Treasurer,,DEM,Dennis B. Owens,285
Genesee,Mundy Township Precinct 6,Mundy Township Trustee,,DEM,Dan Morey,167
Genesee,Mundy Township Precinct 6,Mundy Township Trustee,,DEM,Debra Ridley,207
Genesee,Mundy Township Precinct 6,Mundy Township Trustee,,DEM,Greg Dietrich,169
Genesee,Mundy Township Precinct 6,Mundy Township Trustee,,DEM,Kimberly Jimenez,212
Genesee,Mundy Township Precinct 6,Mundy Township Trustee,,DEM,Mark T. Gorton,167
Genesee,Mundy Township Precinct 6,Mundy Township Trustee,,REP,Kyle V. Ward,133
Genesee,Mundy Township Precinct 6,Prosecuting Attorney,,DEM,David Leyton,216
Genesee,Mundy Township Precinct 6,Prosecuting Attorney,,DEM,Trachelle C. Young,94
Genesee,Mundy Township Precinct 6,Registered Voters,,,,1532
Genesee,Mundy Township Precinct 6,Sheriff,,DEM,Christopher R. Swanson,215
Genesee,Mundy Township Precinct 6,Sheriff,,DEM,Phil Hart,37
Genesee,Mundy Township Precinct 6,Sheriff,,DEM,Timothy Johnson,64
Genesee,Mundy Township Precinct 6,Sheriff,,REP,Stephen Sanford,121
Genesee,Mundy Township Precinct 6,State House,50,DEM,Raymond Freiberger,76
Genesee,Mundy Township Precinct 6,State House,50,DEM,Tim Sneller,217
Genesee,Mundy Township Precinct 6,State House,50,REP,Christina Fitchett-Hickson,50
Genesee,Mundy Township Precinct 6,State House,50,REP,Lynn S. Hukee,49
Genesee,Mundy Township Precinct 6,State House,50,REP,Lynne Freiberger,30
Genesee,Mundy Township Precinct 6,Surveyor,,DEM,Kim Carlson,286
Genesee,Mundy Township Precinct 6,U.S. House,5,DEM,Daniel T. Kildee,307
Genesee,Mundy Township Precinct 6,U.S. House,5,REP,Earl Lackie,26
Genesee,Mundy Township Precinct 6,U.S. House,5,REP,Tim Kelly,108
Genesee,Mundy Township Precinct 6,U.S. Senate,,DEM,Gary Peters,305
Genesee,Mundy Township Precinct 6,U.S. Senate,,REP,John James,143
Genesee,Mundy Township Precinct 7,Animal Control Shelter Millage Renewal Proposal,,,No,126
Genesee,Mundy Township Precinct 7,Animal Control Shelter Millage Renewal Proposal,,,Yes,296
Genesee,Mundy Township Precinct 7,Ballots Cast,,,,465
Genesee,Mundy Township Precinct 7,Circuit Court Judge,7,,Chris Christenson,138
Genesee,Mundy Township Precinct 7,Circuit Court Judge,7,,Herman Marable Jr.,59
Genesee,Mundy Township Precinct 7,Circuit Court Judge,7,,Stephanie Witucki,141
Genesee,Mundy Township Precinct 7,Clerk and Register of Deeds,,DEM,John J. Gleason,134
Genesee,Mundy Township Precinct 7,Clerk and Register of Deeds,,DEM,Renee' D. Watson,133
Genesee,Mundy Township Precinct 7,Clerk and Register of Deeds,,REP,Jesse Couch,117
Genesee,Mundy Township Precinct 7,County Commissioner,8,DEM,Debra Newman,166
Genesee,Mundy Township Precinct 7,County Commissioner,8,DEM,Ted Henry,91
Genesee,Mundy Township Precinct 7,County Commissioner,8,REP,Rod Shumaker,110
Genesee,Mundy Township Precinct 7,County Treasurer,,DEM,Deborah Cherry,254
Genesee,Mundy Township Precinct 7,County Treasurer,,REP,Deborah Hoss,117
Genesee,Mundy Township Precinct 7,Drain Commissioner,,DEM,Jeff Wright,196
Genesee,Mundy Township Precinct 7,Drain Commissioner,,DEM,Travis R. Wines,67
Genesee,Mundy Township Precinct 7,Lake Fenton Community Schools Sinking Fund Millage Proposal,,,No,35
Genesee,Mundy Township Precinct 7,Lake Fenton Community Schools Sinking Fund Millage Proposal,,,Yes,61
Genesee,Mundy Township Precinct 7,Mass Transportation Authority Millage Replacement Proposal,,,No,193
Genesee,Mundy Township Precinct 7,Mass Transportation Authority Millage Replacement Proposal,,,Yes,243
Genesee,Mundy Township Precinct 7,Mundy Township Clerk,,DEM,Cory Jo Bostwick,234
Genesee,Mundy Township Precinct 7,Mundy Township Supervisor,,DEM,Joe Oskey,117
Genesee,Mundy Township Precinct 7,Mundy Township Supervisor,,DEM,Tonya Ketzler,143
Genesee,Mundy Township Precinct 7,Mundy Township Treasurer,,DEM,Dennis B. Owens,229
Genesee,Mundy Township Precinct 7,Mundy Township Trustee,,DEM,Dan Morey,157
Genesee,Mundy Township Precinct 7,Mundy Township Trustee,,DEM,Debra Ridley,147
Genesee,Mundy Township Precinct 7,Mundy Township Trustee,,DEM,Greg Dietrich,167
Genesee,Mundy Township Precinct 7,Mundy Township Trustee,,DEM,Kimberly Jimenez,157
Genesee,Mundy Township Precinct 7,Mundy Township Trustee,,DEM,Mark T. Gorton,183
Genesee,Mundy Township Precinct 7,Mundy Township Trustee,,REP,Kyle V. Ward,111
Genesee,Mundy Township Precinct 7,Prosecuting Attorney,,DEM,David Leyton,191
Genesee,Mundy Township Precinct 7,Prosecuting Attorney,,DEM,Trachelle C. Young,86
Genesee,Mundy Township Precinct 7,Registered Voters,,,,1398
Genesee,Mundy Township Precinct 7,Sheriff,,DEM,Christopher R. Swanson,209
Genesee,Mundy Township Precinct 7,Sheriff,,DEM,Phil Hart,30
Genesee,Mundy Township Precinct 7,Sheriff,,DEM,Timothy Johnson,34
Genesee,Mundy Township Precinct 7,Sheriff,,REP,Stephen Sanford,112
Genesee,Mundy Township Precinct 7,State House,50,DEM,Raymond Freiberger,40
Genesee,Mundy Township Precinct 7,State House,50,DEM,Tim Sneller,215
Genesee,Mundy Township Precinct 7,State House,50,REP,Christina Fitchett-Hickson,50
Genesee,Mundy Township Precinct 7,State House,50,REP,Lynn S. Hukee,30
Genesee,Mundy Township Precinct 7,State House,50,REP,Lynne Freiberger,42
Genesee,Mundy Township Precinct 7,Surveyor,,DEM,Kim Carlson,243
Genesee,Mundy Township Precinct 7,U.S. House,5,DEM,Daniel T. Kildee,268
Genesee,Mundy Township Precinct 7,U.S. House,5,REP,Earl Lackie,40
Genesee,Mundy Township Precinct 7,U.S. House,5,REP,Tim Kelly,84
Genesee,Mundy Township Precinct 7,U.S. Senate,,DEM,Gary Peters,270
Genesee,Mundy Township Precinct 7,U.S. Senate,,REP,John James,128
Genesee,Mundy Township Precinct 8,Animal Control Shelter Millage Renewal Proposal,,,No,108
Genesee,Mundy Township Precinct 8,Animal Control Shelter Millage Renewal Proposal,,,Yes,263
Genesee,Mundy Township Precinct 8,Ballots Cast,,,,402
Genesee,Mundy Township Precinct 8,Circuit Court Judge,7,,Chris Christenson,137
Genesee,Mundy Township Precinct 8,Circuit Court Judge,7,,Herman Marable Jr.,41
Genesee,Mundy Township Precinct 8,Circuit Court Judge,7,,Stephanie Witucki,106
Genesee,Mundy Township Precinct 8,Clerk and Register of Deeds,,DEM,John J. Gleason,123
Genesee,Mundy Township Precinct 8,Clerk and Register of Deeds,,DEM,Renee' D. Watson,100
Genesee,Mundy Township Precinct 8,Clerk and Register of Deeds,,REP,Jesse Couch,99
Genesee,Mundy Township Precinct 8,County Commissioner,6,DEM,Timothy John Draeger (W),4
Genesee,Mundy Township Precinct 8,County Commissioner,6,REP,Shaun Shumaker,101
Genesee,Mundy Township Precinct 8,County Treasurer,,DEM,Deborah Cherry,209
Genesee,Mundy Township Precinct 8,County Treasurer,,REP,Deborah Hoss,102
Genesee,Mundy Township Precinct 8,Drain Commissioner,,DEM,Jeff Wright,157
Genesee,Mundy Township Precinct 8,Drain Commissioner,,DEM,Travis R. Wines,58
Genesee,Mundy Township Precinct 8,Lake Fenton Community Schools Sinking Fund Millage Proposal,,,No,184
Genesee,Mundy Township Precinct 8,Lake Fenton Community Schools Sinking Fund Millage Proposal,,,Yes,207
Genesee,Mundy Township Precinct 8,Mass Transportation Authority Millage Replacement Proposal,,,No,155
Genesee,Mundy Township Precinct 8,Mass Transportation Authority Millage Replacement Proposal,,,Yes,236
Genesee,Mundy Township Precinct 8,Mundy Township Clerk,,DEM,Cory Jo Bostwick,198
Genesee,Mundy Township Precinct 8,Mundy Township Supervisor,,DEM,Joe Oskey,77
Genesee,Mundy Township Precinct 8,Mundy Township Supervisor,,DEM,Tonya Ketzler,130
Genesee,Mundy Township Precinct 8,Mundy Township Treasurer,,DEM,Dennis B. Owens,197
Genesee,Mundy Township Precinct 8,Mundy Township Trustee,,DEM,Dan Morey,115
Genesee,Mundy Township Precinct 8,Mundy Township Trustee,,DEM,Debra Ridley,149
Genesee,Mundy Township Precinct 8,Mundy Township Trustee,,DEM,Greg Dietrich,116
Genesee,Mundy Township Precinct 8,Mundy Township Trustee,,DEM,Kimberly Jimenez,143
Genesee,Mundy Township Precinct 8,Mundy Township Trustee,,DEM,Mark T. Gorton,118
Genesee,Mundy Township Precinct 8,Mundy Township Trustee,,REP,Kyle V. Ward,98
Genesee,Mundy Township Precinct 8,Prosecuting Attorney,,DEM,David Leyton,165
Genesee,Mundy Township Precinct 8,Prosecuting Attorney,,DEM,Trachelle C. Young,59
Genesee,Mundy Township Precinct 8,Registered Voters,,,,1213
Genesee,Mundy Township Precinct 8,Sheriff,,DEM,Christopher R. Swanson,166
Genesee,Mundy Township Precinct 8,Sheriff,,DEM,Phil Hart,33
Genesee,Mundy Township Precinct 8,Sheriff,,DEM,Timothy Johnson,29
Genesee,Mundy Township Precinct 8,Sheriff,,REP,Stephen Sanford,94
Genesee,Mundy Township Precinct 8,State House,50,DEM,Raymond Freiberger,55
Genesee,Mundy Township Precinct 8,State House,50,DEM,Tim Sneller,152
Genesee,Mundy Township Precinct 8,State House,50,REP,Christina Fitchett-Hickson,37
Genesee,Mundy Township Precinct 8,State House,50,REP,Lynn S. Hukee,31
Genesee,Mundy Township Precinct 8,State House,50,REP,Lynne Freiberger,37
Genesee,Mundy Township Precinct 8,Surveyor,,DEM,Kim Carlson,196
Genesee,Mundy Township Precinct 8,U.S. House,5,DEM,Daniel T. Kildee,217
Genesee,Mundy Township Precinct 8,U.S. House,5,REP,Earl Lackie,26
Genesee,Mundy Township Precinct 8,U.S. House,5,REP,Tim Kelly,85
Genesee,Mundy Township Precinct 8,U.S. Senate,,DEM,Gary Peters,221
Genesee,Mundy Township Precinct 8,U.S. Senate,,REP,John James,128
Genesee,Mundy Township Precinct 9,Animal Control Shelter Millage Renewal Proposal,,,No,109
Genesee,Mundy Township Precinct 9,Animal Control Shelter Millage Renewal Proposal,,,Yes,181
Genesee,Mundy Township Precinct 9,Ballots Cast,,,,311
Genesee,Mundy Township Precinct 9,Circuit Court Judge,7,,Chris Christenson,105
Genesee,Mundy Township Precinct 9,Circuit Court Judge,7,,Herman Marable Jr.,27
Genesee,Mundy Township Precinct 9,Circuit Court Judge,7,,Stephanie Witucki,66
Genesee,Mundy Township Precinct 9,Clerk and Register of Deeds,,DEM,John J. Gleason,84
Genesee,Mundy Township Precinct 9,Clerk and Register of Deeds,,DEM,Renee' D. Watson,49
Genesee,Mundy Township Precinct 9,Clerk and Register of Deeds,,REP,Jesse Couch,106
Genesee,Mundy Township Precinct 9,County Commissioner,6,DEM,Timothy John Draeger (W),4
Genesee,Mundy Township Precinct 9,County Commissioner,6,REP,Shaun Shumaker,103
Genesee,Mundy Township Precinct 9,County Treasurer,,DEM,Deborah Cherry,129
Genesee,Mundy Township Precinct 9,County Treasurer,,REP,Deborah Hoss,101
Genesee,Mundy Township Precinct 9,Drain Commissioner,,DEM,Jeff Wright,102
Genesee,Mundy Township Precinct 9,Drain Commissioner,,DEM,Travis R. Wines,28
Genesee,Mundy Township Precinct 9,Lake Fenton Community Schools Sinking Fund Millage Proposal,,,No,88
Genesee,Mundy Township Precinct 9,Lake Fenton Community Schools Sinking Fund Millage Proposal,,,Yes,77
Genesee,Mundy Township Precinct 9,Mass Transportation Authority Millage Replacement Proposal,,,No,139
Genesee,Mundy Township Precinct 9,Mass Transportation Authority Millage Replacement Proposal,,,Yes,157
Genesee,Mundy Township Precinct 9,Mundy Township Clerk,,DEM,Cory Jo Bostwick,118
Genesee,Mundy Township Precinct 9,Mundy Township Supervisor,,DEM,Joe Oskey,50
Genesee,Mundy Township Precinct 9,Mundy Township Supervisor,,DEM,Tonya Ketzler,82
Genesee,Mundy Township Precinct 9,Mundy Township Treasurer,,DEM,Dennis B. Owens,115
Genesee,Mundy Township Precinct 9,Mundy Township Trustee,,DEM,Dan Morey,88
Genesee,Mundy Township Precinct 9,Mundy Township Trustee,,DEM,Debra Ridley,90
Genesee,Mundy Township Precinct 9,Mundy Township Trustee,,DEM,Greg Dietrich,71
Genesee,Mundy Township Precinct 9,Mundy Township Trustee,,DEM,Kimberly Jimenez,83
Genesee,Mundy Township Precinct 9,Mundy Township Trustee,,DEM,Mark T. Gorton,66
Genesee,Mundy Township Precinct 9,Mundy Township Trustee,,REP,Kyle V. Ward,103
Genesee,Mundy Township Precinct 9,Prosecuting Attorney,,DEM,David Leyton,102
Genesee,Mundy Township Precinct 9,Prosecuting Attorney,,DEM,Trachelle C. Young,31
Genesee,Mundy Township Precinct 9,Registered Voters,,,,958
Genesee,Mundy Township Precinct 9,Sheriff,,DEM,Christopher R. Swanson,107
Genesee,Mundy Township Precinct 9,Sheriff,,DEM,Phil Hart,14
Genesee,Mundy Township Precinct 9,Sheriff,,DEM,Timothy Johnson,16
Genesee,Mundy Township Precinct 9,Sheriff,,REP,Stephen Sanford,103
Genesee,Mundy Township Precinct 9,State House,50,DEM,Raymond Freiberger,32
Genesee,Mundy Township Precinct 9,State House,50,DEM,Tim Sneller,95
Genesee,Mundy Township Precinct 9,State House,50,REP,Christina Fitchett-Hickson,39
Genesee,Mundy Township Precinct 9,State House,50,REP,Lynn S. Hukee,36
Genesee,Mundy Township Precinct 9,State House,50,REP,Lynne Freiberger,39
Genesee,Mundy Township Precinct 9,Surveyor,,DEM,Kim Carlson,125
Genesee,Mundy Township Precinct 9,U.S. House,5,DEM,Daniel T. Kildee,135
Genesee,Mundy Township Precinct 9,U.S. House,5,REP,Earl Lackie,30
Genesee,Mundy Township Precinct 9,U.S. House,5,REP,Tim Kelly,86
Genesee,Mundy Township Precinct 9,U.S. Senate,,DEM,Gary Peters,132
Genesee,Mundy Township Precinct 9,U.S. Senate,,REP,John James,131
Genesee,Richfield Township Precinct 1,Animal Control Shelter Millage Renewal Proposal,,,No,202
Genesee,Richfield Township Precinct 1,Animal Control Shelter Millage Renewal Proposal,,,Yes,385
Genesee,Richfield Township Precinct 1,Ballots Cast,,,,655
Genesee,Richfield Township Precinct 1,Circuit Court Judge,7,,Chris Christenson,190
Genesee,Richfield Township Precinct 1,Circuit Court Judge,7,,Herman Marable Jr.,92
Genesee,Richfield Township Precinct 1,Circuit Court Judge,7,,Stephanie Witucki,123
Genesee,Richfield Township Precinct 1,Clerk and Register of Deeds,,DEM,John J. Gleason,265
Genesee,Richfield Township Precinct 1,Clerk and Register of Deeds,,DEM,Renee' D. Watson,137
Genesee,Richfield Township Precinct 1,Clerk and Register of Deeds,,REP,Jesse Couch,164
Genesee,Richfield Township Precinct 1,County Commissioner,9,DEM,Ann Edwards,194
Genesee,Richfield Township Precinct 1,County Commissioner,9,DEM,Gary Peppin,176
Genesee,Richfield Township Precinct 1,County Commissioner,9,REP,Matthew Smith,159
Genesee,Richfield Township Precinct 1,County Treasurer,,DEM,Deborah Cherry,380
Genesee,Richfield Township Precinct 1,County Treasurer,,REP,Deborah Hoss,161
Genesee,Richfield Township Precinct 1,Drain Commissioner,,DEM,Jeff Wright,302
Genesee,Richfield Township Precinct 1,Drain Commissioner,,DEM,Travis R. Wines,93
Genesee,Richfield Township Precinct 1,Mass Transportation Authority Millage Replacement Proposal,,,No,247
Genesee,Richfield Township Precinct 1,Mass Transportation Authority Millage Replacement Proposal,,,Yes,347
Genesee,Richfield Township Precinct 1,Prosecuting Attorney,,DEM,David Leyton,319
Genesee,Richfield Township Precinct 1,Prosecuting Attorney,,DEM,Trachelle C. Young,90
Genesee,Richfield Township Precinct 1,Registered Voters,,,,2017
Genesee,Richfield Township Precinct 1,Richfield Township Clerk,,DEM,Teri Webber,359
Genesee,Richfield Township Precinct 1,Richfield Township Supervisor,,DEM,Adam Thrash,92
Genesee,Richfield Township Precinct 1,Richfield Township Supervisor,,DEM,Joseph M. Madore,292
Genesee,Richfield Township Precinct 1,Richfield Township Supervisor,,REP,Tim Candela,160
Genesee,Richfield Township Precinct 1,Richfield Township Treasurer,,DEM,Bill Brandon,166
Genesee,Richfield Township Precinct 1,Richfield Township Treasurer,,DEM,Kimberly S. Dowrie,212
Genesee,Richfield Township Precinct 1,Richfield Township Treasurer,,REP,Matt Morris,156
Genesee,Richfield Township Precinct 1,Richfield Township Trustee,,DEM,Gerald Charles Masters (W),36
Genesee,Richfield Township Precinct 1,Richfield Township Trustee,,DEM,Keith Pyles,355
Genesee,Richfield Township Precinct 1,Richfield Township Trustee,,REP,Scott Natzke,137
Genesee,Richfield Township Precinct 1,Richfield Township Trustee,,REP,Sherry J. Marden,118
Genesee,Richfield Township Precinct 1,Sheriff,,DEM,Christopher R. Swanson,292
Genesee,Richfield Township Precinct 1,Sheriff,,DEM,Phil Hart,67
Genesee,Richfield Township Precinct 1,Sheriff,,DEM,Timothy Johnson,48
Genesee,Richfield Township Precinct 1,Sheriff,,REP,Stephen Sanford,152
Genesee,Richfield Township Precinct 1,State House,48,DEM,Andalib Odulate,43
Genesee,Richfield Township Precinct 1,State House,48,DEM,Sheryl Y. Kennedy,354
Genesee,Richfield Township Precinct 1,State House,48,REP,David W. Martin,126
Genesee,Richfield Township Precinct 1,State House,48,REP,Sherri J. Cross,56
Genesee,Richfield Township Precinct 1,Surveyor,,DEM,Kim Carlson,358
Genesee,Richfield Township Precinct 1,U.S. House,5,DEM,Daniel T. Kildee,389
Genesee,Richfield Township Precinct 1,U.S. House,5,REP,Earl Lackie,34
Genesee,Richfield Township Precinct 1,U.S. House,5,REP,Tim Kelly,155
Genesee,Richfield Township Precinct 1,U.S. Senate,,DEM,Gary Peters,385
Genesee,Richfield Township Precinct 1,U.S. Senate,,REP,John James,189
Genesee,Richfield Township Precinct 2,Animal Control Shelter Millage Renewal Proposal,,,No,271
Genesee,Richfield Township Precinct 2,Animal Control Shelter Millage Renewal Proposal,,,Yes,603
Genesee,Richfield Township Precinct 2,Ballots Cast,,,,978
Genesee,Richfield Township Precinct 2,Circuit Court Judge,7,,Chris Christenson,311
Genesee,Richfield Township Precinct 2,Circuit Court Judge,7,,Herman Marable Jr.,79
Genesee,Richfield Township Precinct 2,Circuit Court Judge,7,,Stephanie Witucki,222
Genesee,Richfield Township Precinct 2,Clerk and Register of Deeds,,DEM,John J. Gleason,376
Genesee,Richfield Township Precinct 2,Clerk and Register of Deeds,,DEM,Renee' D. Watson,188
Genesee,Richfield Township Precinct 2,Clerk and Register of Deeds,,REP,Jesse Couch,265
Genesee,Richfield Township Precinct 2,County Commissioner,9,DEM,Ann Edwards,211
Genesee,Richfield Township Precinct 2,County Commissioner,9,DEM,Gary Peppin,290
Genesee,Richfield Township Precinct 2,County Commissioner,9,REP,Matthew Smith,271
Genesee,Richfield Township Precinct 2,County Treasurer,,DEM,Deborah Cherry,528
Genesee,Richfield Township Precinct 2,County Treasurer,,REP,Deborah Hoss,263
Genesee,Richfield Township Precinct 2,Drain Commissioner,,DEM,Jeff Wright,464
Genesee,Richfield Township Precinct 2,Drain Commissioner,,DEM,Travis R. Wines,87
Genesee,Richfield Township Precinct 2,Mass Transportation Authority Millage Replacement Proposal,,,No,389
Genesee,Richfield Township Precinct 2,Mass Transportation Authority Millage Replacement Proposal,,,Yes,506
Genesee,Richfield Township Precinct 2,Prosecuting Attorney,,DEM,David Leyton,452
Genesee,Richfield Township Precinct 2,Prosecuting Attorney,,DEM,Trachelle C. Young,112
Genesee,Richfield Township Precinct 2,Registered Voters,,,,2522
Genesee,Richfield Township Precinct 2,Richfield Township Clerk,,DEM,Teri Webber,508
Genesee,Richfield Township Precinct 2,Richfield Township Supervisor,,DEM,Adam Thrash,161
Genesee,Richfield Township Precinct 2,Richfield Township Supervisor,,DEM,Joseph M. Madore,380
Genesee,Richfield Township Precinct 2,Richfield Township Supervisor,,REP,Tim Candela,267
Genesee,Richfield Township Precinct 2,Richfield Township Treasurer,,DEM,Bill Brandon,221
Genesee,Richfield Township Precinct 2,Richfield Township Treasurer,,DEM,Kimberly S. Dowrie,303
Genesee,Richfield Township Precinct 2,Richfield Township Treasurer,,REP,Matt Morris,257
Genesee,Richfield Township Precinct 2,Richfield Township Trustee,,DEM,Gerald Charles Masters (W),86
Genesee,Richfield Township Precinct 2,Richfield Township Trustee,,DEM,Keith Pyles,473
Genesee,Richfield Township Precinct 2,Richfield Township Trustee,,REP,Scott Natzke,199
Genesee,Richfield Township Precinct 2,Richfield Township Trustee,,REP,Sherry J. Marden,193
Genesee,Richfield Township Precinct 2,Sheriff,,DEM,Christopher R. Swanson,400
Genesee,Richfield Township Precinct 2,Sheriff,,DEM,Phil Hart,116
Genesee,Richfield Township Precinct 2,Sheriff,,DEM,Timothy Johnson,51
Genesee,Richfield Township Precinct 2,Sheriff,,REP,Stephen Sanford,264
Genesee,Richfield Township Precinct 2,State House,48,DEM,Andalib Odulate,39
Genesee,Richfield Township Precinct 2,State House,48,DEM,Sheryl Y. Kennedy,509
Genesee,Richfield Township Precinct 2,State House,48,REP,David W. Martin,194
Genesee,Richfield Township Precinct 2,State House,48,REP,Sherri J. Cross,93
Genesee,Richfield Township Precinct 2,Surveyor,,DEM,Kim Carlson,485
Genesee,Richfield Township Precinct 2,U.S. House,5,DEM,Daniel T. Kildee,556
Genesee,Richfield Township Precinct 2,U.S. House,5,REP,Earl Lackie,57
Genesee,Richfield Township Precinct 2,U.S. House,5,REP,Tim Kelly,228
Genesee,Richfield Township Precinct 2,U.S. Senate,,DEM,Gary Peters,536
Genesee,Richfield Township Precinct 2,U.S. Senate,,REP,John James,314
Genesee,Richfield Township Precinct 3,Animal Control Shelter Millage Renewal Proposal,,,No,248
Genesee,Richfield Township Precinct 3,Animal Control Shelter Millage Renewal Proposal,,,Yes,392
Genesee,Richfield Township Precinct 3,Ballots Cast,,,,723
Genesee,Richfield Township Precinct 3,Circuit Court Judge,7,,Chris Christenson,219
Genesee,Richfield Township Precinct 3,Circuit Court Judge,7,,Herman Marable Jr.,70
Genesee,Richfield Township Precinct 3,Circuit Court Judge,7,,Stephanie Witucki,164
Genesee,Richfield Township Precinct 3,Clerk and Register of Deeds,,DEM,John J. Gleason,242
Genesee,Richfield Township Precinct 3,Clerk and Register of Deeds,,DEM,Renee' D. Watson,125
Genesee,Richfield Township Precinct 3,Clerk and Register of Deeds,,REP,Jesse Couch,235
Genesee,Richfield Township Precinct 3,County Commissioner,9,DEM,Ann Edwards,158
Genesee,Richfield Township Precinct 3,County Commissioner,9,DEM,Gary Peppin,198
Genesee,Richfield Township Precinct 3,County Commissioner,9,REP,Matthew Smith,224
Genesee,Richfield Township Precinct 3,County Treasurer,,DEM,Deborah Cherry,347
Genesee,Richfield Township Precinct 3,County Treasurer,,REP,Deborah Hoss,227
Genesee,Richfield Township Precinct 3,Drain Commissioner,,DEM,Jeff Wright,282
Genesee,Richfield Township Precinct 3,Drain Commissioner,,DEM,Travis R. Wines,80
Genesee,Richfield Township Precinct 3,Mass Transportation Authority Millage Replacement Proposal,,,No,295
Genesee,Richfield Township Precinct 3,Mass Transportation Authority Millage Replacement Proposal,,,Yes,350
Genesee,Richfield Township Precinct 3,Prosecuting Attorney,,DEM,David Leyton,286
Genesee,Richfield Township Precinct 3,Prosecuting Attorney,,DEM,Trachelle C. Young,89
Genesee,Richfield Township Precinct 3,Registered Voters,,,,2149
Genesee,Richfield Township Precinct 3,Richfield Township Clerk,,DEM,Teri Webber,342
Genesee,Richfield Township Precinct 3,Richfield Township Supervisor,,DEM,Adam Thrash,86
Genesee,Richfield Township Precinct 3,Richfield Township Supervisor,,DEM,Joseph M. Madore,279
Genesee,Richfield Township Precinct 3,Richfield Township Supervisor,,REP,Tim Candela,245
Genesee,Richfield Township Precinct 3,Richfield Township Treasurer,,DEM,Bill Brandon,178
Genesee,Richfield Township Precinct 3,Richfield Township Treasurer,,DEM,Kimberly S. Dowrie,181
Genesee,Richfield Township Precinct 3,Richfield Township Treasurer,,REP,Matt Morris,225
Genesee,Richfield Township Precinct 3,Richfield Township Trustee,,DEM,Gerald Charles Masters (W),66
Genesee,Richfield Township Precinct 3,Richfield Township Trustee,,DEM,Keith Pyles,329
Genesee,Richfield Township Precinct 3,Richfield Township Trustee,,REP,Scott Natzke,176
Genesee,Richfield Township Precinct 3,Richfield Township Trustee,,REP,Sherry J. Marden,171
Genesee,Richfield Township Precinct 3,Sheriff,,DEM,Christopher R. Swanson,257
Genesee,Richfield Township Precinct 3,Sheriff,,DEM,Phil Hart,60
Genesee,Richfield Township Precinct 3,Sheriff,,DEM,Timothy Johnson,62
Genesee,Richfield Township Precinct 3,Sheriff,,REP,Stephen Sanford,223
Genesee,Richfield Township Precinct 3,State House,48,DEM,Andalib Odulate,40
Genesee,Richfield Township Precinct 3,State House,48,DEM,Sheryl Y. Kennedy,333
Genesee,Richfield Township Precinct 3,State House,48,REP,David W. Martin,179
Genesee,Richfield Township Precinct 3,State House,48,REP,Sherri J. Cross,74
Genesee,Richfield Township Precinct 3,Surveyor,,DEM,Kim Carlson,330
Genesee,Richfield Township Precinct 3,U.S. House,5,DEM,Daniel T. Kildee,356
Genesee,Richfield Township Precinct 3,U.S. House,5,REP,Earl Lackie,51
Genesee,Richfield Township Precinct 3,U.S. House,5,REP,Tim Kelly,200
Genesee,Richfield Township Precinct 3,U.S. Senate,,DEM,Gary Peters,349
Genesee,Richfield Township Precinct 3,U.S. Senate,,REP,John James,271
Genesee,Thetford Township Precinct 1,Animal Control Shelter Millage Renewal Proposal,,,No,153
Genesee,Thetford Township Precinct 1,Animal Control Shelter Millage Renewal Proposal,,,Yes,217
Genesee,Thetford Township Precinct 1,Ballots Cast,,,,418
Genesee,Thetford Township Precinct 1,Circuit Court Judge,7,,Chris Christenson,104
Genesee,Thetford Township Precinct 1,Circuit Court Judge,7,,Herman Marable Jr.,52
Genesee,Thetford Township Precinct 1,Circuit Court Judge,7,,Stephanie Witucki,66
Genesee,Thetford Township Precinct 1,Clerk and Register of Deeds,,DEM,John J. Gleason,147
Genesee,Thetford Township Precinct 1,Clerk and Register of Deeds,,DEM,Renee' D. Watson,65
Genesee,Thetford Township Precinct 1,Clerk and Register of Deeds,,REP,Jesse Couch,109
Genesee,Thetford Township Precinct 1,Clio Area Schools Sinking Fund Millage Renewal Proposal,,,No,100
Genesee,Thetford Township Precinct 1,Clio Area Schools Sinking Fund Millage Renewal Proposal,,,Yes,47
Genesee,Thetford Township Precinct 1,County Commissioner,7,DEM,Martin L. Cousineau,190
Genesee,Thetford Township Precinct 1,County Commissioner,7,REP,Meredith Faye Davis (W),4
Genesee,Thetford Township Precinct 1,County Treasurer,,DEM,Deborah Cherry,192
Genesee,Thetford Township Precinct 1,County Treasurer,,REP,Deborah Hoss,105
Genesee,Thetford Township Precinct 1,Drain Commissioner,,DEM,Jeff Wright,148
Genesee,Thetford Township Precinct 1,Drain Commissioner,,DEM,Travis R. Wines,59
Genesee,Thetford Township Precinct 1,Mass Transportation Authority Millage Replacement Proposal,,,No,191
Genesee,Thetford Township Precinct 1,Mass Transportation Authority Millage Replacement Proposal,,,Yes,192
Genesee,Thetford Township Precinct 1,Prosecuting Attorney,,DEM,David Leyton,166
Genesee,Thetford Township Precinct 1,Prosecuting Attorney,,DEM,Trachelle C. Young,54
Genesee,Thetford Township Precinct 1,Registered Voters,,,,1756
Genesee,Thetford Township Precinct 1,Sheriff,,DEM,Christopher R. Swanson,135
Genesee,Thetford Township Precinct 1,Sheriff,,DEM,Phil Hart,57
Genesee,Thetford Township Precinct 1,Sheriff,,DEM,Timothy Johnson,29
Genesee,Thetford Township Precinct 1,Sheriff,,REP,Stephen Sanford,100
Genesee,Thetford Township Precinct 1,State House,48,DEM,Andalib Odulate,21
Genesee,Thetford Township Precinct 1,State House,48,DEM,Sheryl Y. Kennedy,177
Genesee,Thetford Township Precinct 1,State House,48,REP,David W. Martin,63
Genesee,Thetford Township Precinct 1,State House,48,REP,Sherri J. Cross,61
Genesee,Thetford Township Precinct 1,Surveyor,,DEM,Kim Carlson,185
Genesee,Thetford Township Precinct 1,Thetford Township Clerk,,DEM,Katie Ruth Hicks (W),23
Genesee,Thetford Township Precinct 1,Thetford Township Clerk,,REP,Nicole A. Moore,118
Genesee,Thetford Township Precinct 1,Thetford Township Supervisor,,DEM,Gary F. Stevens,159
Genesee,Thetford Township Precinct 1,Thetford Township Supervisor,,REP,Rachel A. Stanke,121
Genesee,Thetford Township Precinct 1,Thetford Township Treasurer,,DEM,Stacey Wells,167
Genesee,Thetford Township Precinct 1,Thetford Township Treasurer,,REP,Kristine M. Taylor,125
Genesee,Thetford Township Precinct 1,Thetford Township Trustee,,DEM,Eric Gunnels,125
Genesee,Thetford Township Precinct 1,Thetford Township Trustee,,DEM,John A. Congdon,136
Genesee,Thetford Township Precinct 1,Thetford Township Trustee,,REP,Jeffrey A. Gershinzon,89
Genesee,Thetford Township Precinct 1,Thetford Township Trustee,,REP,Julie A. Tack,91
Genesee,Thetford Township Precinct 1,Thetford Township Trustee,,REP,Ralph W. Henry,89
Genesee,Thetford Township Precinct 1,Thetford Township Trustee,,REP,Stanley J. Piechnik Sr.,75
Genesee,Thetford Township Precinct 1,U.S. House,5,DEM,Daniel T. Kildee,203
Genesee,Thetford Township Precinct 1,U.S. House,5,REP,Earl Lackie,43
Genesee,Thetford Township Precinct 1,U.S. House,5,REP,Tim Kelly,82
Genesee,Thetford Township Precinct 1,U.S. Senate,,DEM,Gary Peters,197
Genesee,Thetford Township Precinct 1,U.S. Senate,,REP,John James,140
Genesee,Thetford Township Precinct 2,Animal Control Shelter Millage Renewal Proposal,,,No,117
Genesee,Thetford Township Precinct 2,Animal Control Shelter Millage Renewal Proposal,,,Yes,147
Genesee,Thetford Township Precinct 2,Ballots Cast,,,,294
Genesee,Thetford Township Precinct 2,Circuit Court Judge,7,,Chris Christenson,91
Genesee,Thetford Township Precinct 2,Circuit Court Judge,7,,Herman Marable Jr.,42
Genesee,Thetford Township Precinct 2,Circuit Court Judge,7,,Stephanie Witucki,46
Genesee,Thetford Township Precinct 2,Clerk and Register of Deeds,,DEM,John J. Gleason,116
Genesee,Thetford Township Precinct 2,Clerk and Register of Deeds,,DEM,Renee' D. Watson,58
Genesee,Thetford Township Precinct 2,Clerk and Register of Deeds,,REP,Jesse Couch,73
Genesee,Thetford Township Precinct 2,Clio Area Schools Sinking Fund Millage Renewal Proposal,,,No,109
Genesee,Thetford Township Precinct 2,Clio Area Schools Sinking Fund Millage Renewal Proposal,,,Yes,73
Genesee,Thetford Township Precinct 2,County Commissioner,7,DEM,Martin L. Cousineau,147
Genesee,Thetford Township Precinct 2,County Commissioner,7,REP,Meredith Faye Davis (W),2
Genesee,Thetford Township Precinct 2,County Treasurer,,DEM,Deborah Cherry,149
Genesee,Thetford Township Precinct 2,County Treasurer,,REP,Deborah Hoss,69
Genesee,Thetford Township Precinct 2,Drain Commissioner,,DEM,Jeff Wright,113
Genesee,Thetford Township Precinct 2,Drain Commissioner,,DEM,Travis R. Wines,46
Genesee,Thetford Township Precinct 2,Mass Transportation Authority Millage Replacement Proposal,,,No,149
Genesee,Thetford Township Precinct 2,Mass Transportation Authority Millage Replacement Proposal,,,Yes,120
Genesee,Thetford Township Precinct 2,Prosecuting Attorney,,DEM,David Leyton,133
Genesee,Thetford Township Precinct 2,Prosecuting Attorney,,DEM,Trachelle C. Young,37
Genesee,Thetford Township Precinct 2,Registered Voters,,,,781
Genesee,Thetford Township Precinct 2,Sheriff,,DEM,Christopher R. Swanson,115
Genesee,Thetford Township Precinct 2,Sheriff,,DEM,Phil Hart,43
Genesee,Thetford Township Precinct 2,Sheriff,,DEM,Timothy Johnson,26
Genesee,Thetford Township Precinct 2,Sheriff,,REP,Stephen Sanford,66
Genesee,Thetford Township Precinct 2,State House,48,DEM,Andalib Odulate,19
Genesee,Thetford Township Precinct 2,State House,48,DEM,Sheryl Y. Kennedy,143
Genesee,Thetford Township Precinct 2,State House,48,REP,David W. Martin,59
Genesee,Thetford Township Precinct 2,State House,48,REP,Sherri J. Cross,23
Genesee,Thetford Township Precinct 2,Surveyor,,DEM,Kim Carlson,134
Genesee,Thetford Township Precinct 2,Thetford Township Clerk,,DEM,Katie Ruth Hicks (W),30
Genesee,Thetford Township Precinct 2,Thetford Township Clerk,,REP,Nicole A. Moore,79
Genesee,Thetford Township Precinct 2,Thetford Township Supervisor,,DEM,Gary F. Stevens,130
Genesee,Thetford Township Precinct 2,Thetford Township Supervisor,,REP,Rachel A. Stanke,76
Genesee,Thetford Township Precinct 2,Thetford Township Treasurer,,DEM,Stacey Wells,129
Genesee,Thetford Township Precinct 2,Thetford Township Treasurer,,REP,Kristine M. Taylor,78
Genesee,Thetford Township Precinct 2,Thetford Township Trustee,,DEM,Eric Gunnels,110
Genesee,Thetford Township Precinct 2,Thetford Township Trustee,,DEM,John A. Congdon,113
Genesee,Thetford Township Precinct 2,Thetford Township Trustee,,REP,Jeffrey A. Gershinzon,59
Genesee,Thetford Township Precinct 2,Thetford Township Trustee,,REP,Julie A. Tack,68
Genesee,Thetford Township Precinct 2,Thetford Township Trustee,,REP,Ralph W. Henry,63
Genesee,Thetford Township Precinct 2,Thetford Township Trustee,,REP,Stanley J. Piechnik Sr.,48
Genesee,Thetford Township Precinct 2,U.S. House,5,DEM,Daniel T. Kildee,153
Genesee,Thetford Township Precinct 2,U.S. House,5,REP,Earl Lackie,27
Genesee,Thetford Township Precinct 2,U.S. House,5,REP,Tim Kelly,56
Genesee,Thetford Township Precinct 2,U.S. Senate,,DEM,Gary Peters,153
Genesee,Thetford Township Precinct 2,U.S. Senate,,REP,John James,89
Genesee,Thetford Township Precinct 3,Animal Control Shelter Millage Renewal Proposal,,,No,173
Genesee,Thetford Township Precinct 3,Animal Control Shelter Millage Renewal Proposal,,,Yes,237
Genesee,Thetford Township Precinct 3,Ballots Cast,,,,460
Genesee,Thetford Township Precinct 3,Circuit Court Judge,7,,Chris Christenson,128
Genesee,Thetford Township Precinct 3,Circuit Court Judge,7,,Herman Marable Jr.,51
Genesee,Thetford Township Precinct 3,Circuit Court Judge,7,,Stephanie Witucki,75
Genesee,Thetford Township Precinct 3,Clerk and Register of Deeds,,DEM,John J. Gleason,169
Genesee,Thetford Township Precinct 3,Clerk and Register of Deeds,,DEM,Renee' D. Watson,77
Genesee,Thetford Township Precinct 3,Clerk and Register of Deeds,,REP,Jesse Couch,141
Genesee,Thetford Township Precinct 3,Clio Area Schools Sinking Fund Millage Renewal Proposal,,,No,86
Genesee,Thetford Township Precinct 3,Clio Area Schools Sinking Fund Millage Renewal Proposal,,,Yes,66
Genesee,Thetford Township Precinct 3,County Commissioner,7,DEM,Martin L. Cousineau,214
Genesee,Thetford Township Precinct 3,County Commissioner,7,REP,Meredith Faye Davis (W),4
Genesee,Thetford Township Precinct 3,County Treasurer,,DEM,Deborah Cherry,216
Genesee,Thetford Township Precinct 3,County Treasurer,,REP,Deborah Hoss,132
Genesee,Thetford Township Precinct 3,Drain Commissioner,,DEM,Jeff Wright,170
Genesee,Thetford Township Precinct 3,Drain Commissioner,,DEM,Travis R. Wines,56
Genesee,Thetford Township Precinct 3,Mass Transportation Authority Millage Replacement Proposal,,,No,224
Genesee,Thetford Township Precinct 3,Mass Transportation Authority Millage Replacement Proposal,,,Yes,209
Genesee,Thetford Township Precinct 3,Prosecuting Attorney,,DEM,David Leyton,178
Genesee,Thetford Township Precinct 3,Prosecuting Attorney,,DEM,Trachelle C. Young,62
Genesee,Thetford Township Precinct 3,Registered Voters,,,,1367
Genesee,Thetford Township Precinct 3,Sheriff,,DEM,Christopher R. Swanson,165
Genesee,Thetford Township Precinct 3,Sheriff,,DEM,Phil Hart,71
Genesee,Thetford Township Precinct 3,Sheriff,,DEM,Timothy Johnson,20
Genesee,Thetford Township Precinct 3,Sheriff,,REP,Stephen Sanford,128
Genesee,Thetford Township Precinct 3,State House,48,DEM,Andalib Odulate,15
Genesee,Thetford Township Precinct 3,State House,48,DEM,Sheryl Y. Kennedy,209
Genesee,Thetford Township Precinct 3,State House,48,REP,David W. Martin,84
Genesee,Thetford Township Precinct 3,State House,48,REP,Sherri J. Cross,63
Genesee,Thetford Township Precinct 3,Surveyor,,DEM,Kim Carlson,202
Genesee,Thetford Township Precinct 3,Thetford Township Clerk,,DEM,Katie Ruth Hicks (W),22
Genesee,Thetford Township Precinct 3,Thetford Township Clerk,,REP,Nicole A. Moore,139
Genesee,Thetford Township Precinct 3,Thetford Township Supervisor,,DEM,Gary F. Stevens,183
Genesee,Thetford Township Precinct 3,Thetford Township Supervisor,,REP,Rachel A. Stanke,142
Genesee,Thetford Township Precinct 3,Thetford Township Treasurer,,DEM,Stacey Wells,196
Genesee,Thetford Township Precinct 3,Thetford Township Treasurer,,REP,Kristine M. Taylor,139
Genesee,Thetford Township Precinct 3,Thetford Township Trustee,,DEM,Eric Gunnels,151
Genesee,Thetford Township Precinct 3,Thetford Township Trustee,,DEM,John A. Congdon,168
Genesee,Thetford Township Precinct 3,Thetford Township Trustee,,REP,Jeffrey A. Gershinzon,103
Genesee,Thetford Township Precinct 3,Thetford Township Trustee,,REP,Julie A. Tack,117
Genesee,Thetford Township Precinct 3,Thetford Township Trustee,,REP,Ralph W. Henry,113
Genesee,Thetford Township Precinct 3,Thetford Township Trustee,,REP,Stanley J. Piechnik Sr.,95
Genesee,Thetford Township Precinct 3,U.S. House,5,DEM,Daniel T. Kildee,222
Genesee,Thetford Township Precinct 3,U.S. House,5,REP,Earl Lackie,46
Genesee,Thetford Township Precinct 3,U.S. House,5,REP,Tim Kelly,102
Genesee,Thetford Township Precinct 3,U.S. Senate,,DEM,Gary Peters,220
Genesee,Thetford Township Precinct 3,U.S. Senate,,REP,John James,151
Genesee,Thetford Township Precinct 4,Animal Control Shelter Millage Renewal Proposal,,,No,169
Genesee,Thetford Township Precinct 4,Animal Control Shelter Millage Renewal Proposal,,,Yes,275
Genesee,Thetford Township Precinct 4,Ballots Cast,,,,506
Genesee,Thetford Township Precinct 4,Circuit Court Judge,7,,Chris Christenson,142
Genesee,Thetford Township Precinct 4,Circuit Court Judge,7,,Herman Marable Jr.,62
Genesee,Thetford Township Precinct 4,Circuit Court Judge,7,,Stephanie Witucki,91
Genesee,Thetford Township Precinct 4,Clerk and Register of Deeds,,DEM,John J. Gleason,166
Genesee,Thetford Township Precinct 4,Clerk and Register of Deeds,,DEM,Renee' D. Watson,89
Genesee,Thetford Township Precinct 4,Clerk and Register of Deeds,,REP,Jesse Couch,142
Genesee,Thetford Township Precinct 4,Clio Area Schools Sinking Fund Millage Renewal Proposal,,,No,250
Genesee,Thetford Township Precinct 4,Clio Area Schools Sinking Fund Millage Renewal Proposal,,,Yes,230
Genesee,Thetford Township Precinct 4,County Commissioner,7,DEM,Martin L. Cousineau,234
Genesee,Thetford Township Precinct 4,County Commissioner,7,REP,Meredith Faye Davis (W),7
Genesee,Thetford Township Precinct 4,County Treasurer,,DEM,Deborah Cherry,234
Genesee,Thetford Township Precinct 4,County Treasurer,,REP,Deborah Hoss,138
Genesee,Thetford Township Precinct 4,Drain Commissioner,,DEM,Jeff Wright,189
Genesee,Thetford Township Precinct 4,Drain Commissioner,,DEM,Travis R. Wines,56
Genesee,Thetford Township Precinct 4,Mass Transportation Authority Millage Replacement Proposal,,,No,239
Genesee,Thetford Township Precinct 4,Mass Transportation Authority Millage Replacement Proposal,,,Yes,237
Genesee,Thetford Township Precinct 4,Prosecuting Attorney,,DEM,David Leyton,189
Genesee,Thetford Township Precinct 4,Prosecuting Attorney,,DEM,Trachelle C. Young,72
Genesee,Thetford Township Precinct 4,Registered Voters,,,,1633
Genesee,Thetford Township Precinct 4,Sheriff,,DEM,Christopher R. Swanson,184
Genesee,Thetford Township Precinct 4,Sheriff,,DEM,Phil Hart,58
Genesee,Thetford Township Precinct 4,Sheriff,,DEM,Timothy Johnson,24
Genesee,Thetford Township Precinct 4,Sheriff,,REP,Stephen Sanford,136
Genesee,Thetford Township Precinct 4,State House,48,DEM,Andalib Odulate,28
Genesee,Thetford Township Precinct 4,State House,48,DEM,Sheryl Y. Kennedy,221
Genesee,Thetford Township Precinct 4,State House,48,REP,David W. Martin,108
Genesee,Thetford Township Precinct 4,State House,48,REP,Sherri J. Cross,58
Genesee,Thetford Township Precinct 4,Surveyor,,DEM,Kim Carlson,223
Genesee,Thetford Township Precinct 4,Thetford Township Clerk,,DEM,Katie Ruth Hicks (W),34
Genesee,Thetford Township Precinct 4,Thetford Township Clerk,,REP,Nicole A. Moore,156
Genesee,Thetford Township Precinct 4,Thetford Township Supervisor,,DEM,Gary F. Stevens,194
Genesee,Thetford Township Precinct 4,Thetford Township Supervisor,,REP,Rachel A. Stanke,157
Genesee,Thetford Township Precinct 4,Thetford Township Treasurer,,DEM,Stacey Wells,205
Genesee,Thetford Township Precinct 4,Thetford Township Treasurer,,REP,Kristine M. Taylor,164
Genesee,Thetford Township Precinct 4,Thetford Township Trustee,,DEM,Eric Gunnels,163
Genesee,Thetford Township Precinct 4,Thetford Township Trustee,,DEM,John A. Congdon,166
Genesee,Thetford Township Precinct 4,Thetford Township Trustee,,REP,Jeffrey A. Gershinzon,103
Genesee,Thetford Township Precinct 4,Thetford Township Trustee,,REP,Julie A. Tack,129
Genesee,Thetford Township Precinct 4,Thetford Township Trustee,,REP,Ralph W. Henry,115
Genesee,Thetford Township Precinct 4,Thetford Township Trustee,,REP,Stanley J. Piechnik Sr.,117
Genesee,Thetford Township Precinct 4,U.S. House,5,DEM,Daniel T. Kildee,242
Genesee,Thetford Township Precinct 4,U.S. House,5,REP,Earl Lackie,37
Genesee,Thetford Township Precinct 4,U.S. House,5,REP,Tim Kelly,130
Genesee,Thetford Township Precinct 4,U.S. Senate,,DEM,Gary Peters,236
Genesee,Thetford Township Precinct 4,U.S. Senate,,REP,John James,183
Genesee,Vienna Township Precinct 1,Animal Control Shelter Millage Renewal Proposal,,,No,230
Genesee,Vienna Township Precinct 1,Animal Control Shelter Millage Renewal Proposal,,,Yes,490
Genesee,Vienna Township Precinct 1,Ballots Cast,,,,801
Genesee,Vienna Township Precinct 1,Circuit Court Judge,7,,Chris Christenson,271
Genesee,Vienna Township Precinct 1,Circuit Court Judge,7,,Herman Marable Jr.,93
Genesee,Vienna Township Precinct 1,Circuit Court Judge,7,,Stephanie Witucki,132
Genesee,Vienna Township Precinct 1,Clerk and Register of Deeds,,DEM,John J. Gleason,305
Genesee,Vienna Township Precinct 1,Clerk and Register of Deeds,,DEM,Renee' D. Watson,152
Genesee,Vienna Township Precinct 1,Clerk and Register of Deeds,,REP,Jesse Couch,209
Genesee,Vienna Township Precinct 1,Clio Area Schools Sinking Fund Millage Renewal Proposal,,,No,299
Genesee,Vienna Township Precinct 1,Clio Area Schools Sinking Fund Millage Renewal Proposal,,,Yes,426
Genesee,Vienna Township Precinct 1,County Commissioner,7,DEM,Martin L. Cousineau,427
Genesee,Vienna Township Precinct 1,County Commissioner,7,REP,Meredith Faye Davis (W),18
Genesee,Vienna Township Precinct 1,County Treasurer,,DEM,Deborah Cherry,443
Genesee,Vienna Township Precinct 1,County Treasurer,,REP,Deborah Hoss,202
Genesee,Vienna Township Precinct 1,Drain Commissioner,,DEM,Jeff Wright,350
Genesee,Vienna Township Precinct 1,Drain Commissioner,,DEM,Travis R. Wines,91
Genesee,Vienna Township Precinct 1,Mass Transportation Authority Millage Replacement Proposal,,,No,332
Genesee,Vienna Township Precinct 1,Mass Transportation Authority Millage Replacement Proposal,,,Yes,431
Genesee,Vienna Township Precinct 1,Prosecuting Attorney,,DEM,David Leyton,375
Genesee,Vienna Township Precinct 1,Prosecuting Attorney,,DEM,Trachelle C. Young,93
Genesee,Vienna Township Precinct 1,Registered Voters,,,,2182
Genesee,Vienna Township Precinct 1,Sheriff,,DEM,Christopher R. Swanson,333
Genesee,Vienna Township Precinct 1,Sheriff,,DEM,Phil Hart,75
Genesee,Vienna Township Precinct 1,Sheriff,,DEM,Timothy Johnson,50
Genesee,Vienna Township Precinct 1,Sheriff,,REP,Stephen Sanford,189
Genesee,Vienna Township Precinct 1,State House,48,DEM,Andalib Odulate,25
Genesee,Vienna Township Precinct 1,State House,48,DEM,Sheryl Y. Kennedy,421
Genesee,Vienna Township Precinct 1,State House,48,REP,David W. Martin,161
Genesee,Vienna Township Precinct 1,State House,48,REP,Sherri J. Cross,78
Genesee,Vienna Township Precinct 1,Surveyor,,DEM,Kim Carlson,413
Genesee,Vienna Township Precinct 1,U.S. House,5,DEM,Daniel T. Kildee,455
Genesee,Vienna Township Precinct 1,U.S. House,5,REP,Earl Lackie,68
Genesee,Vienna Township Precinct 1,U.S. House,5,REP,Tim Kelly,178
Genesee,Vienna Township Precinct 1,U.S. Senate,,DEM,Gary Peters,454
Genesee,Vienna Township Precinct 1,U.S. Senate,,REP,John James,269
Genesee,Vienna Township Precinct 1,Vienna Township Clerk,,DEM,Cynthia J. Bryan,414
Genesee,Vienna Township Precinct 1,Vienna Township Supervisor,,DEM,Joseph A. Rizk,414
Genesee,Vienna Township Precinct 1,Vienna Township Treasurer,,DEM,Pam Faris,417
Genesee,Vienna Township Precinct 1,Vienna Township Trustee,,DEM,Bob Vansickle,312
Genesee,Vienna Township Precinct 1,Vienna Township Trustee,,DEM,Kerry Paulson,338
Genesee,Vienna Township Precinct 1,Vienna Township Trustee,,DEM,Nancy Belill,365
Genesee,Vienna Township Precinct 1,Vienna Township Trustee,,DEM,Sue Thomas,346
Genesee,Vienna Township Precinct 1,Vienna Township Trustee,,REP,Jeff Thomas,162
Genesee,Vienna Township Precinct 1,Vienna Township Trustee,,REP,Laura Patterson,158
Genesee,Vienna Township Precinct 1,Vienna Township Trustee,,REP,Sheryllynn Russo,140
Genesee,Vienna Township Precinct 2,Animal Control Shelter Millage Renewal Proposal,,,No,194
Genesee,Vienna Township Precinct 2,Animal Control Shelter Millage Renewal Proposal,,,Yes,366
Genesee,Vienna Township Precinct 2,Ballots Cast,,,,610
Genesee,Vienna Township Precinct 2,Circuit Court Judge,7,,Chris Christenson,224
Genesee,Vienna Township Precinct 2,Circuit Court Judge,7,,Herman Marable Jr.,58
Genesee,Vienna Township Precinct 2,Circuit Court Judge,7,,Stephanie Witucki,124
Genesee,Vienna Township Precinct 2,Clerk and Register of Deeds,,DEM,John J. Gleason,256
Genesee,Vienna Township Precinct 2,Clerk and Register of Deeds,,DEM,Renee' D. Watson,105
Genesee,Vienna Township Precinct 2,Clerk and Register of Deeds,,REP,Jesse Couch,169
Genesee,Vienna Township Precinct 2,Clio Area Schools Sinking Fund Millage Renewal Proposal,,,No,280
Genesee,Vienna Township Precinct 2,Clio Area Schools Sinking Fund Millage Renewal Proposal,,,Yes,309
Genesee,Vienna Township Precinct 2,County Commissioner,7,DEM,Martin L. Cousineau,324
Genesee,Vienna Township Precinct 2,County Commissioner,7,REP,Meredith Faye Davis (W),9
Genesee,Vienna Township Precinct 2,County Treasurer,,DEM,Deborah Cherry,334
Genesee,Vienna Township Precinct 2,County Treasurer,,REP,Deborah Hoss,169
Genesee,Vienna Township Precinct 2,Drain Commissioner,,DEM,Jeff Wright,253
Genesee,Vienna Township Precinct 2,Drain Commissioner,,DEM,Travis R. Wines,87
Genesee,Vienna Township Precinct 2,Mass Transportation Authority Millage Replacement Proposal,,,No,278
Genesee,Vienna Township Precinct 2,Mass Transportation Authority Millage Replacement Proposal,,,Yes,302
Genesee,Vienna Township Precinct 2,Prosecuting Attorney,,DEM,David Leyton,294
Genesee,Vienna Township Precinct 2,Prosecuting Attorney,,DEM,Trachelle C. Young,68
Genesee,Vienna Township Precinct 2,Registered Voters,,,,2079
Genesee,Vienna Township Precinct 2,Sheriff,,DEM,Christopher R. Swanson,273
Genesee,Vienna Township Precinct 2,Sheriff,,DEM,Phil Hart,67
Genesee,Vienna Township Precinct 2,Sheriff,,DEM,Timothy Johnson,26
Genesee,Vienna Township Precinct 2,Sheriff,,REP,Stephen Sanford,161
Genesee,Vienna Township Precinct 2,State House,48,DEM,Andalib Odulate,26
Genesee,Vienna Township Precinct 2,State House,48,DEM,Sheryl Y. Kennedy,317
Genesee,Vienna Township Precinct 2,State House,48,REP,David W. Martin,116
Genesee,Vienna Township Precinct 2,State House,48,REP,Sherri J. Cross,63
Genesee,Vienna Township Precinct 2,Surveyor,,DEM,Kim Carlson,319
Genesee,Vienna Township Precinct 2,U.S. House,5,DEM,Daniel T. Kildee,338
Genesee,Vienna Township Precinct 2,U.S. House,5,REP,Earl Lackie,35
Genesee,Vienna Township Precinct 2,U.S. House,5,REP,Tim Kelly,143
Genesee,Vienna Township Precinct 2,U.S. Senate,,DEM,Gary Peters,338
Genesee,Vienna Township Precinct 2,U.S. Senate,,REP,John James,187
Genesee,Vienna Township Precinct 2,Vienna Township Clerk,,DEM,Cynthia J. Bryan,317
Genesee,Vienna Township Precinct 2,Vienna Township Supervisor,,DEM,Joseph A. Rizk,319
Genesee,Vienna Township Precinct 2,Vienna Township Treasurer,,DEM,Pam Faris,319
Genesee,Vienna Township Precinct 2,Vienna Township Trustee,,DEM,Bob Vansickle,251
Genesee,Vienna Township Precinct 2,Vienna Township Trustee,,DEM,Kerry Paulson,264
Genesee,Vienna Township Precinct 2,Vienna Township Trustee,,DEM,Nancy Belill,280
Genesee,Vienna Township Precinct 2,Vienna Township Trustee,,DEM,Sue Thomas,266
Genesee,Vienna Township Precinct 2,Vienna Township Trustee,,REP,Jeff Thomas,124
Genesee,Vienna Township Precinct 2,Vienna Township Trustee,,REP,Laura Patterson,131
Genesee,Vienna Township Precinct 2,Vienna Township Trustee,,REP,Sheryllynn Russo,113
Genesee,Vienna Township Precinct 3,Animal Control Shelter Millage Renewal Proposal,,,No,203
Genesee,Vienna Township Precinct 3,Animal Control Shelter Millage Renewal Proposal,,,Yes,463
Genesee,Vienna Township Precinct 3,Ballots Cast,,,,745
Genesee,Vienna Township Precinct 3,Circuit Court Judge,7,,Chris Christenson,231
Genesee,Vienna Township Precinct 3,Circuit Court Judge,7,,Herman Marable Jr.,74
Genesee,Vienna Township Precinct 3,Circuit Court Judge,7,,Stephanie Witucki,165
Genesee,Vienna Township Precinct 3,Clerk and Register of Deeds,,DEM,John J. Gleason,284
Genesee,Vienna Township Precinct 3,Clerk and Register of Deeds,,DEM,Renee' D. Watson,160
Genesee,Vienna Township Precinct 3,Clerk and Register of Deeds,,REP,Jesse Couch,189
Genesee,Vienna Township Precinct 3,Clio Area Schools Sinking Fund Millage Renewal Proposal,,,No,291
Genesee,Vienna Township Precinct 3,Clio Area Schools Sinking Fund Millage Renewal Proposal,,,Yes,428
Genesee,Vienna Township Precinct 3,County Commissioner,7,DEM,Martin L. Cousineau,412
Genesee,Vienna Township Precinct 3,County Commissioner,7,REP,Meredith Faye Davis (W),14
Genesee,Vienna Township Precinct 3,County Treasurer,,DEM,Deborah Cherry,425
Genesee,Vienna Township Precinct 3,County Treasurer,,REP,Deborah Hoss,181
Genesee,Vienna Township Precinct 3,Drain Commissioner,,DEM,Jeff Wright,342
Genesee,Vienna Township Precinct 3,Drain Commissioner,,DEM,Travis R. Wines,80
Genesee,Vienna Township Precinct 3,Mass Transportation Authority Millage Replacement Proposal,,,No,282
Genesee,Vienna Township Precinct 3,Mass Transportation Authority Millage Replacement Proposal,,,Yes,429
Genesee,Vienna Township Precinct 3,Prosecuting Attorney,,DEM,David Leyton,324
Genesee,Vienna Township Precinct 3,Prosecuting Attorney,,DEM,Trachelle C. Young,119
Genesee,Vienna Township Precinct 3,Registered Voters,,,,2636
Genesee,Vienna Township Precinct 3,Sheriff,,DEM,Christopher R. Swanson,298
Genesee,Vienna Township Precinct 3,Sheriff,,DEM,Phil Hart,85
Genesee,Vienna Township Precinct 3,Sheriff,,DEM,Timothy Johnson,58
Genesee,Vienna Township Precinct 3,Sheriff,,REP,Stephen Sanford,178
Genesee,Vienna Township Precinct 3,State House,48,DEM,Andalib Odulate,32
Genesee,Vienna Township Precinct 3,State House,48,DEM,Sheryl Y. Kennedy,400
Genesee,Vienna Township Precinct 3,State House,48,REP,David W. Martin,126
Genesee,Vienna Township Precinct 3,State House,48,REP,Sherri J. Cross,91
Genesee,Vienna Township Precinct 3,Surveyor,,DEM,Kim Carlson,406
Genesee,Vienna Township Precinct 3,U.S. House,5,DEM,Daniel T. Kildee,424
Genesee,Vienna Township Precinct 3,U.S. House,5,REP,Earl Lackie,65
Genesee,Vienna Township Precinct 3,U.S. House,5,REP,Tim Kelly,152
Genesee,Vienna Township Precinct 3,U.S. Senate,,DEM,Gary Peters,429
Genesee,Vienna Township Precinct 3,U.S. Senate,,REP,John James,232
Genesee,Vienna Township Precinct 3,Vienna Township Clerk,,DEM,Cynthia J. Bryan,404
Genesee,Vienna Township Precinct 3,Vienna Township Supervisor,,DEM,Joseph A. Rizk,408
Genesee,Vienna Township Precinct 3,Vienna Township Treasurer,,DEM,Pam Faris,402
Genesee,Vienna Township Precinct 3,Vienna Township Trustee,,DEM,Bob Vansickle,328
Genesee,Vienna Township Precinct 3,Vienna Township Trustee,,DEM,Kerry Paulson,347
Genesee,Vienna Township Precinct 3,Vienna Township Trustee,,DEM,Nancy Belill,353
Genesee,Vienna Township Precinct 3,Vienna Township Trustee,,DEM,Sue Thomas,368
Genesee,Vienna Township Precinct 3,Vienna Township Trustee,,REP,Jeff Thomas,156
Genesee,Vienna Township Precinct 3,Vienna Township Trustee,,REP,Laura Patterson,138
Genesee,Vienna Township Precinct 3,Vienna Township Trustee,,REP,Sheryllynn Russo,127
Genesee,Vienna Township Precinct 4,Animal Control Shelter Millage Renewal Proposal,,,No,184
Genesee,Vienna Township Precinct 4,Animal Control Shelter Millage Renewal Proposal,,,Yes,400
Genesee,Vienna Township Precinct 4,Ballots Cast,,,,631
Genesee,Vienna Township Precinct 4,Circuit Court Judge,7,,Chris Christenson,213
Genesee,Vienna Township Precinct 4,Circuit Court Judge,7,,Herman Marable Jr.,96
Genesee,Vienna Township Precinct 4,Circuit Court Judge,7,,Stephanie Witucki,129
Genesee,Vienna Township Precinct 4,Clerk and Register of Deeds,,DEM,John J. Gleason,262
Genesee,Vienna Township Precinct 4,Clerk and Register of Deeds,,DEM,Renee' D. Watson,116
Genesee,Vienna Township Precinct 4,Clerk and Register of Deeds,,REP,Jesse Couch,146
Genesee,Vienna Township Precinct 4,Clio Area Schools Sinking Fund Millage Renewal Proposal,,,No,230
Genesee,Vienna Township Precinct 4,Clio Area Schools Sinking Fund Millage Renewal Proposal,,,Yes,284
Genesee,Vienna Township Precinct 4,County Commissioner,8,DEM,Debra Newman,240
Genesee,Vienna Township Precinct 4,County Commissioner,8,DEM,Ted Henry,123
Genesee,Vienna Township Precinct 4,County Commissioner,8,REP,Rod Shumaker,145
Genesee,Vienna Township Precinct 4,County Treasurer,,DEM,Deborah Cherry,351
Genesee,Vienna Township Precinct 4,County Treasurer,,REP,Deborah Hoss,142
Genesee,Vienna Township Precinct 4,Drain Commissioner,,DEM,Jeff Wright,279
Genesee,Vienna Township Precinct 4,Drain Commissioner,,DEM,Travis R. Wines,83
Genesee,Vienna Township Precinct 4,Mass Transportation Authority Millage Replacement Proposal,,,No,275
Genesee,Vienna Township Precinct 4,Mass Transportation Authority Millage Replacement Proposal,,,Yes,335
Genesee,Vienna Township Precinct 4,Prosecuting Attorney,,DEM,David Leyton,289
Genesee,Vienna Township Precinct 4,Prosecuting Attorney,,DEM,Trachelle C. Young,84
Genesee,Vienna Township Precinct 4,Registered Voters,,,,2097
Genesee,Vienna Township Precinct 4,Sheriff,,DEM,Christopher R. Swanson,295
Genesee,Vienna Township Precinct 4,Sheriff,,DEM,Phil Hart,48
Genesee,Vienna Township Precinct 4,Sheriff,,DEM,Timothy Johnson,39
Genesee,Vienna Township Precinct 4,Sheriff,,REP,Stephen Sanford,146
Genesee,Vienna Township Precinct 4,State House,48,DEM,Andalib Odulate,36
Genesee,Vienna Township Precinct 4,State House,48,DEM,Sheryl Y. Kennedy,320
Genesee,Vienna Township Precinct 4,State House,48,REP,David W. Martin,115
Genesee,Vienna Township Precinct 4,State House,48,REP,Sherri J. Cross,50
Genesee,Vienna Township Precinct 4,Surveyor,,DEM,Kim Carlson,330
Genesee,Vienna Township Precinct 4,U.S. House,5,DEM,Daniel T. Kildee,359
Genesee,Vienna Township Precinct 4,U.S. House,5,REP,Earl Lackie,33
Genesee,Vienna Township Precinct 4,U.S. House,5,REP,Tim Kelly,131
Genesee,Vienna Township Precinct 4,U.S. Senate,,DEM,Gary Peters,365
Genesee,Vienna Township Precinct 4,U.S. Senate,,REP,John James,183
Genesee,Vienna Township Precinct 4,Vienna Township Clerk,,DEM,Cynthia J. Bryan,350
Genesee,Vienna Township Precinct 4,Vienna Township Supervisor,,DEM,Joseph A. Rizk,340
Genesee,Vienna Township Precinct 4,Vienna Township Treasurer,,DEM,Pam Faris,339
Genesee,Vienna Township Precinct 4,Vienna Township Trustee,,DEM,Bob Vansickle,271
Genesee,Vienna Township Precinct 4,Vienna Township Trustee,,DEM,Kerry Paulson,285
Genesee,Vienna Township Precinct 4,Vienna Township Trustee,,DEM,Nancy Belill,306
Genesee,Vienna Township Precinct 4,Vienna Township Trustee,,DEM,Sue Thomas,295
Genesee,Vienna Township Precinct 4,Vienna Township Trustee,,REP,Jeff Thomas,125
Genesee,Vienna Township Precinct 4,Vienna Township Trustee,,REP,Laura Patterson,119
Genesee,Vienna Township Precinct 4,Vienna Township Trustee,,REP,Sheryllynn Russo,111
Genesee,Vienna Township Precinct 5,Animal Control Shelter Millage Renewal Proposal,,,No,143
Genesee,Vienna Township Precinct 5,Animal Control Shelter Millage Renewal Proposal,,,Yes,317
Genesee,Vienna Township Precinct 5,Ballots Cast,,,,506
Genesee,Vienna Township Precinct 5,Circuit Court Judge,7,,Chris Christenson,174
Genesee,Vienna Township Precinct 5,Circuit Court Judge,7,,Herman Marable Jr.,44
Genesee,Vienna Township Precinct 5,Circuit Court Judge,7,,Stephanie Witucki,114
Genesee,Vienna Township Precinct 5,Clerk and Register of Deeds,,DEM,John J. Gleason,185
Genesee,Vienna Township Precinct 5,Clerk and Register of Deeds,,DEM,Renee' D. Watson,93
Genesee,Vienna Township Precinct 5,Clerk and Register of Deeds,,REP,Jesse Couch,114
Genesee,Vienna Township Precinct 5,Clio Area Schools Sinking Fund Millage Renewal Proposal,,,No,194
Genesee,Vienna Township Precinct 5,Clio Area Schools Sinking Fund Millage Renewal Proposal,,,Yes,262
Genesee,Vienna Township Precinct 5,County Commissioner,7,DEM,Martin L. Cousineau,260
Genesee,Vienna Township Precinct 5,County Commissioner,7,REP,Meredith Faye Davis (W),8
Genesee,Vienna Township Precinct 5,County Treasurer,,DEM,Deborah Cherry,259
Genesee,Vienna Township Precinct 5,County Treasurer,,REP,Deborah Hoss,115
Genesee,Vienna Township Precinct 5,Drain Commissioner,,DEM,Jeff Wright,213
Genesee,Vienna Township Precinct 5,Drain Commissioner,,DEM,Travis R. Wines,53
Genesee,Vienna Township Precinct 5,Mass Transportation Authority Millage Replacement Proposal,,,No,211
Genesee,Vienna Township Precinct 5,Mass Transportation Authority Millage Replacement Proposal,,,Yes,268
Genesee,Vienna Township Precinct 5,Prosecuting Attorney,,DEM,David Leyton,232
Genesee,Vienna Township Precinct 5,Prosecuting Attorney,,DEM,Trachelle C. Young,47
Genesee,Vienna Township Precinct 5,Registered Voters,,,,1372
Genesee,Vienna Township Precinct 5,Sheriff,,DEM,Christopher R. Swanson,229
Genesee,Vienna Township Precinct 5,Sheriff,,DEM,Phil Hart,49
Genesee,Vienna Township Precinct 5,Sheriff,,DEM,Timothy Johnson,12
Genesee,Vienna Township Precinct 5,Sheriff,,REP,Stephen Sanford,115
Genesee,Vienna Township Precinct 5,State House,48,DEM,Andalib Odulate,16
Genesee,Vienna Township Precinct 5,State House,48,DEM,Sheryl Y. Kennedy,249
Genesee,Vienna Township Precinct 5,State House,48,REP,David W. Martin,81
Genesee,Vienna Township Precinct 5,State House,48,REP,Sherri J. Cross,57
Genesee,Vienna Township Precinct 5,Surveyor,,DEM,Kim Carlson,248
Genesee,Vienna Township Precinct 5,U.S. House,5,DEM,Daniel T. Kildee,264
Genesee,Vienna Township Precinct 5,U.S. House,5,REP,Earl Lackie,41
Genesee,Vienna Township Precinct 5,U.S. House,5,REP,Tim Kelly,101
Genesee,Vienna Township Precinct 5,U.S. Senate,,DEM,Gary Peters,263
Genesee,Vienna Township Precinct 5,U.S. Senate,,REP,John James,148
Genesee,Vienna Township Precinct 5,Vienna Township Clerk,,DEM,Cynthia J. Bryan,244
Genesee,Vienna Township Precinct 5,Vienna Township Supervisor,,DEM,Joseph A. Rizk,246
Genesee,Vienna Township Precinct 5,Vienna Township Treasurer,,DEM,Pam Faris,248
Genesee,Vienna Township Precinct 5,Vienna Township Trustee,,DEM,Bob Vansickle,220
Genesee,Vienna Township Precinct 5,Vienna Township Trustee,,DEM,Kerry Paulson,215
Genesee,Vienna Township Precinct 5,Vienna Township Trustee,,DEM,Nancy Belill,219
Genesee,Vienna Township Precinct 5,Vienna Township Trustee,,DEM,Sue Thomas,218
Genesee,Vienna Township Precinct 5,Vienna Township Trustee,,REP,Jeff Thomas,110
Genesee,Vienna Township Precinct 5,Vienna Township Trustee,,REP,Laura Patterson,94
Genesee,Vienna Township Precinct 5,Vienna Township Trustee,,REP,Sheryllynn Russo,91
