county,precinct,office,district,party,candidate,votes
Washtenaw,"City of Ann Arbor, Ward 1, Precinct 1",Registered Voters,,,,1866
Washtenaw,"City of Ann Arbor, Ward 1, Precinct 1",Ballots Cast,,,,637
Washtenaw,"City of Ann Arbor, Ward 1, Precinct 1",President,,DEM,Michael Bennet,0
Washtenaw,"City of Ann Arbor, Ward 1, Precinct 1",President,,DEM,Joe Biden,188
Washtenaw,"City of Ann Arbor, Ward 1, Precinct 1",President,,DEM,Michael R. Bloomberg,0
Washtenaw,"City of Ann Arbor, Ward 1, Precinct 1",President,,DEM,Cory Booker,0
Washtenaw,"City of Ann Arbor, Ward 1, Precinct 1",President,,DEM,Pete Buttigieg,0
Washtenaw,"City of Ann Arbor, Ward 1, Precinct 1",President,,DEM,Julian Castro,0
Washtenaw,"City of Ann Arbor, Ward 1, Precinct 1",President,,DEM,John Delaney,0
Washtenaw,"City of Ann Arbor, Ward 1, Precinct 1",President,,DEM,Tulsi Gabbard,0
Washtenaw,"City of Ann Arbor, Ward 1, Precinct 1",President,,DEM,Amy Klobuchar,0
Washtenaw,"City of Ann Arbor, Ward 1, Precinct 1",President,,DEM,Bernie Sanders,432
Washtenaw,"City of Ann Arbor, Ward 1, Precinct 1",President,,DEM,Joe Sestak,0
Washtenaw,"City of Ann Arbor, Ward 1, Precinct 1",President,,DEM,Tom Steyer,0
Washtenaw,"City of Ann Arbor, Ward 1, Precinct 1",President,,DEM,Elizabeth Warren,2
Washtenaw,"City of Ann Arbor, Ward 1, Precinct 1",President,,DEM,Marianne Williamson,0
Washtenaw,"City of Ann Arbor, Ward 1, Precinct 1",President,,DEM,Andrew Yang,1
Washtenaw,"City of Ann Arbor, Ward 1, Precinct 1",President,,DEM,Uncommitted,0
Washtenaw,"City of Ann Arbor, Ward 1, Precinct 1",President,,REP,Mark Sanford,1
Washtenaw,"City of Ann Arbor, Ward 1, Precinct 1",President,,REP,Donald J. Trump,11
Washtenaw,"City of Ann Arbor, Ward 1, Precinct 1",President,,REP,Joe Walsh,0
Washtenaw,"City of Ann Arbor, Ward 1, Precinct 1",President,,REP,Bill Weld,2
Washtenaw,"City of Ann Arbor, Ward 1, Precinct 1",President,,REP,Uncommitted,0
Washtenaw,"City of Ann Arbor, Ward 1, Precinct 1",Washtenaw Community College Millage Renewal and Restoration,,,Yes,465
Washtenaw,"City of Ann Arbor, Ward 1, Precinct 1",Washtenaw Community College Millage Renewal and Restoration,,,No,72
Washtenaw,"City of Ann Arbor, Ward 1, Precinct 10",Registered Voters,,,,2281
Washtenaw,"City of Ann Arbor, Ward 1, Precinct 10",Ballots Cast,,,,987
Washtenaw,"City of Ann Arbor, Ward 1, Precinct 10",President,,DEM,Michael Bennet,0
Washtenaw,"City of Ann Arbor, Ward 1, Precinct 10",President,,DEM,Joe Biden,409
Washtenaw,"City of Ann Arbor, Ward 1, Precinct 10",President,,DEM,Michael R. Bloomberg,14
Washtenaw,"City of Ann Arbor, Ward 1, Precinct 10",President,,DEM,Cory Booker,2
Washtenaw,"City of Ann Arbor, Ward 1, Precinct 10",President,,DEM,Pete Buttigieg,8
Washtenaw,"City of Ann Arbor, Ward 1, Precinct 10",President,,DEM,Julian Castro,0
Washtenaw,"City of Ann Arbor, Ward 1, Precinct 10",President,,DEM,John Delaney,0
Washtenaw,"City of Ann Arbor, Ward 1, Precinct 10",President,,DEM,Tulsi Gabbard,3
Washtenaw,"City of Ann Arbor, Ward 1, Precinct 10",President,,DEM,Amy Klobuchar,5
Washtenaw,"City of Ann Arbor, Ward 1, Precinct 10",President,,DEM,Bernie Sanders,454
Washtenaw,"City of Ann Arbor, Ward 1, Precinct 10",President,,DEM,Joe Sestak,1
Washtenaw,"City of Ann Arbor, Ward 1, Precinct 10",President,,DEM,Tom Steyer,2
Washtenaw,"City of Ann Arbor, Ward 1, Precinct 10",President,,DEM,Elizabeth Warren,39
Washtenaw,"City of Ann Arbor, Ward 1, Precinct 10",President,,DEM,Marianne Williamson,0
Washtenaw,"City of Ann Arbor, Ward 1, Precinct 10",President,,DEM,Andrew Yang,0
Washtenaw,"City of Ann Arbor, Ward 1, Precinct 10",President,,DEM,Uncommitted,3
Washtenaw,"City of Ann Arbor, Ward 1, Precinct 10",President,,REP,Mark Sanford,0
Washtenaw,"City of Ann Arbor, Ward 1, Precinct 10",President,,REP,Donald J. Trump,34
Washtenaw,"City of Ann Arbor, Ward 1, Precinct 10",President,,REP,Joe Walsh,0
Washtenaw,"City of Ann Arbor, Ward 1, Precinct 10",President,,REP,Bill Weld,2
Washtenaw,"City of Ann Arbor, Ward 1, Precinct 10",President,,REP,Uncommitted,2
Washtenaw,"City of Ann Arbor, Ward 1, Precinct 10",Washtenaw Community College Millage Renewal and Restoration,,,Yes,779
Washtenaw,"City of Ann Arbor, Ward 1, Precinct 10",Washtenaw Community College Millage Renewal and Restoration,,,No,155
Washtenaw,"Pittsfield Charter Township, Precinct 4",Registered Voters,,,,2379
Washtenaw,"Pittsfield Charter Township, Precinct 4",Ballots Cast,,,,798
Washtenaw,"Pittsfield Charter Township, Precinct 4",President,,DEM,Michael Bennet,1
Washtenaw,"Pittsfield Charter Township, Precinct 4",President,,DEM,Joe Biden,281
Washtenaw,"Pittsfield Charter Township, Precinct 4",President,,DEM,Michael R. Bloomberg,15
Washtenaw,"Pittsfield Charter Township, Precinct 4",President,,DEM,Cory Booker,0
Washtenaw,"Pittsfield Charter Township, Precinct 4",President,,DEM,Pete Buttigieg,3
Washtenaw,"Pittsfield Charter Township, Precinct 4",President,,DEM,Julian Castro,0
Washtenaw,"Pittsfield Charter Township, Precinct 4",President,,DEM,John Delaney,0
Washtenaw,"Pittsfield Charter Township, Precinct 4",President,,DEM,Tulsi Gabbard,4
Washtenaw,"Pittsfield Charter Township, Precinct 4",President,,DEM,Amy Klobuchar,1
Washtenaw,"Pittsfield Charter Township, Precinct 4",President,,DEM,Bernie Sanders,410
Washtenaw,"Pittsfield Charter Township, Precinct 4",President,,DEM,Joe Sestak,0
Washtenaw,"Pittsfield Charter Township, Precinct 4",President,,DEM,Tom Steyer,0
Washtenaw,"Pittsfield Charter Township, Precinct 4",President,,DEM,Elizabeth Warren,8
Washtenaw,"Pittsfield Charter Township, Precinct 4",President,,DEM,Marianne Williamson,0
Washtenaw,"Pittsfield Charter Township, Precinct 4",President,,DEM,Andrew Yang,1
Washtenaw,"Pittsfield Charter Township, Precinct 4",President,,DEM,Uncommitted,4
Washtenaw,"Pittsfield Charter Township, Precinct 4",President,,REP,Mark Sanford,2
Washtenaw,"Pittsfield Charter Township, Precinct 4",President,,REP,Donald J. Trump,45
Washtenaw,"Pittsfield Charter Township, Precinct 4",President,,REP,Joe Walsh,0
Washtenaw,"Pittsfield Charter Township, Precinct 4",President,,REP,Bill Weld,2
Washtenaw,"Pittsfield Charter Township, Precinct 4",President,,REP,Uncommitted,6
Washtenaw,"Pittsfield Charter Township, Precinct 4",Washtenaw Community College Millage Renewal and Restoration,,,Yes,592
Washtenaw,"Pittsfield Charter Township, Precinct 4",Washtenaw Community College Millage Renewal and Restoration,,,No,158
Washtenaw,"Pittsfield Charter Township, Precinct 5",Registered Voters,,,,1360
Washtenaw,"Pittsfield Charter Township, Precinct 5",Ballots Cast,,,,615
Washtenaw,"Pittsfield Charter Township, Precinct 5",President,,DEM,Michael Bennet,0
Washtenaw,"Pittsfield Charter Township, Precinct 5",President,,DEM,Joe Biden,281
Washtenaw,"Pittsfield Charter Township, Precinct 5",President,,DEM,Michael R. Bloomberg,12
Washtenaw,"Pittsfield Charter Township, Precinct 5",President,,DEM,Cory Booker,0
Washtenaw,"Pittsfield Charter Township, Precinct 5",President,,DEM,Pete Buttigieg,10
Washtenaw,"Pittsfield Charter Township, Precinct 5",President,,DEM,Julian Castro,0
Washtenaw,"Pittsfield Charter Township, Precinct 5",President,,DEM,John Delaney,0
Washtenaw,"Pittsfield Charter Township, Precinct 5",President,,DEM,Tulsi Gabbard,1
Washtenaw,"Pittsfield Charter Township, Precinct 5",President,,DEM,Amy Klobuchar,10
Washtenaw,"Pittsfield Charter Township, Precinct 5",President,,DEM,Bernie Sanders,224
Washtenaw,"Pittsfield Charter Township, Precinct 5",President,,DEM,Joe Sestak,0
Washtenaw,"Pittsfield Charter Township, Precinct 5",President,,DEM,Tom Steyer,0
Washtenaw,"Pittsfield Charter Township, Precinct 5",President,,DEM,Elizabeth Warren,11
Washtenaw,"Pittsfield Charter Township, Precinct 5",President,,DEM,Marianne Williamson,0
Washtenaw,"Pittsfield Charter Township, Precinct 5",President,,DEM,Andrew Yang,5
Washtenaw,"Pittsfield Charter Township, Precinct 5",President,,DEM,Uncommitted,1
Washtenaw,"Pittsfield Charter Township, Precinct 5",President,,REP,Mark Sanford,1
Washtenaw,"Pittsfield Charter Township, Precinct 5",President,,REP,Donald J. Trump,38
Washtenaw,"Pittsfield Charter Township, Precinct 5",President,,REP,Joe Walsh,1
Washtenaw,"Pittsfield Charter Township, Precinct 5",President,,REP,Bill Weld,0
Washtenaw,"Pittsfield Charter Township, Precinct 5",President,,REP,Uncommitted,1
Washtenaw,"Pittsfield Charter Township, Precinct 5",Washtenaw Community College Millage Renewal and Restoration,,,Yes,442
Washtenaw,"Pittsfield Charter Township, Precinct 5",Washtenaw Community College Millage Renewal and Restoration,,,No,137
Washtenaw,"Pittsfield Charter Township, Precinct 6",Registered Voters,,,,2483
Washtenaw,"Pittsfield Charter Township, Precinct 6",Ballots Cast,,,,1066
Washtenaw,"Pittsfield Charter Township, Precinct 6",President,,DEM,Michael Bennet,0
Washtenaw,"Pittsfield Charter Township, Precinct 6",President,,DEM,Joe Biden,410
Washtenaw,"Pittsfield Charter Township, Precinct 6",President,,DEM,Michael R. Bloomberg,19
Washtenaw,"Pittsfield Charter Township, Precinct 6",President,,DEM,Cory Booker,0
Washtenaw,"Pittsfield Charter Township, Precinct 6",President,,DEM,Pete Buttigieg,10
Washtenaw,"Pittsfield Charter Township, Precinct 6",President,,DEM,Julian Castro,0
Washtenaw,"Pittsfield Charter Township, Precinct 6",President,,DEM,John Delaney,0
Washtenaw,"Pittsfield Charter Township, Precinct 6",President,,DEM,Tulsi Gabbard,11
Washtenaw,"Pittsfield Charter Township, Precinct 6",President,,DEM,Amy Klobuchar,8
Washtenaw,"Pittsfield Charter Township, Precinct 6",President,,DEM,Bernie Sanders,408
Washtenaw,"Pittsfield Charter Township, Precinct 6",President,,DEM,Joe Sestak,0
Washtenaw,"Pittsfield Charter Township, Precinct 6",President,,DEM,Tom Steyer,0
Washtenaw,"Pittsfield Charter Township, Precinct 6",President,,DEM,Elizabeth Warren,15
Washtenaw,"Pittsfield Charter Township, Precinct 6",President,,DEM,Marianne Williamson,0
Washtenaw,"Pittsfield Charter Township, Precinct 6",President,,DEM,Andrew Yang,2
Washtenaw,"Pittsfield Charter Township, Precinct 6",President,,DEM,Uncommitted,9
Washtenaw,"Pittsfield Charter Township, Precinct 6",President,,REP,Mark Sanford,1
Washtenaw,"Pittsfield Charter Township, Precinct 6",President,,REP,Donald J. Trump,148
Washtenaw,"Pittsfield Charter Township, Precinct 6",President,,REP,Joe Walsh,0
Washtenaw,"Pittsfield Charter Township, Precinct 6",President,,REP,Bill Weld,1
Washtenaw,"Pittsfield Charter Township, Precinct 6",President,,REP,Uncommitted,10
Washtenaw,"Pittsfield Charter Township, Precinct 6",Washtenaw Community College Millage Renewal and Restoration,,,Yes,737
Washtenaw,"Pittsfield Charter Township, Precinct 6",Washtenaw Community College Millage Renewal and Restoration,,,No,291
Washtenaw,"Pittsfield Charter Township, Precinct 7",Registered Voters,,,,2475
Washtenaw,"Pittsfield Charter Township, Precinct 7",Ballots Cast,,,,1084
Washtenaw,"Pittsfield Charter Township, Precinct 7",President,,DEM,Michael Bennet,0
Washtenaw,"Pittsfield Charter Township, Precinct 7",President,,DEM,Joe Biden,536
Washtenaw,"Pittsfield Charter Township, Precinct 7",President,,DEM,Michael R. Bloomberg,23
Washtenaw,"Pittsfield Charter Township, Precinct 7",President,,DEM,Cory Booker,1
Washtenaw,"Pittsfield Charter Township, Precinct 7",President,,DEM,Pete Buttigieg,11
Washtenaw,"Pittsfield Charter Township, Precinct 7",President,,DEM,Julian Castro,0
Washtenaw,"Pittsfield Charter Township, Precinct 7",President,,DEM,John Delaney,0
Washtenaw,"Pittsfield Charter Township, Precinct 7",President,,DEM,Tulsi Gabbard,7
Washtenaw,"Pittsfield Charter Township, Precinct 7",President,,DEM,Amy Klobuchar,7
Washtenaw,"Pittsfield Charter Township, Precinct 7",President,,DEM,Bernie Sanders,352
Washtenaw,"Pittsfield Charter Township, Precinct 7",President,,DEM,Joe Sestak,0
Washtenaw,"Pittsfield Charter Township, Precinct 7",President,,DEM,Tom Steyer,0
Washtenaw,"Pittsfield Charter Township, Precinct 7",President,,DEM,Elizabeth Warren,35
Washtenaw,"Pittsfield Charter Township, Precinct 7",President,,DEM,Marianne Williamson,0
Washtenaw,"Pittsfield Charter Township, Precinct 7",President,,DEM,Andrew Yang,5
Washtenaw,"Pittsfield Charter Township, Precinct 7",President,,DEM,Uncommitted,2
Washtenaw,"Pittsfield Charter Township, Precinct 7",President,,REP,Mark Sanford,0
Washtenaw,"Pittsfield Charter Township, Precinct 7",President,,REP,Donald J. Trump,70
Washtenaw,"Pittsfield Charter Township, Precinct 7",President,,REP,Joe Walsh,1
Washtenaw,"Pittsfield Charter Township, Precinct 7",President,,REP,Bill Weld,6
Washtenaw,"Pittsfield Charter Township, Precinct 7",President,,REP,Uncommitted,9
Washtenaw,"Pittsfield Charter Township, Precinct 7",Washtenaw Community College Millage Renewal and Restoration,,,Yes,810
Washtenaw,"Pittsfield Charter Township, Precinct 7",Washtenaw Community College Millage Renewal and Restoration,,,No,216
Washtenaw,"Pittsfield Charter Township, Precinct 8",Registered Voters,,,,1103
Washtenaw,"Pittsfield Charter Township, Precinct 8",Ballots Cast,,,,502
Washtenaw,"Pittsfield Charter Township, Precinct 8",President,,DEM,Michael Bennet,0
Washtenaw,"Pittsfield Charter Township, Precinct 8",President,,DEM,Joe Biden,210
Washtenaw,"Pittsfield Charter Township, Precinct 8",President,,DEM,Michael R. Bloomberg,15
Washtenaw,"Pittsfield Charter Township, Precinct 8",President,,DEM,Cory Booker,0
Washtenaw,"Pittsfield Charter Township, Precinct 8",President,,DEM,Pete Buttigieg,3
Washtenaw,"Pittsfield Charter Township, Precinct 8",President,,DEM,Julian Castro,0
Washtenaw,"Pittsfield Charter Township, Precinct 8",President,,DEM,John Delaney,0
Washtenaw,"Pittsfield Charter Township, Precinct 8",President,,DEM,Tulsi Gabbard,0
Washtenaw,"Pittsfield Charter Township, Precinct 8",President,,DEM,Amy Klobuchar,3
Washtenaw,"Pittsfield Charter Township, Precinct 8",President,,DEM,Bernie Sanders,159
Washtenaw,"Pittsfield Charter Township, Precinct 8",President,,DEM,Joe Sestak,0
Washtenaw,"Pittsfield Charter Township, Precinct 8",President,,DEM,Tom Steyer,0
Washtenaw,"Pittsfield Charter Township, Precinct 8",President,,DEM,Elizabeth Warren,8
Washtenaw,"Pittsfield Charter Township, Precinct 8",President,,DEM,Marianne Williamson,0
Washtenaw,"Pittsfield Charter Township, Precinct 8",President,,DEM,Andrew Yang,0
Washtenaw,"Pittsfield Charter Township, Precinct 8",President,,DEM,Uncommitted,1
Washtenaw,"Pittsfield Charter Township, Precinct 8",President,,REP,Mark Sanford,3
Washtenaw,"Pittsfield Charter Township, Precinct 8",President,,REP,Donald J. Trump,84
Washtenaw,"Pittsfield Charter Township, Precinct 8",President,,REP,Joe Walsh,0
Washtenaw,"Pittsfield Charter Township, Precinct 8",President,,REP,Bill Weld,1
Washtenaw,"Pittsfield Charter Township, Precinct 8",President,,REP,Uncommitted,4
Washtenaw,"Pittsfield Charter Township, Precinct 8",Washtenaw Community College Millage Renewal and Restoration,,,Yes,354
Washtenaw,"Pittsfield Charter Township, Precinct 8",Washtenaw Community College Millage Renewal and Restoration,,,No,134
Washtenaw,"Pittsfield Charter Township, Precinct 9",Registered Voters,,,,2384
Washtenaw,"Pittsfield Charter Township, Precinct 9",Ballots Cast,,,,1132
Washtenaw,"Pittsfield Charter Township, Precinct 9",President,,DEM,Michael Bennet,1
Washtenaw,"Pittsfield Charter Township, Precinct 9",President,,DEM,Joe Biden,596
Washtenaw,"Pittsfield Charter Township, Precinct 9",President,,DEM,Michael R. Bloomberg,57
Washtenaw,"Pittsfield Charter Township, Precinct 9",President,,DEM,Cory Booker,0
Washtenaw,"Pittsfield Charter Township, Precinct 9",President,,DEM,Pete Buttigieg,14
Washtenaw,"Pittsfield Charter Township, Precinct 9",President,,DEM,Julian Castro,0
Washtenaw,"Pittsfield Charter Township, Precinct 9",President,,DEM,John Delaney,0
Washtenaw,"Pittsfield Charter Township, Precinct 9",President,,DEM,Tulsi Gabbard,2
Washtenaw,"Pittsfield Charter Township, Precinct 9",President,,DEM,Amy Klobuchar,11
Washtenaw,"Pittsfield Charter Township, Precinct 9",President,,DEM,Bernie Sanders,257
Washtenaw,"Pittsfield Charter Township, Precinct 9",President,,DEM,Joe Sestak,0
Washtenaw,"Pittsfield Charter Township, Precinct 9",President,,DEM,Tom Steyer,1
Washtenaw,"Pittsfield Charter Township, Precinct 9",President,,DEM,Elizabeth Warren,24
Washtenaw,"Pittsfield Charter Township, Precinct 9",President,,DEM,Marianne Williamson,1
Washtenaw,"Pittsfield Charter Township, Precinct 9",President,,DEM,Andrew Yang,4
Washtenaw,"Pittsfield Charter Township, Precinct 9",President,,DEM,Uncommitted,5
Washtenaw,"Pittsfield Charter Township, Precinct 9",President,,REP,Mark Sanford,1
Washtenaw,"Pittsfield Charter Township, Precinct 9",President,,REP,Donald J. Trump,118
Washtenaw,"Pittsfield Charter Township, Precinct 9",President,,REP,Joe Walsh,1
Washtenaw,"Pittsfield Charter Township, Precinct 9",President,,REP,Bill Weld,3
Washtenaw,"Pittsfield Charter Township, Precinct 9",President,,REP,Uncommitted,14
Washtenaw,"Pittsfield Charter Township, Precinct 9",Washtenaw Community College Millage Renewal and Restoration,,,Yes,804
Washtenaw,"Pittsfield Charter Township, Precinct 9",Washtenaw Community College Millage Renewal and Restoration,,,No,273
Washtenaw,"Pittsfield Charter Township, Precinct 10",Registered Voters,,,,2611
Washtenaw,"Pittsfield Charter Township, Precinct 10",Ballots Cast,,,,996
Washtenaw,"Pittsfield Charter Township, Precinct 10",President,,DEM,Michael Bennet,2
Washtenaw,"Pittsfield Charter Township, Precinct 10",President,,DEM,Joe Biden,350
Washtenaw,"Pittsfield Charter Township, Precinct 10",President,,DEM,Michael R. Bloomberg,25
Washtenaw,"Pittsfield Charter Township, Precinct 10",President,,DEM,Cory Booker,0
Washtenaw,"Pittsfield Charter Township, Precinct 10",President,,DEM,Pete Buttigieg,4
Washtenaw,"Pittsfield Charter Township, Precinct 10",President,,DEM,Julian Castro,0
Washtenaw,"Pittsfield Charter Township, Precinct 10",President,,DEM,John Delaney,0
Washtenaw,"Pittsfield Charter Township, Precinct 10",President,,DEM,Tulsi Gabbard,7
Washtenaw,"Pittsfield Charter Township, Precinct 10",President,,DEM,Amy Klobuchar,4
Washtenaw,"Pittsfield Charter Township, Precinct 10",President,,DEM,Bernie Sanders,506
Washtenaw,"Pittsfield Charter Township, Precinct 10",President,,DEM,Joe Sestak,0
Washtenaw,"Pittsfield Charter Township, Precinct 10",President,,DEM,Tom Steyer,0
Washtenaw,"Pittsfield Charter Township, Precinct 10",President,,DEM,Elizabeth Warren,24
Washtenaw,"Pittsfield Charter Township, Precinct 10",President,,DEM,Marianne Williamson,0
Washtenaw,"Pittsfield Charter Township, Precinct 10",President,,DEM,Andrew Yang,1
Washtenaw,"Pittsfield Charter Township, Precinct 10",President,,DEM,Uncommitted,2
Washtenaw,"Pittsfield Charter Township, Precinct 10",President,,REP,Mark Sanford,1
Washtenaw,"Pittsfield Charter Township, Precinct 10",President,,REP,Donald J. Trump,53
Washtenaw,"Pittsfield Charter Township, Precinct 10",President,,REP,Joe Walsh,1
Washtenaw,"Pittsfield Charter Township, Precinct 10",President,,REP,Bill Weld,0
Washtenaw,"Pittsfield Charter Township, Precinct 10",President,,REP,Uncommitted,10
Washtenaw,"Pittsfield Charter Township, Precinct 10",Washtenaw Community College Millage Renewal and Restoration,,,Yes,804
Washtenaw,"Pittsfield Charter Township, Precinct 10",Washtenaw Community College Millage Renewal and Restoration,,,No,157
Washtenaw,"Pittsfield Charter Township, Precinct 11",Registered Voters,,,,2427
Washtenaw,"Pittsfield Charter Township, Precinct 11",Ballots Cast,,,,1068
Washtenaw,"Pittsfield Charter Township, Precinct 11",President,,DEM,Michael Bennet,0
Washtenaw,"Pittsfield Charter Township, Precinct 11",President,,DEM,Joe Biden,552
Washtenaw,"Pittsfield Charter Township, Precinct 11",President,,DEM,Michael R. Bloomberg,44
Washtenaw,"Pittsfield Charter Township, Precinct 11",President,,DEM,Cory Booker,0
Washtenaw,"Pittsfield Charter Township, Precinct 11",President,,DEM,Pete Buttigieg,6
Washtenaw,"Pittsfield Charter Township, Precinct 11",President,,DEM,Julian Castro,0
Washtenaw,"Pittsfield Charter Township, Precinct 11",President,,DEM,John Delaney,0
Washtenaw,"Pittsfield Charter Township, Precinct 11",President,,DEM,Tulsi Gabbard,6
Washtenaw,"Pittsfield Charter Township, Precinct 11",President,,DEM,Amy Klobuchar,10
Washtenaw,"Pittsfield Charter Township, Precinct 11",President,,DEM,Bernie Sanders,225
Washtenaw,"Pittsfield Charter Township, Precinct 11",President,,DEM,Joe Sestak,0
Washtenaw,"Pittsfield Charter Township, Precinct 11",President,,DEM,Tom Steyer,0
Washtenaw,"Pittsfield Charter Township, Precinct 11",President,,DEM,Elizabeth Warren,27
Washtenaw,"Pittsfield Charter Township, Precinct 11",President,,DEM,Marianne Williamson,0
Washtenaw,"Pittsfield Charter Township, Precinct 11",President,,DEM,Andrew Yang,3
Washtenaw,"Pittsfield Charter Township, Precinct 11",President,,DEM,Uncommitted,5
Washtenaw,"Pittsfield Charter Township, Precinct 11",President,,REP,Mark Sanford,1
Washtenaw,"Pittsfield Charter Township, Precinct 11",President,,REP,Donald J. Trump,153
Washtenaw,"Pittsfield Charter Township, Precinct 11",President,,REP,Joe Walsh,2
Washtenaw,"Pittsfield Charter Township, Precinct 11",President,,REP,Bill Weld,7
Washtenaw,"Pittsfield Charter Township, Precinct 11",President,,REP,Uncommitted,10
Washtenaw,"Pittsfield Charter Township, Precinct 11",Washtenaw Community College Millage Renewal and Restoration,,,Yes,793
Washtenaw,"Pittsfield Charter Township, Precinct 11",Washtenaw Community College Millage Renewal and Restoration,,,No,240
Washtenaw,"Pittsfield Charter Township, Precinct 12",Registered Voters,,,,2133
Washtenaw,"Pittsfield Charter Township, Precinct 12",Ballots Cast,,,,863
Washtenaw,"Pittsfield Charter Township, Precinct 12",President,,DEM,Michael Bennet,0
Washtenaw,"Pittsfield Charter Township, Precinct 12",President,,DEM,Joe Biden,397
Washtenaw,"Pittsfield Charter Township, Precinct 12",President,,DEM,Michael R. Bloomberg,26
Washtenaw,"Pittsfield Charter Township, Precinct 12",President,,DEM,Cory Booker,0
Washtenaw,"Pittsfield Charter Township, Precinct 12",President,,DEM,Pete Buttigieg,4
Washtenaw,"Pittsfield Charter Township, Precinct 12",President,,DEM,Julian Castro,0
Washtenaw,"Pittsfield Charter Township, Precinct 12",President,,DEM,John Delaney,0
Washtenaw,"Pittsfield Charter Township, Precinct 12",President,,DEM,Tulsi Gabbard,5
Washtenaw,"Pittsfield Charter Township, Precinct 12",President,,DEM,Amy Klobuchar,9
Washtenaw,"Pittsfield Charter Township, Precinct 12",President,,DEM,Bernie Sanders,195
Washtenaw,"Pittsfield Charter Township, Precinct 12",President,,DEM,Joe Sestak,0
Washtenaw,"Pittsfield Charter Township, Precinct 12",President,,DEM,Tom Steyer,0
Washtenaw,"Pittsfield Charter Township, Precinct 12",President,,DEM,Elizabeth Warren,18
Washtenaw,"Pittsfield Charter Township, Precinct 12",President,,DEM,Marianne Williamson,0
Washtenaw,"Pittsfield Charter Township, Precinct 12",President,,DEM,Andrew Yang,3
Washtenaw,"Pittsfield Charter Township, Precinct 12",President,,DEM,Uncommitted,5
Washtenaw,"Pittsfield Charter Township, Precinct 12",President,,REP,Mark Sanford,2
Washtenaw,"Pittsfield Charter Township, Precinct 12",President,,REP,Donald J. Trump,168
Washtenaw,"Pittsfield Charter Township, Precinct 12",President,,REP,Joe Walsh,2
Washtenaw,"Pittsfield Charter Township, Precinct 12",President,,REP,Bill Weld,5
Washtenaw,"Pittsfield Charter Township, Precinct 12",President,,REP,Uncommitted,7
Washtenaw,"Pittsfield Charter Township, Precinct 12",Washtenaw Community College Millage Renewal and Restoration,,,Yes,584
Washtenaw,"Pittsfield Charter Township, Precinct 12",Washtenaw Community College Millage Renewal and Restoration,,,No,242
Washtenaw,"City of Ann Arbor, Ward 1, Precinct 11",Registered Voters,,,,1178
Washtenaw,"City of Ann Arbor, Ward 1, Precinct 11",Ballots Cast,,,,480
Washtenaw,"City of Ann Arbor, Ward 1, Precinct 11",President,,DEM,Michael Bennet,0
Washtenaw,"City of Ann Arbor, Ward 1, Precinct 11",President,,DEM,Joe Biden,243
Washtenaw,"City of Ann Arbor, Ward 1, Precinct 11",President,,DEM,Michael R. Bloomberg,4
Washtenaw,"City of Ann Arbor, Ward 1, Precinct 11",President,,DEM,Cory Booker,0
Washtenaw,"City of Ann Arbor, Ward 1, Precinct 11",President,,DEM,Pete Buttigieg,2
Washtenaw,"City of Ann Arbor, Ward 1, Precinct 11",President,,DEM,Julian Castro,0
Washtenaw,"City of Ann Arbor, Ward 1, Precinct 11",President,,DEM,John Delaney,0
Washtenaw,"City of Ann Arbor, Ward 1, Precinct 11",President,,DEM,Tulsi Gabbard,6
Washtenaw,"City of Ann Arbor, Ward 1, Precinct 11",President,,DEM,Amy Klobuchar,4
Washtenaw,"City of Ann Arbor, Ward 1, Precinct 11",President,,DEM,Bernie Sanders,159
Washtenaw,"City of Ann Arbor, Ward 1, Precinct 11",President,,DEM,Joe Sestak,0
Washtenaw,"City of Ann Arbor, Ward 1, Precinct 11",President,,DEM,Tom Steyer,0
Washtenaw,"City of Ann Arbor, Ward 1, Precinct 11",President,,DEM,Elizabeth Warren,12
Washtenaw,"City of Ann Arbor, Ward 1, Precinct 11",President,,DEM,Marianne Williamson,0
Washtenaw,"City of Ann Arbor, Ward 1, Precinct 11",President,,DEM,Andrew Yang,2
Washtenaw,"City of Ann Arbor, Ward 1, Precinct 11",President,,DEM,Uncommitted,0
Washtenaw,"City of Ann Arbor, Ward 1, Precinct 11",President,,REP,Mark Sanford,0
Washtenaw,"City of Ann Arbor, Ward 1, Precinct 11",President,,REP,Donald J. Trump,32
Washtenaw,"City of Ann Arbor, Ward 1, Precinct 11",President,,REP,Joe Walsh,0
Washtenaw,"City of Ann Arbor, Ward 1, Precinct 11",President,,REP,Bill Weld,0
Washtenaw,"City of Ann Arbor, Ward 1, Precinct 11",President,,REP,Uncommitted,5
Washtenaw,"City of Ann Arbor, Ward 1, Precinct 11",Washtenaw Community College Millage Renewal and Restoration,,,Yes,321
Washtenaw,"City of Ann Arbor, Ward 1, Precinct 11",Washtenaw Community College Millage Renewal and Restoration,,,No,136
Washtenaw,"Pittsfield Charter Township, Precinct 13",Registered Voters,,,,2251
Washtenaw,"Pittsfield Charter Township, Precinct 13",Ballots Cast,,,,755
Washtenaw,"Pittsfield Charter Township, Precinct 13",President,,DEM,Michael Bennet,1
Washtenaw,"Pittsfield Charter Township, Precinct 13",President,,DEM,Joe Biden,237
Washtenaw,"Pittsfield Charter Township, Precinct 13",President,,DEM,Michael R. Bloomberg,7
Washtenaw,"Pittsfield Charter Township, Precinct 13",President,,DEM,Cory Booker,0
Washtenaw,"Pittsfield Charter Township, Precinct 13",President,,DEM,Pete Buttigieg,5
Washtenaw,"Pittsfield Charter Township, Precinct 13",President,,DEM,Julian Castro,0
Washtenaw,"Pittsfield Charter Township, Precinct 13",President,,DEM,John Delaney,0
Washtenaw,"Pittsfield Charter Township, Precinct 13",President,,DEM,Tulsi Gabbard,2
Washtenaw,"Pittsfield Charter Township, Precinct 13",President,,DEM,Amy Klobuchar,2
Washtenaw,"Pittsfield Charter Township, Precinct 13",President,,DEM,Bernie Sanders,449
Washtenaw,"Pittsfield Charter Township, Precinct 13",President,,DEM,Joe Sestak,0
Washtenaw,"Pittsfield Charter Township, Precinct 13",President,,DEM,Tom Steyer,0
Washtenaw,"Pittsfield Charter Township, Precinct 13",President,,DEM,Elizabeth Warren,4
Washtenaw,"Pittsfield Charter Township, Precinct 13",President,,DEM,Marianne Williamson,0
Washtenaw,"Pittsfield Charter Township, Precinct 13",President,,DEM,Andrew Yang,2
Washtenaw,"Pittsfield Charter Township, Precinct 13",President,,DEM,Uncommitted,1
Washtenaw,"Pittsfield Charter Township, Precinct 13",President,,REP,Mark Sanford,0
Washtenaw,"Pittsfield Charter Township, Precinct 13",President,,REP,Donald J. Trump,33
Washtenaw,"Pittsfield Charter Township, Precinct 13",President,,REP,Joe Walsh,0
Washtenaw,"Pittsfield Charter Township, Precinct 13",President,,REP,Bill Weld,0
Washtenaw,"Pittsfield Charter Township, Precinct 13",President,,REP,Uncommitted,3
Washtenaw,"Pittsfield Charter Township, Precinct 13",Washtenaw Community College Millage Renewal and Restoration,,,Yes,617
Washtenaw,"Pittsfield Charter Township, Precinct 13",Washtenaw Community College Millage Renewal and Restoration,,,No,96
Washtenaw,"Salem Township, Precinct 1",Registered Voters,,,,1836
Washtenaw,"Salem Township, Precinct 1",Ballots Cast,,,,636
Washtenaw,"Salem Township, Precinct 1",President,,DEM,Michael Bennet,0
Washtenaw,"Salem Township, Precinct 1",President,,DEM,Joe Biden,210
Washtenaw,"Salem Township, Precinct 1",President,,DEM,Michael R. Bloomberg,17
Washtenaw,"Salem Township, Precinct 1",President,,DEM,Cory Booker,0
Washtenaw,"Salem Township, Precinct 1",President,,DEM,Pete Buttigieg,3
Washtenaw,"Salem Township, Precinct 1",President,,DEM,Julian Castro,0
Washtenaw,"Salem Township, Precinct 1",President,,DEM,John Delaney,0
Washtenaw,"Salem Township, Precinct 1",President,,DEM,Tulsi Gabbard,3
Washtenaw,"Salem Township, Precinct 1",President,,DEM,Amy Klobuchar,1
Washtenaw,"Salem Township, Precinct 1",President,,DEM,Bernie Sanders,141
Washtenaw,"Salem Township, Precinct 1",President,,DEM,Joe Sestak,1
Washtenaw,"Salem Township, Precinct 1",President,,DEM,Tom Steyer,0
Washtenaw,"Salem Township, Precinct 1",President,,DEM,Elizabeth Warren,6
Washtenaw,"Salem Township, Precinct 1",President,,DEM,Marianne Williamson,0
Washtenaw,"Salem Township, Precinct 1",President,,DEM,Andrew Yang,0
Washtenaw,"Salem Township, Precinct 1",President,,DEM,Uncommitted,0
Washtenaw,"Salem Township, Precinct 1",President,,REP,Mark Sanford,0
Washtenaw,"Salem Township, Precinct 1",President,,REP,Donald J. Trump,251
Washtenaw,"Salem Township, Precinct 1",President,,REP,Joe Walsh,0
Washtenaw,"Salem Township, Precinct 1",President,,REP,Bill Weld,1
Washtenaw,"Salem Township, Precinct 1",President,,REP,Uncommitted,2
Washtenaw,"Salem Township, Precinct 1",Washtenaw Community College Millage Renewal and Restoration,,,Yes,22
Washtenaw,"Salem Township, Precinct 1",Washtenaw Community College Millage Renewal and Restoration,,,No,21
Washtenaw,"Salem Township, Precinct 2",Registered Voters,,,,2329
Washtenaw,"Salem Township, Precinct 2",Ballots Cast,,,,606
Washtenaw,"Salem Township, Precinct 2",President,,DEM,Michael Bennet,0
Washtenaw,"Salem Township, Precinct 2",President,,DEM,Joe Biden,207
Washtenaw,"Salem Township, Precinct 2",President,,DEM,Michael R. Bloomberg,15
Washtenaw,"Salem Township, Precinct 2",President,,DEM,Cory Booker,0
Washtenaw,"Salem Township, Precinct 2",President,,DEM,Pete Buttigieg,5
Washtenaw,"Salem Township, Precinct 2",President,,DEM,Julian Castro,0
Washtenaw,"Salem Township, Precinct 2",President,,DEM,John Delaney,0
Washtenaw,"Salem Township, Precinct 2",President,,DEM,Tulsi Gabbard,5
Washtenaw,"Salem Township, Precinct 2",President,,DEM,Amy Klobuchar,1
Washtenaw,"Salem Township, Precinct 2",President,,DEM,Bernie Sanders,146
Washtenaw,"Salem Township, Precinct 2",President,,DEM,Joe Sestak,0
Washtenaw,"Salem Township, Precinct 2",President,,DEM,Tom Steyer,0
Washtenaw,"Salem Township, Precinct 2",President,,DEM,Elizabeth Warren,3
Washtenaw,"Salem Township, Precinct 2",President,,DEM,Marianne Williamson,1
Washtenaw,"Salem Township, Precinct 2",President,,DEM,Andrew Yang,2
Washtenaw,"Salem Township, Precinct 2",President,,DEM,Uncommitted,2
Washtenaw,"Salem Township, Precinct 2",President,,REP,Mark Sanford,0
Washtenaw,"Salem Township, Precinct 2",President,,REP,Donald J. Trump,203
Washtenaw,"Salem Township, Precinct 2",President,,REP,Joe Walsh,1
Washtenaw,"Salem Township, Precinct 2",President,,REP,Bill Weld,2
Washtenaw,"Salem Township, Precinct 2",President,,REP,Uncommitted,7
Washtenaw,"Salem Township, Precinct 2",Washtenaw Community College Millage Renewal and Restoration,,,Yes,282
Washtenaw,"Salem Township, Precinct 2",Washtenaw Community College Millage Renewal and Restoration,,,No,101
Washtenaw,"Salem Township, Precinct 3",Registered Voters,,,,1366
Washtenaw,"Salem Township, Precinct 3",Ballots Cast,,,,542
Washtenaw,"Salem Township, Precinct 3",President,,DEM,Michael Bennet,0
Washtenaw,"Salem Township, Precinct 3",President,,DEM,Joe Biden,186
Washtenaw,"Salem Township, Precinct 3",President,,DEM,Michael R. Bloomberg,10
Washtenaw,"Salem Township, Precinct 3",President,,DEM,Cory Booker,0
Washtenaw,"Salem Township, Precinct 3",President,,DEM,Pete Buttigieg,4
Washtenaw,"Salem Township, Precinct 3",President,,DEM,Julian Castro,0
Washtenaw,"Salem Township, Precinct 3",President,,DEM,John Delaney,0
Washtenaw,"Salem Township, Precinct 3",President,,DEM,Tulsi Gabbard,5
Washtenaw,"Salem Township, Precinct 3",President,,DEM,Amy Klobuchar,2
Washtenaw,"Salem Township, Precinct 3",President,,DEM,Bernie Sanders,117
Washtenaw,"Salem Township, Precinct 3",President,,DEM,Joe Sestak,0
Washtenaw,"Salem Township, Precinct 3",President,,DEM,Tom Steyer,0
Washtenaw,"Salem Township, Precinct 3",President,,DEM,Elizabeth Warren,0
Washtenaw,"Salem Township, Precinct 3",President,,DEM,Marianne Williamson,0
Washtenaw,"Salem Township, Precinct 3",President,,DEM,Andrew Yang,1
Washtenaw,"Salem Township, Precinct 3",President,,DEM,Uncommitted,5
Washtenaw,"Salem Township, Precinct 3",President,,REP,Mark Sanford,1
Washtenaw,"Salem Township, Precinct 3",President,,REP,Donald J. Trump,183
Washtenaw,"Salem Township, Precinct 3",President,,REP,Joe Walsh,0
Washtenaw,"Salem Township, Precinct 3",President,,REP,Bill Weld,2
Washtenaw,"Salem Township, Precinct 3",President,,REP,Uncommitted,6
Washtenaw,"Salem Township, Precinct 3",Washtenaw Community College Millage Renewal and Restoration,,,Yes,124
Washtenaw,"Salem Township, Precinct 3",Washtenaw Community College Millage Renewal and Restoration,,,No,87
Washtenaw,"Salem Township, Precinct 3",Northville Public Schools Sinking Fund Millage Proposal,,,Yes,12
Washtenaw,"Salem Township, Precinct 3",Northville Public Schools Sinking Fund Millage Proposal,,,No,25
Washtenaw,"Salem Township, Precinct 3",Plymouth-Canton Community Schools School Improvement Bond Proposal,,,Yes,202
Washtenaw,"Salem Township, Precinct 3",Plymouth-Canton Community Schools School Improvement Bond Proposal,,,No,199
Washtenaw,"Saline Township, Precinct 1",Registered Voters,,,,1848
Washtenaw,"Saline Township, Precinct 1",Ballots Cast,,,,566
Washtenaw,"Saline Township, Precinct 1",President,,DEM,Michael Bennet,0
Washtenaw,"Saline Township, Precinct 1",President,,DEM,Joe Biden,194
Washtenaw,"Saline Township, Precinct 1",President,,DEM,Michael R. Bloomberg,15
Washtenaw,"Saline Township, Precinct 1",President,,DEM,Cory Booker,0
Washtenaw,"Saline Township, Precinct 1",President,,DEM,Pete Buttigieg,3
Washtenaw,"Saline Township, Precinct 1",President,,DEM,Julian Castro,0
Washtenaw,"Saline Township, Precinct 1",President,,DEM,John Delaney,0
Washtenaw,"Saline Township, Precinct 1",President,,DEM,Tulsi Gabbard,1
Washtenaw,"Saline Township, Precinct 1",President,,DEM,Amy Klobuchar,1
Washtenaw,"Saline Township, Precinct 1",President,,DEM,Bernie Sanders,154
Washtenaw,"Saline Township, Precinct 1",President,,DEM,Joe Sestak,1
Washtenaw,"Saline Township, Precinct 1",President,,DEM,Tom Steyer,1
Washtenaw,"Saline Township, Precinct 1",President,,DEM,Elizabeth Warren,0
Washtenaw,"Saline Township, Precinct 1",President,,DEM,Marianne Williamson,0
Washtenaw,"Saline Township, Precinct 1",President,,DEM,Andrew Yang,1
Washtenaw,"Saline Township, Precinct 1",President,,DEM,Uncommitted,1
Washtenaw,"Saline Township, Precinct 1",President,,REP,Mark Sanford,1
Washtenaw,"Saline Township, Precinct 1",President,,REP,Donald J. Trump,179
Washtenaw,"Saline Township, Precinct 1",President,,REP,Joe Walsh,1
Washtenaw,"Saline Township, Precinct 1",President,,REP,Bill Weld,0
Washtenaw,"Saline Township, Precinct 1",President,,REP,Uncommitted,8
Washtenaw,"Saline Township, Precinct 1",Washtenaw Community College Millage Renewal and Restoration,,,Yes,369
Washtenaw,"Saline Township, Precinct 1",Washtenaw Community College Millage Renewal and Restoration,,,No,179
Washtenaw,"City of Ann Arbor, Ward 1, Precinct 12",Registered Voters,,,,1051
Washtenaw,"City of Ann Arbor, Ward 1, Precinct 12",Ballots Cast,,,,293
Washtenaw,"City of Ann Arbor, Ward 1, Precinct 12",President,,DEM,Michael Bennet,0
Washtenaw,"City of Ann Arbor, Ward 1, Precinct 12",President,,DEM,Joe Biden,54
Washtenaw,"City of Ann Arbor, Ward 1, Precinct 12",President,,DEM,Michael R. Bloomberg,1
Washtenaw,"City of Ann Arbor, Ward 1, Precinct 12",President,,DEM,Cory Booker,0
Washtenaw,"City of Ann Arbor, Ward 1, Precinct 12",President,,DEM,Pete Buttigieg,2
Washtenaw,"City of Ann Arbor, Ward 1, Precinct 12",President,,DEM,Julian Castro,0
Washtenaw,"City of Ann Arbor, Ward 1, Precinct 12",President,,DEM,John Delaney,0
Washtenaw,"City of Ann Arbor, Ward 1, Precinct 12",President,,DEM,Tulsi Gabbard,0
Washtenaw,"City of Ann Arbor, Ward 1, Precinct 12",President,,DEM,Amy Klobuchar,1
Washtenaw,"City of Ann Arbor, Ward 1, Precinct 12",President,,DEM,Bernie Sanders,231
Washtenaw,"City of Ann Arbor, Ward 1, Precinct 12",President,,DEM,Joe Sestak,0
Washtenaw,"City of Ann Arbor, Ward 1, Precinct 12",President,,DEM,Tom Steyer,0
Washtenaw,"City of Ann Arbor, Ward 1, Precinct 12",President,,DEM,Elizabeth Warren,1
Washtenaw,"City of Ann Arbor, Ward 1, Precinct 12",President,,DEM,Marianne Williamson,0
Washtenaw,"City of Ann Arbor, Ward 1, Precinct 12",President,,DEM,Andrew Yang,0
Washtenaw,"City of Ann Arbor, Ward 1, Precinct 12",President,,DEM,Uncommitted,0
Washtenaw,"City of Ann Arbor, Ward 1, Precinct 12",President,,REP,Mark Sanford,0
Washtenaw,"City of Ann Arbor, Ward 1, Precinct 12",President,,REP,Donald J. Trump,3
Washtenaw,"City of Ann Arbor, Ward 1, Precinct 12",President,,REP,Joe Walsh,0
Washtenaw,"City of Ann Arbor, Ward 1, Precinct 12",President,,REP,Bill Weld,0
Washtenaw,"City of Ann Arbor, Ward 1, Precinct 12",President,,REP,Uncommitted,0
Washtenaw,"City of Ann Arbor, Ward 1, Precinct 12",Washtenaw Community College Millage Renewal and Restoration,,,Yes,213
Washtenaw,"City of Ann Arbor, Ward 1, Precinct 12",Washtenaw Community College Millage Renewal and Restoration,,,No,29
Washtenaw,"Scio Township, Precinct 1",Registered Voters,,,,2009
Washtenaw,"Scio Township, Precinct 1",Ballots Cast,,,,876
Washtenaw,"Scio Township, Precinct 1",President,,DEM,Michael Bennet,0
Washtenaw,"Scio Township, Precinct 1",President,,DEM,Joe Biden,431
Washtenaw,"Scio Township, Precinct 1",President,,DEM,Michael R. Bloomberg,13
Washtenaw,"Scio Township, Precinct 1",President,,DEM,Cory Booker,0
Washtenaw,"Scio Township, Precinct 1",President,,DEM,Pete Buttigieg,9
Washtenaw,"Scio Township, Precinct 1",President,,DEM,Julian Castro,0
Washtenaw,"Scio Township, Precinct 1",President,,DEM,John Delaney,0
Washtenaw,"Scio Township, Precinct 1",President,,DEM,Tulsi Gabbard,5
Washtenaw,"Scio Township, Precinct 1",President,,DEM,Amy Klobuchar,9
Washtenaw,"Scio Township, Precinct 1",President,,DEM,Bernie Sanders,324
Washtenaw,"Scio Township, Precinct 1",President,,DEM,Joe Sestak,0
Washtenaw,"Scio Township, Precinct 1",President,,DEM,Tom Steyer,0
Washtenaw,"Scio Township, Precinct 1",President,,DEM,Elizabeth Warren,16
Washtenaw,"Scio Township, Precinct 1",President,,DEM,Marianne Williamson,1
Washtenaw,"Scio Township, Precinct 1",President,,DEM,Andrew Yang,1
Washtenaw,"Scio Township, Precinct 1",President,,DEM,Uncommitted,2
Washtenaw,"Scio Township, Precinct 1",President,,REP,Mark Sanford,1
Washtenaw,"Scio Township, Precinct 1",President,,REP,Donald J. Trump,53
Washtenaw,"Scio Township, Precinct 1",President,,REP,Joe Walsh,1
Washtenaw,"Scio Township, Precinct 1",President,,REP,Bill Weld,1
Washtenaw,"Scio Township, Precinct 1",President,,REP,Uncommitted,0
Washtenaw,"Scio Township, Precinct 1",Washtenaw Community College Millage Renewal and Restoration,,,Yes,679
Washtenaw,"Scio Township, Precinct 1",Washtenaw Community College Millage Renewal and Restoration,,,No,147
Washtenaw,"Scio Township, Precinct 2",Registered Voters,,,,1600
Washtenaw,"Scio Township, Precinct 2",Ballots Cast,,,,774
Washtenaw,"Scio Township, Precinct 2",President,,DEM,Michael Bennet,0
Washtenaw,"Scio Township, Precinct 2",President,,DEM,Joe Biden,333
Washtenaw,"Scio Township, Precinct 2",President,,DEM,Michael R. Bloomberg,22
Washtenaw,"Scio Township, Precinct 2",President,,DEM,Cory Booker,0
Washtenaw,"Scio Township, Precinct 2",President,,DEM,Pete Buttigieg,9
Washtenaw,"Scio Township, Precinct 2",President,,DEM,Julian Castro,0
Washtenaw,"Scio Township, Precinct 2",President,,DEM,John Delaney,0
Washtenaw,"Scio Township, Precinct 2",President,,DEM,Tulsi Gabbard,2
Washtenaw,"Scio Township, Precinct 2",President,,DEM,Amy Klobuchar,6
Washtenaw,"Scio Township, Precinct 2",President,,DEM,Bernie Sanders,208
Washtenaw,"Scio Township, Precinct 2",President,,DEM,Joe Sestak,0
Washtenaw,"Scio Township, Precinct 2",President,,DEM,Tom Steyer,1
Washtenaw,"Scio Township, Precinct 2",President,,DEM,Elizabeth Warren,17
Washtenaw,"Scio Township, Precinct 2",President,,DEM,Marianne Williamson,0
Washtenaw,"Scio Township, Precinct 2",President,,DEM,Andrew Yang,0
Washtenaw,"Scio Township, Precinct 2",President,,DEM,Uncommitted,3
Washtenaw,"Scio Township, Precinct 2",President,,REP,Mark Sanford,2
Washtenaw,"Scio Township, Precinct 2",President,,REP,Donald J. Trump,138
Washtenaw,"Scio Township, Precinct 2",President,,REP,Joe Walsh,0
Washtenaw,"Scio Township, Precinct 2",President,,REP,Bill Weld,0
Washtenaw,"Scio Township, Precinct 2",President,,REP,Uncommitted,13
Washtenaw,"Scio Township, Precinct 2",Washtenaw Community College Millage Renewal and Restoration,,,Yes,563
Washtenaw,"Scio Township, Precinct 2",Washtenaw Community College Millage Renewal and Restoration,,,No,180
Washtenaw,"Scio Township, Precinct 3",Registered Voters,,,,1719
Washtenaw,"Scio Township, Precinct 3",Ballots Cast,,,,924
Washtenaw,"Scio Township, Precinct 3",President,,DEM,Michael Bennet,1
Washtenaw,"Scio Township, Precinct 3",President,,DEM,Joe Biden,526
Washtenaw,"Scio Township, Precinct 3",President,,DEM,Michael R. Bloomberg,29
Washtenaw,"Scio Township, Precinct 3",President,,DEM,Cory Booker,0
Washtenaw,"Scio Township, Precinct 3",President,,DEM,Pete Buttigieg,10
Washtenaw,"Scio Township, Precinct 3",President,,DEM,Julian Castro,0
Washtenaw,"Scio Township, Precinct 3",President,,DEM,John Delaney,0
Washtenaw,"Scio Township, Precinct 3",President,,DEM,Tulsi Gabbard,0
Washtenaw,"Scio Township, Precinct 3",President,,DEM,Amy Klobuchar,8
Washtenaw,"Scio Township, Precinct 3",President,,DEM,Bernie Sanders,233
Washtenaw,"Scio Township, Precinct 3",President,,DEM,Joe Sestak,0
Washtenaw,"Scio Township, Precinct 3",President,,DEM,Tom Steyer,1
Washtenaw,"Scio Township, Precinct 3",President,,DEM,Elizabeth Warren,24
Washtenaw,"Scio Township, Precinct 3",President,,DEM,Marianne Williamson,0
Washtenaw,"Scio Township, Precinct 3",President,,DEM,Andrew Yang,1
Washtenaw,"Scio Township, Precinct 3",President,,DEM,Uncommitted,4
Washtenaw,"Scio Township, Precinct 3",President,,REP,Mark Sanford,0
Washtenaw,"Scio Township, Precinct 3",President,,REP,Donald J. Trump,73
Washtenaw,"Scio Township, Precinct 3",President,,REP,Joe Walsh,0
Washtenaw,"Scio Township, Precinct 3",President,,REP,Bill Weld,1
Washtenaw,"Scio Township, Precinct 3",President,,REP,Uncommitted,7
Washtenaw,"Scio Township, Precinct 3",Washtenaw Community College Millage Renewal and Restoration,,,Yes,717
Washtenaw,"Scio Township, Precinct 3",Washtenaw Community College Millage Renewal and Restoration,,,No,166
Washtenaw,"Scio Township, Precinct 4",Registered Voters,,,,1506
Washtenaw,"Scio Township, Precinct 4",Ballots Cast,,,,839
Washtenaw,"Scio Township, Precinct 4",President,,DEM,Michael Bennet,1
Washtenaw,"Scio Township, Precinct 4",President,,DEM,Joe Biden,442
Washtenaw,"Scio Township, Precinct 4",President,,DEM,Michael R. Bloomberg,15
Washtenaw,"Scio Township, Precinct 4",President,,DEM,Cory Booker,0
Washtenaw,"Scio Township, Precinct 4",President,,DEM,Pete Buttigieg,5
Washtenaw,"Scio Township, Precinct 4",President,,DEM,Julian Castro,0
Washtenaw,"Scio Township, Precinct 4",President,,DEM,John Delaney,0
Washtenaw,"Scio Township, Precinct 4",President,,DEM,Tulsi Gabbard,4
Washtenaw,"Scio Township, Precinct 4",President,,DEM,Amy Klobuchar,12
Washtenaw,"Scio Township, Precinct 4",President,,DEM,Bernie Sanders,235
Washtenaw,"Scio Township, Precinct 4",President,,DEM,Joe Sestak,0
Washtenaw,"Scio Township, Precinct 4",President,,DEM,Tom Steyer,0
Washtenaw,"Scio Township, Precinct 4",President,,DEM,Elizabeth Warren,21
Washtenaw,"Scio Township, Precinct 4",President,,DEM,Marianne Williamson,0
Washtenaw,"Scio Township, Precinct 4",President,,DEM,Andrew Yang,0
Washtenaw,"Scio Township, Precinct 4",President,,DEM,Uncommitted,2
Washtenaw,"Scio Township, Precinct 4",President,,REP,Mark Sanford,0
Washtenaw,"Scio Township, Precinct 4",President,,REP,Donald J. Trump,82
Washtenaw,"Scio Township, Precinct 4",President,,REP,Joe Walsh,1
Washtenaw,"Scio Township, Precinct 4",President,,REP,Bill Weld,0
Washtenaw,"Scio Township, Precinct 4",President,,REP,Uncommitted,6
Washtenaw,"Scio Township, Precinct 4",Washtenaw Community College Millage Renewal and Restoration,,,Yes,668
Washtenaw,"Scio Township, Precinct 4",Washtenaw Community College Millage Renewal and Restoration,,,No,140
Washtenaw,"Scio Township, Precinct 5",Registered Voters,,,,1522
Washtenaw,"Scio Township, Precinct 5",Ballots Cast,,,,482
Washtenaw,"Scio Township, Precinct 5",President,,DEM,Michael Bennet,1
Washtenaw,"Scio Township, Precinct 5",President,,DEM,Joe Biden,189
Washtenaw,"Scio Township, Precinct 5",President,,DEM,Michael R. Bloomberg,4
Washtenaw,"Scio Township, Precinct 5",President,,DEM,Cory Booker,0
Washtenaw,"Scio Township, Precinct 5",President,,DEM,Pete Buttigieg,2
Washtenaw,"Scio Township, Precinct 5",President,,DEM,Julian Castro,0
Washtenaw,"Scio Township, Precinct 5",President,,DEM,John Delaney,0
Washtenaw,"Scio Township, Precinct 5",President,,DEM,Tulsi Gabbard,1
Washtenaw,"Scio Township, Precinct 5",President,,DEM,Amy Klobuchar,0
Washtenaw,"Scio Township, Precinct 5",President,,DEM,Bernie Sanders,228
Washtenaw,"Scio Township, Precinct 5",President,,DEM,Joe Sestak,0
Washtenaw,"Scio Township, Precinct 5",President,,DEM,Tom Steyer,0
Washtenaw,"Scio Township, Precinct 5",President,,DEM,Elizabeth Warren,3
Washtenaw,"Scio Township, Precinct 5",President,,DEM,Marianne Williamson,0
Washtenaw,"Scio Township, Precinct 5",President,,DEM,Andrew Yang,2
Washtenaw,"Scio Township, Precinct 5",President,,DEM,Uncommitted,0
Washtenaw,"Scio Township, Precinct 5",President,,REP,Mark Sanford,1
Washtenaw,"Scio Township, Precinct 5",President,,REP,Donald J. Trump,44
Washtenaw,"Scio Township, Precinct 5",President,,REP,Joe Walsh,1
Washtenaw,"Scio Township, Precinct 5",President,,REP,Bill Weld,0
Washtenaw,"Scio Township, Precinct 5",President,,REP,Uncommitted,2
Washtenaw,"Scio Township, Precinct 5",Washtenaw Community College Millage Renewal and Restoration,,,Yes,379
Washtenaw,"Scio Township, Precinct 5",Washtenaw Community College Millage Renewal and Restoration,,,No,80
Washtenaw,"Scio Township, Precinct 6",Registered Voters,,,,1517
Washtenaw,"Scio Township, Precinct 6",Ballots Cast,,,,697
Washtenaw,"Scio Township, Precinct 6",President,,DEM,Michael Bennet,0
Washtenaw,"Scio Township, Precinct 6",President,,DEM,Joe Biden,355
Washtenaw,"Scio Township, Precinct 6",President,,DEM,Michael R. Bloomberg,7
Washtenaw,"Scio Township, Precinct 6",President,,DEM,Cory Booker,0
Washtenaw,"Scio Township, Precinct 6",President,,DEM,Pete Buttigieg,3
Washtenaw,"Scio Township, Precinct 6",President,,DEM,Julian Castro,0
Washtenaw,"Scio Township, Precinct 6",President,,DEM,John Delaney,0
Washtenaw,"Scio Township, Precinct 6",President,,DEM,Tulsi Gabbard,3
Washtenaw,"Scio Township, Precinct 6",President,,DEM,Amy Klobuchar,3
Washtenaw,"Scio Township, Precinct 6",President,,DEM,Bernie Sanders,253
Washtenaw,"Scio Township, Precinct 6",President,,DEM,Joe Sestak,0
Washtenaw,"Scio Township, Precinct 6",President,,DEM,Tom Steyer,0
Washtenaw,"Scio Township, Precinct 6",President,,DEM,Elizabeth Warren,12
Washtenaw,"Scio Township, Precinct 6",President,,DEM,Marianne Williamson,0
Washtenaw,"Scio Township, Precinct 6",President,,DEM,Andrew Yang,3
Washtenaw,"Scio Township, Precinct 6",President,,DEM,Uncommitted,3
Washtenaw,"Scio Township, Precinct 6",President,,REP,Mark Sanford,0
Washtenaw,"Scio Township, Precinct 6",President,,REP,Donald J. Trump,43
Washtenaw,"Scio Township, Precinct 6",President,,REP,Joe Walsh,0
Washtenaw,"Scio Township, Precinct 6",President,,REP,Bill Weld,1
Washtenaw,"Scio Township, Precinct 6",President,,REP,Uncommitted,2
Washtenaw,"Scio Township, Precinct 6",Washtenaw Community College Millage Renewal and Restoration,,,Yes,513
Washtenaw,"Scio Township, Precinct 6",Washtenaw Community College Millage Renewal and Restoration,,,No,143
Washtenaw,"Scio Township, Precinct 7",Registered Voters,,,,2381
Washtenaw,"Scio Township, Precinct 7",Ballots Cast,,,,1091
Washtenaw,"Scio Township, Precinct 7",President,,DEM,Michael Bennet,0
Washtenaw,"Scio Township, Precinct 7",President,,DEM,Joe Biden,634
Washtenaw,"Scio Township, Precinct 7",President,,DEM,Michael R. Bloomberg,26
Washtenaw,"Scio Township, Precinct 7",President,,DEM,Cory Booker,0
Washtenaw,"Scio Township, Precinct 7",President,,DEM,Pete Buttigieg,3
Washtenaw,"Scio Township, Precinct 7",President,,DEM,Julian Castro,0
Washtenaw,"Scio Township, Precinct 7",President,,DEM,John Delaney,0
Washtenaw,"Scio Township, Precinct 7",President,,DEM,Tulsi Gabbard,5
Washtenaw,"Scio Township, Precinct 7",President,,DEM,Amy Klobuchar,10
Washtenaw,"Scio Township, Precinct 7",President,,DEM,Bernie Sanders,294
Washtenaw,"Scio Township, Precinct 7",President,,DEM,Joe Sestak,0
Washtenaw,"Scio Township, Precinct 7",President,,DEM,Tom Steyer,0
Washtenaw,"Scio Township, Precinct 7",President,,DEM,Elizabeth Warren,25
Washtenaw,"Scio Township, Precinct 7",President,,DEM,Marianne Williamson,0
Washtenaw,"Scio Township, Precinct 7",President,,DEM,Andrew Yang,1
Washtenaw,"Scio Township, Precinct 7",President,,DEM,Uncommitted,7
Washtenaw,"Scio Township, Precinct 7",President,,REP,Mark Sanford,0
Washtenaw,"Scio Township, Precinct 7",President,,REP,Donald J. Trump,62
Washtenaw,"Scio Township, Precinct 7",President,,REP,Joe Walsh,2
Washtenaw,"Scio Township, Precinct 7",President,,REP,Bill Weld,3
Washtenaw,"Scio Township, Precinct 7",President,,REP,Uncommitted,7
Washtenaw,"Scio Township, Precinct 7",Washtenaw Community College Millage Renewal and Restoration,,,Yes,858
Washtenaw,"Scio Township, Precinct 7",Washtenaw Community College Millage Renewal and Restoration,,,No,180
Washtenaw,"Scio Township, Precinct 8",Registered Voters,,,,2104
Washtenaw,"Scio Township, Precinct 8",Ballots Cast,,,,1132
Washtenaw,"Scio Township, Precinct 8",President,,DEM,Michael Bennet,1
Washtenaw,"Scio Township, Precinct 8",President,,DEM,Joe Biden,583
Washtenaw,"Scio Township, Precinct 8",President,,DEM,Michael R. Bloomberg,12
Washtenaw,"Scio Township, Precinct 8",President,,DEM,Cory Booker,0
Washtenaw,"Scio Township, Precinct 8",President,,DEM,Pete Buttigieg,6
Washtenaw,"Scio Township, Precinct 8",President,,DEM,Julian Castro,0
Washtenaw,"Scio Township, Precinct 8",President,,DEM,John Delaney,0
Washtenaw,"Scio Township, Precinct 8",President,,DEM,Tulsi Gabbard,3
Washtenaw,"Scio Township, Precinct 8",President,,DEM,Amy Klobuchar,4
Washtenaw,"Scio Township, Precinct 8",President,,DEM,Bernie Sanders,350
Washtenaw,"Scio Township, Precinct 8",President,,DEM,Joe Sestak,0
Washtenaw,"Scio Township, Precinct 8",President,,DEM,Tom Steyer,0
Washtenaw,"Scio Township, Precinct 8",President,,DEM,Elizabeth Warren,30
Washtenaw,"Scio Township, Precinct 8",President,,DEM,Marianne Williamson,0
Washtenaw,"Scio Township, Precinct 8",President,,DEM,Andrew Yang,0
Washtenaw,"Scio Township, Precinct 8",President,,DEM,Uncommitted,2
Washtenaw,"Scio Township, Precinct 8",President,,REP,Mark Sanford,0
Washtenaw,"Scio Township, Precinct 8",President,,REP,Donald J. Trump,109
Washtenaw,"Scio Township, Precinct 8",President,,REP,Joe Walsh,3
Washtenaw,"Scio Township, Precinct 8",President,,REP,Bill Weld,3
Washtenaw,"Scio Township, Precinct 8",President,,REP,Uncommitted,6
Washtenaw,"Scio Township, Precinct 8",Washtenaw Community College Millage Renewal and Restoration,,,Yes,889
Washtenaw,"Scio Township, Precinct 8",Washtenaw Community College Millage Renewal and Restoration,,,No,207
Washtenaw,"Sharon Township, Precinct 1",Registered Voters,,,,1573
Washtenaw,"Sharon Township, Precinct 1",Ballots Cast,,,,548
Washtenaw,"Sharon Township, Precinct 1",President,,DEM,Michael Bennet,0
Washtenaw,"Sharon Township, Precinct 1",President,,DEM,Joe Biden,207
Washtenaw,"Sharon Township, Precinct 1",President,,DEM,Michael R. Bloomberg,9
Washtenaw,"Sharon Township, Precinct 1",President,,DEM,Cory Booker,0
Washtenaw,"Sharon Township, Precinct 1",President,,DEM,Pete Buttigieg,4
Washtenaw,"Sharon Township, Precinct 1",President,,DEM,Julian Castro,0
Washtenaw,"Sharon Township, Precinct 1",President,,DEM,John Delaney,0
Washtenaw,"Sharon Township, Precinct 1",President,,DEM,Tulsi Gabbard,5
Washtenaw,"Sharon Township, Precinct 1",President,,DEM,Amy Klobuchar,3
Washtenaw,"Sharon Township, Precinct 1",President,,DEM,Bernie Sanders,124
Washtenaw,"Sharon Township, Precinct 1",President,,DEM,Joe Sestak,0
Washtenaw,"Sharon Township, Precinct 1",President,,DEM,Tom Steyer,1
Washtenaw,"Sharon Township, Precinct 1",President,,DEM,Elizabeth Warren,6
Washtenaw,"Sharon Township, Precinct 1",President,,DEM,Marianne Williamson,0
Washtenaw,"Sharon Township, Precinct 1",President,,DEM,Andrew Yang,1
Washtenaw,"Sharon Township, Precinct 1",President,,DEM,Uncommitted,2
Washtenaw,"Sharon Township, Precinct 1",President,,REP,Mark Sanford,0
Washtenaw,"Sharon Township, Precinct 1",President,,REP,Donald J. Trump,152
Washtenaw,"Sharon Township, Precinct 1",President,,REP,Joe Walsh,1
Washtenaw,"Sharon Township, Precinct 1",President,,REP,Bill Weld,2
Washtenaw,"Sharon Township, Precinct 1",President,,REP,Uncommitted,8
Washtenaw,"Sharon Township, Precinct 1",Washtenaw Community College Millage Renewal and Restoration,,,Yes,292
Washtenaw,"Sharon Township, Precinct 1",Washtenaw Community College Millage Renewal and Restoration,,,No,242
Washtenaw,"City of Ann Arbor, Ward 2, Precinct 1",Registered Voters,,,,1587
Washtenaw,"City of Ann Arbor, Ward 2, Precinct 1",Ballots Cast,,,,475
Washtenaw,"City of Ann Arbor, Ward 2, Precinct 1",President,,DEM,Michael Bennet,0
Washtenaw,"City of Ann Arbor, Ward 2, Precinct 1",President,,DEM,Joe Biden,197
Washtenaw,"City of Ann Arbor, Ward 2, Precinct 1",President,,DEM,Michael R. Bloomberg,8
Washtenaw,"City of Ann Arbor, Ward 2, Precinct 1",President,,DEM,Cory Booker,0
Washtenaw,"City of Ann Arbor, Ward 2, Precinct 1",President,,DEM,Pete Buttigieg,3
Washtenaw,"City of Ann Arbor, Ward 2, Precinct 1",President,,DEM,Julian Castro,0
Washtenaw,"City of Ann Arbor, Ward 2, Precinct 1",President,,DEM,John Delaney,0
Washtenaw,"City of Ann Arbor, Ward 2, Precinct 1",President,,DEM,Tulsi Gabbard,3
Washtenaw,"City of Ann Arbor, Ward 2, Precinct 1",President,,DEM,Amy Klobuchar,3
Washtenaw,"City of Ann Arbor, Ward 2, Precinct 1",President,,DEM,Bernie Sanders,235
Washtenaw,"City of Ann Arbor, Ward 2, Precinct 1",President,,DEM,Joe Sestak,0
Washtenaw,"City of Ann Arbor, Ward 2, Precinct 1",President,,DEM,Tom Steyer,0
Washtenaw,"City of Ann Arbor, Ward 2, Precinct 1",President,,DEM,Elizabeth Warren,10
Washtenaw,"City of Ann Arbor, Ward 2, Precinct 1",President,,DEM,Marianne Williamson,0
Washtenaw,"City of Ann Arbor, Ward 2, Precinct 1",President,,DEM,Andrew Yang,0
Washtenaw,"City of Ann Arbor, Ward 2, Precinct 1",President,,DEM,Uncommitted,0
Washtenaw,"City of Ann Arbor, Ward 2, Precinct 1",President,,REP,Mark Sanford,0
Washtenaw,"City of Ann Arbor, Ward 2, Precinct 1",President,,REP,Donald J. Trump,10
Washtenaw,"City of Ann Arbor, Ward 2, Precinct 1",President,,REP,Joe Walsh,1
Washtenaw,"City of Ann Arbor, Ward 2, Precinct 1",President,,REP,Bill Weld,1
Washtenaw,"City of Ann Arbor, Ward 2, Precinct 1",President,,REP,Uncommitted,0
Washtenaw,"City of Ann Arbor, Ward 2, Precinct 1",Washtenaw Community College Millage Renewal and Restoration,,,Yes,370
Washtenaw,"City of Ann Arbor, Ward 2, Precinct 1",Washtenaw Community College Millage Renewal and Restoration,,,No,67
Washtenaw,"Superior Township, Precinct 1",Registered Voters,,,,1811
Washtenaw,"Superior Township, Precinct 1",Ballots Cast,,,,852
Washtenaw,"Superior Township, Precinct 1",President,,DEM,Michael Bennet,0
Washtenaw,"Superior Township, Precinct 1",President,,DEM,Joe Biden,400
Washtenaw,"Superior Township, Precinct 1",President,,DEM,Michael R. Bloomberg,19
Washtenaw,"Superior Township, Precinct 1",President,,DEM,Cory Booker,0
Washtenaw,"Superior Township, Precinct 1",President,,DEM,Pete Buttigieg,10
Washtenaw,"Superior Township, Precinct 1",President,,DEM,Julian Castro,0
Washtenaw,"Superior Township, Precinct 1",President,,DEM,John Delaney,0
Washtenaw,"Superior Township, Precinct 1",President,,DEM,Tulsi Gabbard,5
Washtenaw,"Superior Township, Precinct 1",President,,DEM,Amy Klobuchar,9
Washtenaw,"Superior Township, Precinct 1",President,,DEM,Bernie Sanders,243
Washtenaw,"Superior Township, Precinct 1",President,,DEM,Joe Sestak,0
Washtenaw,"Superior Township, Precinct 1",President,,DEM,Tom Steyer,2
Washtenaw,"Superior Township, Precinct 1",President,,DEM,Elizabeth Warren,25
Washtenaw,"Superior Township, Precinct 1",President,,DEM,Marianne Williamson,0
Washtenaw,"Superior Township, Precinct 1",President,,DEM,Andrew Yang,2
Washtenaw,"Superior Township, Precinct 1",President,,DEM,Uncommitted,3
Washtenaw,"Superior Township, Precinct 1",President,,REP,Mark Sanford,0
Washtenaw,"Superior Township, Precinct 1",President,,REP,Donald J. Trump,113
Washtenaw,"Superior Township, Precinct 1",President,,REP,Joe Walsh,1
Washtenaw,"Superior Township, Precinct 1",President,,REP,Bill Weld,1
Washtenaw,"Superior Township, Precinct 1",President,,REP,Uncommitted,2
Washtenaw,"Superior Township, Precinct 1",Washtenaw Community College Millage Renewal and Restoration,,,Yes,584
Washtenaw,"Superior Township, Precinct 1",Washtenaw Community College Millage Renewal and Restoration,,,No,237
Washtenaw,"Superior Township, Precinct 2",Registered Voters,,,,2581
Washtenaw,"Superior Township, Precinct 2",Ballots Cast,,,,1072
Washtenaw,"Superior Township, Precinct 2",President,,DEM,Michael Bennet,0
Washtenaw,"Superior Township, Precinct 2",President,,DEM,Joe Biden,518
Washtenaw,"Superior Township, Precinct 2",President,,DEM,Michael R. Bloomberg,18
Washtenaw,"Superior Township, Precinct 2",President,,DEM,Cory Booker,3
Washtenaw,"Superior Township, Precinct 2",President,,DEM,Pete Buttigieg,6
Washtenaw,"Superior Township, Precinct 2",President,,DEM,Julian Castro,0
Washtenaw,"Superior Township, Precinct 2",President,,DEM,John Delaney,0
Washtenaw,"Superior Township, Precinct 2",President,,DEM,Tulsi Gabbard,5
Washtenaw,"Superior Township, Precinct 2",President,,DEM,Amy Klobuchar,4
Washtenaw,"Superior Township, Precinct 2",President,,DEM,Bernie Sanders,374
Washtenaw,"Superior Township, Precinct 2",President,,DEM,Joe Sestak,1
Washtenaw,"Superior Township, Precinct 2",President,,DEM,Tom Steyer,1
Washtenaw,"Superior Township, Precinct 2",President,,DEM,Elizabeth Warren,19
Washtenaw,"Superior Township, Precinct 2",President,,DEM,Marianne Williamson,1
Washtenaw,"Superior Township, Precinct 2",President,,DEM,Andrew Yang,0
Washtenaw,"Superior Township, Precinct 2",President,,DEM,Uncommitted,5
Washtenaw,"Superior Township, Precinct 2",President,,REP,Mark Sanford,1
Washtenaw,"Superior Township, Precinct 2",President,,REP,Donald J. Trump,84
Washtenaw,"Superior Township, Precinct 2",President,,REP,Joe Walsh,1
Washtenaw,"Superior Township, Precinct 2",President,,REP,Bill Weld,1
Washtenaw,"Superior Township, Precinct 2",President,,REP,Uncommitted,5
Washtenaw,"Superior Township, Precinct 2",Washtenaw Community College Millage Renewal and Restoration,,,Yes,768
Washtenaw,"Superior Township, Precinct 2",Washtenaw Community College Millage Renewal and Restoration,,,No,259
Washtenaw,"Superior Township, Precinct 3",Registered Voters,,,,1936
Washtenaw,"Superior Township, Precinct 3",Ballots Cast,,,,503
Washtenaw,"Superior Township, Precinct 3",President,,DEM,Michael Bennet,0
Washtenaw,"Superior Township, Precinct 3",President,,DEM,Joe Biden,270
Washtenaw,"Superior Township, Precinct 3",President,,DEM,Michael R. Bloomberg,9
Washtenaw,"Superior Township, Precinct 3",President,,DEM,Cory Booker,0
Washtenaw,"Superior Township, Precinct 3",President,,DEM,Pete Buttigieg,1
Washtenaw,"Superior Township, Precinct 3",President,,DEM,Julian Castro,0
Washtenaw,"Superior Township, Precinct 3",President,,DEM,John Delaney,1
Washtenaw,"Superior Township, Precinct 3",President,,DEM,Tulsi Gabbard,1
Washtenaw,"Superior Township, Precinct 3",President,,DEM,Amy Klobuchar,0
Washtenaw,"Superior Township, Precinct 3",President,,DEM,Bernie Sanders,185
Washtenaw,"Superior Township, Precinct 3",President,,DEM,Joe Sestak,0
Washtenaw,"Superior Township, Precinct 3",President,,DEM,Tom Steyer,1
Washtenaw,"Superior Township, Precinct 3",President,,DEM,Elizabeth Warren,8
Washtenaw,"Superior Township, Precinct 3",President,,DEM,Marianne Williamson,0
Washtenaw,"Superior Township, Precinct 3",President,,DEM,Andrew Yang,0
Washtenaw,"Superior Township, Precinct 3",President,,DEM,Uncommitted,0
Washtenaw,"Superior Township, Precinct 3",President,,REP,Mark Sanford,0
Washtenaw,"Superior Township, Precinct 3",President,,REP,Donald J. Trump,20
Washtenaw,"Superior Township, Precinct 3",President,,REP,Joe Walsh,0
Washtenaw,"Superior Township, Precinct 3",President,,REP,Bill Weld,3
Washtenaw,"Superior Township, Precinct 3",President,,REP,Uncommitted,0
Washtenaw,"Superior Township, Precinct 3",Washtenaw Community College Millage Renewal and Restoration,,,Yes,363
Washtenaw,"Superior Township, Precinct 3",Washtenaw Community College Millage Renewal and Restoration,,,No,122
Washtenaw,"Superior Township, Precinct 4",Registered Voters,,,,2541
Washtenaw,"Superior Township, Precinct 4",Ballots Cast,,,,717
Washtenaw,"Superior Township, Precinct 4",President,,DEM,Michael Bennet,0
Washtenaw,"Superior Township, Precinct 4",President,,DEM,Joe Biden,322
Washtenaw,"Superior Township, Precinct 4",President,,DEM,Michael R. Bloomberg,14
Washtenaw,"Superior Township, Precinct 4",President,,DEM,Cory Booker,1
Washtenaw,"Superior Township, Precinct 4",President,,DEM,Pete Buttigieg,3
Washtenaw,"Superior Township, Precinct 4",President,,DEM,Julian Castro,0
Washtenaw,"Superior Township, Precinct 4",President,,DEM,John Delaney,1
Washtenaw,"Superior Township, Precinct 4",President,,DEM,Tulsi Gabbard,5
Washtenaw,"Superior Township, Precinct 4",President,,DEM,Amy Klobuchar,2
Washtenaw,"Superior Township, Precinct 4",President,,DEM,Bernie Sanders,263
Washtenaw,"Superior Township, Precinct 4",President,,DEM,Joe Sestak,0
Washtenaw,"Superior Township, Precinct 4",President,,DEM,Tom Steyer,0
Washtenaw,"Superior Township, Precinct 4",President,,DEM,Elizabeth Warren,14
Washtenaw,"Superior Township, Precinct 4",President,,DEM,Marianne Williamson,0
Washtenaw,"Superior Township, Precinct 4",President,,DEM,Andrew Yang,1
Washtenaw,"Superior Township, Precinct 4",President,,DEM,Uncommitted,3
Washtenaw,"Superior Township, Precinct 4",President,,REP,Mark Sanford,0
Washtenaw,"Superior Township, Precinct 4",President,,REP,Donald J. Trump,70
Washtenaw,"Superior Township, Precinct 4",President,,REP,Joe Walsh,0
Washtenaw,"Superior Township, Precinct 4",President,,REP,Bill Weld,3
Washtenaw,"Superior Township, Precinct 4",President,,REP,Uncommitted,5
Washtenaw,"Superior Township, Precinct 4",Washtenaw Community College Millage Renewal and Restoration,,,Yes,507
Washtenaw,"Superior Township, Precinct 4",Washtenaw Community College Millage Renewal and Restoration,,,No,182
Washtenaw,"Superior Township, Precinct 5",Registered Voters,,,,2680
Washtenaw,"Superior Township, Precinct 5",Ballots Cast,,,,1130
Washtenaw,"Superior Township, Precinct 5",President,,DEM,Michael Bennet,0
Washtenaw,"Superior Township, Precinct 5",President,,DEM,Joe Biden,524
Washtenaw,"Superior Township, Precinct 5",President,,DEM,Michael R. Bloomberg,27
Washtenaw,"Superior Township, Precinct 5",President,,DEM,Cory Booker,0
Washtenaw,"Superior Township, Precinct 5",President,,DEM,Pete Buttigieg,12
Washtenaw,"Superior Township, Precinct 5",President,,DEM,Julian Castro,0
Washtenaw,"Superior Township, Precinct 5",President,,DEM,John Delaney,0
Washtenaw,"Superior Township, Precinct 5",President,,DEM,Tulsi Gabbard,6
Washtenaw,"Superior Township, Precinct 5",President,,DEM,Amy Klobuchar,7
Washtenaw,"Superior Township, Precinct 5",President,,DEM,Bernie Sanders,288
Washtenaw,"Superior Township, Precinct 5",President,,DEM,Joe Sestak,0
Washtenaw,"Superior Township, Precinct 5",President,,DEM,Tom Steyer,0
Washtenaw,"Superior Township, Precinct 5",President,,DEM,Elizabeth Warren,21
Washtenaw,"Superior Township, Precinct 5",President,,DEM,Marianne Williamson,0
Washtenaw,"Superior Township, Precinct 5",President,,DEM,Andrew Yang,3
Washtenaw,"Superior Township, Precinct 5",President,,DEM,Uncommitted,2
Washtenaw,"Superior Township, Precinct 5",President,,REP,Mark Sanford,1
Washtenaw,"Superior Township, Precinct 5",President,,REP,Donald J. Trump,203
Washtenaw,"Superior Township, Precinct 5",President,,REP,Joe Walsh,3
Washtenaw,"Superior Township, Precinct 5",President,,REP,Bill Weld,1
Washtenaw,"Superior Township, Precinct 5",President,,REP,Uncommitted,9
Washtenaw,"Superior Township, Precinct 5",Washtenaw Community College Millage Renewal and Restoration,,,Yes,719
Washtenaw,"Superior Township, Precinct 5",Washtenaw Community College Millage Renewal and Restoration,,,No,371
Washtenaw,"Superior Township, Precinct 5",Plymouth-Canton Community Schools School Improvement Bond Proposal,,,Yes,61
Washtenaw,"Superior Township, Precinct 5",Plymouth-Canton Community Schools School Improvement Bond Proposal,,,No,63
Washtenaw,"Sylvan Township, Precinct 1",Registered Voters,,,,2742
Washtenaw,"Sylvan Township, Precinct 1",Ballots Cast,,,,1146
Washtenaw,"Sylvan Township, Precinct 1",President,,DEM,Michael Bennet,1
Washtenaw,"Sylvan Township, Precinct 1",President,,DEM,Joe Biden,453
Washtenaw,"Sylvan Township, Precinct 1",President,,DEM,Michael R. Bloomberg,21
Washtenaw,"Sylvan Township, Precinct 1",President,,DEM,Cory Booker,0
Washtenaw,"Sylvan Township, Precinct 1",President,,DEM,Pete Buttigieg,17
Washtenaw,"Sylvan Township, Precinct 1",President,,DEM,Julian Castro,0
Washtenaw,"Sylvan Township, Precinct 1",President,,DEM,John Delaney,0
Washtenaw,"Sylvan Township, Precinct 1",President,,DEM,Tulsi Gabbard,8
Washtenaw,"Sylvan Township, Precinct 1",President,,DEM,Amy Klobuchar,6
Washtenaw,"Sylvan Township, Precinct 1",President,,DEM,Bernie Sanders,294
Washtenaw,"Sylvan Township, Precinct 1",President,,DEM,Joe Sestak,0
Washtenaw,"Sylvan Township, Precinct 1",President,,DEM,Tom Steyer,0
Washtenaw,"Sylvan Township, Precinct 1",President,,DEM,Elizabeth Warren,21
Washtenaw,"Sylvan Township, Precinct 1",President,,DEM,Marianne Williamson,1
Washtenaw,"Sylvan Township, Precinct 1",President,,DEM,Andrew Yang,4
Washtenaw,"Sylvan Township, Precinct 1",President,,DEM,Uncommitted,5
Washtenaw,"Sylvan Township, Precinct 1",President,,REP,Mark Sanford,9
Washtenaw,"Sylvan Township, Precinct 1",President,,REP,Donald J. Trump,260
Washtenaw,"Sylvan Township, Precinct 1",President,,REP,Joe Walsh,1
Washtenaw,"Sylvan Township, Precinct 1",President,,REP,Bill Weld,2
Washtenaw,"Sylvan Township, Precinct 1",President,,REP,Uncommitted,11
Washtenaw,"Sylvan Township, Precinct 1",Washtenaw Community College Millage Renewal and Restoration,,,Yes,725
Washtenaw,"Sylvan Township, Precinct 1",Washtenaw Community College Millage Renewal and Restoration,,,No,394
Washtenaw,"Webster Township, Precinct 1",Registered Voters,,,,1699
Washtenaw,"Webster Township, Precinct 1",Ballots Cast,,,,723
Washtenaw,"Webster Township, Precinct 1",President,,DEM,Michael Bennet,0
Washtenaw,"Webster Township, Precinct 1",President,,DEM,Joe Biden,294
Washtenaw,"Webster Township, Precinct 1",President,,DEM,Michael R. Bloomberg,16
Washtenaw,"Webster Township, Precinct 1",President,,DEM,Cory Booker,0
Washtenaw,"Webster Township, Precinct 1",President,,DEM,Pete Buttigieg,2
Washtenaw,"Webster Township, Precinct 1",President,,DEM,Julian Castro,0
Washtenaw,"Webster Township, Precinct 1",President,,DEM,John Delaney,1
Washtenaw,"Webster Township, Precinct 1",President,,DEM,Tulsi Gabbard,4
Washtenaw,"Webster Township, Precinct 1",President,,DEM,Amy Klobuchar,4
Washtenaw,"Webster Township, Precinct 1",President,,DEM,Bernie Sanders,203
Washtenaw,"Webster Township, Precinct 1",President,,DEM,Joe Sestak,0
Washtenaw,"Webster Township, Precinct 1",President,,DEM,Tom Steyer,0
Washtenaw,"Webster Township, Precinct 1",President,,DEM,Elizabeth Warren,12
Washtenaw,"Webster Township, Precinct 1",President,,DEM,Marianne Williamson,0
Washtenaw,"Webster Township, Precinct 1",President,,DEM,Andrew Yang,0
Washtenaw,"Webster Township, Precinct 1",President,,DEM,Uncommitted,2
Washtenaw,"Webster Township, Precinct 1",President,,REP,Mark Sanford,0
Washtenaw,"Webster Township, Precinct 1",President,,REP,Donald J. Trump,167
Washtenaw,"Webster Township, Precinct 1",President,,REP,Joe Walsh,0
Washtenaw,"Webster Township, Precinct 1",President,,REP,Bill Weld,0
Washtenaw,"Webster Township, Precinct 1",President,,REP,Uncommitted,1
Washtenaw,"Webster Township, Precinct 1",Washtenaw Community College Millage Renewal and Restoration,,,Yes,486
Washtenaw,"Webster Township, Precinct 1",Washtenaw Community College Millage Renewal and Restoration,,,No,214
Washtenaw,"Webster Township, Precinct 2",Registered Voters,,,,1743
Washtenaw,"Webster Township, Precinct 2",Ballots Cast,,,,682
Washtenaw,"Webster Township, Precinct 2",President,,DEM,Michael Bennet,0
Washtenaw,"Webster Township, Precinct 2",President,,DEM,Joe Biden,319
Washtenaw,"Webster Township, Precinct 2",President,,DEM,Michael R. Bloomberg,13
Washtenaw,"Webster Township, Precinct 2",President,,DEM,Cory Booker,0
Washtenaw,"Webster Township, Precinct 2",President,,DEM,Pete Buttigieg,10
Washtenaw,"Webster Township, Precinct 2",President,,DEM,Julian Castro,0
Washtenaw,"Webster Township, Precinct 2",President,,DEM,John Delaney,0
Washtenaw,"Webster Township, Precinct 2",President,,DEM,Tulsi Gabbard,7
Washtenaw,"Webster Township, Precinct 2",President,,DEM,Amy Klobuchar,1
Washtenaw,"Webster Township, Precinct 2",President,,DEM,Bernie Sanders,152
Washtenaw,"Webster Township, Precinct 2",President,,DEM,Joe Sestak,1
Washtenaw,"Webster Township, Precinct 2",President,,DEM,Tom Steyer,1
Washtenaw,"Webster Township, Precinct 2",President,,DEM,Elizabeth Warren,9
Washtenaw,"Webster Township, Precinct 2",President,,DEM,Marianne Williamson,0
Washtenaw,"Webster Township, Precinct 2",President,,DEM,Andrew Yang,0
Washtenaw,"Webster Township, Precinct 2",President,,DEM,Uncommitted,3
Washtenaw,"Webster Township, Precinct 2",President,,REP,Mark Sanford,0
Washtenaw,"Webster Township, Precinct 2",President,,REP,Donald J. Trump,151
Washtenaw,"Webster Township, Precinct 2",President,,REP,Joe Walsh,1
Washtenaw,"Webster Township, Precinct 2",President,,REP,Bill Weld,3
Washtenaw,"Webster Township, Precinct 2",President,,REP,Uncommitted,4
Washtenaw,"Webster Township, Precinct 2",Washtenaw Community College Millage Renewal and Restoration,,,Yes,436
Washtenaw,"Webster Township, Precinct 2",Washtenaw Community College Millage Renewal and Restoration,,,No,233
Washtenaw,"City of Ann Arbor, Ward 2, Precinct 2",Registered Voters,,,,2532
Washtenaw,"City of Ann Arbor, Ward 2, Precinct 2",Ballots Cast,,,,690
Washtenaw,"City of Ann Arbor, Ward 2, Precinct 2",President,,DEM,Michael Bennet,0
Washtenaw,"City of Ann Arbor, Ward 2, Precinct 2",President,,DEM,Joe Biden,213
Washtenaw,"City of Ann Arbor, Ward 2, Precinct 2",President,,DEM,Michael R. Bloomberg,1
Washtenaw,"City of Ann Arbor, Ward 2, Precinct 2",President,,DEM,Cory Booker,0
Washtenaw,"City of Ann Arbor, Ward 2, Precinct 2",President,,DEM,Pete Buttigieg,1
Washtenaw,"City of Ann Arbor, Ward 2, Precinct 2",President,,DEM,Julian Castro,0
Washtenaw,"City of Ann Arbor, Ward 2, Precinct 2",President,,DEM,John Delaney,0
Washtenaw,"City of Ann Arbor, Ward 2, Precinct 2",President,,DEM,Tulsi Gabbard,2
Washtenaw,"City of Ann Arbor, Ward 2, Precinct 2",President,,DEM,Amy Klobuchar,0
Washtenaw,"City of Ann Arbor, Ward 2, Precinct 2",President,,DEM,Bernie Sanders,458
Washtenaw,"City of Ann Arbor, Ward 2, Precinct 2",President,,DEM,Joe Sestak,0
Washtenaw,"City of Ann Arbor, Ward 2, Precinct 2",President,,DEM,Tom Steyer,0
Washtenaw,"City of Ann Arbor, Ward 2, Precinct 2",President,,DEM,Elizabeth Warren,3
Washtenaw,"City of Ann Arbor, Ward 2, Precinct 2",President,,DEM,Marianne Williamson,0
Washtenaw,"City of Ann Arbor, Ward 2, Precinct 2",President,,DEM,Andrew Yang,0
Washtenaw,"City of Ann Arbor, Ward 2, Precinct 2",President,,DEM,Uncommitted,0
Washtenaw,"City of Ann Arbor, Ward 2, Precinct 2",President,,REP,Mark Sanford,0
Washtenaw,"City of Ann Arbor, Ward 2, Precinct 2",President,,REP,Donald J. Trump,11
Washtenaw,"City of Ann Arbor, Ward 2, Precinct 2",President,,REP,Joe Walsh,0
Washtenaw,"City of Ann Arbor, Ward 2, Precinct 2",President,,REP,Bill Weld,0
Washtenaw,"City of Ann Arbor, Ward 2, Precinct 2",President,,REP,Uncommitted,0
Washtenaw,"City of Ann Arbor, Ward 2, Precinct 2",Washtenaw Community College Millage Renewal and Restoration,,,Yes,448
Washtenaw,"City of Ann Arbor, Ward 2, Precinct 2",Washtenaw Community College Millage Renewal and Restoration,,,No,95
Washtenaw,"Webster Township, Precinct 3",Registered Voters,,,,2120
Washtenaw,"Webster Township, Precinct 3",Ballots Cast,,,,918
Washtenaw,"Webster Township, Precinct 3",President,,DEM,Michael Bennet,1
Washtenaw,"Webster Township, Precinct 3",President,,DEM,Joe Biden,467
Washtenaw,"Webster Township, Precinct 3",President,,DEM,Michael R. Bloomberg,16
Washtenaw,"Webster Township, Precinct 3",President,,DEM,Cory Booker,0
Washtenaw,"Webster Township, Precinct 3",President,,DEM,Pete Buttigieg,4
Washtenaw,"Webster Township, Precinct 3",President,,DEM,Julian Castro,0
Washtenaw,"Webster Township, Precinct 3",President,,DEM,John Delaney,0
Washtenaw,"Webster Township, Precinct 3",President,,DEM,Tulsi Gabbard,6
Washtenaw,"Webster Township, Precinct 3",President,,DEM,Amy Klobuchar,3
Washtenaw,"Webster Township, Precinct 3",President,,DEM,Bernie Sanders,236
Washtenaw,"Webster Township, Precinct 3",President,,DEM,Joe Sestak,0
Washtenaw,"Webster Township, Precinct 3",President,,DEM,Tom Steyer,0
Washtenaw,"Webster Township, Precinct 3",President,,DEM,Elizabeth Warren,15
Washtenaw,"Webster Township, Precinct 3",President,,DEM,Marianne Williamson,0
Washtenaw,"Webster Township, Precinct 3",President,,DEM,Andrew Yang,0
Washtenaw,"Webster Township, Precinct 3",President,,DEM,Uncommitted,5
Washtenaw,"Webster Township, Precinct 3",President,,REP,Mark Sanford,0
Washtenaw,"Webster Township, Precinct 3",President,,REP,Donald J. Trump,141
Washtenaw,"Webster Township, Precinct 3",President,,REP,Joe Walsh,0
Washtenaw,"Webster Township, Precinct 3",President,,REP,Bill Weld,4
Washtenaw,"Webster Township, Precinct 3",President,,REP,Uncommitted,6
Washtenaw,"Webster Township, Precinct 3",Washtenaw Community College Millage Renewal and Restoration,,,Yes,688
Washtenaw,"Webster Township, Precinct 3",Washtenaw Community College Millage Renewal and Restoration,,,No,204
Washtenaw,"York Township, Precinct 1",Registered Voters,,,,2002
Washtenaw,"York Township, Precinct 1",Ballots Cast,,,,830
Washtenaw,"York Township, Precinct 1",President,,DEM,Michael Bennet,4
Washtenaw,"York Township, Precinct 1",President,,DEM,Joe Biden,254
Washtenaw,"York Township, Precinct 1",President,,DEM,Michael R. Bloomberg,28
Washtenaw,"York Township, Precinct 1",President,,DEM,Cory Booker,1
Washtenaw,"York Township, Precinct 1",President,,DEM,Pete Buttigieg,5
Washtenaw,"York Township, Precinct 1",President,,DEM,Julian Castro,2
Washtenaw,"York Township, Precinct 1",President,,DEM,John Delaney,0
Washtenaw,"York Township, Precinct 1",President,,DEM,Tulsi Gabbard,0
Washtenaw,"York Township, Precinct 1",President,,DEM,Amy Klobuchar,2
Washtenaw,"York Township, Precinct 1",President,,DEM,Bernie Sanders,171
Washtenaw,"York Township, Precinct 1",President,,DEM,Joe Sestak,1
Washtenaw,"York Township, Precinct 1",President,,DEM,Tom Steyer,1
Washtenaw,"York Township, Precinct 1",President,,DEM,Elizabeth Warren,10
Washtenaw,"York Township, Precinct 1",President,,DEM,Marianne Williamson,0
Washtenaw,"York Township, Precinct 1",President,,DEM,Andrew Yang,3
Washtenaw,"York Township, Precinct 1",President,,DEM,Uncommitted,5
Washtenaw,"York Township, Precinct 1",President,,REP,Mark Sanford,7
Washtenaw,"York Township, Precinct 1",President,,REP,Donald J. Trump,310
Washtenaw,"York Township, Precinct 1",President,,REP,Joe Walsh,5
Washtenaw,"York Township, Precinct 1",President,,REP,Bill Weld,1
Washtenaw,"York Township, Precinct 1",President,,REP,Uncommitted,11
Washtenaw,"York Township, Precinct 1",Washtenaw Community College Millage Renewal and Restoration,,,Yes,490
Washtenaw,"York Township, Precinct 1",Washtenaw Community College Millage Renewal and Restoration,,,No,286
Washtenaw,"York Township, Precinct 2",Registered Voters,,,,2080
Washtenaw,"York Township, Precinct 2",Ballots Cast,,,,772
Washtenaw,"York Township, Precinct 2",President,,DEM,Michael Bennet,0
Washtenaw,"York Township, Precinct 2",President,,DEM,Joe Biden,328
Washtenaw,"York Township, Precinct 2",President,,DEM,Michael R. Bloomberg,8
Washtenaw,"York Township, Precinct 2",President,,DEM,Cory Booker,0
Washtenaw,"York Township, Precinct 2",President,,DEM,Pete Buttigieg,3
Washtenaw,"York Township, Precinct 2",President,,DEM,Julian Castro,1
Washtenaw,"York Township, Precinct 2",President,,DEM,John Delaney,0
Washtenaw,"York Township, Precinct 2",President,,DEM,Tulsi Gabbard,5
Washtenaw,"York Township, Precinct 2",President,,DEM,Amy Klobuchar,3
Washtenaw,"York Township, Precinct 2",President,,DEM,Bernie Sanders,189
Washtenaw,"York Township, Precinct 2",President,,DEM,Joe Sestak,1
Washtenaw,"York Township, Precinct 2",President,,DEM,Tom Steyer,2
Washtenaw,"York Township, Precinct 2",President,,DEM,Elizabeth Warren,5
Washtenaw,"York Township, Precinct 2",President,,DEM,Marianne Williamson,0
Washtenaw,"York Township, Precinct 2",President,,DEM,Andrew Yang,0
Washtenaw,"York Township, Precinct 2",President,,DEM,Uncommitted,3
Washtenaw,"York Township, Precinct 2",President,,REP,Mark Sanford,3
Washtenaw,"York Township, Precinct 2",President,,REP,Donald J. Trump,180
Washtenaw,"York Township, Precinct 2",President,,REP,Joe Walsh,1
Washtenaw,"York Township, Precinct 2",President,,REP,Bill Weld,5
Washtenaw,"York Township, Precinct 2",President,,REP,Uncommitted,5
Washtenaw,"York Township, Precinct 2",Washtenaw Community College Millage Renewal and Restoration,,,Yes,525
Washtenaw,"York Township, Precinct 2",Washtenaw Community College Millage Renewal and Restoration,,,No,233
Washtenaw,"York Township, Precinct 3",Registered Voters,,,,1597
Washtenaw,"York Township, Precinct 3",Ballots Cast,,,,612
Washtenaw,"York Township, Precinct 3",President,,DEM,Michael Bennet,0
Washtenaw,"York Township, Precinct 3",President,,DEM,Joe Biden,232
Washtenaw,"York Township, Precinct 3",President,,DEM,Michael R. Bloomberg,10
Washtenaw,"York Township, Precinct 3",President,,DEM,Cory Booker,0
Washtenaw,"York Township, Precinct 3",President,,DEM,Pete Buttigieg,7
Washtenaw,"York Township, Precinct 3",President,,DEM,Julian Castro,0
Washtenaw,"York Township, Precinct 3",President,,DEM,John Delaney,0
Washtenaw,"York Township, Precinct 3",President,,DEM,Tulsi Gabbard,8
Washtenaw,"York Township, Precinct 3",President,,DEM,Amy Klobuchar,6
Washtenaw,"York Township, Precinct 3",President,,DEM,Bernie Sanders,154
Washtenaw,"York Township, Precinct 3",President,,DEM,Joe Sestak,1
Washtenaw,"York Township, Precinct 3",President,,DEM,Tom Steyer,0
Washtenaw,"York Township, Precinct 3",President,,DEM,Elizabeth Warren,12
Washtenaw,"York Township, Precinct 3",President,,DEM,Marianne Williamson,0
Washtenaw,"York Township, Precinct 3",President,,DEM,Andrew Yang,1
Washtenaw,"York Township, Precinct 3",President,,DEM,Uncommitted,4
Washtenaw,"York Township, Precinct 3",President,,REP,Mark Sanford,4
Washtenaw,"York Township, Precinct 3",President,,REP,Donald J. Trump,135
Washtenaw,"York Township, Precinct 3",President,,REP,Joe Walsh,2
Washtenaw,"York Township, Precinct 3",President,,REP,Bill Weld,2
Washtenaw,"York Township, Precinct 3",President,,REP,Uncommitted,16
Washtenaw,"York Township, Precinct 3",Washtenaw Community College Millage Renewal and Restoration,,,Yes,422
Washtenaw,"York Township, Precinct 3",Washtenaw Community College Millage Renewal and Restoration,,,No,180
Washtenaw,"Ypsilanti Township, Precinct 1",Registered Voters,,,,2932
Washtenaw,"Ypsilanti Township, Precinct 1",Ballots Cast,,,,853
Washtenaw,"Ypsilanti Township, Precinct 1",President,,DEM,Michael Bennet,0
Washtenaw,"Ypsilanti Township, Precinct 1",President,,DEM,Joe Biden,273
Washtenaw,"Ypsilanti Township, Precinct 1",President,,DEM,Michael R. Bloomberg,15
Washtenaw,"Ypsilanti Township, Precinct 1",President,,DEM,Cory Booker,0
Washtenaw,"Ypsilanti Township, Precinct 1",President,,DEM,Pete Buttigieg,6
Washtenaw,"Ypsilanti Township, Precinct 1",President,,DEM,Julian Castro,0
Washtenaw,"Ypsilanti Township, Precinct 1",President,,DEM,John Delaney,0
Washtenaw,"Ypsilanti Township, Precinct 1",President,,DEM,Tulsi Gabbard,4
Washtenaw,"Ypsilanti Township, Precinct 1",President,,DEM,Amy Klobuchar,0
Washtenaw,"Ypsilanti Township, Precinct 1",President,,DEM,Bernie Sanders,472
Washtenaw,"Ypsilanti Township, Precinct 1",President,,DEM,Joe Sestak,0
Washtenaw,"Ypsilanti Township, Precinct 1",President,,DEM,Tom Steyer,2
Washtenaw,"Ypsilanti Township, Precinct 1",President,,DEM,Elizabeth Warren,15
Washtenaw,"Ypsilanti Township, Precinct 1",President,,DEM,Marianne Williamson,1
Washtenaw,"Ypsilanti Township, Precinct 1",President,,DEM,Andrew Yang,3
Washtenaw,"Ypsilanti Township, Precinct 1",President,,DEM,Uncommitted,3
Washtenaw,"Ypsilanti Township, Precinct 1",President,,REP,Mark Sanford,0
Washtenaw,"Ypsilanti Township, Precinct 1",President,,REP,Donald J. Trump,40
Washtenaw,"Ypsilanti Township, Precinct 1",President,,REP,Joe Walsh,3
Washtenaw,"Ypsilanti Township, Precinct 1",President,,REP,Bill Weld,3
Washtenaw,"Ypsilanti Township, Precinct 1",President,,REP,Uncommitted,4
Washtenaw,"Ypsilanti Township, Precinct 1",Washtenaw Community College Millage Renewal and Restoration,,,Yes,684
Washtenaw,"Ypsilanti Township, Precinct 1",Washtenaw Community College Millage Renewal and Restoration,,,No,137
Washtenaw,"Ypsilanti Township, Precinct 2",Registered Voters,,,,1860
Washtenaw,"Ypsilanti Township, Precinct 2",Ballots Cast,,,,811
Washtenaw,"Ypsilanti Township, Precinct 2",President,,DEM,Michael Bennet,1
Washtenaw,"Ypsilanti Township, Precinct 2",President,,DEM,Joe Biden,313
Washtenaw,"Ypsilanti Township, Precinct 2",President,,DEM,Michael R. Bloomberg,19
Washtenaw,"Ypsilanti Township, Precinct 2",President,,DEM,Cory Booker,0
Washtenaw,"Ypsilanti Township, Precinct 2",President,,DEM,Pete Buttigieg,5
Washtenaw,"Ypsilanti Township, Precinct 2",President,,DEM,Julian Castro,0
Washtenaw,"Ypsilanti Township, Precinct 2",President,,DEM,John Delaney,0
Washtenaw,"Ypsilanti Township, Precinct 2",President,,DEM,Tulsi Gabbard,2
Washtenaw,"Ypsilanti Township, Precinct 2",President,,DEM,Amy Klobuchar,3
Washtenaw,"Ypsilanti Township, Precinct 2",President,,DEM,Bernie Sanders,335
Washtenaw,"Ypsilanti Township, Precinct 2",President,,DEM,Joe Sestak,0
Washtenaw,"Ypsilanti Township, Precinct 2",President,,DEM,Tom Steyer,0
Washtenaw,"Ypsilanti Township, Precinct 2",President,,DEM,Elizabeth Warren,11
Washtenaw,"Ypsilanti Township, Precinct 2",President,,DEM,Marianne Williamson,0
Washtenaw,"Ypsilanti Township, Precinct 2",President,,DEM,Andrew Yang,0
Washtenaw,"Ypsilanti Township, Precinct 2",President,,DEM,Uncommitted,9
Washtenaw,"Ypsilanti Township, Precinct 2",President,,REP,Mark Sanford,2
Washtenaw,"Ypsilanti Township, Precinct 2",President,,REP,Donald J. Trump,90
Washtenaw,"Ypsilanti Township, Precinct 2",President,,REP,Joe Walsh,0
Washtenaw,"Ypsilanti Township, Precinct 2",President,,REP,Bill Weld,3
Washtenaw,"Ypsilanti Township, Precinct 2",President,,REP,Uncommitted,6
Washtenaw,"Ypsilanti Township, Precinct 2",Washtenaw Community College Millage Renewal and Restoration,,,Yes,580
Washtenaw,"Ypsilanti Township, Precinct 2",Washtenaw Community College Millage Renewal and Restoration,,,No,206
Washtenaw,"Ypsilanti Township, Precinct 3",Registered Voters,,,,1894
Washtenaw,"Ypsilanti Township, Precinct 3",Ballots Cast,,,,692
Washtenaw,"Ypsilanti Township, Precinct 3",President,,DEM,Michael Bennet,1
Washtenaw,"Ypsilanti Township, Precinct 3",President,,DEM,Joe Biden,246
Washtenaw,"Ypsilanti Township, Precinct 3",President,,DEM,Michael R. Bloomberg,7
Washtenaw,"Ypsilanti Township, Precinct 3",President,,DEM,Cory Booker,2
Washtenaw,"Ypsilanti Township, Precinct 3",President,,DEM,Pete Buttigieg,5
Washtenaw,"Ypsilanti Township, Precinct 3",President,,DEM,Julian Castro,1
Washtenaw,"Ypsilanti Township, Precinct 3",President,,DEM,John Delaney,1
Washtenaw,"Ypsilanti Township, Precinct 3",President,,DEM,Tulsi Gabbard,6
Washtenaw,"Ypsilanti Township, Precinct 3",President,,DEM,Amy Klobuchar,4
Washtenaw,"Ypsilanti Township, Precinct 3",President,,DEM,Bernie Sanders,356
Washtenaw,"Ypsilanti Township, Precinct 3",President,,DEM,Joe Sestak,0
Washtenaw,"Ypsilanti Township, Precinct 3",President,,DEM,Tom Steyer,0
Washtenaw,"Ypsilanti Township, Precinct 3",President,,DEM,Elizabeth Warren,17
Washtenaw,"Ypsilanti Township, Precinct 3",President,,DEM,Marianne Williamson,0
Washtenaw,"Ypsilanti Township, Precinct 3",President,,DEM,Andrew Yang,1
Washtenaw,"Ypsilanti Township, Precinct 3",President,,DEM,Uncommitted,2
Washtenaw,"Ypsilanti Township, Precinct 3",President,,REP,Mark Sanford,0
Washtenaw,"Ypsilanti Township, Precinct 3",President,,REP,Donald J. Trump,32
Washtenaw,"Ypsilanti Township, Precinct 3",President,,REP,Joe Walsh,0
Washtenaw,"Ypsilanti Township, Precinct 3",President,,REP,Bill Weld,2
Washtenaw,"Ypsilanti Township, Precinct 3",President,,REP,Uncommitted,1
Washtenaw,"Ypsilanti Township, Precinct 3",Washtenaw Community College Millage Renewal and Restoration,,,Yes,527
Washtenaw,"Ypsilanti Township, Precinct 3",Washtenaw Community College Millage Renewal and Restoration,,,No,148
Washtenaw,"Ypsilanti Township, Precinct 4",Registered Voters,,,,2913
Washtenaw,"Ypsilanti Township, Precinct 4",Ballots Cast,,,,912
Washtenaw,"Ypsilanti Township, Precinct 4",President,,DEM,Michael Bennet,0
Washtenaw,"Ypsilanti Township, Precinct 4",President,,DEM,Joe Biden,348
Washtenaw,"Ypsilanti Township, Precinct 4",President,,DEM,Michael R. Bloomberg,17
Washtenaw,"Ypsilanti Township, Precinct 4",President,,DEM,Cory Booker,0
Washtenaw,"Ypsilanti Township, Precinct 4",President,,DEM,Pete Buttigieg,10
Washtenaw,"Ypsilanti Township, Precinct 4",President,,DEM,Julian Castro,0
Washtenaw,"Ypsilanti Township, Precinct 4",President,,DEM,John Delaney,0
Washtenaw,"Ypsilanti Township, Precinct 4",President,,DEM,Tulsi Gabbard,3
Washtenaw,"Ypsilanti Township, Precinct 4",President,,DEM,Amy Klobuchar,6
Washtenaw,"Ypsilanti Township, Precinct 4",President,,DEM,Bernie Sanders,386
Washtenaw,"Ypsilanti Township, Precinct 4",President,,DEM,Joe Sestak,0
Washtenaw,"Ypsilanti Township, Precinct 4",President,,DEM,Tom Steyer,0
Washtenaw,"Ypsilanti Township, Precinct 4",President,,DEM,Elizabeth Warren,12
Washtenaw,"Ypsilanti Township, Precinct 4",President,,DEM,Marianne Williamson,0
Washtenaw,"Ypsilanti Township, Precinct 4",President,,DEM,Andrew Yang,2
Washtenaw,"Ypsilanti Township, Precinct 4",President,,DEM,Uncommitted,4
Washtenaw,"Ypsilanti Township, Precinct 4",President,,REP,Mark Sanford,1
Washtenaw,"Ypsilanti Township, Precinct 4",President,,REP,Donald J. Trump,96
Washtenaw,"Ypsilanti Township, Precinct 4",President,,REP,Joe Walsh,1
Washtenaw,"Ypsilanti Township, Precinct 4",President,,REP,Bill Weld,2
Washtenaw,"Ypsilanti Township, Precinct 4",President,,REP,Uncommitted,7
Washtenaw,"Ypsilanti Township, Precinct 4",Washtenaw Community College Millage Renewal and Restoration,,,Yes,694
Washtenaw,"Ypsilanti Township, Precinct 4",Washtenaw Community College Millage Renewal and Restoration,,,No,203
Washtenaw,"Ypsilanti Township, Precinct 5",Registered Voters,,,,2204
Washtenaw,"Ypsilanti Township, Precinct 5",Ballots Cast,,,,545
Washtenaw,"Ypsilanti Township, Precinct 5",President,,DEM,Michael Bennet,2
Washtenaw,"Ypsilanti Township, Precinct 5",President,,DEM,Joe Biden,211
Washtenaw,"Ypsilanti Township, Precinct 5",President,,DEM,Michael R. Bloomberg,17
Washtenaw,"Ypsilanti Township, Precinct 5",President,,DEM,Cory Booker,0
Washtenaw,"Ypsilanti Township, Precinct 5",President,,DEM,Pete Buttigieg,2
Washtenaw,"Ypsilanti Township, Precinct 5",President,,DEM,Julian Castro,0
Washtenaw,"Ypsilanti Township, Precinct 5",President,,DEM,John Delaney,0
Washtenaw,"Ypsilanti Township, Precinct 5",President,,DEM,Tulsi Gabbard,1
Washtenaw,"Ypsilanti Township, Precinct 5",President,,DEM,Amy Klobuchar,1
Washtenaw,"Ypsilanti Township, Precinct 5",President,,DEM,Bernie Sanders,228
Washtenaw,"Ypsilanti Township, Precinct 5",President,,DEM,Joe Sestak,0
Washtenaw,"Ypsilanti Township, Precinct 5",President,,DEM,Tom Steyer,0
Washtenaw,"Ypsilanti Township, Precinct 5",President,,DEM,Elizabeth Warren,12
Washtenaw,"Ypsilanti Township, Precinct 5",President,,DEM,Marianne Williamson,0
Washtenaw,"Ypsilanti Township, Precinct 5",President,,DEM,Andrew Yang,0
Washtenaw,"Ypsilanti Township, Precinct 5",President,,DEM,Uncommitted,6
Washtenaw,"Ypsilanti Township, Precinct 5",President,,REP,Mark Sanford,0
Washtenaw,"Ypsilanti Township, Precinct 5",President,,REP,Donald J. Trump,54
Washtenaw,"Ypsilanti Township, Precinct 5",President,,REP,Joe Walsh,1
Washtenaw,"Ypsilanti Township, Precinct 5",President,,REP,Bill Weld,0
Washtenaw,"Ypsilanti Township, Precinct 5",President,,REP,Uncommitted,5
Washtenaw,"Ypsilanti Township, Precinct 5",Washtenaw Community College Millage Renewal and Restoration,,,Yes,368
Washtenaw,"Ypsilanti Township, Precinct 5",Washtenaw Community College Millage Renewal and Restoration,,,No,159
Washtenaw,"Ypsilanti Township, Precinct 6",Registered Voters,,,,1501
Washtenaw,"Ypsilanti Township, Precinct 6",Ballots Cast,,,,389
Washtenaw,"Ypsilanti Township, Precinct 6",President,,DEM,Michael Bennet,0
Washtenaw,"Ypsilanti Township, Precinct 6",President,,DEM,Joe Biden,123
Washtenaw,"Ypsilanti Township, Precinct 6",President,,DEM,Michael R. Bloomberg,1
Washtenaw,"Ypsilanti Township, Precinct 6",President,,DEM,Cory Booker,0
Washtenaw,"Ypsilanti Township, Precinct 6",President,,DEM,Pete Buttigieg,2
Washtenaw,"Ypsilanti Township, Precinct 6",President,,DEM,Julian Castro,0
Washtenaw,"Ypsilanti Township, Precinct 6",President,,DEM,John Delaney,0
Washtenaw,"Ypsilanti Township, Precinct 6",President,,DEM,Tulsi Gabbard,1
Washtenaw,"Ypsilanti Township, Precinct 6",President,,DEM,Amy Klobuchar,0
Washtenaw,"Ypsilanti Township, Precinct 6",President,,DEM,Bernie Sanders,176
Washtenaw,"Ypsilanti Township, Precinct 6",President,,DEM,Joe Sestak,0
Washtenaw,"Ypsilanti Township, Precinct 6",President,,DEM,Tom Steyer,0
Washtenaw,"Ypsilanti Township, Precinct 6",President,,DEM,Elizabeth Warren,5
Washtenaw,"Ypsilanti Township, Precinct 6",President,,DEM,Marianne Williamson,0
Washtenaw,"Ypsilanti Township, Precinct 6",President,,DEM,Andrew Yang,1
Washtenaw,"Ypsilanti Township, Precinct 6",President,,DEM,Uncommitted,3
Washtenaw,"Ypsilanti Township, Precinct 6",President,,REP,Mark Sanford,2
Washtenaw,"Ypsilanti Township, Precinct 6",President,,REP,Donald J. Trump,62
Washtenaw,"Ypsilanti Township, Precinct 6",President,,REP,Joe Walsh,1
Washtenaw,"Ypsilanti Township, Precinct 6",President,,REP,Bill Weld,0
Washtenaw,"Ypsilanti Township, Precinct 6",President,,REP,Uncommitted,3
Washtenaw,"Ypsilanti Township, Precinct 6",Washtenaw Community College Millage Renewal and Restoration,,,Yes,263
Washtenaw,"Ypsilanti Township, Precinct 6",Washtenaw Community College Millage Renewal and Restoration,,,No,118
Washtenaw,"City of Ann Arbor, Ward 2, Precinct 3",Registered Voters,,,,2557
Washtenaw,"City of Ann Arbor, Ward 2, Precinct 3",Ballots Cast,,,,529
Washtenaw,"City of Ann Arbor, Ward 2, Precinct 3",President,,DEM,Michael Bennet,0
Washtenaw,"City of Ann Arbor, Ward 2, Precinct 3",President,,DEM,Joe Biden,231
Washtenaw,"City of Ann Arbor, Ward 2, Precinct 3",President,,DEM,Michael R. Bloomberg,5
Washtenaw,"City of Ann Arbor, Ward 2, Precinct 3",President,,DEM,Cory Booker,0
Washtenaw,"City of Ann Arbor, Ward 2, Precinct 3",President,,DEM,Pete Buttigieg,1
Washtenaw,"City of Ann Arbor, Ward 2, Precinct 3",President,,DEM,Julian Castro,0
Washtenaw,"City of Ann Arbor, Ward 2, Precinct 3",President,,DEM,John Delaney,0
Washtenaw,"City of Ann Arbor, Ward 2, Precinct 3",President,,DEM,Tulsi Gabbard,4
Washtenaw,"City of Ann Arbor, Ward 2, Precinct 3",President,,DEM,Amy Klobuchar,0
Washtenaw,"City of Ann Arbor, Ward 2, Precinct 3",President,,DEM,Bernie Sanders,270
Washtenaw,"City of Ann Arbor, Ward 2, Precinct 3",President,,DEM,Joe Sestak,0
Washtenaw,"City of Ann Arbor, Ward 2, Precinct 3",President,,DEM,Tom Steyer,0
Washtenaw,"City of Ann Arbor, Ward 2, Precinct 3",President,,DEM,Elizabeth Warren,10
Washtenaw,"City of Ann Arbor, Ward 2, Precinct 3",President,,DEM,Marianne Williamson,0
Washtenaw,"City of Ann Arbor, Ward 2, Precinct 3",President,,DEM,Andrew Yang,2
Washtenaw,"City of Ann Arbor, Ward 2, Precinct 3",President,,DEM,Uncommitted,0
Washtenaw,"City of Ann Arbor, Ward 2, Precinct 3",President,,REP,Mark Sanford,0
Washtenaw,"City of Ann Arbor, Ward 2, Precinct 3",President,,REP,Donald J. Trump,5
Washtenaw,"City of Ann Arbor, Ward 2, Precinct 3",President,,REP,Joe Walsh,0
Washtenaw,"City of Ann Arbor, Ward 2, Precinct 3",President,,REP,Bill Weld,1
Washtenaw,"City of Ann Arbor, Ward 2, Precinct 3",President,,REP,Uncommitted,0
Washtenaw,"City of Ann Arbor, Ward 2, Precinct 3",Washtenaw Community College Millage Renewal and Restoration,,,Yes,410
Washtenaw,"City of Ann Arbor, Ward 2, Precinct 3",Washtenaw Community College Millage Renewal and Restoration,,,No,51
Washtenaw,"Ypsilanti Township, Precinct 7",Registered Voters,,,,2086
Washtenaw,"Ypsilanti Township, Precinct 7",Ballots Cast,,,,545
Washtenaw,"Ypsilanti Township, Precinct 7",President,,DEM,Michael Bennet,1
Washtenaw,"Ypsilanti Township, Precinct 7",President,,DEM,Joe Biden,218
Washtenaw,"Ypsilanti Township, Precinct 7",President,,DEM,Michael R. Bloomberg,16
Washtenaw,"Ypsilanti Township, Precinct 7",President,,DEM,Cory Booker,0
Washtenaw,"Ypsilanti Township, Precinct 7",President,,DEM,Pete Buttigieg,3
Washtenaw,"Ypsilanti Township, Precinct 7",President,,DEM,Julian Castro,0
Washtenaw,"Ypsilanti Township, Precinct 7",President,,DEM,John Delaney,0
Washtenaw,"Ypsilanti Township, Precinct 7",President,,DEM,Tulsi Gabbard,4
Washtenaw,"Ypsilanti Township, Precinct 7",President,,DEM,Amy Klobuchar,1
Washtenaw,"Ypsilanti Township, Precinct 7",President,,DEM,Bernie Sanders,207
Washtenaw,"Ypsilanti Township, Precinct 7",President,,DEM,Joe Sestak,0
Washtenaw,"Ypsilanti Township, Precinct 7",President,,DEM,Tom Steyer,0
Washtenaw,"Ypsilanti Township, Precinct 7",President,,DEM,Elizabeth Warren,2
Washtenaw,"Ypsilanti Township, Precinct 7",President,,DEM,Marianne Williamson,0
Washtenaw,"Ypsilanti Township, Precinct 7",President,,DEM,Andrew Yang,0
Washtenaw,"Ypsilanti Township, Precinct 7",President,,DEM,Uncommitted,6
Washtenaw,"Ypsilanti Township, Precinct 7",President,,REP,Mark Sanford,2
Washtenaw,"Ypsilanti Township, Precinct 7",President,,REP,Donald J. Trump,71
Washtenaw,"Ypsilanti Township, Precinct 7",President,,REP,Joe Walsh,1
Washtenaw,"Ypsilanti Township, Precinct 7",President,,REP,Bill Weld,0
Washtenaw,"Ypsilanti Township, Precinct 7",President,,REP,Uncommitted,6
Washtenaw,"Ypsilanti Township, Precinct 7",Washtenaw Community College Millage Renewal and Restoration,,,Yes,351
Washtenaw,"Ypsilanti Township, Precinct 7",Washtenaw Community College Millage Renewal and Restoration,,,No,176
Washtenaw,"Ypsilanti Township, Precinct 8",Registered Voters,,,,1983
Washtenaw,"Ypsilanti Township, Precinct 8",Ballots Cast,,,,559
Washtenaw,"Ypsilanti Township, Precinct 8",President,,DEM,Michael Bennet,0
Washtenaw,"Ypsilanti Township, Precinct 8",President,,DEM,Joe Biden,176
Washtenaw,"Ypsilanti Township, Precinct 8",President,,DEM,Michael R. Bloomberg,12
Washtenaw,"Ypsilanti Township, Precinct 8",President,,DEM,Cory Booker,0
Washtenaw,"Ypsilanti Township, Precinct 8",President,,DEM,Pete Buttigieg,0
Washtenaw,"Ypsilanti Township, Precinct 8",President,,DEM,Julian Castro,0
Washtenaw,"Ypsilanti Township, Precinct 8",President,,DEM,John Delaney,0
Washtenaw,"Ypsilanti Township, Precinct 8",President,,DEM,Tulsi Gabbard,0
Washtenaw,"Ypsilanti Township, Precinct 8",President,,DEM,Amy Klobuchar,2
Washtenaw,"Ypsilanti Township, Precinct 8",President,,DEM,Bernie Sanders,245
Washtenaw,"Ypsilanti Township, Precinct 8",President,,DEM,Joe Sestak,0
Washtenaw,"Ypsilanti Township, Precinct 8",President,,DEM,Tom Steyer,0
Washtenaw,"Ypsilanti Township, Precinct 8",President,,DEM,Elizabeth Warren,6
Washtenaw,"Ypsilanti Township, Precinct 8",President,,DEM,Marianne Williamson,0
Washtenaw,"Ypsilanti Township, Precinct 8",President,,DEM,Andrew Yang,0
Washtenaw,"Ypsilanti Township, Precinct 8",President,,DEM,Uncommitted,6
Washtenaw,"Ypsilanti Township, Precinct 8",President,,REP,Mark Sanford,0
Washtenaw,"Ypsilanti Township, Precinct 8",President,,REP,Donald J. Trump,87
Washtenaw,"Ypsilanti Township, Precinct 8",President,,REP,Joe Walsh,2
Washtenaw,"Ypsilanti Township, Precinct 8",President,,REP,Bill Weld,2
Washtenaw,"Ypsilanti Township, Precinct 8",President,,REP,Uncommitted,7
Washtenaw,"Ypsilanti Township, Precinct 8",Washtenaw Community College Millage Renewal and Restoration,,,Yes,382
Washtenaw,"Ypsilanti Township, Precinct 8",Washtenaw Community College Millage Renewal and Restoration,,,No,159
Washtenaw,"Ypsilanti Township, Precinct 9",Registered Voters,,,,2425
Washtenaw,"Ypsilanti Township, Precinct 9",Ballots Cast,,,,1040
Washtenaw,"Ypsilanti Township, Precinct 9",President,,DEM,Michael Bennet,0
Washtenaw,"Ypsilanti Township, Precinct 9",President,,DEM,Joe Biden,377
Washtenaw,"Ypsilanti Township, Precinct 9",President,,DEM,Michael R. Bloomberg,22
Washtenaw,"Ypsilanti Township, Precinct 9",President,,DEM,Cory Booker,1
Washtenaw,"Ypsilanti Township, Precinct 9",President,,DEM,Pete Buttigieg,13
Washtenaw,"Ypsilanti Township, Precinct 9",President,,DEM,Julian Castro,0
Washtenaw,"Ypsilanti Township, Precinct 9",President,,DEM,John Delaney,2
Washtenaw,"Ypsilanti Township, Precinct 9",President,,DEM,Tulsi Gabbard,4
Washtenaw,"Ypsilanti Township, Precinct 9",President,,DEM,Amy Klobuchar,4
Washtenaw,"Ypsilanti Township, Precinct 9",President,,DEM,Bernie Sanders,411
Washtenaw,"Ypsilanti Township, Precinct 9",President,,DEM,Joe Sestak,0
Washtenaw,"Ypsilanti Township, Precinct 9",President,,DEM,Tom Steyer,2
Washtenaw,"Ypsilanti Township, Precinct 9",President,,DEM,Elizabeth Warren,12
Washtenaw,"Ypsilanti Township, Precinct 9",President,,DEM,Marianne Williamson,1
Washtenaw,"Ypsilanti Township, Precinct 9",President,,DEM,Andrew Yang,0
Washtenaw,"Ypsilanti Township, Precinct 9",President,,DEM,Uncommitted,8
Washtenaw,"Ypsilanti Township, Precinct 9",President,,REP,Mark Sanford,2
Washtenaw,"Ypsilanti Township, Precinct 9",President,,REP,Donald J. Trump,150
Washtenaw,"Ypsilanti Township, Precinct 9",President,,REP,Joe Walsh,0
Washtenaw,"Ypsilanti Township, Precinct 9",President,,REP,Bill Weld,2
Washtenaw,"Ypsilanti Township, Precinct 9",President,,REP,Uncommitted,9
Washtenaw,"Ypsilanti Township, Precinct 9",Washtenaw Community College Millage Renewal and Restoration,,,Yes,723
Washtenaw,"Ypsilanti Township, Precinct 9",Washtenaw Community College Millage Renewal and Restoration,,,No,284
Washtenaw,"Ypsilanti Township, Precinct 10",Registered Voters,,,,1733
Washtenaw,"Ypsilanti Township, Precinct 10",Ballots Cast,,,,512
Washtenaw,"Ypsilanti Township, Precinct 10",President,,DEM,Michael Bennet,0
Washtenaw,"Ypsilanti Township, Precinct 10",President,,DEM,Joe Biden,206
Washtenaw,"Ypsilanti Township, Precinct 10",President,,DEM,Michael R. Bloomberg,16
Washtenaw,"Ypsilanti Township, Precinct 10",President,,DEM,Cory Booker,0
Washtenaw,"Ypsilanti Township, Precinct 10",President,,DEM,Pete Buttigieg,5
Washtenaw,"Ypsilanti Township, Precinct 10",President,,DEM,Julian Castro,0
Washtenaw,"Ypsilanti Township, Precinct 10",President,,DEM,John Delaney,0
Washtenaw,"Ypsilanti Township, Precinct 10",President,,DEM,Tulsi Gabbard,0
Washtenaw,"Ypsilanti Township, Precinct 10",President,,DEM,Amy Klobuchar,0
Washtenaw,"Ypsilanti Township, Precinct 10",President,,DEM,Bernie Sanders,211
Washtenaw,"Ypsilanti Township, Precinct 10",President,,DEM,Joe Sestak,0
Washtenaw,"Ypsilanti Township, Precinct 10",President,,DEM,Tom Steyer,0
Washtenaw,"Ypsilanti Township, Precinct 10",President,,DEM,Elizabeth Warren,12
Washtenaw,"Ypsilanti Township, Precinct 10",President,,DEM,Marianne Williamson,0
Washtenaw,"Ypsilanti Township, Precinct 10",President,,DEM,Andrew Yang,2
Washtenaw,"Ypsilanti Township, Precinct 10",President,,DEM,Uncommitted,3
Washtenaw,"Ypsilanti Township, Precinct 10",President,,REP,Mark Sanford,1
Washtenaw,"Ypsilanti Township, Precinct 10",President,,REP,Donald J. Trump,48
Washtenaw,"Ypsilanti Township, Precinct 10",President,,REP,Joe Walsh,1
Washtenaw,"Ypsilanti Township, Precinct 10",President,,REP,Bill Weld,0
Washtenaw,"Ypsilanti Township, Precinct 10",President,,REP,Uncommitted,1
Washtenaw,"Ypsilanti Township, Precinct 10",Washtenaw Community College Millage Renewal and Restoration,,,Yes,363
Washtenaw,"Ypsilanti Township, Precinct 10",Washtenaw Community College Millage Renewal and Restoration,,,No,131
Washtenaw,"Ypsilanti Township, Precinct 11",Registered Voters,,,,2515
Washtenaw,"Ypsilanti Township, Precinct 11",Ballots Cast,,,,673
Washtenaw,"Ypsilanti Township, Precinct 11",President,,DEM,Michael Bennet,1
Washtenaw,"Ypsilanti Township, Precinct 11",President,,DEM,Joe Biden,338
Washtenaw,"Ypsilanti Township, Precinct 11",President,,DEM,Michael R. Bloomberg,27
Washtenaw,"Ypsilanti Township, Precinct 11",President,,DEM,Cory Booker,2
Washtenaw,"Ypsilanti Township, Precinct 11",President,,DEM,Pete Buttigieg,4
Washtenaw,"Ypsilanti Township, Precinct 11",President,,DEM,Julian Castro,0
Washtenaw,"Ypsilanti Township, Precinct 11",President,,DEM,John Delaney,0
Washtenaw,"Ypsilanti Township, Precinct 11",President,,DEM,Tulsi Gabbard,5
Washtenaw,"Ypsilanti Township, Precinct 11",President,,DEM,Amy Klobuchar,2
Washtenaw,"Ypsilanti Township, Precinct 11",President,,DEM,Bernie Sanders,200
Washtenaw,"Ypsilanti Township, Precinct 11",President,,DEM,Joe Sestak,0
Washtenaw,"Ypsilanti Township, Precinct 11",President,,DEM,Tom Steyer,0
Washtenaw,"Ypsilanti Township, Precinct 11",President,,DEM,Elizabeth Warren,10
Washtenaw,"Ypsilanti Township, Precinct 11",President,,DEM,Marianne Williamson,0
Washtenaw,"Ypsilanti Township, Precinct 11",President,,DEM,Andrew Yang,0
Washtenaw,"Ypsilanti Township, Precinct 11",President,,DEM,Uncommitted,8
Washtenaw,"Ypsilanti Township, Precinct 11",President,,REP,Mark Sanford,0
Washtenaw,"Ypsilanti Township, Precinct 11",President,,REP,Donald J. Trump,63
Washtenaw,"Ypsilanti Township, Precinct 11",President,,REP,Joe Walsh,0
Washtenaw,"Ypsilanti Township, Precinct 11",President,,REP,Bill Weld,0
Washtenaw,"Ypsilanti Township, Precinct 11",President,,REP,Uncommitted,2
Washtenaw,"Ypsilanti Township, Precinct 11",Washtenaw Community College Millage Renewal and Restoration,,,Yes,433
Washtenaw,"Ypsilanti Township, Precinct 11",Washtenaw Community College Millage Renewal and Restoration,,,No,215
Washtenaw,"Ypsilanti Township, Precinct 12",Registered Voters,,,,2314
Washtenaw,"Ypsilanti Township, Precinct 12",Ballots Cast,,,,726
Washtenaw,"Ypsilanti Township, Precinct 12",President,,DEM,Michael Bennet,0
Washtenaw,"Ypsilanti Township, Precinct 12",President,,DEM,Joe Biden,229
Washtenaw,"Ypsilanti Township, Precinct 12",President,,DEM,Michael R. Bloomberg,16
Washtenaw,"Ypsilanti Township, Precinct 12",President,,DEM,Cory Booker,0
Washtenaw,"Ypsilanti Township, Precinct 12",President,,DEM,Pete Buttigieg,3
Washtenaw,"Ypsilanti Township, Precinct 12",President,,DEM,Julian Castro,0
Washtenaw,"Ypsilanti Township, Precinct 12",President,,DEM,John Delaney,0
Washtenaw,"Ypsilanti Township, Precinct 12",President,,DEM,Tulsi Gabbard,2
Washtenaw,"Ypsilanti Township, Precinct 12",President,,DEM,Amy Klobuchar,2
Washtenaw,"Ypsilanti Township, Precinct 12",President,,DEM,Bernie Sanders,415
Washtenaw,"Ypsilanti Township, Precinct 12",President,,DEM,Joe Sestak,1
Washtenaw,"Ypsilanti Township, Precinct 12",President,,DEM,Tom Steyer,1
Washtenaw,"Ypsilanti Township, Precinct 12",President,,DEM,Elizabeth Warren,9
Washtenaw,"Ypsilanti Township, Precinct 12",President,,DEM,Marianne Williamson,0
Washtenaw,"Ypsilanti Township, Precinct 12",President,,DEM,Andrew Yang,1
Washtenaw,"Ypsilanti Township, Precinct 12",President,,DEM,Uncommitted,4
Washtenaw,"Ypsilanti Township, Precinct 12",President,,REP,Mark Sanford,1
Washtenaw,"Ypsilanti Township, Precinct 12",President,,REP,Donald J. Trump,35
Washtenaw,"Ypsilanti Township, Precinct 12",President,,REP,Joe Walsh,0
Washtenaw,"Ypsilanti Township, Precinct 12",President,,REP,Bill Weld,0
Washtenaw,"Ypsilanti Township, Precinct 12",President,,REP,Uncommitted,3
Washtenaw,"Ypsilanti Township, Precinct 12",Washtenaw Community College Millage Renewal and Restoration,,,Yes,547
Washtenaw,"Ypsilanti Township, Precinct 12",Washtenaw Community College Millage Renewal and Restoration,,,No,154
Washtenaw,"Ypsilanti Township, Precinct 13",Registered Voters,,,,2788
Washtenaw,"Ypsilanti Township, Precinct 13",Ballots Cast,,,,918
Washtenaw,"Ypsilanti Township, Precinct 13",President,,DEM,Michael Bennet,1
Washtenaw,"Ypsilanti Township, Precinct 13",President,,DEM,Joe Biden,329
Washtenaw,"Ypsilanti Township, Precinct 13",President,,DEM,Michael R. Bloomberg,25
Washtenaw,"Ypsilanti Township, Precinct 13",President,,DEM,Cory Booker,0
Washtenaw,"Ypsilanti Township, Precinct 13",President,,DEM,Pete Buttigieg,9
Washtenaw,"Ypsilanti Township, Precinct 13",President,,DEM,Julian Castro,0
Washtenaw,"Ypsilanti Township, Precinct 13",President,,DEM,John Delaney,0
Washtenaw,"Ypsilanti Township, Precinct 13",President,,DEM,Tulsi Gabbard,3
Washtenaw,"Ypsilanti Township, Precinct 13",President,,DEM,Amy Klobuchar,2
Washtenaw,"Ypsilanti Township, Precinct 13",President,,DEM,Bernie Sanders,409
Washtenaw,"Ypsilanti Township, Precinct 13",President,,DEM,Joe Sestak,1
Washtenaw,"Ypsilanti Township, Precinct 13",President,,DEM,Tom Steyer,1
Washtenaw,"Ypsilanti Township, Precinct 13",President,,DEM,Elizabeth Warren,14
Washtenaw,"Ypsilanti Township, Precinct 13",President,,DEM,Marianne Williamson,0
Washtenaw,"Ypsilanti Township, Precinct 13",President,,DEM,Andrew Yang,2
Washtenaw,"Ypsilanti Township, Precinct 13",President,,DEM,Uncommitted,3
Washtenaw,"Ypsilanti Township, Precinct 13",President,,REP,Mark Sanford,1
Washtenaw,"Ypsilanti Township, Precinct 13",President,,REP,Donald J. Trump,96
Washtenaw,"Ypsilanti Township, Precinct 13",President,,REP,Joe Walsh,0
Washtenaw,"Ypsilanti Township, Precinct 13",President,,REP,Bill Weld,3
Washtenaw,"Ypsilanti Township, Precinct 13",President,,REP,Uncommitted,0
Washtenaw,"Ypsilanti Township, Precinct 13",Washtenaw Community College Millage Renewal and Restoration,,,Yes,692
Washtenaw,"Ypsilanti Township, Precinct 13",Washtenaw Community College Millage Renewal and Restoration,,,No,194
Washtenaw,"Ypsilanti Township, Precinct 14",Registered Voters,,,,2117
Washtenaw,"Ypsilanti Township, Precinct 14",Ballots Cast,,,,910
Washtenaw,"Ypsilanti Township, Precinct 14",President,,DEM,Michael Bennet,0
Washtenaw,"Ypsilanti Township, Precinct 14",President,,DEM,Joe Biden,409
Washtenaw,"Ypsilanti Township, Precinct 14",President,,DEM,Michael R. Bloomberg,29
Washtenaw,"Ypsilanti Township, Precinct 14",President,,DEM,Cory Booker,0
Washtenaw,"Ypsilanti Township, Precinct 14",President,,DEM,Pete Buttigieg,8
Washtenaw,"Ypsilanti Township, Precinct 14",President,,DEM,Julian Castro,0
Washtenaw,"Ypsilanti Township, Precinct 14",President,,DEM,John Delaney,0
Washtenaw,"Ypsilanti Township, Precinct 14",President,,DEM,Tulsi Gabbard,8
Washtenaw,"Ypsilanti Township, Precinct 14",President,,DEM,Amy Klobuchar,3
Washtenaw,"Ypsilanti Township, Precinct 14",President,,DEM,Bernie Sanders,290
Washtenaw,"Ypsilanti Township, Precinct 14",President,,DEM,Joe Sestak,2
Washtenaw,"Ypsilanti Township, Precinct 14",President,,DEM,Tom Steyer,1
Washtenaw,"Ypsilanti Township, Precinct 14",President,,DEM,Elizabeth Warren,26
Washtenaw,"Ypsilanti Township, Precinct 14",President,,DEM,Marianne Williamson,0
Washtenaw,"Ypsilanti Township, Precinct 14",President,,DEM,Andrew Yang,2
Washtenaw,"Ypsilanti Township, Precinct 14",President,,DEM,Uncommitted,2
Washtenaw,"Ypsilanti Township, Precinct 14",President,,REP,Mark Sanford,2
Washtenaw,"Ypsilanti Township, Precinct 14",President,,REP,Donald J. Trump,104
Washtenaw,"Ypsilanti Township, Precinct 14",President,,REP,Joe Walsh,0
Washtenaw,"Ypsilanti Township, Precinct 14",President,,REP,Bill Weld,4
Washtenaw,"Ypsilanti Township, Precinct 14",President,,REP,Uncommitted,3
Washtenaw,"Ypsilanti Township, Precinct 14",Washtenaw Community College Millage Renewal and Restoration,,,Yes,632
Washtenaw,"Ypsilanti Township, Precinct 14",Washtenaw Community College Millage Renewal and Restoration,,,No,243
Washtenaw,"Ypsilanti Township, Precinct 15",Registered Voters,,,,1932
Washtenaw,"Ypsilanti Township, Precinct 15",Ballots Cast,,,,768
Washtenaw,"Ypsilanti Township, Precinct 15",President,,DEM,Michael Bennet,3
Washtenaw,"Ypsilanti Township, Precinct 15",President,,DEM,Joe Biden,303
Washtenaw,"Ypsilanti Township, Precinct 15",President,,DEM,Michael R. Bloomberg,23
Washtenaw,"Ypsilanti Township, Precinct 15",President,,DEM,Cory Booker,0
Washtenaw,"Ypsilanti Township, Precinct 15",President,,DEM,Pete Buttigieg,12
Washtenaw,"Ypsilanti Township, Precinct 15",President,,DEM,Julian Castro,0
Washtenaw,"Ypsilanti Township, Precinct 15",President,,DEM,John Delaney,0
Washtenaw,"Ypsilanti Township, Precinct 15",President,,DEM,Tulsi Gabbard,4
Washtenaw,"Ypsilanti Township, Precinct 15",President,,DEM,Amy Klobuchar,5
Washtenaw,"Ypsilanti Township, Precinct 15",President,,DEM,Bernie Sanders,232
Washtenaw,"Ypsilanti Township, Precinct 15",President,,DEM,Joe Sestak,0
Washtenaw,"Ypsilanti Township, Precinct 15",President,,DEM,Tom Steyer,0
Washtenaw,"Ypsilanti Township, Precinct 15",President,,DEM,Elizabeth Warren,10
Washtenaw,"Ypsilanti Township, Precinct 15",President,,DEM,Marianne Williamson,0
Washtenaw,"Ypsilanti Township, Precinct 15",President,,DEM,Andrew Yang,4
Washtenaw,"Ypsilanti Township, Precinct 15",President,,DEM,Uncommitted,9
Washtenaw,"Ypsilanti Township, Precinct 15",President,,REP,Mark Sanford,3
Washtenaw,"Ypsilanti Township, Precinct 15",President,,REP,Donald J. Trump,129
Washtenaw,"Ypsilanti Township, Precinct 15",President,,REP,Joe Walsh,0
Washtenaw,"Ypsilanti Township, Precinct 15",President,,REP,Bill Weld,1
Washtenaw,"Ypsilanti Township, Precinct 15",President,,REP,Uncommitted,6
Washtenaw,"Ypsilanti Township, Precinct 15",Washtenaw Community College Millage Renewal and Restoration,,,Yes,502
Washtenaw,"Ypsilanti Township, Precinct 15",Washtenaw Community College Millage Renewal and Restoration,,,No,246
Washtenaw,"Ypsilanti Township, Precinct 17",Registered Voters,,,,2848
Washtenaw,"Ypsilanti Township, Precinct 17",Ballots Cast,,,,1118
Washtenaw,"Ypsilanti Township, Precinct 17",President,,DEM,Michael Bennet,0
Washtenaw,"Ypsilanti Township, Precinct 17",President,,DEM,Joe Biden,532
Washtenaw,"Ypsilanti Township, Precinct 17",President,,DEM,Michael R. Bloomberg,24
Washtenaw,"Ypsilanti Township, Precinct 17",President,,DEM,Cory Booker,0
Washtenaw,"Ypsilanti Township, Precinct 17",President,,DEM,Pete Buttigieg,6
Washtenaw,"Ypsilanti Township, Precinct 17",President,,DEM,Julian Castro,0
Washtenaw,"Ypsilanti Township, Precinct 17",President,,DEM,John Delaney,0
Washtenaw,"Ypsilanti Township, Precinct 17",President,,DEM,Tulsi Gabbard,7
Washtenaw,"Ypsilanti Township, Precinct 17",President,,DEM,Amy Klobuchar,4
Washtenaw,"Ypsilanti Township, Precinct 17",President,,DEM,Bernie Sanders,400
Washtenaw,"Ypsilanti Township, Precinct 17",President,,DEM,Joe Sestak,0
Washtenaw,"Ypsilanti Township, Precinct 17",President,,DEM,Tom Steyer,0
Washtenaw,"Ypsilanti Township, Precinct 17",President,,DEM,Elizabeth Warren,18
Washtenaw,"Ypsilanti Township, Precinct 17",President,,DEM,Marianne Williamson,0
Washtenaw,"Ypsilanti Township, Precinct 17",President,,DEM,Andrew Yang,2
Washtenaw,"Ypsilanti Township, Precinct 17",President,,DEM,Uncommitted,4
Washtenaw,"Ypsilanti Township, Precinct 17",President,,REP,Mark Sanford,0
Washtenaw,"Ypsilanti Township, Precinct 17",President,,REP,Donald J. Trump,95
Washtenaw,"Ypsilanti Township, Precinct 17",President,,REP,Joe Walsh,0
Washtenaw,"Ypsilanti Township, Precinct 17",President,,REP,Bill Weld,3
Washtenaw,"Ypsilanti Township, Precinct 17",President,,REP,Uncommitted,7
Washtenaw,"Ypsilanti Township, Precinct 17",Washtenaw Community College Millage Renewal and Restoration,,,Yes,780
Washtenaw,"Ypsilanti Township, Precinct 17",Washtenaw Community College Millage Renewal and Restoration,,,No,311
Washtenaw,"City of Ann Arbor, Ward 2, Precinct 4",Registered Voters,,,,1814
Washtenaw,"City of Ann Arbor, Ward 2, Precinct 4",Ballots Cast,,,,940
Washtenaw,"City of Ann Arbor, Ward 2, Precinct 4",President,,DEM,Michael Bennet,1
Washtenaw,"City of Ann Arbor, Ward 2, Precinct 4",President,,DEM,Joe Biden,603
Washtenaw,"City of Ann Arbor, Ward 2, Precinct 4",President,,DEM,Michael R. Bloomberg,33
Washtenaw,"City of Ann Arbor, Ward 2, Precinct 4",President,,DEM,Cory Booker,0
Washtenaw,"City of Ann Arbor, Ward 2, Precinct 4",President,,DEM,Pete Buttigieg,6
Washtenaw,"City of Ann Arbor, Ward 2, Precinct 4",President,,DEM,Julian Castro,0
Washtenaw,"City of Ann Arbor, Ward 2, Precinct 4",President,,DEM,John Delaney,0
Washtenaw,"City of Ann Arbor, Ward 2, Precinct 4",President,,DEM,Tulsi Gabbard,0
Washtenaw,"City of Ann Arbor, Ward 2, Precinct 4",President,,DEM,Amy Klobuchar,7
Washtenaw,"City of Ann Arbor, Ward 2, Precinct 4",President,,DEM,Bernie Sanders,209
Washtenaw,"City of Ann Arbor, Ward 2, Precinct 4",President,,DEM,Joe Sestak,0
Washtenaw,"City of Ann Arbor, Ward 2, Precinct 4",President,,DEM,Tom Steyer,0
Washtenaw,"City of Ann Arbor, Ward 2, Precinct 4",President,,DEM,Elizabeth Warren,32
Washtenaw,"City of Ann Arbor, Ward 2, Precinct 4",President,,DEM,Marianne Williamson,0
Washtenaw,"City of Ann Arbor, Ward 2, Precinct 4",President,,DEM,Andrew Yang,1
Washtenaw,"City of Ann Arbor, Ward 2, Precinct 4",President,,DEM,Uncommitted,1
Washtenaw,"City of Ann Arbor, Ward 2, Precinct 4",President,,REP,Mark Sanford,0
Washtenaw,"City of Ann Arbor, Ward 2, Precinct 4",President,,REP,Donald J. Trump,25
Washtenaw,"City of Ann Arbor, Ward 2, Precinct 4",President,,REP,Joe Walsh,0
Washtenaw,"City of Ann Arbor, Ward 2, Precinct 4",President,,REP,Bill Weld,4
Washtenaw,"City of Ann Arbor, Ward 2, Precinct 4",President,,REP,Uncommitted,4
Washtenaw,"City of Ann Arbor, Ward 2, Precinct 4",Washtenaw Community College Millage Renewal and Restoration,,,Yes,706
Washtenaw,"City of Ann Arbor, Ward 2, Precinct 4",Washtenaw Community College Millage Renewal and Restoration,,,No,187
Washtenaw,"Ypsilanti Township, Precinct 18",Registered Voters,,,,2800
Washtenaw,"Ypsilanti Township, Precinct 18",Ballots Cast,,,,1140
Washtenaw,"Ypsilanti Township, Precinct 18",President,,DEM,Michael Bennet,0
Washtenaw,"Ypsilanti Township, Precinct 18",President,,DEM,Joe Biden,483
Washtenaw,"Ypsilanti Township, Precinct 18",President,,DEM,Michael R. Bloomberg,16
Washtenaw,"Ypsilanti Township, Precinct 18",President,,DEM,Cory Booker,0
Washtenaw,"Ypsilanti Township, Precinct 18",President,,DEM,Pete Buttigieg,10
Washtenaw,"Ypsilanti Township, Precinct 18",President,,DEM,Julian Castro,0
Washtenaw,"Ypsilanti Township, Precinct 18",President,,DEM,John Delaney,0
Washtenaw,"Ypsilanti Township, Precinct 18",President,,DEM,Tulsi Gabbard,5
Washtenaw,"Ypsilanti Township, Precinct 18",President,,DEM,Amy Klobuchar,2
Washtenaw,"Ypsilanti Township, Precinct 18",President,,DEM,Bernie Sanders,451
Washtenaw,"Ypsilanti Township, Precinct 18",President,,DEM,Joe Sestak,0
Washtenaw,"Ypsilanti Township, Precinct 18",President,,DEM,Tom Steyer,0
Washtenaw,"Ypsilanti Township, Precinct 18",President,,DEM,Elizabeth Warren,25
Washtenaw,"Ypsilanti Township, Precinct 18",President,,DEM,Marianne Williamson,0
Washtenaw,"Ypsilanti Township, Precinct 18",President,,DEM,Andrew Yang,0
Washtenaw,"Ypsilanti Township, Precinct 18",President,,DEM,Uncommitted,3
Washtenaw,"Ypsilanti Township, Precinct 18",President,,REP,Mark Sanford,2
Washtenaw,"Ypsilanti Township, Precinct 18",President,,REP,Donald J. Trump,116
Washtenaw,"Ypsilanti Township, Precinct 18",President,,REP,Joe Walsh,1
Washtenaw,"Ypsilanti Township, Precinct 18",President,,REP,Bill Weld,2
Washtenaw,"Ypsilanti Township, Precinct 18",President,,REP,Uncommitted,1
Washtenaw,"Ypsilanti Township, Precinct 18",Washtenaw Community College Millage Renewal and Restoration,,,Yes,811
Washtenaw,"Ypsilanti Township, Precinct 18",Washtenaw Community College Millage Renewal and Restoration,,,No,309
Washtenaw,"Ypsilanti Township, Precinct 19",Registered Voters,,,,2988
Washtenaw,"Ypsilanti Township, Precinct 19",Ballots Cast,,,,1136
Washtenaw,"Ypsilanti Township, Precinct 19",President,,DEM,Michael Bennet,0
Washtenaw,"Ypsilanti Township, Precinct 19",President,,DEM,Joe Biden,506
Washtenaw,"Ypsilanti Township, Precinct 19",President,,DEM,Michael R. Bloomberg,22
Washtenaw,"Ypsilanti Township, Precinct 19",President,,DEM,Cory Booker,0
Washtenaw,"Ypsilanti Township, Precinct 19",President,,DEM,Pete Buttigieg,7
Washtenaw,"Ypsilanti Township, Precinct 19",President,,DEM,Julian Castro,0
Washtenaw,"Ypsilanti Township, Precinct 19",President,,DEM,John Delaney,0
Washtenaw,"Ypsilanti Township, Precinct 19",President,,DEM,Tulsi Gabbard,10
Washtenaw,"Ypsilanti Township, Precinct 19",President,,DEM,Amy Klobuchar,0
Washtenaw,"Ypsilanti Township, Precinct 19",President,,DEM,Bernie Sanders,430
Washtenaw,"Ypsilanti Township, Precinct 19",President,,DEM,Joe Sestak,0
Washtenaw,"Ypsilanti Township, Precinct 19",President,,DEM,Tom Steyer,2
Washtenaw,"Ypsilanti Township, Precinct 19",President,,DEM,Elizabeth Warren,3
Washtenaw,"Ypsilanti Township, Precinct 19",President,,DEM,Marianne Williamson,0
Washtenaw,"Ypsilanti Township, Precinct 19",President,,DEM,Andrew Yang,1
Washtenaw,"Ypsilanti Township, Precinct 19",President,,DEM,Uncommitted,6
Washtenaw,"Ypsilanti Township, Precinct 19",President,,REP,Mark Sanford,1
Washtenaw,"Ypsilanti Township, Precinct 19",President,,REP,Donald J. Trump,126
Washtenaw,"Ypsilanti Township, Precinct 19",President,,REP,Joe Walsh,0
Washtenaw,"Ypsilanti Township, Precinct 19",President,,REP,Bill Weld,1
Washtenaw,"Ypsilanti Township, Precinct 19",President,,REP,Uncommitted,8
Washtenaw,"Ypsilanti Township, Precinct 19",Washtenaw Community College Millage Renewal and Restoration,,,Yes,793
Washtenaw,"Ypsilanti Township, Precinct 19",Washtenaw Community College Millage Renewal and Restoration,,,No,318
Washtenaw,"Ypsilanti Township, Precinct 20",Registered Voters,,,,2198
Washtenaw,"Ypsilanti Township, Precinct 20",Ballots Cast,,,,773
Washtenaw,"Ypsilanti Township, Precinct 20",President,,DEM,Michael Bennet,1
Washtenaw,"Ypsilanti Township, Precinct 20",President,,DEM,Joe Biden,306
Washtenaw,"Ypsilanti Township, Precinct 20",President,,DEM,Michael R. Bloomberg,26
Washtenaw,"Ypsilanti Township, Precinct 20",President,,DEM,Cory Booker,1
Washtenaw,"Ypsilanti Township, Precinct 20",President,,DEM,Pete Buttigieg,9
Washtenaw,"Ypsilanti Township, Precinct 20",President,,DEM,Julian Castro,1
Washtenaw,"Ypsilanti Township, Precinct 20",President,,DEM,John Delaney,0
Washtenaw,"Ypsilanti Township, Precinct 20",President,,DEM,Tulsi Gabbard,4
Washtenaw,"Ypsilanti Township, Precinct 20",President,,DEM,Amy Klobuchar,5
Washtenaw,"Ypsilanti Township, Precinct 20",President,,DEM,Bernie Sanders,263
Washtenaw,"Ypsilanti Township, Precinct 20",President,,DEM,Joe Sestak,0
Washtenaw,"Ypsilanti Township, Precinct 20",President,,DEM,Tom Steyer,1
Washtenaw,"Ypsilanti Township, Precinct 20",President,,DEM,Elizabeth Warren,3
Washtenaw,"Ypsilanti Township, Precinct 20",President,,DEM,Marianne Williamson,0
Washtenaw,"Ypsilanti Township, Precinct 20",President,,DEM,Andrew Yang,0
Washtenaw,"Ypsilanti Township, Precinct 20",President,,DEM,Uncommitted,4
Washtenaw,"Ypsilanti Township, Precinct 20",President,,REP,Mark Sanford,1
Washtenaw,"Ypsilanti Township, Precinct 20",President,,REP,Donald J. Trump,123
Washtenaw,"Ypsilanti Township, Precinct 20",President,,REP,Joe Walsh,2
Washtenaw,"Ypsilanti Township, Precinct 20",President,,REP,Bill Weld,1
Washtenaw,"Ypsilanti Township, Precinct 20",President,,REP,Uncommitted,6
Washtenaw,"Ypsilanti Township, Precinct 20",Washtenaw Community College Millage Renewal and Restoration,,,Yes,508
Washtenaw,"Ypsilanti Township, Precinct 20",Washtenaw Community College Millage Renewal and Restoration,,,No,242
Washtenaw,"City of Ann Arbor, Ward 2, Precinct 5",Registered Voters,,,,1925
Washtenaw,"City of Ann Arbor, Ward 2, Precinct 5",Ballots Cast,,,,905
Washtenaw,"City of Ann Arbor, Ward 2, Precinct 5",President,,DEM,Michael Bennet,0
Washtenaw,"City of Ann Arbor, Ward 2, Precinct 5",President,,DEM,Joe Biden,549
Washtenaw,"City of Ann Arbor, Ward 2, Precinct 5",President,,DEM,Michael R. Bloomberg,18
Washtenaw,"City of Ann Arbor, Ward 2, Precinct 5",President,,DEM,Cory Booker,0
Washtenaw,"City of Ann Arbor, Ward 2, Precinct 5",President,,DEM,Pete Buttigieg,7
Washtenaw,"City of Ann Arbor, Ward 2, Precinct 5",President,,DEM,Julian Castro,0
Washtenaw,"City of Ann Arbor, Ward 2, Precinct 5",President,,DEM,John Delaney,0
Washtenaw,"City of Ann Arbor, Ward 2, Precinct 5",President,,DEM,Tulsi Gabbard,6
Washtenaw,"City of Ann Arbor, Ward 2, Precinct 5",President,,DEM,Amy Klobuchar,4
Washtenaw,"City of Ann Arbor, Ward 2, Precinct 5",President,,DEM,Bernie Sanders,253
Washtenaw,"City of Ann Arbor, Ward 2, Precinct 5",President,,DEM,Joe Sestak,0
Washtenaw,"City of Ann Arbor, Ward 2, Precinct 5",President,,DEM,Tom Steyer,0
Washtenaw,"City of Ann Arbor, Ward 2, Precinct 5",President,,DEM,Elizabeth Warren,23
Washtenaw,"City of Ann Arbor, Ward 2, Precinct 5",President,,DEM,Marianne Williamson,0
Washtenaw,"City of Ann Arbor, Ward 2, Precinct 5",President,,DEM,Andrew Yang,0
Washtenaw,"City of Ann Arbor, Ward 2, Precinct 5",President,,DEM,Uncommitted,3
Washtenaw,"City of Ann Arbor, Ward 2, Precinct 5",President,,REP,Mark Sanford,2
Washtenaw,"City of Ann Arbor, Ward 2, Precinct 5",President,,REP,Donald J. Trump,21
Washtenaw,"City of Ann Arbor, Ward 2, Precinct 5",President,,REP,Joe Walsh,0
Washtenaw,"City of Ann Arbor, Ward 2, Precinct 5",President,,REP,Bill Weld,1
Washtenaw,"City of Ann Arbor, Ward 2, Precinct 5",President,,REP,Uncommitted,1
Washtenaw,"City of Ann Arbor, Ward 2, Precinct 5",Washtenaw Community College Millage Renewal and Restoration,,,Yes,706
Washtenaw,"City of Ann Arbor, Ward 2, Precinct 5",Washtenaw Community College Millage Renewal and Restoration,,,No,158
Washtenaw,"City of Ann Arbor, Ward 2, Precinct 6",Registered Voters,,,,2008
Washtenaw,"City of Ann Arbor, Ward 2, Precinct 6",Ballots Cast,,,,985
Washtenaw,"City of Ann Arbor, Ward 2, Precinct 6",President,,DEM,Michael Bennet,0
Washtenaw,"City of Ann Arbor, Ward 2, Precinct 6",President,,DEM,Joe Biden,492
Washtenaw,"City of Ann Arbor, Ward 2, Precinct 6",President,,DEM,Michael R. Bloomberg,27
Washtenaw,"City of Ann Arbor, Ward 2, Precinct 6",President,,DEM,Cory Booker,0
Washtenaw,"City of Ann Arbor, Ward 2, Precinct 6",President,,DEM,Pete Buttigieg,8
Washtenaw,"City of Ann Arbor, Ward 2, Precinct 6",President,,DEM,Julian Castro,1
Washtenaw,"City of Ann Arbor, Ward 2, Precinct 6",President,,DEM,John Delaney,0
Washtenaw,"City of Ann Arbor, Ward 2, Precinct 6",President,,DEM,Tulsi Gabbard,2
Washtenaw,"City of Ann Arbor, Ward 2, Precinct 6",President,,DEM,Amy Klobuchar,4
Washtenaw,"City of Ann Arbor, Ward 2, Precinct 6",President,,DEM,Bernie Sanders,358
Washtenaw,"City of Ann Arbor, Ward 2, Precinct 6",President,,DEM,Joe Sestak,0
Washtenaw,"City of Ann Arbor, Ward 2, Precinct 6",President,,DEM,Tom Steyer,1
Washtenaw,"City of Ann Arbor, Ward 2, Precinct 6",President,,DEM,Elizabeth Warren,34
Washtenaw,"City of Ann Arbor, Ward 2, Precinct 6",President,,DEM,Marianne Williamson,0
Washtenaw,"City of Ann Arbor, Ward 2, Precinct 6",President,,DEM,Andrew Yang,0
Washtenaw,"City of Ann Arbor, Ward 2, Precinct 6",President,,DEM,Uncommitted,5
Washtenaw,"City of Ann Arbor, Ward 2, Precinct 6",President,,REP,Mark Sanford,0
Washtenaw,"City of Ann Arbor, Ward 2, Precinct 6",President,,REP,Donald J. Trump,32
Washtenaw,"City of Ann Arbor, Ward 2, Precinct 6",President,,REP,Joe Walsh,0
Washtenaw,"City of Ann Arbor, Ward 2, Precinct 6",President,,REP,Bill Weld,2
Washtenaw,"City of Ann Arbor, Ward 2, Precinct 6",President,,REP,Uncommitted,5
Washtenaw,"City of Ann Arbor, Ward 2, Precinct 6",Washtenaw Community College Millage Renewal and Restoration,,,Yes,800
Washtenaw,"City of Ann Arbor, Ward 2, Precinct 6",Washtenaw Community College Millage Renewal and Restoration,,,No,138
Washtenaw,"City of Ann Arbor, Ward 2, Precinct 7",Registered Voters,,,,2289
Washtenaw,"City of Ann Arbor, Ward 2, Precinct 7",Ballots Cast,,,,1021
Washtenaw,"City of Ann Arbor, Ward 2, Precinct 7",President,,DEM,Michael Bennet,0
Washtenaw,"City of Ann Arbor, Ward 2, Precinct 7",President,,DEM,Joe Biden,557
Washtenaw,"City of Ann Arbor, Ward 2, Precinct 7",President,,DEM,Michael R. Bloomberg,34
Washtenaw,"City of Ann Arbor, Ward 2, Precinct 7",President,,DEM,Cory Booker,0
Washtenaw,"City of Ann Arbor, Ward 2, Precinct 7",President,,DEM,Pete Buttigieg,18
Washtenaw,"City of Ann Arbor, Ward 2, Precinct 7",President,,DEM,Julian Castro,0
Washtenaw,"City of Ann Arbor, Ward 2, Precinct 7",President,,DEM,John Delaney,0
Washtenaw,"City of Ann Arbor, Ward 2, Precinct 7",President,,DEM,Tulsi Gabbard,1
Washtenaw,"City of Ann Arbor, Ward 2, Precinct 7",President,,DEM,Amy Klobuchar,13
Washtenaw,"City of Ann Arbor, Ward 2, Precinct 7",President,,DEM,Bernie Sanders,299
Washtenaw,"City of Ann Arbor, Ward 2, Precinct 7",President,,DEM,Joe Sestak,0
Washtenaw,"City of Ann Arbor, Ward 2, Precinct 7",President,,DEM,Tom Steyer,0
Washtenaw,"City of Ann Arbor, Ward 2, Precinct 7",President,,DEM,Elizabeth Warren,43
Washtenaw,"City of Ann Arbor, Ward 2, Precinct 7",President,,DEM,Marianne Williamson,0
Washtenaw,"City of Ann Arbor, Ward 2, Precinct 7",President,,DEM,Andrew Yang,4
Washtenaw,"City of Ann Arbor, Ward 2, Precinct 7",President,,DEM,Uncommitted,3
Washtenaw,"City of Ann Arbor, Ward 2, Precinct 7",President,,REP,Mark Sanford,0
Washtenaw,"City of Ann Arbor, Ward 2, Precinct 7",President,,REP,Donald J. Trump,29
Washtenaw,"City of Ann Arbor, Ward 2, Precinct 7",President,,REP,Joe Walsh,0
Washtenaw,"City of Ann Arbor, Ward 2, Precinct 7",President,,REP,Bill Weld,2
Washtenaw,"City of Ann Arbor, Ward 2, Precinct 7",President,,REP,Uncommitted,2
Washtenaw,"City of Ann Arbor, Ward 2, Precinct 7",Washtenaw Community College Millage Renewal and Restoration,,,Yes,812
Washtenaw,"City of Ann Arbor, Ward 2, Precinct 7",Washtenaw Community College Millage Renewal and Restoration,,,No,166
Washtenaw,"City of Ann Arbor, Ward 1, Precinct 2",Registered Voters,,,,2199
Washtenaw,"City of Ann Arbor, Ward 1, Precinct 2",Ballots Cast,,,,638
Washtenaw,"City of Ann Arbor, Ward 1, Precinct 2",President,,DEM,Michael Bennet,0
Washtenaw,"City of Ann Arbor, Ward 1, Precinct 2",President,,DEM,Joe Biden,209
Washtenaw,"City of Ann Arbor, Ward 1, Precinct 2",President,,DEM,Michael R. Bloomberg,10
Washtenaw,"City of Ann Arbor, Ward 1, Precinct 2",President,,DEM,Cory Booker,0
Washtenaw,"City of Ann Arbor, Ward 1, Precinct 2",President,,DEM,Pete Buttigieg,5
Washtenaw,"City of Ann Arbor, Ward 1, Precinct 2",President,,DEM,Julian Castro,0
Washtenaw,"City of Ann Arbor, Ward 1, Precinct 2",President,,DEM,John Delaney,0
Washtenaw,"City of Ann Arbor, Ward 1, Precinct 2",President,,DEM,Tulsi Gabbard,2
Washtenaw,"City of Ann Arbor, Ward 1, Precinct 2",President,,DEM,Amy Klobuchar,5
Washtenaw,"City of Ann Arbor, Ward 1, Precinct 2",President,,DEM,Bernie Sanders,377
Washtenaw,"City of Ann Arbor, Ward 1, Precinct 2",President,,DEM,Joe Sestak,0
Washtenaw,"City of Ann Arbor, Ward 1, Precinct 2",President,,DEM,Tom Steyer,0
Washtenaw,"City of Ann Arbor, Ward 1, Precinct 2",President,,DEM,Elizabeth Warren,14
Washtenaw,"City of Ann Arbor, Ward 1, Precinct 2",President,,DEM,Marianne Williamson,0
Washtenaw,"City of Ann Arbor, Ward 1, Precinct 2",President,,DEM,Andrew Yang,0
Washtenaw,"City of Ann Arbor, Ward 1, Precinct 2",President,,DEM,Uncommitted,1
Washtenaw,"City of Ann Arbor, Ward 1, Precinct 2",President,,REP,Mark Sanford,0
Washtenaw,"City of Ann Arbor, Ward 1, Precinct 2",President,,REP,Donald J. Trump,8
Washtenaw,"City of Ann Arbor, Ward 1, Precinct 2",President,,REP,Joe Walsh,0
Washtenaw,"City of Ann Arbor, Ward 1, Precinct 2",President,,REP,Bill Weld,0
Washtenaw,"City of Ann Arbor, Ward 1, Precinct 2",President,,REP,Uncommitted,1
Washtenaw,"City of Ann Arbor, Ward 1, Precinct 2",Washtenaw Community College Millage Renewal and Restoration,,,Yes,510
Washtenaw,"City of Ann Arbor, Ward 1, Precinct 2",Washtenaw Community College Millage Renewal and Restoration,,,No,68
Washtenaw,"City of Ann Arbor, Ward 2, Precinct 8",Registered Voters,,,,1862
Washtenaw,"City of Ann Arbor, Ward 2, Precinct 8",Ballots Cast,,,,862
Washtenaw,"City of Ann Arbor, Ward 2, Precinct 8",President,,DEM,Michael Bennet,0
Washtenaw,"City of Ann Arbor, Ward 2, Precinct 8",President,,DEM,Joe Biden,421
Washtenaw,"City of Ann Arbor, Ward 2, Precinct 8",President,,DEM,Michael R. Bloomberg,22
Washtenaw,"City of Ann Arbor, Ward 2, Precinct 8",President,,DEM,Cory Booker,0
Washtenaw,"City of Ann Arbor, Ward 2, Precinct 8",President,,DEM,Pete Buttigieg,6
Washtenaw,"City of Ann Arbor, Ward 2, Precinct 8",President,,DEM,Julian Castro,0
Washtenaw,"City of Ann Arbor, Ward 2, Precinct 8",President,,DEM,John Delaney,0
Washtenaw,"City of Ann Arbor, Ward 2, Precinct 8",President,,DEM,Tulsi Gabbard,3
Washtenaw,"City of Ann Arbor, Ward 2, Precinct 8",President,,DEM,Amy Klobuchar,9
Washtenaw,"City of Ann Arbor, Ward 2, Precinct 8",President,,DEM,Bernie Sanders,298
Washtenaw,"City of Ann Arbor, Ward 2, Precinct 8",President,,DEM,Joe Sestak,1
Washtenaw,"City of Ann Arbor, Ward 2, Precinct 8",President,,DEM,Tom Steyer,0
Washtenaw,"City of Ann Arbor, Ward 2, Precinct 8",President,,DEM,Elizabeth Warren,41
Washtenaw,"City of Ann Arbor, Ward 2, Precinct 8",President,,DEM,Marianne Williamson,0
Washtenaw,"City of Ann Arbor, Ward 2, Precinct 8",President,,DEM,Andrew Yang,3
Washtenaw,"City of Ann Arbor, Ward 2, Precinct 8",President,,DEM,Uncommitted,3
Washtenaw,"City of Ann Arbor, Ward 2, Precinct 8",President,,REP,Mark Sanford,0
Washtenaw,"City of Ann Arbor, Ward 2, Precinct 8",President,,REP,Donald J. Trump,40
Washtenaw,"City of Ann Arbor, Ward 2, Precinct 8",President,,REP,Joe Walsh,0
Washtenaw,"City of Ann Arbor, Ward 2, Precinct 8",President,,REP,Bill Weld,0
Washtenaw,"City of Ann Arbor, Ward 2, Precinct 8",President,,REP,Uncommitted,5
Washtenaw,"City of Ann Arbor, Ward 2, Precinct 8",Washtenaw Community College Millage Renewal and Restoration,,,Yes,711
Washtenaw,"City of Ann Arbor, Ward 2, Precinct 8",Washtenaw Community College Millage Renewal and Restoration,,,No,112
Washtenaw,"City of Ann Arbor, Ward 2, Precinct 9",Registered Voters,,,,2576
Washtenaw,"City of Ann Arbor, Ward 2, Precinct 9",Ballots Cast,,,,1052
Washtenaw,"City of Ann Arbor, Ward 2, Precinct 9",President,,DEM,Michael Bennet,0
Washtenaw,"City of Ann Arbor, Ward 2, Precinct 9",President,,DEM,Joe Biden,512
Washtenaw,"City of Ann Arbor, Ward 2, Precinct 9",President,,DEM,Michael R. Bloomberg,17
Washtenaw,"City of Ann Arbor, Ward 2, Precinct 9",President,,DEM,Cory Booker,0
Washtenaw,"City of Ann Arbor, Ward 2, Precinct 9",President,,DEM,Pete Buttigieg,9
Washtenaw,"City of Ann Arbor, Ward 2, Precinct 9",President,,DEM,Julian Castro,0
Washtenaw,"City of Ann Arbor, Ward 2, Precinct 9",President,,DEM,John Delaney,0
Washtenaw,"City of Ann Arbor, Ward 2, Precinct 9",President,,DEM,Tulsi Gabbard,3
Washtenaw,"City of Ann Arbor, Ward 2, Precinct 9",President,,DEM,Amy Klobuchar,4
Washtenaw,"City of Ann Arbor, Ward 2, Precinct 9",President,,DEM,Bernie Sanders,411
Washtenaw,"City of Ann Arbor, Ward 2, Precinct 9",President,,DEM,Joe Sestak,0
Washtenaw,"City of Ann Arbor, Ward 2, Precinct 9",President,,DEM,Tom Steyer,1
Washtenaw,"City of Ann Arbor, Ward 2, Precinct 9",President,,DEM,Elizabeth Warren,19
Washtenaw,"City of Ann Arbor, Ward 2, Precinct 9",President,,DEM,Marianne Williamson,2
Washtenaw,"City of Ann Arbor, Ward 2, Precinct 9",President,,DEM,Andrew Yang,5
Washtenaw,"City of Ann Arbor, Ward 2, Precinct 9",President,,DEM,Uncommitted,3
Washtenaw,"City of Ann Arbor, Ward 2, Precinct 9",President,,REP,Mark Sanford,1
Washtenaw,"City of Ann Arbor, Ward 2, Precinct 9",President,,REP,Donald J. Trump,45
Washtenaw,"City of Ann Arbor, Ward 2, Precinct 9",President,,REP,Joe Walsh,1
Washtenaw,"City of Ann Arbor, Ward 2, Precinct 9",President,,REP,Bill Weld,2
Washtenaw,"City of Ann Arbor, Ward 2, Precinct 9",President,,REP,Uncommitted,4
Washtenaw,"City of Ann Arbor, Ward 2, Precinct 9",Washtenaw Community College Millage Renewal and Restoration,,,Yes,848
Washtenaw,"City of Ann Arbor, Ward 2, Precinct 9",Washtenaw Community College Millage Renewal and Restoration,,,No,159
Washtenaw,"City of Ann Arbor, Ward 3, Precinct 1",Registered Voters,,,,2640
Washtenaw,"City of Ann Arbor, Ward 3, Precinct 1",Ballots Cast,,,,616
Washtenaw,"City of Ann Arbor, Ward 3, Precinct 1",President,,DEM,Michael Bennet,0
Washtenaw,"City of Ann Arbor, Ward 3, Precinct 1",President,,DEM,Joe Biden,181
Washtenaw,"City of Ann Arbor, Ward 3, Precinct 1",President,,DEM,Michael R. Bloomberg,4
Washtenaw,"City of Ann Arbor, Ward 3, Precinct 1",President,,DEM,Cory Booker,0
Washtenaw,"City of Ann Arbor, Ward 3, Precinct 1",President,,DEM,Pete Buttigieg,2
Washtenaw,"City of Ann Arbor, Ward 3, Precinct 1",President,,DEM,Julian Castro,0
Washtenaw,"City of Ann Arbor, Ward 3, Precinct 1",President,,DEM,John Delaney,0
Washtenaw,"City of Ann Arbor, Ward 3, Precinct 1",President,,DEM,Tulsi Gabbard,2
Washtenaw,"City of Ann Arbor, Ward 3, Precinct 1",President,,DEM,Amy Klobuchar,0
Washtenaw,"City of Ann Arbor, Ward 3, Precinct 1",President,,DEM,Bernie Sanders,405
Washtenaw,"City of Ann Arbor, Ward 3, Precinct 1",President,,DEM,Joe Sestak,0
Washtenaw,"City of Ann Arbor, Ward 3, Precinct 1",President,,DEM,Tom Steyer,0
Washtenaw,"City of Ann Arbor, Ward 3, Precinct 1",President,,DEM,Elizabeth Warren,7
Washtenaw,"City of Ann Arbor, Ward 3, Precinct 1",President,,DEM,Marianne Williamson,0
Washtenaw,"City of Ann Arbor, Ward 3, Precinct 1",President,,DEM,Andrew Yang,2
Washtenaw,"City of Ann Arbor, Ward 3, Precinct 1",President,,DEM,Uncommitted,1
Washtenaw,"City of Ann Arbor, Ward 3, Precinct 1",President,,REP,Mark Sanford,0
Washtenaw,"City of Ann Arbor, Ward 3, Precinct 1",President,,REP,Donald J. Trump,9
Washtenaw,"City of Ann Arbor, Ward 3, Precinct 1",President,,REP,Joe Walsh,0
Washtenaw,"City of Ann Arbor, Ward 3, Precinct 1",President,,REP,Bill Weld,1
Washtenaw,"City of Ann Arbor, Ward 3, Precinct 1",President,,REP,Uncommitted,0
Washtenaw,"City of Ann Arbor, Ward 3, Precinct 1",Washtenaw Community College Millage Renewal and Restoration,,,Yes,473
Washtenaw,"City of Ann Arbor, Ward 3, Precinct 1",Washtenaw Community College Millage Renewal and Restoration,,,No,51
Washtenaw,"City of Ann Arbor, Ward 3, Precinct 2",Registered Voters,,,,3130
Washtenaw,"City of Ann Arbor, Ward 3, Precinct 2",Ballots Cast,,,,610
Washtenaw,"City of Ann Arbor, Ward 3, Precinct 2",President,,DEM,Michael Bennet,0
Washtenaw,"City of Ann Arbor, Ward 3, Precinct 2",President,,DEM,Joe Biden,233
Washtenaw,"City of Ann Arbor, Ward 3, Precinct 2",President,,DEM,Michael R. Bloomberg,1
Washtenaw,"City of Ann Arbor, Ward 3, Precinct 2",President,,DEM,Cory Booker,0
Washtenaw,"City of Ann Arbor, Ward 3, Precinct 2",President,,DEM,Pete Buttigieg,0
Washtenaw,"City of Ann Arbor, Ward 3, Precinct 2",President,,DEM,Julian Castro,0
Washtenaw,"City of Ann Arbor, Ward 3, Precinct 2",President,,DEM,John Delaney,0
Washtenaw,"City of Ann Arbor, Ward 3, Precinct 2",President,,DEM,Tulsi Gabbard,1
Washtenaw,"City of Ann Arbor, Ward 3, Precinct 2",President,,DEM,Amy Klobuchar,2
Washtenaw,"City of Ann Arbor, Ward 3, Precinct 2",President,,DEM,Bernie Sanders,351
Washtenaw,"City of Ann Arbor, Ward 3, Precinct 2",President,,DEM,Joe Sestak,0
Washtenaw,"City of Ann Arbor, Ward 3, Precinct 2",President,,DEM,Tom Steyer,0
Washtenaw,"City of Ann Arbor, Ward 3, Precinct 2",President,,DEM,Elizabeth Warren,14
Washtenaw,"City of Ann Arbor, Ward 3, Precinct 2",President,,DEM,Marianne Williamson,0
Washtenaw,"City of Ann Arbor, Ward 3, Precinct 2",President,,DEM,Andrew Yang,2
Washtenaw,"City of Ann Arbor, Ward 3, Precinct 2",President,,DEM,Uncommitted,0
Washtenaw,"City of Ann Arbor, Ward 3, Precinct 2",President,,REP,Mark Sanford,0
Washtenaw,"City of Ann Arbor, Ward 3, Precinct 2",President,,REP,Donald J. Trump,6
Washtenaw,"City of Ann Arbor, Ward 3, Precinct 2",President,,REP,Joe Walsh,0
Washtenaw,"City of Ann Arbor, Ward 3, Precinct 2",President,,REP,Bill Weld,0
Washtenaw,"City of Ann Arbor, Ward 3, Precinct 2",President,,REP,Uncommitted,0
Washtenaw,"City of Ann Arbor, Ward 3, Precinct 2",Washtenaw Community College Millage Renewal and Restoration,,,Yes,466
Washtenaw,"City of Ann Arbor, Ward 3, Precinct 2",Washtenaw Community College Millage Renewal and Restoration,,,No,53
Washtenaw,"City of Ann Arbor, Ward 3, Precinct 3",Registered Voters,,,,1853
Washtenaw,"City of Ann Arbor, Ward 3, Precinct 3",Ballots Cast,,,,928
Washtenaw,"City of Ann Arbor, Ward 3, Precinct 3",President,,DEM,Michael Bennet,0
Washtenaw,"City of Ann Arbor, Ward 3, Precinct 3",President,,DEM,Joe Biden,557
Washtenaw,"City of Ann Arbor, Ward 3, Precinct 3",President,,DEM,Michael R. Bloomberg,12
Washtenaw,"City of Ann Arbor, Ward 3, Precinct 3",President,,DEM,Cory Booker,0
Washtenaw,"City of Ann Arbor, Ward 3, Precinct 3",President,,DEM,Pete Buttigieg,8
Washtenaw,"City of Ann Arbor, Ward 3, Precinct 3",President,,DEM,Julian Castro,0
Washtenaw,"City of Ann Arbor, Ward 3, Precinct 3",President,,DEM,John Delaney,0
Washtenaw,"City of Ann Arbor, Ward 3, Precinct 3",President,,DEM,Tulsi Gabbard,1
Washtenaw,"City of Ann Arbor, Ward 3, Precinct 3",President,,DEM,Amy Klobuchar,4
Washtenaw,"City of Ann Arbor, Ward 3, Precinct 3",President,,DEM,Bernie Sanders,279
Washtenaw,"City of Ann Arbor, Ward 3, Precinct 3",President,,DEM,Joe Sestak,0
Washtenaw,"City of Ann Arbor, Ward 3, Precinct 3",President,,DEM,Tom Steyer,0
Washtenaw,"City of Ann Arbor, Ward 3, Precinct 3",President,,DEM,Elizabeth Warren,49
Washtenaw,"City of Ann Arbor, Ward 3, Precinct 3",President,,DEM,Marianne Williamson,0
Washtenaw,"City of Ann Arbor, Ward 3, Precinct 3",President,,DEM,Andrew Yang,0
Washtenaw,"City of Ann Arbor, Ward 3, Precinct 3",President,,DEM,Uncommitted,1
Washtenaw,"City of Ann Arbor, Ward 3, Precinct 3",President,,REP,Mark Sanford,0
Washtenaw,"City of Ann Arbor, Ward 3, Precinct 3",President,,REP,Donald J. Trump,9
Washtenaw,"City of Ann Arbor, Ward 3, Precinct 3",President,,REP,Joe Walsh,0
Washtenaw,"City of Ann Arbor, Ward 3, Precinct 3",President,,REP,Bill Weld,2
Washtenaw,"City of Ann Arbor, Ward 3, Precinct 3",President,,REP,Uncommitted,2
Washtenaw,"City of Ann Arbor, Ward 3, Precinct 3",Washtenaw Community College Millage Renewal and Restoration,,,Yes,757
Washtenaw,"City of Ann Arbor, Ward 3, Precinct 3",Washtenaw Community College Millage Renewal and Restoration,,,No,123
Washtenaw,"City of Ann Arbor, Ward 3, Precinct 4",Registered Voters,,,,1803
Washtenaw,"City of Ann Arbor, Ward 3, Precinct 4",Ballots Cast,,,,909
Washtenaw,"City of Ann Arbor, Ward 3, Precinct 4",President,,DEM,Michael Bennet,0
Washtenaw,"City of Ann Arbor, Ward 3, Precinct 4",President,,DEM,Joe Biden,442
Washtenaw,"City of Ann Arbor, Ward 3, Precinct 4",President,,DEM,Michael R. Bloomberg,15
Washtenaw,"City of Ann Arbor, Ward 3, Precinct 4",President,,DEM,Cory Booker,0
Washtenaw,"City of Ann Arbor, Ward 3, Precinct 4",President,,DEM,Pete Buttigieg,7
Washtenaw,"City of Ann Arbor, Ward 3, Precinct 4",President,,DEM,Julian Castro,0
Washtenaw,"City of Ann Arbor, Ward 3, Precinct 4",President,,DEM,John Delaney,0
Washtenaw,"City of Ann Arbor, Ward 3, Precinct 4",President,,DEM,Tulsi Gabbard,1
Washtenaw,"City of Ann Arbor, Ward 3, Precinct 4",President,,DEM,Amy Klobuchar,3
Washtenaw,"City of Ann Arbor, Ward 3, Precinct 4",President,,DEM,Bernie Sanders,352
Washtenaw,"City of Ann Arbor, Ward 3, Precinct 4",President,,DEM,Joe Sestak,1
Washtenaw,"City of Ann Arbor, Ward 3, Precinct 4",President,,DEM,Tom Steyer,0
Washtenaw,"City of Ann Arbor, Ward 3, Precinct 4",President,,DEM,Elizabeth Warren,52
Washtenaw,"City of Ann Arbor, Ward 3, Precinct 4",President,,DEM,Marianne Williamson,0
Washtenaw,"City of Ann Arbor, Ward 3, Precinct 4",President,,DEM,Andrew Yang,1
Washtenaw,"City of Ann Arbor, Ward 3, Precinct 4",President,,DEM,Uncommitted,2
Washtenaw,"City of Ann Arbor, Ward 3, Precinct 4",President,,REP,Mark Sanford,0
Washtenaw,"City of Ann Arbor, Ward 3, Precinct 4",President,,REP,Donald J. Trump,25
Washtenaw,"City of Ann Arbor, Ward 3, Precinct 4",President,,REP,Joe Walsh,0
Washtenaw,"City of Ann Arbor, Ward 3, Precinct 4",President,,REP,Bill Weld,2
Washtenaw,"City of Ann Arbor, Ward 3, Precinct 4",President,,REP,Uncommitted,0
Washtenaw,"City of Ann Arbor, Ward 3, Precinct 4",Washtenaw Community College Millage Renewal and Restoration,,,Yes,760
Washtenaw,"City of Ann Arbor, Ward 3, Precinct 4",Washtenaw Community College Millage Renewal and Restoration,,,No,118
Washtenaw,"City of Ann Arbor, Ward 3, Precinct 5",Registered Voters,,,,2582
Washtenaw,"City of Ann Arbor, Ward 3, Precinct 5",Ballots Cast,,,,850
Washtenaw,"City of Ann Arbor, Ward 3, Precinct 5",President,,DEM,Michael Bennet,1
Washtenaw,"City of Ann Arbor, Ward 3, Precinct 5",President,,DEM,Joe Biden,304
Washtenaw,"City of Ann Arbor, Ward 3, Precinct 5",President,,DEM,Michael R. Bloomberg,7
Washtenaw,"City of Ann Arbor, Ward 3, Precinct 5",President,,DEM,Cory Booker,1
Washtenaw,"City of Ann Arbor, Ward 3, Precinct 5",President,,DEM,Pete Buttigieg,0
Washtenaw,"City of Ann Arbor, Ward 3, Precinct 5",President,,DEM,Julian Castro,0
Washtenaw,"City of Ann Arbor, Ward 3, Precinct 5",President,,DEM,John Delaney,0
Washtenaw,"City of Ann Arbor, Ward 3, Precinct 5",President,,DEM,Tulsi Gabbard,2
Washtenaw,"City of Ann Arbor, Ward 3, Precinct 5",President,,DEM,Amy Klobuchar,2
Washtenaw,"City of Ann Arbor, Ward 3, Precinct 5",President,,DEM,Bernie Sanders,487
Washtenaw,"City of Ann Arbor, Ward 3, Precinct 5",President,,DEM,Joe Sestak,0
Washtenaw,"City of Ann Arbor, Ward 3, Precinct 5",President,,DEM,Tom Steyer,0
Washtenaw,"City of Ann Arbor, Ward 3, Precinct 5",President,,DEM,Elizabeth Warren,5
Washtenaw,"City of Ann Arbor, Ward 3, Precinct 5",President,,DEM,Marianne Williamson,0
Washtenaw,"City of Ann Arbor, Ward 3, Precinct 5",President,,DEM,Andrew Yang,1
Washtenaw,"City of Ann Arbor, Ward 3, Precinct 5",President,,DEM,Uncommitted,2
Washtenaw,"City of Ann Arbor, Ward 3, Precinct 5",President,,REP,Mark Sanford,0
Washtenaw,"City of Ann Arbor, Ward 3, Precinct 5",President,,REP,Donald J. Trump,28
Washtenaw,"City of Ann Arbor, Ward 3, Precinct 5",President,,REP,Joe Walsh,1
Washtenaw,"City of Ann Arbor, Ward 3, Precinct 5",President,,REP,Bill Weld,2
Washtenaw,"City of Ann Arbor, Ward 3, Precinct 5",President,,REP,Uncommitted,0
Washtenaw,"City of Ann Arbor, Ward 3, Precinct 5",Washtenaw Community College Millage Renewal and Restoration,,,Yes,643
Washtenaw,"City of Ann Arbor, Ward 3, Precinct 5",Washtenaw Community College Millage Renewal and Restoration,,,No,140
Washtenaw,"City of Ann Arbor, Ward 3, Precinct 6",Registered Voters,,,,1899
Washtenaw,"City of Ann Arbor, Ward 3, Precinct 6",Ballots Cast,,,,706
Washtenaw,"City of Ann Arbor, Ward 3, Precinct 6",President,,DEM,Michael Bennet,0
Washtenaw,"City of Ann Arbor, Ward 3, Precinct 6",President,,DEM,Joe Biden,253
Washtenaw,"City of Ann Arbor, Ward 3, Precinct 6",President,,DEM,Michael R. Bloomberg,5
Washtenaw,"City of Ann Arbor, Ward 3, Precinct 6",President,,DEM,Cory Booker,0
Washtenaw,"City of Ann Arbor, Ward 3, Precinct 6",President,,DEM,Pete Buttigieg,5
Washtenaw,"City of Ann Arbor, Ward 3, Precinct 6",President,,DEM,Julian Castro,0
Washtenaw,"City of Ann Arbor, Ward 3, Precinct 6",President,,DEM,John Delaney,0
Washtenaw,"City of Ann Arbor, Ward 3, Precinct 6",President,,DEM,Tulsi Gabbard,2
Washtenaw,"City of Ann Arbor, Ward 3, Precinct 6",President,,DEM,Amy Klobuchar,1
Washtenaw,"City of Ann Arbor, Ward 3, Precinct 6",President,,DEM,Bernie Sanders,386
Washtenaw,"City of Ann Arbor, Ward 3, Precinct 6",President,,DEM,Joe Sestak,1
Washtenaw,"City of Ann Arbor, Ward 3, Precinct 6",President,,DEM,Tom Steyer,0
Washtenaw,"City of Ann Arbor, Ward 3, Precinct 6",President,,DEM,Elizabeth Warren,17
Washtenaw,"City of Ann Arbor, Ward 3, Precinct 6",President,,DEM,Marianne Williamson,1
Washtenaw,"City of Ann Arbor, Ward 3, Precinct 6",President,,DEM,Andrew Yang,2
Washtenaw,"City of Ann Arbor, Ward 3, Precinct 6",President,,DEM,Uncommitted,2
Washtenaw,"City of Ann Arbor, Ward 3, Precinct 6",President,,REP,Mark Sanford,0
Washtenaw,"City of Ann Arbor, Ward 3, Precinct 6",President,,REP,Donald J. Trump,23
Washtenaw,"City of Ann Arbor, Ward 3, Precinct 6",President,,REP,Joe Walsh,1
Washtenaw,"City of Ann Arbor, Ward 3, Precinct 6",President,,REP,Bill Weld,0
Washtenaw,"City of Ann Arbor, Ward 3, Precinct 6",President,,REP,Uncommitted,2
Washtenaw,"City of Ann Arbor, Ward 3, Precinct 6",Washtenaw Community College Millage Renewal and Restoration,,,Yes,587
Washtenaw,"City of Ann Arbor, Ward 3, Precinct 6",Washtenaw Community College Millage Renewal and Restoration,,,No,98
Washtenaw,"City of Ann Arbor, Ward 3, Precinct 7",Registered Voters,,,,1544
Washtenaw,"City of Ann Arbor, Ward 3, Precinct 7",Ballots Cast,,,,808
Washtenaw,"City of Ann Arbor, Ward 3, Precinct 7",President,,DEM,Michael Bennet,0
Washtenaw,"City of Ann Arbor, Ward 3, Precinct 7",President,,DEM,Joe Biden,346
Washtenaw,"City of Ann Arbor, Ward 3, Precinct 7",President,,DEM,Michael R. Bloomberg,7
Washtenaw,"City of Ann Arbor, Ward 3, Precinct 7",President,,DEM,Cory Booker,0
Washtenaw,"City of Ann Arbor, Ward 3, Precinct 7",President,,DEM,Pete Buttigieg,4
Washtenaw,"City of Ann Arbor, Ward 3, Precinct 7",President,,DEM,Julian Castro,0
Washtenaw,"City of Ann Arbor, Ward 3, Precinct 7",President,,DEM,John Delaney,0
Washtenaw,"City of Ann Arbor, Ward 3, Precinct 7",President,,DEM,Tulsi Gabbard,3
Washtenaw,"City of Ann Arbor, Ward 3, Precinct 7",President,,DEM,Amy Klobuchar,6
Washtenaw,"City of Ann Arbor, Ward 3, Precinct 7",President,,DEM,Bernie Sanders,349
Washtenaw,"City of Ann Arbor, Ward 3, Precinct 7",President,,DEM,Joe Sestak,0
Washtenaw,"City of Ann Arbor, Ward 3, Precinct 7",President,,DEM,Tom Steyer,0
Washtenaw,"City of Ann Arbor, Ward 3, Precinct 7",President,,DEM,Elizabeth Warren,32
Washtenaw,"City of Ann Arbor, Ward 3, Precinct 7",President,,DEM,Marianne Williamson,0
Washtenaw,"City of Ann Arbor, Ward 3, Precinct 7",President,,DEM,Andrew Yang,0
Washtenaw,"City of Ann Arbor, Ward 3, Precinct 7",President,,DEM,Uncommitted,3
Washtenaw,"City of Ann Arbor, Ward 3, Precinct 7",President,,REP,Mark Sanford,0
Washtenaw,"City of Ann Arbor, Ward 3, Precinct 7",President,,REP,Donald J. Trump,40
Washtenaw,"City of Ann Arbor, Ward 3, Precinct 7",President,,REP,Joe Walsh,0
Washtenaw,"City of Ann Arbor, Ward 3, Precinct 7",President,,REP,Bill Weld,1
Washtenaw,"City of Ann Arbor, Ward 3, Precinct 7",President,,REP,Uncommitted,2
Washtenaw,"City of Ann Arbor, Ward 3, Precinct 7",Washtenaw Community College Millage Renewal and Restoration,,,Yes,631
Washtenaw,"City of Ann Arbor, Ward 3, Precinct 7",Washtenaw Community College Millage Renewal and Restoration,,,No,153
Washtenaw,"City of Ann Arbor, Ward 3, Precinct 8",Registered Voters,,,,2209
Washtenaw,"City of Ann Arbor, Ward 3, Precinct 8",Ballots Cast,,,,1058
Washtenaw,"City of Ann Arbor, Ward 3, Precinct 8",President,,DEM,Michael Bennet,0
Washtenaw,"City of Ann Arbor, Ward 3, Precinct 8",President,,DEM,Joe Biden,380
Washtenaw,"City of Ann Arbor, Ward 3, Precinct 8",President,,DEM,Michael R. Bloomberg,10
Washtenaw,"City of Ann Arbor, Ward 3, Precinct 8",President,,DEM,Cory Booker,0
Washtenaw,"City of Ann Arbor, Ward 3, Precinct 8",President,,DEM,Pete Buttigieg,8
Washtenaw,"City of Ann Arbor, Ward 3, Precinct 8",President,,DEM,Julian Castro,0
Washtenaw,"City of Ann Arbor, Ward 3, Precinct 8",President,,DEM,John Delaney,0
Washtenaw,"City of Ann Arbor, Ward 3, Precinct 8",President,,DEM,Tulsi Gabbard,4
Washtenaw,"City of Ann Arbor, Ward 3, Precinct 8",President,,DEM,Amy Klobuchar,5
Washtenaw,"City of Ann Arbor, Ward 3, Precinct 8",President,,DEM,Bernie Sanders,536
Washtenaw,"City of Ann Arbor, Ward 3, Precinct 8",President,,DEM,Joe Sestak,0
Washtenaw,"City of Ann Arbor, Ward 3, Precinct 8",President,,DEM,Tom Steyer,0
Washtenaw,"City of Ann Arbor, Ward 3, Precinct 8",President,,DEM,Elizabeth Warren,35
Washtenaw,"City of Ann Arbor, Ward 3, Precinct 8",President,,DEM,Marianne Williamson,0
Washtenaw,"City of Ann Arbor, Ward 3, Precinct 8",President,,DEM,Andrew Yang,2
Washtenaw,"City of Ann Arbor, Ward 3, Precinct 8",President,,DEM,Uncommitted,3
Washtenaw,"City of Ann Arbor, Ward 3, Precinct 8",President,,REP,Mark Sanford,2
Washtenaw,"City of Ann Arbor, Ward 3, Precinct 8",President,,REP,Donald J. Trump,52
Washtenaw,"City of Ann Arbor, Ward 3, Precinct 8",President,,REP,Joe Walsh,2
Washtenaw,"City of Ann Arbor, Ward 3, Precinct 8",President,,REP,Bill Weld,3
Washtenaw,"City of Ann Arbor, Ward 3, Precinct 8",President,,REP,Uncommitted,1
Washtenaw,"City of Ann Arbor, Ward 3, Precinct 8",Washtenaw Community College Millage Renewal and Restoration,,,Yes,829
Washtenaw,"City of Ann Arbor, Ward 3, Precinct 8",Washtenaw Community College Millage Renewal and Restoration,,,No,193
Washtenaw,"City of Ann Arbor, Ward 1, Precinct 3",Registered Voters,,,,1623
Washtenaw,"City of Ann Arbor, Ward 1, Precinct 3",Ballots Cast,,,,440
Washtenaw,"City of Ann Arbor, Ward 1, Precinct 3",President,,DEM,Michael Bennet,0
Washtenaw,"City of Ann Arbor, Ward 1, Precinct 3",President,,DEM,Joe Biden,82
Washtenaw,"City of Ann Arbor, Ward 1, Precinct 3",President,,DEM,Michael R. Bloomberg,1
Washtenaw,"City of Ann Arbor, Ward 1, Precinct 3",President,,DEM,Cory Booker,0
Washtenaw,"City of Ann Arbor, Ward 1, Precinct 3",President,,DEM,Pete Buttigieg,2
Washtenaw,"City of Ann Arbor, Ward 1, Precinct 3",President,,DEM,Julian Castro,0
Washtenaw,"City of Ann Arbor, Ward 1, Precinct 3",President,,DEM,John Delaney,0
Washtenaw,"City of Ann Arbor, Ward 1, Precinct 3",President,,DEM,Tulsi Gabbard,0
Washtenaw,"City of Ann Arbor, Ward 1, Precinct 3",President,,DEM,Amy Klobuchar,0
Washtenaw,"City of Ann Arbor, Ward 1, Precinct 3",President,,DEM,Bernie Sanders,344
Washtenaw,"City of Ann Arbor, Ward 1, Precinct 3",President,,DEM,Joe Sestak,0
Washtenaw,"City of Ann Arbor, Ward 1, Precinct 3",President,,DEM,Tom Steyer,0
Washtenaw,"City of Ann Arbor, Ward 1, Precinct 3",President,,DEM,Elizabeth Warren,7
Washtenaw,"City of Ann Arbor, Ward 1, Precinct 3",President,,DEM,Marianne Williamson,0
Washtenaw,"City of Ann Arbor, Ward 1, Precinct 3",President,,DEM,Andrew Yang,1
Washtenaw,"City of Ann Arbor, Ward 1, Precinct 3",President,,DEM,Uncommitted,0
Washtenaw,"City of Ann Arbor, Ward 1, Precinct 3",President,,REP,Mark Sanford,0
Washtenaw,"City of Ann Arbor, Ward 1, Precinct 3",President,,REP,Donald J. Trump,1
Washtenaw,"City of Ann Arbor, Ward 1, Precinct 3",President,,REP,Joe Walsh,0
Washtenaw,"City of Ann Arbor, Ward 1, Precinct 3",President,,REP,Bill Weld,0
Washtenaw,"City of Ann Arbor, Ward 1, Precinct 3",President,,REP,Uncommitted,0
Washtenaw,"City of Ann Arbor, Ward 1, Precinct 3",Washtenaw Community College Millage Renewal and Restoration,,,Yes,363
Washtenaw,"City of Ann Arbor, Ward 1, Precinct 3",Washtenaw Community College Millage Renewal and Restoration,,,No,35
Washtenaw,"City of Ann Arbor, Ward 3, Precinct 9",Registered Voters,,,,2198
Washtenaw,"City of Ann Arbor, Ward 3, Precinct 9",Ballots Cast,,,,882
Washtenaw,"City of Ann Arbor, Ward 3, Precinct 9",President,,DEM,Michael Bennet,0
Washtenaw,"City of Ann Arbor, Ward 3, Precinct 9",President,,DEM,Joe Biden,330
Washtenaw,"City of Ann Arbor, Ward 3, Precinct 9",President,,DEM,Michael R. Bloomberg,22
Washtenaw,"City of Ann Arbor, Ward 3, Precinct 9",President,,DEM,Cory Booker,0
Washtenaw,"City of Ann Arbor, Ward 3, Precinct 9",President,,DEM,Pete Buttigieg,6
Washtenaw,"City of Ann Arbor, Ward 3, Precinct 9",President,,DEM,Julian Castro,0
Washtenaw,"City of Ann Arbor, Ward 3, Precinct 9",President,,DEM,John Delaney,0
Washtenaw,"City of Ann Arbor, Ward 3, Precinct 9",President,,DEM,Tulsi Gabbard,2
Washtenaw,"City of Ann Arbor, Ward 3, Precinct 9",President,,DEM,Amy Klobuchar,3
Washtenaw,"City of Ann Arbor, Ward 3, Precinct 9",President,,DEM,Bernie Sanders,431
Washtenaw,"City of Ann Arbor, Ward 3, Precinct 9",President,,DEM,Joe Sestak,0
Washtenaw,"City of Ann Arbor, Ward 3, Precinct 9",President,,DEM,Tom Steyer,0
Washtenaw,"City of Ann Arbor, Ward 3, Precinct 9",President,,DEM,Elizabeth Warren,16
Washtenaw,"City of Ann Arbor, Ward 3, Precinct 9",President,,DEM,Marianne Williamson,1
Washtenaw,"City of Ann Arbor, Ward 3, Precinct 9",President,,DEM,Andrew Yang,1
Washtenaw,"City of Ann Arbor, Ward 3, Precinct 9",President,,DEM,Uncommitted,9
Washtenaw,"City of Ann Arbor, Ward 3, Precinct 9",President,,REP,Mark Sanford,2
Washtenaw,"City of Ann Arbor, Ward 3, Precinct 9",President,,REP,Donald J. Trump,45
Washtenaw,"City of Ann Arbor, Ward 3, Precinct 9",President,,REP,Joe Walsh,0
Washtenaw,"City of Ann Arbor, Ward 3, Precinct 9",President,,REP,Bill Weld,0
Washtenaw,"City of Ann Arbor, Ward 3, Precinct 9",President,,REP,Uncommitted,3
Washtenaw,"City of Ann Arbor, Ward 3, Precinct 9",Washtenaw Community College Millage Renewal and Restoration,,,Yes,682
Washtenaw,"City of Ann Arbor, Ward 3, Precinct 9",Washtenaw Community College Millage Renewal and Restoration,,,No,159
Washtenaw,"City of Ann Arbor, Ward 3, Precinct 10",Registered Voters,,,,1728
Washtenaw,"City of Ann Arbor, Ward 3, Precinct 10",Ballots Cast,,,,855
Washtenaw,"City of Ann Arbor, Ward 3, Precinct 10",President,,DEM,Michael Bennet,0
Washtenaw,"City of Ann Arbor, Ward 3, Precinct 10",President,,DEM,Joe Biden,452
Washtenaw,"City of Ann Arbor, Ward 3, Precinct 10",President,,DEM,Michael R. Bloomberg,13
Washtenaw,"City of Ann Arbor, Ward 3, Precinct 10",President,,DEM,Cory Booker,0
Washtenaw,"City of Ann Arbor, Ward 3, Precinct 10",President,,DEM,Pete Buttigieg,5
Washtenaw,"City of Ann Arbor, Ward 3, Precinct 10",President,,DEM,Julian Castro,0
Washtenaw,"City of Ann Arbor, Ward 3, Precinct 10",President,,DEM,John Delaney,0
Washtenaw,"City of Ann Arbor, Ward 3, Precinct 10",President,,DEM,Tulsi Gabbard,4
Washtenaw,"City of Ann Arbor, Ward 3, Precinct 10",President,,DEM,Amy Klobuchar,11
Washtenaw,"City of Ann Arbor, Ward 3, Precinct 10",President,,DEM,Bernie Sanders,310
Washtenaw,"City of Ann Arbor, Ward 3, Precinct 10",President,,DEM,Joe Sestak,0
Washtenaw,"City of Ann Arbor, Ward 3, Precinct 10",President,,DEM,Tom Steyer,0
Washtenaw,"City of Ann Arbor, Ward 3, Precinct 10",President,,DEM,Elizabeth Warren,28
Washtenaw,"City of Ann Arbor, Ward 3, Precinct 10",President,,DEM,Marianne Williamson,0
Washtenaw,"City of Ann Arbor, Ward 3, Precinct 10",President,,DEM,Andrew Yang,0
Washtenaw,"City of Ann Arbor, Ward 3, Precinct 10",President,,DEM,Uncommitted,2
Washtenaw,"City of Ann Arbor, Ward 3, Precinct 10",President,,REP,Mark Sanford,0
Washtenaw,"City of Ann Arbor, Ward 3, Precinct 10",President,,REP,Donald J. Trump,17
Washtenaw,"City of Ann Arbor, Ward 3, Precinct 10",President,,REP,Joe Walsh,0
Washtenaw,"City of Ann Arbor, Ward 3, Precinct 10",President,,REP,Bill Weld,2
Washtenaw,"City of Ann Arbor, Ward 3, Precinct 10",President,,REP,Uncommitted,4
Washtenaw,"City of Ann Arbor, Ward 3, Precinct 10",Washtenaw Community College Millage Renewal and Restoration,,,Yes,698
Washtenaw,"City of Ann Arbor, Ward 3, Precinct 10",Washtenaw Community College Millage Renewal and Restoration,,,No,116
Washtenaw,"City of Ann Arbor, Ward 4, Precinct 1",Registered Voters,,,,1898
Washtenaw,"City of Ann Arbor, Ward 4, Precinct 1",Ballots Cast,,,,585
Washtenaw,"City of Ann Arbor, Ward 4, Precinct 1",President,,DEM,Michael Bennet,0
Washtenaw,"City of Ann Arbor, Ward 4, Precinct 1",President,,DEM,Joe Biden,196
Washtenaw,"City of Ann Arbor, Ward 4, Precinct 1",President,,DEM,Michael R. Bloomberg,0
Washtenaw,"City of Ann Arbor, Ward 4, Precinct 1",President,,DEM,Cory Booker,0
Washtenaw,"City of Ann Arbor, Ward 4, Precinct 1",President,,DEM,Pete Buttigieg,0
Washtenaw,"City of Ann Arbor, Ward 4, Precinct 1",President,,DEM,Julian Castro,0
Washtenaw,"City of Ann Arbor, Ward 4, Precinct 1",President,,DEM,John Delaney,0
Washtenaw,"City of Ann Arbor, Ward 4, Precinct 1",President,,DEM,Tulsi Gabbard,2
Washtenaw,"City of Ann Arbor, Ward 4, Precinct 1",President,,DEM,Amy Klobuchar,0
Washtenaw,"City of Ann Arbor, Ward 4, Precinct 1",President,,DEM,Bernie Sanders,374
Washtenaw,"City of Ann Arbor, Ward 4, Precinct 1",President,,DEM,Joe Sestak,0
Washtenaw,"City of Ann Arbor, Ward 4, Precinct 1",President,,DEM,Tom Steyer,0
Washtenaw,"City of Ann Arbor, Ward 4, Precinct 1",President,,DEM,Elizabeth Warren,5
Washtenaw,"City of Ann Arbor, Ward 4, Precinct 1",President,,DEM,Marianne Williamson,0
Washtenaw,"City of Ann Arbor, Ward 4, Precinct 1",President,,DEM,Andrew Yang,1
Washtenaw,"City of Ann Arbor, Ward 4, Precinct 1",President,,DEM,Uncommitted,0
Washtenaw,"City of Ann Arbor, Ward 4, Precinct 1",President,,REP,Mark Sanford,0
Washtenaw,"City of Ann Arbor, Ward 4, Precinct 1",President,,REP,Donald J. Trump,3
Washtenaw,"City of Ann Arbor, Ward 4, Precinct 1",President,,REP,Joe Walsh,0
Washtenaw,"City of Ann Arbor, Ward 4, Precinct 1",President,,REP,Bill Weld,1
Washtenaw,"City of Ann Arbor, Ward 4, Precinct 1",President,,REP,Uncommitted,0
Washtenaw,"City of Ann Arbor, Ward 4, Precinct 1",Washtenaw Community College Millage Renewal and Restoration,,,Yes,445
Washtenaw,"City of Ann Arbor, Ward 4, Precinct 1",Washtenaw Community College Millage Renewal and Restoration,,,No,56
Washtenaw,"City of Ann Arbor, Ward 4, Precinct 2",Registered Voters,,,,1410
Washtenaw,"City of Ann Arbor, Ward 4, Precinct 2",Ballots Cast,,,,456
Washtenaw,"City of Ann Arbor, Ward 4, Precinct 2",President,,DEM,Michael Bennet,0
Washtenaw,"City of Ann Arbor, Ward 4, Precinct 2",President,,DEM,Joe Biden,127
Washtenaw,"City of Ann Arbor, Ward 4, Precinct 2",President,,DEM,Michael R. Bloomberg,3
Washtenaw,"City of Ann Arbor, Ward 4, Precinct 2",President,,DEM,Cory Booker,1
Washtenaw,"City of Ann Arbor, Ward 4, Precinct 2",President,,DEM,Pete Buttigieg,1
Washtenaw,"City of Ann Arbor, Ward 4, Precinct 2",President,,DEM,Julian Castro,1
Washtenaw,"City of Ann Arbor, Ward 4, Precinct 2",President,,DEM,John Delaney,0
Washtenaw,"City of Ann Arbor, Ward 4, Precinct 2",President,,DEM,Tulsi Gabbard,0
Washtenaw,"City of Ann Arbor, Ward 4, Precinct 2",President,,DEM,Amy Klobuchar,0
Washtenaw,"City of Ann Arbor, Ward 4, Precinct 2",President,,DEM,Bernie Sanders,309
Washtenaw,"City of Ann Arbor, Ward 4, Precinct 2",President,,DEM,Joe Sestak,0
Washtenaw,"City of Ann Arbor, Ward 4, Precinct 2",President,,DEM,Tom Steyer,0
Washtenaw,"City of Ann Arbor, Ward 4, Precinct 2",President,,DEM,Elizabeth Warren,8
Washtenaw,"City of Ann Arbor, Ward 4, Precinct 2",President,,DEM,Marianne Williamson,0
Washtenaw,"City of Ann Arbor, Ward 4, Precinct 2",President,,DEM,Andrew Yang,0
Washtenaw,"City of Ann Arbor, Ward 4, Precinct 2",President,,DEM,Uncommitted,1
Washtenaw,"City of Ann Arbor, Ward 4, Precinct 2",President,,REP,Mark Sanford,0
Washtenaw,"City of Ann Arbor, Ward 4, Precinct 2",President,,REP,Donald J. Trump,4
Washtenaw,"City of Ann Arbor, Ward 4, Precinct 2",President,,REP,Joe Walsh,0
Washtenaw,"City of Ann Arbor, Ward 4, Precinct 2",President,,REP,Bill Weld,0
Washtenaw,"City of Ann Arbor, Ward 4, Precinct 2",President,,REP,Uncommitted,0
Washtenaw,"City of Ann Arbor, Ward 4, Precinct 2",Washtenaw Community College Millage Renewal and Restoration,,,Yes,360
Washtenaw,"City of Ann Arbor, Ward 4, Precinct 2",Washtenaw Community College Millage Renewal and Restoration,,,No,53
Washtenaw,"City of Ann Arbor, Ward 4, Precinct 3",Registered Voters,,,,3151
Washtenaw,"City of Ann Arbor, Ward 4, Precinct 3",Ballots Cast,,,,845
Washtenaw,"City of Ann Arbor, Ward 4, Precinct 3",President,,DEM,Michael Bennet,0
Washtenaw,"City of Ann Arbor, Ward 4, Precinct 3",President,,DEM,Joe Biden,295
Washtenaw,"City of Ann Arbor, Ward 4, Precinct 3",President,,DEM,Michael R. Bloomberg,7
Washtenaw,"City of Ann Arbor, Ward 4, Precinct 3",President,,DEM,Cory Booker,0
Washtenaw,"City of Ann Arbor, Ward 4, Precinct 3",President,,DEM,Pete Buttigieg,11
Washtenaw,"City of Ann Arbor, Ward 4, Precinct 3",President,,DEM,Julian Castro,0
Washtenaw,"City of Ann Arbor, Ward 4, Precinct 3",President,,DEM,John Delaney,0
Washtenaw,"City of Ann Arbor, Ward 4, Precinct 3",President,,DEM,Tulsi Gabbard,0
Washtenaw,"City of Ann Arbor, Ward 4, Precinct 3",President,,DEM,Amy Klobuchar,2
Washtenaw,"City of Ann Arbor, Ward 4, Precinct 3",President,,DEM,Bernie Sanders,488
Washtenaw,"City of Ann Arbor, Ward 4, Precinct 3",President,,DEM,Joe Sestak,0
Washtenaw,"City of Ann Arbor, Ward 4, Precinct 3",President,,DEM,Tom Steyer,0
Washtenaw,"City of Ann Arbor, Ward 4, Precinct 3",President,,DEM,Elizabeth Warren,25
Washtenaw,"City of Ann Arbor, Ward 4, Precinct 3",President,,DEM,Marianne Williamson,0
Washtenaw,"City of Ann Arbor, Ward 4, Precinct 3",President,,DEM,Andrew Yang,0
Washtenaw,"City of Ann Arbor, Ward 4, Precinct 3",President,,DEM,Uncommitted,2
Washtenaw,"City of Ann Arbor, Ward 4, Precinct 3",President,,REP,Mark Sanford,0
Washtenaw,"City of Ann Arbor, Ward 4, Precinct 3",President,,REP,Donald J. Trump,11
Washtenaw,"City of Ann Arbor, Ward 4, Precinct 3",President,,REP,Joe Walsh,0
Washtenaw,"City of Ann Arbor, Ward 4, Precinct 3",President,,REP,Bill Weld,1
Washtenaw,"City of Ann Arbor, Ward 4, Precinct 3",President,,REP,Uncommitted,0
Washtenaw,"City of Ann Arbor, Ward 4, Precinct 3",Washtenaw Community College Millage Renewal and Restoration,,,Yes,676
Washtenaw,"City of Ann Arbor, Ward 4, Precinct 3",Washtenaw Community College Millage Renewal and Restoration,,,No,89
Washtenaw,"City of Ann Arbor, Ward 4, Precinct 4",Registered Voters,,,,2378
Washtenaw,"City of Ann Arbor, Ward 4, Precinct 4",Ballots Cast,,,,1108
Washtenaw,"City of Ann Arbor, Ward 4, Precinct 4",President,,DEM,Michael Bennet,1
Washtenaw,"City of Ann Arbor, Ward 4, Precinct 4",President,,DEM,Joe Biden,457
Washtenaw,"City of Ann Arbor, Ward 4, Precinct 4",President,,DEM,Michael R. Bloomberg,21
Washtenaw,"City of Ann Arbor, Ward 4, Precinct 4",President,,DEM,Cory Booker,1
Washtenaw,"City of Ann Arbor, Ward 4, Precinct 4",President,,DEM,Pete Buttigieg,13
Washtenaw,"City of Ann Arbor, Ward 4, Precinct 4",President,,DEM,Julian Castro,0
Washtenaw,"City of Ann Arbor, Ward 4, Precinct 4",President,,DEM,John Delaney,0
Washtenaw,"City of Ann Arbor, Ward 4, Precinct 4",President,,DEM,Tulsi Gabbard,3
Washtenaw,"City of Ann Arbor, Ward 4, Precinct 4",President,,DEM,Amy Klobuchar,7
Washtenaw,"City of Ann Arbor, Ward 4, Precinct 4",President,,DEM,Bernie Sanders,513
Washtenaw,"City of Ann Arbor, Ward 4, Precinct 4",President,,DEM,Joe Sestak,0
Washtenaw,"City of Ann Arbor, Ward 4, Precinct 4",President,,DEM,Tom Steyer,0
Washtenaw,"City of Ann Arbor, Ward 4, Precinct 4",President,,DEM,Elizabeth Warren,47
Washtenaw,"City of Ann Arbor, Ward 4, Precinct 4",President,,DEM,Marianne Williamson,0
Washtenaw,"City of Ann Arbor, Ward 4, Precinct 4",President,,DEM,Andrew Yang,1
Washtenaw,"City of Ann Arbor, Ward 4, Precinct 4",President,,DEM,Uncommitted,5
Washtenaw,"City of Ann Arbor, Ward 4, Precinct 4",President,,REP,Mark Sanford,0
Washtenaw,"City of Ann Arbor, Ward 4, Precinct 4",President,,REP,Donald J. Trump,21
Washtenaw,"City of Ann Arbor, Ward 4, Precinct 4",President,,REP,Joe Walsh,1
Washtenaw,"City of Ann Arbor, Ward 4, Precinct 4",President,,REP,Bill Weld,1
Washtenaw,"City of Ann Arbor, Ward 4, Precinct 4",President,,REP,Uncommitted,3
Washtenaw,"City of Ann Arbor, Ward 4, Precinct 4",Washtenaw Community College Millage Renewal and Restoration,,,Yes,892
Washtenaw,"City of Ann Arbor, Ward 4, Precinct 4",Washtenaw Community College Millage Renewal and Restoration,,,No,176
Washtenaw,"City of Ann Arbor, Ward 4, Precinct 5",Registered Voters,,,,2503
Washtenaw,"City of Ann Arbor, Ward 4, Precinct 5",Ballots Cast,,,,1070
Washtenaw,"City of Ann Arbor, Ward 4, Precinct 5",President,,DEM,Michael Bennet,0
Washtenaw,"City of Ann Arbor, Ward 4, Precinct 5",President,,DEM,Joe Biden,396
Washtenaw,"City of Ann Arbor, Ward 4, Precinct 5",President,,DEM,Michael R. Bloomberg,15
Washtenaw,"City of Ann Arbor, Ward 4, Precinct 5",President,,DEM,Cory Booker,0
Washtenaw,"City of Ann Arbor, Ward 4, Precinct 5",President,,DEM,Pete Buttigieg,5
Washtenaw,"City of Ann Arbor, Ward 4, Precinct 5",President,,DEM,Julian Castro,0
Washtenaw,"City of Ann Arbor, Ward 4, Precinct 5",President,,DEM,John Delaney,0
Washtenaw,"City of Ann Arbor, Ward 4, Precinct 5",President,,DEM,Tulsi Gabbard,2
Washtenaw,"City of Ann Arbor, Ward 4, Precinct 5",President,,DEM,Amy Klobuchar,4
Washtenaw,"City of Ann Arbor, Ward 4, Precinct 5",President,,DEM,Bernie Sanders,557
Washtenaw,"City of Ann Arbor, Ward 4, Precinct 5",President,,DEM,Joe Sestak,0
Washtenaw,"City of Ann Arbor, Ward 4, Precinct 5",President,,DEM,Tom Steyer,0
Washtenaw,"City of Ann Arbor, Ward 4, Precinct 5",President,,DEM,Elizabeth Warren,34
Washtenaw,"City of Ann Arbor, Ward 4, Precinct 5",President,,DEM,Marianne Williamson,0
Washtenaw,"City of Ann Arbor, Ward 4, Precinct 5",President,,DEM,Andrew Yang,1
Washtenaw,"City of Ann Arbor, Ward 4, Precinct 5",President,,DEM,Uncommitted,5
Washtenaw,"City of Ann Arbor, Ward 4, Precinct 5",President,,REP,Mark Sanford,0
Washtenaw,"City of Ann Arbor, Ward 4, Precinct 5",President,,REP,Donald J. Trump,36
Washtenaw,"City of Ann Arbor, Ward 4, Precinct 5",President,,REP,Joe Walsh,2
Washtenaw,"City of Ann Arbor, Ward 4, Precinct 5",President,,REP,Bill Weld,3
Washtenaw,"City of Ann Arbor, Ward 4, Precinct 5",President,,REP,Uncommitted,0
Washtenaw,"City of Ann Arbor, Ward 4, Precinct 5",Washtenaw Community College Millage Renewal and Restoration,,,Yes,867
Washtenaw,"City of Ann Arbor, Ward 4, Precinct 5",Washtenaw Community College Millage Renewal and Restoration,,,No,141
Washtenaw,"City of Ann Arbor, Ward 4, Precinct 6",Registered Voters,,,,2313
Washtenaw,"City of Ann Arbor, Ward 4, Precinct 6",Ballots Cast,,,,1053
Washtenaw,"City of Ann Arbor, Ward 4, Precinct 6",President,,DEM,Michael Bennet,3
Washtenaw,"City of Ann Arbor, Ward 4, Precinct 6",President,,DEM,Joe Biden,437
Washtenaw,"City of Ann Arbor, Ward 4, Precinct 6",President,,DEM,Michael R. Bloomberg,17
Washtenaw,"City of Ann Arbor, Ward 4, Precinct 6",President,,DEM,Cory Booker,0
Washtenaw,"City of Ann Arbor, Ward 4, Precinct 6",President,,DEM,Pete Buttigieg,7
Washtenaw,"City of Ann Arbor, Ward 4, Precinct 6",President,,DEM,Julian Castro,0
Washtenaw,"City of Ann Arbor, Ward 4, Precinct 6",President,,DEM,John Delaney,0
Washtenaw,"City of Ann Arbor, Ward 4, Precinct 6",President,,DEM,Tulsi Gabbard,4
Washtenaw,"City of Ann Arbor, Ward 4, Precinct 6",President,,DEM,Amy Klobuchar,3
Washtenaw,"City of Ann Arbor, Ward 4, Precinct 6",President,,DEM,Bernie Sanders,473
Washtenaw,"City of Ann Arbor, Ward 4, Precinct 6",President,,DEM,Joe Sestak,0
Washtenaw,"City of Ann Arbor, Ward 4, Precinct 6",President,,DEM,Tom Steyer,0
Washtenaw,"City of Ann Arbor, Ward 4, Precinct 6",President,,DEM,Elizabeth Warren,47
Washtenaw,"City of Ann Arbor, Ward 4, Precinct 6",President,,DEM,Marianne Williamson,0
Washtenaw,"City of Ann Arbor, Ward 4, Precinct 6",President,,DEM,Andrew Yang,3
Washtenaw,"City of Ann Arbor, Ward 4, Precinct 6",President,,DEM,Uncommitted,1
Washtenaw,"City of Ann Arbor, Ward 4, Precinct 6",President,,REP,Mark Sanford,0
Washtenaw,"City of Ann Arbor, Ward 4, Precinct 6",President,,REP,Donald J. Trump,42
Washtenaw,"City of Ann Arbor, Ward 4, Precinct 6",President,,REP,Joe Walsh,2
Washtenaw,"City of Ann Arbor, Ward 4, Precinct 6",President,,REP,Bill Weld,3
Washtenaw,"City of Ann Arbor, Ward 4, Precinct 6",President,,REP,Uncommitted,2
Washtenaw,"City of Ann Arbor, Ward 4, Precinct 6",Washtenaw Community College Millage Renewal and Restoration,,,Yes,824
Washtenaw,"City of Ann Arbor, Ward 4, Precinct 6",Washtenaw Community College Millage Renewal and Restoration,,,No,183
Washtenaw,"City of Ann Arbor, Ward 4, Precinct 7",Registered Voters,,,,2078
Washtenaw,"City of Ann Arbor, Ward 4, Precinct 7",Ballots Cast,,,,1143
Washtenaw,"City of Ann Arbor, Ward 4, Precinct 7",President,,DEM,Michael Bennet,0
Washtenaw,"City of Ann Arbor, Ward 4, Precinct 7",President,,DEM,Joe Biden,590
Washtenaw,"City of Ann Arbor, Ward 4, Precinct 7",President,,DEM,Michael R. Bloomberg,23
Washtenaw,"City of Ann Arbor, Ward 4, Precinct 7",President,,DEM,Cory Booker,1
Washtenaw,"City of Ann Arbor, Ward 4, Precinct 7",President,,DEM,Pete Buttigieg,9
Washtenaw,"City of Ann Arbor, Ward 4, Precinct 7",President,,DEM,Julian Castro,0
Washtenaw,"City of Ann Arbor, Ward 4, Precinct 7",President,,DEM,John Delaney,0
Washtenaw,"City of Ann Arbor, Ward 4, Precinct 7",President,,DEM,Tulsi Gabbard,4
Washtenaw,"City of Ann Arbor, Ward 4, Precinct 7",President,,DEM,Amy Klobuchar,9
Washtenaw,"City of Ann Arbor, Ward 4, Precinct 7",President,,DEM,Bernie Sanders,387
Washtenaw,"City of Ann Arbor, Ward 4, Precinct 7",President,,DEM,Joe Sestak,0
Washtenaw,"City of Ann Arbor, Ward 4, Precinct 7",President,,DEM,Tom Steyer,0
Washtenaw,"City of Ann Arbor, Ward 4, Precinct 7",President,,DEM,Elizabeth Warren,38
Washtenaw,"City of Ann Arbor, Ward 4, Precinct 7",President,,DEM,Marianne Williamson,0
Washtenaw,"City of Ann Arbor, Ward 4, Precinct 7",President,,DEM,Andrew Yang,0
Washtenaw,"City of Ann Arbor, Ward 4, Precinct 7",President,,DEM,Uncommitted,5
Washtenaw,"City of Ann Arbor, Ward 4, Precinct 7",President,,REP,Mark Sanford,0
Washtenaw,"City of Ann Arbor, Ward 4, Precinct 7",President,,REP,Donald J. Trump,48
Washtenaw,"City of Ann Arbor, Ward 4, Precinct 7",President,,REP,Joe Walsh,0
Washtenaw,"City of Ann Arbor, Ward 4, Precinct 7",President,,REP,Bill Weld,3
Washtenaw,"City of Ann Arbor, Ward 4, Precinct 7",President,,REP,Uncommitted,5
Washtenaw,"City of Ann Arbor, Ward 4, Precinct 7",Washtenaw Community College Millage Renewal and Restoration,,,Yes,904
Washtenaw,"City of Ann Arbor, Ward 4, Precinct 7",Washtenaw Community College Millage Renewal and Restoration,,,No,190
Washtenaw,"City of Ann Arbor, Ward 4, Precinct 8",Registered Voters,,,,2708
Washtenaw,"City of Ann Arbor, Ward 4, Precinct 8",Ballots Cast,,,,853
Washtenaw,"City of Ann Arbor, Ward 4, Precinct 8",President,,DEM,Michael Bennet,1
Washtenaw,"City of Ann Arbor, Ward 4, Precinct 8",President,,DEM,Joe Biden,313
Washtenaw,"City of Ann Arbor, Ward 4, Precinct 8",President,,DEM,Michael R. Bloomberg,22
Washtenaw,"City of Ann Arbor, Ward 4, Precinct 8",President,,DEM,Cory Booker,0
Washtenaw,"City of Ann Arbor, Ward 4, Precinct 8",President,,DEM,Pete Buttigieg,5
Washtenaw,"City of Ann Arbor, Ward 4, Precinct 8",President,,DEM,Julian Castro,0
Washtenaw,"City of Ann Arbor, Ward 4, Precinct 8",President,,DEM,John Delaney,0
Washtenaw,"City of Ann Arbor, Ward 4, Precinct 8",President,,DEM,Tulsi Gabbard,2
Washtenaw,"City of Ann Arbor, Ward 4, Precinct 8",President,,DEM,Amy Klobuchar,1
Washtenaw,"City of Ann Arbor, Ward 4, Precinct 8",President,,DEM,Bernie Sanders,460
Washtenaw,"City of Ann Arbor, Ward 4, Precinct 8",President,,DEM,Joe Sestak,0
Washtenaw,"City of Ann Arbor, Ward 4, Precinct 8",President,,DEM,Tom Steyer,0
Washtenaw,"City of Ann Arbor, Ward 4, Precinct 8",President,,DEM,Elizabeth Warren,13
Washtenaw,"City of Ann Arbor, Ward 4, Precinct 8",President,,DEM,Marianne Williamson,0
Washtenaw,"City of Ann Arbor, Ward 4, Precinct 8",President,,DEM,Andrew Yang,4
Washtenaw,"City of Ann Arbor, Ward 4, Precinct 8",President,,DEM,Uncommitted,1
Washtenaw,"City of Ann Arbor, Ward 4, Precinct 8",President,,REP,Mark Sanford,0
Washtenaw,"City of Ann Arbor, Ward 4, Precinct 8",President,,REP,Donald J. Trump,22
Washtenaw,"City of Ann Arbor, Ward 4, Precinct 8",President,,REP,Joe Walsh,0
Washtenaw,"City of Ann Arbor, Ward 4, Precinct 8",President,,REP,Bill Weld,0
Washtenaw,"City of Ann Arbor, Ward 4, Precinct 8",President,,REP,Uncommitted,3
Washtenaw,"City of Ann Arbor, Ward 4, Precinct 8",Washtenaw Community College Millage Renewal and Restoration,,,Yes,689
Washtenaw,"City of Ann Arbor, Ward 4, Precinct 8",Washtenaw Community College Millage Renewal and Restoration,,,No,116
Washtenaw,"City of Ann Arbor, Ward 1, Precinct 4",Registered Voters,,,,1126
Washtenaw,"City of Ann Arbor, Ward 1, Precinct 4",Ballots Cast,,,,422
Washtenaw,"City of Ann Arbor, Ward 1, Precinct 4",President,,DEM,Michael Bennet,0
Washtenaw,"City of Ann Arbor, Ward 1, Precinct 4",President,,DEM,Joe Biden,143
Washtenaw,"City of Ann Arbor, Ward 1, Precinct 4",President,,DEM,Michael R. Bloomberg,2
Washtenaw,"City of Ann Arbor, Ward 1, Precinct 4",President,,DEM,Cory Booker,0
Washtenaw,"City of Ann Arbor, Ward 1, Precinct 4",President,,DEM,Pete Buttigieg,3
Washtenaw,"City of Ann Arbor, Ward 1, Precinct 4",President,,DEM,Julian Castro,0
Washtenaw,"City of Ann Arbor, Ward 1, Precinct 4",President,,DEM,John Delaney,0
Washtenaw,"City of Ann Arbor, Ward 1, Precinct 4",President,,DEM,Tulsi Gabbard,0
Washtenaw,"City of Ann Arbor, Ward 1, Precinct 4",President,,DEM,Amy Klobuchar,3
Washtenaw,"City of Ann Arbor, Ward 1, Precinct 4",President,,DEM,Bernie Sanders,251
Washtenaw,"City of Ann Arbor, Ward 1, Precinct 4",President,,DEM,Joe Sestak,0
Washtenaw,"City of Ann Arbor, Ward 1, Precinct 4",President,,DEM,Tom Steyer,0
Washtenaw,"City of Ann Arbor, Ward 1, Precinct 4",President,,DEM,Elizabeth Warren,11
Washtenaw,"City of Ann Arbor, Ward 1, Precinct 4",President,,DEM,Marianne Williamson,0
Washtenaw,"City of Ann Arbor, Ward 1, Precinct 4",President,,DEM,Andrew Yang,0
Washtenaw,"City of Ann Arbor, Ward 1, Precinct 4",President,,DEM,Uncommitted,1
Washtenaw,"City of Ann Arbor, Ward 1, Precinct 4",President,,REP,Mark Sanford,0
Washtenaw,"City of Ann Arbor, Ward 1, Precinct 4",President,,REP,Donald J. Trump,5
Washtenaw,"City of Ann Arbor, Ward 1, Precinct 4",President,,REP,Joe Walsh,0
Washtenaw,"City of Ann Arbor, Ward 1, Precinct 4",President,,REP,Bill Weld,0
Washtenaw,"City of Ann Arbor, Ward 1, Precinct 4",President,,REP,Uncommitted,0
Washtenaw,"City of Ann Arbor, Ward 1, Precinct 4",Washtenaw Community College Millage Renewal and Restoration,,,Yes,351
Washtenaw,"City of Ann Arbor, Ward 1, Precinct 4",Washtenaw Community College Millage Renewal and Restoration,,,No,41
Washtenaw,"City of Ann Arbor, Ward 4, Precinct 9",Registered Voters,,,,1628
Washtenaw,"City of Ann Arbor, Ward 4, Precinct 9",Ballots Cast,,,,882
Washtenaw,"City of Ann Arbor, Ward 4, Precinct 9",President,,DEM,Michael Bennet,0
Washtenaw,"City of Ann Arbor, Ward 4, Precinct 9",President,,DEM,Joe Biden,542
Washtenaw,"City of Ann Arbor, Ward 4, Precinct 9",President,,DEM,Michael R. Bloomberg,13
Washtenaw,"City of Ann Arbor, Ward 4, Precinct 9",President,,DEM,Cory Booker,0
Washtenaw,"City of Ann Arbor, Ward 4, Precinct 9",President,,DEM,Pete Buttigieg,10
Washtenaw,"City of Ann Arbor, Ward 4, Precinct 9",President,,DEM,Julian Castro,0
Washtenaw,"City of Ann Arbor, Ward 4, Precinct 9",President,,DEM,John Delaney,0
Washtenaw,"City of Ann Arbor, Ward 4, Precinct 9",President,,DEM,Tulsi Gabbard,3
Washtenaw,"City of Ann Arbor, Ward 4, Precinct 9",President,,DEM,Amy Klobuchar,3
Washtenaw,"City of Ann Arbor, Ward 4, Precinct 9",President,,DEM,Bernie Sanders,224
Washtenaw,"City of Ann Arbor, Ward 4, Precinct 9",President,,DEM,Joe Sestak,0
Washtenaw,"City of Ann Arbor, Ward 4, Precinct 9",President,,DEM,Tom Steyer,0
Washtenaw,"City of Ann Arbor, Ward 4, Precinct 9",President,,DEM,Elizabeth Warren,19
Washtenaw,"City of Ann Arbor, Ward 4, Precinct 9",President,,DEM,Marianne Williamson,0
Washtenaw,"City of Ann Arbor, Ward 4, Precinct 9",President,,DEM,Andrew Yang,1
Washtenaw,"City of Ann Arbor, Ward 4, Precinct 9",President,,DEM,Uncommitted,3
Washtenaw,"City of Ann Arbor, Ward 4, Precinct 9",President,,REP,Mark Sanford,0
Washtenaw,"City of Ann Arbor, Ward 4, Precinct 9",President,,REP,Donald J. Trump,39
Washtenaw,"City of Ann Arbor, Ward 4, Precinct 9",President,,REP,Joe Walsh,0
Washtenaw,"City of Ann Arbor, Ward 4, Precinct 9",President,,REP,Bill Weld,3
Washtenaw,"City of Ann Arbor, Ward 4, Precinct 9",President,,REP,Uncommitted,6
Washtenaw,"City of Ann Arbor, Ward 4, Precinct 9",Washtenaw Community College Millage Renewal and Restoration,,,Yes,679
Washtenaw,"City of Ann Arbor, Ward 4, Precinct 9",Washtenaw Community College Millage Renewal and Restoration,,,No,167
Washtenaw,"City of Ann Arbor, Ward 4, Precinct 10",Registered Voters,,,,1689
Washtenaw,"City of Ann Arbor, Ward 4, Precinct 10",Ballots Cast,,,,461
Washtenaw,"City of Ann Arbor, Ward 4, Precinct 10",President,,DEM,Michael Bennet,0
Washtenaw,"City of Ann Arbor, Ward 4, Precinct 10",President,,DEM,Joe Biden,173
Washtenaw,"City of Ann Arbor, Ward 4, Precinct 10",President,,DEM,Michael R. Bloomberg,12
Washtenaw,"City of Ann Arbor, Ward 4, Precinct 10",President,,DEM,Cory Booker,0
Washtenaw,"City of Ann Arbor, Ward 4, Precinct 10",President,,DEM,Pete Buttigieg,5
Washtenaw,"City of Ann Arbor, Ward 4, Precinct 10",President,,DEM,Julian Castro,0
Washtenaw,"City of Ann Arbor, Ward 4, Precinct 10",President,,DEM,John Delaney,0
Washtenaw,"City of Ann Arbor, Ward 4, Precinct 10",President,,DEM,Tulsi Gabbard,1
Washtenaw,"City of Ann Arbor, Ward 4, Precinct 10",President,,DEM,Amy Klobuchar,3
Washtenaw,"City of Ann Arbor, Ward 4, Precinct 10",President,,DEM,Bernie Sanders,215
Washtenaw,"City of Ann Arbor, Ward 4, Precinct 10",President,,DEM,Joe Sestak,0
Washtenaw,"City of Ann Arbor, Ward 4, Precinct 10",President,,DEM,Tom Steyer,1
Washtenaw,"City of Ann Arbor, Ward 4, Precinct 10",President,,DEM,Elizabeth Warren,14
Washtenaw,"City of Ann Arbor, Ward 4, Precinct 10",President,,DEM,Marianne Williamson,0
Washtenaw,"City of Ann Arbor, Ward 4, Precinct 10",President,,DEM,Andrew Yang,0
Washtenaw,"City of Ann Arbor, Ward 4, Precinct 10",President,,DEM,Uncommitted,3
Washtenaw,"City of Ann Arbor, Ward 4, Precinct 10",President,,REP,Mark Sanford,0
Washtenaw,"City of Ann Arbor, Ward 4, Precinct 10",President,,REP,Donald J. Trump,21
Washtenaw,"City of Ann Arbor, Ward 4, Precinct 10",President,,REP,Joe Walsh,1
Washtenaw,"City of Ann Arbor, Ward 4, Precinct 10",President,,REP,Bill Weld,1
Washtenaw,"City of Ann Arbor, Ward 4, Precinct 10",President,,REP,Uncommitted,3
Washtenaw,"City of Ann Arbor, Ward 4, Precinct 10",Washtenaw Community College Millage Renewal and Restoration,,,Yes,365
Washtenaw,"City of Ann Arbor, Ward 4, Precinct 10",Washtenaw Community College Millage Renewal and Restoration,,,No,71
Washtenaw,"City of Ann Arbor, Ward 5, Precinct 1",Registered Voters,,,,1867
Washtenaw,"City of Ann Arbor, Ward 5, Precinct 1",Ballots Cast,,,,558
Washtenaw,"City of Ann Arbor, Ward 5, Precinct 1",President,,DEM,Michael Bennet,0
Washtenaw,"City of Ann Arbor, Ward 5, Precinct 1",President,,DEM,Joe Biden,154
Washtenaw,"City of Ann Arbor, Ward 5, Precinct 1",President,,DEM,Michael R. Bloomberg,2
Washtenaw,"City of Ann Arbor, Ward 5, Precinct 1",President,,DEM,Cory Booker,1
Washtenaw,"City of Ann Arbor, Ward 5, Precinct 1",President,,DEM,Pete Buttigieg,4
Washtenaw,"City of Ann Arbor, Ward 5, Precinct 1",President,,DEM,Julian Castro,0
Washtenaw,"City of Ann Arbor, Ward 5, Precinct 1",President,,DEM,John Delaney,0
Washtenaw,"City of Ann Arbor, Ward 5, Precinct 1",President,,DEM,Tulsi Gabbard,1
Washtenaw,"City of Ann Arbor, Ward 5, Precinct 1",President,,DEM,Amy Klobuchar,1
Washtenaw,"City of Ann Arbor, Ward 5, Precinct 1",President,,DEM,Bernie Sanders,369
Washtenaw,"City of Ann Arbor, Ward 5, Precinct 1",President,,DEM,Joe Sestak,0
Washtenaw,"City of Ann Arbor, Ward 5, Precinct 1",President,,DEM,Tom Steyer,0
Washtenaw,"City of Ann Arbor, Ward 5, Precinct 1",President,,DEM,Elizabeth Warren,15
Washtenaw,"City of Ann Arbor, Ward 5, Precinct 1",President,,DEM,Marianne Williamson,0
Washtenaw,"City of Ann Arbor, Ward 5, Precinct 1",President,,DEM,Andrew Yang,0
Washtenaw,"City of Ann Arbor, Ward 5, Precinct 1",President,,DEM,Uncommitted,1
Washtenaw,"City of Ann Arbor, Ward 5, Precinct 1",President,,REP,Mark Sanford,0
Washtenaw,"City of Ann Arbor, Ward 5, Precinct 1",President,,REP,Donald J. Trump,6
Washtenaw,"City of Ann Arbor, Ward 5, Precinct 1",President,,REP,Joe Walsh,0
Washtenaw,"City of Ann Arbor, Ward 5, Precinct 1",President,,REP,Bill Weld,2
Washtenaw,"City of Ann Arbor, Ward 5, Precinct 1",President,,REP,Uncommitted,0
Washtenaw,"City of Ann Arbor, Ward 5, Precinct 1",Washtenaw Community College Millage Renewal and Restoration,,,Yes,450
Washtenaw,"City of Ann Arbor, Ward 5, Precinct 1",Washtenaw Community College Millage Renewal and Restoration,,,No,59
Washtenaw,"City of Ann Arbor, Ward 5, Precinct 2",Registered Voters,,,,3004
Washtenaw,"City of Ann Arbor, Ward 5, Precinct 2",Ballots Cast,,,,1297
Washtenaw,"City of Ann Arbor, Ward 5, Precinct 2",President,,DEM,Michael Bennet,0
Washtenaw,"City of Ann Arbor, Ward 5, Precinct 2",President,,DEM,Joe Biden,564
Washtenaw,"City of Ann Arbor, Ward 5, Precinct 2",President,,DEM,Michael R. Bloomberg,13
Washtenaw,"City of Ann Arbor, Ward 5, Precinct 2",President,,DEM,Cory Booker,0
Washtenaw,"City of Ann Arbor, Ward 5, Precinct 2",President,,DEM,Pete Buttigieg,6
Washtenaw,"City of Ann Arbor, Ward 5, Precinct 2",President,,DEM,Julian Castro,0
Washtenaw,"City of Ann Arbor, Ward 5, Precinct 2",President,,DEM,John Delaney,0
Washtenaw,"City of Ann Arbor, Ward 5, Precinct 2",President,,DEM,Tulsi Gabbard,3
Washtenaw,"City of Ann Arbor, Ward 5, Precinct 2",President,,DEM,Amy Klobuchar,5
Washtenaw,"City of Ann Arbor, Ward 5, Precinct 2",President,,DEM,Bernie Sanders,622
Washtenaw,"City of Ann Arbor, Ward 5, Precinct 2",President,,DEM,Joe Sestak,0
Washtenaw,"City of Ann Arbor, Ward 5, Precinct 2",President,,DEM,Tom Steyer,0
Washtenaw,"City of Ann Arbor, Ward 5, Precinct 2",President,,DEM,Elizabeth Warren,61
Washtenaw,"City of Ann Arbor, Ward 5, Precinct 2",President,,DEM,Marianne Williamson,0
Washtenaw,"City of Ann Arbor, Ward 5, Precinct 2",President,,DEM,Andrew Yang,1
Washtenaw,"City of Ann Arbor, Ward 5, Precinct 2",President,,DEM,Uncommitted,1
Washtenaw,"City of Ann Arbor, Ward 5, Precinct 2",President,,REP,Mark Sanford,1
Washtenaw,"City of Ann Arbor, Ward 5, Precinct 2",President,,REP,Donald J. Trump,14
Washtenaw,"City of Ann Arbor, Ward 5, Precinct 2",President,,REP,Joe Walsh,0
Washtenaw,"City of Ann Arbor, Ward 5, Precinct 2",President,,REP,Bill Weld,0
Washtenaw,"City of Ann Arbor, Ward 5, Precinct 2",President,,REP,Uncommitted,0
Washtenaw,"City of Ann Arbor, Ward 5, Precinct 2",Washtenaw Community College Millage Renewal and Restoration,,,Yes,1079
Washtenaw,"City of Ann Arbor, Ward 5, Precinct 2",Washtenaw Community College Millage Renewal and Restoration,,,No,137
Washtenaw,"City of Ann Arbor, Ward 5, Precinct 3",Registered Voters,,,,1590
Washtenaw,"City of Ann Arbor, Ward 5, Precinct 3",Ballots Cast,,,,660
Washtenaw,"City of Ann Arbor, Ward 5, Precinct 3",President,,DEM,Michael Bennet,0
Washtenaw,"City of Ann Arbor, Ward 5, Precinct 3",President,,DEM,Joe Biden,257
Washtenaw,"City of Ann Arbor, Ward 5, Precinct 3",President,,DEM,Michael R. Bloomberg,8
Washtenaw,"City of Ann Arbor, Ward 5, Precinct 3",President,,DEM,Cory Booker,0
Washtenaw,"City of Ann Arbor, Ward 5, Precinct 3",President,,DEM,Pete Buttigieg,3
Washtenaw,"City of Ann Arbor, Ward 5, Precinct 3",President,,DEM,Julian Castro,1
Washtenaw,"City of Ann Arbor, Ward 5, Precinct 3",President,,DEM,John Delaney,0
Washtenaw,"City of Ann Arbor, Ward 5, Precinct 3",President,,DEM,Tulsi Gabbard,3
Washtenaw,"City of Ann Arbor, Ward 5, Precinct 3",President,,DEM,Amy Klobuchar,4
Washtenaw,"City of Ann Arbor, Ward 5, Precinct 3",President,,DEM,Bernie Sanders,342
Washtenaw,"City of Ann Arbor, Ward 5, Precinct 3",President,,DEM,Joe Sestak,1
Washtenaw,"City of Ann Arbor, Ward 5, Precinct 3",President,,DEM,Tom Steyer,0
Washtenaw,"City of Ann Arbor, Ward 5, Precinct 3",President,,DEM,Elizabeth Warren,21
Washtenaw,"City of Ann Arbor, Ward 5, Precinct 3",President,,DEM,Marianne Williamson,1
Washtenaw,"City of Ann Arbor, Ward 5, Precinct 3",President,,DEM,Andrew Yang,2
Washtenaw,"City of Ann Arbor, Ward 5, Precinct 3",President,,DEM,Uncommitted,4
Washtenaw,"City of Ann Arbor, Ward 5, Precinct 3",President,,REP,Mark Sanford,0
Washtenaw,"City of Ann Arbor, Ward 5, Precinct 3",President,,REP,Donald J. Trump,8
Washtenaw,"City of Ann Arbor, Ward 5, Precinct 3",President,,REP,Joe Walsh,0
Washtenaw,"City of Ann Arbor, Ward 5, Precinct 3",President,,REP,Bill Weld,0
Washtenaw,"City of Ann Arbor, Ward 5, Precinct 3",President,,REP,Uncommitted,2
Washtenaw,"City of Ann Arbor, Ward 5, Precinct 3",Washtenaw Community College Millage Renewal and Restoration,,,Yes,550
Washtenaw,"City of Ann Arbor, Ward 5, Precinct 3",Washtenaw Community College Millage Renewal and Restoration,,,No,71
Washtenaw,"City of Ann Arbor, Ward 5, Precinct 4",Registered Voters,,,,2259
Washtenaw,"City of Ann Arbor, Ward 5, Precinct 4",Ballots Cast,,,,1195
Washtenaw,"City of Ann Arbor, Ward 5, Precinct 4",President,,DEM,Michael Bennet,1
Washtenaw,"City of Ann Arbor, Ward 5, Precinct 4",President,,DEM,Joe Biden,559
Washtenaw,"City of Ann Arbor, Ward 5, Precinct 4",President,,DEM,Michael R. Bloomberg,11
Washtenaw,"City of Ann Arbor, Ward 5, Precinct 4",President,,DEM,Cory Booker,0
Washtenaw,"City of Ann Arbor, Ward 5, Precinct 4",President,,DEM,Pete Buttigieg,6
Washtenaw,"City of Ann Arbor, Ward 5, Precinct 4",President,,DEM,Julian Castro,0
Washtenaw,"City of Ann Arbor, Ward 5, Precinct 4",President,,DEM,John Delaney,0
Washtenaw,"City of Ann Arbor, Ward 5, Precinct 4",President,,DEM,Tulsi Gabbard,2
Washtenaw,"City of Ann Arbor, Ward 5, Precinct 4",President,,DEM,Amy Klobuchar,12
Washtenaw,"City of Ann Arbor, Ward 5, Precinct 4",President,,DEM,Bernie Sanders,535
Washtenaw,"City of Ann Arbor, Ward 5, Precinct 4",President,,DEM,Joe Sestak,0
Washtenaw,"City of Ann Arbor, Ward 5, Precinct 4",President,,DEM,Tom Steyer,0
Washtenaw,"City of Ann Arbor, Ward 5, Precinct 4",President,,DEM,Elizabeth Warren,51
Washtenaw,"City of Ann Arbor, Ward 5, Precinct 4",President,,DEM,Marianne Williamson,1
Washtenaw,"City of Ann Arbor, Ward 5, Precinct 4",President,,DEM,Andrew Yang,0
Washtenaw,"City of Ann Arbor, Ward 5, Precinct 4",President,,DEM,Uncommitted,0
Washtenaw,"City of Ann Arbor, Ward 5, Precinct 4",President,,REP,Mark Sanford,0
Washtenaw,"City of Ann Arbor, Ward 5, Precinct 4",President,,REP,Donald J. Trump,11
Washtenaw,"City of Ann Arbor, Ward 5, Precinct 4",President,,REP,Joe Walsh,0
Washtenaw,"City of Ann Arbor, Ward 5, Precinct 4",President,,REP,Bill Weld,0
Washtenaw,"City of Ann Arbor, Ward 5, Precinct 4",President,,REP,Uncommitted,0
Washtenaw,"City of Ann Arbor, Ward 5, Precinct 4",Washtenaw Community College Millage Renewal and Restoration,,,Yes,1011
Washtenaw,"City of Ann Arbor, Ward 5, Precinct 4",Washtenaw Community College Millage Renewal and Restoration,,,No,136
Washtenaw,"City of Ann Arbor, Ward 5, Precinct 5",Registered Voters,,,,2421
Washtenaw,"City of Ann Arbor, Ward 5, Precinct 5",Ballots Cast,,,,1163
Washtenaw,"City of Ann Arbor, Ward 5, Precinct 5",President,,DEM,Michael Bennet,1
Washtenaw,"City of Ann Arbor, Ward 5, Precinct 5",President,,DEM,Joe Biden,467
Washtenaw,"City of Ann Arbor, Ward 5, Precinct 5",President,,DEM,Michael R. Bloomberg,25
Washtenaw,"City of Ann Arbor, Ward 5, Precinct 5",President,,DEM,Cory Booker,0
Washtenaw,"City of Ann Arbor, Ward 5, Precinct 5",President,,DEM,Pete Buttigieg,6
Washtenaw,"City of Ann Arbor, Ward 5, Precinct 5",President,,DEM,Julian Castro,0
Washtenaw,"City of Ann Arbor, Ward 5, Precinct 5",President,,DEM,John Delaney,0
Washtenaw,"City of Ann Arbor, Ward 5, Precinct 5",President,,DEM,Tulsi Gabbard,3
Washtenaw,"City of Ann Arbor, Ward 5, Precinct 5",President,,DEM,Amy Klobuchar,8
Washtenaw,"City of Ann Arbor, Ward 5, Precinct 5",President,,DEM,Bernie Sanders,591
Washtenaw,"City of Ann Arbor, Ward 5, Precinct 5",President,,DEM,Joe Sestak,0
Washtenaw,"City of Ann Arbor, Ward 5, Precinct 5",President,,DEM,Tom Steyer,0
Washtenaw,"City of Ann Arbor, Ward 5, Precinct 5",President,,DEM,Elizabeth Warren,32
Washtenaw,"City of Ann Arbor, Ward 5, Precinct 5",President,,DEM,Marianne Williamson,0
Washtenaw,"City of Ann Arbor, Ward 5, Precinct 5",President,,DEM,Andrew Yang,1
Washtenaw,"City of Ann Arbor, Ward 5, Precinct 5",President,,DEM,Uncommitted,0
Washtenaw,"City of Ann Arbor, Ward 5, Precinct 5",President,,REP,Mark Sanford,2
Washtenaw,"City of Ann Arbor, Ward 5, Precinct 5",President,,REP,Donald J. Trump,19
Washtenaw,"City of Ann Arbor, Ward 5, Precinct 5",President,,REP,Joe Walsh,0
Washtenaw,"City of Ann Arbor, Ward 5, Precinct 5",President,,REP,Bill Weld,0
Washtenaw,"City of Ann Arbor, Ward 5, Precinct 5",President,,REP,Uncommitted,0
Washtenaw,"City of Ann Arbor, Ward 5, Precinct 5",Washtenaw Community College Millage Renewal and Restoration,,,Yes,953
Washtenaw,"City of Ann Arbor, Ward 5, Precinct 5",Washtenaw Community College Millage Renewal and Restoration,,,No,159
Washtenaw,"City of Ann Arbor, Ward 5, Precinct 6",Registered Voters,,,,2224
Washtenaw,"City of Ann Arbor, Ward 5, Precinct 6",Ballots Cast,,,,1091
Washtenaw,"City of Ann Arbor, Ward 5, Precinct 6",President,,DEM,Michael Bennet,0
Washtenaw,"City of Ann Arbor, Ward 5, Precinct 6",President,,DEM,Joe Biden,556
Washtenaw,"City of Ann Arbor, Ward 5, Precinct 6",President,,DEM,Michael R. Bloomberg,12
Washtenaw,"City of Ann Arbor, Ward 5, Precinct 6",President,,DEM,Cory Booker,0
Washtenaw,"City of Ann Arbor, Ward 5, Precinct 6",President,,DEM,Pete Buttigieg,12
Washtenaw,"City of Ann Arbor, Ward 5, Precinct 6",President,,DEM,Julian Castro,0
Washtenaw,"City of Ann Arbor, Ward 5, Precinct 6",President,,DEM,John Delaney,0
Washtenaw,"City of Ann Arbor, Ward 5, Precinct 6",President,,DEM,Tulsi Gabbard,3
Washtenaw,"City of Ann Arbor, Ward 5, Precinct 6",President,,DEM,Amy Klobuchar,0
Washtenaw,"City of Ann Arbor, Ward 5, Precinct 6",President,,DEM,Bernie Sanders,429
Washtenaw,"City of Ann Arbor, Ward 5, Precinct 6",President,,DEM,Joe Sestak,0
Washtenaw,"City of Ann Arbor, Ward 5, Precinct 6",President,,DEM,Tom Steyer,0
Washtenaw,"City of Ann Arbor, Ward 5, Precinct 6",President,,DEM,Elizabeth Warren,39
Washtenaw,"City of Ann Arbor, Ward 5, Precinct 6",President,,DEM,Marianne Williamson,0
Washtenaw,"City of Ann Arbor, Ward 5, Precinct 6",President,,DEM,Andrew Yang,1
Washtenaw,"City of Ann Arbor, Ward 5, Precinct 6",President,,DEM,Uncommitted,2
Washtenaw,"City of Ann Arbor, Ward 5, Precinct 6",President,,REP,Mark Sanford,0
Washtenaw,"City of Ann Arbor, Ward 5, Precinct 6",President,,REP,Donald J. Trump,27
Washtenaw,"City of Ann Arbor, Ward 5, Precinct 6",President,,REP,Joe Walsh,0
Washtenaw,"City of Ann Arbor, Ward 5, Precinct 6",President,,REP,Bill Weld,0
Washtenaw,"City of Ann Arbor, Ward 5, Precinct 6",President,,REP,Uncommitted,0
Washtenaw,"City of Ann Arbor, Ward 5, Precinct 6",Washtenaw Community College Millage Renewal and Restoration,,,Yes,886
Washtenaw,"City of Ann Arbor, Ward 5, Precinct 6",Washtenaw Community College Millage Renewal and Restoration,,,No,150
Washtenaw,"City of Ann Arbor, Ward 5, Precinct 7",Registered Voters,,,,1760
Washtenaw,"City of Ann Arbor, Ward 5, Precinct 7",Ballots Cast,,,,591
Washtenaw,"City of Ann Arbor, Ward 5, Precinct 7",President,,DEM,Michael Bennet,0
Washtenaw,"City of Ann Arbor, Ward 5, Precinct 7",President,,DEM,Joe Biden,192
Washtenaw,"City of Ann Arbor, Ward 5, Precinct 7",President,,DEM,Michael R. Bloomberg,10
Washtenaw,"City of Ann Arbor, Ward 5, Precinct 7",President,,DEM,Cory Booker,1
Washtenaw,"City of Ann Arbor, Ward 5, Precinct 7",President,,DEM,Pete Buttigieg,2
Washtenaw,"City of Ann Arbor, Ward 5, Precinct 7",President,,DEM,Julian Castro,0
Washtenaw,"City of Ann Arbor, Ward 5, Precinct 7",President,,DEM,John Delaney,0
Washtenaw,"City of Ann Arbor, Ward 5, Precinct 7",President,,DEM,Tulsi Gabbard,4
Washtenaw,"City of Ann Arbor, Ward 5, Precinct 7",President,,DEM,Amy Klobuchar,1
Washtenaw,"City of Ann Arbor, Ward 5, Precinct 7",President,,DEM,Bernie Sanders,340
Washtenaw,"City of Ann Arbor, Ward 5, Precinct 7",President,,DEM,Joe Sestak,0
Washtenaw,"City of Ann Arbor, Ward 5, Precinct 7",President,,DEM,Tom Steyer,0
Washtenaw,"City of Ann Arbor, Ward 5, Precinct 7",President,,DEM,Elizabeth Warren,13
Washtenaw,"City of Ann Arbor, Ward 5, Precinct 7",President,,DEM,Marianne Williamson,0
Washtenaw,"City of Ann Arbor, Ward 5, Precinct 7",President,,DEM,Andrew Yang,2
Washtenaw,"City of Ann Arbor, Ward 5, Precinct 7",President,,DEM,Uncommitted,1
Washtenaw,"City of Ann Arbor, Ward 5, Precinct 7",President,,REP,Mark Sanford,0
Washtenaw,"City of Ann Arbor, Ward 5, Precinct 7",President,,REP,Donald J. Trump,18
Washtenaw,"City of Ann Arbor, Ward 5, Precinct 7",President,,REP,Joe Walsh,0
Washtenaw,"City of Ann Arbor, Ward 5, Precinct 7",President,,REP,Bill Weld,1
Washtenaw,"City of Ann Arbor, Ward 5, Precinct 7",President,,REP,Uncommitted,2
Washtenaw,"City of Ann Arbor, Ward 5, Precinct 7",Washtenaw Community College Millage Renewal and Restoration,,,Yes,468
Washtenaw,"City of Ann Arbor, Ward 5, Precinct 7",Washtenaw Community College Millage Renewal and Restoration,,,No,87
Washtenaw,"City of Ann Arbor, Ward 5, Precinct 8",Registered Voters,,,,1205
Washtenaw,"City of Ann Arbor, Ward 5, Precinct 8",Ballots Cast,,,,631
Washtenaw,"City of Ann Arbor, Ward 5, Precinct 8",President,,DEM,Michael Bennet,0
Washtenaw,"City of Ann Arbor, Ward 5, Precinct 8",President,,DEM,Joe Biden,308
Washtenaw,"City of Ann Arbor, Ward 5, Precinct 8",President,,DEM,Michael R. Bloomberg,9
Washtenaw,"City of Ann Arbor, Ward 5, Precinct 8",President,,DEM,Cory Booker,0
Washtenaw,"City of Ann Arbor, Ward 5, Precinct 8",President,,DEM,Pete Buttigieg,12
Washtenaw,"City of Ann Arbor, Ward 5, Precinct 8",President,,DEM,Julian Castro,0
Washtenaw,"City of Ann Arbor, Ward 5, Precinct 8",President,,DEM,John Delaney,0
Washtenaw,"City of Ann Arbor, Ward 5, Precinct 8",President,,DEM,Tulsi Gabbard,1
Washtenaw,"City of Ann Arbor, Ward 5, Precinct 8",President,,DEM,Amy Klobuchar,5
Washtenaw,"City of Ann Arbor, Ward 5, Precinct 8",President,,DEM,Bernie Sanders,235
Washtenaw,"City of Ann Arbor, Ward 5, Precinct 8",President,,DEM,Joe Sestak,0
Washtenaw,"City of Ann Arbor, Ward 5, Precinct 8",President,,DEM,Tom Steyer,0
Washtenaw,"City of Ann Arbor, Ward 5, Precinct 8",President,,DEM,Elizabeth Warren,22
Washtenaw,"City of Ann Arbor, Ward 5, Precinct 8",President,,DEM,Marianne Williamson,0
Washtenaw,"City of Ann Arbor, Ward 5, Precinct 8",President,,DEM,Andrew Yang,1
Washtenaw,"City of Ann Arbor, Ward 5, Precinct 8",President,,DEM,Uncommitted,3
Washtenaw,"City of Ann Arbor, Ward 5, Precinct 8",President,,REP,Mark Sanford,1
Washtenaw,"City of Ann Arbor, Ward 5, Precinct 8",President,,REP,Donald J. Trump,22
Washtenaw,"City of Ann Arbor, Ward 5, Precinct 8",President,,REP,Joe Walsh,0
Washtenaw,"City of Ann Arbor, Ward 5, Precinct 8",President,,REP,Bill Weld,0
Washtenaw,"City of Ann Arbor, Ward 5, Precinct 8",President,,REP,Uncommitted,4
Washtenaw,"City of Ann Arbor, Ward 5, Precinct 8",Washtenaw Community College Millage Renewal and Restoration,,,Yes,469
Washtenaw,"City of Ann Arbor, Ward 5, Precinct 8",Washtenaw Community College Millage Renewal and Restoration,,,No,135
Washtenaw,"City of Ann Arbor, Ward 1, Precinct 5",Registered Voters,,,,1864
Washtenaw,"City of Ann Arbor, Ward 1, Precinct 5",Ballots Cast,,,,820
Washtenaw,"City of Ann Arbor, Ward 1, Precinct 5",President,,DEM,Michael Bennet,0
Washtenaw,"City of Ann Arbor, Ward 1, Precinct 5",President,,DEM,Joe Biden,284
Washtenaw,"City of Ann Arbor, Ward 1, Precinct 5",President,,DEM,Michael R. Bloomberg,5
Washtenaw,"City of Ann Arbor, Ward 1, Precinct 5",President,,DEM,Cory Booker,0
Washtenaw,"City of Ann Arbor, Ward 1, Precinct 5",President,,DEM,Pete Buttigieg,5
Washtenaw,"City of Ann Arbor, Ward 1, Precinct 5",President,,DEM,Julian Castro,0
Washtenaw,"City of Ann Arbor, Ward 1, Precinct 5",President,,DEM,John Delaney,0
Washtenaw,"City of Ann Arbor, Ward 1, Precinct 5",President,,DEM,Tulsi Gabbard,3
Washtenaw,"City of Ann Arbor, Ward 1, Precinct 5",President,,DEM,Amy Klobuchar,3
Washtenaw,"City of Ann Arbor, Ward 1, Precinct 5",President,,DEM,Bernie Sanders,459
Washtenaw,"City of Ann Arbor, Ward 1, Precinct 5",President,,DEM,Joe Sestak,0
Washtenaw,"City of Ann Arbor, Ward 1, Precinct 5",President,,DEM,Tom Steyer,0
Washtenaw,"City of Ann Arbor, Ward 1, Precinct 5",President,,DEM,Elizabeth Warren,36
Washtenaw,"City of Ann Arbor, Ward 1, Precinct 5",President,,DEM,Marianne Williamson,0
Washtenaw,"City of Ann Arbor, Ward 1, Precinct 5",President,,DEM,Andrew Yang,1
Washtenaw,"City of Ann Arbor, Ward 1, Precinct 5",President,,DEM,Uncommitted,3
Washtenaw,"City of Ann Arbor, Ward 1, Precinct 5",President,,REP,Mark Sanford,1
Washtenaw,"City of Ann Arbor, Ward 1, Precinct 5",President,,REP,Donald J. Trump,18
Washtenaw,"City of Ann Arbor, Ward 1, Precinct 5",President,,REP,Joe Walsh,0
Washtenaw,"City of Ann Arbor, Ward 1, Precinct 5",President,,REP,Bill Weld,0
Washtenaw,"City of Ann Arbor, Ward 1, Precinct 5",President,,REP,Uncommitted,0
Washtenaw,"City of Ann Arbor, Ward 1, Precinct 5",Washtenaw Community College Millage Renewal and Restoration,,,Yes,685
Washtenaw,"City of Ann Arbor, Ward 1, Precinct 5",Washtenaw Community College Millage Renewal and Restoration,,,No,91
Washtenaw,"City of Ann Arbor, Ward 5, Precinct 9",Registered Voters,,,,2183
Washtenaw,"City of Ann Arbor, Ward 5, Precinct 9",Ballots Cast,,,,1196
Washtenaw,"City of Ann Arbor, Ward 5, Precinct 9",President,,DEM,Michael Bennet,0
Washtenaw,"City of Ann Arbor, Ward 5, Precinct 9",President,,DEM,Joe Biden,509
Washtenaw,"City of Ann Arbor, Ward 5, Precinct 9",President,,DEM,Michael R. Bloomberg,18
Washtenaw,"City of Ann Arbor, Ward 5, Precinct 9",President,,DEM,Cory Booker,0
Washtenaw,"City of Ann Arbor, Ward 5, Precinct 9",President,,DEM,Pete Buttigieg,9
Washtenaw,"City of Ann Arbor, Ward 5, Precinct 9",President,,DEM,Julian Castro,0
Washtenaw,"City of Ann Arbor, Ward 5, Precinct 9",President,,DEM,John Delaney,0
Washtenaw,"City of Ann Arbor, Ward 5, Precinct 9",President,,DEM,Tulsi Gabbard,2
Washtenaw,"City of Ann Arbor, Ward 5, Precinct 9",President,,DEM,Amy Klobuchar,7
Washtenaw,"City of Ann Arbor, Ward 5, Precinct 9",President,,DEM,Bernie Sanders,545
Washtenaw,"City of Ann Arbor, Ward 5, Precinct 9",President,,DEM,Joe Sestak,0
Washtenaw,"City of Ann Arbor, Ward 5, Precinct 9",President,,DEM,Tom Steyer,0
Washtenaw,"City of Ann Arbor, Ward 5, Precinct 9",President,,DEM,Elizabeth Warren,47
Washtenaw,"City of Ann Arbor, Ward 5, Precinct 9",President,,DEM,Marianne Williamson,0
Washtenaw,"City of Ann Arbor, Ward 5, Precinct 9",President,,DEM,Andrew Yang,6
Washtenaw,"City of Ann Arbor, Ward 5, Precinct 9",President,,DEM,Uncommitted,2
Washtenaw,"City of Ann Arbor, Ward 5, Precinct 9",President,,REP,Mark Sanford,1
Washtenaw,"City of Ann Arbor, Ward 5, Precinct 9",President,,REP,Donald J. Trump,31
Washtenaw,"City of Ann Arbor, Ward 5, Precinct 9",President,,REP,Joe Walsh,0
Washtenaw,"City of Ann Arbor, Ward 5, Precinct 9",President,,REP,Bill Weld,1
Washtenaw,"City of Ann Arbor, Ward 5, Precinct 9",President,,REP,Uncommitted,4
Washtenaw,"City of Ann Arbor, Ward 5, Precinct 9",Washtenaw Community College Millage Renewal and Restoration,,,Yes,951
Washtenaw,"City of Ann Arbor, Ward 5, Precinct 9",Washtenaw Community College Millage Renewal and Restoration,,,No,193
Washtenaw,"City of Ann Arbor, Ward 5, Precinct 10",Registered Voters,,,,2578
Washtenaw,"City of Ann Arbor, Ward 5, Precinct 10",Ballots Cast,,,,1216
Washtenaw,"City of Ann Arbor, Ward 5, Precinct 10",President,,DEM,Michael Bennet,0
Washtenaw,"City of Ann Arbor, Ward 5, Precinct 10",President,,DEM,Joe Biden,448
Washtenaw,"City of Ann Arbor, Ward 5, Precinct 10",President,,DEM,Michael R. Bloomberg,16
Washtenaw,"City of Ann Arbor, Ward 5, Precinct 10",President,,DEM,Cory Booker,1
Washtenaw,"City of Ann Arbor, Ward 5, Precinct 10",President,,DEM,Pete Buttigieg,7
Washtenaw,"City of Ann Arbor, Ward 5, Precinct 10",President,,DEM,Julian Castro,0
Washtenaw,"City of Ann Arbor, Ward 5, Precinct 10",President,,DEM,John Delaney,0
Washtenaw,"City of Ann Arbor, Ward 5, Precinct 10",President,,DEM,Tulsi Gabbard,7
Washtenaw,"City of Ann Arbor, Ward 5, Precinct 10",President,,DEM,Amy Klobuchar,3
Washtenaw,"City of Ann Arbor, Ward 5, Precinct 10",President,,DEM,Bernie Sanders,602
Washtenaw,"City of Ann Arbor, Ward 5, Precinct 10",President,,DEM,Joe Sestak,0
Washtenaw,"City of Ann Arbor, Ward 5, Precinct 10",President,,DEM,Tom Steyer,0
Washtenaw,"City of Ann Arbor, Ward 5, Precinct 10",President,,DEM,Elizabeth Warren,44
Washtenaw,"City of Ann Arbor, Ward 5, Precinct 10",President,,DEM,Marianne Williamson,0
Washtenaw,"City of Ann Arbor, Ward 5, Precinct 10",President,,DEM,Andrew Yang,0
Washtenaw,"City of Ann Arbor, Ward 5, Precinct 10",President,,DEM,Uncommitted,7
Washtenaw,"City of Ann Arbor, Ward 5, Precinct 10",President,,REP,Mark Sanford,0
Washtenaw,"City of Ann Arbor, Ward 5, Precinct 10",President,,REP,Donald J. Trump,53
Washtenaw,"City of Ann Arbor, Ward 5, Precinct 10",President,,REP,Joe Walsh,0
Washtenaw,"City of Ann Arbor, Ward 5, Precinct 10",President,,REP,Bill Weld,1
Washtenaw,"City of Ann Arbor, Ward 5, Precinct 10",President,,REP,Uncommitted,7
Washtenaw,"City of Ann Arbor, Ward 5, Precinct 10",Washtenaw Community College Millage Renewal and Restoration,,,Yes,942
Washtenaw,"City of Ann Arbor, Ward 5, Precinct 10",Washtenaw Community College Millage Renewal and Restoration,,,No,209
Washtenaw,"City of Ann Arbor, Ward 5, Precinct 11",Registered Voters,,,,1605
Washtenaw,"City of Ann Arbor, Ward 5, Precinct 11",Ballots Cast,,,,875
Washtenaw,"City of Ann Arbor, Ward 5, Precinct 11",President,,DEM,Michael Bennet,0
Washtenaw,"City of Ann Arbor, Ward 5, Precinct 11",President,,DEM,Joe Biden,391
Washtenaw,"City of Ann Arbor, Ward 5, Precinct 11",President,,DEM,Michael R. Bloomberg,6
Washtenaw,"City of Ann Arbor, Ward 5, Precinct 11",President,,DEM,Cory Booker,0
Washtenaw,"City of Ann Arbor, Ward 5, Precinct 11",President,,DEM,Pete Buttigieg,9
Washtenaw,"City of Ann Arbor, Ward 5, Precinct 11",President,,DEM,Julian Castro,0
Washtenaw,"City of Ann Arbor, Ward 5, Precinct 11",President,,DEM,John Delaney,1
Washtenaw,"City of Ann Arbor, Ward 5, Precinct 11",President,,DEM,Tulsi Gabbard,2
Washtenaw,"City of Ann Arbor, Ward 5, Precinct 11",President,,DEM,Amy Klobuchar,4
Washtenaw,"City of Ann Arbor, Ward 5, Precinct 11",President,,DEM,Bernie Sanders,400
Washtenaw,"City of Ann Arbor, Ward 5, Precinct 11",President,,DEM,Joe Sestak,0
Washtenaw,"City of Ann Arbor, Ward 5, Precinct 11",President,,DEM,Tom Steyer,0
Washtenaw,"City of Ann Arbor, Ward 5, Precinct 11",President,,DEM,Elizabeth Warren,39
Washtenaw,"City of Ann Arbor, Ward 5, Precinct 11",President,,DEM,Marianne Williamson,0
Washtenaw,"City of Ann Arbor, Ward 5, Precinct 11",President,,DEM,Andrew Yang,3
Washtenaw,"City of Ann Arbor, Ward 5, Precinct 11",President,,DEM,Uncommitted,4
Washtenaw,"City of Ann Arbor, Ward 5, Precinct 11",President,,REP,Mark Sanford,0
Washtenaw,"City of Ann Arbor, Ward 5, Precinct 11",President,,REP,Donald J. Trump,13
Washtenaw,"City of Ann Arbor, Ward 5, Precinct 11",President,,REP,Joe Walsh,0
Washtenaw,"City of Ann Arbor, Ward 5, Precinct 11",President,,REP,Bill Weld,1
Washtenaw,"City of Ann Arbor, Ward 5, Precinct 11",President,,REP,Uncommitted,0
Washtenaw,"City of Ann Arbor, Ward 5, Precinct 11",Washtenaw Community College Millage Renewal and Restoration,,,Yes,727
Washtenaw,"City of Ann Arbor, Ward 5, Precinct 11",Washtenaw Community College Millage Renewal and Restoration,,,No,115
Washtenaw,"City of Ann Arbor, Ward 5, Precinct 12",Registered Voters,,,,1224
Washtenaw,"City of Ann Arbor, Ward 5, Precinct 12",Ballots Cast,,,,641
Washtenaw,"City of Ann Arbor, Ward 5, Precinct 12",President,,DEM,Michael Bennet,1
Washtenaw,"City of Ann Arbor, Ward 5, Precinct 12",President,,DEM,Joe Biden,259
Washtenaw,"City of Ann Arbor, Ward 5, Precinct 12",President,,DEM,Michael R. Bloomberg,7
Washtenaw,"City of Ann Arbor, Ward 5, Precinct 12",President,,DEM,Cory Booker,1
Washtenaw,"City of Ann Arbor, Ward 5, Precinct 12",President,,DEM,Pete Buttigieg,3
Washtenaw,"City of Ann Arbor, Ward 5, Precinct 12",President,,DEM,Julian Castro,0
Washtenaw,"City of Ann Arbor, Ward 5, Precinct 12",President,,DEM,John Delaney,0
Washtenaw,"City of Ann Arbor, Ward 5, Precinct 12",President,,DEM,Tulsi Gabbard,3
Washtenaw,"City of Ann Arbor, Ward 5, Precinct 12",President,,DEM,Amy Klobuchar,1
Washtenaw,"City of Ann Arbor, Ward 5, Precinct 12",President,,DEM,Bernie Sanders,308
Washtenaw,"City of Ann Arbor, Ward 5, Precinct 12",President,,DEM,Joe Sestak,0
Washtenaw,"City of Ann Arbor, Ward 5, Precinct 12",President,,DEM,Tom Steyer,1
Washtenaw,"City of Ann Arbor, Ward 5, Precinct 12",President,,DEM,Elizabeth Warren,27
Washtenaw,"City of Ann Arbor, Ward 5, Precinct 12",President,,DEM,Marianne Williamson,0
Washtenaw,"City of Ann Arbor, Ward 5, Precinct 12",President,,DEM,Andrew Yang,1
Washtenaw,"City of Ann Arbor, Ward 5, Precinct 12",President,,DEM,Uncommitted,2
Washtenaw,"City of Ann Arbor, Ward 5, Precinct 12",President,,REP,Mark Sanford,0
Washtenaw,"City of Ann Arbor, Ward 5, Precinct 12",President,,REP,Donald J. Trump,23
Washtenaw,"City of Ann Arbor, Ward 5, Precinct 12",President,,REP,Joe Walsh,0
Washtenaw,"City of Ann Arbor, Ward 5, Precinct 12",President,,REP,Bill Weld,0
Washtenaw,"City of Ann Arbor, Ward 5, Precinct 12",President,,REP,Uncommitted,0
Washtenaw,"City of Ann Arbor, Ward 5, Precinct 12",Washtenaw Community College Millage Renewal and Restoration,,,Yes,523
Washtenaw,"City of Ann Arbor, Ward 5, Precinct 12",Washtenaw Community College Millage Renewal and Restoration,,,No,96
Washtenaw,"City of Chelsea, Precinct 1",Registered Voters,,,,2601
Washtenaw,"City of Chelsea, Precinct 1",Ballots Cast,,,,1163
Washtenaw,"City of Chelsea, Precinct 1",President,,DEM,Michael Bennet,0
Washtenaw,"City of Chelsea, Precinct 1",President,,DEM,Joe Biden,523
Washtenaw,"City of Chelsea, Precinct 1",President,,DEM,Michael R. Bloomberg,17
Washtenaw,"City of Chelsea, Precinct 1",President,,DEM,Cory Booker,0
Washtenaw,"City of Chelsea, Precinct 1",President,,DEM,Pete Buttigieg,19
Washtenaw,"City of Chelsea, Precinct 1",President,,DEM,Julian Castro,0
Washtenaw,"City of Chelsea, Precinct 1",President,,DEM,John Delaney,0
Washtenaw,"City of Chelsea, Precinct 1",President,,DEM,Tulsi Gabbard,6
Washtenaw,"City of Chelsea, Precinct 1",President,,DEM,Amy Klobuchar,11
Washtenaw,"City of Chelsea, Precinct 1",President,,DEM,Bernie Sanders,354
Washtenaw,"City of Chelsea, Precinct 1",President,,DEM,Joe Sestak,0
Washtenaw,"City of Chelsea, Precinct 1",President,,DEM,Tom Steyer,0
Washtenaw,"City of Chelsea, Precinct 1",President,,DEM,Elizabeth Warren,19
Washtenaw,"City of Chelsea, Precinct 1",President,,DEM,Marianne Williamson,2
Washtenaw,"City of Chelsea, Precinct 1",President,,DEM,Andrew Yang,0
Washtenaw,"City of Chelsea, Precinct 1",President,,DEM,Uncommitted,4
Washtenaw,"City of Chelsea, Precinct 1",President,,REP,Mark Sanford,5
Washtenaw,"City of Chelsea, Precinct 1",President,,REP,Donald J. Trump,156
Washtenaw,"City of Chelsea, Precinct 1",President,,REP,Joe Walsh,2
Washtenaw,"City of Chelsea, Precinct 1",President,,REP,Bill Weld,4
Washtenaw,"City of Chelsea, Precinct 1",President,,REP,Uncommitted,11
Washtenaw,"City of Chelsea, Precinct 1",Washtenaw Community College Millage Renewal and Restoration,,,Yes,909
Washtenaw,"City of Chelsea, Precinct 1",Washtenaw Community College Millage Renewal and Restoration,,,No,208
Washtenaw,"City of Chelsea, Precinct 2",Registered Voters,,,,2064
Washtenaw,"City of Chelsea, Precinct 2",Ballots Cast,,,,932
Washtenaw,"City of Chelsea, Precinct 2",President,,DEM,Michael Bennet,1
Washtenaw,"City of Chelsea, Precinct 2",President,,DEM,Joe Biden,393
Washtenaw,"City of Chelsea, Precinct 2",President,,DEM,Michael R. Bloomberg,47
Washtenaw,"City of Chelsea, Precinct 2",President,,DEM,Cory Booker,1
Washtenaw,"City of Chelsea, Precinct 2",President,,DEM,Pete Buttigieg,12
Washtenaw,"City of Chelsea, Precinct 2",President,,DEM,Julian Castro,0
Washtenaw,"City of Chelsea, Precinct 2",President,,DEM,John Delaney,1
Washtenaw,"City of Chelsea, Precinct 2",President,,DEM,Tulsi Gabbard,3
Washtenaw,"City of Chelsea, Precinct 2",President,,DEM,Amy Klobuchar,6
Washtenaw,"City of Chelsea, Precinct 2",President,,DEM,Bernie Sanders,217
Washtenaw,"City of Chelsea, Precinct 2",President,,DEM,Joe Sestak,1
Washtenaw,"City of Chelsea, Precinct 2",President,,DEM,Tom Steyer,1
Washtenaw,"City of Chelsea, Precinct 2",President,,DEM,Elizabeth Warren,23
Washtenaw,"City of Chelsea, Precinct 2",President,,DEM,Marianne Williamson,0
Washtenaw,"City of Chelsea, Precinct 2",President,,DEM,Andrew Yang,0
Washtenaw,"City of Chelsea, Precinct 2",President,,DEM,Uncommitted,7
Washtenaw,"City of Chelsea, Precinct 2",President,,REP,Mark Sanford,1
Washtenaw,"City of Chelsea, Precinct 2",President,,REP,Donald J. Trump,162
Washtenaw,"City of Chelsea, Precinct 2",President,,REP,Joe Walsh,4
Washtenaw,"City of Chelsea, Precinct 2",President,,REP,Bill Weld,6
Washtenaw,"City of Chelsea, Precinct 2",President,,REP,Uncommitted,18
Washtenaw,"City of Chelsea, Precinct 2",Washtenaw Community College Millage Renewal and Restoration,,,Yes,683
Washtenaw,"City of Chelsea, Precinct 2",Washtenaw Community College Millage Renewal and Restoration,,,No,221
Washtenaw,"City of Dexter, Precinct 1",Registered Voters,,,,1104
Washtenaw,"City of Dexter, Precinct 1",Ballots Cast,,,,514
Washtenaw,"City of Dexter, Precinct 1",President,,DEM,Michael Bennet,0
Washtenaw,"City of Dexter, Precinct 1",President,,DEM,Joe Biden,220
Washtenaw,"City of Dexter, Precinct 1",President,,DEM,Michael R. Bloomberg,11
Washtenaw,"City of Dexter, Precinct 1",President,,DEM,Cory Booker,0
Washtenaw,"City of Dexter, Precinct 1",President,,DEM,Pete Buttigieg,5
Washtenaw,"City of Dexter, Precinct 1",President,,DEM,Julian Castro,0
Washtenaw,"City of Dexter, Precinct 1",President,,DEM,John Delaney,0
Washtenaw,"City of Dexter, Precinct 1",President,,DEM,Tulsi Gabbard,4
Washtenaw,"City of Dexter, Precinct 1",President,,DEM,Amy Klobuchar,2
Washtenaw,"City of Dexter, Precinct 1",President,,DEM,Bernie Sanders,183
Washtenaw,"City of Dexter, Precinct 1",President,,DEM,Joe Sestak,0
Washtenaw,"City of Dexter, Precinct 1",President,,DEM,Tom Steyer,0
Washtenaw,"City of Dexter, Precinct 1",President,,DEM,Elizabeth Warren,11
Washtenaw,"City of Dexter, Precinct 1",President,,DEM,Marianne Williamson,1
Washtenaw,"City of Dexter, Precinct 1",President,,DEM,Andrew Yang,0
Washtenaw,"City of Dexter, Precinct 1",President,,DEM,Uncommitted,1
Washtenaw,"City of Dexter, Precinct 1",President,,REP,Mark Sanford,1
Washtenaw,"City of Dexter, Precinct 1",President,,REP,Donald J. Trump,61
Washtenaw,"City of Dexter, Precinct 1",President,,REP,Joe Walsh,0
Washtenaw,"City of Dexter, Precinct 1",President,,REP,Bill Weld,1
Washtenaw,"City of Dexter, Precinct 1",President,,REP,Uncommitted,6
Washtenaw,"City of Dexter, Precinct 1",Washtenaw Community College Millage Renewal and Restoration,,,Yes,382
Washtenaw,"City of Dexter, Precinct 1",Washtenaw Community College Millage Renewal and Restoration,,,No,108
Washtenaw,"City of Dexter, Precinct 2",Registered Voters,,,,1394
Washtenaw,"City of Dexter, Precinct 2",Ballots Cast,,,,673
Washtenaw,"City of Dexter, Precinct 2",President,,DEM,Michael Bennet,0
Washtenaw,"City of Dexter, Precinct 2",President,,DEM,Joe Biden,316
Washtenaw,"City of Dexter, Precinct 2",President,,DEM,Michael R. Bloomberg,20
Washtenaw,"City of Dexter, Precinct 2",President,,DEM,Cory Booker,0
Washtenaw,"City of Dexter, Precinct 2",President,,DEM,Pete Buttigieg,15
Washtenaw,"City of Dexter, Precinct 2",President,,DEM,Julian Castro,0
Washtenaw,"City of Dexter, Precinct 2",President,,DEM,John Delaney,0
Washtenaw,"City of Dexter, Precinct 2",President,,DEM,Tulsi Gabbard,5
Washtenaw,"City of Dexter, Precinct 2",President,,DEM,Amy Klobuchar,6
Washtenaw,"City of Dexter, Precinct 2",President,,DEM,Bernie Sanders,208
Washtenaw,"City of Dexter, Precinct 2",President,,DEM,Joe Sestak,0
Washtenaw,"City of Dexter, Precinct 2",President,,DEM,Tom Steyer,0
Washtenaw,"City of Dexter, Precinct 2",President,,DEM,Elizabeth Warren,11
Washtenaw,"City of Dexter, Precinct 2",President,,DEM,Marianne Williamson,0
Washtenaw,"City of Dexter, Precinct 2",President,,DEM,Andrew Yang,1
Washtenaw,"City of Dexter, Precinct 2",President,,DEM,Uncommitted,2
Washtenaw,"City of Dexter, Precinct 2",President,,REP,Mark Sanford,1
Washtenaw,"City of Dexter, Precinct 2",President,,REP,Donald J. Trump,68
Washtenaw,"City of Dexter, Precinct 2",President,,REP,Joe Walsh,1
Washtenaw,"City of Dexter, Precinct 2",President,,REP,Bill Weld,1
Washtenaw,"City of Dexter, Precinct 2",President,,REP,Uncommitted,5
Washtenaw,"City of Dexter, Precinct 2",Washtenaw Community College Millage Renewal and Restoration,,,Yes,534
Washtenaw,"City of Dexter, Precinct 2",Washtenaw Community College Millage Renewal and Restoration,,,No,119
Washtenaw,"City of Dexter, Precinct 3",Registered Voters,,,,868
Washtenaw,"City of Dexter, Precinct 3",Ballots Cast,,,,429
Washtenaw,"City of Dexter, Precinct 3",President,,DEM,Michael Bennet,0
Washtenaw,"City of Dexter, Precinct 3",President,,DEM,Joe Biden,204
Washtenaw,"City of Dexter, Precinct 3",President,,DEM,Michael R. Bloomberg,10
Washtenaw,"City of Dexter, Precinct 3",President,,DEM,Cory Booker,0
Washtenaw,"City of Dexter, Precinct 3",President,,DEM,Pete Buttigieg,6
Washtenaw,"City of Dexter, Precinct 3",President,,DEM,Julian Castro,0
Washtenaw,"City of Dexter, Precinct 3",President,,DEM,John Delaney,0
Washtenaw,"City of Dexter, Precinct 3",President,,DEM,Tulsi Gabbard,3
Washtenaw,"City of Dexter, Precinct 3",President,,DEM,Amy Klobuchar,4
Washtenaw,"City of Dexter, Precinct 3",President,,DEM,Bernie Sanders,125
Washtenaw,"City of Dexter, Precinct 3",President,,DEM,Joe Sestak,0
Washtenaw,"City of Dexter, Precinct 3",President,,DEM,Tom Steyer,0
Washtenaw,"City of Dexter, Precinct 3",President,,DEM,Elizabeth Warren,12
Washtenaw,"City of Dexter, Precinct 3",President,,DEM,Marianne Williamson,0
Washtenaw,"City of Dexter, Precinct 3",President,,DEM,Andrew Yang,0
Washtenaw,"City of Dexter, Precinct 3",President,,DEM,Uncommitted,0
Washtenaw,"City of Dexter, Precinct 3",President,,REP,Mark Sanford,1
Washtenaw,"City of Dexter, Precinct 3",President,,REP,Donald J. Trump,44
Washtenaw,"City of Dexter, Precinct 3",President,,REP,Joe Walsh,3
Washtenaw,"City of Dexter, Precinct 3",President,,REP,Bill Weld,1
Washtenaw,"City of Dexter, Precinct 3",President,,REP,Uncommitted,3
Washtenaw,"City of Dexter, Precinct 3",Washtenaw Community College Millage Renewal and Restoration,,,Yes,350
Washtenaw,"City of Dexter, Precinct 3",Washtenaw Community College Millage Renewal and Restoration,,,No,68
Washtenaw,"City of Milan, Precinct 1W",Registered Voters,,,,3066
Washtenaw,"City of Milan, Precinct 1W",Ballots Cast,,,,1135
Washtenaw,"City of Milan, Precinct 1W",President,,DEM,Michael Bennet,2
Washtenaw,"City of Milan, Precinct 1W",President,,DEM,Joe Biden,418
Washtenaw,"City of Milan, Precinct 1W",President,,DEM,Michael R. Bloomberg,13
Washtenaw,"City of Milan, Precinct 1W",President,,DEM,Cory Booker,1
Washtenaw,"City of Milan, Precinct 1W",President,,DEM,Pete Buttigieg,9
Washtenaw,"City of Milan, Precinct 1W",President,,DEM,Julian Castro,0
Washtenaw,"City of Milan, Precinct 1W",President,,DEM,John Delaney,0
Washtenaw,"City of Milan, Precinct 1W",President,,DEM,Tulsi Gabbard,3
Washtenaw,"City of Milan, Precinct 1W",President,,DEM,Amy Klobuchar,1
Washtenaw,"City of Milan, Precinct 1W",President,,DEM,Bernie Sanders,381
Washtenaw,"City of Milan, Precinct 1W",President,,DEM,Joe Sestak,0
Washtenaw,"City of Milan, Precinct 1W",President,,DEM,Tom Steyer,1
Washtenaw,"City of Milan, Precinct 1W",President,,DEM,Elizabeth Warren,13
Washtenaw,"City of Milan, Precinct 1W",President,,DEM,Marianne Williamson,1
Washtenaw,"City of Milan, Precinct 1W",President,,DEM,Andrew Yang,1
Washtenaw,"City of Milan, Precinct 1W",President,,DEM,Uncommitted,4
Washtenaw,"City of Milan, Precinct 1W",President,,REP,Mark Sanford,0
Washtenaw,"City of Milan, Precinct 1W",President,,REP,Donald J. Trump,225
Washtenaw,"City of Milan, Precinct 1W",President,,REP,Joe Walsh,6
Washtenaw,"City of Milan, Precinct 1W",President,,REP,Bill Weld,8
Washtenaw,"City of Milan, Precinct 1W",President,,REP,Uncommitted,16
Washtenaw,"City of Milan, Precinct 1W",Washtenaw Community College Millage Renewal and Restoration,,,Yes,776
Washtenaw,"City of Milan, Precinct 1W",Washtenaw Community College Millage Renewal and Restoration,,,No,328
Washtenaw,"City of Ann Arbor, Ward 1, Precinct 6",Registered Voters,,,,1734
Washtenaw,"City of Ann Arbor, Ward 1, Precinct 6",Ballots Cast,,,,565
Washtenaw,"City of Ann Arbor, Ward 1, Precinct 6",President,,DEM,Michael Bennet,1
Washtenaw,"City of Ann Arbor, Ward 1, Precinct 6",President,,DEM,Joe Biden,175
Washtenaw,"City of Ann Arbor, Ward 1, Precinct 6",President,,DEM,Michael R. Bloomberg,2
Washtenaw,"City of Ann Arbor, Ward 1, Precinct 6",President,,DEM,Cory Booker,1
Washtenaw,"City of Ann Arbor, Ward 1, Precinct 6",President,,DEM,Pete Buttigieg,5
Washtenaw,"City of Ann Arbor, Ward 1, Precinct 6",President,,DEM,Julian Castro,0
Washtenaw,"City of Ann Arbor, Ward 1, Precinct 6",President,,DEM,John Delaney,0
Washtenaw,"City of Ann Arbor, Ward 1, Precinct 6",President,,DEM,Tulsi Gabbard,2
Washtenaw,"City of Ann Arbor, Ward 1, Precinct 6",President,,DEM,Amy Klobuchar,1
Washtenaw,"City of Ann Arbor, Ward 1, Precinct 6",President,,DEM,Bernie Sanders,349
Washtenaw,"City of Ann Arbor, Ward 1, Precinct 6",President,,DEM,Joe Sestak,0
Washtenaw,"City of Ann Arbor, Ward 1, Precinct 6",President,,DEM,Tom Steyer,0
Washtenaw,"City of Ann Arbor, Ward 1, Precinct 6",President,,DEM,Elizabeth Warren,12
Washtenaw,"City of Ann Arbor, Ward 1, Precinct 6",President,,DEM,Marianne Williamson,0
Washtenaw,"City of Ann Arbor, Ward 1, Precinct 6",President,,DEM,Andrew Yang,1
Washtenaw,"City of Ann Arbor, Ward 1, Precinct 6",President,,DEM,Uncommitted,1
Washtenaw,"City of Ann Arbor, Ward 1, Precinct 6",President,,REP,Mark Sanford,0
Washtenaw,"City of Ann Arbor, Ward 1, Precinct 6",President,,REP,Donald J. Trump,11
Washtenaw,"City of Ann Arbor, Ward 1, Precinct 6",President,,REP,Joe Walsh,0
Washtenaw,"City of Ann Arbor, Ward 1, Precinct 6",President,,REP,Bill Weld,2
Washtenaw,"City of Ann Arbor, Ward 1, Precinct 6",President,,REP,Uncommitted,0
Washtenaw,"City of Ann Arbor, Ward 1, Precinct 6",Washtenaw Community College Millage Renewal and Restoration,,,Yes,465
Washtenaw,"City of Ann Arbor, Ward 1, Precinct 6",Washtenaw Community College Millage Renewal and Restoration,,,No,49
Washtenaw,"City of Saline, Precinct 1",Registered Voters,,,,2466
Washtenaw,"City of Saline, Precinct 1",Ballots Cast,,,,996
Washtenaw,"City of Saline, Precinct 1",President,,DEM,Michael Bennet,1
Washtenaw,"City of Saline, Precinct 1",President,,DEM,Joe Biden,435
Washtenaw,"City of Saline, Precinct 1",President,,DEM,Michael R. Bloomberg,23
Washtenaw,"City of Saline, Precinct 1",President,,DEM,Cory Booker,0
Washtenaw,"City of Saline, Precinct 1",President,,DEM,Pete Buttigieg,9
Washtenaw,"City of Saline, Precinct 1",President,,DEM,Julian Castro,0
Washtenaw,"City of Saline, Precinct 1",President,,DEM,John Delaney,0
Washtenaw,"City of Saline, Precinct 1",President,,DEM,Tulsi Gabbard,4
Washtenaw,"City of Saline, Precinct 1",President,,DEM,Amy Klobuchar,8
Washtenaw,"City of Saline, Precinct 1",President,,DEM,Bernie Sanders,297
Washtenaw,"City of Saline, Precinct 1",President,,DEM,Joe Sestak,1
Washtenaw,"City of Saline, Precinct 1",President,,DEM,Tom Steyer,0
Washtenaw,"City of Saline, Precinct 1",President,,DEM,Elizabeth Warren,14
Washtenaw,"City of Saline, Precinct 1",President,,DEM,Marianne Williamson,0
Washtenaw,"City of Saline, Precinct 1",President,,DEM,Andrew Yang,2
Washtenaw,"City of Saline, Precinct 1",President,,DEM,Uncommitted,3
Washtenaw,"City of Saline, Precinct 1",President,,REP,Mark Sanford,1
Washtenaw,"City of Saline, Precinct 1",President,,REP,Donald J. Trump,160
Washtenaw,"City of Saline, Precinct 1",President,,REP,Joe Walsh,3
Washtenaw,"City of Saline, Precinct 1",President,,REP,Bill Weld,5
Washtenaw,"City of Saline, Precinct 1",President,,REP,Uncommitted,13
Washtenaw,"City of Saline, Precinct 1",Washtenaw Community College Millage Renewal and Restoration,,,Yes,695
Washtenaw,"City of Saline, Precinct 1",Washtenaw Community College Millage Renewal and Restoration,,,No,262
Washtenaw,"City of Saline, Precinct 2",Registered Voters,,,,2018
Washtenaw,"City of Saline, Precinct 2",Ballots Cast,,,,884
Washtenaw,"City of Saline, Precinct 2",President,,DEM,Michael Bennet,1
Washtenaw,"City of Saline, Precinct 2",President,,DEM,Joe Biden,389
Washtenaw,"City of Saline, Precinct 2",President,,DEM,Michael R. Bloomberg,24
Washtenaw,"City of Saline, Precinct 2",President,,DEM,Cory Booker,0
Washtenaw,"City of Saline, Precinct 2",President,,DEM,Pete Buttigieg,7
Washtenaw,"City of Saline, Precinct 2",President,,DEM,Julian Castro,0
Washtenaw,"City of Saline, Precinct 2",President,,DEM,John Delaney,1
Washtenaw,"City of Saline, Precinct 2",President,,DEM,Tulsi Gabbard,1
Washtenaw,"City of Saline, Precinct 2",President,,DEM,Amy Klobuchar,3
Washtenaw,"City of Saline, Precinct 2",President,,DEM,Bernie Sanders,258
Washtenaw,"City of Saline, Precinct 2",President,,DEM,Joe Sestak,1
Washtenaw,"City of Saline, Precinct 2",President,,DEM,Tom Steyer,0
Washtenaw,"City of Saline, Precinct 2",President,,DEM,Elizabeth Warren,12
Washtenaw,"City of Saline, Precinct 2",President,,DEM,Marianne Williamson,1
Washtenaw,"City of Saline, Precinct 2",President,,DEM,Andrew Yang,1
Washtenaw,"City of Saline, Precinct 2",President,,DEM,Uncommitted,6
Washtenaw,"City of Saline, Precinct 2",President,,REP,Mark Sanford,1
Washtenaw,"City of Saline, Precinct 2",President,,REP,Donald J. Trump,157
Washtenaw,"City of Saline, Precinct 2",President,,REP,Joe Walsh,1
Washtenaw,"City of Saline, Precinct 2",President,,REP,Bill Weld,1
Washtenaw,"City of Saline, Precinct 2",President,,REP,Uncommitted,6
Washtenaw,"City of Saline, Precinct 2",Washtenaw Community College Millage Renewal and Restoration,,,Yes,661
Washtenaw,"City of Saline, Precinct 2",Washtenaw Community College Millage Renewal and Restoration,,,No,182
Washtenaw,"City of Saline, Precinct 3",Registered Voters,,,,2872
Washtenaw,"City of Saline, Precinct 3",Ballots Cast,,,,1140
Washtenaw,"City of Saline, Precinct 3",President,,DEM,Michael Bennet,0
Washtenaw,"City of Saline, Precinct 3",President,,DEM,Joe Biden,537
Washtenaw,"City of Saline, Precinct 3",President,,DEM,Michael R. Bloomberg,18
Washtenaw,"City of Saline, Precinct 3",President,,DEM,Cory Booker,0
Washtenaw,"City of Saline, Precinct 3",President,,DEM,Pete Buttigieg,9
Washtenaw,"City of Saline, Precinct 3",President,,DEM,Julian Castro,0
Washtenaw,"City of Saline, Precinct 3",President,,DEM,John Delaney,1
Washtenaw,"City of Saline, Precinct 3",President,,DEM,Tulsi Gabbard,3
Washtenaw,"City of Saline, Precinct 3",President,,DEM,Amy Klobuchar,5
Washtenaw,"City of Saline, Precinct 3",President,,DEM,Bernie Sanders,333
Washtenaw,"City of Saline, Precinct 3",President,,DEM,Joe Sestak,0
Washtenaw,"City of Saline, Precinct 3",President,,DEM,Tom Steyer,0
Washtenaw,"City of Saline, Precinct 3",President,,DEM,Elizabeth Warren,22
Washtenaw,"City of Saline, Precinct 3",President,,DEM,Marianne Williamson,0
Washtenaw,"City of Saline, Precinct 3",President,,DEM,Andrew Yang,2
Washtenaw,"City of Saline, Precinct 3",President,,DEM,Uncommitted,5
Washtenaw,"City of Saline, Precinct 3",President,,REP,Mark Sanford,1
Washtenaw,"City of Saline, Precinct 3",President,,REP,Donald J. Trump,163
Washtenaw,"City of Saline, Precinct 3",President,,REP,Joe Walsh,1
Washtenaw,"City of Saline, Precinct 3",President,,REP,Bill Weld,5
Washtenaw,"City of Saline, Precinct 3",President,,REP,Uncommitted,4
Washtenaw,"City of Saline, Precinct 3",Washtenaw Community College Millage Renewal and Restoration,,,Yes,840
Washtenaw,"City of Saline, Precinct 3",Washtenaw Community College Millage Renewal and Restoration,,,No,270
Washtenaw,"City of Ypsilanti, Ward 1, Precinct 1",Registered Voters,,,,2030
Washtenaw,"City of Ypsilanti, Ward 1, Precinct 1",Ballots Cast,,,,419
Washtenaw,"City of Ypsilanti, Ward 1, Precinct 1",President,,DEM,Michael Bennet,1
Washtenaw,"City of Ypsilanti, Ward 1, Precinct 1",President,,DEM,Joe Biden,218
Washtenaw,"City of Ypsilanti, Ward 1, Precinct 1",President,,DEM,Michael R. Bloomberg,5
Washtenaw,"City of Ypsilanti, Ward 1, Precinct 1",President,,DEM,Cory Booker,1
Washtenaw,"City of Ypsilanti, Ward 1, Precinct 1",President,,DEM,Pete Buttigieg,2
Washtenaw,"City of Ypsilanti, Ward 1, Precinct 1",President,,DEM,Julian Castro,0
Washtenaw,"City of Ypsilanti, Ward 1, Precinct 1",President,,DEM,John Delaney,0
Washtenaw,"City of Ypsilanti, Ward 1, Precinct 1",President,,DEM,Tulsi Gabbard,0
Washtenaw,"City of Ypsilanti, Ward 1, Precinct 1",President,,DEM,Amy Klobuchar,2
Washtenaw,"City of Ypsilanti, Ward 1, Precinct 1",President,,DEM,Bernie Sanders,175
Washtenaw,"City of Ypsilanti, Ward 1, Precinct 1",President,,DEM,Joe Sestak,0
Washtenaw,"City of Ypsilanti, Ward 1, Precinct 1",President,,DEM,Tom Steyer,0
Washtenaw,"City of Ypsilanti, Ward 1, Precinct 1",President,,DEM,Elizabeth Warren,3
Washtenaw,"City of Ypsilanti, Ward 1, Precinct 1",President,,DEM,Marianne Williamson,0
Washtenaw,"City of Ypsilanti, Ward 1, Precinct 1",President,,DEM,Andrew Yang,2
Washtenaw,"City of Ypsilanti, Ward 1, Precinct 1",President,,DEM,Uncommitted,3
Washtenaw,"City of Ypsilanti, Ward 1, Precinct 1",President,,REP,Mark Sanford,1
Washtenaw,"City of Ypsilanti, Ward 1, Precinct 1",President,,REP,Donald J. Trump,2
Washtenaw,"City of Ypsilanti, Ward 1, Precinct 1",President,,REP,Joe Walsh,2
Washtenaw,"City of Ypsilanti, Ward 1, Precinct 1",President,,REP,Bill Weld,0
Washtenaw,"City of Ypsilanti, Ward 1, Precinct 1",President,,REP,Uncommitted,0
Washtenaw,"City of Ypsilanti, Ward 1, Precinct 1",Washtenaw Community College Millage Renewal and Restoration,,,Yes,283
Washtenaw,"City of Ypsilanti, Ward 1, Precinct 1",Washtenaw Community College Millage Renewal and Restoration,,,No,107
Washtenaw,"City of Ypsilanti, Ward 1, Precinct 2",Registered Voters,,,,2300
Washtenaw,"City of Ypsilanti, Ward 1, Precinct 2",Ballots Cast,,,,739
Washtenaw,"City of Ypsilanti, Ward 1, Precinct 2",President,,DEM,Michael Bennet,0
Washtenaw,"City of Ypsilanti, Ward 1, Precinct 2",President,,DEM,Joe Biden,201
Washtenaw,"City of Ypsilanti, Ward 1, Precinct 2",President,,DEM,Michael R. Bloomberg,9
Washtenaw,"City of Ypsilanti, Ward 1, Precinct 2",President,,DEM,Cory Booker,1
Washtenaw,"City of Ypsilanti, Ward 1, Precinct 2",President,,DEM,Pete Buttigieg,3
Washtenaw,"City of Ypsilanti, Ward 1, Precinct 2",President,,DEM,Julian Castro,0
Washtenaw,"City of Ypsilanti, Ward 1, Precinct 2",President,,DEM,John Delaney,0
Washtenaw,"City of Ypsilanti, Ward 1, Precinct 2",President,,DEM,Tulsi Gabbard,3
Washtenaw,"City of Ypsilanti, Ward 1, Precinct 2",President,,DEM,Amy Klobuchar,0
Washtenaw,"City of Ypsilanti, Ward 1, Precinct 2",President,,DEM,Bernie Sanders,482
Washtenaw,"City of Ypsilanti, Ward 1, Precinct 2",President,,DEM,Joe Sestak,0
Washtenaw,"City of Ypsilanti, Ward 1, Precinct 2",President,,DEM,Tom Steyer,0
Washtenaw,"City of Ypsilanti, Ward 1, Precinct 2",President,,DEM,Elizabeth Warren,9
Washtenaw,"City of Ypsilanti, Ward 1, Precinct 2",President,,DEM,Marianne Williamson,2
Washtenaw,"City of Ypsilanti, Ward 1, Precinct 2",President,,DEM,Andrew Yang,0
Washtenaw,"City of Ypsilanti, Ward 1, Precinct 2",President,,DEM,Uncommitted,0
Washtenaw,"City of Ypsilanti, Ward 1, Precinct 2",President,,REP,Mark Sanford,0
Washtenaw,"City of Ypsilanti, Ward 1, Precinct 2",President,,REP,Donald J. Trump,19
Washtenaw,"City of Ypsilanti, Ward 1, Precinct 2",President,,REP,Joe Walsh,1
Washtenaw,"City of Ypsilanti, Ward 1, Precinct 2",President,,REP,Bill Weld,0
Washtenaw,"City of Ypsilanti, Ward 1, Precinct 2",President,,REP,Uncommitted,3
Washtenaw,"City of Ypsilanti, Ward 1, Precinct 2",Washtenaw Community College Millage Renewal and Restoration,,,Yes,576
Washtenaw,"City of Ypsilanti, Ward 1, Precinct 2",Washtenaw Community College Millage Renewal and Restoration,,,No,126
Washtenaw,"City of Ypsilanti, Ward 1, Precinct 3",Registered Voters,,,,1746
Washtenaw,"City of Ypsilanti, Ward 1, Precinct 3",Ballots Cast,,,,469
Washtenaw,"City of Ypsilanti, Ward 1, Precinct 3",President,,DEM,Michael Bennet,0
Washtenaw,"City of Ypsilanti, Ward 1, Precinct 3",President,,DEM,Joe Biden,115
Washtenaw,"City of Ypsilanti, Ward 1, Precinct 3",President,,DEM,Michael R. Bloomberg,4
Washtenaw,"City of Ypsilanti, Ward 1, Precinct 3",President,,DEM,Cory Booker,0
Washtenaw,"City of Ypsilanti, Ward 1, Precinct 3",President,,DEM,Pete Buttigieg,2
Washtenaw,"City of Ypsilanti, Ward 1, Precinct 3",President,,DEM,Julian Castro,0
Washtenaw,"City of Ypsilanti, Ward 1, Precinct 3",President,,DEM,John Delaney,0
Washtenaw,"City of Ypsilanti, Ward 1, Precinct 3",President,,DEM,Tulsi Gabbard,1
Washtenaw,"City of Ypsilanti, Ward 1, Precinct 3",President,,DEM,Amy Klobuchar,0
Washtenaw,"City of Ypsilanti, Ward 1, Precinct 3",President,,DEM,Bernie Sanders,313
Washtenaw,"City of Ypsilanti, Ward 1, Precinct 3",President,,DEM,Joe Sestak,0
Washtenaw,"City of Ypsilanti, Ward 1, Precinct 3",President,,DEM,Tom Steyer,0
Washtenaw,"City of Ypsilanti, Ward 1, Precinct 3",President,,DEM,Elizabeth Warren,6
Washtenaw,"City of Ypsilanti, Ward 1, Precinct 3",President,,DEM,Marianne Williamson,0
Washtenaw,"City of Ypsilanti, Ward 1, Precinct 3",President,,DEM,Andrew Yang,0
Washtenaw,"City of Ypsilanti, Ward 1, Precinct 3",President,,DEM,Uncommitted,2
Washtenaw,"City of Ypsilanti, Ward 1, Precinct 3",President,,REP,Mark Sanford,0
Washtenaw,"City of Ypsilanti, Ward 1, Precinct 3",President,,REP,Donald J. Trump,22
Washtenaw,"City of Ypsilanti, Ward 1, Precinct 3",President,,REP,Joe Walsh,0
Washtenaw,"City of Ypsilanti, Ward 1, Precinct 3",President,,REP,Bill Weld,0
Washtenaw,"City of Ypsilanti, Ward 1, Precinct 3",President,,REP,Uncommitted,1
Washtenaw,"City of Ypsilanti, Ward 1, Precinct 3",Washtenaw Community College Millage Renewal and Restoration,,,Yes,350
Washtenaw,"City of Ypsilanti, Ward 1, Precinct 3",Washtenaw Community College Millage Renewal and Restoration,,,No,94
Washtenaw,"City of Ypsilanti, Ward 2, Precinct 1",Registered Voters,,,,1148
Washtenaw,"City of Ypsilanti, Ward 2, Precinct 1",Ballots Cast,,,,588
Washtenaw,"City of Ypsilanti, Ward 2, Precinct 1",President,,DEM,Michael Bennet,0
Washtenaw,"City of Ypsilanti, Ward 2, Precinct 1",President,,DEM,Joe Biden,251
Washtenaw,"City of Ypsilanti, Ward 2, Precinct 1",President,,DEM,Michael R. Bloomberg,12
Washtenaw,"City of Ypsilanti, Ward 2, Precinct 1",President,,DEM,Cory Booker,1
Washtenaw,"City of Ypsilanti, Ward 2, Precinct 1",President,,DEM,Pete Buttigieg,5
Washtenaw,"City of Ypsilanti, Ward 2, Precinct 1",President,,DEM,Julian Castro,0
Washtenaw,"City of Ypsilanti, Ward 2, Precinct 1",President,,DEM,John Delaney,1
Washtenaw,"City of Ypsilanti, Ward 2, Precinct 1",President,,DEM,Tulsi Gabbard,4
Washtenaw,"City of Ypsilanti, Ward 2, Precinct 1",President,,DEM,Amy Klobuchar,3
Washtenaw,"City of Ypsilanti, Ward 2, Precinct 1",President,,DEM,Bernie Sanders,237
Washtenaw,"City of Ypsilanti, Ward 2, Precinct 1",President,,DEM,Joe Sestak,0
Washtenaw,"City of Ypsilanti, Ward 2, Precinct 1",President,,DEM,Tom Steyer,0
Washtenaw,"City of Ypsilanti, Ward 2, Precinct 1",President,,DEM,Elizabeth Warren,19
Washtenaw,"City of Ypsilanti, Ward 2, Precinct 1",President,,DEM,Marianne Williamson,0
Washtenaw,"City of Ypsilanti, Ward 2, Precinct 1",President,,DEM,Andrew Yang,0
Washtenaw,"City of Ypsilanti, Ward 2, Precinct 1",President,,DEM,Uncommitted,0
Washtenaw,"City of Ypsilanti, Ward 2, Precinct 1",President,,REP,Mark Sanford,0
Washtenaw,"City of Ypsilanti, Ward 2, Precinct 1",President,,REP,Donald J. Trump,42
Washtenaw,"City of Ypsilanti, Ward 2, Precinct 1",President,,REP,Joe Walsh,1
Washtenaw,"City of Ypsilanti, Ward 2, Precinct 1",President,,REP,Bill Weld,0
Washtenaw,"City of Ypsilanti, Ward 2, Precinct 1",President,,REP,Uncommitted,2
Washtenaw,"City of Ypsilanti, Ward 2, Precinct 1",Washtenaw Community College Millage Renewal and Restoration,,,Yes,458
Washtenaw,"City of Ypsilanti, Ward 2, Precinct 1",Washtenaw Community College Millage Renewal and Restoration,,,No,112
Washtenaw,"City of Ypsilanti, Ward 2, Precinct 2",Registered Voters,,,,1502
Washtenaw,"City of Ypsilanti, Ward 2, Precinct 2",Ballots Cast,,,,693
Washtenaw,"City of Ypsilanti, Ward 2, Precinct 2",President,,DEM,Michael Bennet,0
Washtenaw,"City of Ypsilanti, Ward 2, Precinct 2",President,,DEM,Joe Biden,271
Washtenaw,"City of Ypsilanti, Ward 2, Precinct 2",President,,DEM,Michael R. Bloomberg,13
Washtenaw,"City of Ypsilanti, Ward 2, Precinct 2",President,,DEM,Cory Booker,0
Washtenaw,"City of Ypsilanti, Ward 2, Precinct 2",President,,DEM,Pete Buttigieg,2
Washtenaw,"City of Ypsilanti, Ward 2, Precinct 2",President,,DEM,Julian Castro,0
Washtenaw,"City of Ypsilanti, Ward 2, Precinct 2",President,,DEM,John Delaney,0
Washtenaw,"City of Ypsilanti, Ward 2, Precinct 2",President,,DEM,Tulsi Gabbard,1
Washtenaw,"City of Ypsilanti, Ward 2, Precinct 2",President,,DEM,Amy Klobuchar,6
Washtenaw,"City of Ypsilanti, Ward 2, Precinct 2",President,,DEM,Bernie Sanders,345
Washtenaw,"City of Ypsilanti, Ward 2, Precinct 2",President,,DEM,Joe Sestak,0
Washtenaw,"City of Ypsilanti, Ward 2, Precinct 2",President,,DEM,Tom Steyer,0
Washtenaw,"City of Ypsilanti, Ward 2, Precinct 2",President,,DEM,Elizabeth Warren,13
Washtenaw,"City of Ypsilanti, Ward 2, Precinct 2",President,,DEM,Marianne Williamson,0
Washtenaw,"City of Ypsilanti, Ward 2, Precinct 2",President,,DEM,Andrew Yang,0
Washtenaw,"City of Ypsilanti, Ward 2, Precinct 2",President,,DEM,Uncommitted,2
Washtenaw,"City of Ypsilanti, Ward 2, Precinct 2",President,,REP,Mark Sanford,1
Washtenaw,"City of Ypsilanti, Ward 2, Precinct 2",President,,REP,Donald J. Trump,28
Washtenaw,"City of Ypsilanti, Ward 2, Precinct 2",President,,REP,Joe Walsh,0
Washtenaw,"City of Ypsilanti, Ward 2, Precinct 2",President,,REP,Bill Weld,2
Washtenaw,"City of Ypsilanti, Ward 2, Precinct 2",President,,REP,Uncommitted,2
Washtenaw,"City of Ypsilanti, Ward 2, Precinct 2",Washtenaw Community College Millage Renewal and Restoration,,,Yes,540
Washtenaw,"City of Ypsilanti, Ward 2, Precinct 2",Washtenaw Community College Millage Renewal and Restoration,,,No,130
Washtenaw,"City of Ypsilanti, Ward 2, Precinct 3",Registered Voters,,,,1147
Washtenaw,"City of Ypsilanti, Ward 2, Precinct 3",Ballots Cast,,,,595
Washtenaw,"City of Ypsilanti, Ward 2, Precinct 3",President,,DEM,Michael Bennet,0
Washtenaw,"City of Ypsilanti, Ward 2, Precinct 3",President,,DEM,Joe Biden,203
Washtenaw,"City of Ypsilanti, Ward 2, Precinct 3",President,,DEM,Michael R. Bloomberg,6
Washtenaw,"City of Ypsilanti, Ward 2, Precinct 3",President,,DEM,Cory Booker,0
Washtenaw,"City of Ypsilanti, Ward 2, Precinct 3",President,,DEM,Pete Buttigieg,6
Washtenaw,"City of Ypsilanti, Ward 2, Precinct 3",President,,DEM,Julian Castro,1
Washtenaw,"City of Ypsilanti, Ward 2, Precinct 3",President,,DEM,John Delaney,0
Washtenaw,"City of Ypsilanti, Ward 2, Precinct 3",President,,DEM,Tulsi Gabbard,1
Washtenaw,"City of Ypsilanti, Ward 2, Precinct 3",President,,DEM,Amy Klobuchar,2
Washtenaw,"City of Ypsilanti, Ward 2, Precinct 3",President,,DEM,Bernie Sanders,330
Washtenaw,"City of Ypsilanti, Ward 2, Precinct 3",President,,DEM,Joe Sestak,0
Washtenaw,"City of Ypsilanti, Ward 2, Precinct 3",President,,DEM,Tom Steyer,0
Washtenaw,"City of Ypsilanti, Ward 2, Precinct 3",President,,DEM,Elizabeth Warren,16
Washtenaw,"City of Ypsilanti, Ward 2, Precinct 3",President,,DEM,Marianne Williamson,0
Washtenaw,"City of Ypsilanti, Ward 2, Precinct 3",President,,DEM,Andrew Yang,0
Washtenaw,"City of Ypsilanti, Ward 2, Precinct 3",President,,DEM,Uncommitted,4
Washtenaw,"City of Ypsilanti, Ward 2, Precinct 3",President,,REP,Mark Sanford,0
Washtenaw,"City of Ypsilanti, Ward 2, Precinct 3",President,,REP,Donald J. Trump,18
Washtenaw,"City of Ypsilanti, Ward 2, Precinct 3",President,,REP,Joe Walsh,2
Washtenaw,"City of Ypsilanti, Ward 2, Precinct 3",President,,REP,Bill Weld,2
Washtenaw,"City of Ypsilanti, Ward 2, Precinct 3",President,,REP,Uncommitted,3
Washtenaw,"City of Ypsilanti, Ward 2, Precinct 3",Washtenaw Community College Millage Renewal and Restoration,,,Yes,493
Washtenaw,"City of Ypsilanti, Ward 2, Precinct 3",Washtenaw Community College Millage Renewal and Restoration,,,No,85
Washtenaw,"City of Ypsilanti, Ward 2, Precinct 4",Registered Voters,,,,2023
Washtenaw,"City of Ypsilanti, Ward 2, Precinct 4",Ballots Cast,,,,249
Washtenaw,"City of Ypsilanti, Ward 2, Precinct 4",President,,DEM,Michael Bennet,0
Washtenaw,"City of Ypsilanti, Ward 2, Precinct 4",President,,DEM,Joe Biden,34
Washtenaw,"City of Ypsilanti, Ward 2, Precinct 4",President,,DEM,Michael R. Bloomberg,0
Washtenaw,"City of Ypsilanti, Ward 2, Precinct 4",President,,DEM,Cory Booker,0
Washtenaw,"City of Ypsilanti, Ward 2, Precinct 4",President,,DEM,Pete Buttigieg,0
Washtenaw,"City of Ypsilanti, Ward 2, Precinct 4",President,,DEM,Julian Castro,0
Washtenaw,"City of Ypsilanti, Ward 2, Precinct 4",President,,DEM,John Delaney,0
Washtenaw,"City of Ypsilanti, Ward 2, Precinct 4",President,,DEM,Tulsi Gabbard,1
Washtenaw,"City of Ypsilanti, Ward 2, Precinct 4",President,,DEM,Amy Klobuchar,1
Washtenaw,"City of Ypsilanti, Ward 2, Precinct 4",President,,DEM,Bernie Sanders,202
Washtenaw,"City of Ypsilanti, Ward 2, Precinct 4",President,,DEM,Joe Sestak,1
Washtenaw,"City of Ypsilanti, Ward 2, Precinct 4",President,,DEM,Tom Steyer,0
Washtenaw,"City of Ypsilanti, Ward 2, Precinct 4",President,,DEM,Elizabeth Warren,3
Washtenaw,"City of Ypsilanti, Ward 2, Precinct 4",President,,DEM,Marianne Williamson,0
Washtenaw,"City of Ypsilanti, Ward 2, Precinct 4",President,,DEM,Andrew Yang,0
Washtenaw,"City of Ypsilanti, Ward 2, Precinct 4",President,,DEM,Uncommitted,0
Washtenaw,"City of Ypsilanti, Ward 2, Precinct 4",President,,REP,Mark Sanford,1
Washtenaw,"City of Ypsilanti, Ward 2, Precinct 4",President,,REP,Donald J. Trump,4
Washtenaw,"City of Ypsilanti, Ward 2, Precinct 4",President,,REP,Joe Walsh,0
Washtenaw,"City of Ypsilanti, Ward 2, Precinct 4",President,,REP,Bill Weld,0
Washtenaw,"City of Ypsilanti, Ward 2, Precinct 4",President,,REP,Uncommitted,0
Washtenaw,"City of Ypsilanti, Ward 2, Precinct 4",Washtenaw Community College Millage Renewal and Restoration,,,Yes,204
Washtenaw,"City of Ypsilanti, Ward 2, Precinct 4",Washtenaw Community College Millage Renewal and Restoration,,,No,32
Washtenaw,"City of Ann Arbor, Ward 1, Precinct 7",Registered Voters,,,,1818
Washtenaw,"City of Ann Arbor, Ward 1, Precinct 7",Ballots Cast,,,,513
Washtenaw,"City of Ann Arbor, Ward 1, Precinct 7",President,,DEM,Michael Bennet,0
Washtenaw,"City of Ann Arbor, Ward 1, Precinct 7",President,,DEM,Joe Biden,121
Washtenaw,"City of Ann Arbor, Ward 1, Precinct 7",President,,DEM,Michael R. Bloomberg,0
Washtenaw,"City of Ann Arbor, Ward 1, Precinct 7",President,,DEM,Cory Booker,0
Washtenaw,"City of Ann Arbor, Ward 1, Precinct 7",President,,DEM,Pete Buttigieg,0
Washtenaw,"City of Ann Arbor, Ward 1, Precinct 7",President,,DEM,Julian Castro,0
Washtenaw,"City of Ann Arbor, Ward 1, Precinct 7",President,,DEM,John Delaney,0
Washtenaw,"City of Ann Arbor, Ward 1, Precinct 7",President,,DEM,Tulsi Gabbard,3
Washtenaw,"City of Ann Arbor, Ward 1, Precinct 7",President,,DEM,Amy Klobuchar,0
Washtenaw,"City of Ann Arbor, Ward 1, Precinct 7",President,,DEM,Bernie Sanders,381
Washtenaw,"City of Ann Arbor, Ward 1, Precinct 7",President,,DEM,Joe Sestak,0
Washtenaw,"City of Ann Arbor, Ward 1, Precinct 7",President,,DEM,Tom Steyer,0
Washtenaw,"City of Ann Arbor, Ward 1, Precinct 7",President,,DEM,Elizabeth Warren,2
Washtenaw,"City of Ann Arbor, Ward 1, Precinct 7",President,,DEM,Marianne Williamson,0
Washtenaw,"City of Ann Arbor, Ward 1, Precinct 7",President,,DEM,Andrew Yang,0
Washtenaw,"City of Ann Arbor, Ward 1, Precinct 7",President,,DEM,Uncommitted,0
Washtenaw,"City of Ann Arbor, Ward 1, Precinct 7",President,,REP,Mark Sanford,0
Washtenaw,"City of Ann Arbor, Ward 1, Precinct 7",President,,REP,Donald J. Trump,4
Washtenaw,"City of Ann Arbor, Ward 1, Precinct 7",President,,REP,Joe Walsh,0
Washtenaw,"City of Ann Arbor, Ward 1, Precinct 7",President,,REP,Bill Weld,1
Washtenaw,"City of Ann Arbor, Ward 1, Precinct 7",President,,REP,Uncommitted,1
Washtenaw,"City of Ann Arbor, Ward 1, Precinct 7",Washtenaw Community College Millage Renewal and Restoration,,,Yes,388
Washtenaw,"City of Ann Arbor, Ward 1, Precinct 7",Washtenaw Community College Millage Renewal and Restoration,,,No,37
Washtenaw,"City of Ypsilanti, Ward 3, Precinct 1",Registered Voters,,,,1653
Washtenaw,"City of Ypsilanti, Ward 3, Precinct 1",Ballots Cast,,,,467
Washtenaw,"City of Ypsilanti, Ward 3, Precinct 1",President,,DEM,Michael Bennet,1
Washtenaw,"City of Ypsilanti, Ward 3, Precinct 1",President,,DEM,Joe Biden,59
Washtenaw,"City of Ypsilanti, Ward 3, Precinct 1",President,,DEM,Michael R. Bloomberg,0
Washtenaw,"City of Ypsilanti, Ward 3, Precinct 1",President,,DEM,Cory Booker,0
Washtenaw,"City of Ypsilanti, Ward 3, Precinct 1",President,,DEM,Pete Buttigieg,0
Washtenaw,"City of Ypsilanti, Ward 3, Precinct 1",President,,DEM,Julian Castro,0
Washtenaw,"City of Ypsilanti, Ward 3, Precinct 1",President,,DEM,John Delaney,0
Washtenaw,"City of Ypsilanti, Ward 3, Precinct 1",President,,DEM,Tulsi Gabbard,0
Washtenaw,"City of Ypsilanti, Ward 3, Precinct 1",President,,DEM,Amy Klobuchar,0
Washtenaw,"City of Ypsilanti, Ward 3, Precinct 1",President,,DEM,Bernie Sanders,390
Washtenaw,"City of Ypsilanti, Ward 3, Precinct 1",President,,DEM,Joe Sestak,0
Washtenaw,"City of Ypsilanti, Ward 3, Precinct 1",President,,DEM,Tom Steyer,0
Washtenaw,"City of Ypsilanti, Ward 3, Precinct 1",President,,DEM,Elizabeth Warren,5
Washtenaw,"City of Ypsilanti, Ward 3, Precinct 1",President,,DEM,Marianne Williamson,0
Washtenaw,"City of Ypsilanti, Ward 3, Precinct 1",President,,DEM,Andrew Yang,1
Washtenaw,"City of Ypsilanti, Ward 3, Precinct 1",President,,DEM,Uncommitted,0
Washtenaw,"City of Ypsilanti, Ward 3, Precinct 1",President,,REP,Mark Sanford,0
Washtenaw,"City of Ypsilanti, Ward 3, Precinct 1",President,,REP,Donald J. Trump,9
Washtenaw,"City of Ypsilanti, Ward 3, Precinct 1",President,,REP,Joe Walsh,0
Washtenaw,"City of Ypsilanti, Ward 3, Precinct 1",President,,REP,Bill Weld,1
Washtenaw,"City of Ypsilanti, Ward 3, Precinct 1",President,,REP,Uncommitted,0
Washtenaw,"City of Ypsilanti, Ward 3, Precinct 1",Washtenaw Community College Millage Renewal and Restoration,,,Yes,398
Washtenaw,"City of Ypsilanti, Ward 3, Precinct 1",Washtenaw Community College Millage Renewal and Restoration,,,No,35
Washtenaw,"City of Ypsilanti, Ward 3, Precinct 2",Registered Voters,,,,1616
Washtenaw,"City of Ypsilanti, Ward 3, Precinct 2",Ballots Cast,,,,671
Washtenaw,"City of Ypsilanti, Ward 3, Precinct 2",President,,DEM,Michael Bennet,0
Washtenaw,"City of Ypsilanti, Ward 3, Precinct 2",President,,DEM,Joe Biden,160
Washtenaw,"City of Ypsilanti, Ward 3, Precinct 2",President,,DEM,Michael R. Bloomberg,9
Washtenaw,"City of Ypsilanti, Ward 3, Precinct 2",President,,DEM,Cory Booker,0
Washtenaw,"City of Ypsilanti, Ward 3, Precinct 2",President,,DEM,Pete Buttigieg,1
Washtenaw,"City of Ypsilanti, Ward 3, Precinct 2",President,,DEM,Julian Castro,1
Washtenaw,"City of Ypsilanti, Ward 3, Precinct 2",President,,DEM,John Delaney,0
Washtenaw,"City of Ypsilanti, Ward 3, Precinct 2",President,,DEM,Tulsi Gabbard,3
Washtenaw,"City of Ypsilanti, Ward 3, Precinct 2",President,,DEM,Amy Klobuchar,0
Washtenaw,"City of Ypsilanti, Ward 3, Precinct 2",President,,DEM,Bernie Sanders,441
Washtenaw,"City of Ypsilanti, Ward 3, Precinct 2",President,,DEM,Joe Sestak,0
Washtenaw,"City of Ypsilanti, Ward 3, Precinct 2",President,,DEM,Tom Steyer,1
Washtenaw,"City of Ypsilanti, Ward 3, Precinct 2",President,,DEM,Elizabeth Warren,9
Washtenaw,"City of Ypsilanti, Ward 3, Precinct 2",President,,DEM,Marianne Williamson,0
Washtenaw,"City of Ypsilanti, Ward 3, Precinct 2",President,,DEM,Andrew Yang,1
Washtenaw,"City of Ypsilanti, Ward 3, Precinct 2",President,,DEM,Uncommitted,5
Washtenaw,"City of Ypsilanti, Ward 3, Precinct 2",President,,REP,Mark Sanford,1
Washtenaw,"City of Ypsilanti, Ward 3, Precinct 2",President,,REP,Donald J. Trump,31
Washtenaw,"City of Ypsilanti, Ward 3, Precinct 2",President,,REP,Joe Walsh,0
Washtenaw,"City of Ypsilanti, Ward 3, Precinct 2",President,,REP,Bill Weld,0
Washtenaw,"City of Ypsilanti, Ward 3, Precinct 2",President,,REP,Uncommitted,2
Washtenaw,"City of Ypsilanti, Ward 3, Precinct 2",Washtenaw Community College Millage Renewal and Restoration,,,Yes,532
Washtenaw,"City of Ypsilanti, Ward 3, Precinct 2",Washtenaw Community College Millage Renewal and Restoration,,,No,109
Washtenaw,"City of Ypsilanti, Ward 3, Precinct 3",Registered Voters,,,,1948
Washtenaw,"City of Ypsilanti, Ward 3, Precinct 3",Ballots Cast,,,,804
Washtenaw,"City of Ypsilanti, Ward 3, Precinct 3",President,,DEM,Michael Bennet,0
Washtenaw,"City of Ypsilanti, Ward 3, Precinct 3",President,,DEM,Joe Biden,163
Washtenaw,"City of Ypsilanti, Ward 3, Precinct 3",President,,DEM,Michael R. Bloomberg,8
Washtenaw,"City of Ypsilanti, Ward 3, Precinct 3",President,,DEM,Cory Booker,0
Washtenaw,"City of Ypsilanti, Ward 3, Precinct 3",President,,DEM,Pete Buttigieg,1
Washtenaw,"City of Ypsilanti, Ward 3, Precinct 3",President,,DEM,Julian Castro,0
Washtenaw,"City of Ypsilanti, Ward 3, Precinct 3",President,,DEM,John Delaney,0
Washtenaw,"City of Ypsilanti, Ward 3, Precinct 3",President,,DEM,Tulsi Gabbard,3
Washtenaw,"City of Ypsilanti, Ward 3, Precinct 3",President,,DEM,Amy Klobuchar,2
Washtenaw,"City of Ypsilanti, Ward 3, Precinct 3",President,,DEM,Bernie Sanders,554
Washtenaw,"City of Ypsilanti, Ward 3, Precinct 3",President,,DEM,Joe Sestak,2
Washtenaw,"City of Ypsilanti, Ward 3, Precinct 3",President,,DEM,Tom Steyer,0
Washtenaw,"City of Ypsilanti, Ward 3, Precinct 3",President,,DEM,Elizabeth Warren,26
Washtenaw,"City of Ypsilanti, Ward 3, Precinct 3",President,,DEM,Marianne Williamson,0
Washtenaw,"City of Ypsilanti, Ward 3, Precinct 3",President,,DEM,Andrew Yang,0
Washtenaw,"City of Ypsilanti, Ward 3, Precinct 3",President,,DEM,Uncommitted,5
Washtenaw,"City of Ypsilanti, Ward 3, Precinct 3",President,,REP,Mark Sanford,0
Washtenaw,"City of Ypsilanti, Ward 3, Precinct 3",President,,REP,Donald J. Trump,34
Washtenaw,"City of Ypsilanti, Ward 3, Precinct 3",President,,REP,Joe Walsh,0
Washtenaw,"City of Ypsilanti, Ward 3, Precinct 3",President,,REP,Bill Weld,1
Washtenaw,"City of Ypsilanti, Ward 3, Precinct 3",President,,REP,Uncommitted,2
Washtenaw,"City of Ypsilanti, Ward 3, Precinct 3",Washtenaw Community College Millage Renewal and Restoration,,,Yes,660
Washtenaw,"City of Ypsilanti, Ward 3, Precinct 3",Washtenaw Community College Millage Renewal and Restoration,,,No,118
Washtenaw,"Ann Arbor Township, Precinct 1",Registered Voters,,,,1843
Washtenaw,"Ann Arbor Township, Precinct 1",Ballots Cast,,,,857
Washtenaw,"Ann Arbor Township, Precinct 1",President,,DEM,Michael Bennet,0
Washtenaw,"Ann Arbor Township, Precinct 1",President,,DEM,Joe Biden,448
Washtenaw,"Ann Arbor Township, Precinct 1",President,,DEM,Michael R. Bloomberg,15
Washtenaw,"Ann Arbor Township, Precinct 1",President,,DEM,Cory Booker,0
Washtenaw,"Ann Arbor Township, Precinct 1",President,,DEM,Pete Buttigieg,10
Washtenaw,"Ann Arbor Township, Precinct 1",President,,DEM,Julian Castro,0
Washtenaw,"Ann Arbor Township, Precinct 1",President,,DEM,John Delaney,0
Washtenaw,"Ann Arbor Township, Precinct 1",President,,DEM,Tulsi Gabbard,2
Washtenaw,"Ann Arbor Township, Precinct 1",President,,DEM,Amy Klobuchar,6
Washtenaw,"Ann Arbor Township, Precinct 1",President,,DEM,Bernie Sanders,239
Washtenaw,"Ann Arbor Township, Precinct 1",President,,DEM,Joe Sestak,0
Washtenaw,"Ann Arbor Township, Precinct 1",President,,DEM,Tom Steyer,0
Washtenaw,"Ann Arbor Township, Precinct 1",President,,DEM,Elizabeth Warren,18
Washtenaw,"Ann Arbor Township, Precinct 1",President,,DEM,Marianne Williamson,0
Washtenaw,"Ann Arbor Township, Precinct 1",President,,DEM,Andrew Yang,2
Washtenaw,"Ann Arbor Township, Precinct 1",President,,DEM,Uncommitted,2
Washtenaw,"Ann Arbor Township, Precinct 1",President,,REP,Mark Sanford,0
Washtenaw,"Ann Arbor Township, Precinct 1",President,,REP,Donald J. Trump,97
Washtenaw,"Ann Arbor Township, Precinct 1",President,,REP,Joe Walsh,0
Washtenaw,"Ann Arbor Township, Precinct 1",President,,REP,Bill Weld,4
Washtenaw,"Ann Arbor Township, Precinct 1",President,,REP,Uncommitted,6
Washtenaw,"Ann Arbor Township, Precinct 1",Washtenaw Community College Millage Renewal and Restoration,,,Yes,655
Washtenaw,"Ann Arbor Township, Precinct 1",Washtenaw Community College Millage Renewal and Restoration,,,No,172
Washtenaw,"Ann Arbor Township, Precinct 2",Registered Voters,,,,2064
Washtenaw,"Ann Arbor Township, Precinct 2",Ballots Cast,,,,900
Washtenaw,"Ann Arbor Township, Precinct 2",President,,DEM,Michael Bennet,0
Washtenaw,"Ann Arbor Township, Precinct 2",President,,DEM,Joe Biden,468
Washtenaw,"Ann Arbor Township, Precinct 2",President,,DEM,Michael R. Bloomberg,33
Washtenaw,"Ann Arbor Township, Precinct 2",President,,DEM,Cory Booker,0
Washtenaw,"Ann Arbor Township, Precinct 2",President,,DEM,Pete Buttigieg,7
Washtenaw,"Ann Arbor Township, Precinct 2",President,,DEM,Julian Castro,0
Washtenaw,"Ann Arbor Township, Precinct 2",President,,DEM,John Delaney,0
Washtenaw,"Ann Arbor Township, Precinct 2",President,,DEM,Tulsi Gabbard,2
Washtenaw,"Ann Arbor Township, Precinct 2",President,,DEM,Amy Klobuchar,12
Washtenaw,"Ann Arbor Township, Precinct 2",President,,DEM,Bernie Sanders,280
Washtenaw,"Ann Arbor Township, Precinct 2",President,,DEM,Joe Sestak,0
Washtenaw,"Ann Arbor Township, Precinct 2",President,,DEM,Tom Steyer,0
Washtenaw,"Ann Arbor Township, Precinct 2",President,,DEM,Elizabeth Warren,26
Washtenaw,"Ann Arbor Township, Precinct 2",President,,DEM,Marianne Williamson,0
Washtenaw,"Ann Arbor Township, Precinct 2",President,,DEM,Andrew Yang,3
Washtenaw,"Ann Arbor Township, Precinct 2",President,,DEM,Uncommitted,3
Washtenaw,"Ann Arbor Township, Precinct 2",President,,REP,Mark Sanford,2
Washtenaw,"Ann Arbor Township, Precinct 2",President,,REP,Donald J. Trump,50
Washtenaw,"Ann Arbor Township, Precinct 2",President,,REP,Joe Walsh,0
Washtenaw,"Ann Arbor Township, Precinct 2",President,,REP,Bill Weld,1
Washtenaw,"Ann Arbor Township, Precinct 2",President,,REP,Uncommitted,2
Washtenaw,"Ann Arbor Township, Precinct 2",Washtenaw Community College Millage Renewal and Restoration,,,Yes,700
Washtenaw,"Ann Arbor Township, Precinct 2",Washtenaw Community College Millage Renewal and Restoration,,,No,153
Washtenaw,"Augusta Township, Precinct 1",Registered Voters,,,,1993
Washtenaw,"Augusta Township, Precinct 1",Ballots Cast,,,,736
Washtenaw,"Augusta Township, Precinct 1",President,,DEM,Michael Bennet,1
Washtenaw,"Augusta Township, Precinct 1",President,,DEM,Joe Biden,236
Washtenaw,"Augusta Township, Precinct 1",President,,DEM,Michael R. Bloomberg,16
Washtenaw,"Augusta Township, Precinct 1",President,,DEM,Cory Booker,0
Washtenaw,"Augusta Township, Precinct 1",President,,DEM,Pete Buttigieg,3
Washtenaw,"Augusta Township, Precinct 1",President,,DEM,Julian Castro,1
Washtenaw,"Augusta Township, Precinct 1",President,,DEM,John Delaney,1
Washtenaw,"Augusta Township, Precinct 1",President,,DEM,Tulsi Gabbard,3
Washtenaw,"Augusta Township, Precinct 1",President,,DEM,Amy Klobuchar,3
Washtenaw,"Augusta Township, Precinct 1",President,,DEM,Bernie Sanders,209
Washtenaw,"Augusta Township, Precinct 1",President,,DEM,Joe Sestak,0
Washtenaw,"Augusta Township, Precinct 1",President,,DEM,Tom Steyer,1
Washtenaw,"Augusta Township, Precinct 1",President,,DEM,Elizabeth Warren,10
Washtenaw,"Augusta Township, Precinct 1",President,,DEM,Marianne Williamson,0
Washtenaw,"Augusta Township, Precinct 1",President,,DEM,Andrew Yang,2
Washtenaw,"Augusta Township, Precinct 1",President,,DEM,Uncommitted,5
Washtenaw,"Augusta Township, Precinct 1",President,,REP,Mark Sanford,3
Washtenaw,"Augusta Township, Precinct 1",President,,REP,Donald J. Trump,206
Washtenaw,"Augusta Township, Precinct 1",President,,REP,Joe Walsh,3
Washtenaw,"Augusta Township, Precinct 1",President,,REP,Bill Weld,6
Washtenaw,"Augusta Township, Precinct 1",President,,REP,Uncommitted,7
Washtenaw,"Augusta Township, Precinct 1",Washtenaw Community College Millage Renewal and Restoration,,,Yes,412
Washtenaw,"Augusta Township, Precinct 1",Washtenaw Community College Millage Renewal and Restoration,,,No,305
Washtenaw,"Augusta Township, Precinct 2",Registered Voters,,,,1569
Washtenaw,"Augusta Township, Precinct 2",Ballots Cast,,,,504
Washtenaw,"Augusta Township, Precinct 2",President,,DEM,Michael Bennet,0
Washtenaw,"Augusta Township, Precinct 2",President,,DEM,Joe Biden,172
Washtenaw,"Augusta Township, Precinct 2",President,,DEM,Michael R. Bloomberg,17
Washtenaw,"Augusta Township, Precinct 2",President,,DEM,Cory Booker,0
Washtenaw,"Augusta Township, Precinct 2",President,,DEM,Pete Buttigieg,5
Washtenaw,"Augusta Township, Precinct 2",President,,DEM,Julian Castro,0
Washtenaw,"Augusta Township, Precinct 2",President,,DEM,John Delaney,0
Washtenaw,"Augusta Township, Precinct 2",President,,DEM,Tulsi Gabbard,1
Washtenaw,"Augusta Township, Precinct 2",President,,DEM,Amy Klobuchar,2
Washtenaw,"Augusta Township, Precinct 2",President,,DEM,Bernie Sanders,124
Washtenaw,"Augusta Township, Precinct 2",President,,DEM,Joe Sestak,0
Washtenaw,"Augusta Township, Precinct 2",President,,DEM,Tom Steyer,0
Washtenaw,"Augusta Township, Precinct 2",President,,DEM,Elizabeth Warren,7
Washtenaw,"Augusta Township, Precinct 2",President,,DEM,Marianne Williamson,1
Washtenaw,"Augusta Township, Precinct 2",President,,DEM,Andrew Yang,2
Washtenaw,"Augusta Township, Precinct 2",President,,DEM,Uncommitted,5
Washtenaw,"Augusta Township, Precinct 2",President,,REP,Mark Sanford,1
Washtenaw,"Augusta Township, Precinct 2",President,,REP,Donald J. Trump,150
Washtenaw,"Augusta Township, Precinct 2",President,,REP,Joe Walsh,0
Washtenaw,"Augusta Township, Precinct 2",President,,REP,Bill Weld,0
Washtenaw,"Augusta Township, Precinct 2",President,,REP,Uncommitted,3
Washtenaw,"Augusta Township, Precinct 2",Washtenaw Community College Millage Renewal and Restoration,,,Yes,287
Washtenaw,"Augusta Township, Precinct 2",Washtenaw Community College Millage Renewal and Restoration,,,No,198
Washtenaw,"Augusta Township, Precinct 3",Registered Voters,,,,2134
Washtenaw,"Augusta Township, Precinct 3",Ballots Cast,,,,719
Washtenaw,"Augusta Township, Precinct 3",President,,DEM,Michael Bennet,0
Washtenaw,"Augusta Township, Precinct 3",President,,DEM,Joe Biden,238
Washtenaw,"Augusta Township, Precinct 3",President,,DEM,Michael R. Bloomberg,16
Washtenaw,"Augusta Township, Precinct 3",President,,DEM,Cory Booker,0
Washtenaw,"Augusta Township, Precinct 3",President,,DEM,Pete Buttigieg,5
Washtenaw,"Augusta Township, Precinct 3",President,,DEM,Julian Castro,0
Washtenaw,"Augusta Township, Precinct 3",President,,DEM,John Delaney,0
Washtenaw,"Augusta Township, Precinct 3",President,,DEM,Tulsi Gabbard,4
Washtenaw,"Augusta Township, Precinct 3",President,,DEM,Amy Klobuchar,9
Washtenaw,"Augusta Township, Precinct 3",President,,DEM,Bernie Sanders,150
Washtenaw,"Augusta Township, Precinct 3",President,,DEM,Joe Sestak,0
Washtenaw,"Augusta Township, Precinct 3",President,,DEM,Tom Steyer,0
Washtenaw,"Augusta Township, Precinct 3",President,,DEM,Elizabeth Warren,10
Washtenaw,"Augusta Township, Precinct 3",President,,DEM,Marianne Williamson,0
Washtenaw,"Augusta Township, Precinct 3",President,,DEM,Andrew Yang,2
Washtenaw,"Augusta Township, Precinct 3",President,,DEM,Uncommitted,7
Washtenaw,"Augusta Township, Precinct 3",President,,REP,Mark Sanford,3
Washtenaw,"Augusta Township, Precinct 3",President,,REP,Donald J. Trump,240
Washtenaw,"Augusta Township, Precinct 3",President,,REP,Joe Walsh,5
Washtenaw,"Augusta Township, Precinct 3",President,,REP,Bill Weld,4
Washtenaw,"Augusta Township, Precinct 3",President,,REP,Uncommitted,5
Washtenaw,"Augusta Township, Precinct 3",Washtenaw Community College Millage Renewal and Restoration,,,Yes,307
Washtenaw,"Augusta Township, Precinct 3",Washtenaw Community College Millage Renewal and Restoration,,,No,402
Washtenaw,"Bridgewater Township, Precinct 1",Registered Voters,,,,1396
Washtenaw,"Bridgewater Township, Precinct 1",Ballots Cast,,,,461
Washtenaw,"Bridgewater Township, Precinct 1",President,,DEM,Michael Bennet,0
Washtenaw,"Bridgewater Township, Precinct 1",President,,DEM,Joe Biden,148
Washtenaw,"Bridgewater Township, Precinct 1",President,,DEM,Michael R. Bloomberg,14
Washtenaw,"Bridgewater Township, Precinct 1",President,,DEM,Cory Booker,0
Washtenaw,"Bridgewater Township, Precinct 1",President,,DEM,Pete Buttigieg,1
Washtenaw,"Bridgewater Township, Precinct 1",President,,DEM,Julian Castro,0
Washtenaw,"Bridgewater Township, Precinct 1",President,,DEM,John Delaney,0
Washtenaw,"Bridgewater Township, Precinct 1",President,,DEM,Tulsi Gabbard,2
Washtenaw,"Bridgewater Township, Precinct 1",President,,DEM,Amy Klobuchar,1
Washtenaw,"Bridgewater Township, Precinct 1",President,,DEM,Bernie Sanders,107
Washtenaw,"Bridgewater Township, Precinct 1",President,,DEM,Joe Sestak,0
Washtenaw,"Bridgewater Township, Precinct 1",President,,DEM,Tom Steyer,0
Washtenaw,"Bridgewater Township, Precinct 1",President,,DEM,Elizabeth Warren,1
Washtenaw,"Bridgewater Township, Precinct 1",President,,DEM,Marianne Williamson,0
Washtenaw,"Bridgewater Township, Precinct 1",President,,DEM,Andrew Yang,0
Washtenaw,"Bridgewater Township, Precinct 1",President,,DEM,Uncommitted,3
Washtenaw,"Bridgewater Township, Precinct 1",President,,REP,Mark Sanford,1
Washtenaw,"Bridgewater Township, Precinct 1",President,,REP,Donald J. Trump,165
Washtenaw,"Bridgewater Township, Precinct 1",President,,REP,Joe Walsh,0
Washtenaw,"Bridgewater Township, Precinct 1",President,,REP,Bill Weld,1
Washtenaw,"Bridgewater Township, Precinct 1",President,,REP,Uncommitted,6
Washtenaw,"Bridgewater Township, Precinct 1",Washtenaw Community College Millage Renewal and Restoration,,,Yes,262
Washtenaw,"Bridgewater Township, Precinct 1",Washtenaw Community College Millage Renewal and Restoration,,,No,189
Washtenaw,"Dexter Township, Precinct 1",Registered Voters,,,,2269
Washtenaw,"Dexter Township, Precinct 1",Ballots Cast,,,,993
Washtenaw,"Dexter Township, Precinct 1",President,,DEM,Michael Bennet,0
Washtenaw,"Dexter Township, Precinct 1",President,,DEM,Joe Biden,395
Washtenaw,"Dexter Township, Precinct 1",President,,DEM,Michael R. Bloomberg,22
Washtenaw,"Dexter Township, Precinct 1",President,,DEM,Cory Booker,0
Washtenaw,"Dexter Township, Precinct 1",President,,DEM,Pete Buttigieg,9
Washtenaw,"Dexter Township, Precinct 1",President,,DEM,Julian Castro,0
Washtenaw,"Dexter Township, Precinct 1",President,,DEM,John Delaney,0
Washtenaw,"Dexter Township, Precinct 1",President,,DEM,Tulsi Gabbard,8
Washtenaw,"Dexter Township, Precinct 1",President,,DEM,Amy Klobuchar,9
Washtenaw,"Dexter Township, Precinct 1",President,,DEM,Bernie Sanders,302
Washtenaw,"Dexter Township, Precinct 1",President,,DEM,Joe Sestak,0
Washtenaw,"Dexter Township, Precinct 1",President,,DEM,Tom Steyer,0
Washtenaw,"Dexter Township, Precinct 1",President,,DEM,Elizabeth Warren,17
Washtenaw,"Dexter Township, Precinct 1",President,,DEM,Marianne Williamson,0
Washtenaw,"Dexter Township, Precinct 1",President,,DEM,Andrew Yang,1
Washtenaw,"Dexter Township, Precinct 1",President,,DEM,Uncommitted,8
Washtenaw,"Dexter Township, Precinct 1",President,,REP,Mark Sanford,4
Washtenaw,"Dexter Township, Precinct 1",President,,REP,Donald J. Trump,176
Washtenaw,"Dexter Township, Precinct 1",President,,REP,Joe Walsh,1
Washtenaw,"Dexter Township, Precinct 1",President,,REP,Bill Weld,7
Washtenaw,"Dexter Township, Precinct 1",President,,REP,Uncommitted,9
Washtenaw,"Dexter Township, Precinct 1",Washtenaw Community College Millage Renewal and Restoration,,,Yes,706
Washtenaw,"Dexter Township, Precinct 1",Washtenaw Community College Millage Renewal and Restoration,,,No,262
Washtenaw,"City of Ann Arbor, Ward 1, Precinct 8",Registered Voters,,,,1815
Washtenaw,"City of Ann Arbor, Ward 1, Precinct 8",Ballots Cast,,,,1009
Washtenaw,"City of Ann Arbor, Ward 1, Precinct 8",President,,DEM,Michael Bennet,0
Washtenaw,"City of Ann Arbor, Ward 1, Precinct 8",President,,DEM,Joe Biden,599
Washtenaw,"City of Ann Arbor, Ward 1, Precinct 8",President,,DEM,Michael R. Bloomberg,12
Washtenaw,"City of Ann Arbor, Ward 1, Precinct 8",President,,DEM,Cory Booker,0
Washtenaw,"City of Ann Arbor, Ward 1, Precinct 8",President,,DEM,Pete Buttigieg,3
Washtenaw,"City of Ann Arbor, Ward 1, Precinct 8",President,,DEM,Julian Castro,0
Washtenaw,"City of Ann Arbor, Ward 1, Precinct 8",President,,DEM,John Delaney,0
Washtenaw,"City of Ann Arbor, Ward 1, Precinct 8",President,,DEM,Tulsi Gabbard,3
Washtenaw,"City of Ann Arbor, Ward 1, Precinct 8",President,,DEM,Amy Klobuchar,6
Washtenaw,"City of Ann Arbor, Ward 1, Precinct 8",President,,DEM,Bernie Sanders,318
Washtenaw,"City of Ann Arbor, Ward 1, Precinct 8",President,,DEM,Joe Sestak,0
Washtenaw,"City of Ann Arbor, Ward 1, Precinct 8",President,,DEM,Tom Steyer,0
Washtenaw,"City of Ann Arbor, Ward 1, Precinct 8",President,,DEM,Elizabeth Warren,32
Washtenaw,"City of Ann Arbor, Ward 1, Precinct 8",President,,DEM,Marianne Williamson,0
Washtenaw,"City of Ann Arbor, Ward 1, Precinct 8",President,,DEM,Andrew Yang,0
Washtenaw,"City of Ann Arbor, Ward 1, Precinct 8",President,,DEM,Uncommitted,0
Washtenaw,"City of Ann Arbor, Ward 1, Precinct 8",President,,REP,Mark Sanford,0
Washtenaw,"City of Ann Arbor, Ward 1, Precinct 8",President,,REP,Donald J. Trump,30
Washtenaw,"City of Ann Arbor, Ward 1, Precinct 8",President,,REP,Joe Walsh,0
Washtenaw,"City of Ann Arbor, Ward 1, Precinct 8",President,,REP,Bill Weld,1
Washtenaw,"City of Ann Arbor, Ward 1, Precinct 8",President,,REP,Uncommitted,1
Washtenaw,"City of Ann Arbor, Ward 1, Precinct 8",Washtenaw Community College Millage Renewal and Restoration,,,Yes,819
Washtenaw,"City of Ann Arbor, Ward 1, Precinct 8",Washtenaw Community College Millage Renewal and Restoration,,,No,146
Washtenaw,"Dexter Township, Precinct 2",Registered Voters,,,,2014
Washtenaw,"Dexter Township, Precinct 2",Ballots Cast,,,,769
Washtenaw,"Dexter Township, Precinct 2",President,,DEM,Michael Bennet,0
Washtenaw,"Dexter Township, Precinct 2",President,,DEM,Joe Biden,332
Washtenaw,"Dexter Township, Precinct 2",President,,DEM,Michael R. Bloomberg,11
Washtenaw,"Dexter Township, Precinct 2",President,,DEM,Cory Booker,0
Washtenaw,"Dexter Township, Precinct 2",President,,DEM,Pete Buttigieg,5
Washtenaw,"Dexter Township, Precinct 2",President,,DEM,Julian Castro,0
Washtenaw,"Dexter Township, Precinct 2",President,,DEM,John Delaney,0
Washtenaw,"Dexter Township, Precinct 2",President,,DEM,Tulsi Gabbard,6
Washtenaw,"Dexter Township, Precinct 2",President,,DEM,Amy Klobuchar,8
Washtenaw,"Dexter Township, Precinct 2",President,,DEM,Bernie Sanders,203
Washtenaw,"Dexter Township, Precinct 2",President,,DEM,Joe Sestak,0
Washtenaw,"Dexter Township, Precinct 2",President,,DEM,Tom Steyer,0
Washtenaw,"Dexter Township, Precinct 2",President,,DEM,Elizabeth Warren,14
Washtenaw,"Dexter Township, Precinct 2",President,,DEM,Marianne Williamson,0
Washtenaw,"Dexter Township, Precinct 2",President,,DEM,Andrew Yang,1
Washtenaw,"Dexter Township, Precinct 2",President,,DEM,Uncommitted,6
Washtenaw,"Dexter Township, Precinct 2",President,,REP,Mark Sanford,0
Washtenaw,"Dexter Township, Precinct 2",President,,REP,Donald J. Trump,142
Washtenaw,"Dexter Township, Precinct 2",President,,REP,Joe Walsh,1
Washtenaw,"Dexter Township, Precinct 2",President,,REP,Bill Weld,0
Washtenaw,"Dexter Township, Precinct 2",President,,REP,Uncommitted,17
Washtenaw,"Dexter Township, Precinct 2",Washtenaw Community College Millage Renewal and Restoration,,,Yes,504
Washtenaw,"Dexter Township, Precinct 2",Washtenaw Community College Millage Renewal and Restoration,,,No,244
Washtenaw,"Dexter Township, Precinct 3",Registered Voters,,,,1263
Washtenaw,"Dexter Township, Precinct 3",Ballots Cast,,,,501
Washtenaw,"Dexter Township, Precinct 3",President,,DEM,Michael Bennet,0
Washtenaw,"Dexter Township, Precinct 3",President,,DEM,Joe Biden,209
Washtenaw,"Dexter Township, Precinct 3",President,,DEM,Michael R. Bloomberg,13
Washtenaw,"Dexter Township, Precinct 3",President,,DEM,Cory Booker,0
Washtenaw,"Dexter Township, Precinct 3",President,,DEM,Pete Buttigieg,5
Washtenaw,"Dexter Township, Precinct 3",President,,DEM,Julian Castro,0
Washtenaw,"Dexter Township, Precinct 3",President,,DEM,John Delaney,0
Washtenaw,"Dexter Township, Precinct 3",President,,DEM,Tulsi Gabbard,4
Washtenaw,"Dexter Township, Precinct 3",President,,DEM,Amy Klobuchar,1
Washtenaw,"Dexter Township, Precinct 3",President,,DEM,Bernie Sanders,115
Washtenaw,"Dexter Township, Precinct 3",President,,DEM,Joe Sestak,0
Washtenaw,"Dexter Township, Precinct 3",President,,DEM,Tom Steyer,0
Washtenaw,"Dexter Township, Precinct 3",President,,DEM,Elizabeth Warren,6
Washtenaw,"Dexter Township, Precinct 3",President,,DEM,Marianne Williamson,0
Washtenaw,"Dexter Township, Precinct 3",President,,DEM,Andrew Yang,1
Washtenaw,"Dexter Township, Precinct 3",President,,DEM,Uncommitted,5
Washtenaw,"Dexter Township, Precinct 3",President,,REP,Mark Sanford,3
Washtenaw,"Dexter Township, Precinct 3",President,,REP,Donald J. Trump,109
Washtenaw,"Dexter Township, Precinct 3",President,,REP,Joe Walsh,2
Washtenaw,"Dexter Township, Precinct 3",President,,REP,Bill Weld,2
Washtenaw,"Dexter Township, Precinct 3",President,,REP,Uncommitted,9
Washtenaw,"Dexter Township, Precinct 3",Washtenaw Community College Millage Renewal and Restoration,,,Yes,317
Washtenaw,"Dexter Township, Precinct 3",Washtenaw Community College Millage Renewal and Restoration,,,No,173
Washtenaw,"Freedom Township, Precinct 1",Registered Voters,,,,1233
Washtenaw,"Freedom Township, Precinct 1",Ballots Cast,,,,472
Washtenaw,"Freedom Township, Precinct 1",President,,DEM,Michael Bennet,0
Washtenaw,"Freedom Township, Precinct 1",President,,DEM,Joe Biden,187
Washtenaw,"Freedom Township, Precinct 1",President,,DEM,Michael R. Bloomberg,7
Washtenaw,"Freedom Township, Precinct 1",President,,DEM,Cory Booker,0
Washtenaw,"Freedom Township, Precinct 1",President,,DEM,Pete Buttigieg,0
Washtenaw,"Freedom Township, Precinct 1",President,,DEM,Julian Castro,0
Washtenaw,"Freedom Township, Precinct 1",President,,DEM,John Delaney,0
Washtenaw,"Freedom Township, Precinct 1",President,,DEM,Tulsi Gabbard,3
Washtenaw,"Freedom Township, Precinct 1",President,,DEM,Amy Klobuchar,4
Washtenaw,"Freedom Township, Precinct 1",President,,DEM,Bernie Sanders,101
Washtenaw,"Freedom Township, Precinct 1",President,,DEM,Joe Sestak,0
Washtenaw,"Freedom Township, Precinct 1",President,,DEM,Tom Steyer,0
Washtenaw,"Freedom Township, Precinct 1",President,,DEM,Elizabeth Warren,3
Washtenaw,"Freedom Township, Precinct 1",President,,DEM,Marianne Williamson,0
Washtenaw,"Freedom Township, Precinct 1",President,,DEM,Andrew Yang,0
Washtenaw,"Freedom Township, Precinct 1",President,,DEM,Uncommitted,5
Washtenaw,"Freedom Township, Precinct 1",President,,REP,Mark Sanford,1
Washtenaw,"Freedom Township, Precinct 1",President,,REP,Donald J. Trump,142
Washtenaw,"Freedom Township, Precinct 1",President,,REP,Joe Walsh,2
Washtenaw,"Freedom Township, Precinct 1",President,,REP,Bill Weld,0
Washtenaw,"Freedom Township, Precinct 1",President,,REP,Uncommitted,3
Washtenaw,"Freedom Township, Precinct 1",Washtenaw Community College Millage Renewal and Restoration,,,Yes,290
Washtenaw,"Freedom Township, Precinct 1",Washtenaw Community College Millage Renewal and Restoration,,,No,167
Washtenaw,"Lima Township, Precinct 1",Registered Voters,,,,1707
Washtenaw,"Lima Township, Precinct 1",Ballots Cast,,,,729
Washtenaw,"Lima Township, Precinct 1",President,,DEM,Michael Bennet,0
Washtenaw,"Lima Township, Precinct 1",President,,DEM,Joe Biden,287
Washtenaw,"Lima Township, Precinct 1",President,,DEM,Michael R. Bloomberg,25
Washtenaw,"Lima Township, Precinct 1",President,,DEM,Cory Booker,0
Washtenaw,"Lima Township, Precinct 1",President,,DEM,Pete Buttigieg,13
Washtenaw,"Lima Township, Precinct 1",President,,DEM,Julian Castro,0
Washtenaw,"Lima Township, Precinct 1",President,,DEM,John Delaney,0
Washtenaw,"Lima Township, Precinct 1",President,,DEM,Tulsi Gabbard,6
Washtenaw,"Lima Township, Precinct 1",President,,DEM,Amy Klobuchar,3
Washtenaw,"Lima Township, Precinct 1",President,,DEM,Bernie Sanders,140
Washtenaw,"Lima Township, Precinct 1",President,,DEM,Joe Sestak,0
Washtenaw,"Lima Township, Precinct 1",President,,DEM,Tom Steyer,0
Washtenaw,"Lima Township, Precinct 1",President,,DEM,Elizabeth Warren,6
Washtenaw,"Lima Township, Precinct 1",President,,DEM,Marianne Williamson,1
Washtenaw,"Lima Township, Precinct 1",President,,DEM,Andrew Yang,0
Washtenaw,"Lima Township, Precinct 1",President,,DEM,Uncommitted,8
Washtenaw,"Lima Township, Precinct 1",President,,REP,Mark Sanford,2
Washtenaw,"Lima Township, Precinct 1",President,,REP,Donald J. Trump,204
Washtenaw,"Lima Township, Precinct 1",President,,REP,Joe Walsh,1
Washtenaw,"Lima Township, Precinct 1",President,,REP,Bill Weld,5
Washtenaw,"Lima Township, Precinct 1",President,,REP,Uncommitted,11
Washtenaw,"Lima Township, Precinct 1",Washtenaw Community College Millage Renewal and Restoration,,,Yes,424
Washtenaw,"Lima Township, Precinct 1",Washtenaw Community College Millage Renewal and Restoration,,,No,286
Washtenaw,"Lima Township, Precinct 2",Registered Voters,,,,1552
Washtenaw,"Lima Township, Precinct 2",Ballots Cast,,,,589
Washtenaw,"Lima Township, Precinct 2",President,,DEM,Michael Bennet,0
Washtenaw,"Lima Township, Precinct 2",President,,DEM,Joe Biden,229
Washtenaw,"Lima Township, Precinct 2",President,,DEM,Michael R. Bloomberg,14
Washtenaw,"Lima Township, Precinct 2",President,,DEM,Cory Booker,0
Washtenaw,"Lima Township, Precinct 2",President,,DEM,Pete Buttigieg,5
Washtenaw,"Lima Township, Precinct 2",President,,DEM,Julian Castro,0
Washtenaw,"Lima Township, Precinct 2",President,,DEM,John Delaney,0
Washtenaw,"Lima Township, Precinct 2",President,,DEM,Tulsi Gabbard,2
Washtenaw,"Lima Township, Precinct 2",President,,DEM,Amy Klobuchar,2
Washtenaw,"Lima Township, Precinct 2",President,,DEM,Bernie Sanders,195
Washtenaw,"Lima Township, Precinct 2",President,,DEM,Joe Sestak,0
Washtenaw,"Lima Township, Precinct 2",President,,DEM,Tom Steyer,0
Washtenaw,"Lima Township, Precinct 2",President,,DEM,Elizabeth Warren,3
Washtenaw,"Lima Township, Precinct 2",President,,DEM,Marianne Williamson,0
Washtenaw,"Lima Township, Precinct 2",President,,DEM,Andrew Yang,0
Washtenaw,"Lima Township, Precinct 2",President,,DEM,Uncommitted,5
Washtenaw,"Lima Township, Precinct 2",President,,REP,Mark Sanford,0
Washtenaw,"Lima Township, Precinct 2",President,,REP,Donald J. Trump,113
Washtenaw,"Lima Township, Precinct 2",President,,REP,Joe Walsh,0
Washtenaw,"Lima Township, Precinct 2",President,,REP,Bill Weld,1
Washtenaw,"Lima Township, Precinct 2",President,,REP,Uncommitted,8
Washtenaw,"Lima Township, Precinct 2",Washtenaw Community College Millage Renewal and Restoration,,,Yes,412
Washtenaw,"Lima Township, Precinct 2",Washtenaw Community College Millage Renewal and Restoration,,,No,160
Washtenaw,"Lodi Township, Precinct 1",Registered Voters,,,,1884
Washtenaw,"Lodi Township, Precinct 1",Ballots Cast,,,,767
Washtenaw,"Lodi Township, Precinct 1",President,,DEM,Michael Bennet,0
Washtenaw,"Lodi Township, Precinct 1",President,,DEM,Joe Biden,300
Washtenaw,"Lodi Township, Precinct 1",President,,DEM,Michael R. Bloomberg,14
Washtenaw,"Lodi Township, Precinct 1",President,,DEM,Cory Booker,0
Washtenaw,"Lodi Township, Precinct 1",President,,DEM,Pete Buttigieg,11
Washtenaw,"Lodi Township, Precinct 1",President,,DEM,Julian Castro,0
Washtenaw,"Lodi Township, Precinct 1",President,,DEM,John Delaney,0
Washtenaw,"Lodi Township, Precinct 1",President,,DEM,Tulsi Gabbard,2
Washtenaw,"Lodi Township, Precinct 1",President,,DEM,Amy Klobuchar,2
Washtenaw,"Lodi Township, Precinct 1",President,,DEM,Bernie Sanders,204
Washtenaw,"Lodi Township, Precinct 1",President,,DEM,Joe Sestak,0
Washtenaw,"Lodi Township, Precinct 1",President,,DEM,Tom Steyer,0
Washtenaw,"Lodi Township, Precinct 1",President,,DEM,Elizabeth Warren,6
Washtenaw,"Lodi Township, Precinct 1",President,,DEM,Marianne Williamson,0
Washtenaw,"Lodi Township, Precinct 1",President,,DEM,Andrew Yang,2
Washtenaw,"Lodi Township, Precinct 1",President,,DEM,Uncommitted,3
Washtenaw,"Lodi Township, Precinct 1",President,,REP,Mark Sanford,1
Washtenaw,"Lodi Township, Precinct 1",President,,REP,Donald J. Trump,199
Washtenaw,"Lodi Township, Precinct 1",President,,REP,Joe Walsh,2
Washtenaw,"Lodi Township, Precinct 1",President,,REP,Bill Weld,1
Washtenaw,"Lodi Township, Precinct 1",President,,REP,Uncommitted,5
Washtenaw,"Lodi Township, Precinct 1",Washtenaw Community College Millage Renewal and Restoration,,,Yes,501
Washtenaw,"Lodi Township, Precinct 1",Washtenaw Community College Millage Renewal and Restoration,,,No,243
Washtenaw,"Lodi Township, Precinct 2",Registered Voters,,,,2044
Washtenaw,"Lodi Township, Precinct 2",Ballots Cast,,,,921
Washtenaw,"Lodi Township, Precinct 2",President,,DEM,Michael Bennet,0
Washtenaw,"Lodi Township, Precinct 2",President,,DEM,Joe Biden,395
Washtenaw,"Lodi Township, Precinct 2",President,,DEM,Michael R. Bloomberg,22
Washtenaw,"Lodi Township, Precinct 2",President,,DEM,Cory Booker,1
Washtenaw,"Lodi Township, Precinct 2",President,,DEM,Pete Buttigieg,6
Washtenaw,"Lodi Township, Precinct 2",President,,DEM,Julian Castro,0
Washtenaw,"Lodi Township, Precinct 2",President,,DEM,John Delaney,0
Washtenaw,"Lodi Township, Precinct 2",President,,DEM,Tulsi Gabbard,1
Washtenaw,"Lodi Township, Precinct 2",President,,DEM,Amy Klobuchar,2
Washtenaw,"Lodi Township, Precinct 2",President,,DEM,Bernie Sanders,212
Washtenaw,"Lodi Township, Precinct 2",President,,DEM,Joe Sestak,0
Washtenaw,"Lodi Township, Precinct 2",President,,DEM,Tom Steyer,0
Washtenaw,"Lodi Township, Precinct 2",President,,DEM,Elizabeth Warren,18
Washtenaw,"Lodi Township, Precinct 2",President,,DEM,Marianne Williamson,0
Washtenaw,"Lodi Township, Precinct 2",President,,DEM,Andrew Yang,1
Washtenaw,"Lodi Township, Precinct 2",President,,DEM,Uncommitted,5
Washtenaw,"Lodi Township, Precinct 2",President,,REP,Mark Sanford,0
Washtenaw,"Lodi Township, Precinct 2",President,,REP,Donald J. Trump,225
Washtenaw,"Lodi Township, Precinct 2",President,,REP,Joe Walsh,5
Washtenaw,"Lodi Township, Precinct 2",President,,REP,Bill Weld,4
Washtenaw,"Lodi Township, Precinct 2",President,,REP,Uncommitted,8
Washtenaw,"Lodi Township, Precinct 2",Washtenaw Community College Millage Renewal and Restoration,,,Yes,618
Washtenaw,"Lodi Township, Precinct 2",Washtenaw Community College Millage Renewal and Restoration,,,No,269
Washtenaw,"Lodi Township, Precinct 3",Registered Voters,,,,1212
Washtenaw,"Lodi Township, Precinct 3",Ballots Cast,,,,498
Washtenaw,"Lodi Township, Precinct 3",President,,DEM,Michael Bennet,0
Washtenaw,"Lodi Township, Precinct 3",President,,DEM,Joe Biden,215
Washtenaw,"Lodi Township, Precinct 3",President,,DEM,Michael R. Bloomberg,11
Washtenaw,"Lodi Township, Precinct 3",President,,DEM,Cory Booker,0
Washtenaw,"Lodi Township, Precinct 3",President,,DEM,Pete Buttigieg,4
Washtenaw,"Lodi Township, Precinct 3",President,,DEM,Julian Castro,0
Washtenaw,"Lodi Township, Precinct 3",President,,DEM,John Delaney,0
Washtenaw,"Lodi Township, Precinct 3",President,,DEM,Tulsi Gabbard,6
Washtenaw,"Lodi Township, Precinct 3",President,,DEM,Amy Klobuchar,4
Washtenaw,"Lodi Township, Precinct 3",President,,DEM,Bernie Sanders,162
Washtenaw,"Lodi Township, Precinct 3",President,,DEM,Joe Sestak,0
Washtenaw,"Lodi Township, Precinct 3",President,,DEM,Tom Steyer,1
Washtenaw,"Lodi Township, Precinct 3",President,,DEM,Elizabeth Warren,11
Washtenaw,"Lodi Township, Precinct 3",President,,DEM,Marianne Williamson,0
Washtenaw,"Lodi Township, Precinct 3",President,,DEM,Andrew Yang,2
Washtenaw,"Lodi Township, Precinct 3",President,,DEM,Uncommitted,1
Washtenaw,"Lodi Township, Precinct 3",President,,REP,Mark Sanford,0
Washtenaw,"Lodi Township, Precinct 3",President,,REP,Donald J. Trump,74
Washtenaw,"Lodi Township, Precinct 3",President,,REP,Joe Walsh,2
Washtenaw,"Lodi Township, Precinct 3",President,,REP,Bill Weld,2
Washtenaw,"Lodi Township, Precinct 3",President,,REP,Uncommitted,1
Washtenaw,"Lodi Township, Precinct 3",Washtenaw Community College Millage Renewal and Restoration,,,Yes,361
Washtenaw,"Lodi Township, Precinct 3",Washtenaw Community College Millage Renewal and Restoration,,,No,115
Washtenaw,"Lyndon Township, Precinct 1",Registered Voters,,,,2136
Washtenaw,"Lyndon Township, Precinct 1",Ballots Cast,,,,997
Washtenaw,"Lyndon Township, Precinct 1",President,,DEM,Michael Bennet,0
Washtenaw,"Lyndon Township, Precinct 1",President,,DEM,Joe Biden,350
Washtenaw,"Lyndon Township, Precinct 1",President,,DEM,Michael R. Bloomberg,32
Washtenaw,"Lyndon Township, Precinct 1",President,,DEM,Cory Booker,0
Washtenaw,"Lyndon Township, Precinct 1",President,,DEM,Pete Buttigieg,21
Washtenaw,"Lyndon Township, Precinct 1",President,,DEM,Julian Castro,0
Washtenaw,"Lyndon Township, Precinct 1",President,,DEM,John Delaney,0
Washtenaw,"Lyndon Township, Precinct 1",President,,DEM,Tulsi Gabbard,2
Washtenaw,"Lyndon Township, Precinct 1",President,,DEM,Amy Klobuchar,5
Washtenaw,"Lyndon Township, Precinct 1",President,,DEM,Bernie Sanders,232
Washtenaw,"Lyndon Township, Precinct 1",President,,DEM,Joe Sestak,0
Washtenaw,"Lyndon Township, Precinct 1",President,,DEM,Tom Steyer,2
Washtenaw,"Lyndon Township, Precinct 1",President,,DEM,Elizabeth Warren,12
Washtenaw,"Lyndon Township, Precinct 1",President,,DEM,Marianne Williamson,0
Washtenaw,"Lyndon Township, Precinct 1",President,,DEM,Andrew Yang,3
Washtenaw,"Lyndon Township, Precinct 1",President,,DEM,Uncommitted,11
Washtenaw,"Lyndon Township, Precinct 1",President,,REP,Mark Sanford,0
Washtenaw,"Lyndon Township, Precinct 1",President,,REP,Donald J. Trump,270
Washtenaw,"Lyndon Township, Precinct 1",President,,REP,Joe Walsh,0
Washtenaw,"Lyndon Township, Precinct 1",President,,REP,Bill Weld,9
Washtenaw,"Lyndon Township, Precinct 1",President,,REP,Uncommitted,17
Washtenaw,"Lyndon Township, Precinct 1",Washtenaw Community College Millage Renewal and Restoration,,,Yes,562
Washtenaw,"Lyndon Township, Precinct 1",Washtenaw Community College Millage Renewal and Restoration,,,No,390
Washtenaw,"Lyndon Township, Precinct 1",Ingham Intermediate School District Special Education Millage Proposal,,,Yes,67
Washtenaw,"Lyndon Township, Precinct 1",Ingham Intermediate School District Special Education Millage Proposal,,,No,70
Washtenaw,"City of Ann Arbor, Ward 1, Precinct 9",Registered Voters,,,,2093
Washtenaw,"City of Ann Arbor, Ward 1, Precinct 9",Ballots Cast,,,,738
Washtenaw,"City of Ann Arbor, Ward 1, Precinct 9",President,,DEM,Michael Bennet,1
Washtenaw,"City of Ann Arbor, Ward 1, Precinct 9",President,,DEM,Joe Biden,267
Washtenaw,"City of Ann Arbor, Ward 1, Precinct 9",President,,DEM,Michael R. Bloomberg,18
Washtenaw,"City of Ann Arbor, Ward 1, Precinct 9",President,,DEM,Cory Booker,0
Washtenaw,"City of Ann Arbor, Ward 1, Precinct 9",President,,DEM,Pete Buttigieg,2
Washtenaw,"City of Ann Arbor, Ward 1, Precinct 9",President,,DEM,Julian Castro,0
Washtenaw,"City of Ann Arbor, Ward 1, Precinct 9",President,,DEM,John Delaney,0
Washtenaw,"City of Ann Arbor, Ward 1, Precinct 9",President,,DEM,Tulsi Gabbard,2
Washtenaw,"City of Ann Arbor, Ward 1, Precinct 9",President,,DEM,Amy Klobuchar,2
Washtenaw,"City of Ann Arbor, Ward 1, Precinct 9",President,,DEM,Bernie Sanders,404
Washtenaw,"City of Ann Arbor, Ward 1, Precinct 9",President,,DEM,Joe Sestak,0
Washtenaw,"City of Ann Arbor, Ward 1, Precinct 9",President,,DEM,Tom Steyer,0
Washtenaw,"City of Ann Arbor, Ward 1, Precinct 9",President,,DEM,Elizabeth Warren,15
Washtenaw,"City of Ann Arbor, Ward 1, Precinct 9",President,,DEM,Marianne Williamson,0
Washtenaw,"City of Ann Arbor, Ward 1, Precinct 9",President,,DEM,Andrew Yang,0
Washtenaw,"City of Ann Arbor, Ward 1, Precinct 9",President,,DEM,Uncommitted,2
Washtenaw,"City of Ann Arbor, Ward 1, Precinct 9",President,,REP,Mark Sanford,0
Washtenaw,"City of Ann Arbor, Ward 1, Precinct 9",President,,REP,Donald J. Trump,12
Washtenaw,"City of Ann Arbor, Ward 1, Precinct 9",President,,REP,Joe Walsh,1
Washtenaw,"City of Ann Arbor, Ward 1, Precinct 9",President,,REP,Bill Weld,1
Washtenaw,"City of Ann Arbor, Ward 1, Precinct 9",President,,REP,Uncommitted,4
Washtenaw,"City of Ann Arbor, Ward 1, Precinct 9",Washtenaw Community College Millage Renewal and Restoration,,,Yes,588
Washtenaw,"City of Ann Arbor, Ward 1, Precinct 9",Washtenaw Community College Millage Renewal and Restoration,,,No,106
Washtenaw,"Manchester Township, Precinct 1",Registered Voters,,,,1830
Washtenaw,"Manchester Township, Precinct 1",Ballots Cast,,,,633
Washtenaw,"Manchester Township, Precinct 1",President,,DEM,Michael Bennet,1
Washtenaw,"Manchester Township, Precinct 1",President,,DEM,Joe Biden,218
Washtenaw,"Manchester Township, Precinct 1",President,,DEM,Michael R. Bloomberg,12
Washtenaw,"Manchester Township, Precinct 1",President,,DEM,Cory Booker,0
Washtenaw,"Manchester Township, Precinct 1",President,,DEM,Pete Buttigieg,8
Washtenaw,"Manchester Township, Precinct 1",President,,DEM,Julian Castro,0
Washtenaw,"Manchester Township, Precinct 1",President,,DEM,John Delaney,0
Washtenaw,"Manchester Township, Precinct 1",President,,DEM,Tulsi Gabbard,3
Washtenaw,"Manchester Township, Precinct 1",President,,DEM,Amy Klobuchar,2
Washtenaw,"Manchester Township, Precinct 1",President,,DEM,Bernie Sanders,200
Washtenaw,"Manchester Township, Precinct 1",President,,DEM,Joe Sestak,1
Washtenaw,"Manchester Township, Precinct 1",President,,DEM,Tom Steyer,0
Washtenaw,"Manchester Township, Precinct 1",President,,DEM,Elizabeth Warren,13
Washtenaw,"Manchester Township, Precinct 1",President,,DEM,Marianne Williamson,0
Washtenaw,"Manchester Township, Precinct 1",President,,DEM,Andrew Yang,0
Washtenaw,"Manchester Township, Precinct 1",President,,DEM,Uncommitted,3
Washtenaw,"Manchester Township, Precinct 1",President,,REP,Mark Sanford,1
Washtenaw,"Manchester Township, Precinct 1",President,,REP,Donald J. Trump,149
Washtenaw,"Manchester Township, Precinct 1",President,,REP,Joe Walsh,0
Washtenaw,"Manchester Township, Precinct 1",President,,REP,Bill Weld,3
Washtenaw,"Manchester Township, Precinct 1",President,,REP,Uncommitted,3
Washtenaw,"Manchester Township, Precinct 1",Washtenaw Community College Millage Renewal and Restoration,,,Yes,422
Washtenaw,"Manchester Township, Precinct 1",Washtenaw Community College Millage Renewal and Restoration,,,No,191
Washtenaw,"Manchester Township, Precinct 2",Registered Voters,,,,2136
Washtenaw,"Manchester Township, Precinct 2",Ballots Cast,,,,676
Washtenaw,"Manchester Township, Precinct 2",President,,DEM,Michael Bennet,0
Washtenaw,"Manchester Township, Precinct 2",President,,DEM,Joe Biden,242
Washtenaw,"Manchester Township, Precinct 2",President,,DEM,Michael R. Bloomberg,18
Washtenaw,"Manchester Township, Precinct 2",President,,DEM,Cory Booker,0
Washtenaw,"Manchester Township, Precinct 2",President,,DEM,Pete Buttigieg,5
Washtenaw,"Manchester Township, Precinct 2",President,,DEM,Julian Castro,0
Washtenaw,"Manchester Township, Precinct 2",President,,DEM,John Delaney,0
Washtenaw,"Manchester Township, Precinct 2",President,,DEM,Tulsi Gabbard,6
Washtenaw,"Manchester Township, Precinct 2",President,,DEM,Amy Klobuchar,2
Washtenaw,"Manchester Township, Precinct 2",President,,DEM,Bernie Sanders,150
Washtenaw,"Manchester Township, Precinct 2",President,,DEM,Joe Sestak,0
Washtenaw,"Manchester Township, Precinct 2",President,,DEM,Tom Steyer,1
Washtenaw,"Manchester Township, Precinct 2",President,,DEM,Elizabeth Warren,7
Washtenaw,"Manchester Township, Precinct 2",President,,DEM,Marianne Williamson,0
Washtenaw,"Manchester Township, Precinct 2",President,,DEM,Andrew Yang,0
Washtenaw,"Manchester Township, Precinct 2",President,,DEM,Uncommitted,6
Washtenaw,"Manchester Township, Precinct 2",President,,REP,Mark Sanford,1
Washtenaw,"Manchester Township, Precinct 2",President,,REP,Donald J. Trump,200
Washtenaw,"Manchester Township, Precinct 2",President,,REP,Joe Walsh,3
Washtenaw,"Manchester Township, Precinct 2",President,,REP,Bill Weld,2
Washtenaw,"Manchester Township, Precinct 2",President,,REP,Uncommitted,9
Washtenaw,"Manchester Township, Precinct 2",Washtenaw Community College Millage Renewal and Restoration,,,Yes,395
Washtenaw,"Manchester Township, Precinct 2",Washtenaw Community College Millage Renewal and Restoration,,,No,271
Washtenaw,"Northfield Township, Precinct 1",Registered Voters,,,,2924
Washtenaw,"Northfield Township, Precinct 1",Ballots Cast,,,,985
Washtenaw,"Northfield Township, Precinct 1",President,,DEM,Michael Bennet,2
Washtenaw,"Northfield Township, Precinct 1",President,,DEM,Joe Biden,341
Washtenaw,"Northfield Township, Precinct 1",President,,DEM,Michael R. Bloomberg,20
Washtenaw,"Northfield Township, Precinct 1",President,,DEM,Cory Booker,1
Washtenaw,"Northfield Township, Precinct 1",President,,DEM,Pete Buttigieg,7
Washtenaw,"Northfield Township, Precinct 1",President,,DEM,Julian Castro,0
Washtenaw,"Northfield Township, Precinct 1",President,,DEM,John Delaney,0
Washtenaw,"Northfield Township, Precinct 1",President,,DEM,Tulsi Gabbard,4
Washtenaw,"Northfield Township, Precinct 1",President,,DEM,Amy Klobuchar,3
Washtenaw,"Northfield Township, Precinct 1",President,,DEM,Bernie Sanders,304
Washtenaw,"Northfield Township, Precinct 1",President,,DEM,Joe Sestak,0
Washtenaw,"Northfield Township, Precinct 1",President,,DEM,Tom Steyer,2
Washtenaw,"Northfield Township, Precinct 1",President,,DEM,Elizabeth Warren,12
Washtenaw,"Northfield Township, Precinct 1",President,,DEM,Marianne Williamson,2
Washtenaw,"Northfield Township, Precinct 1",President,,DEM,Andrew Yang,0
Washtenaw,"Northfield Township, Precinct 1",President,,DEM,Uncommitted,10
Washtenaw,"Northfield Township, Precinct 1",President,,REP,Mark Sanford,1
Washtenaw,"Northfield Township, Precinct 1",President,,REP,Donald J. Trump,232
Washtenaw,"Northfield Township, Precinct 1",President,,REP,Joe Walsh,4
Washtenaw,"Northfield Township, Precinct 1",President,,REP,Bill Weld,5
Washtenaw,"Northfield Township, Precinct 1",President,,REP,Uncommitted,12
Washtenaw,"Northfield Township, Precinct 1",Washtenaw Community College Millage Renewal and Restoration,,,Yes,564
Washtenaw,"Northfield Township, Precinct 1",Washtenaw Community College Millage Renewal and Restoration,,,No,319
Washtenaw,"Northfield Township, Precinct 2",Registered Voters,,,,2049
Washtenaw,"Northfield Township, Precinct 2",Ballots Cast,,,,779
Washtenaw,"Northfield Township, Precinct 2",President,,DEM,Michael Bennet,1
Washtenaw,"Northfield Township, Precinct 2",President,,DEM,Joe Biden,277
Washtenaw,"Northfield Township, Precinct 2",President,,DEM,Michael R. Bloomberg,7
Washtenaw,"Northfield Township, Precinct 2",President,,DEM,Cory Booker,0
Washtenaw,"Northfield Township, Precinct 2",President,,DEM,Pete Buttigieg,7
Washtenaw,"Northfield Township, Precinct 2",President,,DEM,Julian Castro,0
Washtenaw,"Northfield Township, Precinct 2",President,,DEM,John Delaney,0
Washtenaw,"Northfield Township, Precinct 2",President,,DEM,Tulsi Gabbard,7
Washtenaw,"Northfield Township, Precinct 2",President,,DEM,Amy Klobuchar,1
Washtenaw,"Northfield Township, Precinct 2",President,,DEM,Bernie Sanders,196
Washtenaw,"Northfield Township, Precinct 2",President,,DEM,Joe Sestak,0
Washtenaw,"Northfield Township, Precinct 2",President,,DEM,Tom Steyer,0
Washtenaw,"Northfield Township, Precinct 2",President,,DEM,Elizabeth Warren,11
Washtenaw,"Northfield Township, Precinct 2",President,,DEM,Marianne Williamson,1
Washtenaw,"Northfield Township, Precinct 2",President,,DEM,Andrew Yang,0
Washtenaw,"Northfield Township, Precinct 2",President,,DEM,Uncommitted,5
Washtenaw,"Northfield Township, Precinct 2",President,,REP,Mark Sanford,3
Washtenaw,"Northfield Township, Precinct 2",President,,REP,Donald J. Trump,224
Washtenaw,"Northfield Township, Precinct 2",President,,REP,Joe Walsh,1
Washtenaw,"Northfield Township, Precinct 2",President,,REP,Bill Weld,2
Washtenaw,"Northfield Township, Precinct 2",President,,REP,Uncommitted,19
Washtenaw,"Northfield Township, Precinct 2",Washtenaw Community College Millage Renewal and Restoration,,,Yes,303
Washtenaw,"Northfield Township, Precinct 2",Washtenaw Community College Millage Renewal and Restoration,,,No,213
Washtenaw,"Northfield Township, Precinct 3",Registered Voters,,,,1922
Washtenaw,"Northfield Township, Precinct 3",Ballots Cast,,,,524
Washtenaw,"Northfield Township, Precinct 3",President,,DEM,Michael Bennet,0
Washtenaw,"Northfield Township, Precinct 3",President,,DEM,Joe Biden,141
Washtenaw,"Northfield Township, Precinct 3",President,,DEM,Michael R. Bloomberg,12
Washtenaw,"Northfield Township, Precinct 3",President,,DEM,Cory Booker,0
Washtenaw,"Northfield Township, Precinct 3",President,,DEM,Pete Buttigieg,2
Washtenaw,"Northfield Township, Precinct 3",President,,DEM,Julian Castro,0
Washtenaw,"Northfield Township, Precinct 3",President,,DEM,John Delaney,0
Washtenaw,"Northfield Township, Precinct 3",President,,DEM,Tulsi Gabbard,2
Washtenaw,"Northfield Township, Precinct 3",President,,DEM,Amy Klobuchar,4
Washtenaw,"Northfield Township, Precinct 3",President,,DEM,Bernie Sanders,188
Washtenaw,"Northfield Township, Precinct 3",President,,DEM,Joe Sestak,0
Washtenaw,"Northfield Township, Precinct 3",President,,DEM,Tom Steyer,1
Washtenaw,"Northfield Township, Precinct 3",President,,DEM,Elizabeth Warren,8
Washtenaw,"Northfield Township, Precinct 3",President,,DEM,Marianne Williamson,0
Washtenaw,"Northfield Township, Precinct 3",President,,DEM,Andrew Yang,1
Washtenaw,"Northfield Township, Precinct 3",President,,DEM,Uncommitted,4
Washtenaw,"Northfield Township, Precinct 3",President,,REP,Mark Sanford,0
Washtenaw,"Northfield Township, Precinct 3",President,,REP,Donald J. Trump,146
Washtenaw,"Northfield Township, Precinct 3",President,,REP,Joe Walsh,0
Washtenaw,"Northfield Township, Precinct 3",President,,REP,Bill Weld,2
Washtenaw,"Northfield Township, Precinct 3",President,,REP,Uncommitted,3
Washtenaw,"Northfield Township, Precinct 3",Washtenaw Community College Millage Renewal and Restoration,,,Yes,319
Washtenaw,"Northfield Township, Precinct 3",Washtenaw Community College Millage Renewal and Restoration,,,No,189
Washtenaw,"Pittsfield Charter Township, Precinct 1",Registered Voters,,,,2026
Washtenaw,"Pittsfield Charter Township, Precinct 1",Ballots Cast,,,,840
Washtenaw,"Pittsfield Charter Township, Precinct 1",President,,DEM,Michael Bennet,0
Washtenaw,"Pittsfield Charter Township, Precinct 1",President,,DEM,Joe Biden,330
Washtenaw,"Pittsfield Charter Township, Precinct 1",President,,DEM,Michael R. Bloomberg,7
Washtenaw,"Pittsfield Charter Township, Precinct 1",President,,DEM,Cory Booker,0
Washtenaw,"Pittsfield Charter Township, Precinct 1",President,,DEM,Pete Buttigieg,8
Washtenaw,"Pittsfield Charter Township, Precinct 1",President,,DEM,Julian Castro,0
Washtenaw,"Pittsfield Charter Township, Precinct 1",President,,DEM,John Delaney,0
Washtenaw,"Pittsfield Charter Township, Precinct 1",President,,DEM,Tulsi Gabbard,5
Washtenaw,"Pittsfield Charter Township, Precinct 1",President,,DEM,Amy Klobuchar,3
Washtenaw,"Pittsfield Charter Township, Precinct 1",President,,DEM,Bernie Sanders,360
Washtenaw,"Pittsfield Charter Township, Precinct 1",President,,DEM,Joe Sestak,0
Washtenaw,"Pittsfield Charter Township, Precinct 1",President,,DEM,Tom Steyer,0
Washtenaw,"Pittsfield Charter Township, Precinct 1",President,,DEM,Elizabeth Warren,16
Washtenaw,"Pittsfield Charter Township, Precinct 1",President,,DEM,Marianne Williamson,0
Washtenaw,"Pittsfield Charter Township, Precinct 1",President,,DEM,Andrew Yang,4
Washtenaw,"Pittsfield Charter Township, Precinct 1",President,,DEM,Uncommitted,6
Washtenaw,"Pittsfield Charter Township, Precinct 1",President,,REP,Mark Sanford,0
Washtenaw,"Pittsfield Charter Township, Precinct 1",President,,REP,Donald J. Trump,75
Washtenaw,"Pittsfield Charter Township, Precinct 1",President,,REP,Joe Walsh,0
Washtenaw,"Pittsfield Charter Township, Precinct 1",President,,REP,Bill Weld,5
Washtenaw,"Pittsfield Charter Township, Precinct 1",President,,REP,Uncommitted,8
Washtenaw,"Pittsfield Charter Township, Precinct 1",Washtenaw Community College Millage Renewal and Restoration,,,Yes,644
Washtenaw,"Pittsfield Charter Township, Precinct 1",Washtenaw Community College Millage Renewal and Restoration,,,No,162
Washtenaw,"Pittsfield Charter Township, Precinct 2",Registered Voters,,,,1815
Washtenaw,"Pittsfield Charter Township, Precinct 2",Ballots Cast,,,,803
Washtenaw,"Pittsfield Charter Township, Precinct 2",President,,DEM,Michael Bennet,1
Washtenaw,"Pittsfield Charter Township, Precinct 2",President,,DEM,Joe Biden,242
Washtenaw,"Pittsfield Charter Township, Precinct 2",President,,DEM,Michael R. Bloomberg,15
Washtenaw,"Pittsfield Charter Township, Precinct 2",President,,DEM,Cory Booker,0
Washtenaw,"Pittsfield Charter Township, Precinct 2",President,,DEM,Pete Buttigieg,4
Washtenaw,"Pittsfield Charter Township, Precinct 2",President,,DEM,Julian Castro,0
Washtenaw,"Pittsfield Charter Township, Precinct 2",President,,DEM,John Delaney,0
Washtenaw,"Pittsfield Charter Township, Precinct 2",President,,DEM,Tulsi Gabbard,2
Washtenaw,"Pittsfield Charter Township, Precinct 2",President,,DEM,Amy Klobuchar,5
Washtenaw,"Pittsfield Charter Township, Precinct 2",President,,DEM,Bernie Sanders,426
Washtenaw,"Pittsfield Charter Township, Precinct 2",President,,DEM,Joe Sestak,1
Washtenaw,"Pittsfield Charter Township, Precinct 2",President,,DEM,Tom Steyer,1
Washtenaw,"Pittsfield Charter Township, Precinct 2",President,,DEM,Elizabeth Warren,25
Washtenaw,"Pittsfield Charter Township, Precinct 2",President,,DEM,Marianne Williamson,0
Washtenaw,"Pittsfield Charter Township, Precinct 2",President,,DEM,Andrew Yang,4
Washtenaw,"Pittsfield Charter Township, Precinct 2",President,,DEM,Uncommitted,4
Washtenaw,"Pittsfield Charter Township, Precinct 2",President,,REP,Mark Sanford,1
Washtenaw,"Pittsfield Charter Township, Precinct 2",President,,REP,Donald J. Trump,62
Washtenaw,"Pittsfield Charter Township, Precinct 2",President,,REP,Joe Walsh,0
Washtenaw,"Pittsfield Charter Township, Precinct 2",President,,REP,Bill Weld,2
Washtenaw,"Pittsfield Charter Township, Precinct 2",President,,REP,Uncommitted,1
Washtenaw,"Pittsfield Charter Township, Precinct 2",Washtenaw Community College Millage Renewal and Restoration,,,Yes,639
Washtenaw,"Pittsfield Charter Township, Precinct 2",Washtenaw Community College Millage Renewal and Restoration,,,No,134
Washtenaw,"Pittsfield Charter Township, Precinct 3",Registered Voters,,,,2067
Washtenaw,"Pittsfield Charter Township, Precinct 3",Ballots Cast,,,,972
Washtenaw,"Pittsfield Charter Township, Precinct 3",President,,DEM,Michael Bennet,1
Washtenaw,"Pittsfield Charter Township, Precinct 3",President,,DEM,Joe Biden,399
Washtenaw,"Pittsfield Charter Township, Precinct 3",President,,DEM,Michael R. Bloomberg,10
Washtenaw,"Pittsfield Charter Township, Precinct 3",President,,DEM,Cory Booker,0
Washtenaw,"Pittsfield Charter Township, Precinct 3",President,,DEM,Pete Buttigieg,8
Washtenaw,"Pittsfield Charter Township, Precinct 3",President,,DEM,Julian Castro,0
Washtenaw,"Pittsfield Charter Township, Precinct 3",President,,DEM,John Delaney,0
Washtenaw,"Pittsfield Charter Township, Precinct 3",President,,DEM,Tulsi Gabbard,0
Washtenaw,"Pittsfield Charter Township, Precinct 3",President,,DEM,Amy Klobuchar,2
Washtenaw,"Pittsfield Charter Township, Precinct 3",President,,DEM,Bernie Sanders,434
Washtenaw,"Pittsfield Charter Township, Precinct 3",President,,DEM,Joe Sestak,3
Washtenaw,"Pittsfield Charter Township, Precinct 3",President,,DEM,Tom Steyer,0
Washtenaw,"Pittsfield Charter Township, Precinct 3",President,,DEM,Elizabeth Warren,26
Washtenaw,"Pittsfield Charter Township, Precinct 3",President,,DEM,Marianne Williamson,0
Washtenaw,"Pittsfield Charter Township, Precinct 3",President,,DEM,Andrew Yang,1
Washtenaw,"Pittsfield Charter Township, Precinct 3",President,,DEM,Uncommitted,7
Washtenaw,"Pittsfield Charter Township, Precinct 3",President,,REP,Mark Sanford,1
Washtenaw,"Pittsfield Charter Township, Precinct 3",President,,REP,Donald J. Trump,71
Washtenaw,"Pittsfield Charter Township, Precinct 3",President,,REP,Joe Walsh,1
Washtenaw,"Pittsfield Charter Township, Precinct 3",President,,REP,Bill Weld,1
Washtenaw,"Pittsfield Charter Township, Precinct 3",President,,REP,Uncommitted,1
Washtenaw,"Pittsfield Charter Township, Precinct 3",Washtenaw Community College Millage Renewal and Restoration,,,Yes,710
Washtenaw,"Pittsfield Charter Township, Precinct 3",Washtenaw Community College Millage Renewal and Restoration,,,No,232
