county,precinct,office,district,party,candidate,votes
Roscommon,"Au Sable Township, Precinct 1",Registered Voters,,,,251
Roscommon,"Backus Township, Precinct 1",Registered Voters,,,,302
Roscommon,"Denton Township, Precinct 1",Registered Voters,,,,2949
Roscommon,"Denton Township, Precinct 2",Registered Voters,,,,2513
Roscommon,"Gerrish Township, Precinct 1",Registered Voters,,,,2925
Roscommon,"Higgins Township, Precinct 1",Registered Voters,,,,1806
Roscommon,"Lake Township, Precinct 1",Registered Voters,,,,1218
Roscommon,"Lyon Township, Precinct 1",Registered Voters,,,,1466
Roscommon,"Markey Township, Precinct 1",Registered Voters,,,,2413
Roscommon,"Nester Township, Precinct 1",Registered Voters,,,,276
Roscommon,"Richfield Township, Precinct 1",Registered Voters,,,,3685
Roscommon,"Roscommon Township, Precinct 1",Registered Voters,,,,2255
Roscommon,"Roscommon Township, Precinct 2",Registered Voters,,,,1859
Roscommon,"Au Sable Township, Precinct 1",U.S. Senate,,DEM,HILL HARPER,4
Roscommon,"Au Sable Township, Precinct 1",U.S. Senate,,DEM,ELISSA SLOTKIN,24
Roscommon,"Au Sable Township, Precinct 1",U.S. Senate,,DEM,Write-In,0
Roscommon,"Au Sable Township, Precinct 1",U.S. Senate,,DEM,Ballots Cast,28
Roscommon,"Backus Township, Precinct 1",U.S. Senate,,DEM,HILL HARPER,2
Roscommon,"Backus Township, Precinct 1",U.S. Senate,,DEM,ELISSA SLOTKIN,20
Roscommon,"Backus Township, Precinct 1",U.S. Senate,,DEM,Write-In,0
Roscommon,"Backus Township, Precinct 1",U.S. Senate,,DEM,Ballots Cast,22
Roscommon,"Denton Township, Precinct 1",U.S. Senate,,DEM,HILL HARPER,50
Roscommon,"Denton Township, Precinct 1",U.S. Senate,,DEM,ELISSA SLOTKIN,217
Roscommon,"Denton Township, Precinct 1",U.S. Senate,,DEM,Write-In,2
Roscommon,"Denton Township, Precinct 1",U.S. Senate,,DEM,Ballots Cast,267
Roscommon,"Denton Township, Precinct 2",U.S. Senate,,DEM,HILL HARPER,24
Roscommon,"Denton Township, Precinct 2",U.S. Senate,,DEM,ELISSA SLOTKIN,154
Roscommon,"Denton Township, Precinct 2",U.S. Senate,,DEM,Write-In,0
Roscommon,"Denton Township, Precinct 2",U.S. Senate,,DEM,Ballots Cast,178
Roscommon,"Gerrish Township, Precinct 1",U.S. Senate,,DEM,HILL HARPER,25
Roscommon,"Gerrish Township, Precinct 1",U.S. Senate,,DEM,ELISSA SLOTKIN,239
Roscommon,"Gerrish Township, Precinct 1",U.S. Senate,,DEM,Write-In,0
Roscommon,"Gerrish Township, Precinct 1",U.S. Senate,,DEM,Ballots Cast,264
Roscommon,"Higgins Township, Precinct 1",U.S. Senate,,DEM,HILL HARPER,13
Roscommon,"Higgins Township, Precinct 1",U.S. Senate,,DEM,ELISSA SLOTKIN,99
Roscommon,"Higgins Township, Precinct 1",U.S. Senate,,DEM,Write-In,0
Roscommon,"Higgins Township, Precinct 1",U.S. Senate,,DEM,Ballots Cast,112
Roscommon,"Lake Township, Precinct 1",U.S. Senate,,DEM,HILL HARPER,8
Roscommon,"Lake Township, Precinct 1",U.S. Senate,,DEM,ELISSA SLOTKIN,104
Roscommon,"Lake Township, Precinct 1",U.S. Senate,,DEM,Write-In,0
Roscommon,"Lake Township, Precinct 1",U.S. Senate,,DEM,Ballots Cast,112
Roscommon,"Lyon Township, Precinct 1",U.S. Senate,,DEM,HILL HARPER,6
Roscommon,"Lyon Township, Precinct 1",U.S. Senate,,DEM,ELISSA SLOTKIN,65
Roscommon,"Lyon Township, Precinct 1",U.S. Senate,,DEM,Write-In,0
Roscommon,"Lyon Township, Precinct 1",U.S. Senate,,DEM,Ballots Cast,71
Roscommon,"Markey Township, Precinct 1",U.S. Senate,,DEM,HILL HARPER,33
Roscommon,"Markey Township, Precinct 1",U.S. Senate,,DEM,ELISSA SLOTKIN,189
Roscommon,"Markey Township, Precinct 1",U.S. Senate,,DEM,Write-In,1
Roscommon,"Markey Township, Precinct 1",U.S. Senate,,DEM,Ballots Cast,222
Roscommon,"Nester Township, Precinct 1",U.S. Senate,,DEM,HILL HARPER,6
Roscommon,"Nester Township, Precinct 1",U.S. Senate,,DEM,ELISSA SLOTKIN,31
Roscommon,"Nester Township, Precinct 1",U.S. Senate,,DEM,Write-In,0
Roscommon,"Nester Township, Precinct 1",U.S. Senate,,DEM,Ballots Cast,37
Roscommon,"Richfield Township, Precinct 1",U.S. Senate,,DEM,HILL HARPER,63
Roscommon,"Richfield Township, Precinct 1",U.S. Senate,,DEM,ELISSA SLOTKIN,225
Roscommon,"Richfield Township, Precinct 1",U.S. Senate,,DEM,Write-In,1
Roscommon,"Richfield Township, Precinct 1",U.S. Senate,,DEM,Ballots Cast,288
Roscommon,"Roscommon Township, Precinct 1",U.S. Senate,,DEM,HILL HARPER,15
Roscommon,"Roscommon Township, Precinct 1",U.S. Senate,,DEM,ELISSA SLOTKIN,138
Roscommon,"Roscommon Township, Precinct 1",U.S. Senate,,DEM,Write-In,0
Roscommon,"Roscommon Township, Precinct 1",U.S. Senate,,DEM,Ballots Cast,153
Roscommon,"Roscommon Township, Precinct 2",U.S. Senate,,DEM,HILL HARPER,23
Roscommon,"Roscommon Township, Precinct 2",U.S. Senate,,DEM,ELISSA SLOTKIN,112
Roscommon,"Roscommon Township, Precinct 2",U.S. Senate,,DEM,Write-In,0
Roscommon,"Roscommon Township, Precinct 2",U.S. Senate,,DEM,Ballots Cast,135
Roscommon,"Au Sable Township, Precinct 1",U.S. House,1,DEM,CALLIE BARR,15
Roscommon,"Au Sable Township, Precinct 1",U.S. House,1,DEM,BOB LORINSER,10
Roscommon,"Au Sable Township, Precinct 1",U.S. House,1,DEM,Write-In,0
Roscommon,"Au Sable Township, Precinct 1",U.S. House,1,DEM,Ballots Cast,25
Roscommon,"Backus Township, Precinct 1",U.S. House,1,DEM,CALLIE BARR,13
Roscommon,"Backus Township, Precinct 1",U.S. House,1,DEM,BOB LORINSER,7
Roscommon,"Backus Township, Precinct 1",U.S. House,1,DEM,Write-In,0
Roscommon,"Backus Township, Precinct 1",U.S. House,1,DEM,Ballots Cast,20
Roscommon,"Denton Township, Precinct 1",U.S. House,1,DEM,CALLIE BARR,180
Roscommon,"Denton Township, Precinct 1",U.S. House,1,DEM,BOB LORINSER,83
Roscommon,"Denton Township, Precinct 1",U.S. House,1,DEM,Write-In,0
Roscommon,"Denton Township, Precinct 1",U.S. House,1,DEM,Ballots Cast,263
Roscommon,"Denton Township, Precinct 2",U.S. House,1,DEM,CALLIE BARR,119
Roscommon,"Denton Township, Precinct 2",U.S. House,1,DEM,BOB LORINSER,52
Roscommon,"Denton Township, Precinct 2",U.S. House,1,DEM,Write-In,0
Roscommon,"Denton Township, Precinct 2",U.S. House,1,DEM,Ballots Cast,171
Roscommon,"Gerrish Township, Precinct 1",U.S. House,1,DEM,CALLIE BARR,166
Roscommon,"Gerrish Township, Precinct 1",U.S. House,1,DEM,BOB LORINSER,85
Roscommon,"Gerrish Township, Precinct 1",U.S. House,1,DEM,Write-In,0
Roscommon,"Gerrish Township, Precinct 1",U.S. House,1,DEM,Ballots Cast,251
Roscommon,"Higgins Township, Precinct 1",U.S. House,1,DEM,CALLIE BARR,63
Roscommon,"Higgins Township, Precinct 1",U.S. House,1,DEM,BOB LORINSER,44
Roscommon,"Higgins Township, Precinct 1",U.S. House,1,DEM,Write-In,0
Roscommon,"Higgins Township, Precinct 1",U.S. House,1,DEM,Ballots Cast,107
Roscommon,"Lake Township, Precinct 1",U.S. House,1,DEM,CALLIE BARR,94
Roscommon,"Lake Township, Precinct 1",U.S. House,1,DEM,BOB LORINSER,15
Roscommon,"Lake Township, Precinct 1",U.S. House,1,DEM,Write-In,0
Roscommon,"Lake Township, Precinct 1",U.S. House,1,DEM,Ballots Cast,109
Roscommon,"Lyon Township, Precinct 1",U.S. House,1,DEM,CALLIE BARR,39
Roscommon,"Lyon Township, Precinct 1",U.S. House,1,DEM,BOB LORINSER,32
Roscommon,"Lyon Township, Precinct 1",U.S. House,1,DEM,Write-In,0
Roscommon,"Lyon Township, Precinct 1",U.S. House,1,DEM,Ballots Cast,71
Roscommon,"Markey Township, Precinct 1",U.S. House,1,DEM,CALLIE BARR,145
Roscommon,"Markey Township, Precinct 1",U.S. House,1,DEM,BOB LORINSER,69
Roscommon,"Markey Township, Precinct 1",U.S. House,1,DEM,Write-In,1
Roscommon,"Markey Township, Precinct 1",U.S. House,1,DEM,Ballots Cast,214
Roscommon,"Nester Township, Precinct 1",U.S. House,1,DEM,CALLIE BARR,18
Roscommon,"Nester Township, Precinct 1",U.S. House,1,DEM,BOB LORINSER,18
Roscommon,"Nester Township, Precinct 1",U.S. House,1,DEM,Write-In,0
Roscommon,"Nester Township, Precinct 1",U.S. House,1,DEM,Ballots Cast,36
Roscommon,"Richfield Township, Precinct 1",U.S. House,1,DEM,CALLIE BARR,177
Roscommon,"Richfield Township, Precinct 1",U.S. House,1,DEM,BOB LORINSER,100
Roscommon,"Richfield Township, Precinct 1",U.S. House,1,DEM,Write-In,0
Roscommon,"Richfield Township, Precinct 1",U.S. House,1,DEM,Ballots Cast,277
Roscommon,"Roscommon Township, Precinct 1",U.S. House,1,DEM,CALLIE BARR,111
Roscommon,"Roscommon Township, Precinct 1",U.S. House,1,DEM,BOB LORINSER,36
Roscommon,"Roscommon Township, Precinct 1",U.S. House,1,DEM,Write-In,0
Roscommon,"Roscommon Township, Precinct 1",U.S. House,1,DEM,Ballots Cast,147
Roscommon,"Roscommon Township, Precinct 2",U.S. House,1,DEM,CALLIE BARR,84
Roscommon,"Roscommon Township, Precinct 2",U.S. House,1,DEM,BOB LORINSER,44
Roscommon,"Roscommon Township, Precinct 2",U.S. House,1,DEM,Write-In,0
Roscommon,"Roscommon Township, Precinct 2",U.S. House,1,DEM,Ballots Cast,128
Roscommon,"Au Sable Township, Precinct 1",State House,105,DEM,JAMES WOJEY,27
Roscommon,"Au Sable Township, Precinct 1",State House,105,DEM,Write-In,1
Roscommon,"Au Sable Township, Precinct 1",State House,105,DEM,Ballots Cast,27
Roscommon,"Backus Township, Precinct 1",State House,105,DEM,JAMES WOJEY,22
Roscommon,"Backus Township, Precinct 1",State House,105,DEM,Write-In,0
Roscommon,"Backus Township, Precinct 1",State House,105,DEM,Ballots Cast,22
Roscommon,"Denton Township, Precinct 1",State House,105,DEM,JAMES WOJEY,239
Roscommon,"Denton Township, Precinct 1",State House,105,DEM,Write-In,0
Roscommon,"Denton Township, Precinct 1",State House,105,DEM,Ballots Cast,239
Roscommon,"Denton Township, Precinct 2",State House,105,DEM,JAMES WOJEY,155
Roscommon,"Denton Township, Precinct 2",State House,105,DEM,Write-In,0
Roscommon,"Denton Township, Precinct 2",State House,105,DEM,Ballots Cast,155
Roscommon,"Gerrish Township, Precinct 1",State House,105,DEM,JAMES WOJEY,238
Roscommon,"Gerrish Township, Precinct 1",State House,105,DEM,Write-In,0
Roscommon,"Gerrish Township, Precinct 1",State House,105,DEM,Ballots Cast,238
Roscommon,"Higgins Township, Precinct 1",State House,105,DEM,JAMES WOJEY,89
Roscommon,"Higgins Township, Precinct 1",State House,105,DEM,Write-In,0
Roscommon,"Higgins Township, Precinct 1",State House,105,DEM,Ballots Cast,89
Roscommon,"Lake Township, Precinct 1",State House,105,DEM,JAMES WOJEY,92
Roscommon,"Lake Township, Precinct 1",State House,105,DEM,Write-In,1
Roscommon,"Lake Township, Precinct 1",State House,105,DEM,Ballots Cast,92
Roscommon,"Lyon Township, Precinct 1",State House,105,DEM,JAMES WOJEY,69
Roscommon,"Lyon Township, Precinct 1",State House,105,DEM,Write-In,0
Roscommon,"Lyon Township, Precinct 1",State House,105,DEM,Ballots Cast,69
Roscommon,"Markey Township, Precinct 1",State House,105,DEM,JAMES WOJEY,208
Roscommon,"Markey Township, Precinct 1",State House,105,DEM,Write-In,1
Roscommon,"Markey Township, Precinct 1",State House,105,DEM,Ballots Cast,208
Roscommon,"Nester Township, Precinct 1",State House,105,DEM,JAMES WOJEY,30
Roscommon,"Nester Township, Precinct 1",State House,105,DEM,Write-In,0
Roscommon,"Nester Township, Precinct 1",State House,105,DEM,Ballots Cast,30
Roscommon,"Richfield Township, Precinct 1",State House,105,DEM,JAMES WOJEY,259
Roscommon,"Richfield Township, Precinct 1",State House,105,DEM,Write-In,0
Roscommon,"Richfield Township, Precinct 1",State House,105,DEM,Ballots Cast,259
Roscommon,"Roscommon Township, Precinct 1",State House,105,DEM,JAMES WOJEY,130
Roscommon,"Roscommon Township, Precinct 1",State House,105,DEM,Write-In,1
Roscommon,"Roscommon Township, Precinct 1",State House,105,DEM,Ballots Cast,130
Roscommon,"Roscommon Township, Precinct 2",State House,105,DEM,JAMES WOJEY,118
Roscommon,"Roscommon Township, Precinct 2",State House,105,DEM,Write-In,1
Roscommon,"Roscommon Township, Precinct 2",State House,105,DEM,Ballots Cast,118
Roscommon,"Au Sable Township, Precinct 1",County Prosecuting Attorney,,DEM,Write-In,3
Roscommon,"Au Sable Township, Precinct 1",County Prosecuting Attorney,,DEM,Ballots Cast,0
Roscommon,"Backus Township, Precinct 1",County Prosecuting Attorney,,DEM,Write-In,1
Roscommon,"Backus Township, Precinct 1",County Prosecuting Attorney,,DEM,Ballots Cast,0
Roscommon,"Denton Township, Precinct 1",County Prosecuting Attorney,,DEM,Write-In,30
Roscommon,"Denton Township, Precinct 1",County Prosecuting Attorney,,DEM,Ballots Cast,0
Roscommon,"Denton Township, Precinct 2",County Prosecuting Attorney,,DEM,Write-In,25
Roscommon,"Denton Township, Precinct 2",County Prosecuting Attorney,,DEM,Ballots Cast,0
Roscommon,"Gerrish Township, Precinct 1",County Prosecuting Attorney,,DEM,Write-In,23
Roscommon,"Gerrish Township, Precinct 1",County Prosecuting Attorney,,DEM,Ballots Cast,0
Roscommon,"Higgins Township, Precinct 1",County Prosecuting Attorney,,DEM,Write-In,10
Roscommon,"Higgins Township, Precinct 1",County Prosecuting Attorney,,DEM,Ballots Cast,0
Roscommon,"Lake Township, Precinct 1",County Prosecuting Attorney,,DEM,Write-In,11
Roscommon,"Lake Township, Precinct 1",County Prosecuting Attorney,,DEM,Ballots Cast,0
Roscommon,"Lyon Township, Precinct 1",County Prosecuting Attorney,,DEM,Write-In,14
Roscommon,"Lyon Township, Precinct 1",County Prosecuting Attorney,,DEM,Ballots Cast,0
Roscommon,"Markey Township, Precinct 1",County Prosecuting Attorney,,DEM,Write-In,19
Roscommon,"Markey Township, Precinct 1",County Prosecuting Attorney,,DEM,Ballots Cast,0
Roscommon,"Nester Township, Precinct 1",County Prosecuting Attorney,,DEM,Write-In,6
Roscommon,"Nester Township, Precinct 1",County Prosecuting Attorney,,DEM,Ballots Cast,0
Roscommon,"Richfield Township, Precinct 1",County Prosecuting Attorney,,DEM,Write-In,43
Roscommon,"Richfield Township, Precinct 1",County Prosecuting Attorney,,DEM,Ballots Cast,0
Roscommon,"Roscommon Township, Precinct 1",County Prosecuting Attorney,,DEM,Write-In,13
Roscommon,"Roscommon Township, Precinct 1",County Prosecuting Attorney,,DEM,Ballots Cast,0
Roscommon,"Roscommon Township, Precinct 2",County Prosecuting Attorney,,DEM,Write-In,19
Roscommon,"Roscommon Township, Precinct 2",County Prosecuting Attorney,,DEM,Ballots Cast,0
Roscommon,"Au Sable Township, Precinct 1",County Sheriff,,DEM,Write-In,3
Roscommon,"Au Sable Township, Precinct 1",County Sheriff,,DEM,Ballots Cast,0
Roscommon,"Backus Township, Precinct 1",County Sheriff,,DEM,Write-In,1
Roscommon,"Backus Township, Precinct 1",County Sheriff,,DEM,Ballots Cast,0
Roscommon,"Denton Township, Precinct 1",County Sheriff,,DEM,Write-In,30
Roscommon,"Denton Township, Precinct 1",County Sheriff,,DEM,Ballots Cast,0
Roscommon,"Denton Township, Precinct 2",County Sheriff,,DEM,Write-In,24
Roscommon,"Denton Township, Precinct 2",County Sheriff,,DEM,Ballots Cast,0
Roscommon,"Gerrish Township, Precinct 1",County Sheriff,,DEM,Write-In,20
Roscommon,"Gerrish Township, Precinct 1",County Sheriff,,DEM,Ballots Cast,0
Roscommon,"Higgins Township, Precinct 1",County Sheriff,,DEM,Write-In,8
Roscommon,"Higgins Township, Precinct 1",County Sheriff,,DEM,Ballots Cast,0
Roscommon,"Lake Township, Precinct 1",County Sheriff,,DEM,Write-In,10
Roscommon,"Lake Township, Precinct 1",County Sheriff,,DEM,Ballots Cast,0
Roscommon,"Lyon Township, Precinct 1",County Sheriff,,DEM,Write-In,13
Roscommon,"Lyon Township, Precinct 1",County Sheriff,,DEM,Ballots Cast,0
Roscommon,"Markey Township, Precinct 1",County Sheriff,,DEM,Write-In,21
Roscommon,"Markey Township, Precinct 1",County Sheriff,,DEM,Ballots Cast,0
Roscommon,"Nester Township, Precinct 1",County Sheriff,,DEM,Write-In,5
Roscommon,"Nester Township, Precinct 1",County Sheriff,,DEM,Ballots Cast,0
Roscommon,"Richfield Township, Precinct 1",County Sheriff,,DEM,Write-In,43
Roscommon,"Richfield Township, Precinct 1",County Sheriff,,DEM,Ballots Cast,0
Roscommon,"Roscommon Township, Precinct 1",County Sheriff,,DEM,Write-In,15
Roscommon,"Roscommon Township, Precinct 1",County Sheriff,,DEM,Ballots Cast,0
Roscommon,"Roscommon Township, Precinct 2",County Sheriff,,DEM,Write-In,19
Roscommon,"Roscommon Township, Precinct 2",County Sheriff,,DEM,Ballots Cast,0
Roscommon,"Au Sable Township, Precinct 1",County Clerk and Register of Deeds,,DEM,Write-In,3
Roscommon,"Au Sable Township, Precinct 1",County Clerk and Register of Deeds,,DEM,Ballots Cast,0
Roscommon,"Backus Township, Precinct 1",County Clerk and Register of Deeds,,DEM,Write-In,1
Roscommon,"Backus Township, Precinct 1",County Clerk and Register of Deeds,,DEM,Ballots Cast,0
Roscommon,"Denton Township, Precinct 1",County Clerk and Register of Deeds,,DEM,Write-In,26
Roscommon,"Denton Township, Precinct 1",County Clerk and Register of Deeds,,DEM,Ballots Cast,0
Roscommon,"Denton Township, Precinct 2",County Clerk and Register of Deeds,,DEM,Write-In,23
Roscommon,"Denton Township, Precinct 2",County Clerk and Register of Deeds,,DEM,Ballots Cast,0
Roscommon,"Gerrish Township, Precinct 1",County Clerk and Register of Deeds,,DEM,Write-In,20
Roscommon,"Gerrish Township, Precinct 1",County Clerk and Register of Deeds,,DEM,Ballots Cast,0
Roscommon,"Higgins Township, Precinct 1",County Clerk and Register of Deeds,,DEM,Write-In,8
Roscommon,"Higgins Township, Precinct 1",County Clerk and Register of Deeds,,DEM,Ballots Cast,0
Roscommon,"Lake Township, Precinct 1",County Clerk and Register of Deeds,,DEM,Write-In,10
Roscommon,"Lake Township, Precinct 1",County Clerk and Register of Deeds,,DEM,Ballots Cast,0
Roscommon,"Lyon Township, Precinct 1",County Clerk and Register of Deeds,,DEM,Write-In,13
Roscommon,"Lyon Township, Precinct 1",County Clerk and Register of Deeds,,DEM,Ballots Cast,0
Roscommon,"Markey Township, Precinct 1",County Clerk and Register of Deeds,,DEM,Write-In,19
Roscommon,"Markey Township, Precinct 1",County Clerk and Register of Deeds,,DEM,Ballots Cast,0
Roscommon,"Nester Township, Precinct 1",County Clerk and Register of Deeds,,DEM,Write-In,6
Roscommon,"Nester Township, Precinct 1",County Clerk and Register of Deeds,,DEM,Ballots Cast,0
Roscommon,"Richfield Township, Precinct 1",County Clerk and Register of Deeds,,DEM,Write-In,42
Roscommon,"Richfield Township, Precinct 1",County Clerk and Register of Deeds,,DEM,Ballots Cast,0
Roscommon,"Roscommon Township, Precinct 1",County Clerk and Register of Deeds,,DEM,Write-In,15
Roscommon,"Roscommon Township, Precinct 1",County Clerk and Register of Deeds,,DEM,Ballots Cast,0
Roscommon,"Roscommon Township, Precinct 2",County Clerk and Register of Deeds,,DEM,Write-In,17
Roscommon,"Roscommon Township, Precinct 2",County Clerk and Register of Deeds,,DEM,Ballots Cast,0
Roscommon,"Au Sable Township, Precinct 1",County Treasurer,,DEM,Write-In,3
Roscommon,"Au Sable Township, Precinct 1",County Treasurer,,DEM,Ballots Cast,0
Roscommon,"Backus Township, Precinct 1",County Treasurer,,DEM,Write-In,1
Roscommon,"Backus Township, Precinct 1",County Treasurer,,DEM,Ballots Cast,0
Roscommon,"Denton Township, Precinct 1",County Treasurer,,DEM,Write-In,26
Roscommon,"Denton Township, Precinct 1",County Treasurer,,DEM,Ballots Cast,0
Roscommon,"Denton Township, Precinct 2",County Treasurer,,DEM,Write-In,23
Roscommon,"Denton Township, Precinct 2",County Treasurer,,DEM,Ballots Cast,0
Roscommon,"Gerrish Township, Precinct 1",County Treasurer,,DEM,Write-In,18
Roscommon,"Gerrish Township, Precinct 1",County Treasurer,,DEM,Ballots Cast,0
Roscommon,"Higgins Township, Precinct 1",County Treasurer,,DEM,Write-In,7
Roscommon,"Higgins Township, Precinct 1",County Treasurer,,DEM,Ballots Cast,0
Roscommon,"Lake Township, Precinct 1",County Treasurer,,DEM,Write-In,11
Roscommon,"Lake Township, Precinct 1",County Treasurer,,DEM,Ballots Cast,0
Roscommon,"Lyon Township, Precinct 1",County Treasurer,,DEM,Write-In,13
Roscommon,"Lyon Township, Precinct 1",County Treasurer,,DEM,Ballots Cast,0
Roscommon,"Markey Township, Precinct 1",County Treasurer,,DEM,Write-In,17
Roscommon,"Markey Township, Precinct 1",County Treasurer,,DEM,Ballots Cast,0
Roscommon,"Nester Township, Precinct 1",County Treasurer,,DEM,Write-In,5
Roscommon,"Nester Township, Precinct 1",County Treasurer,,DEM,Ballots Cast,0
Roscommon,"Richfield Township, Precinct 1",County Treasurer,,DEM,Write-In,40
Roscommon,"Richfield Township, Precinct 1",County Treasurer,,DEM,Ballots Cast,0
Roscommon,"Roscommon Township, Precinct 1",County Treasurer,,DEM,Write-In,13
Roscommon,"Roscommon Township, Precinct 1",County Treasurer,,DEM,Ballots Cast,0
Roscommon,"Roscommon Township, Precinct 2",County Treasurer,,DEM,Write-In,19
Roscommon,"Roscommon Township, Precinct 2",County Treasurer,,DEM,Ballots Cast,0
Roscommon,"Au Sable Township, Precinct 1",County Road Commissioner,,DEM,Write-In,3
Roscommon,"Au Sable Township, Precinct 1",County Road Commissioner,,DEM,Ballots Cast,0
Roscommon,"Backus Township, Precinct 1",County Road Commissioner,,DEM,Write-In,1
Roscommon,"Backus Township, Precinct 1",County Road Commissioner,,DEM,Ballots Cast,0
Roscommon,"Denton Township, Precinct 1",County Road Commissioner,,DEM,Write-In,44
Roscommon,"Denton Township, Precinct 1",County Road Commissioner,,DEM,Ballots Cast,0
Roscommon,"Denton Township, Precinct 2",County Road Commissioner,,DEM,Write-In,33
Roscommon,"Denton Township, Precinct 2",County Road Commissioner,,DEM,Ballots Cast,0
Roscommon,"Gerrish Township, Precinct 1",County Road Commissioner,,DEM,Write-In,25
Roscommon,"Gerrish Township, Precinct 1",County Road Commissioner,,DEM,Ballots Cast,0
Roscommon,"Higgins Township, Precinct 1",County Road Commissioner,,DEM,Write-In,11
Roscommon,"Higgins Township, Precinct 1",County Road Commissioner,,DEM,Ballots Cast,0
Roscommon,"Lake Township, Precinct 1",County Road Commissioner,,DEM,Write-In,16
Roscommon,"Lake Township, Precinct 1",County Road Commissioner,,DEM,Ballots Cast,0
Roscommon,"Lyon Township, Precinct 1",County Road Commissioner,,DEM,Write-In,21
Roscommon,"Lyon Township, Precinct 1",County Road Commissioner,,DEM,Ballots Cast,0
Roscommon,"Markey Township, Precinct 1",County Road Commissioner,,DEM,Write-In,28
Roscommon,"Markey Township, Precinct 1",County Road Commissioner,,DEM,Ballots Cast,0
Roscommon,"Nester Township, Precinct 1",County Road Commissioner,,DEM,Write-In,9
Roscommon,"Nester Township, Precinct 1",County Road Commissioner,,DEM,Ballots Cast,0
Roscommon,"Richfield Township, Precinct 1",County Road Commissioner,,DEM,Write-In,52
Roscommon,"Richfield Township, Precinct 1",County Road Commissioner,,DEM,Ballots Cast,0
Roscommon,"Roscommon Township, Precinct 1",County Road Commissioner,,DEM,Write-In,14
Roscommon,"Roscommon Township, Precinct 1",County Road Commissioner,,DEM,Ballots Cast,0
Roscommon,"Roscommon Township, Precinct 2",County Road Commissioner,,DEM,Write-In,27
Roscommon,"Roscommon Township, Precinct 2",County Road Commissioner,,DEM,Ballots Cast,0
Roscommon,"Au Sable Township, Precinct 1",County Drain Commissioner,,DEM,Write-In,2
Roscommon,"Au Sable Township, Precinct 1",County Drain Commissioner,,DEM,Ballots Cast,0
Roscommon,"Backus Township, Precinct 1",County Drain Commissioner,,DEM,Write-In,1
Roscommon,"Backus Township, Precinct 1",County Drain Commissioner,,DEM,Ballots Cast,0
Roscommon,"Denton Township, Precinct 1",County Drain Commissioner,,DEM,Write-In,26
Roscommon,"Denton Township, Precinct 1",County Drain Commissioner,,DEM,Ballots Cast,0
Roscommon,"Denton Township, Precinct 2",County Drain Commissioner,,DEM,Write-In,21
Roscommon,"Denton Township, Precinct 2",County Drain Commissioner,,DEM,Ballots Cast,0
Roscommon,"Gerrish Township, Precinct 1",County Drain Commissioner,,DEM,Write-In,17
Roscommon,"Gerrish Township, Precinct 1",County Drain Commissioner,,DEM,Ballots Cast,0
Roscommon,"Higgins Township, Precinct 1",County Drain Commissioner,,DEM,Write-In,7
Roscommon,"Higgins Township, Precinct 1",County Drain Commissioner,,DEM,Ballots Cast,0
Roscommon,"Lake Township, Precinct 1",County Drain Commissioner,,DEM,Write-In,10
Roscommon,"Lake Township, Precinct 1",County Drain Commissioner,,DEM,Ballots Cast,0
Roscommon,"Lyon Township, Precinct 1",County Drain Commissioner,,DEM,Write-In,13
Roscommon,"Lyon Township, Precinct 1",County Drain Commissioner,,DEM,Ballots Cast,0
Roscommon,"Markey Township, Precinct 1",County Drain Commissioner,,DEM,Write-In,18
Roscommon,"Markey Township, Precinct 1",County Drain Commissioner,,DEM,Ballots Cast,0
Roscommon,"Nester Township, Precinct 1",County Drain Commissioner,,DEM,Write-In,6
Roscommon,"Nester Township, Precinct 1",County Drain Commissioner,,DEM,Ballots Cast,0
Roscommon,"Richfield Township, Precinct 1",County Drain Commissioner,,DEM,Write-In,36
Roscommon,"Richfield Township, Precinct 1",County Drain Commissioner,,DEM,Ballots Cast,0
Roscommon,"Roscommon Township, Precinct 1",County Drain Commissioner,,DEM,Write-In,11
Roscommon,"Roscommon Township, Precinct 1",County Drain Commissioner,,DEM,Ballots Cast,0
Roscommon,"Roscommon Township, Precinct 2",County Drain Commissioner,,DEM,Write-In,19
Roscommon,"Roscommon Township, Precinct 2",County Drain Commissioner,,DEM,Ballots Cast,0
Roscommon,"Denton Township, Precinct 1",County Commissioner 5th District,5,DEM,Write-In,21
Roscommon,"Denton Township, Precinct 1",County Commissioner 5th District,5,DEM,Ballots Cast,0
Roscommon,"Denton Township, Precinct 2",County Commissioner 5th District,5,DEM,Write-In,21
Roscommon,"Denton Township, Precinct 2",County Commissioner 5th District,5,DEM,Ballots Cast,0
Roscommon,"Lake Township, Precinct 1",County Commissioner 1st District,1,DEM,Write-In,10
Roscommon,"Lake Township, Precinct 1",County Commissioner 1st District,1,DEM,Ballots Cast,0
Roscommon,"Lyon Township, Precinct 1",County Commissioner 1st District,1,DEM,Write-In,13
Roscommon,"Lyon Township, Precinct 1",County Commissioner 1st District,1,DEM,Ballots Cast,0
Roscommon,"Markey Township, Precinct 1",County Commissioner 1st District,1,DEM,Write-In,17
Roscommon,"Markey Township, Precinct 1",County Commissioner 1st District,1,DEM,Ballots Cast,0
Roscommon,"Gerrish Township, Precinct 1",County Commissioner 2nd District,2,DEM,Write-In,18
Roscommon,"Gerrish Township, Precinct 1",County Commissioner 2nd District,2,DEM,Ballots Cast,0
Roscommon,"Higgins Township, Precinct 1",County Commissioner 2nd District,2,DEM,Write-In,7
Roscommon,"Higgins Township, Precinct 1",County Commissioner 2nd District,2,DEM,Ballots Cast,0
Roscommon,"Au Sable Township, Precinct 1",County Commissioner 3rd District,3,DEM,TULA ALEXANDER,16
Roscommon,"Au Sable Township, Precinct 1",County Commissioner 3rd District,3,DEM,CRAIG COTTERMAN,8
Roscommon,"Au Sable Township, Precinct 1",County Commissioner 3rd District,3,DEM,Write-In,0
Roscommon,"Au Sable Township, Precinct 1",County Commissioner 3rd District,3,DEM,Ballots Cast,24
Roscommon,"Backus Township, Precinct 1",County Commissioner 3rd District,3,DEM,TULA ALEXANDER,11
Roscommon,"Backus Township, Precinct 1",County Commissioner 3rd District,3,DEM,CRAIG COTTERMAN,10
Roscommon,"Backus Township, Precinct 1",County Commissioner 3rd District,3,DEM,Write-In,0
Roscommon,"Backus Township, Precinct 1",County Commissioner 3rd District,3,DEM,Ballots Cast,21
Roscommon,"Denton Township, Precinct 1",County Commissioner 3rd District,3,DEM,TULA ALEXANDER,22
Roscommon,"Denton Township, Precinct 1",County Commissioner 3rd District,3,DEM,CRAIG COTTERMAN,42
Roscommon,"Denton Township, Precinct 1",County Commissioner 3rd District,3,DEM,Write-In,0
Roscommon,"Denton Township, Precinct 1",County Commissioner 3rd District,3,DEM,Ballots Cast,64
Roscommon,"Richfield Township, Precinct 1",County Commissioner 3rd District,3,DEM,TULA ALEXANDER,197
Roscommon,"Richfield Township, Precinct 1",County Commissioner 3rd District,3,DEM,CRAIG COTTERMAN,80
Roscommon,"Richfield Township, Precinct 1",County Commissioner 3rd District,3,DEM,Write-In,0
Roscommon,"Richfield Township, Precinct 1",County Commissioner 3rd District,3,DEM,Ballots Cast,277
Roscommon,"Nester Township, Precinct 1",County Commissioner 4th District,4,DEM,Write-In,4
Roscommon,"Nester Township, Precinct 1",County Commissioner 4th District,4,DEM,Ballots Cast,0
Roscommon,"Roscommon Township, Precinct 1",County Commissioner 4th District,4,DEM,Write-In,10
Roscommon,"Roscommon Township, Precinct 1",County Commissioner 4th District,4,DEM,Ballots Cast,0
Roscommon,"Roscommon Township, Precinct 2",County Commissioner 4th District,4,DEM,Write-In,18
Roscommon,"Roscommon Township, Precinct 2",County Commissioner 4th District,4,DEM,Ballots Cast,0
Roscommon,"Au Sable Township, Precinct 1",U.S. Senate,,REP,JUSTIN AMASH,7
Roscommon,"Au Sable Township, Precinct 1",U.S. Senate,,REP,SHERRY O'DONNELL,4
Roscommon,"Au Sable Township, Precinct 1",U.S. Senate,,REP,SANDY PENSLER,3
Roscommon,"Au Sable Township, Precinct 1",U.S. Senate,,REP,MIKE ROGERS,31
Roscommon,"Au Sable Township, Precinct 1",U.S. Senate,,REP,Write-In,0
Roscommon,"Au Sable Township, Precinct 1",U.S. Senate,,REP,Ballots Cast,45
Roscommon,"Backus Township, Precinct 1",U.S. Senate,,REP,JUSTIN AMASH,3
Roscommon,"Backus Township, Precinct 1",U.S. Senate,,REP,SHERRY O'DONNELL,9
Roscommon,"Backus Township, Precinct 1",U.S. Senate,,REP,SANDY PENSLER,7
Roscommon,"Backus Township, Precinct 1",U.S. Senate,,REP,MIKE ROGERS,32
Roscommon,"Backus Township, Precinct 1",U.S. Senate,,REP,Write-In,0
Roscommon,"Backus Township, Precinct 1",U.S. Senate,,REP,Ballots Cast,51
Roscommon,"Denton Township, Precinct 1",U.S. Senate,,REP,JUSTIN AMASH,28
Roscommon,"Denton Township, Precinct 1",U.S. Senate,,REP,SHERRY O'DONNELL,47
Roscommon,"Denton Township, Precinct 1",U.S. Senate,,REP,SANDY PENSLER,95
Roscommon,"Denton Township, Precinct 1",U.S. Senate,,REP,MIKE ROGERS,297
Roscommon,"Denton Township, Precinct 1",U.S. Senate,,REP,Write-In,0
Roscommon,"Denton Township, Precinct 1",U.S. Senate,,REP,Ballots Cast,467
Roscommon,"Denton Township, Precinct 2",U.S. Senate,,REP,JUSTIN AMASH,23
Roscommon,"Denton Township, Precinct 2",U.S. Senate,,REP,SHERRY O'DONNELL,42
Roscommon,"Denton Township, Precinct 2",U.S. Senate,,REP,SANDY PENSLER,46
Roscommon,"Denton Township, Precinct 2",U.S. Senate,,REP,MIKE ROGERS,293
Roscommon,"Denton Township, Precinct 2",U.S. Senate,,REP,Write-In,1
Roscommon,"Denton Township, Precinct 2",U.S. Senate,,REP,Ballots Cast,404
Roscommon,"Gerrish Township, Precinct 1",U.S. Senate,,REP,JUSTIN AMASH,106
Roscommon,"Gerrish Township, Precinct 1",U.S. Senate,,REP,SHERRY O'DONNELL,98
Roscommon,"Gerrish Township, Precinct 1",U.S. Senate,,REP,SANDY PENSLER,87
Roscommon,"Gerrish Township, Precinct 1",U.S. Senate,,REP,MIKE ROGERS,478
Roscommon,"Gerrish Township, Precinct 1",U.S. Senate,,REP,Write-In,1
Roscommon,"Gerrish Township, Precinct 1",U.S. Senate,,REP,Ballots Cast,769
Roscommon,"Higgins Township, Precinct 1",U.S. Senate,,REP,JUSTIN AMASH,23
Roscommon,"Higgins Township, Precinct 1",U.S. Senate,,REP,SHERRY O'DONNELL,33
Roscommon,"Higgins Township, Precinct 1",U.S. Senate,,REP,SANDY PENSLER,25
Roscommon,"Higgins Township, Precinct 1",U.S. Senate,,REP,MIKE ROGERS,106
Roscommon,"Higgins Township, Precinct 1",U.S. Senate,,REP,Write-In,0
Roscommon,"Higgins Township, Precinct 1",U.S. Senate,,REP,Ballots Cast,187
Roscommon,"Lake Township, Precinct 1",U.S. Senate,,REP,JUSTIN AMASH,18
Roscommon,"Lake Township, Precinct 1",U.S. Senate,,REP,SHERRY O'DONNELL,23
Roscommon,"Lake Township, Precinct 1",U.S. Senate,,REP,SANDY PENSLER,43
Roscommon,"Lake Township, Precinct 1",U.S. Senate,,REP,MIKE ROGERS,173
Roscommon,"Lake Township, Precinct 1",U.S. Senate,,REP,Write-In,0
Roscommon,"Lake Township, Precinct 1",U.S. Senate,,REP,Ballots Cast,257
Roscommon,"Lyon Township, Precinct 1",U.S. Senate,,REP,JUSTIN AMASH,50
Roscommon,"Lyon Township, Precinct 1",U.S. Senate,,REP,SHERRY O'DONNELL,78
Roscommon,"Lyon Township, Precinct 1",U.S. Senate,,REP,SANDY PENSLER,59
Roscommon,"Lyon Township, Precinct 1",U.S. Senate,,REP,MIKE ROGERS,337
Roscommon,"Lyon Township, Precinct 1",U.S. Senate,,REP,Write-In,4
Roscommon,"Lyon Township, Precinct 1",U.S. Senate,,REP,Ballots Cast,524
Roscommon,"Markey Township, Precinct 1",U.S. Senate,,REP,JUSTIN AMASH,45
Roscommon,"Markey Township, Precinct 1",U.S. Senate,,REP,SHERRY O'DONNELL,72
Roscommon,"Markey Township, Precinct 1",U.S. Senate,,REP,SANDY PENSLER,63
Roscommon,"Markey Township, Precinct 1",U.S. Senate,,REP,MIKE ROGERS,267
Roscommon,"Markey Township, Precinct 1",U.S. Senate,,REP,Write-In,1
Roscommon,"Markey Township, Precinct 1",U.S. Senate,,REP,Ballots Cast,447
Roscommon,"Nester Township, Precinct 1",U.S. Senate,,REP,JUSTIN AMASH,3
Roscommon,"Nester Township, Precinct 1",U.S. Senate,,REP,SHERRY O'DONNELL,6
Roscommon,"Nester Township, Precinct 1",U.S. Senate,,REP,SANDY PENSLER,6
Roscommon,"Nester Township, Precinct 1",U.S. Senate,,REP,MIKE ROGERS,40
Roscommon,"Nester Township, Precinct 1",U.S. Senate,,REP,Write-In,0
Roscommon,"Nester Township, Precinct 1",U.S. Senate,,REP,Ballots Cast,55
Roscommon,"Richfield Township, Precinct 1",U.S. Senate,,REP,JUSTIN AMASH,46
Roscommon,"Richfield Township, Precinct 1",U.S. Senate,,REP,SHERRY O'DONNELL,56
Roscommon,"Richfield Township, Precinct 1",U.S. Senate,,REP,SANDY PENSLER,95
Roscommon,"Richfield Township, Precinct 1",U.S. Senate,,REP,MIKE ROGERS,331
Roscommon,"Richfield Township, Precinct 1",U.S. Senate,,REP,Write-In,1
Roscommon,"Richfield Township, Precinct 1",U.S. Senate,,REP,Ballots Cast,528
Roscommon,"Roscommon Township, Precinct 1",U.S. Senate,,REP,JUSTIN AMASH,12
Roscommon,"Roscommon Township, Precinct 1",U.S. Senate,,REP,SHERRY O'DONNELL,35
Roscommon,"Roscommon Township, Precinct 1",U.S. Senate,,REP,SANDY PENSLER,36
Roscommon,"Roscommon Township, Precinct 1",U.S. Senate,,REP,MIKE ROGERS,188
Roscommon,"Roscommon Township, Precinct 1",U.S. Senate,,REP,Write-In,1
Roscommon,"Roscommon Township, Precinct 1",U.S. Senate,,REP,Ballots Cast,271
Roscommon,"Roscommon Township, Precinct 2",U.S. Senate,,REP,JUSTIN AMASH,23
Roscommon,"Roscommon Township, Precinct 2",U.S. Senate,,REP,SHERRY O'DONNELL,48
Roscommon,"Roscommon Township, Precinct 2",U.S. Senate,,REP,SANDY PENSLER,35
Roscommon,"Roscommon Township, Precinct 2",U.S. Senate,,REP,MIKE ROGERS,191
Roscommon,"Roscommon Township, Precinct 2",U.S. Senate,,REP,Write-In,1
Roscommon,"Roscommon Township, Precinct 2",U.S. Senate,,REP,Ballots Cast,297
Roscommon,"Au Sable Township, Precinct 1",U.S. House,1,REP,JACK BERGMAN,41
Roscommon,"Au Sable Township, Precinct 1",U.S. House,1,REP,JOSH SAUL,8
Roscommon,"Au Sable Township, Precinct 1",U.S. House,1,REP,Write-In,0
Roscommon,"Au Sable Township, Precinct 1",U.S. House,1,REP,Ballots Cast,49
Roscommon,"Backus Township, Precinct 1",U.S. House,1,REP,JACK BERGMAN,45
Roscommon,"Backus Township, Precinct 1",U.S. House,1,REP,JOSH SAUL,7
Roscommon,"Backus Township, Precinct 1",U.S. House,1,REP,Write-In,0
Roscommon,"Backus Township, Precinct 1",U.S. House,1,REP,Ballots Cast,52
Roscommon,"Denton Township, Precinct 1",U.S. House,1,REP,JACK BERGMAN,379
Roscommon,"Denton Township, Precinct 1",U.S. House,1,REP,JOSH SAUL,90
Roscommon,"Denton Township, Precinct 1",U.S. House,1,REP,Write-In,1
Roscommon,"Denton Township, Precinct 1",U.S. House,1,REP,Ballots Cast,469
Roscommon,"Denton Township, Precinct 2",U.S. House,1,REP,JACK BERGMAN,343
Roscommon,"Denton Township, Precinct 2",U.S. House,1,REP,JOSH SAUL,76
Roscommon,"Denton Township, Precinct 2",U.S. House,1,REP,Write-In,0
Roscommon,"Denton Township, Precinct 2",U.S. House,1,REP,Ballots Cast,419
Roscommon,"Gerrish Township, Precinct 1",U.S. House,1,REP,JACK BERGMAN,637
Roscommon,"Gerrish Township, Precinct 1",U.S. House,1,REP,JOSH SAUL,184
Roscommon,"Gerrish Township, Precinct 1",U.S. House,1,REP,Write-In,2
Roscommon,"Gerrish Township, Precinct 1",U.S. House,1,REP,Ballots Cast,821
Roscommon,"Higgins Township, Precinct 1",U.S. House,1,REP,JACK BERGMAN,153
Roscommon,"Higgins Township, Precinct 1",U.S. House,1,REP,JOSH SAUL,44
Roscommon,"Higgins Township, Precinct 1",U.S. House,1,REP,Write-In,0
Roscommon,"Higgins Township, Precinct 1",U.S. House,1,REP,Ballots Cast,197
Roscommon,"Lake Township, Precinct 1",U.S. House,1,REP,JACK BERGMAN,223
Roscommon,"Lake Township, Precinct 1",U.S. House,1,REP,JOSH SAUL,52
Roscommon,"Lake Township, Precinct 1",U.S. House,1,REP,Write-In,2
Roscommon,"Lake Township, Precinct 1",U.S. House,1,REP,Ballots Cast,275
Roscommon,"Lyon Township, Precinct 1",U.S. House,1,REP,JACK BERGMAN,367
Roscommon,"Lyon Township, Precinct 1",U.S. House,1,REP,JOSH SAUL,180
Roscommon,"Lyon Township, Precinct 1",U.S. House,1,REP,Write-In,3
Roscommon,"Lyon Township, Precinct 1",U.S. House,1,REP,Ballots Cast,547
Roscommon,"Markey Township, Precinct 1",U.S. House,1,REP,JACK BERGMAN,360
Roscommon,"Markey Township, Precinct 1",U.S. House,1,REP,JOSH SAUL,109
Roscommon,"Markey Township, Precinct 1",U.S. House,1,REP,Write-In,1
Roscommon,"Markey Township, Precinct 1",U.S. House,1,REP,Ballots Cast,469
Roscommon,"Nester Township, Precinct 1",U.S. House,1,REP,JACK BERGMAN,51
Roscommon,"Nester Township, Precinct 1",U.S. House,1,REP,JOSH SAUL,9
Roscommon,"Nester Township, Precinct 1",U.S. House,1,REP,Write-In,0
Roscommon,"Nester Township, Precinct 1",U.S. House,1,REP,Ballots Cast,60
Roscommon,"Richfield Township, Precinct 1",U.S. House,1,REP,JACK BERGMAN,452
Roscommon,"Richfield Township, Precinct 1",U.S. House,1,REP,JOSH SAUL,93
Roscommon,"Richfield Township, Precinct 1",U.S. House,1,REP,Write-In,1
Roscommon,"Richfield Township, Precinct 1",U.S. House,1,REP,Ballots Cast,545
Roscommon,"Roscommon Township, Precinct 1",U.S. House,1,REP,JACK BERGMAN,220
Roscommon,"Roscommon Township, Precinct 1",U.S. House,1,REP,JOSH SAUL,58
Roscommon,"Roscommon Township, Precinct 1",U.S. House,1,REP,Write-In,0
Roscommon,"Roscommon Township, Precinct 1",U.S. House,1,REP,Ballots Cast,278
Roscommon,"Roscommon Township, Precinct 2",U.S. House,1,REP,JACK BERGMAN,264
Roscommon,"Roscommon Township, Precinct 2",U.S. House,1,REP,JOSH SAUL,44
Roscommon,"Roscommon Township, Precinct 2",U.S. House,1,REP,Write-In,1
Roscommon,"Roscommon Township, Precinct 2",U.S. House,1,REP,Ballots Cast,308
Roscommon,"Au Sable Township, Precinct 1",State House,105,REP,KEN BORTON,37
Roscommon,"Au Sable Township, Precinct 1",State House,105,REP,CHRISTIAN MARCUS,9
Roscommon,"Au Sable Township, Precinct 1",State House,105,REP,Write-In,0
Roscommon,"Au Sable Township, Precinct 1",State House,105,REP,Ballots Cast,46
Roscommon,"Backus Township, Precinct 1",State House,105,REP,KEN BORTON,44
Roscommon,"Backus Township, Precinct 1",State House,105,REP,CHRISTIAN MARCUS,9
Roscommon,"Backus Township, Precinct 1",State House,105,REP,Write-In,0
Roscommon,"Backus Township, Precinct 1",State House,105,REP,Ballots Cast,53
Roscommon,"Denton Township, Precinct 1",State House,105,REP,KEN BORTON,381
Roscommon,"Denton Township, Precinct 1",State House,105,REP,CHRISTIAN MARCUS,89
Roscommon,"Denton Township, Precinct 1",State House,105,REP,Write-In,1
Roscommon,"Denton Township, Precinct 1",State House,105,REP,Ballots Cast,470
Roscommon,"Denton Township, Precinct 2",State House,105,REP,KEN BORTON,320
Roscommon,"Denton Township, Precinct 2",State House,105,REP,CHRISTIAN MARCUS,88
Roscommon,"Denton Township, Precinct 2",State House,105,REP,Write-In,0
Roscommon,"Denton Township, Precinct 2",State House,105,REP,Ballots Cast,408
Roscommon,"Gerrish Township, Precinct 1",State House,105,REP,KEN BORTON,632
Roscommon,"Gerrish Township, Precinct 1",State House,105,REP,CHRISTIAN MARCUS,178
Roscommon,"Gerrish Township, Precinct 1",State House,105,REP,Write-In,2
Roscommon,"Gerrish Township, Precinct 1",State House,105,REP,Ballots Cast,810
Roscommon,"Higgins Township, Precinct 1",State House,105,REP,KEN BORTON,133
Roscommon,"Higgins Township, Precinct 1",State House,105,REP,CHRISTIAN MARCUS,58
Roscommon,"Higgins Township, Precinct 1",State House,105,REP,Write-In,0
Roscommon,"Higgins Township, Precinct 1",State House,105,REP,Ballots Cast,191
Roscommon,"Lake Township, Precinct 1",State House,105,REP,KEN BORTON,202
Roscommon,"Lake Township, Precinct 1",State House,105,REP,CHRISTIAN MARCUS,70
Roscommon,"Lake Township, Precinct 1",State House,105,REP,Write-In,0
Roscommon,"Lake Township, Precinct 1",State House,105,REP,Ballots Cast,272
Roscommon,"Lyon Township, Precinct 1",State House,105,REP,KEN BORTON,364
Roscommon,"Lyon Township, Precinct 1",State House,105,REP,CHRISTIAN MARCUS,165
Roscommon,"Lyon Township, Precinct 1",State House,105,REP,Write-In,5
Roscommon,"Lyon Township, Precinct 1",State House,105,REP,Ballots Cast,529
Roscommon,"Markey Township, Precinct 1",State House,105,REP,KEN BORTON,356
Roscommon,"Markey Township, Precinct 1",State House,105,REP,CHRISTIAN MARCUS,102
Roscommon,"Markey Township, Precinct 1",State House,105,REP,Write-In,1
Roscommon,"Markey Township, Precinct 1",State House,105,REP,Ballots Cast,458
Roscommon,"Nester Township, Precinct 1",State House,105,REP,KEN BORTON,48
Roscommon,"Nester Township, Precinct 1",State House,105,REP,CHRISTIAN MARCUS,5
Roscommon,"Nester Township, Precinct 1",State House,105,REP,Write-In,1
Roscommon,"Nester Township, Precinct 1",State House,105,REP,Ballots Cast,53
Roscommon,"Richfield Township, Precinct 1",State House,105,REP,KEN BORTON,426
Roscommon,"Richfield Township, Precinct 1",State House,105,REP,CHRISTIAN MARCUS,112
Roscommon,"Richfield Township, Precinct 1",State House,105,REP,Write-In,1
Roscommon,"Richfield Township, Precinct 1",State House,105,REP,Ballots Cast,538
Roscommon,"Roscommon Township, Precinct 1",State House,105,REP,KEN BORTON,208
Roscommon,"Roscommon Township, Precinct 1",State House,105,REP,CHRISTIAN MARCUS,64
Roscommon,"Roscommon Township, Precinct 1",State House,105,REP,Write-In,3
Roscommon,"Roscommon Township, Precinct 1",State House,105,REP,Ballots Cast,272
Roscommon,"Roscommon Township, Precinct 2",State House,105,REP,KEN BORTON,252
Roscommon,"Roscommon Township, Precinct 2",State House,105,REP,CHRISTIAN MARCUS,59
Roscommon,"Roscommon Township, Precinct 2",State House,105,REP,Write-In,1
Roscommon,"Roscommon Township, Precinct 2",State House,105,REP,Ballots Cast,311
Roscommon,"Au Sable Township, Precinct 1",County Prosecuting Attorney,,REP,MICHAEL EDWARDS,44
Roscommon,"Au Sable Township, Precinct 1",County Prosecuting Attorney,,REP,Write-In,0
Roscommon,"Au Sable Township, Precinct 1",County Prosecuting Attorney,,REP,Ballots Cast,44
Roscommon,"Backus Township, Precinct 1",County Prosecuting Attorney,,REP,MICHAEL EDWARDS,46
Roscommon,"Backus Township, Precinct 1",County Prosecuting Attorney,,REP,Write-In,0
Roscommon,"Backus Township, Precinct 1",County Prosecuting Attorney,,REP,Ballots Cast,46
Roscommon,"Denton Township, Precinct 1",County Prosecuting Attorney,,REP,MICHAEL EDWARDS,428
Roscommon,"Denton Township, Precinct 1",County Prosecuting Attorney,,REP,Write-In,1
Roscommon,"Denton Township, Precinct 1",County Prosecuting Attorney,,REP,Ballots Cast,428
Roscommon,"Denton Township, Precinct 2",County Prosecuting Attorney,,REP,MICHAEL EDWARDS,387
Roscommon,"Denton Township, Precinct 2",County Prosecuting Attorney,,REP,Write-In,4
Roscommon,"Denton Township, Precinct 2",County Prosecuting Attorney,,REP,Ballots Cast,387
Roscommon,"Gerrish Township, Precinct 1",County Prosecuting Attorney,,REP,MICHAEL EDWARDS,688
Roscommon,"Gerrish Township, Precinct 1",County Prosecuting Attorney,,REP,Write-In,2
Roscommon,"Gerrish Township, Precinct 1",County Prosecuting Attorney,,REP,Ballots Cast,688
Roscommon,"Higgins Township, Precinct 1",County Prosecuting Attorney,,REP,MICHAEL EDWARDS,178
Roscommon,"Higgins Township, Precinct 1",County Prosecuting Attorney,,REP,Write-In,0
Roscommon,"Higgins Township, Precinct 1",County Prosecuting Attorney,,REP,Ballots Cast,178
Roscommon,"Lake Township, Precinct 1",County Prosecuting Attorney,,REP,MICHAEL EDWARDS,236
Roscommon,"Lake Township, Precinct 1",County Prosecuting Attorney,,REP,Write-In,2
Roscommon,"Lake Township, Precinct 1",County Prosecuting Attorney,,REP,Ballots Cast,236
Roscommon,"Lyon Township, Precinct 1",County Prosecuting Attorney,,REP,MICHAEL EDWARDS,454
Roscommon,"Lyon Township, Precinct 1",County Prosecuting Attorney,,REP,Write-In,4
Roscommon,"Lyon Township, Precinct 1",County Prosecuting Attorney,,REP,Ballots Cast,454
Roscommon,"Markey Township, Precinct 1",County Prosecuting Attorney,,REP,MICHAEL EDWARDS,392
Roscommon,"Markey Township, Precinct 1",County Prosecuting Attorney,,REP,Write-In,1
Roscommon,"Markey Township, Precinct 1",County Prosecuting Attorney,,REP,Ballots Cast,392
Roscommon,"Nester Township, Precinct 1",County Prosecuting Attorney,,REP,MICHAEL EDWARDS,50
Roscommon,"Nester Township, Precinct 1",County Prosecuting Attorney,,REP,Write-In,0
Roscommon,"Nester Township, Precinct 1",County Prosecuting Attorney,,REP,Ballots Cast,50
Roscommon,"Richfield Township, Precinct 1",County Prosecuting Attorney,,REP,MICHAEL EDWARDS,476
Roscommon,"Richfield Township, Precinct 1",County Prosecuting Attorney,,REP,Write-In,6
Roscommon,"Richfield Township, Precinct 1",County Prosecuting Attorney,,REP,Ballots Cast,476
Roscommon,"Roscommon Township, Precinct 1",County Prosecuting Attorney,,REP,MICHAEL EDWARDS,246
Roscommon,"Roscommon Township, Precinct 1",County Prosecuting Attorney,,REP,Write-In,3
Roscommon,"Roscommon Township, Precinct 1",County Prosecuting Attorney,,REP,Ballots Cast,246
Roscommon,"Roscommon Township, Precinct 2",County Prosecuting Attorney,,REP,MICHAEL EDWARDS,270
Roscommon,"Roscommon Township, Precinct 2",County Prosecuting Attorney,,REP,Write-In,2
Roscommon,"Roscommon Township, Precinct 2",County Prosecuting Attorney,,REP,Ballots Cast,270
Roscommon,"Au Sable Township, Precinct 1",County Sheriff,,REP,EDWARD STERN,47
Roscommon,"Au Sable Township, Precinct 1",County Sheriff,,REP,Write-In,0
Roscommon,"Au Sable Township, Precinct 1",County Sheriff,,REP,Ballots Cast,47
Roscommon,"Backus Township, Precinct 1",County Sheriff,,REP,EDWARD STERN,47
Roscommon,"Backus Township, Precinct 1",County Sheriff,,REP,Write-In,0
Roscommon,"Backus Township, Precinct 1",County Sheriff,,REP,Ballots Cast,47
Roscommon,"Denton Township, Precinct 1",County Sheriff,,REP,EDWARD STERN,450
Roscommon,"Denton Township, Precinct 1",County Sheriff,,REP,Write-In,2
Roscommon,"Denton Township, Precinct 1",County Sheriff,,REP,Ballots Cast,450
Roscommon,"Denton Township, Precinct 2",County Sheriff,,REP,EDWARD STERN,406
Roscommon,"Denton Township, Precinct 2",County Sheriff,,REP,Write-In,2
Roscommon,"Denton Township, Precinct 2",County Sheriff,,REP,Ballots Cast,406
Roscommon,"Gerrish Township, Precinct 1",County Sheriff,,REP,EDWARD STERN,763
Roscommon,"Gerrish Township, Precinct 1",County Sheriff,,REP,Write-In,1
Roscommon,"Gerrish Township, Precinct 1",County Sheriff,,REP,Ballots Cast,763
Roscommon,"Higgins Township, Precinct 1",County Sheriff,,REP,EDWARD STERN,195
Roscommon,"Higgins Township, Precinct 1",County Sheriff,,REP,Write-In,0
Roscommon,"Higgins Township, Precinct 1",County Sheriff,,REP,Ballots Cast,195
Roscommon,"Lake Township, Precinct 1",County Sheriff,,REP,EDWARD STERN,258
Roscommon,"Lake Township, Precinct 1",County Sheriff,,REP,Write-In,1
Roscommon,"Lake Township, Precinct 1",County Sheriff,,REP,Ballots Cast,258
Roscommon,"Lyon Township, Precinct 1",County Sheriff,,REP,EDWARD STERN,483
Roscommon,"Lyon Township, Precinct 1",County Sheriff,,REP,Write-In,4
Roscommon,"Lyon Township, Precinct 1",County Sheriff,,REP,Ballots Cast,483
Roscommon,"Markey Township, Precinct 1",County Sheriff,,REP,EDWARD STERN,429
Roscommon,"Markey Township, Precinct 1",County Sheriff,,REP,Write-In,2
Roscommon,"Markey Township, Precinct 1",County Sheriff,,REP,Ballots Cast,429
Roscommon,"Nester Township, Precinct 1",County Sheriff,,REP,EDWARD STERN,54
Roscommon,"Nester Township, Precinct 1",County Sheriff,,REP,Write-In,0
Roscommon,"Nester Township, Precinct 1",County Sheriff,,REP,Ballots Cast,54
Roscommon,"Richfield Township, Precinct 1",County Sheriff,,REP,EDWARD STERN,509
Roscommon,"Richfield Township, Precinct 1",County Sheriff,,REP,Write-In,4
Roscommon,"Richfield Township, Precinct 1",County Sheriff,,REP,Ballots Cast,509
Roscommon,"Roscommon Township, Precinct 1",County Sheriff,,REP,EDWARD STERN,262
Roscommon,"Roscommon Township, Precinct 1",County Sheriff,,REP,Write-In,1
Roscommon,"Roscommon Township, Precinct 1",County Sheriff,,REP,Ballots Cast,262
Roscommon,"Roscommon Township, Precinct 2",County Sheriff,,REP,EDWARD STERN,293
Roscommon,"Roscommon Township, Precinct 2",County Sheriff,,REP,Write-In,1
Roscommon,"Roscommon Township, Precinct 2",County Sheriff,,REP,Ballots Cast,293
Roscommon,"Au Sable Township, Precinct 1",County Clerk and Register of Deeds,,REP,MICHELLE STEVENSON,45
Roscommon,"Au Sable Township, Precinct 1",County Clerk and Register of Deeds,,REP,Write-In,0
Roscommon,"Au Sable Township, Precinct 1",County Clerk and Register of Deeds,,REP,Ballots Cast,45
Roscommon,"Backus Township, Precinct 1",County Clerk and Register of Deeds,,REP,MICHELLE STEVENSON,48
Roscommon,"Backus Township, Precinct 1",County Clerk and Register of Deeds,,REP,Write-In,0
Roscommon,"Backus Township, Precinct 1",County Clerk and Register of Deeds,,REP,Ballots Cast,48
Roscommon,"Denton Township, Precinct 1",County Clerk and Register of Deeds,,REP,MICHELLE STEVENSON,436
Roscommon,"Denton Township, Precinct 1",County Clerk and Register of Deeds,,REP,Write-In,1
Roscommon,"Denton Township, Precinct 1",County Clerk and Register of Deeds,,REP,Ballots Cast,436
Roscommon,"Denton Township, Precinct 2",County Clerk and Register of Deeds,,REP,MICHELLE STEVENSON,398
Roscommon,"Denton Township, Precinct 2",County Clerk and Register of Deeds,,REP,Write-In,1
Roscommon,"Denton Township, Precinct 2",County Clerk and Register of Deeds,,REP,Ballots Cast,398
Roscommon,"Gerrish Township, Precinct 1",County Clerk and Register of Deeds,,REP,MICHELLE STEVENSON,730
Roscommon,"Gerrish Township, Precinct 1",County Clerk and Register of Deeds,,REP,Write-In,1
Roscommon,"Gerrish Township, Precinct 1",County Clerk and Register of Deeds,,REP,Ballots Cast,730
Roscommon,"Higgins Township, Precinct 1",County Clerk and Register of Deeds,,REP,MICHELLE STEVENSON,184
Roscommon,"Higgins Township, Precinct 1",County Clerk and Register of Deeds,,REP,Write-In,0
Roscommon,"Higgins Township, Precinct 1",County Clerk and Register of Deeds,,REP,Ballots Cast,184
Roscommon,"Lake Township, Precinct 1",County Clerk and Register of Deeds,,REP,MICHELLE STEVENSON,251
Roscommon,"Lake Township, Precinct 1",County Clerk and Register of Deeds,,REP,Write-In,1
Roscommon,"Lake Township, Precinct 1",County Clerk and Register of Deeds,,REP,Ballots Cast,251
Roscommon,"Lyon Township, Precinct 1",County Clerk and Register of Deeds,,REP,MICHELLE STEVENSON,478
Roscommon,"Lyon Township, Precinct 1",County Clerk and Register of Deeds,,REP,Write-In,5
Roscommon,"Lyon Township, Precinct 1",County Clerk and Register of Deeds,,REP,Ballots Cast,478
Roscommon,"Markey Township, Precinct 1",County Clerk and Register of Deeds,,REP,MICHELLE STEVENSON,403
Roscommon,"Markey Township, Precinct 1",County Clerk and Register of Deeds,,REP,Write-In,3
Roscommon,"Markey Township, Precinct 1",County Clerk and Register of Deeds,,REP,Ballots Cast,403
Roscommon,"Nester Township, Precinct 1",County Clerk and Register of Deeds,,REP,MICHELLE STEVENSON,55
Roscommon,"Nester Township, Precinct 1",County Clerk and Register of Deeds,,REP,Write-In,0
Roscommon,"Nester Township, Precinct 1",County Clerk and Register of Deeds,,REP,Ballots Cast,55
Roscommon,"Richfield Township, Precinct 1",County Clerk and Register of Deeds,,REP,MICHELLE STEVENSON,492
Roscommon,"Richfield Township, Precinct 1",County Clerk and Register of Deeds,,REP,Write-In,4
Roscommon,"Richfield Township, Precinct 1",County Clerk and Register of Deeds,,REP,Ballots Cast,492
Roscommon,"Roscommon Township, Precinct 1",County Clerk and Register of Deeds,,REP,MICHELLE STEVENSON,262
Roscommon,"Roscommon Township, Precinct 1",County Clerk and Register of Deeds,,REP,Write-In,3
Roscommon,"Roscommon Township, Precinct 1",County Clerk and Register of Deeds,,REP,Ballots Cast,262
Roscommon,"Roscommon Township, Precinct 2",County Clerk and Register of Deeds,,REP,MICHELLE STEVENSON,291
Roscommon,"Roscommon Township, Precinct 2",County Clerk and Register of Deeds,,REP,Write-In,0
Roscommon,"Roscommon Township, Precinct 2",County Clerk and Register of Deeds,,REP,Ballots Cast,291
Roscommon,"Au Sable Township, Precinct 1",County Treasurer,,REP,MARCIE DANKERT,45
Roscommon,"Au Sable Township, Precinct 1",County Treasurer,,REP,Write-In,0
Roscommon,"Au Sable Township, Precinct 1",County Treasurer,,REP,Ballots Cast,45
Roscommon,"Backus Township, Precinct 1",County Treasurer,,REP,MARCIE DANKERT,45
Roscommon,"Backus Township, Precinct 1",County Treasurer,,REP,Write-In,0
Roscommon,"Backus Township, Precinct 1",County Treasurer,,REP,Ballots Cast,45
Roscommon,"Denton Township, Precinct 1",County Treasurer,,REP,MARCIE DANKERT,433
Roscommon,"Denton Township, Precinct 1",County Treasurer,,REP,Write-In,0
Roscommon,"Denton Township, Precinct 1",County Treasurer,,REP,Ballots Cast,433
Roscommon,"Denton Township, Precinct 2",County Treasurer,,REP,MARCIE DANKERT,386
Roscommon,"Denton Township, Precinct 2",County Treasurer,,REP,Write-In,1
Roscommon,"Denton Township, Precinct 2",County Treasurer,,REP,Ballots Cast,386
Roscommon,"Gerrish Township, Precinct 1",County Treasurer,,REP,MARCIE DANKERT,737
Roscommon,"Gerrish Township, Precinct 1",County Treasurer,,REP,Write-In,0
Roscommon,"Gerrish Township, Precinct 1",County Treasurer,,REP,Ballots Cast,737
Roscommon,"Higgins Township, Precinct 1",County Treasurer,,REP,MARCIE DANKERT,193
Roscommon,"Higgins Township, Precinct 1",County Treasurer,,REP,Write-In,0
Roscommon,"Higgins Township, Precinct 1",County Treasurer,,REP,Ballots Cast,193
Roscommon,"Lake Township, Precinct 1",County Treasurer,,REP,MARCIE DANKERT,238
Roscommon,"Lake Township, Precinct 1",County Treasurer,,REP,Write-In,2
Roscommon,"Lake Township, Precinct 1",County Treasurer,,REP,Ballots Cast,238
Roscommon,"Lyon Township, Precinct 1",County Treasurer,,REP,MARCIE DANKERT,474
Roscommon,"Lyon Township, Precinct 1",County Treasurer,,REP,Write-In,3
Roscommon,"Lyon Township, Precinct 1",County Treasurer,,REP,Ballots Cast,474
Roscommon,"Markey Township, Precinct 1",County Treasurer,,REP,MARCIE DANKERT,402
Roscommon,"Markey Township, Precinct 1",County Treasurer,,REP,Write-In,3
Roscommon,"Markey Township, Precinct 1",County Treasurer,,REP,Ballots Cast,402
Roscommon,"Nester Township, Precinct 1",County Treasurer,,REP,MARCIE DANKERT,52
Roscommon,"Nester Township, Precinct 1",County Treasurer,,REP,Write-In,0
Roscommon,"Nester Township, Precinct 1",County Treasurer,,REP,Ballots Cast,52
Roscommon,"Richfield Township, Precinct 1",County Treasurer,,REP,MARCIE DANKERT,473
Roscommon,"Richfield Township, Precinct 1",County Treasurer,,REP,Write-In,2
Roscommon,"Richfield Township, Precinct 1",County Treasurer,,REP,Ballots Cast,473
Roscommon,"Roscommon Township, Precinct 1",County Treasurer,,REP,MARCIE DANKERT,257
Roscommon,"Roscommon Township, Precinct 1",County Treasurer,,REP,Write-In,2
Roscommon,"Roscommon Township, Precinct 1",County Treasurer,,REP,Ballots Cast,257
Roscommon,"Roscommon Township, Precinct 2",County Treasurer,,REP,MARCIE DANKERT,281
Roscommon,"Roscommon Township, Precinct 2",County Treasurer,,REP,Write-In,2
Roscommon,"Roscommon Township, Precinct 2",County Treasurer,,REP,Ballots Cast,281
Roscommon,"Au Sable Township, Precinct 1",County Road Commissioner,,REP,JAMES PORATH,33
Roscommon,"Au Sable Township, Precinct 1",County Road Commissioner,,REP,JUSTIN WYKOFF,31
Roscommon,"Au Sable Township, Precinct 1",County Road Commissioner,,REP,Write-In,0
Roscommon,"Au Sable Township, Precinct 1",County Road Commissioner,,REP,Ballots Cast,64
Roscommon,"Backus Township, Precinct 1",County Road Commissioner,,REP,JAMES PORATH,40
Roscommon,"Backus Township, Precinct 1",County Road Commissioner,,REP,JUSTIN WYKOFF,30
Roscommon,"Backus Township, Precinct 1",County Road Commissioner,,REP,Write-In,0
Roscommon,"Backus Township, Precinct 1",County Road Commissioner,,REP,Ballots Cast,70
Roscommon,"Denton Township, Precinct 1",County Road Commissioner,,REP,JAMES PORATH,375
Roscommon,"Denton Township, Precinct 1",County Road Commissioner,,REP,JUSTIN WYKOFF,312
Roscommon,"Denton Township, Precinct 1",County Road Commissioner,,REP,Write-In,1
Roscommon,"Denton Township, Precinct 1",County Road Commissioner,,REP,Ballots Cast,687
Roscommon,"Denton Township, Precinct 2",County Road Commissioner,,REP,JAMES PORATH,327
Roscommon,"Denton Township, Precinct 2",County Road Commissioner,,REP,JUSTIN WYKOFF,261
Roscommon,"Denton Township, Precinct 2",County Road Commissioner,,REP,Write-In,0
Roscommon,"Denton Township, Precinct 2",County Road Commissioner,,REP,Ballots Cast,588
Roscommon,"Gerrish Township, Precinct 1",County Road Commissioner,,REP,JAMES PORATH,556
Roscommon,"Gerrish Township, Precinct 1",County Road Commissioner,,REP,JUSTIN WYKOFF,489
Roscommon,"Gerrish Township, Precinct 1",County Road Commissioner,,REP,Write-In,1
Roscommon,"Gerrish Township, Precinct 1",County Road Commissioner,,REP,Ballots Cast,1045
Roscommon,"Higgins Township, Precinct 1",County Road Commissioner,,REP,JAMES PORATH,137
Roscommon,"Higgins Township, Precinct 1",County Road Commissioner,,REP,JUSTIN WYKOFF,124
Roscommon,"Higgins Township, Precinct 1",County Road Commissioner,,REP,Write-In,0
Roscommon,"Higgins Township, Precinct 1",County Road Commissioner,,REP,Ballots Cast,261
Roscommon,"Lake Township, Precinct 1",County Road Commissioner,,REP,JAMES PORATH,228
Roscommon,"Lake Township, Precinct 1",County Road Commissioner,,REP,JUSTIN WYKOFF,160
Roscommon,"Lake Township, Precinct 1",County Road Commissioner,,REP,Write-In,0
Roscommon,"Lake Township, Precinct 1",County Road Commissioner,,REP,Ballots Cast,388
Roscommon,"Lyon Township, Precinct 1",County Road Commissioner,,REP,JAMES PORATH,377
Roscommon,"Lyon Township, Precinct 1",County Road Commissioner,,REP,JUSTIN WYKOFF,329
Roscommon,"Lyon Township, Precinct 1",County Road Commissioner,,REP,Write-In,2
Roscommon,"Lyon Township, Precinct 1",County Road Commissioner,,REP,Ballots Cast,706
Roscommon,"Markey Township, Precinct 1",County Road Commissioner,,REP,JAMES PORATH,335
Roscommon,"Markey Township, Precinct 1",County Road Commissioner,,REP,JUSTIN WYKOFF,308
Roscommon,"Markey Township, Precinct 1",County Road Commissioner,,REP,Write-In,2
Roscommon,"Markey Township, Precinct 1",County Road Commissioner,,REP,Ballots Cast,643
Roscommon,"Nester Township, Precinct 1",County Road Commissioner,,REP,JAMES PORATH,50
Roscommon,"Nester Township, Precinct 1",County Road Commissioner,,REP,JUSTIN WYKOFF,34
Roscommon,"Nester Township, Precinct 1",County Road Commissioner,,REP,Write-In,0
Roscommon,"Nester Township, Precinct 1",County Road Commissioner,,REP,Ballots Cast,84
Roscommon,"Richfield Township, Precinct 1",County Road Commissioner,,REP,JAMES PORATH,329
Roscommon,"Richfield Township, Precinct 1",County Road Commissioner,,REP,JUSTIN WYKOFF,347
Roscommon,"Richfield Township, Precinct 1",County Road Commissioner,,REP,Write-In,4
Roscommon,"Richfield Township, Precinct 1",County Road Commissioner,,REP,Ballots Cast,676
Roscommon,"Roscommon Township, Precinct 1",County Road Commissioner,,REP,JAMES PORATH,226
Roscommon,"Roscommon Township, Precinct 1",County Road Commissioner,,REP,JUSTIN WYKOFF,153
Roscommon,"Roscommon Township, Precinct 1",County Road Commissioner,,REP,Write-In,2
Roscommon,"Roscommon Township, Precinct 1",County Road Commissioner,,REP,Ballots Cast,379
Roscommon,"Roscommon Township, Precinct 2",County Road Commissioner,,REP,JAMES PORATH,244
Roscommon,"Roscommon Township, Precinct 2",County Road Commissioner,,REP,JUSTIN WYKOFF,161
Roscommon,"Roscommon Township, Precinct 2",County Road Commissioner,,REP,Write-In,1
Roscommon,"Roscommon Township, Precinct 2",County Road Commissioner,,REP,Ballots Cast,405
Roscommon,"Au Sable Township, Precinct 1",County Drain Commissioner,,REP,CHASE SCHEPKE,41
Roscommon,"Au Sable Township, Precinct 1",County Drain Commissioner,,REP,Write-In,0
Roscommon,"Au Sable Township, Precinct 1",County Drain Commissioner,,REP,Ballots Cast,41
Roscommon,"Backus Township, Precinct 1",County Drain Commissioner,,REP,CHASE SCHEPKE,45
Roscommon,"Backus Township, Precinct 1",County Drain Commissioner,,REP,Write-In,0
Roscommon,"Backus Township, Precinct 1",County Drain Commissioner,,REP,Ballots Cast,45
Roscommon,"Denton Township, Precinct 1",County Drain Commissioner,,REP,CHASE SCHEPKE,423
Roscommon,"Denton Township, Precinct 1",County Drain Commissioner,,REP,Write-In,2
Roscommon,"Denton Township, Precinct 1",County Drain Commissioner,,REP,Ballots Cast,423
Roscommon,"Denton Township, Precinct 2",County Drain Commissioner,,REP,CHASE SCHEPKE,375
Roscommon,"Denton Township, Precinct 2",County Drain Commissioner,,REP,Write-In,2
Roscommon,"Denton Township, Precinct 2",County Drain Commissioner,,REP,Ballots Cast,375
Roscommon,"Gerrish Township, Precinct 1",County Drain Commissioner,,REP,CHASE SCHEPKE,688
Roscommon,"Gerrish Township, Precinct 1",County Drain Commissioner,,REP,Write-In,3
Roscommon,"Gerrish Township, Precinct 1",County Drain Commissioner,,REP,Ballots Cast,688
Roscommon,"Higgins Township, Precinct 1",County Drain Commissioner,,REP,CHASE SCHEPKE,176
Roscommon,"Higgins Township, Precinct 1",County Drain Commissioner,,REP,Write-In,0
Roscommon,"Higgins Township, Precinct 1",County Drain Commissioner,,REP,Ballots Cast,176
Roscommon,"Lake Township, Precinct 1",County Drain Commissioner,,REP,CHASE SCHEPKE,229
Roscommon,"Lake Township, Precinct 1",County Drain Commissioner,,REP,Write-In,3
Roscommon,"Lake Township, Precinct 1",County Drain Commissioner,,REP,Ballots Cast,229
Roscommon,"Lyon Township, Precinct 1",County Drain Commissioner,,REP,CHASE SCHEPKE,458
Roscommon,"Lyon Township, Precinct 1",County Drain Commissioner,,REP,Write-In,4
Roscommon,"Lyon Township, Precinct 1",County Drain Commissioner,,REP,Ballots Cast,458
Roscommon,"Markey Township, Precinct 1",County Drain Commissioner,,REP,CHASE SCHEPKE,375
Roscommon,"Markey Township, Precinct 1",County Drain Commissioner,,REP,Write-In,3
Roscommon,"Markey Township, Precinct 1",County Drain Commissioner,,REP,Ballots Cast,375
Roscommon,"Nester Township, Precinct 1",County Drain Commissioner,,REP,CHASE SCHEPKE,49
Roscommon,"Nester Township, Precinct 1",County Drain Commissioner,,REP,Write-In,0
Roscommon,"Nester Township, Precinct 1",County Drain Commissioner,,REP,Ballots Cast,49
Roscommon,"Richfield Township, Precinct 1",County Drain Commissioner,,REP,CHASE SCHEPKE,460
Roscommon,"Richfield Township, Precinct 1",County Drain Commissioner,,REP,Write-In,4
Roscommon,"Richfield Township, Precinct 1",County Drain Commissioner,,REP,Ballots Cast,460
Roscommon,"Roscommon Township, Precinct 1",County Drain Commissioner,,REP,CHASE SCHEPKE,239
Roscommon,"Roscommon Township, Precinct 1",County Drain Commissioner,,REP,Write-In,5
Roscommon,"Roscommon Township, Precinct 1",County Drain Commissioner,,REP,Ballots Cast,239
Roscommon,"Roscommon Township, Precinct 2",County Drain Commissioner,,REP,CHASE SCHEPKE,264
Roscommon,"Roscommon Township, Precinct 2",County Drain Commissioner,,REP,Write-In,0
Roscommon,"Roscommon Township, Precinct 2",County Drain Commissioner,,REP,Ballots Cast,264
Roscommon,"Denton Township, Precinct 1",County Commissioner 5th District,5,REP,DARLENE SENSOR,338
Roscommon,"Denton Township, Precinct 1",County Commissioner 5th District,5,REP,Write-In,2
Roscommon,"Denton Township, Precinct 1",County Commissioner 5th District,5,REP,Ballots Cast,338
Roscommon,"Denton Township, Precinct 2",County Commissioner 5th District,5,REP,DARLENE SENSOR,395
Roscommon,"Denton Township, Precinct 2",County Commissioner 5th District,5,REP,Write-In,1
Roscommon,"Denton Township, Precinct 2",County Commissioner 5th District,5,REP,Ballots Cast,395
Roscommon,"Lake Township, Precinct 1",County Commissioner 1st District,1,REP,DAVID RUSSO SR,159
Roscommon,"Lake Township, Precinct 1",County Commissioner 1st District,1,REP,MARK SCHAEFER,138
Roscommon,"Lake Township, Precinct 1",County Commissioner 1st District,1,REP,Write-In,1
Roscommon,"Lake Township, Precinct 1",County Commissioner 1st District,1,REP,Ballots Cast,297
Roscommon,"Lyon Township, Precinct 1",County Commissioner 1st District,1,REP,DAVID RUSSO SR,245
Roscommon,"Lyon Township, Precinct 1",County Commissioner 1st District,1,REP,MARK SCHAEFER,260
Roscommon,"Lyon Township, Precinct 1",County Commissioner 1st District,1,REP,Write-In,2
Roscommon,"Lyon Township, Precinct 1",County Commissioner 1st District,1,REP,Ballots Cast,505
Roscommon,"Markey Township, Precinct 1",County Commissioner 1st District,1,REP,DAVID RUSSO SR,290
Roscommon,"Markey Township, Precinct 1",County Commissioner 1st District,1,REP,MARK SCHAEFER,157
Roscommon,"Markey Township, Precinct 1",County Commissioner 1st District,1,REP,Write-In,1
Roscommon,"Markey Township, Precinct 1",County Commissioner 1st District,1,REP,Ballots Cast,447
Roscommon,"Gerrish Township, Precinct 1",County Commissioner 2nd District,2,REP,KIM MORLEY,492
Roscommon,"Gerrish Township, Precinct 1",County Commissioner 2nd District,2,REP,TIMOTHY O'ROURKE,395
Roscommon,"Gerrish Township, Precinct 1",County Commissioner 2nd District,2,REP,Write-In,1
Roscommon,"Gerrish Township, Precinct 1",County Commissioner 2nd District,2,REP,Ballots Cast,887
Roscommon,"Higgins Township, Precinct 1",County Commissioner 2nd District,2,REP,KIM MORLEY,119
Roscommon,"Higgins Township, Precinct 1",County Commissioner 2nd District,2,REP,TIMOTHY O'ROURKE,79
Roscommon,"Higgins Township, Precinct 1",County Commissioner 2nd District,2,REP,Write-In,0
Roscommon,"Higgins Township, Precinct 1",County Commissioner 2nd District,2,REP,Ballots Cast,198
Roscommon,"Au Sable Township, Precinct 1",County Commissioner 3rd District,3,REP,REX WOLFSEN,43
Roscommon,"Au Sable Township, Precinct 1",County Commissioner 3rd District,3,REP,Write-In,0
Roscommon,"Au Sable Township, Precinct 1",County Commissioner 3rd District,3,REP,Ballots Cast,43
Roscommon,"Backus Township, Precinct 1",County Commissioner 3rd District,3,REP,REX WOLFSEN,47
Roscommon,"Backus Township, Precinct 1",County Commissioner 3rd District,3,REP,Write-In,0
Roscommon,"Backus Township, Precinct 1",County Commissioner 3rd District,3,REP,Ballots Cast,47
Roscommon,"Denton Township, Precinct 1",County Commissioner 3rd District,3,REP,REX WOLFSEN,99
Roscommon,"Denton Township, Precinct 1",County Commissioner 3rd District,3,REP,Write-In,0
Roscommon,"Denton Township, Precinct 1",County Commissioner 3rd District,3,REP,Ballots Cast,99
Roscommon,"Richfield Township, Precinct 1",County Commissioner 3rd District,3,REP,REX WOLFSEN,461
Roscommon,"Richfield Township, Precinct 1",County Commissioner 3rd District,3,REP,Write-In,3
Roscommon,"Richfield Township, Precinct 1",County Commissioner 3rd District,3,REP,Ballots Cast,461
Roscommon,"Nester Township, Precinct 1",County Commissioner 4th District,4,REP,DANIEL MCGREGOR,15
Roscommon,"Nester Township, Precinct 1",County Commissioner 4th District,4,REP,MARC MILBURN,43
Roscommon,"Nester Township, Precinct 1",County Commissioner 4th District,4,REP,Write-In,0
Roscommon,"Nester Township, Precinct 1",County Commissioner 4th District,4,REP,Ballots Cast,58
Roscommon,"Roscommon Township, Precinct 1",County Commissioner 4th District,4,REP,DANIEL MCGREGOR,102
Roscommon,"Roscommon Township, Precinct 1",County Commissioner 4th District,4,REP,MARC MILBURN,180
Roscommon,"Roscommon Township, Precinct 1",County Commissioner 4th District,4,REP,Write-In,3
Roscommon,"Roscommon Township, Precinct 1",County Commissioner 4th District,4,REP,Ballots Cast,282
Roscommon,"Roscommon Township, Precinct 2",County Commissioner 4th District,4,REP,DANIEL MCGREGOR,133
Roscommon,"Roscommon Township, Precinct 2",County Commissioner 4th District,4,REP,MARC MILBURN,179
Roscommon,"Roscommon Township, Precinct 2",County Commissioner 4th District,4,REP,Write-In,0
Roscommon,"Roscommon Township, Precinct 2",County Commissioner 4th District,4,REP,Ballots Cast,312
Roscommon,"Au Sable Township, Precinct 1",Roscommon County Animal Shelter/Animal Control Program Millage Proposal,,,Yes,41
Roscommon,"Au Sable Township, Precinct 1",Roscommon County Animal Shelter/Animal Control Program Millage Proposal,,,No,37
Roscommon,"Au Sable Township, Precinct 1",Roscommon County Animal Shelter/Animal Control Program Millage Proposal,,,Write-In,0
Roscommon,"Au Sable Township, Precinct 1",Roscommon County Animal Shelter/Animal Control Program Millage Proposal,,,Ballots Cast,78
Roscommon,"Backus Township, Precinct 1",Roscommon County Animal Shelter/Animal Control Program Millage Proposal,,,Yes,46
Roscommon,"Backus Township, Precinct 1",Roscommon County Animal Shelter/Animal Control Program Millage Proposal,,,No,34
Roscommon,"Backus Township, Precinct 1",Roscommon County Animal Shelter/Animal Control Program Millage Proposal,,,Write-In,0
Roscommon,"Backus Township, Precinct 1",Roscommon County Animal Shelter/Animal Control Program Millage Proposal,,,Ballots Cast,80
Roscommon,"Denton Township, Precinct 1",Roscommon County Animal Shelter/Animal Control Program Millage Proposal,,,Yes,502
Roscommon,"Denton Township, Precinct 1",Roscommon County Animal Shelter/Animal Control Program Millage Proposal,,,No,304
Roscommon,"Denton Township, Precinct 1",Roscommon County Animal Shelter/Animal Control Program Millage Proposal,,,Write-In,0
Roscommon,"Denton Township, Precinct 1",Roscommon County Animal Shelter/Animal Control Program Millage Proposal,,,Ballots Cast,806
Roscommon,"Denton Township, Precinct 2",Roscommon County Animal Shelter/Animal Control Program Millage Proposal,,,Yes,429
Roscommon,"Denton Township, Precinct 2",Roscommon County Animal Shelter/Animal Control Program Millage Proposal,,,No,228
Roscommon,"Denton Township, Precinct 2",Roscommon County Animal Shelter/Animal Control Program Millage Proposal,,,Write-In,0
Roscommon,"Denton Township, Precinct 2",Roscommon County Animal Shelter/Animal Control Program Millage Proposal,,,Ballots Cast,657
Roscommon,"Gerrish Township, Precinct 1",Roscommon County Animal Shelter/Animal Control Program Millage Proposal,,,Yes,715
Roscommon,"Gerrish Township, Precinct 1",Roscommon County Animal Shelter/Animal Control Program Millage Proposal,,,No,507
Roscommon,"Gerrish Township, Precinct 1",Roscommon County Animal Shelter/Animal Control Program Millage Proposal,,,Write-In,0
Roscommon,"Gerrish Township, Precinct 1",Roscommon County Animal Shelter/Animal Control Program Millage Proposal,,,Ballots Cast,1222
Roscommon,"Higgins Township, Precinct 1",Roscommon County Animal Shelter/Animal Control Program Millage Proposal,,,Yes,238
Roscommon,"Higgins Township, Precinct 1",Roscommon County Animal Shelter/Animal Control Program Millage Proposal,,,No,101
Roscommon,"Higgins Township, Precinct 1",Roscommon County Animal Shelter/Animal Control Program Millage Proposal,,,Write-In,0
Roscommon,"Higgins Township, Precinct 1",Roscommon County Animal Shelter/Animal Control Program Millage Proposal,,,Ballots Cast,339
Roscommon,"Lake Township, Precinct 1",Roscommon County Animal Shelter/Animal Control Program Millage Proposal,,,Yes,274
Roscommon,"Lake Township, Precinct 1",Roscommon County Animal Shelter/Animal Control Program Millage Proposal,,,No,194
Roscommon,"Lake Township, Precinct 1",Roscommon County Animal Shelter/Animal Control Program Millage Proposal,,,Write-In,0
Roscommon,"Lake Township, Precinct 1",Roscommon County Animal Shelter/Animal Control Program Millage Proposal,,,Ballots Cast,468
Roscommon,"Lyon Township, Precinct 1",Roscommon County Animal Shelter/Animal Control Program Millage Proposal,,,Yes,430
Roscommon,"Lyon Township, Precinct 1",Roscommon County Animal Shelter/Animal Control Program Millage Proposal,,,No,285
Roscommon,"Lyon Township, Precinct 1",Roscommon County Animal Shelter/Animal Control Program Millage Proposal,,,Write-In,0
Roscommon,"Lyon Township, Precinct 1",Roscommon County Animal Shelter/Animal Control Program Millage Proposal,,,Ballots Cast,715
Roscommon,"Markey Township, Precinct 1",Roscommon County Animal Shelter/Animal Control Program Millage Proposal,,,Yes,473
Roscommon,"Markey Township, Precinct 1",Roscommon County Animal Shelter/Animal Control Program Millage Proposal,,,No,267
Roscommon,"Markey Township, Precinct 1",Roscommon County Animal Shelter/Animal Control Program Millage Proposal,,,Write-In,0
Roscommon,"Markey Township, Precinct 1",Roscommon County Animal Shelter/Animal Control Program Millage Proposal,,,Ballots Cast,740
Roscommon,"Nester Township, Precinct 1",Roscommon County Animal Shelter/Animal Control Program Millage Proposal,,,Yes,59
Roscommon,"Nester Township, Precinct 1",Roscommon County Animal Shelter/Animal Control Program Millage Proposal,,,No,35
Roscommon,"Nester Township, Precinct 1",Roscommon County Animal Shelter/Animal Control Program Millage Proposal,,,Write-In,0
Roscommon,"Nester Township, Precinct 1",Roscommon County Animal Shelter/Animal Control Program Millage Proposal,,,Ballots Cast,94
Roscommon,"Richfield Township, Precinct 1",Roscommon County Animal Shelter/Animal Control Program Millage Proposal,,,Yes,478
Roscommon,"Richfield Township, Precinct 1",Roscommon County Animal Shelter/Animal Control Program Millage Proposal,,,No,420
Roscommon,"Richfield Township, Precinct 1",Roscommon County Animal Shelter/Animal Control Program Millage Proposal,,,Write-In,0
Roscommon,"Richfield Township, Precinct 1",Roscommon County Animal Shelter/Animal Control Program Millage Proposal,,,Ballots Cast,898
Roscommon,"Roscommon Township, Precinct 1",Roscommon County Animal Shelter/Animal Control Program Millage Proposal,,,Yes,305
Roscommon,"Roscommon Township, Precinct 1",Roscommon County Animal Shelter/Animal Control Program Millage Proposal,,,No,154
Roscommon,"Roscommon Township, Precinct 1",Roscommon County Animal Shelter/Animal Control Program Millage Proposal,,,Write-In,0
Roscommon,"Roscommon Township, Precinct 1",Roscommon County Animal Shelter/Animal Control Program Millage Proposal,,,Ballots Cast,459
Roscommon,"Roscommon Township, Precinct 2",Roscommon County Animal Shelter/Animal Control Program Millage Proposal,,,Yes,296
Roscommon,"Roscommon Township, Precinct 2",Roscommon County Animal Shelter/Animal Control Program Millage Proposal,,,No,194
Roscommon,"Roscommon Township, Precinct 2",Roscommon County Animal Shelter/Animal Control Program Millage Proposal,,,Write-In,0
Roscommon,"Roscommon Township, Precinct 2",Roscommon County Animal Shelter/Animal Control Program Millage Proposal,,,Ballots Cast,490
Roscommon,"Au Sable Township, Precinct 1",Roscommon County Capital Improvement and Maintenance Millage Proposal,,,Yes,24
Roscommon,"Au Sable Township, Precinct 1",Roscommon County Capital Improvement and Maintenance Millage Proposal,,,No,54
Roscommon,"Au Sable Township, Precinct 1",Roscommon County Capital Improvement and Maintenance Millage Proposal,,,Write-In,0
Roscommon,"Au Sable Township, Precinct 1",Roscommon County Capital Improvement and Maintenance Millage Proposal,,,Ballots Cast,78
Roscommon,"Backus Township, Precinct 1",Roscommon County Capital Improvement and Maintenance Millage Proposal,,,Yes,25
Roscommon,"Backus Township, Precinct 1",Roscommon County Capital Improvement and Maintenance Millage Proposal,,,No,56
Roscommon,"Backus Township, Precinct 1",Roscommon County Capital Improvement and Maintenance Millage Proposal,,,Write-In,0
Roscommon,"Backus Township, Precinct 1",Roscommon County Capital Improvement and Maintenance Millage Proposal,,,Ballots Cast,81
Roscommon,"Denton Township, Precinct 1",Roscommon County Capital Improvement and Maintenance Millage Proposal,,,Yes,218
Roscommon,"Denton Township, Precinct 1",Roscommon County Capital Improvement and Maintenance Millage Proposal,,,No,578
Roscommon,"Denton Township, Precinct 1",Roscommon County Capital Improvement and Maintenance Millage Proposal,,,Write-In,0
Roscommon,"Denton Township, Precinct 1",Roscommon County Capital Improvement and Maintenance Millage Proposal,,,Ballots Cast,796
Roscommon,"Denton Township, Precinct 2",Roscommon County Capital Improvement and Maintenance Millage Proposal,,,Yes,184
Roscommon,"Denton Township, Precinct 2",Roscommon County Capital Improvement and Maintenance Millage Proposal,,,No,468
Roscommon,"Denton Township, Precinct 2",Roscommon County Capital Improvement and Maintenance Millage Proposal,,,Write-In,0
Roscommon,"Denton Township, Precinct 2",Roscommon County Capital Improvement and Maintenance Millage Proposal,,,Ballots Cast,652
Roscommon,"Gerrish Township, Precinct 1",Roscommon County Capital Improvement and Maintenance Millage Proposal,,,Yes,384
Roscommon,"Gerrish Township, Precinct 1",Roscommon County Capital Improvement and Maintenance Millage Proposal,,,No,830
Roscommon,"Gerrish Township, Precinct 1",Roscommon County Capital Improvement and Maintenance Millage Proposal,,,Write-In,0
Roscommon,"Gerrish Township, Precinct 1",Roscommon County Capital Improvement and Maintenance Millage Proposal,,,Ballots Cast,1214
Roscommon,"Higgins Township, Precinct 1",Roscommon County Capital Improvement and Maintenance Millage Proposal,,,Yes,160
Roscommon,"Higgins Township, Precinct 1",Roscommon County Capital Improvement and Maintenance Millage Proposal,,,No,178
Roscommon,"Higgins Township, Precinct 1",Roscommon County Capital Improvement and Maintenance Millage Proposal,,,Write-In,0
Roscommon,"Higgins Township, Precinct 1",Roscommon County Capital Improvement and Maintenance Millage Proposal,,,Ballots Cast,338
Roscommon,"Lake Township, Precinct 1",Roscommon County Capital Improvement and Maintenance Millage Proposal,,,Yes,98
Roscommon,"Lake Township, Precinct 1",Roscommon County Capital Improvement and Maintenance Millage Proposal,,,No,363
Roscommon,"Lake Township, Precinct 1",Roscommon County Capital Improvement and Maintenance Millage Proposal,,,Write-In,0
Roscommon,"Lake Township, Precinct 1",Roscommon County Capital Improvement and Maintenance Millage Proposal,,,Ballots Cast,461
Roscommon,"Lyon Township, Precinct 1",Roscommon County Capital Improvement and Maintenance Millage Proposal,,,Yes,231
Roscommon,"Lyon Township, Precinct 1",Roscommon County Capital Improvement and Maintenance Millage Proposal,,,No,477
Roscommon,"Lyon Township, Precinct 1",Roscommon County Capital Improvement and Maintenance Millage Proposal,,,Write-In,0
Roscommon,"Lyon Township, Precinct 1",Roscommon County Capital Improvement and Maintenance Millage Proposal,,,Ballots Cast,708
Roscommon,"Markey Township, Precinct 1",Roscommon County Capital Improvement and Maintenance Millage Proposal,,,Yes,233
Roscommon,"Markey Township, Precinct 1",Roscommon County Capital Improvement and Maintenance Millage Proposal,,,No,502
Roscommon,"Markey Township, Precinct 1",Roscommon County Capital Improvement and Maintenance Millage Proposal,,,Write-In,0
Roscommon,"Markey Township, Precinct 1",Roscommon County Capital Improvement and Maintenance Millage Proposal,,,Ballots Cast,735
Roscommon,"Nester Township, Precinct 1",Roscommon County Capital Improvement and Maintenance Millage Proposal,,,Yes,30
Roscommon,"Nester Township, Precinct 1",Roscommon County Capital Improvement and Maintenance Millage Proposal,,,No,64
Roscommon,"Nester Township, Precinct 1",Roscommon County Capital Improvement and Maintenance Millage Proposal,,,Write-In,0
Roscommon,"Nester Township, Precinct 1",Roscommon County Capital Improvement and Maintenance Millage Proposal,,,Ballots Cast,94
Roscommon,"Richfield Township, Precinct 1",Roscommon County Capital Improvement and Maintenance Millage Proposal,,,Yes,170
Roscommon,"Richfield Township, Precinct 1",Roscommon County Capital Improvement and Maintenance Millage Proposal,,,No,721
Roscommon,"Richfield Township, Precinct 1",Roscommon County Capital Improvement and Maintenance Millage Proposal,,,Write-In,0
Roscommon,"Richfield Township, Precinct 1",Roscommon County Capital Improvement and Maintenance Millage Proposal,,,Ballots Cast,891
Roscommon,"Roscommon Township, Precinct 1",Roscommon County Capital Improvement and Maintenance Millage Proposal,,,Yes,140
Roscommon,"Roscommon Township, Precinct 1",Roscommon County Capital Improvement and Maintenance Millage Proposal,,,No,312
Roscommon,"Roscommon Township, Precinct 1",Roscommon County Capital Improvement and Maintenance Millage Proposal,,,Write-In,0
Roscommon,"Roscommon Township, Precinct 1",Roscommon County Capital Improvement and Maintenance Millage Proposal,,,Ballots Cast,452
Roscommon,"Roscommon Township, Precinct 2",Roscommon County Capital Improvement and Maintenance Millage Proposal,,,Yes,132
Roscommon,"Roscommon Township, Precinct 2",Roscommon County Capital Improvement and Maintenance Millage Proposal,,,No,354
Roscommon,"Roscommon Township, Precinct 2",Roscommon County Capital Improvement and Maintenance Millage Proposal,,,Write-In,0
Roscommon,"Roscommon Township, Precinct 2",Roscommon County Capital Improvement and Maintenance Millage Proposal,,,Ballots Cast,486
Roscommon,"Au Sable Township, Precinct 1",Roscommon Economic Development Committee and MSU Extension/4-H Program Millage Proposal,,,Yes,37
Roscommon,"Au Sable Township, Precinct 1",Roscommon Economic Development Committee and MSU Extension/4-H Program Millage Proposal,,,No,39
Roscommon,"Au Sable Township, Precinct 1",Roscommon Economic Development Committee and MSU Extension/4-H Program Millage Proposal,,,Write-In,0
Roscommon,"Au Sable Township, Precinct 1",Roscommon Economic Development Committee and MSU Extension/4-H Program Millage Proposal,,,Ballots Cast,76
Roscommon,"Backus Township, Precinct 1",Roscommon Economic Development Committee and MSU Extension/4-H Program Millage Proposal,,,Yes,35
Roscommon,"Backus Township, Precinct 1",Roscommon Economic Development Committee and MSU Extension/4-H Program Millage Proposal,,,No,45
Roscommon,"Backus Township, Precinct 1",Roscommon Economic Development Committee and MSU Extension/4-H Program Millage Proposal,,,Write-In,0
Roscommon,"Backus Township, Precinct 1",Roscommon Economic Development Committee and MSU Extension/4-H Program Millage Proposal,,,Ballots Cast,80
Roscommon,"Denton Township, Precinct 1",Roscommon Economic Development Committee and MSU Extension/4-H Program Millage Proposal,,,Yes,288
Roscommon,"Denton Township, Precinct 1",Roscommon Economic Development Committee and MSU Extension/4-H Program Millage Proposal,,,No,512
Roscommon,"Denton Township, Precinct 1",Roscommon Economic Development Committee and MSU Extension/4-H Program Millage Proposal,,,Write-In,0
Roscommon,"Denton Township, Precinct 1",Roscommon Economic Development Committee and MSU Extension/4-H Program Millage Proposal,,,Ballots Cast,800
Roscommon,"Denton Township, Precinct 2",Roscommon Economic Development Committee and MSU Extension/4-H Program Millage Proposal,,,Yes,276
Roscommon,"Denton Township, Precinct 2",Roscommon Economic Development Committee and MSU Extension/4-H Program Millage Proposal,,,No,376
Roscommon,"Denton Township, Precinct 2",Roscommon Economic Development Committee and MSU Extension/4-H Program Millage Proposal,,,Write-In,0
Roscommon,"Denton Township, Precinct 2",Roscommon Economic Development Committee and MSU Extension/4-H Program Millage Proposal,,,Ballots Cast,652
Roscommon,"Gerrish Township, Precinct 1",Roscommon Economic Development Committee and MSU Extension/4-H Program Millage Proposal,,,Yes,457
Roscommon,"Gerrish Township, Precinct 1",Roscommon Economic Development Committee and MSU Extension/4-H Program Millage Proposal,,,No,753
Roscommon,"Gerrish Township, Precinct 1",Roscommon Economic Development Committee and MSU Extension/4-H Program Millage Proposal,,,Write-In,0
Roscommon,"Gerrish Township, Precinct 1",Roscommon Economic Development Committee and MSU Extension/4-H Program Millage Proposal,,,Ballots Cast,1210
Roscommon,"Higgins Township, Precinct 1",Roscommon Economic Development Committee and MSU Extension/4-H Program Millage Proposal,,,Yes,179
Roscommon,"Higgins Township, Precinct 1",Roscommon Economic Development Committee and MSU Extension/4-H Program Millage Proposal,,,No,157
Roscommon,"Higgins Township, Precinct 1",Roscommon Economic Development Committee and MSU Extension/4-H Program Millage Proposal,,,Write-In,0
Roscommon,"Higgins Township, Precinct 1",Roscommon Economic Development Committee and MSU Extension/4-H Program Millage Proposal,,,Ballots Cast,336
Roscommon,"Lake Township, Precinct 1",Roscommon Economic Development Committee and MSU Extension/4-H Program Millage Proposal,,,Yes,163
Roscommon,"Lake Township, Precinct 1",Roscommon Economic Development Committee and MSU Extension/4-H Program Millage Proposal,,,No,304
Roscommon,"Lake Township, Precinct 1",Roscommon Economic Development Committee and MSU Extension/4-H Program Millage Proposal,,,Write-In,0
Roscommon,"Lake Township, Precinct 1",Roscommon Economic Development Committee and MSU Extension/4-H Program Millage Proposal,,,Ballots Cast,467
Roscommon,"Lyon Township, Precinct 1",Roscommon Economic Development Committee and MSU Extension/4-H Program Millage Proposal,,,Yes,267
Roscommon,"Lyon Township, Precinct 1",Roscommon Economic Development Committee and MSU Extension/4-H Program Millage Proposal,,,No,437
Roscommon,"Lyon Township, Precinct 1",Roscommon Economic Development Committee and MSU Extension/4-H Program Millage Proposal,,,Write-In,0
Roscommon,"Lyon Township, Precinct 1",Roscommon Economic Development Committee and MSU Extension/4-H Program Millage Proposal,,,Ballots Cast,704
Roscommon,"Markey Township, Precinct 1",Roscommon Economic Development Committee and MSU Extension/4-H Program Millage Proposal,,,Yes,287
Roscommon,"Markey Township, Precinct 1",Roscommon Economic Development Committee and MSU Extension/4-H Program Millage Proposal,,,No,446
Roscommon,"Markey Township, Precinct 1",Roscommon Economic Development Committee and MSU Extension/4-H Program Millage Proposal,,,Write-In,0
Roscommon,"Markey Township, Precinct 1",Roscommon Economic Development Committee and MSU Extension/4-H Program Millage Proposal,,,Ballots Cast,733
Roscommon,"Nester Township, Precinct 1",Roscommon Economic Development Committee and MSU Extension/4-H Program Millage Proposal,,,Yes,42
Roscommon,"Nester Township, Precinct 1",Roscommon Economic Development Committee and MSU Extension/4-H Program Millage Proposal,,,No,53
Roscommon,"Nester Township, Precinct 1",Roscommon Economic Development Committee and MSU Extension/4-H Program Millage Proposal,,,Write-In,0
Roscommon,"Nester Township, Precinct 1",Roscommon Economic Development Committee and MSU Extension/4-H Program Millage Proposal,,,Ballots Cast,95
Roscommon,"Richfield Township, Precinct 1",Roscommon Economic Development Committee and MSU Extension/4-H Program Millage Proposal,,,Yes,256
Roscommon,"Richfield Township, Precinct 1",Roscommon Economic Development Committee and MSU Extension/4-H Program Millage Proposal,,,No,634
Roscommon,"Richfield Township, Precinct 1",Roscommon Economic Development Committee and MSU Extension/4-H Program Millage Proposal,,,Write-In,0
Roscommon,"Richfield Township, Precinct 1",Roscommon Economic Development Committee and MSU Extension/4-H Program Millage Proposal,,,Ballots Cast,890
Roscommon,"Roscommon Township, Precinct 1",Roscommon Economic Development Committee and MSU Extension/4-H Program Millage Proposal,,,Yes,205
Roscommon,"Roscommon Township, Precinct 1",Roscommon Economic Development Committee and MSU Extension/4-H Program Millage Proposal,,,No,250
Roscommon,"Roscommon Township, Precinct 1",Roscommon Economic Development Committee and MSU Extension/4-H Program Millage Proposal,,,Write-In,0
Roscommon,"Roscommon Township, Precinct 1",Roscommon Economic Development Committee and MSU Extension/4-H Program Millage Proposal,,,Ballots Cast,455
Roscommon,"Roscommon Township, Precinct 2",Roscommon Economic Development Committee and MSU Extension/4-H Program Millage Proposal,,,Yes,180
Roscommon,"Roscommon Township, Precinct 2",Roscommon Economic Development Committee and MSU Extension/4-H Program Millage Proposal,,,No,308
Roscommon,"Roscommon Township, Precinct 2",Roscommon Economic Development Committee and MSU Extension/4-H Program Millage Proposal,,,Write-In,0
Roscommon,"Roscommon Township, Precinct 2",Roscommon Economic Development Committee and MSU Extension/4-H Program Millage Proposal,,,Ballots Cast,488
Roscommon,"Lake Township, Precinct 1",Lake Township Supervisor,,DEM,PATRICIA RISS,98
Roscommon,"Lake Township, Precinct 1",Lake Township Supervisor,,DEM,Write-In,0
Roscommon,"Lake Township, Precinct 1",Lake Township Supervisor,,DEM,Ballots Cast,98
Roscommon,"Roscommon Township, Precinct 1",Roscommon Township Supervisor,,DEM,Write-In,10
Roscommon,"Roscommon Township, Precinct 1",Roscommon Township Supervisor,,DEM,Ballots Cast,0
Roscommon,"Roscommon Township, Precinct 2",Roscommon Township Supervisor,,DEM,Write-In,19
Roscommon,"Roscommon Township, Precinct 2",Roscommon Township Supervisor,,DEM,Ballots Cast,0
Roscommon,"Au Sable Township, Precinct 1",Au Sable Township Supervisor,,DEM,Write-In,2
Roscommon,"Au Sable Township, Precinct 1",Au Sable Township Supervisor,,DEM,Ballots Cast,0
Roscommon,"Backus Township, Precinct 1",Backus Township Supervisor,,DEM,Write-In,1
Roscommon,"Backus Township, Precinct 1",Backus Township Supervisor,,DEM,Ballots Cast,0
Roscommon,"Higgins Township, Precinct 1",Higgins Township Supervisor,,DEM,Write-In,6
Roscommon,"Higgins Township, Precinct 1",Higgins Township Supervisor,,DEM,Ballots Cast,0
Roscommon,"Nester Township, Precinct 1",Nester Township Supervisor,,DEM,Write-In,5
Roscommon,"Nester Township, Precinct 1",Nester Township Supervisor,,DEM,Ballots Cast,0
Roscommon,"Denton Township, Precinct 1",Denton Township Supervisor,,DEM,Write-In,29
Roscommon,"Denton Township, Precinct 1",Denton Township Supervisor,,DEM,Ballots Cast,0
Roscommon,"Denton Township, Precinct 2",Denton Township Supervisor,,DEM,Write-In,15
Roscommon,"Denton Township, Precinct 2",Denton Township Supervisor,,DEM,Ballots Cast,0
Roscommon,"Gerrish Township, Precinct 1",Gerrish Township Supervisor,,DEM,Write-In,17
Roscommon,"Gerrish Township, Precinct 1",Gerrish Township Supervisor,,DEM,Ballots Cast,0
Roscommon,"Lyon Township, Precinct 1",Lyon Township Supervisor,,DEM,Write-In,14
Roscommon,"Lyon Township, Precinct 1",Lyon Township Supervisor,,DEM,Ballots Cast,0
Roscommon,"Markey Township, Precinct 1",Markey Township Supervisor,,DEM,Write-In,16
Roscommon,"Markey Township, Precinct 1",Markey Township Supervisor,,DEM,Ballots Cast,0
Roscommon,"Richfield Township, Precinct 1",Richfield Township Supervisor,,DEM,Write-In,37
Roscommon,"Richfield Township, Precinct 1",Richfield Township Supervisor,,DEM,Ballots Cast,0
Roscommon,"Roscommon Township, Precinct 1",Roscommon Township Clerk,,DEM,Write-In,10
Roscommon,"Roscommon Township, Precinct 1",Roscommon Township Clerk,,DEM,Ballots Cast,0
Roscommon,"Roscommon Township, Precinct 2",Roscommon Township Clerk,,DEM,Write-In,18
Roscommon,"Roscommon Township, Precinct 2",Roscommon Township Clerk,,DEM,Ballots Cast,0
Roscommon,"Backus Township, Precinct 1",Backus Township Clerk,,DEM,Write-In,1
Roscommon,"Backus Township, Precinct 1",Backus Township Clerk,,DEM,Ballots Cast,0
Roscommon,"Au Sable Township, Precinct 1",Au Sable Township Clerk,,DEM,Write-In,2
Roscommon,"Au Sable Township, Precinct 1",Au Sable Township Clerk,,DEM,Ballots Cast,0
Roscommon,"Gerrish Township, Precinct 1",Gerrish Township Clerk,,DEM,Write-In,16
Roscommon,"Gerrish Township, Precinct 1",Gerrish Township Clerk,,DEM,Ballots Cast,0
Roscommon,"Lyon Township, Precinct 1",Lyon Township Clerk,,DEM,Write-In,12
Roscommon,"Lyon Township, Precinct 1",Lyon Township Clerk,,DEM,Ballots Cast,0
Roscommon,"Markey Township, Precinct 1",Markey Township Clerk,,DEM,Write-In,16
Roscommon,"Markey Township, Precinct 1",Markey Township Clerk,,DEM,Ballots Cast,0
Roscommon,"Richfield Township, Precinct 1",Richfield Township Clerk,,DEM,PAMELA SCOTT,276
Roscommon,"Richfield Township, Precinct 1",Richfield Township Clerk,,DEM,Write-In,1
Roscommon,"Richfield Township, Precinct 1",Richfield Township Clerk,,DEM,Ballots Cast,276
Roscommon,"Denton Township, Precinct 1",Denton Township Clerk,,DEM,Write-In,26
Roscommon,"Denton Township, Precinct 1",Denton Township Clerk,,DEM,Ballots Cast,0
Roscommon,"Denton Township, Precinct 2",Denton Township Clerk,,DEM,Write-In,15
Roscommon,"Denton Township, Precinct 2",Denton Township Clerk,,DEM,Ballots Cast,0
Roscommon,"Higgins Township, Precinct 1",Higgins Township Clerk,,DEM,MARGARET BORGULA,86
Roscommon,"Higgins Township, Precinct 1",Higgins Township Clerk,,DEM,Write-In,0
Roscommon,"Higgins Township, Precinct 1",Higgins Township Clerk,,DEM,Ballots Cast,86
Roscommon,"Lake Township, Precinct 1",Lake Township Clerk,,DEM,Write-In,7
Roscommon,"Lake Township, Precinct 1",Lake Township Clerk,,DEM,Ballots Cast,0
Roscommon,"Nester Township, Precinct 1",Nester Township Clerk,,DEM,Write-In,5
Roscommon,"Nester Township, Precinct 1",Nester Township Clerk,,DEM,Ballots Cast,0
Roscommon,"Au Sable Township, Precinct 1",Au Sable Township Treasurer,,DEM,Write-In,2
Roscommon,"Au Sable Township, Precinct 1",Au Sable Township Treasurer,,DEM,Ballots Cast,0
Roscommon,"Gerrish Township, Precinct 1",Gerrish Township Treasurer,,DEM,MEGAN HAERTEL,190
Roscommon,"Gerrish Township, Precinct 1",Gerrish Township Treasurer,,DEM,Write-In,0
Roscommon,"Gerrish Township, Precinct 1",Gerrish Township Treasurer,,DEM,Ballots Cast,190
Roscommon,"Lake Township, Precinct 1",Lake Township Treasurer,,DEM,Write-In,8
Roscommon,"Lake Township, Precinct 1",Lake Township Treasurer,,DEM,Ballots Cast,0
Roscommon,"Lyon Township, Precinct 1",Lyon Township Treasurer,,DEM,Write-In,14
Roscommon,"Lyon Township, Precinct 1",Lyon Township Treasurer,,DEM,Ballots Cast,0
Roscommon,"Nester Township, Precinct 1",Nester Township Treasurer,,DEM,Write-In,5
Roscommon,"Nester Township, Precinct 1",Nester Township Treasurer,,DEM,Ballots Cast,0
Roscommon,"Roscommon Township, Precinct 1",Roscommon Township Treasurer,,DEM,Write-In,10
Roscommon,"Roscommon Township, Precinct 1",Roscommon Township Treasurer,,DEM,Ballots Cast,0
Roscommon,"Roscommon Township, Precinct 2",Roscommon Township Treasurer,,DEM,Write-In,17
Roscommon,"Roscommon Township, Precinct 2",Roscommon Township Treasurer,,DEM,Ballots Cast,0
Roscommon,"Backus Township, Precinct 1",Backus Township Treasurer,,DEM,Write-In,0
Roscommon,"Backus Township, Precinct 1",Backus Township Treasurer,,DEM,Ballots Cast,0
Roscommon,"Markey Township, Precinct 1",Markey Township Treasurer,,DEM,SHERRIE CIARAMITARO,179
Roscommon,"Markey Township, Precinct 1",Markey Township Treasurer,,DEM,Write-In,0
Roscommon,"Markey Township, Precinct 1",Markey Township Treasurer,,DEM,Ballots Cast,179
Roscommon,"Richfield Township, Precinct 1",Richfield Township Treasurer,,DEM,JENNIFER COUNCILMAN,261
Roscommon,"Richfield Township, Precinct 1",Richfield Township Treasurer,,DEM,Write-In,0
Roscommon,"Richfield Township, Precinct 1",Richfield Township Treasurer,,DEM,Ballots Cast,261
Roscommon,"Denton Township, Precinct 1",Denton Township Treasurer,,DEM,Write-In,26
Roscommon,"Denton Township, Precinct 1",Denton Township Treasurer,,DEM,Ballots Cast,0
Roscommon,"Denton Township, Precinct 2",Denton Township Treasurer,,DEM,Write-In,15
Roscommon,"Denton Township, Precinct 2",Denton Township Treasurer,,DEM,Ballots Cast,0
Roscommon,"Higgins Township, Precinct 1",Higgins Township Treasurer,,DEM,Write-In,4
Roscommon,"Higgins Township, Precinct 1",Higgins Township Treasurer,,DEM,Ballots Cast,0
Roscommon,"Au Sable Township, Precinct 1",Au Sable Township Trustee,,DEM,SHARRAL SHARP,24
Roscommon,"Au Sable Township, Precinct 1",Au Sable Township Trustee,,DEM,Write-In,0
Roscommon,"Au Sable Township, Precinct 1",Au Sable Township Trustee,,DEM,Ballots Cast,24
Roscommon,"Backus Township, Precinct 1",Backus Township Trustee,,DEM,ELDONA DOLL,21
Roscommon,"Backus Township, Precinct 1",Backus Township Trustee,,DEM,Write-In,0
Roscommon,"Backus Township, Precinct 1",Backus Township Trustee,,DEM,Ballots Cast,21
Roscommon,"Denton Township, Precinct 1",Denton Township Trustee,,DEM,Write-In,43
Roscommon,"Denton Township, Precinct 1",Denton Township Trustee,,DEM,Ballots Cast,0
Roscommon,"Denton Township, Precinct 2",Denton Township Trustee,,DEM,Write-In,24
Roscommon,"Denton Township, Precinct 2",Denton Township Trustee,,DEM,Ballots Cast,0
Roscommon,"Higgins Township, Precinct 1",Higgins Township Trustee,,DEM,Write-In,6
Roscommon,"Higgins Township, Precinct 1",Higgins Township Trustee,,DEM,Ballots Cast,0
Roscommon,"Markey Township, Precinct 1",Markey Township Trustee,,DEM,Write-In,23
Roscommon,"Markey Township, Precinct 1",Markey Township Trustee,,DEM,Ballots Cast,0
Roscommon,"Nester Township, Precinct 1",Nester Township Trustee,,DEM,Write-In,8
Roscommon,"Nester Township, Precinct 1",Nester Township Trustee,,DEM,Ballots Cast,0
Roscommon,"Roscommon Township, Precinct 1",Roscommon Township Trustee,,DEM,Write-In,15
Roscommon,"Roscommon Township, Precinct 1",Roscommon Township Trustee,,DEM,Ballots Cast,0
Roscommon,"Roscommon Township, Precinct 2",Roscommon Township Trustee,,DEM,Write-In,27
Roscommon,"Roscommon Township, Precinct 2",Roscommon Township Trustee,,DEM,Ballots Cast,0
Roscommon,"Lake Township, Precinct 1",Lake Township Trustee,,DEM,Write-In,11
Roscommon,"Lake Township, Precinct 1",Lake Township Trustee,,DEM,Ballots Cast,0
Roscommon,"Gerrish Township, Precinct 1",Gerrish Township Trustee,,DEM,Write-In,18
Roscommon,"Gerrish Township, Precinct 1",Gerrish Township Trustee,,DEM,Ballots Cast,0
Roscommon,"Lyon Township, Precinct 1",Lyon Township Trustee,,DEM,Write-In,20
Roscommon,"Lyon Township, Precinct 1",Lyon Township Trustee,,DEM,Ballots Cast,0
Roscommon,"Richfield Township, Precinct 1",Richfield Township Trustee,,DEM,CAROLYN MINTON,260
Roscommon,"Richfield Township, Precinct 1",Richfield Township Trustee,,DEM,Write-In,9
Roscommon,"Richfield Township, Precinct 1",Richfield Township Trustee,,DEM,Ballots Cast,260
Roscommon,"Higgins Township, Precinct 1",Higgins Township Constable,,DEM,Write-In,4
Roscommon,"Higgins Township, Precinct 1",Higgins Township Constable,,DEM,Ballots Cast,0
Roscommon,"Gerrish Township, Precinct 1","Gerrish Township, Precinct 1 Delegate to County Convention",,DEM,JOLIE BOOSER,219
Roscommon,"Gerrish Township, Precinct 1","Gerrish Township, Precinct 1 Delegate to County Convention",,DEM,Write-In,4
Roscommon,"Gerrish Township, Precinct 1","Gerrish Township, Precinct 1 Delegate to County Convention",,DEM,Ballots Cast,219
Roscommon,"Higgins Township, Precinct 1","Higgins Township, Precinct 1 Delegate to County Convention",,DEM,Write-In,7
Roscommon,"Higgins Township, Precinct 1","Higgins Township, Precinct 1 Delegate to County Convention",,DEM,Ballots Cast,0
Roscommon,"Denton Township, Precinct 1","Denton Township, Precinct 1 Delegate to County Convention",,DEM,KIMBERLY DANIELS,223
Roscommon,"Denton Township, Precinct 1","Denton Township, Precinct 1 Delegate to County Convention",,DEM,EDWARD DVORSCAK,164
Roscommon,"Denton Township, Precinct 1","Denton Township, Precinct 1 Delegate to County Convention",,DEM,Write-In,0
Roscommon,"Denton Township, Precinct 1","Denton Township, Precinct 1 Delegate to County Convention",,DEM,Ballots Cast,387
Roscommon,"Denton Township, Precinct 2","Denton Township, Precinct 2 Delegate to County Convention",,DEM,SHERIE BAILEY,135
Roscommon,"Denton Township, Precinct 2","Denton Township, Precinct 2 Delegate to County Convention",,DEM,Write-In,5
Roscommon,"Denton Township, Precinct 2","Denton Township, Precinct 2 Delegate to County Convention",,DEM,Ballots Cast,135
Roscommon,"Lake Township, Precinct 1","Lake Township, Precinct 1 Delegate to County Convention",,DEM,Write-In,13
Roscommon,"Lake Township, Precinct 1","Lake Township, Precinct 1 Delegate to County Convention",,DEM,Ballots Cast,0
Roscommon,"Roscommon Township, Precinct 1","Roscommon Township, Precinct 1 Delegate to County Convention",,DEM,STEVEN JOHNSTON,115
Roscommon,"Roscommon Township, Precinct 1","Roscommon Township, Precinct 1 Delegate to County Convention",,DEM,C. RINGWALD,102
Roscommon,"Roscommon Township, Precinct 1","Roscommon Township, Precinct 1 Delegate to County Convention",,DEM,Write-In,1
Roscommon,"Roscommon Township, Precinct 1","Roscommon Township, Precinct 1 Delegate to County Convention",,DEM,Ballots Cast,217
Roscommon,"Roscommon Township, Precinct 2","Roscommon Township, Precinct 2 Delegate to County Convention",,DEM,FRANK PESHICK,109
Roscommon,"Roscommon Township, Precinct 2","Roscommon Township, Precinct 2 Delegate to County Convention",,DEM,Write-In,3
Roscommon,"Roscommon Township, Precinct 2","Roscommon Township, Precinct 2 Delegate to County Convention",,DEM,Ballots Cast,109
Roscommon,"Nester Township, Precinct 1","Nester Township, Precinct 1 Delegate to County Convention",,DEM,Write-In,4
Roscommon,"Nester Township, Precinct 1","Nester Township, Precinct 1 Delegate to County Convention",,DEM,Ballots Cast,0
Roscommon,"Richfield Township, Precinct 1","Richfield Township, Precinct 1 Delegate to County Convention",,DEM,Write-In,38
Roscommon,"Richfield Township, Precinct 1","Richfield Township, Precinct 1 Delegate to County Convention",,DEM,Ballots Cast,0
Roscommon,"Lyon Township, Precinct 1","Lyon Township, Precinct 1 Delegate to County Convention",,DEM,STEVEN MARTIN,62
Roscommon,"Lyon Township, Precinct 1","Lyon Township, Precinct 1 Delegate to County Convention",,DEM,Write-In,2
Roscommon,"Lyon Township, Precinct 1","Lyon Township, Precinct 1 Delegate to County Convention",,DEM,Ballots Cast,62
Roscommon,"Au Sable Township, Precinct 1","Au Sable Township, Precinct 1 Delegate to County Convention",,DEM,Write-In,2
Roscommon,"Au Sable Township, Precinct 1","Au Sable Township, Precinct 1 Delegate to County Convention",,DEM,Ballots Cast,0
Roscommon,"Backus Township, Precinct 1","Backus Township, Precinct 1 Delegate to County Convention",,DEM,Write-In,1
Roscommon,"Backus Township, Precinct 1","Backus Township, Precinct 1 Delegate to County Convention",,DEM,Ballots Cast,0
Roscommon,"Markey Township, Precinct 1","Markey Township, Precinct 1 Delegate to County Convention",,DEM,RUSSELL KWAISER,187
Roscommon,"Markey Township, Precinct 1","Markey Township, Precinct 1 Delegate to County Convention",,DEM,Write-In,1
Roscommon,"Markey Township, Precinct 1","Markey Township, Precinct 1 Delegate to County Convention",,DEM,Ballots Cast,187
Roscommon,"Lake Township, Precinct 1",Lake Township Supervisor,,REP,JOHN HIBBARD,235
Roscommon,"Lake Township, Precinct 1",Lake Township Supervisor,,REP,Write-In,4
Roscommon,"Lake Township, Precinct 1",Lake Township Supervisor,,REP,Ballots Cast,235
Roscommon,"Roscommon Township, Precinct 1",Roscommon Township Supervisor,,REP,DIANE RANDALL,241
Roscommon,"Roscommon Township, Precinct 1",Roscommon Township Supervisor,,REP,Write-In,8
Roscommon,"Roscommon Township, Precinct 1",Roscommon Township Supervisor,,REP,Ballots Cast,241
Roscommon,"Roscommon Township, Precinct 2",Roscommon Township Supervisor,,REP,DIANE RANDALL,278
Roscommon,"Roscommon Township, Precinct 2",Roscommon Township Supervisor,,REP,Write-In,7
Roscommon,"Roscommon Township, Precinct 2",Roscommon Township Supervisor,,REP,Ballots Cast,278
Roscommon,"Au Sable Township, Precinct 1",Au Sable Township Supervisor,,REP,KURTIS NORTON,45
Roscommon,"Au Sable Township, Precinct 1",Au Sable Township Supervisor,,REP,Write-In,0
Roscommon,"Au Sable Township, Precinct 1",Au Sable Township Supervisor,,REP,Ballots Cast,45
Roscommon,"Backus Township, Precinct 1",Backus Township Supervisor,,REP,MIKE ORZECHOWSKI,42
Roscommon,"Backus Township, Precinct 1",Backus Township Supervisor,,REP,Write-In,0
Roscommon,"Backus Township, Precinct 1",Backus Township Supervisor,,REP,Ballots Cast,42
Roscommon,"Higgins Township, Precinct 1",Higgins Township Supervisor,,REP,STEVEN DOGGETT,165
Roscommon,"Higgins Township, Precinct 1",Higgins Township Supervisor,,REP,Write-In,0
Roscommon,"Higgins Township, Precinct 1",Higgins Township Supervisor,,REP,Ballots Cast,165
Roscommon,"Nester Township, Precinct 1",Nester Township Supervisor,,REP,MARK KIRBY,55
Roscommon,"Nester Township, Precinct 1",Nester Township Supervisor,,REP,Write-In,0
Roscommon,"Nester Township, Precinct 1",Nester Township Supervisor,,REP,Ballots Cast,55
Roscommon,"Denton Township, Precinct 1",Denton Township Supervisor,,REP,MICHAEL KITCHEN,162
Roscommon,"Denton Township, Precinct 1",Denton Township Supervisor,,REP,ROBERT SPAULDING,290
Roscommon,"Denton Township, Precinct 1",Denton Township Supervisor,,REP,Write-In,1
Roscommon,"Denton Township, Precinct 1",Denton Township Supervisor,,REP,Ballots Cast,452
Roscommon,"Denton Township, Precinct 2",Denton Township Supervisor,,REP,MICHAEL KITCHEN,121
Roscommon,"Denton Township, Precinct 2",Denton Township Supervisor,,REP,ROBERT SPAULDING,293
Roscommon,"Denton Township, Precinct 2",Denton Township Supervisor,,REP,Write-In,0
Roscommon,"Denton Township, Precinct 2",Denton Township Supervisor,,REP,Ballots Cast,414
Roscommon,"Gerrish Township, Precinct 1",Gerrish Township Supervisor,,REP,BRIAN HILL,773
Roscommon,"Gerrish Township, Precinct 1",Gerrish Township Supervisor,,REP,Write-In,6
Roscommon,"Gerrish Township, Precinct 1",Gerrish Township Supervisor,,REP,Ballots Cast,773
Roscommon,"Lyon Township, Precinct 1",Lyon Township Supervisor,,REP,PAUL BERTRAND,434
Roscommon,"Lyon Township, Precinct 1",Lyon Township Supervisor,,REP,JULIE TATRO,181
Roscommon,"Lyon Township, Precinct 1",Lyon Township Supervisor,,REP,Write-In,0
Roscommon,"Lyon Township, Precinct 1",Lyon Township Supervisor,,REP,Ballots Cast,615
Roscommon,"Markey Township, Precinct 1",Markey Township Supervisor,,REP,JOANNE DONALDSON,187
Roscommon,"Markey Township, Precinct 1",Markey Township Supervisor,,REP,STANLEY GARDNER,227
Roscommon,"Markey Township, Precinct 1",Markey Township Supervisor,,REP,HAROLD HACKETT,52
Roscommon,"Markey Township, Precinct 1",Markey Township Supervisor,,REP,Write-In,0
Roscommon,"Markey Township, Precinct 1",Markey Township Supervisor,,REP,Ballots Cast,466
Roscommon,"Richfield Township, Precinct 1",Richfield Township Supervisor,,REP,RUSSELL TOMES,253
Roscommon,"Richfield Township, Precinct 1",Richfield Township Supervisor,,REP,RAYMOND WLOSINSKI,301
Roscommon,"Richfield Township, Precinct 1",Richfield Township Supervisor,,REP,Write-In,4
Roscommon,"Richfield Township, Precinct 1",Richfield Township Supervisor,,REP,Ballots Cast,554
Roscommon,"Roscommon Township, Precinct 1",Roscommon Township Clerk,,REP,CARIE MILBURN,250
Roscommon,"Roscommon Township, Precinct 1",Roscommon Township Clerk,,REP,Write-In,5
Roscommon,"Roscommon Township, Precinct 1",Roscommon Township Clerk,,REP,Ballots Cast,250
Roscommon,"Roscommon Township, Precinct 2",Roscommon Township Clerk,,REP,CARIE MILBURN,274
Roscommon,"Roscommon Township, Precinct 2",Roscommon Township Clerk,,REP,Write-In,4
Roscommon,"Roscommon Township, Precinct 2",Roscommon Township Clerk,,REP,Ballots Cast,274
Roscommon,"Backus Township, Precinct 1",Backus Township Clerk,,REP,LOUISE NAGY,48
Roscommon,"Backus Township, Precinct 1",Backus Township Clerk,,REP,Write-In,0
Roscommon,"Backus Township, Precinct 1",Backus Township Clerk,,REP,Ballots Cast,48
Roscommon,"Au Sable Township, Precinct 1",Au Sable Township Clerk,,REP,RONALD WATSON JR,45
Roscommon,"Au Sable Township, Precinct 1",Au Sable Township Clerk,,REP,Write-In,0
Roscommon,"Au Sable Township, Precinct 1",Au Sable Township Clerk,,REP,Ballots Cast,45
Roscommon,"Gerrish Township, Precinct 1",Gerrish Township Clerk,,REP,LAWRENCE KRUGER,272
Roscommon,"Gerrish Township, Precinct 1",Gerrish Township Clerk,,REP,MICHELLE SQUIRES,507
Roscommon,"Gerrish Township, Precinct 1",Gerrish Township Clerk,,REP,Write-In,6
Roscommon,"Gerrish Township, Precinct 1",Gerrish Township Clerk,,REP,Ballots Cast,779
Roscommon,"Lyon Township, Precinct 1",Lyon Township Clerk,,REP,GREGORY PEARN,402
Roscommon,"Lyon Township, Precinct 1",Lyon Township Clerk,,REP,DOUGLAS SCHNELL,212
Roscommon,"Lyon Township, Precinct 1",Lyon Township Clerk,,REP,Write-In,0
Roscommon,"Lyon Township, Precinct 1",Lyon Township Clerk,,REP,Ballots Cast,614
Roscommon,"Markey Township, Precinct 1",Markey Township Clerk,,REP,SHERYL TUSSEY,416
Roscommon,"Markey Township, Precinct 1",Markey Township Clerk,,REP,Write-In,1
Roscommon,"Markey Township, Precinct 1",Markey Township Clerk,,REP,Ballots Cast,416
Roscommon,"Richfield Township, Precinct 1",Richfield Township Clerk,,REP,ALANNIS BUSSA,189
Roscommon,"Richfield Township, Precinct 1",Richfield Township Clerk,,REP,MICHELE JOSEPH,291
Roscommon,"Richfield Township, Precinct 1",Richfield Township Clerk,,REP,Write-In,5
Roscommon,"Richfield Township, Precinct 1",Richfield Township Clerk,,REP,Ballots Cast,480
Roscommon,"Denton Township, Precinct 1",Denton Township Clerk,,REP,CAROL ASHER,428
Roscommon,"Denton Township, Precinct 1",Denton Township Clerk,,REP,Write-In,1
Roscommon,"Denton Township, Precinct 1",Denton Township Clerk,,REP,Ballots Cast,428
Roscommon,"Denton Township, Precinct 2",Denton Township Clerk,,REP,CAROL ASHER,400
Roscommon,"Denton Township, Precinct 2",Denton Township Clerk,,REP,Write-In,2
Roscommon,"Denton Township, Precinct 2",Denton Township Clerk,,REP,Ballots Cast,400
Roscommon,"Higgins Township, Precinct 1",Higgins Township Clerk,,REP,Write-In,10
Roscommon,"Higgins Township, Precinct 1",Higgins Township Clerk,,REP,Ballots Cast,0
Roscommon,"Lake Township, Precinct 1",Lake Township Clerk,,REP,ANDREA GRABOWSKI,235
Roscommon,"Lake Township, Precinct 1",Lake Township Clerk,,REP,Write-In,3
Roscommon,"Lake Township, Precinct 1",Lake Township Clerk,,REP,Ballots Cast,235
Roscommon,"Nester Township, Precinct 1",Nester Township Clerk,,REP,MARYANNE WICK,56
Roscommon,"Nester Township, Precinct 1",Nester Township Clerk,,REP,Write-In,0
Roscommon,"Nester Township, Precinct 1",Nester Township Clerk,,REP,Ballots Cast,56
Roscommon,"Au Sable Township, Precinct 1",Au Sable Township Treasurer,,REP,SARAH WATSON,46
Roscommon,"Au Sable Township, Precinct 1",Au Sable Township Treasurer,,REP,Write-In,0
Roscommon,"Au Sable Township, Precinct 1",Au Sable Township Treasurer,,REP,Ballots Cast,46
Roscommon,"Gerrish Township, Precinct 1",Gerrish Township Treasurer,,REP,JAMES ANDERSON,492
Roscommon,"Gerrish Township, Precinct 1",Gerrish Township Treasurer,,REP,SUZANNE BREWER,232
Roscommon,"Gerrish Township, Precinct 1",Gerrish Township Treasurer,,REP,MARY ELLIS,113
Roscommon,"Gerrish Township, Precinct 1",Gerrish Township Treasurer,,REP,Write-In,0
Roscommon,"Gerrish Township, Precinct 1",Gerrish Township Treasurer,,REP,Ballots Cast,837
Roscommon,"Lake Township, Precinct 1",Lake Township Treasurer,,REP,ASHLY KRAASE,142
Roscommon,"Lake Township, Precinct 1",Lake Township Treasurer,,REP,HARRY TRIER,156
Roscommon,"Lake Township, Precinct 1",Lake Township Treasurer,,REP,Write-In,0
Roscommon,"Lake Township, Precinct 1",Lake Township Treasurer,,REP,Ballots Cast,298
Roscommon,"Lyon Township, Precinct 1",Lyon Township Treasurer,,REP,SUSANNE GRIER,204
Roscommon,"Lyon Township, Precinct 1",Lyon Township Treasurer,,REP,KEVIN HOPPS,408
Roscommon,"Lyon Township, Precinct 1",Lyon Township Treasurer,,REP,Write-In,0
Roscommon,"Lyon Township, Precinct 1",Lyon Township Treasurer,,REP,Ballots Cast,612
Roscommon,"Nester Township, Precinct 1",Nester Township Treasurer,,REP,SUSAN NEWMYER,54
Roscommon,"Nester Township, Precinct 1",Nester Township Treasurer,,REP,Write-In,0
Roscommon,"Nester Township, Precinct 1",Nester Township Treasurer,,REP,Ballots Cast,54
Roscommon,"Roscommon Township, Precinct 1",Roscommon Township Treasurer,,REP,MARY HOSE,243
Roscommon,"Roscommon Township, Precinct 1",Roscommon Township Treasurer,,REP,Write-In,5
Roscommon,"Roscommon Township, Precinct 1",Roscommon Township Treasurer,,REP,Ballots Cast,243
Roscommon,"Roscommon Township, Precinct 2",Roscommon Township Treasurer,,REP,MARY HOSE,277
Roscommon,"Roscommon Township, Precinct 2",Roscommon Township Treasurer,,REP,Write-In,2
Roscommon,"Roscommon Township, Precinct 2",Roscommon Township Treasurer,,REP,Ballots Cast,277
Roscommon,"Backus Township, Precinct 1",Backus Township Treasurer,,REP,CHRISTINE TACEY,42
Roscommon,"Backus Township, Precinct 1",Backus Township Treasurer,,REP,Write-In,0
Roscommon,"Backus Township, Precinct 1",Backus Township Treasurer,,REP,Ballots Cast,42
Roscommon,"Markey Township, Precinct 1",Markey Township Treasurer,,REP,WENDY ENGLE,382
Roscommon,"Markey Township, Precinct 1",Markey Township Treasurer,,REP,Write-In,9
Roscommon,"Markey Township, Precinct 1",Markey Township Treasurer,,REP,Ballots Cast,382
Roscommon,"Richfield Township, Precinct 1",Richfield Township Treasurer,,REP,TERRI HIDEY,448
Roscommon,"Richfield Township, Precinct 1",Richfield Township Treasurer,,REP,Write-In,6
Roscommon,"Richfield Township, Precinct 1",Richfield Township Treasurer,,REP,Ballots Cast,448
Roscommon,"Denton Township, Precinct 1",Denton Township Treasurer,,REP,SUSAN SEAFORD,415
Roscommon,"Denton Township, Precinct 1",Denton Township Treasurer,,REP,Write-In,3
Roscommon,"Denton Township, Precinct 1",Denton Township Treasurer,,REP,Ballots Cast,415
Roscommon,"Denton Township, Precinct 2",Denton Township Treasurer,,REP,SUSAN SEAFORD,384
Roscommon,"Denton Township, Precinct 2",Denton Township Treasurer,,REP,Write-In,2
Roscommon,"Denton Township, Precinct 2",Denton Township Treasurer,,REP,Ballots Cast,384
Roscommon,"Higgins Township, Precinct 1",Higgins Township Treasurer,,REP,CHERYL SULLIVAN,168
Roscommon,"Higgins Township, Precinct 1",Higgins Township Treasurer,,REP,Write-In,1
Roscommon,"Higgins Township, Precinct 1",Higgins Township Treasurer,,REP,Ballots Cast,168
Roscommon,"Au Sable Township, Precinct 1",Au Sable Township Trustee,,REP,MICHAEL CARPENTER,37
Roscommon,"Au Sable Township, Precinct 1",Au Sable Township Trustee,,REP,ERICA WISE,38
Roscommon,"Au Sable Township, Precinct 1",Au Sable Township Trustee,,REP,Write-In,0
Roscommon,"Au Sable Township, Precinct 1",Au Sable Township Trustee,,REP,Ballots Cast,75
Roscommon,"Backus Township, Precinct 1",Backus Township Trustee,,REP,DANIEL NAGY,49
Roscommon,"Backus Township, Precinct 1",Backus Township Trustee,,REP,Write-In,0
Roscommon,"Backus Township, Precinct 1",Backus Township Trustee,,REP,Ballots Cast,49
Roscommon,"Denton Township, Precinct 1",Denton Township Trustee,,REP,PAULA FULLER,290
Roscommon,"Denton Township, Precinct 1",Denton Township Trustee,,REP,CARL PEDERSEN,258
Roscommon,"Denton Township, Precinct 1",Denton Township Trustee,,REP,ROBERT PRAY,241
Roscommon,"Denton Township, Precinct 1",Denton Township Trustee,,REP,Write-In,2
Roscommon,"Denton Township, Precinct 1",Denton Township Trustee,,REP,Ballots Cast,789
Roscommon,"Denton Township, Precinct 2",Denton Township Trustee,,REP,PAULA FULLER,281
Roscommon,"Denton Township, Precinct 2",Denton Township Trustee,,REP,CARL PEDERSEN,259
Roscommon,"Denton Township, Precinct 2",Denton Township Trustee,,REP,ROBERT PRAY,167
Roscommon,"Denton Township, Precinct 2",Denton Township Trustee,,REP,Write-In,0
Roscommon,"Denton Township, Precinct 2",Denton Township Trustee,,REP,Ballots Cast,707
Roscommon,"Higgins Township, Precinct 1",Higgins Township Trustee,,REP,MARIANNE BORGULA,46
Roscommon,"Higgins Township, Precinct 1",Higgins Township Trustee,,REP,RANDY HARTMAN,151
Roscommon,"Higgins Township, Precinct 1",Higgins Township Trustee,,REP,THOMAS JENNETTE,79
Roscommon,"Higgins Township, Precinct 1",Higgins Township Trustee,,REP,RONALD PETERS,78
Roscommon,"Higgins Township, Precinct 1",Higgins Township Trustee,,REP,Write-In,0
Roscommon,"Higgins Township, Precinct 1",Higgins Township Trustee,,REP,Ballots Cast,354
Roscommon,"Markey Township, Precinct 1",Markey Township Trustee,,REP,LORETTA BELL,221
Roscommon,"Markey Township, Precinct 1",Markey Township Trustee,,REP,PHILLIP BENDILY,199
Roscommon,"Markey Township, Precinct 1",Markey Township Trustee,,REP,CHRISTOPHER DEBAEKE,221
Roscommon,"Markey Township, Precinct 1",Markey Township Trustee,,REP,MICHAEL TUSSEY,163
Roscommon,"Markey Township, Precinct 1",Markey Township Trustee,,REP,Write-In,2
Roscommon,"Markey Township, Precinct 1",Markey Township Trustee,,REP,Ballots Cast,804
Roscommon,"Nester Township, Precinct 1",Nester Township Trustee,,REP,RAYMOND GOOD,54
Roscommon,"Nester Township, Precinct 1",Nester Township Trustee,,REP,TERRY MUMA,41
Roscommon,"Nester Township, Precinct 1",Nester Township Trustee,,REP,Write-In,0
Roscommon,"Nester Township, Precinct 1",Nester Township Trustee,,REP,Ballots Cast,95
Roscommon,"Roscommon Township, Precinct 1",Roscommon Township Trustee,,REP,ROBERT CHRISTIAN,192
Roscommon,"Roscommon Township, Precinct 1",Roscommon Township Trustee,,REP,KEN PICKARD,164
Roscommon,"Roscommon Township, Precinct 1",Roscommon Township Trustee,,REP,ACE SCHWACH,87
Roscommon,"Roscommon Township, Precinct 1",Roscommon Township Trustee,,REP,Write-In,2
Roscommon,"Roscommon Township, Precinct 1",Roscommon Township Trustee,,REP,Ballots Cast,443
Roscommon,"Roscommon Township, Precinct 2",Roscommon Township Trustee,,REP,ROBERT CHRISTIAN,192
Roscommon,"Roscommon Township, Precinct 2",Roscommon Township Trustee,,REP,KEN PICKARD,189
Roscommon,"Roscommon Township, Precinct 2",Roscommon Township Trustee,,REP,ACE SCHWACH,74
Roscommon,"Roscommon Township, Precinct 2",Roscommon Township Trustee,,REP,Write-In,2
Roscommon,"Roscommon Township, Precinct 2",Roscommon Township Trustee,,REP,Ballots Cast,455
Roscommon,"Lake Township, Precinct 1",Lake Township Trustee,,REP,JEFFERY BAKER,86
Roscommon,"Lake Township, Precinct 1",Lake Township Trustee,,REP,MATTHEW HASSLER,162
Roscommon,"Lake Township, Precinct 1",Lake Township Trustee,,REP,TONY OLSON,109
Roscommon,"Lake Township, Precinct 1",Lake Township Trustee,,REP,PAMELA SURPRENANT,135
Roscommon,"Lake Township, Precinct 1",Lake Township Trustee,,REP,Write-In,0
Roscommon,"Lake Township, Precinct 1",Lake Township Trustee,,REP,Ballots Cast,492
Roscommon,"Gerrish Township, Precinct 1",Gerrish Township Trustee,,REP,EDWARD ANDERSON,317
Roscommon,"Gerrish Township, Precinct 1",Gerrish Township Trustee,,REP,RAY NEWTON III,299
Roscommon,"Gerrish Township, Precinct 1",Gerrish Township Trustee,,REP,MARY JO OPPY,376
Roscommon,"Gerrish Township, Precinct 1",Gerrish Township Trustee,,REP,JAMES OSTLING,556
Roscommon,"Gerrish Township, Precinct 1",Gerrish Township Trustee,,REP,Write-In,1
Roscommon,"Gerrish Township, Precinct 1",Gerrish Township Trustee,,REP,Ballots Cast,1548
Roscommon,"Lyon Township, Precinct 1",Lyon Township Trustee,,REP,ERIC CARLSON,208
Roscommon,"Lyon Township, Precinct 1",Lyon Township Trustee,,REP,STEVEN DETMER,350
Roscommon,"Lyon Township, Precinct 1",Lyon Township Trustee,,REP,TIMONTHY MONET,383
Roscommon,"Lyon Township, Precinct 1",Lyon Township Trustee,,REP,LENETTE TOMAK,181
Roscommon,"Lyon Township, Precinct 1",Lyon Township Trustee,,REP,Write-In,0
Roscommon,"Lyon Township, Precinct 1",Lyon Township Trustee,,REP,Ballots Cast,1122
Roscommon,"Richfield Township, Precinct 1",Richfield Township Trustee,,REP,VERONICA BRIDSON,330
Roscommon,"Richfield Township, Precinct 1",Richfield Township Trustee,,REP,ROBERTA KARY,233
Roscommon,"Richfield Township, Precinct 1",Richfield Township Trustee,,REP,GREGORY WATT,294
Roscommon,"Richfield Township, Precinct 1",Richfield Township Trustee,,REP,Write-In,4
Roscommon,"Richfield Township, Precinct 1",Richfield Township Trustee,,REP,Ballots Cast,857
Roscommon,"Higgins Township, Precinct 1",Higgins Township Constable,,REP,Write-In,12
Roscommon,"Higgins Township, Precinct 1",Higgins Township Constable,,REP,Ballots Cast,0
Roscommon,"Gerrish Township, Precinct 1","Gerrish Township, Precinct 1 Delegate to County Convention",,REP,ETHAN BRAND,435
Roscommon,"Gerrish Township, Precinct 1","Gerrish Township, Precinct 1 Delegate to County Convention",,REP,SCOTT SUTHERLAND,446
Roscommon,"Gerrish Township, Precinct 1","Gerrish Township, Precinct 1 Delegate to County Convention",,REP,THOMAS VANWORMER,431
Roscommon,"Gerrish Township, Precinct 1","Gerrish Township, Precinct 1 Delegate to County Convention",,REP,GERALD WALL,435
Roscommon,"Gerrish Township, Precinct 1","Gerrish Township, Precinct 1 Delegate to County Convention",,REP,HERBERT WEATHERLY,454
Roscommon,"Gerrish Township, Precinct 1","Gerrish Township, Precinct 1 Delegate to County Convention",,REP,Write-In,5
Roscommon,"Gerrish Township, Precinct 1","Gerrish Township, Precinct 1 Delegate to County Convention",,REP,Ballots Cast,2201
Roscommon,"Higgins Township, Precinct 1","Higgins Township, Precinct 1 Delegate to County Convention",,REP,KATHLEEN PARDO,155
Roscommon,"Higgins Township, Precinct 1","Higgins Township, Precinct 1 Delegate to County Convention",,REP,Write-In,4
Roscommon,"Higgins Township, Precinct 1","Higgins Township, Precinct 1 Delegate to County Convention",,REP,Ballots Cast,155
Roscommon,"Denton Township, Precinct 1","Denton Township, Precinct 1 Delegate to County Convention",,REP,DAVID DENBOER,362
Roscommon,"Denton Township, Precinct 1","Denton Township, Precinct 1 Delegate to County Convention",,REP,JEFFREY GREGORY,303
Roscommon,"Denton Township, Precinct 1","Denton Township, Precinct 1 Delegate to County Convention",,REP,GARY SHEPHERD,323
Roscommon,"Denton Township, Precinct 1","Denton Township, Precinct 1 Delegate to County Convention",,REP,RICHARD SHUTTER,299
Roscommon,"Denton Township, Precinct 1","Denton Township, Precinct 1 Delegate to County Convention",,REP,Write-In,0
Roscommon,"Denton Township, Precinct 1","Denton Township, Precinct 1 Delegate to County Convention",,REP,Ballots Cast,1287
Roscommon,"Denton Township, Precinct 2","Denton Township, Precinct 2 Delegate to County Convention",,REP,DEBORAH KELLOGG,299
Roscommon,"Denton Township, Precinct 2","Denton Township, Precinct 2 Delegate to County Convention",,REP,DAVID SEAFORD,279
Roscommon,"Denton Township, Precinct 2","Denton Township, Precinct 2 Delegate to County Convention",,REP,SUSAN SEAFORD,283
Roscommon,"Denton Township, Precinct 2","Denton Township, Precinct 2 Delegate to County Convention",,REP,Write-In,4
Roscommon,"Denton Township, Precinct 2","Denton Township, Precinct 2 Delegate to County Convention",,REP,Ballots Cast,861
Roscommon,"Lake Township, Precinct 1","Lake Township, Precinct 1 Delegate to County Convention",,REP,Write-In,28
Roscommon,"Lake Township, Precinct 1","Lake Township, Precinct 1 Delegate to County Convention",,REP,Ballots Cast,0
Roscommon,"Roscommon Township, Precinct 1","Roscommon Township, Precinct 1 Delegate to County Convention",,REP,Write-In,16
Roscommon,"Roscommon Township, Precinct 1","Roscommon Township, Precinct 1 Delegate to County Convention",,REP,Ballots Cast,0
Roscommon,"Roscommon Township, Precinct 2","Roscommon Township, Precinct 2 Delegate to County Convention",,REP,Write-In,31
Roscommon,"Roscommon Township, Precinct 2","Roscommon Township, Precinct 2 Delegate to County Convention",,REP,Ballots Cast,0
Roscommon,"Nester Township, Precinct 1","Nester Township, Precinct 1 Delegate to County Convention",,REP,Write-In,2
Roscommon,"Nester Township, Precinct 1","Nester Township, Precinct 1 Delegate to County Convention",,REP,Ballots Cast,0
Roscommon,"Richfield Township, Precinct 1","Richfield Township, Precinct 1 Delegate to County Convention",,REP,Write-In,21
Roscommon,"Richfield Township, Precinct 1","Richfield Township, Precinct 1 Delegate to County Convention",,REP,Ballots Cast,0
Roscommon,"Lyon Township, Precinct 1","Lyon Township, Precinct 1 Delegate to County Convention",,REP,STEVEN DETMER,491
Roscommon,"Lyon Township, Precinct 1","Lyon Township, Precinct 1 Delegate to County Convention",,REP,Write-In,9
Roscommon,"Lyon Township, Precinct 1","Lyon Township, Precinct 1 Delegate to County Convention",,REP,Ballots Cast,491
Roscommon,"Au Sable Township, Precinct 1","Au Sable Township, Precinct 1 Delegate to County Convention",,REP,Write-In,6
Roscommon,"Au Sable Township, Precinct 1","Au Sable Township, Precinct 1 Delegate to County Convention",,REP,Ballots Cast,0
Roscommon,"Backus Township, Precinct 1","Backus Township, Precinct 1 Delegate to County Convention",,REP,Write-In,2
Roscommon,"Backus Township, Precinct 1","Backus Township, Precinct 1 Delegate to County Convention",,REP,Ballots Cast,0
Roscommon,"Markey Township, Precinct 1","Markey Township, Precinct 1 Delegate to County Convention",,REP,PHILLIP BENDILY,380
Roscommon,"Markey Township, Precinct 1","Markey Township, Precinct 1 Delegate to County Convention",,REP,Write-In,14
Roscommon,"Markey Township, Precinct 1","Markey Township, Precinct 1 Delegate to County Convention",,REP,Ballots Cast,380
Roscommon,"Denton Township, Precinct 1",Denton Township Ambulance Services Millage Increase Proposal,,,Yes,530
Roscommon,"Denton Township, Precinct 1",Denton Township Ambulance Services Millage Increase Proposal,,,No,287
Roscommon,"Denton Township, Precinct 1",Denton Township Ambulance Services Millage Increase Proposal,,,Write-In,0
Roscommon,"Denton Township, Precinct 1",Denton Township Ambulance Services Millage Increase Proposal,,,Ballots Cast,817
Roscommon,"Denton Township, Precinct 2",Denton Township Ambulance Services Millage Increase Proposal,,,Yes,414
Roscommon,"Denton Township, Precinct 2",Denton Township Ambulance Services Millage Increase Proposal,,,No,241
Roscommon,"Denton Township, Precinct 2",Denton Township Ambulance Services Millage Increase Proposal,,,Write-In,0
Roscommon,"Denton Township, Precinct 2",Denton Township Ambulance Services Millage Increase Proposal,,,Ballots Cast,655
Roscommon,"Denton Township, Precinct 1",Denton Township Streetlight Operation and Maintenance Millage Renewal Proposal,,,Yes,388
Roscommon,"Denton Township, Precinct 1",Denton Township Streetlight Operation and Maintenance Millage Renewal Proposal,,,No,426
Roscommon,"Denton Township, Precinct 1",Denton Township Streetlight Operation and Maintenance Millage Renewal Proposal,,,Write-In,0
Roscommon,"Denton Township, Precinct 1",Denton Township Streetlight Operation and Maintenance Millage Renewal Proposal,,,Ballots Cast,814
Roscommon,"Denton Township, Precinct 2",Denton Township Streetlight Operation and Maintenance Millage Renewal Proposal,,,Yes,335
Roscommon,"Denton Township, Precinct 2",Denton Township Streetlight Operation and Maintenance Millage Renewal Proposal,,,No,323
Roscommon,"Denton Township, Precinct 2",Denton Township Streetlight Operation and Maintenance Millage Renewal Proposal,,,Write-In,0
Roscommon,"Denton Township, Precinct 2",Denton Township Streetlight Operation and Maintenance Millage Renewal Proposal,,,Ballots Cast,658
Roscommon,"Denton Township, Precinct 1",Denton Township Allocated Voted General Operating Millage Renewal Proposal,,,Yes,303
Roscommon,"Denton Township, Precinct 1",Denton Township Allocated Voted General Operating Millage Renewal Proposal,,,No,507
Roscommon,"Denton Township, Precinct 1",Denton Township Allocated Voted General Operating Millage Renewal Proposal,,,Write-In,0
Roscommon,"Denton Township, Precinct 1",Denton Township Allocated Voted General Operating Millage Renewal Proposal,,,Ballots Cast,810
Roscommon,"Denton Township, Precinct 2",Denton Township Allocated Voted General Operating Millage Renewal Proposal,,,Yes,251
Roscommon,"Denton Township, Precinct 2",Denton Township Allocated Voted General Operating Millage Renewal Proposal,,,No,406
Roscommon,"Denton Township, Precinct 2",Denton Township Allocated Voted General Operating Millage Renewal Proposal,,,Write-In,0
Roscommon,"Denton Township, Precinct 2",Denton Township Allocated Voted General Operating Millage Renewal Proposal,,,Ballots Cast,657
Roscommon,"Gerrish Township, Precinct 1",Gerrish Township Bond Proposal,,,Yes,368
Roscommon,"Gerrish Township, Precinct 1",Gerrish Township Bond Proposal,,,No,854
Roscommon,"Gerrish Township, Precinct 1",Gerrish Township Bond Proposal,,,Write-In,0
Roscommon,"Gerrish Township, Precinct 1",Gerrish Township Bond Proposal,,,Ballots Cast,1222
Roscommon,"Markey Township, Precinct 1",Markey Township Road Maintenance and Improvement Millage Renewal Proposal,,,Yes,442
Roscommon,"Markey Township, Precinct 1",Markey Township Road Maintenance and Improvement Millage Renewal Proposal,,,No,283
Roscommon,"Markey Township, Precinct 1",Markey Township Road Maintenance and Improvement Millage Renewal Proposal,,,Write-In,0
Roscommon,"Markey Township, Precinct 1",Markey Township Road Maintenance and Improvement Millage Renewal Proposal,,,Ballots Cast,725
Roscommon,"Roscommon Township, Precinct 1",Roscommon Township Fire Department Operating Millage Renewal Proposal,,,Yes,344
Roscommon,"Roscommon Township, Precinct 1",Roscommon Township Fire Department Operating Millage Renewal Proposal,,,No,116
Roscommon,"Roscommon Township, Precinct 1",Roscommon Township Fire Department Operating Millage Renewal Proposal,,,Write-In,0
Roscommon,"Roscommon Township, Precinct 1",Roscommon Township Fire Department Operating Millage Renewal Proposal,,,Ballots Cast,460
Roscommon,"Roscommon Township, Precinct 2",Roscommon Township Fire Department Operating Millage Renewal Proposal,,,Yes,328
Roscommon,"Roscommon Township, Precinct 2",Roscommon Township Fire Department Operating Millage Renewal Proposal,,,No,146
Roscommon,"Roscommon Township, Precinct 2",Roscommon Township Fire Department Operating Millage Renewal Proposal,,,Write-In,0
Roscommon,"Roscommon Township, Precinct 2",Roscommon Township Fire Department Operating Millage Renewal Proposal,,,Ballots Cast,474
