county,precinct,office,district,party,candidate,votes
Mackinac,"Bois Blanc Township, Precinct 1",U.S. Senate,,DEM,Elissa Slotkin,11
Mackinac,"Bois Blanc Township, Precinct 1",U.S. Senate,,DEM,Hill Harper,2
Mackinac,"Bois Blanc Township, Precinct 1",U.S. Senate,,DEM,Ballots Cast,13
Mackinac,"Brevort Township, Precinct 1",U.S. Senate,,DEM,Elissa Slotkin,23
Mackinac,"Brevort Township, Precinct 1",U.S. Senate,,DEM,Hill Harper,2
Mackinac,"Brevort Township, Precinct 1",U.S. Senate,,DEM,Ballots Cast,25
Mackinac,"City of Mackinac Island, Precinct 1",U.S. Senate,,DEM,Elissa Slotkin,76
Mackinac,"City of Mackinac Island, Precinct 1",U.S. Senate,,DEM,Hill Harper,12
Mackinac,"City of Mackinac Island, Precinct 1",U.S. Senate,,DEM,Ballots Cast,88
Mackinac,"City of St. Ignace, Precinct 1",U.S. Senate,,DEM,Elissa Slotkin,171
Mackinac,"City of St. Ignace, Precinct 1",U.S. Senate,,DEM,Hill Harper,16
Mackinac,"City of St. Ignace, Precinct 1",U.S. Senate,,DEM,Ballots Cast,187
Mackinac,"Clark Township, Precinct 1",U.S. Senate,,DEM,Elissa Slotkin,178
Mackinac,"Clark Township, Precinct 1",U.S. Senate,,DEM,Hill Harper,17
Mackinac,"Clark Township, Precinct 1",U.S. Senate,,DEM,Write-In,1
Mackinac,"Clark Township, Precinct 1",U.S. Senate,,DEM,Ballots Cast,196
Mackinac,"Garfield Township, Precinct 1",U.S. Senate,,DEM,Elissa Slotkin,19
Mackinac,"Garfield Township, Precinct 1",U.S. Senate,,DEM,Hill Harper,1
Mackinac,"Garfield Township, Precinct 1",U.S. Senate,,DEM,Ballots Cast,20
Mackinac,"Garfield Township, Precinct 2",U.S. Senate,,DEM,Elissa Slotkin,35
Mackinac,"Garfield Township, Precinct 2",U.S. Senate,,DEM,Hill Harper,6
Mackinac,"Garfield Township, Precinct 2",U.S. Senate,,DEM,Ballots Cast,41
Mackinac,"Hendricks Township, Precinct 1",U.S. Senate,,DEM,Elissa Slotkin,9
Mackinac,"Hendricks Township, Precinct 1",U.S. Senate,,DEM,Hill Harper,1
Mackinac,"Hendricks Township, Precinct 1",U.S. Senate,,DEM,Ballots Cast,10
Mackinac,"Hudson Township, Precinct 1",U.S. Senate,,DEM,Elissa Slotkin,8
Mackinac,"Hudson Township, Precinct 1",U.S. Senate,,DEM,Hill Harper,1
Mackinac,"Hudson Township, Precinct 1",U.S. Senate,,DEM,Ballots Cast,9
Mackinac,"Marquette Township, Precinct 1",U.S. Senate,,DEM,Elissa Slotkin,26
Mackinac,"Marquette Township, Precinct 1",U.S. Senate,,DEM,Hill Harper,9
Mackinac,"Marquette Township, Precinct 1",U.S. Senate,,DEM,Ballots Cast,35
Mackinac,"Moran Township, Precinct 1",U.S. Senate,,DEM,Elissa Slotkin,87
Mackinac,"Moran Township, Precinct 1",U.S. Senate,,DEM,Hill Harper,16
Mackinac,"Moran Township, Precinct 1",U.S. Senate,,DEM,Ballots Cast,103
Mackinac,"Newton Township, Precinct 1",U.S. Senate,,DEM,Elissa Slotkin,21
Mackinac,"Newton Township, Precinct 1",U.S. Senate,,DEM,Hill Harper,2
Mackinac,"Newton Township, Precinct 1",U.S. Senate,,DEM,Ballots Cast,23
Mackinac,"Portage Township, Precinct 1",U.S. Senate,,DEM,Elissa Slotkin,63
Mackinac,"Portage Township, Precinct 1",U.S. Senate,,DEM,Hill Harper,5
Mackinac,"Portage Township, Precinct 1",U.S. Senate,,DEM,Ballots Cast,68
Mackinac,"St. Ignace Township, Precinct 1",U.S. Senate,,DEM,Elissa Slotkin,52
Mackinac,"St. Ignace Township, Precinct 1",U.S. Senate,,DEM,Hill Harper,8
Mackinac,"St. Ignace Township, Precinct 1",U.S. Senate,,DEM,Write-In,1
Mackinac,"St. Ignace Township, Precinct 1",U.S. Senate,,DEM,Ballots Cast,61
Mackinac,"Bois Blanc Township, Precinct 1",U.S. House,1,DEM,Bob Lorinser,4
Mackinac,"Bois Blanc Township, Precinct 1",U.S. House,1,DEM,Callie Barr,10
Mackinac,"Bois Blanc Township, Precinct 1",U.S. House,1,DEM,Ballots Cast,14
Mackinac,"Brevort Township, Precinct 1",U.S. House,1,DEM,Bob Lorinser,5
Mackinac,"Brevort Township, Precinct 1",U.S. House,1,DEM,Callie Barr,20
Mackinac,"Brevort Township, Precinct 1",U.S. House,1,DEM,Ballots Cast,25
Mackinac,"City of Mackinac Island, Precinct 1",U.S. House,1,DEM,Bob Lorinser,26
Mackinac,"City of Mackinac Island, Precinct 1",U.S. House,1,DEM,Callie Barr,57
Mackinac,"City of Mackinac Island, Precinct 1",U.S. House,1,DEM,Ballots Cast,83
Mackinac,"City of St. Ignace, Precinct 1",U.S. House,1,DEM,Bob Lorinser,62
Mackinac,"City of St. Ignace, Precinct 1",U.S. House,1,DEM,Callie Barr,123
Mackinac,"City of St. Ignace, Precinct 1",U.S. House,1,DEM,Ballots Cast,185
Mackinac,"Clark Township, Precinct 1",U.S. House,1,DEM,Bob Lorinser,41
Mackinac,"Clark Township, Precinct 1",U.S. House,1,DEM,Callie Barr,151
Mackinac,"Clark Township, Precinct 1",U.S. House,1,DEM,Ballots Cast,192
Mackinac,"Garfield Township, Precinct 1",U.S. House,1,DEM,Bob Lorinser,6
Mackinac,"Garfield Township, Precinct 1",U.S. House,1,DEM,Callie Barr,15
Mackinac,"Garfield Township, Precinct 1",U.S. House,1,DEM,Ballots Cast,21
Mackinac,"Garfield Township, Precinct 2",U.S. House,1,DEM,Bob Lorinser,14
Mackinac,"Garfield Township, Precinct 2",U.S. House,1,DEM,Callie Barr,26
Mackinac,"Garfield Township, Precinct 2",U.S. House,1,DEM,Ballots Cast,40
Mackinac,"Hendricks Township, Precinct 1",U.S. House,1,DEM,Bob Lorinser,3
Mackinac,"Hendricks Township, Precinct 1",U.S. House,1,DEM,Callie Barr,6
Mackinac,"Hendricks Township, Precinct 1",U.S. House,1,DEM,Ballots Cast,9
Mackinac,"Hudson Township, Precinct 1",U.S. House,1,DEM,Bob Lorinser,3
Mackinac,"Hudson Township, Precinct 1",U.S. House,1,DEM,Callie Barr,5
Mackinac,"Hudson Township, Precinct 1",U.S. House,1,DEM,Ballots Cast,8
Mackinac,"Marquette Township, Precinct 1",U.S. House,1,DEM,Bob Lorinser,13
Mackinac,"Marquette Township, Precinct 1",U.S. House,1,DEM,Callie Barr,23
Mackinac,"Marquette Township, Precinct 1",U.S. House,1,DEM,Ballots Cast,36
Mackinac,"Moran Township, Precinct 1",U.S. House,1,DEM,Bob Lorinser,26
Mackinac,"Moran Township, Precinct 1",U.S. House,1,DEM,Callie Barr,75
Mackinac,"Moran Township, Precinct 1",U.S. House,1,DEM,Ballots Cast,101
Mackinac,"Newton Township, Precinct 1",U.S. House,1,DEM,Bob Lorinser,4
Mackinac,"Newton Township, Precinct 1",U.S. House,1,DEM,Callie Barr,21
Mackinac,"Newton Township, Precinct 1",U.S. House,1,DEM,Ballots Cast,25
Mackinac,"Portage Township, Precinct 1",U.S. House,1,DEM,Bob Lorinser,22
Mackinac,"Portage Township, Precinct 1",U.S. House,1,DEM,Callie Barr,46
Mackinac,"Portage Township, Precinct 1",U.S. House,1,DEM,Ballots Cast,68
Mackinac,"St. Ignace Township, Precinct 1",U.S. House,1,DEM,Bob Lorinser,19
Mackinac,"St. Ignace Township, Precinct 1",U.S. House,1,DEM,Callie Barr,41
Mackinac,"St. Ignace Township, Precinct 1",U.S. House,1,DEM,Write-In,1
Mackinac,"St. Ignace Township, Precinct 1",U.S. House,1,DEM,Ballots Cast,61
Mackinac,"Bois Blanc Township, Precinct 1",State House,107,DEM,Jodi Decker,11
Mackinac,"Bois Blanc Township, Precinct 1",State House,107,DEM,Ballots Cast,11
Mackinac,"Brevort Township, Precinct 1",State House,107,DEM,Jodi Decker,24
Mackinac,"Brevort Township, Precinct 1",State House,107,DEM,Ballots Cast,24
Mackinac,"City of Mackinac Island, Precinct 1",State House,107,DEM,Jodi Decker,72
Mackinac,"City of Mackinac Island, Precinct 1",State House,107,DEM,Ballots Cast,72
Mackinac,"City of St. Ignace, Precinct 1",State House,107,DEM,Jodi Decker,172
Mackinac,"City of St. Ignace, Precinct 1",State House,107,DEM,Ballots Cast,172
Mackinac,"Clark Township, Precinct 1",State House,107,DEM,Jodi Decker,170
Mackinac,"Clark Township, Precinct 1",State House,107,DEM,Write-In,1
Mackinac,"Clark Township, Precinct 1",State House,107,DEM,Ballots Cast,171
Mackinac,"Marquette Township, Precinct 1",State House,107,DEM,Jodi Decker,37
Mackinac,"Marquette Township, Precinct 1",State House,107,DEM,Ballots Cast,37
Mackinac,"Moran Township, Precinct 1",State House,107,DEM,Jodi Decker,99
Mackinac,"Moran Township, Precinct 1",State House,107,DEM,Ballots Cast,99
Mackinac,"St. Ignace Township, Precinct 1",State House,107,DEM,Jodi Decker,55
Mackinac,"St. Ignace Township, Precinct 1",State House,107,DEM,Write-In,1
Mackinac,"St. Ignace Township, Precinct 1",State House,107,DEM,Ballots Cast,56
Mackinac,"Garfield Township, Precinct 1",State House,108,DEM,Christiana Reynolds,17
Mackinac,"Garfield Township, Precinct 1",State House,108,DEM,Ballots Cast,17
Mackinac,"Garfield Township, Precinct 2",State House,108,DEM,Christiana Reynolds,36
Mackinac,"Garfield Township, Precinct 2",State House,108,DEM,Ballots Cast,36
Mackinac,"Hendricks Township, Precinct 1",State House,108,DEM,Christiana Reynolds,9
Mackinac,"Hendricks Township, Precinct 1",State House,108,DEM,Ballots Cast,9
Mackinac,"Hudson Township, Precinct 1",State House,108,DEM,Christiana Reynolds,7
Mackinac,"Hudson Township, Precinct 1",State House,108,DEM,Ballots Cast,7
Mackinac,"Newton Township, Precinct 1",State House,108,DEM,Christiana Reynolds,19
Mackinac,"Newton Township, Precinct 1",State House,108,DEM,Ballots Cast,19
Mackinac,"Portage Township, Precinct 1",State House,108,DEM,Christiana Reynolds,61
Mackinac,"Portage Township, Precinct 1",State House,108,DEM,Ballots Cast,61
Mackinac,"Bois Blanc Township, Precinct 1",County Prosecuting Attorney for Mackinac County,,DEM,Write-In,1
Mackinac,"Bois Blanc Township, Precinct 1",County Prosecuting Attorney for Mackinac County,,DEM,Ballots Cast,1
Mackinac,"Brevort Township, Precinct 1",County Prosecuting Attorney for Mackinac County,,DEM,Ballots Cast,0
Mackinac,"City of Mackinac Island, Precinct 1",County Prosecuting Attorney for Mackinac County,,DEM,Write-In,6
Mackinac,"City of Mackinac Island, Precinct 1",County Prosecuting Attorney for Mackinac County,,DEM,Ballots Cast,6
Mackinac,"City of St. Ignace, Precinct 1",County Prosecuting Attorney for Mackinac County,,DEM,Write-In,20
Mackinac,"City of St. Ignace, Precinct 1",County Prosecuting Attorney for Mackinac County,,DEM,Ballots Cast,20
Mackinac,"Clark Township, Precinct 1",County Prosecuting Attorney for Mackinac County,,DEM,Write-In,15
Mackinac,"Clark Township, Precinct 1",County Prosecuting Attorney for Mackinac County,,DEM,Ballots Cast,15
Mackinac,"Garfield Township, Precinct 1",County Prosecuting Attorney for Mackinac County,,DEM,Write-In,4
Mackinac,"Garfield Township, Precinct 1",County Prosecuting Attorney for Mackinac County,,DEM,Ballots Cast,4
Mackinac,"Garfield Township, Precinct 2",County Prosecuting Attorney for Mackinac County,,DEM,Write-In,4
Mackinac,"Garfield Township, Precinct 2",County Prosecuting Attorney for Mackinac County,,DEM,Ballots Cast,4
Mackinac,"Hendricks Township, Precinct 1",County Prosecuting Attorney for Mackinac County,,DEM,Write-In,2
Mackinac,"Hendricks Township, Precinct 1",County Prosecuting Attorney for Mackinac County,,DEM,Ballots Cast,2
Mackinac,"Hudson Township, Precinct 1",County Prosecuting Attorney for Mackinac County,,DEM,Write-In,1
Mackinac,"Hudson Township, Precinct 1",County Prosecuting Attorney for Mackinac County,,DEM,Ballots Cast,1
Mackinac,"Marquette Township, Precinct 1",County Prosecuting Attorney for Mackinac County,,DEM,Write-In,3
Mackinac,"Marquette Township, Precinct 1",County Prosecuting Attorney for Mackinac County,,DEM,Ballots Cast,3
Mackinac,"Moran Township, Precinct 1",County Prosecuting Attorney for Mackinac County,,DEM,Write-In,5
Mackinac,"Moran Township, Precinct 1",County Prosecuting Attorney for Mackinac County,,DEM,Ballots Cast,5
Mackinac,"Newton Township, Precinct 1",County Prosecuting Attorney for Mackinac County,,DEM,Write-In,3
Mackinac,"Newton Township, Precinct 1",County Prosecuting Attorney for Mackinac County,,DEM,Ballots Cast,3
Mackinac,"Portage Township, Precinct 1",County Prosecuting Attorney for Mackinac County,,DEM,Write-In,4
Mackinac,"Portage Township, Precinct 1",County Prosecuting Attorney for Mackinac County,,DEM,Ballots Cast,4
Mackinac,"St. Ignace Township, Precinct 1",County Prosecuting Attorney for Mackinac County,,DEM,Write-In,8
Mackinac,"St. Ignace Township, Precinct 1",County Prosecuting Attorney for Mackinac County,,DEM,Ballots Cast,8
Mackinac,"Bois Blanc Township, Precinct 1",County Sheriff for Mackinac County,,DEM,Write-In,1
Mackinac,"Bois Blanc Township, Precinct 1",County Sheriff for Mackinac County,,DEM,Ballots Cast,1
Mackinac,"Brevort Township, Precinct 1",County Sheriff for Mackinac County,,DEM,Write-In,1
Mackinac,"Brevort Township, Precinct 1",County Sheriff for Mackinac County,,DEM,Ballots Cast,1
Mackinac,"City of Mackinac Island, Precinct 1",County Sheriff for Mackinac County,,DEM,Write-In,5
Mackinac,"City of Mackinac Island, Precinct 1",County Sheriff for Mackinac County,,DEM,Ballots Cast,5
Mackinac,"City of St. Ignace, Precinct 1",County Sheriff for Mackinac County,,DEM,Write-In,17
Mackinac,"City of St. Ignace, Precinct 1",County Sheriff for Mackinac County,,DEM,Ballots Cast,17
Mackinac,"Clark Township, Precinct 1",County Sheriff for Mackinac County,,DEM,Write-In,15
Mackinac,"Clark Township, Precinct 1",County Sheriff for Mackinac County,,DEM,Ballots Cast,15
Mackinac,"Garfield Township, Precinct 1",County Sheriff for Mackinac County,,DEM,Write-In,4
Mackinac,"Garfield Township, Precinct 1",County Sheriff for Mackinac County,,DEM,Ballots Cast,4
Mackinac,"Garfield Township, Precinct 2",County Sheriff for Mackinac County,,DEM,Write-In,4
Mackinac,"Garfield Township, Precinct 2",County Sheriff for Mackinac County,,DEM,Ballots Cast,4
Mackinac,"Hendricks Township, Precinct 1",County Sheriff for Mackinac County,,DEM,Write-In,2
Mackinac,"Hendricks Township, Precinct 1",County Sheriff for Mackinac County,,DEM,Ballots Cast,2
Mackinac,"Hudson Township, Precinct 1",County Sheriff for Mackinac County,,DEM,Ballots Cast,0
Mackinac,"Marquette Township, Precinct 1",County Sheriff for Mackinac County,,DEM,Write-In,3
Mackinac,"Marquette Township, Precinct 1",County Sheriff for Mackinac County,,DEM,Ballots Cast,3
Mackinac,"Moran Township, Precinct 1",County Sheriff for Mackinac County,,DEM,Write-In,4
Mackinac,"Moran Township, Precinct 1",County Sheriff for Mackinac County,,DEM,Ballots Cast,4
Mackinac,"Newton Township, Precinct 1",County Sheriff for Mackinac County,,DEM,Write-In,3
Mackinac,"Newton Township, Precinct 1",County Sheriff for Mackinac County,,DEM,Ballots Cast,3
Mackinac,"Portage Township, Precinct 1",County Sheriff for Mackinac County,,DEM,Write-In,4
Mackinac,"Portage Township, Precinct 1",County Sheriff for Mackinac County,,DEM,Ballots Cast,4
Mackinac,"St. Ignace Township, Precinct 1",County Sheriff for Mackinac County,,DEM,Write-In,8
Mackinac,"St. Ignace Township, Precinct 1",County Sheriff for Mackinac County,,DEM,Ballots Cast,8
Mackinac,"Bois Blanc Township, Precinct 1",County Clerk for Mackinac County,,DEM,Write-In,1
Mackinac,"Bois Blanc Township, Precinct 1",County Clerk for Mackinac County,,DEM,Ballots Cast,1
Mackinac,"Brevort Township, Precinct 1",County Clerk for Mackinac County,,DEM,Write-In,1
Mackinac,"Brevort Township, Precinct 1",County Clerk for Mackinac County,,DEM,Ballots Cast,1
Mackinac,"City of Mackinac Island, Precinct 1",County Clerk for Mackinac County,,DEM,Write-In,5
Mackinac,"City of Mackinac Island, Precinct 1",County Clerk for Mackinac County,,DEM,Ballots Cast,5
Mackinac,"City of St. Ignace, Precinct 1",County Clerk for Mackinac County,,DEM,Write-In,18
Mackinac,"City of St. Ignace, Precinct 1",County Clerk for Mackinac County,,DEM,Ballots Cast,18
Mackinac,"Clark Township, Precinct 1",County Clerk for Mackinac County,,DEM,Write-In,13
Mackinac,"Clark Township, Precinct 1",County Clerk for Mackinac County,,DEM,Ballots Cast,13
Mackinac,"Garfield Township, Precinct 1",County Clerk for Mackinac County,,DEM,Write-In,4
Mackinac,"Garfield Township, Precinct 1",County Clerk for Mackinac County,,DEM,Ballots Cast,4
Mackinac,"Garfield Township, Precinct 2",County Clerk for Mackinac County,,DEM,Write-In,4
Mackinac,"Garfield Township, Precinct 2",County Clerk for Mackinac County,,DEM,Ballots Cast,4
Mackinac,"Hendricks Township, Precinct 1",County Clerk for Mackinac County,,DEM,Write-In,2
Mackinac,"Hendricks Township, Precinct 1",County Clerk for Mackinac County,,DEM,Ballots Cast,2
Mackinac,"Hudson Township, Precinct 1",County Clerk for Mackinac County,,DEM,Ballots Cast,0
Mackinac,"Marquette Township, Precinct 1",County Clerk for Mackinac County,,DEM,Write-In,3
Mackinac,"Marquette Township, Precinct 1",County Clerk for Mackinac County,,DEM,Ballots Cast,3
Mackinac,"Moran Township, Precinct 1",County Clerk for Mackinac County,,DEM,Write-In,4
Mackinac,"Moran Township, Precinct 1",County Clerk for Mackinac County,,DEM,Ballots Cast,4
Mackinac,"Newton Township, Precinct 1",County Clerk for Mackinac County,,DEM,Write-In,3
Mackinac,"Newton Township, Precinct 1",County Clerk for Mackinac County,,DEM,Ballots Cast,3
Mackinac,"Portage Township, Precinct 1",County Clerk for Mackinac County,,DEM,Write-In,4
Mackinac,"Portage Township, Precinct 1",County Clerk for Mackinac County,,DEM,Ballots Cast,4
Mackinac,"St. Ignace Township, Precinct 1",County Clerk for Mackinac County,,DEM,Write-In,8
Mackinac,"St. Ignace Township, Precinct 1",County Clerk for Mackinac County,,DEM,Ballots Cast,8
Mackinac,"Bois Blanc Township, Precinct 1",County Treasurer for Mackinac County,,DEM,Write-In,1
Mackinac,"Bois Blanc Township, Precinct 1",County Treasurer for Mackinac County,,DEM,Ballots Cast,1
Mackinac,"Brevort Township, Precinct 1",County Treasurer for Mackinac County,,DEM,Ballots Cast,0
Mackinac,"City of Mackinac Island, Precinct 1",County Treasurer for Mackinac County,,DEM,Write-In,5
Mackinac,"City of Mackinac Island, Precinct 1",County Treasurer for Mackinac County,,DEM,Ballots Cast,5
Mackinac,"City of St. Ignace, Precinct 1",County Treasurer for Mackinac County,,DEM,Write-In,17
Mackinac,"City of St. Ignace, Precinct 1",County Treasurer for Mackinac County,,DEM,Ballots Cast,17
Mackinac,"Clark Township, Precinct 1",County Treasurer for Mackinac County,,DEM,Write-In,13
Mackinac,"Clark Township, Precinct 1",County Treasurer for Mackinac County,,DEM,Ballots Cast,13
Mackinac,"Garfield Township, Precinct 1",County Treasurer for Mackinac County,,DEM,Write-In,4
Mackinac,"Garfield Township, Precinct 1",County Treasurer for Mackinac County,,DEM,Ballots Cast,4
Mackinac,"Garfield Township, Precinct 2",County Treasurer for Mackinac County,,DEM,Write-In,4
Mackinac,"Garfield Township, Precinct 2",County Treasurer for Mackinac County,,DEM,Ballots Cast,4
Mackinac,"Hendricks Township, Precinct 1",County Treasurer for Mackinac County,,DEM,Write-In,1
Mackinac,"Hendricks Township, Precinct 1",County Treasurer for Mackinac County,,DEM,Ballots Cast,1
Mackinac,"Hudson Township, Precinct 1",County Treasurer for Mackinac County,,DEM,Ballots Cast,0
Mackinac,"Marquette Township, Precinct 1",County Treasurer for Mackinac County,,DEM,Write-In,3
Mackinac,"Marquette Township, Precinct 1",County Treasurer for Mackinac County,,DEM,Ballots Cast,3
Mackinac,"Moran Township, Precinct 1",County Treasurer for Mackinac County,,DEM,Write-In,5
Mackinac,"Moran Township, Precinct 1",County Treasurer for Mackinac County,,DEM,Ballots Cast,5
Mackinac,"Newton Township, Precinct 1",County Treasurer for Mackinac County,,DEM,Write-In,3
Mackinac,"Newton Township, Precinct 1",County Treasurer for Mackinac County,,DEM,Ballots Cast,3
Mackinac,"Portage Township, Precinct 1",County Treasurer for Mackinac County,,DEM,Write-In,4
Mackinac,"Portage Township, Precinct 1",County Treasurer for Mackinac County,,DEM,Ballots Cast,4
Mackinac,"St. Ignace Township, Precinct 1",County Treasurer for Mackinac County,,DEM,Write-In,7
Mackinac,"St. Ignace Township, Precinct 1",County Treasurer for Mackinac County,,DEM,Ballots Cast,7
Mackinac,"Bois Blanc Township, Precinct 1",County Register of Deeds for Mackinac County,,DEM,Write-In,1
Mackinac,"Bois Blanc Township, Precinct 1",County Register of Deeds for Mackinac County,,DEM,Ballots Cast,1
Mackinac,"Brevort Township, Precinct 1",County Register of Deeds for Mackinac County,,DEM,Ballots Cast,0
Mackinac,"City of Mackinac Island, Precinct 1",County Register of Deeds for Mackinac County,,DEM,Write-In,5
Mackinac,"City of Mackinac Island, Precinct 1",County Register of Deeds for Mackinac County,,DEM,Ballots Cast,5
Mackinac,"City of St. Ignace, Precinct 1",County Register of Deeds for Mackinac County,,DEM,Write-In,17
Mackinac,"City of St. Ignace, Precinct 1",County Register of Deeds for Mackinac County,,DEM,Ballots Cast,17
Mackinac,"Clark Township, Precinct 1",County Register of Deeds for Mackinac County,,DEM,Write-In,13
Mackinac,"Clark Township, Precinct 1",County Register of Deeds for Mackinac County,,DEM,Ballots Cast,13
Mackinac,"Garfield Township, Precinct 1",County Register of Deeds for Mackinac County,,DEM,Write-In,4
Mackinac,"Garfield Township, Precinct 1",County Register of Deeds for Mackinac County,,DEM,Ballots Cast,4
Mackinac,"Garfield Township, Precinct 2",County Register of Deeds for Mackinac County,,DEM,Write-In,4
Mackinac,"Garfield Township, Precinct 2",County Register of Deeds for Mackinac County,,DEM,Ballots Cast,4
Mackinac,"Hendricks Township, Precinct 1",County Register of Deeds for Mackinac County,,DEM,Write-In,1
Mackinac,"Hendricks Township, Precinct 1",County Register of Deeds for Mackinac County,,DEM,Ballots Cast,1
Mackinac,"Hudson Township, Precinct 1",County Register of Deeds for Mackinac County,,DEM,Ballots Cast,0
Mackinac,"Marquette Township, Precinct 1",County Register of Deeds for Mackinac County,,DEM,Write-In,3
Mackinac,"Marquette Township, Precinct 1",County Register of Deeds for Mackinac County,,DEM,Ballots Cast,3
Mackinac,"Moran Township, Precinct 1",County Register of Deeds for Mackinac County,,DEM,Write-In,4
Mackinac,"Moran Township, Precinct 1",County Register of Deeds for Mackinac County,,DEM,Ballots Cast,4
Mackinac,"Newton Township, Precinct 1",County Register of Deeds for Mackinac County,,DEM,Write-In,2
Mackinac,"Newton Township, Precinct 1",County Register of Deeds for Mackinac County,,DEM,Ballots Cast,2
Mackinac,"Portage Township, Precinct 1",County Register of Deeds for Mackinac County,,DEM,Write-In,4
Mackinac,"Portage Township, Precinct 1",County Register of Deeds for Mackinac County,,DEM,Ballots Cast,4
Mackinac,"St. Ignace Township, Precinct 1",County Register of Deeds for Mackinac County,,DEM,Write-In,9
Mackinac,"St. Ignace Township, Precinct 1",County Register of Deeds for Mackinac County,,DEM,Ballots Cast,9
Mackinac,"Bois Blanc Township, Precinct 1",County Road Commissioner for Mackinac County,,DEM,Gary Derusha,9
Mackinac,"Bois Blanc Township, Precinct 1",County Road Commissioner for Mackinac County,,DEM,Ballots Cast,9
Mackinac,"Brevort Township, Precinct 1",County Road Commissioner for Mackinac County,,DEM,Gary Derusha,20
Mackinac,"Brevort Township, Precinct 1",County Road Commissioner for Mackinac County,,DEM,Ballots Cast,20
Mackinac,"City of Mackinac Island, Precinct 1",County Road Commissioner for Mackinac County,,DEM,Gary Derusha,52
Mackinac,"City of Mackinac Island, Precinct 1",County Road Commissioner for Mackinac County,,DEM,Ballots Cast,52
Mackinac,"City of St. Ignace, Precinct 1",County Road Commissioner for Mackinac County,,DEM,Gary Derusha,151
Mackinac,"City of St. Ignace, Precinct 1",County Road Commissioner for Mackinac County,,DEM,Write-In,1
Mackinac,"City of St. Ignace, Precinct 1",County Road Commissioner for Mackinac County,,DEM,Ballots Cast,152
Mackinac,"Clark Township, Precinct 1",County Road Commissioner for Mackinac County,,DEM,Gary Derusha,147
Mackinac,"Clark Township, Precinct 1",County Road Commissioner for Mackinac County,,DEM,Write-In,1
Mackinac,"Clark Township, Precinct 1",County Road Commissioner for Mackinac County,,DEM,Ballots Cast,148
Mackinac,"Garfield Township, Precinct 1",County Road Commissioner for Mackinac County,,DEM,Gary Derusha,17
Mackinac,"Garfield Township, Precinct 1",County Road Commissioner for Mackinac County,,DEM,Ballots Cast,17
Mackinac,"Garfield Township, Precinct 2",County Road Commissioner for Mackinac County,,DEM,Gary Derusha,38
Mackinac,"Garfield Township, Precinct 2",County Road Commissioner for Mackinac County,,DEM,Ballots Cast,38
Mackinac,"Hendricks Township, Precinct 1",County Road Commissioner for Mackinac County,,DEM,Gary Derusha,12
Mackinac,"Hendricks Township, Precinct 1",County Road Commissioner for Mackinac County,,DEM,Ballots Cast,12
Mackinac,"Hudson Township, Precinct 1",County Road Commissioner for Mackinac County,,DEM,Gary Derusha,11
Mackinac,"Hudson Township, Precinct 1",County Road Commissioner for Mackinac County,,DEM,Ballots Cast,11
Mackinac,"Marquette Township, Precinct 1",County Road Commissioner for Mackinac County,,DEM,Gary Derusha,29
Mackinac,"Marquette Township, Precinct 1",County Road Commissioner for Mackinac County,,DEM,Ballots Cast,29
Mackinac,"Moran Township, Precinct 1",County Road Commissioner for Mackinac County,,DEM,Gary Derusha,84
Mackinac,"Moran Township, Precinct 1",County Road Commissioner for Mackinac County,,DEM,Ballots Cast,84
Mackinac,"Newton Township, Precinct 1",County Road Commissioner for Mackinac County,,DEM,Gary Derusha,17
Mackinac,"Newton Township, Precinct 1",County Road Commissioner for Mackinac County,,DEM,Ballots Cast,17
Mackinac,"Portage Township, Precinct 1",County Road Commissioner for Mackinac County,,DEM,Gary Derusha,52
Mackinac,"Portage Township, Precinct 1",County Road Commissioner for Mackinac County,,DEM,Ballots Cast,52
Mackinac,"St. Ignace Township, Precinct 1",County Road Commissioner for Mackinac County,,DEM,Gary Derusha,50
Mackinac,"St. Ignace Township, Precinct 1",County Road Commissioner for Mackinac County,,DEM,Ballots Cast,50
Mackinac,"Bois Blanc Township, Precinct 1",County Surveyor for Mackinac County,,DEM,Write-In,1
Mackinac,"Bois Blanc Township, Precinct 1",County Surveyor for Mackinac County,,DEM,Ballots Cast,1
Mackinac,"Brevort Township, Precinct 1",County Surveyor for Mackinac County,,DEM,Ballots Cast,0
Mackinac,"City of Mackinac Island, Precinct 1",County Surveyor for Mackinac County,,DEM,Write-In,6
Mackinac,"City of Mackinac Island, Precinct 1",County Surveyor for Mackinac County,,DEM,Ballots Cast,6
Mackinac,"City of St. Ignace, Precinct 1",County Surveyor for Mackinac County,,DEM,Write-In,17
Mackinac,"City of St. Ignace, Precinct 1",County Surveyor for Mackinac County,,DEM,Ballots Cast,17
Mackinac,"Clark Township, Precinct 1",County Surveyor for Mackinac County,,DEM,Write-In,11
Mackinac,"Clark Township, Precinct 1",County Surveyor for Mackinac County,,DEM,Ballots Cast,11
Mackinac,"Garfield Township, Precinct 1",County Surveyor for Mackinac County,,DEM,Write-In,4
Mackinac,"Garfield Township, Precinct 1",County Surveyor for Mackinac County,,DEM,Ballots Cast,4
Mackinac,"Garfield Township, Precinct 2",County Surveyor for Mackinac County,,DEM,Write-In,4
Mackinac,"Garfield Township, Precinct 2",County Surveyor for Mackinac County,,DEM,Ballots Cast,4
Mackinac,"Hendricks Township, Precinct 1",County Surveyor for Mackinac County,,DEM,Write-In,1
Mackinac,"Hendricks Township, Precinct 1",County Surveyor for Mackinac County,,DEM,Ballots Cast,1
Mackinac,"Hudson Township, Precinct 1",County Surveyor for Mackinac County,,DEM,Ballots Cast,0
Mackinac,"Marquette Township, Precinct 1",County Surveyor for Mackinac County,,DEM,Write-In,3
Mackinac,"Marquette Township, Precinct 1",County Surveyor for Mackinac County,,DEM,Ballots Cast,3
Mackinac,"Moran Township, Precinct 1",County Surveyor for Mackinac County,,DEM,Write-In,5
Mackinac,"Moran Township, Precinct 1",County Surveyor for Mackinac County,,DEM,Ballots Cast,5
Mackinac,"Newton Township, Precinct 1",County Surveyor for Mackinac County,,DEM,Write-In,2
Mackinac,"Newton Township, Precinct 1",County Surveyor for Mackinac County,,DEM,Ballots Cast,2
Mackinac,"Portage Township, Precinct 1",County Surveyor for Mackinac County,,DEM,Write-In,4
Mackinac,"Portage Township, Precinct 1",County Surveyor for Mackinac County,,DEM,Ballots Cast,4
Mackinac,"St. Ignace Township, Precinct 1",County Surveyor for Mackinac County,,DEM,Write-In,7
Mackinac,"St. Ignace Township, Precinct 1",County Surveyor for Mackinac County,,DEM,Ballots Cast,7
Mackinac,"Garfield Township, Precinct 1",County Commissioner 1st District,,DEM,Write-In,4
Mackinac,"Garfield Township, Precinct 1",County Commissioner 1st District,,DEM,Ballots Cast,4
Mackinac,"Garfield Township, Precinct 2",County Commissioner 1st District,,DEM,Write-In,3
Mackinac,"Garfield Township, Precinct 2",County Commissioner 1st District,,DEM,Ballots Cast,3
Mackinac,"Newton Township, Precinct 1",County Commissioner 1st District,,DEM,Write-In,2
Mackinac,"Newton Township, Precinct 1",County Commissioner 1st District,,DEM,Ballots Cast,2
Mackinac,"Portage Township, Precinct 1",County Commissioner 1st District,,DEM,Write-In,4
Mackinac,"Portage Township, Precinct 1",County Commissioner 1st District,,DEM,Ballots Cast,4
Mackinac,"Brevort Township, Precinct 1",County Commissioner 2nd District,,DEM,Ballots Cast,0
Mackinac,"Garfield Township, Precinct 1",County Commissioner 2nd District,,DEM,Ballots Cast,0
Mackinac,"Garfield Township, Precinct 2",County Commissioner 2nd District,,DEM,Write-In,1
Mackinac,"Garfield Township, Precinct 2",County Commissioner 2nd District,,DEM,Ballots Cast,1
Mackinac,"Hendricks Township, Precinct 1",County Commissioner 2nd District,,DEM,Write-In,1
Mackinac,"Hendricks Township, Precinct 1",County Commissioner 2nd District,,DEM,Ballots Cast,1
Mackinac,"Hudson Township, Precinct 1",County Commissioner 2nd District,,DEM,Ballots Cast,0
Mackinac,"Moran Township, Precinct 1",County Commissioner 2nd District,,DEM,Write-In,4
Mackinac,"Moran Township, Precinct 1",County Commissioner 2nd District,,DEM,Ballots Cast,4
Mackinac,"City of St. Ignace, Precinct 1",County Commissioner 3rd District,,DEM,Write-In,9
Mackinac,"City of St. Ignace, Precinct 1",County Commissioner 3rd District,,DEM,Ballots Cast,9
Mackinac,"Marquette Township, Precinct 1",County Commissioner 3rd District,,DEM,Write-In,2
Mackinac,"Marquette Township, Precinct 1",County Commissioner 3rd District,,DEM,Ballots Cast,2
Mackinac,"St. Ignace Township, Precinct 1",County Commissioner 3rd District,,DEM,Write-In,7
Mackinac,"St. Ignace Township, Precinct 1",County Commissioner 3rd District,,DEM,Ballots Cast,7
Mackinac,"Clark Township, Precinct 1",County Commissioner 4th District,,DEM,Write-In,12
Mackinac,"Clark Township, Precinct 1",County Commissioner 4th District,,DEM,Ballots Cast,12
Mackinac,"Marquette Township, Precinct 1",County Commissioner 4th District,,DEM,Write-In,1
Mackinac,"Marquette Township, Precinct 1",County Commissioner 4th District,,DEM,Ballots Cast,1
Mackinac,"Bois Blanc Township, Precinct 1",County Commisisioner 5th District,,DEM,Write-In,1
Mackinac,"Bois Blanc Township, Precinct 1",County Commisisioner 5th District,,DEM,Ballots Cast,1
Mackinac,"City of Mackinac Island, Precinct 1",County Commisisioner 5th District,,DEM,Write-In,6
Mackinac,"City of Mackinac Island, Precinct 1",County Commisisioner 5th District,,DEM,Ballots Cast,6
Mackinac,"City of St. Ignace, Precinct 1",County Commisisioner 5th District,,DEM,Write-In,6
Mackinac,"City of St. Ignace, Precinct 1",County Commisisioner 5th District,,DEM,Ballots Cast,6
Mackinac,"Bois Blanc Township, Precinct 1",Bois Blanc Township Supervisor,,DEM,Write-In,2
Mackinac,"Bois Blanc Township, Precinct 1",Bois Blanc Township Supervisor,,DEM,Ballots Cast,2
Mackinac,"Bois Blanc Township, Precinct 1",Bois Blanc Township Clerk,,DEM,Write-In,2
Mackinac,"Bois Blanc Township, Precinct 1",Bois Blanc Township Clerk,,DEM,Ballots Cast,2
Mackinac,"Bois Blanc Township, Precinct 1",Bois Blanc Township Treasurer,,DEM,Write-In,2
Mackinac,"Bois Blanc Township, Precinct 1",Bois Blanc Township Treasurer,,DEM,Ballots Cast,2
Mackinac,"Bois Blanc Township, Precinct 1",Bois Blanc Township Trustee,,DEM,Write-In,3
Mackinac,"Bois Blanc Township, Precinct 1",Bois Blanc Township Trustee,,DEM,Ballots Cast,3
Mackinac,"Brevort Township, Precinct 1",Brevort Township Supervisor,,DEM,Ballots Cast,0
Mackinac,"Brevort Township, Precinct 1",Brevort Township Clerk,,DEM,Kaye Matelski,22
Mackinac,"Brevort Township, Precinct 1",Brevort Township Clerk,,DEM,Ballots Cast,22
Mackinac,"Brevort Township, Precinct 1",Brevort Township Treasurer,,DEM,Ballots Cast,0
Mackinac,"Brevort Township, Precinct 1",Brevort Township Trustee,,DEM,Ballots Cast,0
Mackinac,"Clark Township, Precinct 1",Clark Township Supervisor,,DEM,Write-In,13
Mackinac,"Clark Township, Precinct 1",Clark Township Supervisor,,DEM,Ballots Cast,13
Mackinac,"Clark Township, Precinct 1",Clark Township Clerk,,DEM,Susan Nye Rutledge,142
Mackinac,"Clark Township, Precinct 1",Clark Township Clerk,,DEM,Write-In,3
Mackinac,"Clark Township, Precinct 1",Clark Township Clerk,,DEM,Ballots Cast,145
Mackinac,"Clark Township, Precinct 1",Clark Township Treasurer,,DEM,Write-In,11
Mackinac,"Clark Township, Precinct 1",Clark Township Treasurer,,DEM,Ballots Cast,11
Mackinac,"Clark Township, Precinct 1",Clark Township Trustee,,DEM,Sandi Fisher,149
Mackinac,"Clark Township, Precinct 1",Clark Township Trustee,,DEM,Ballots Cast,149
Mackinac,"Garfield Township, Precinct 1",Garfield Township Supervisor,,DEM,Write-In,4
Mackinac,"Garfield Township, Precinct 1",Garfield Township Supervisor,,DEM,Ballots Cast,4
Mackinac,"Garfield Township, Precinct 2",Garfield Township Supervisor,,DEM,Write-In,4
Mackinac,"Garfield Township, Precinct 2",Garfield Township Supervisor,,DEM,Ballots Cast,4
Mackinac,"Garfield Township, Precinct 1",Garfield Township Clerk,,DEM,Write-In,4
Mackinac,"Garfield Township, Precinct 1",Garfield Township Clerk,,DEM,Ballots Cast,4
Mackinac,"Garfield Township, Precinct 2",Garfield Township Clerk,,DEM,Write-In,4
Mackinac,"Garfield Township, Precinct 2",Garfield Township Clerk,,DEM,Ballots Cast,4
Mackinac,"Garfield Township, Precinct 1",Garfield Township Treasurer,,DEM,Write-In,4
Mackinac,"Garfield Township, Precinct 1",Garfield Township Treasurer,,DEM,Ballots Cast,4
Mackinac,"Garfield Township, Precinct 2",Garfield Township Treasurer,,DEM,Write-In,4
Mackinac,"Garfield Township, Precinct 2",Garfield Township Treasurer,,DEM,Ballots Cast,4
Mackinac,"Garfield Township, Precinct 1",Garfield Township Trustee,,DEM,Write-In,7
Mackinac,"Garfield Township, Precinct 1",Garfield Township Trustee,,DEM,Ballots Cast,7
Mackinac,"Garfield Township, Precinct 2",Garfield Township Trustee,,DEM,Write-In,4
Mackinac,"Garfield Township, Precinct 2",Garfield Township Trustee,,DEM,Ballots Cast,4
Mackinac,"Hendricks Township, Precinct 1",Hendricks Township Supervisor,,DEM,Howard Hood,10
Mackinac,"Hendricks Township, Precinct 1",Hendricks Township Supervisor,,DEM,Ballots Cast,10
Mackinac,"Hendricks Township, Precinct 1",Hendricks Township Clerk,,DEM,Ballots Cast,0
Mackinac,"Hendricks Township, Precinct 1",Hendricks Township Treasurer,,DEM,Cheryl Hood,10
Mackinac,"Hendricks Township, Precinct 1",Hendricks Township Treasurer,,DEM,Ballots Cast,10
Mackinac,"Hendricks Township, Precinct 1",Hendricks Township Trustee,,DEM,Ballots Cast,0
Mackinac,"Hendricks Township, Precinct 1",Hendricks Township Constable,,DEM,Ballots Cast,0
Mackinac,"Hudson Township, Precinct 1",Hudson Township Supervisor,,DEM,"Charles Carlson, Jr.",6
Mackinac,"Hudson Township, Precinct 1",Hudson Township Supervisor,,DEM,Ballots Cast,6
Mackinac,"Hudson Township, Precinct 1",Hudson Township Clerk,,DEM,Barbara Kerridge,10
Mackinac,"Hudson Township, Precinct 1",Hudson Township Clerk,,DEM,Ballots Cast,10
Mackinac,"Hudson Township, Precinct 1",Hudson Township Treasurer,,DEM,Jacqueline M. Prout,9
Mackinac,"Hudson Township, Precinct 1",Hudson Township Treasurer,,DEM,Ballots Cast,9
Mackinac,"Hudson Township, Precinct 1",Hudson Township Trustee,,DEM,Gary Derusha,9
Mackinac,"Hudson Township, Precinct 1",Hudson Township Trustee,,DEM,Ballots Cast,9
Mackinac,"Marquette Township, Precinct 1",Marquette Township Supervisor,,DEM,Write-In,3
Mackinac,"Marquette Township, Precinct 1",Marquette Township Supervisor,,DEM,Ballots Cast,3
Mackinac,"Marquette Township, Precinct 1",Marquette Township Clerk,,DEM,Write-In,3
Mackinac,"Marquette Township, Precinct 1",Marquette Township Clerk,,DEM,Ballots Cast,3
Mackinac,"Marquette Township, Precinct 1",Marquette Township Treasurer,,DEM,Write-In,3
Mackinac,"Marquette Township, Precinct 1",Marquette Township Treasurer,,DEM,Ballots Cast,3
Mackinac,"Marquette Township, Precinct 1",Marquette Township Trustee,,DEM,Write-In,4
Mackinac,"Marquette Township, Precinct 1",Marquette Township Trustee,,DEM,Ballots Cast,4
Mackinac,"Moran Township, Precinct 1",Moran Township Supervisor,,DEM,Susan K. Dionne,96
Mackinac,"Moran Township, Precinct 1",Moran Township Supervisor,,DEM,Ballots Cast,96
Mackinac,"Moran Township, Precinct 1",Moran Township Clerk,,DEM,Kristine R. Valier,93
Mackinac,"Moran Township, Precinct 1",Moran Township Clerk,,DEM,Ballots Cast,93
Mackinac,"Moran Township, Precinct 1",Moran Township Treasurer,,DEM,Write-In,5
Mackinac,"Moran Township, Precinct 1",Moran Township Treasurer,,DEM,Ballots Cast,5
Mackinac,"Moran Township, Precinct 1",Moran Township Trustee,,DEM,Steven D. Paquin,91
Mackinac,"Moran Township, Precinct 1",Moran Township Trustee,,DEM,Ballots Cast,91
Mackinac,"Newton Township, Precinct 1",Newton Township Supervisor,,DEM,Write-In,2
Mackinac,"Newton Township, Precinct 1",Newton Township Supervisor,,DEM,Ballots Cast,2
Mackinac,"Newton Township, Precinct 1",Newton Township Clerk,,DEM,Nikki Tremblay,23
Mackinac,"Newton Township, Precinct 1",Newton Township Clerk,,DEM,Ballots Cast,23
Mackinac,"Newton Township, Precinct 1",Newton Township Treasurer,,DEM,Write-In,1
Mackinac,"Newton Township, Precinct 1",Newton Township Treasurer,,DEM,Ballots Cast,1
Mackinac,"Newton Township, Precinct 1",Newton Township Trustee,,DEM,Write-In,1
Mackinac,"Newton Township, Precinct 1",Newton Township Trustee,,DEM,Ballots Cast,1
Mackinac,"Portage Township, Precinct 1",Portage Township Supervisor,,DEM,Write-In,3
Mackinac,"Portage Township, Precinct 1",Portage Township Supervisor,,DEM,Ballots Cast,3
Mackinac,"Portage Township, Precinct 1",Portage Township Clerk,,DEM,Write-In,4
Mackinac,"Portage Township, Precinct 1",Portage Township Clerk,,DEM,Ballots Cast,4
Mackinac,"Portage Township, Precinct 1",Portage Township Treasurer,,DEM,Write-In,3
Mackinac,"Portage Township, Precinct 1",Portage Township Treasurer,,DEM,Ballots Cast,3
Mackinac,"Portage Township, Precinct 1",Portage Township Trustee,,DEM,Write-In,4
Mackinac,"Portage Township, Precinct 1",Portage Township Trustee,,DEM,Ballots Cast,4
Mackinac,"St. Ignace Township, Precinct 1",St. Ignace Township Supervisor,,DEM,Write-In,7
Mackinac,"St. Ignace Township, Precinct 1",St. Ignace Township Supervisor,,DEM,Ballots Cast,7
Mackinac,"St. Ignace Township, Precinct 1",St. Ignace Township Clerk,,DEM,Sheri L. Oja,52
Mackinac,"St. Ignace Township, Precinct 1",St. Ignace Township Clerk,,DEM,Ballots Cast,52
Mackinac,"St. Ignace Township, Precinct 1",St. Ignace Township Treasurer,,DEM,Write-In,7
Mackinac,"St. Ignace Township, Precinct 1",St. Ignace Township Treasurer,,DEM,Ballots Cast,7
Mackinac,"St. Ignace Township, Precinct 1",St. Ignace Township Trustee,,DEM,Write-In,10
Mackinac,"St. Ignace Township, Precinct 1",St. Ignace Township Trustee,,DEM,Ballots Cast,10
Mackinac,"City of Mackinac Island, Precinct 1","City of Mackinac Island, Precinct 1 Delegate to County Convention",,DEM,Write-In,4
Mackinac,"City of Mackinac Island, Precinct 1","City of Mackinac Island, Precinct 1 Delegate to County Convention",,DEM,Ballots Cast,4
Mackinac,"City of St. Ignace, Precinct 1","City of St. Ignace, Precinct 1 Delegate to County Convention",,DEM,Write-In,36
Mackinac,"City of St. Ignace, Precinct 1","City of St. Ignace, Precinct 1 Delegate to County Convention",,DEM,Ballots Cast,36
Mackinac,"Bois Blanc Township, Precinct 1","Bois Blanc Township, Precinct 1 Delegate to County Convention",,DEM,Write-In,1
Mackinac,"Bois Blanc Township, Precinct 1","Bois Blanc Township, Precinct 1 Delegate to County Convention",,DEM,Ballots Cast,1
Mackinac,"Brevort Township, Precinct 1","Brevort Township, Precinct 1 Delegate to County Convention",,DEM,Ballots Cast,0
Mackinac,"Clark Township, Precinct 1","Clark Township, Precinct 1 Delegate to County Convention",,DEM,Write-In,29
Mackinac,"Clark Township, Precinct 1","Clark Township, Precinct 1 Delegate to County Convention",,DEM,Ballots Cast,29
Mackinac,"Garfield Township, Precinct 1","Garfield Township, Precinct 1 Delegate to County Convention",,DEM,Write-In,4
Mackinac,"Garfield Township, Precinct 1","Garfield Township, Precinct 1 Delegate to County Convention",,DEM,Ballots Cast,4
Mackinac,"Garfield Township, Precinct 2","Garfield Township, Precinct 2 Delegate to County Convention",,DEM,Write-In,4
Mackinac,"Garfield Township, Precinct 2","Garfield Township, Precinct 2 Delegate to County Convention",,DEM,Ballots Cast,4
Mackinac,"Hendricks Township, Precinct 1","Hendricks Township, Precinct 1 Delegate to County Convention",,DEM,Ballots Cast,0
Mackinac,"Hudson Township, Precinct 1","Hudson Township, Precinct 1 Delegate to County Convention",,DEM,Ballots Cast,0
Mackinac,"Marquette Township, Precinct 1","Marquette Township, Precinct 1 Delegate to County Convention",,DEM,Write-In,4
Mackinac,"Marquette Township, Precinct 1","Marquette Township, Precinct 1 Delegate to County Convention",,DEM,Ballots Cast,4
Mackinac,"Moran Township, Precinct 1","Moran Township, Precinct 1 Delegate to County Convention",,DEM,Write-In,6
Mackinac,"Moran Township, Precinct 1","Moran Township, Precinct 1 Delegate to County Convention",,DEM,Ballots Cast,6
Mackinac,"Newton Township, Precinct 1","Newton Township, Precinct 1 Delegate to County Convention",,DEM,Write-In,1
Mackinac,"Newton Township, Precinct 1","Newton Township, Precinct 1 Delegate to County Convention",,DEM,Ballots Cast,1
Mackinac,"Portage Township, Precinct 1","Portage Township, Precinct 1 Delegate to County Convention",,DEM,Write-In,12
Mackinac,"Portage Township, Precinct 1","Portage Township, Precinct 1 Delegate to County Convention",,DEM,Ballots Cast,12
Mackinac,"St. Ignace Township, Precinct 1","St. Ignace Township, Precinct 1 Delegate to County Convention",,DEM,Write-In,11
Mackinac,"St. Ignace Township, Precinct 1","St. Ignace Township, Precinct 1 Delegate to County Convention",,DEM,Ballots Cast,11
Mackinac,"Bois Blanc Township, Precinct 1",U.S. Senate,,REP,Mike Rogers,8
Mackinac,"Bois Blanc Township, Precinct 1",U.S. Senate,,REP,Sandy Pensler,6
Mackinac,"Bois Blanc Township, Precinct 1",U.S. Senate,,REP,Sherry O'Donnell,4
Mackinac,"Bois Blanc Township, Precinct 1",U.S. Senate,,REP,Ballots Cast,18
Mackinac,"Brevort Township, Precinct 1",U.S. Senate,,REP,Justin Amash,15
Mackinac,"Brevort Township, Precinct 1",U.S. Senate,,REP,Mike Rogers,61
Mackinac,"Brevort Township, Precinct 1",U.S. Senate,,REP,Sandy Pensler,11
Mackinac,"Brevort Township, Precinct 1",U.S. Senate,,REP,Sherry O'Donnell,26
Mackinac,"Brevort Township, Precinct 1",U.S. Senate,,REP,Ballots Cast,113
Mackinac,"City of Mackinac Island, Precinct 1",U.S. Senate,,REP,Justin Amash,7
Mackinac,"City of Mackinac Island, Precinct 1",U.S. Senate,,REP,Mike Rogers,59
Mackinac,"City of Mackinac Island, Precinct 1",U.S. Senate,,REP,Sandy Pensler,5
Mackinac,"City of Mackinac Island, Precinct 1",U.S. Senate,,REP,Sherry O'Donnell,11
Mackinac,"City of Mackinac Island, Precinct 1",U.S. Senate,,REP,Ballots Cast,82
Mackinac,"City of St. Ignace, Precinct 1",U.S. Senate,,REP,Justin Amash,23
Mackinac,"City of St. Ignace, Precinct 1",U.S. Senate,,REP,Mike Rogers,119
Mackinac,"City of St. Ignace, Precinct 1",U.S. Senate,,REP,Sandy Pensler,40
Mackinac,"City of St. Ignace, Precinct 1",U.S. Senate,,REP,Sherry O'Donnell,88
Mackinac,"City of St. Ignace, Precinct 1",U.S. Senate,,REP,Write-In,1
Mackinac,"City of St. Ignace, Precinct 1",U.S. Senate,,REP,Ballots Cast,271
Mackinac,"Clark Township, Precinct 1",U.S. Senate,,REP,Justin Amash,32
Mackinac,"Clark Township, Precinct 1",U.S. Senate,,REP,Mike Rogers,191
Mackinac,"Clark Township, Precinct 1",U.S. Senate,,REP,Sandy Pensler,30
Mackinac,"Clark Township, Precinct 1",U.S. Senate,,REP,Sherry O'Donnell,86
Mackinac,"Clark Township, Precinct 1",U.S. Senate,,REP,Write-In,1
Mackinac,"Clark Township, Precinct 1",U.S. Senate,,REP,Ballots Cast,340
Mackinac,"Garfield Township, Precinct 1",U.S. Senate,,REP,Justin Amash,11
Mackinac,"Garfield Township, Precinct 1",U.S. Senate,,REP,Mike Rogers,78
Mackinac,"Garfield Township, Precinct 1",U.S. Senate,,REP,Sandy Pensler,8
Mackinac,"Garfield Township, Precinct 1",U.S. Senate,,REP,Sherry O'Donnell,20
Mackinac,"Garfield Township, Precinct 1",U.S. Senate,,REP,Write-In,2
Mackinac,"Garfield Township, Precinct 1",U.S. Senate,,REP,Ballots Cast,119
Mackinac,"Garfield Township, Precinct 2",U.S. Senate,,REP,Justin Amash,13
Mackinac,"Garfield Township, Precinct 2",U.S. Senate,,REP,Mike Rogers,60
Mackinac,"Garfield Township, Precinct 2",U.S. Senate,,REP,Sandy Pensler,10
Mackinac,"Garfield Township, Precinct 2",U.S. Senate,,REP,Sherry O'Donnell,12
Mackinac,"Garfield Township, Precinct 2",U.S. Senate,,REP,Ballots Cast,95
Mackinac,"Hendricks Township, Precinct 1",U.S. Senate,,REP,Justin Amash,1
Mackinac,"Hendricks Township, Precinct 1",U.S. Senate,,REP,Mike Rogers,24
Mackinac,"Hendricks Township, Precinct 1",U.S. Senate,,REP,Sandy Pensler,2
Mackinac,"Hendricks Township, Precinct 1",U.S. Senate,,REP,Sherry O'Donnell,3
Mackinac,"Hendricks Township, Precinct 1",U.S. Senate,,REP,Ballots Cast,30
Mackinac,"Hudson Township, Precinct 1",U.S. Senate,,REP,Justin Amash,7
Mackinac,"Hudson Township, Precinct 1",U.S. Senate,,REP,Mike Rogers,20
Mackinac,"Hudson Township, Precinct 1",U.S. Senate,,REP,Sandy Pensler,1
Mackinac,"Hudson Township, Precinct 1",U.S. Senate,,REP,Sherry O'Donnell,3
Mackinac,"Hudson Township, Precinct 1",U.S. Senate,,REP,Ballots Cast,31
Mackinac,"Marquette Township, Precinct 1",U.S. Senate,,REP,Justin Amash,6
Mackinac,"Marquette Township, Precinct 1",U.S. Senate,,REP,Mike Rogers,66
Mackinac,"Marquette Township, Precinct 1",U.S. Senate,,REP,Sandy Pensler,6
Mackinac,"Marquette Township, Precinct 1",U.S. Senate,,REP,Sherry O'Donnell,37
Mackinac,"Marquette Township, Precinct 1",U.S. Senate,,REP,Write-In,1
Mackinac,"Marquette Township, Precinct 1",U.S. Senate,,REP,Ballots Cast,116
Mackinac,"Moran Township, Precinct 1",U.S. Senate,,REP,Justin Amash,14
Mackinac,"Moran Township, Precinct 1",U.S. Senate,,REP,Mike Rogers,103
Mackinac,"Moran Township, Precinct 1",U.S. Senate,,REP,Sandy Pensler,28
Mackinac,"Moran Township, Precinct 1",U.S. Senate,,REP,Sherry O'Donnell,32
Mackinac,"Moran Township, Precinct 1",U.S. Senate,,REP,Ballots Cast,177
Mackinac,"Newton Township, Precinct 1",U.S. Senate,,REP,Justin Amash,14
Mackinac,"Newton Township, Precinct 1",U.S. Senate,,REP,Mike Rogers,80
Mackinac,"Newton Township, Precinct 1",U.S. Senate,,REP,Sandy Pensler,4
Mackinac,"Newton Township, Precinct 1",U.S. Senate,,REP,Sherry O'Donnell,14
Mackinac,"Newton Township, Precinct 1",U.S. Senate,,REP,Ballots Cast,112
Mackinac,"Portage Township, Precinct 1",U.S. Senate,,REP,Justin Amash,30
Mackinac,"Portage Township, Precinct 1",U.S. Senate,,REP,Mike Rogers,169
Mackinac,"Portage Township, Precinct 1",U.S. Senate,,REP,Sandy Pensler,26
Mackinac,"Portage Township, Precinct 1",U.S. Senate,,REP,Sherry O'Donnell,36
Mackinac,"Portage Township, Precinct 1",U.S. Senate,,REP,Write-In,1
Mackinac,"Portage Township, Precinct 1",U.S. Senate,,REP,Ballots Cast,262
Mackinac,"St. Ignace Township, Precinct 1",U.S. Senate,,REP,Justin Amash,13
Mackinac,"St. Ignace Township, Precinct 1",U.S. Senate,,REP,Mike Rogers,82
Mackinac,"St. Ignace Township, Precinct 1",U.S. Senate,,REP,Sandy Pensler,18
Mackinac,"St. Ignace Township, Precinct 1",U.S. Senate,,REP,Sherry O'Donnell,40
Mackinac,"St. Ignace Township, Precinct 1",U.S. Senate,,REP,Ballots Cast,153
Mackinac,"Bois Blanc Township, Precinct 1",U.S. House,1,REP,Jack Bergman,14
Mackinac,"Bois Blanc Township, Precinct 1",U.S. House,1,REP,Josh Saul,6
Mackinac,"Bois Blanc Township, Precinct 1",U.S. House,1,REP,Ballots Cast,20
Mackinac,"Brevort Township, Precinct 1",U.S. House,1,REP,Jack Bergman,83
Mackinac,"Brevort Township, Precinct 1",U.S. House,1,REP,Josh Saul,40
Mackinac,"Brevort Township, Precinct 1",U.S. House,1,REP,Write-In,1
Mackinac,"Brevort Township, Precinct 1",U.S. House,1,REP,Ballots Cast,124
Mackinac,"City of Mackinac Island, Precinct 1",U.S. House,1,REP,Jack Bergman,77
Mackinac,"City of Mackinac Island, Precinct 1",U.S. House,1,REP,Josh Saul,10
Mackinac,"City of Mackinac Island, Precinct 1",U.S. House,1,REP,Ballots Cast,87
Mackinac,"City of St. Ignace, Precinct 1",U.S. House,1,REP,Jack Bergman,216
Mackinac,"City of St. Ignace, Precinct 1",U.S. House,1,REP,Josh Saul,92
Mackinac,"City of St. Ignace, Precinct 1",U.S. House,1,REP,Ballots Cast,308
Mackinac,"Clark Township, Precinct 1",U.S. House,1,REP,Jack Bergman,260
Mackinac,"Clark Township, Precinct 1",U.S. House,1,REP,Josh Saul,101
Mackinac,"Clark Township, Precinct 1",U.S. House,1,REP,Ballots Cast,361
Mackinac,"Garfield Township, Precinct 1",U.S. House,1,REP,Jack Bergman,112
Mackinac,"Garfield Township, Precinct 1",U.S. House,1,REP,Josh Saul,15
Mackinac,"Garfield Township, Precinct 1",U.S. House,1,REP,Write-In,2
Mackinac,"Garfield Township, Precinct 1",U.S. House,1,REP,Ballots Cast,129
Mackinac,"Garfield Township, Precinct 2",U.S. House,1,REP,Jack Bergman,92
Mackinac,"Garfield Township, Precinct 2",U.S. House,1,REP,Josh Saul,13
Mackinac,"Garfield Township, Precinct 2",U.S. House,1,REP,Ballots Cast,105
Mackinac,"Hendricks Township, Precinct 1",U.S. House,1,REP,Jack Bergman,29
Mackinac,"Hendricks Township, Precinct 1",U.S. House,1,REP,Josh Saul,3
Mackinac,"Hendricks Township, Precinct 1",U.S. House,1,REP,Ballots Cast,32
Mackinac,"Hudson Township, Precinct 1",U.S. House,1,REP,Jack Bergman,29
Mackinac,"Hudson Township, Precinct 1",U.S. House,1,REP,Josh Saul,3
Mackinac,"Hudson Township, Precinct 1",U.S. House,1,REP,Ballots Cast,32
Mackinac,"Marquette Township, Precinct 1",U.S. House,1,REP,Jack Bergman,86
Mackinac,"Marquette Township, Precinct 1",U.S. House,1,REP,Josh Saul,36
Mackinac,"Marquette Township, Precinct 1",U.S. House,1,REP,Ballots Cast,122
Mackinac,"Moran Township, Precinct 1",U.S. House,1,REP,Jack Bergman,151
Mackinac,"Moran Township, Precinct 1",U.S. House,1,REP,Josh Saul,47
Mackinac,"Moran Township, Precinct 1",U.S. House,1,REP,Write-In,1
Mackinac,"Moran Township, Precinct 1",U.S. House,1,REP,Ballots Cast,199
Mackinac,"Newton Township, Precinct 1",U.S. House,1,REP,Jack Bergman,97
Mackinac,"Newton Township, Precinct 1",U.S. House,1,REP,Josh Saul,26
Mackinac,"Newton Township, Precinct 1",U.S. House,1,REP,Ballots Cast,123
Mackinac,"Portage Township, Precinct 1",U.S. House,1,REP,Jack Bergman,229
Mackinac,"Portage Township, Precinct 1",U.S. House,1,REP,Josh Saul,48
Mackinac,"Portage Township, Precinct 1",U.S. House,1,REP,Ballots Cast,277
Mackinac,"St. Ignace Township, Precinct 1",U.S. House,1,REP,Jack Bergman,129
Mackinac,"St. Ignace Township, Precinct 1",U.S. House,1,REP,Josh Saul,34
Mackinac,"St. Ignace Township, Precinct 1",U.S. House,1,REP,Ballots Cast,163
Mackinac,"Bois Blanc Township, Precinct 1",State House,107,REP,Neil W. Friske,9
Mackinac,"Bois Blanc Township, Precinct 1",State House,107,REP,Parker Fairbairn,11
Mackinac,"Bois Blanc Township, Precinct 1",State House,107,REP,Ballots Cast,20
Mackinac,"Brevort Township, Precinct 1",State House,107,REP,Neil W. Friske,68
Mackinac,"Brevort Township, Precinct 1",State House,107,REP,Parker Fairbairn,54
Mackinac,"Brevort Township, Precinct 1",State House,107,REP,Ballots Cast,122
Mackinac,"City of Mackinac Island, Precinct 1",State House,107,REP,Neil W. Friske,34
Mackinac,"City of Mackinac Island, Precinct 1",State House,107,REP,Parker Fairbairn,58
Mackinac,"City of Mackinac Island, Precinct 1",State House,107,REP,Ballots Cast,92
Mackinac,"City of St. Ignace, Precinct 1",State House,107,REP,Neil W. Friske,138
Mackinac,"City of St. Ignace, Precinct 1",State House,107,REP,Parker Fairbairn,178
Mackinac,"City of St. Ignace, Precinct 1",State House,107,REP,Ballots Cast,316
Mackinac,"Clark Township, Precinct 1",State House,107,REP,Neil W. Friske,172
Mackinac,"Clark Township, Precinct 1",State House,107,REP,Parker Fairbairn,188
Mackinac,"Clark Township, Precinct 1",State House,107,REP,Ballots Cast,360
Mackinac,"Marquette Township, Precinct 1",State House,107,REP,Neil W. Friske,71
Mackinac,"Marquette Township, Precinct 1",State House,107,REP,Parker Fairbairn,52
Mackinac,"Marquette Township, Precinct 1",State House,107,REP,Ballots Cast,123
Mackinac,"Moran Township, Precinct 1",State House,107,REP,Neil W. Friske,68
Mackinac,"Moran Township, Precinct 1",State House,107,REP,Parker Fairbairn,130
Mackinac,"Moran Township, Precinct 1",State House,107,REP,Ballots Cast,198
Mackinac,"St. Ignace Township, Precinct 1",State House,107,REP,Neil W. Friske,53
Mackinac,"St. Ignace Township, Precinct 1",State House,107,REP,Parker Fairbairn,111
Mackinac,"St. Ignace Township, Precinct 1",State House,107,REP,Ballots Cast,164
Mackinac,"Garfield Township, Precinct 1",State House,108,REP,David Prestin,110
Mackinac,"Garfield Township, Precinct 1",State House,108,REP,Write-In,2
Mackinac,"Garfield Township, Precinct 1",State House,108,REP,Ballots Cast,112
Mackinac,"Garfield Township, Precinct 2",State House,108,REP,David Prestin,94
Mackinac,"Garfield Township, Precinct 2",State House,108,REP,Ballots Cast,94
Mackinac,"Hendricks Township, Precinct 1",State House,108,REP,David Prestin,28
Mackinac,"Hendricks Township, Precinct 1",State House,108,REP,Ballots Cast,28
Mackinac,"Hudson Township, Precinct 1",State House,108,REP,David Prestin,25
Mackinac,"Hudson Township, Precinct 1",State House,108,REP,Ballots Cast,25
Mackinac,"Newton Township, Precinct 1",State House,108,REP,David Prestin,94
Mackinac,"Newton Township, Precinct 1",State House,108,REP,Ballots Cast,94
Mackinac,"Portage Township, Precinct 1",State House,108,REP,David Prestin,236
Mackinac,"Portage Township, Precinct 1",State House,108,REP,Write-In,2
Mackinac,"Portage Township, Precinct 1",State House,108,REP,Ballots Cast,238
Mackinac,"Bois Blanc Township, Precinct 1",County Prosecuting Attorney for Mackinac County,,REP,J. Stuart Spencer,15
Mackinac,"Bois Blanc Township, Precinct 1",County Prosecuting Attorney for Mackinac County,,REP,Write-In,1
Mackinac,"Bois Blanc Township, Precinct 1",County Prosecuting Attorney for Mackinac County,,REP,Ballots Cast,16
Mackinac,"Brevort Township, Precinct 1",County Prosecuting Attorney for Mackinac County,,REP,J. Stuart Spencer,95
Mackinac,"Brevort Township, Precinct 1",County Prosecuting Attorney for Mackinac County,,REP,Write-In,3
Mackinac,"Brevort Township, Precinct 1",County Prosecuting Attorney for Mackinac County,,REP,Ballots Cast,98
Mackinac,"City of Mackinac Island, Precinct 1",County Prosecuting Attorney for Mackinac County,,REP,J. Stuart Spencer,64
Mackinac,"City of Mackinac Island, Precinct 1",County Prosecuting Attorney for Mackinac County,,REP,Ballots Cast,64
Mackinac,"City of St. Ignace, Precinct 1",County Prosecuting Attorney for Mackinac County,,REP,J. Stuart Spencer,235
Mackinac,"City of St. Ignace, Precinct 1",County Prosecuting Attorney for Mackinac County,,REP,Write-In,2
Mackinac,"City of St. Ignace, Precinct 1",County Prosecuting Attorney for Mackinac County,,REP,Ballots Cast,237
Mackinac,"Clark Township, Precinct 1",County Prosecuting Attorney for Mackinac County,,REP,J. Stuart Spencer,312
Mackinac,"Clark Township, Precinct 1",County Prosecuting Attorney for Mackinac County,,REP,Write-In,1
Mackinac,"Clark Township, Precinct 1",County Prosecuting Attorney for Mackinac County,,REP,Ballots Cast,313
Mackinac,"Garfield Township, Precinct 1",County Prosecuting Attorney for Mackinac County,,REP,J. Stuart Spencer,111
Mackinac,"Garfield Township, Precinct 1",County Prosecuting Attorney for Mackinac County,,REP,Write-In,1
Mackinac,"Garfield Township, Precinct 1",County Prosecuting Attorney for Mackinac County,,REP,Ballots Cast,112
Mackinac,"Garfield Township, Precinct 2",County Prosecuting Attorney for Mackinac County,,REP,J. Stuart Spencer,91
Mackinac,"Garfield Township, Precinct 2",County Prosecuting Attorney for Mackinac County,,REP,Ballots Cast,91
Mackinac,"Hendricks Township, Precinct 1",County Prosecuting Attorney for Mackinac County,,REP,J. Stuart Spencer,28
Mackinac,"Hendricks Township, Precinct 1",County Prosecuting Attorney for Mackinac County,,REP,Ballots Cast,28
Mackinac,"Hudson Township, Precinct 1",County Prosecuting Attorney for Mackinac County,,REP,J. Stuart Spencer,23
Mackinac,"Hudson Township, Precinct 1",County Prosecuting Attorney for Mackinac County,,REP,Ballots Cast,23
Mackinac,"Marquette Township, Precinct 1",County Prosecuting Attorney for Mackinac County,,REP,J. Stuart Spencer,106
Mackinac,"Marquette Township, Precinct 1",County Prosecuting Attorney for Mackinac County,,REP,Ballots Cast,106
Mackinac,"Moran Township, Precinct 1",County Prosecuting Attorney for Mackinac County,,REP,J. Stuart Spencer,144
Mackinac,"Moran Township, Precinct 1",County Prosecuting Attorney for Mackinac County,,REP,Write-In,2
Mackinac,"Moran Township, Precinct 1",County Prosecuting Attorney for Mackinac County,,REP,Ballots Cast,146
Mackinac,"Newton Township, Precinct 1",County Prosecuting Attorney for Mackinac County,,REP,J. Stuart Spencer,95
Mackinac,"Newton Township, Precinct 1",County Prosecuting Attorney for Mackinac County,,REP,Write-In,1
Mackinac,"Newton Township, Precinct 1",County Prosecuting Attorney for Mackinac County,,REP,Ballots Cast,96
Mackinac,"Portage Township, Precinct 1",County Prosecuting Attorney for Mackinac County,,REP,J. Stuart Spencer,236
Mackinac,"Portage Township, Precinct 1",County Prosecuting Attorney for Mackinac County,,REP,Write-In,2
Mackinac,"Portage Township, Precinct 1",County Prosecuting Attorney for Mackinac County,,REP,Ballots Cast,238
Mackinac,"St. Ignace Township, Precinct 1",County Prosecuting Attorney for Mackinac County,,REP,J. Stuart Spencer,126
Mackinac,"St. Ignace Township, Precinct 1",County Prosecuting Attorney for Mackinac County,,REP,Write-In,4
Mackinac,"St. Ignace Township, Precinct 1",County Prosecuting Attorney for Mackinac County,,REP,Ballots Cast,130
Mackinac,"Bois Blanc Township, Precinct 1",County Sheriff for Mackinac County,,REP,Edward Wilk,15
Mackinac,"Bois Blanc Township, Precinct 1",County Sheriff for Mackinac County,,REP,Write-In,1
Mackinac,"Bois Blanc Township, Precinct 1",County Sheriff for Mackinac County,,REP,Ballots Cast,16
Mackinac,"Brevort Township, Precinct 1",County Sheriff for Mackinac County,,REP,Edward Wilk,99
Mackinac,"Brevort Township, Precinct 1",County Sheriff for Mackinac County,,REP,Write-In,3
Mackinac,"Brevort Township, Precinct 1",County Sheriff for Mackinac County,,REP,Ballots Cast,102
Mackinac,"City of Mackinac Island, Precinct 1",County Sheriff for Mackinac County,,REP,Edward Wilk,63
Mackinac,"City of Mackinac Island, Precinct 1",County Sheriff for Mackinac County,,REP,Ballots Cast,63
Mackinac,"City of St. Ignace, Precinct 1",County Sheriff for Mackinac County,,REP,Edward Wilk,262
Mackinac,"City of St. Ignace, Precinct 1",County Sheriff for Mackinac County,,REP,Write-In,5
Mackinac,"City of St. Ignace, Precinct 1",County Sheriff for Mackinac County,,REP,Ballots Cast,267
Mackinac,"Clark Township, Precinct 1",County Sheriff for Mackinac County,,REP,Edward Wilk,317
Mackinac,"Clark Township, Precinct 1",County Sheriff for Mackinac County,,REP,Write-In,1
Mackinac,"Clark Township, Precinct 1",County Sheriff for Mackinac County,,REP,Ballots Cast,318
Mackinac,"Garfield Township, Precinct 1",County Sheriff for Mackinac County,,REP,Edward Wilk,121
Mackinac,"Garfield Township, Precinct 1",County Sheriff for Mackinac County,,REP,Write-In,1
Mackinac,"Garfield Township, Precinct 1",County Sheriff for Mackinac County,,REP,Ballots Cast,122
Mackinac,"Garfield Township, Precinct 2",County Sheriff for Mackinac County,,REP,Edward Wilk,97
Mackinac,"Garfield Township, Precinct 2",County Sheriff for Mackinac County,,REP,Ballots Cast,97
Mackinac,"Hendricks Township, Precinct 1",County Sheriff for Mackinac County,,REP,Edward Wilk,28
Mackinac,"Hendricks Township, Precinct 1",County Sheriff for Mackinac County,,REP,Ballots Cast,28
Mackinac,"Hudson Township, Precinct 1",County Sheriff for Mackinac County,,REP,Edward Wilk,20
Mackinac,"Hudson Township, Precinct 1",County Sheriff for Mackinac County,,REP,Write-In,1
Mackinac,"Hudson Township, Precinct 1",County Sheriff for Mackinac County,,REP,Ballots Cast,21
Mackinac,"Marquette Township, Precinct 1",County Sheriff for Mackinac County,,REP,Edward Wilk,109
Mackinac,"Marquette Township, Precinct 1",County Sheriff for Mackinac County,,REP,Ballots Cast,109
Mackinac,"Moran Township, Precinct 1",County Sheriff for Mackinac County,,REP,Edward Wilk,161
Mackinac,"Moran Township, Precinct 1",County Sheriff for Mackinac County,,REP,Write-In,1
Mackinac,"Moran Township, Precinct 1",County Sheriff for Mackinac County,,REP,Ballots Cast,162
Mackinac,"Newton Township, Precinct 1",County Sheriff for Mackinac County,,REP,Edward Wilk,104
Mackinac,"Newton Township, Precinct 1",County Sheriff for Mackinac County,,REP,Ballots Cast,104
Mackinac,"Portage Township, Precinct 1",County Sheriff for Mackinac County,,REP,Edward Wilk,239
Mackinac,"Portage Township, Precinct 1",County Sheriff for Mackinac County,,REP,Write-In,2
Mackinac,"Portage Township, Precinct 1",County Sheriff for Mackinac County,,REP,Ballots Cast,241
Mackinac,"St. Ignace Township, Precinct 1",County Sheriff for Mackinac County,,REP,Edward Wilk,131
Mackinac,"St. Ignace Township, Precinct 1",County Sheriff for Mackinac County,,REP,Write-In,2
Mackinac,"St. Ignace Township, Precinct 1",County Sheriff for Mackinac County,,REP,Ballots Cast,133
Mackinac,"Bois Blanc Township, Precinct 1",County Clerk for Mackinac County,,REP,Hillary Vowell,10
Mackinac,"Bois Blanc Township, Precinct 1",County Clerk for Mackinac County,,REP,Mary E. Tamlyn Hobson,8
Mackinac,"Bois Blanc Township, Precinct 1",County Clerk for Mackinac County,,REP,Ballots Cast,18
Mackinac,"Brevort Township, Precinct 1",County Clerk for Mackinac County,,REP,Hillary Vowell,68
Mackinac,"Brevort Township, Precinct 1",County Clerk for Mackinac County,,REP,Mary E. Tamlyn Hobson,55
Mackinac,"Brevort Township, Precinct 1",County Clerk for Mackinac County,,REP,Ballots Cast,123
Mackinac,"City of Mackinac Island, Precinct 1",County Clerk for Mackinac County,,REP,Hillary Vowell,26
Mackinac,"City of Mackinac Island, Precinct 1",County Clerk for Mackinac County,,REP,Mary E. Tamlyn Hobson,56
Mackinac,"City of Mackinac Island, Precinct 1",County Clerk for Mackinac County,,REP,Ballots Cast,82
Mackinac,"City of St. Ignace, Precinct 1",County Clerk for Mackinac County,,REP,Hillary Vowell,186
Mackinac,"City of St. Ignace, Precinct 1",County Clerk for Mackinac County,,REP,Mary E. Tamlyn Hobson,130
Mackinac,"City of St. Ignace, Precinct 1",County Clerk for Mackinac County,,REP,Ballots Cast,316
Mackinac,"Clark Township, Precinct 1",County Clerk for Mackinac County,,REP,Hillary Vowell,169
Mackinac,"Clark Township, Precinct 1",County Clerk for Mackinac County,,REP,Mary E. Tamlyn Hobson,165
Mackinac,"Clark Township, Precinct 1",County Clerk for Mackinac County,,REP,Write-In,1
Mackinac,"Clark Township, Precinct 1",County Clerk for Mackinac County,,REP,Ballots Cast,335
Mackinac,"Garfield Township, Precinct 1",County Clerk for Mackinac County,,REP,Hillary Vowell,114
Mackinac,"Garfield Township, Precinct 1",County Clerk for Mackinac County,,REP,Mary E. Tamlyn Hobson,17
Mackinac,"Garfield Township, Precinct 1",County Clerk for Mackinac County,,REP,Write-In,1
Mackinac,"Garfield Township, Precinct 1",County Clerk for Mackinac County,,REP,Ballots Cast,132
Mackinac,"Garfield Township, Precinct 2",County Clerk for Mackinac County,,REP,Hillary Vowell,72
Mackinac,"Garfield Township, Precinct 2",County Clerk for Mackinac County,,REP,Mary E. Tamlyn Hobson,27
Mackinac,"Garfield Township, Precinct 2",County Clerk for Mackinac County,,REP,Ballots Cast,99
Mackinac,"Hendricks Township, Precinct 1",County Clerk for Mackinac County,,REP,Hillary Vowell,28
Mackinac,"Hendricks Township, Precinct 1",County Clerk for Mackinac County,,REP,Mary E. Tamlyn Hobson,4
Mackinac,"Hendricks Township, Precinct 1",County Clerk for Mackinac County,,REP,Ballots Cast,32
Mackinac,"Hudson Township, Precinct 1",County Clerk for Mackinac County,,REP,Hillary Vowell,29
Mackinac,"Hudson Township, Precinct 1",County Clerk for Mackinac County,,REP,Mary E. Tamlyn Hobson,3
Mackinac,"Hudson Township, Precinct 1",County Clerk for Mackinac County,,REP,Ballots Cast,32
Mackinac,"Marquette Township, Precinct 1",County Clerk for Mackinac County,,REP,Hillary Vowell,85
Mackinac,"Marquette Township, Precinct 1",County Clerk for Mackinac County,,REP,Mary E. Tamlyn Hobson,34
Mackinac,"Marquette Township, Precinct 1",County Clerk for Mackinac County,,REP,Ballots Cast,119
Mackinac,"Moran Township, Precinct 1",County Clerk for Mackinac County,,REP,Hillary Vowell,111
Mackinac,"Moran Township, Precinct 1",County Clerk for Mackinac County,,REP,Mary E. Tamlyn Hobson,100
Mackinac,"Moran Township, Precinct 1",County Clerk for Mackinac County,,REP,Ballots Cast,211
Mackinac,"Newton Township, Precinct 1",County Clerk for Mackinac County,,REP,Hillary Vowell,90
Mackinac,"Newton Township, Precinct 1",County Clerk for Mackinac County,,REP,Mary E. Tamlyn Hobson,36
Mackinac,"Newton Township, Precinct 1",County Clerk for Mackinac County,,REP,Ballots Cast,126
Mackinac,"Portage Township, Precinct 1",County Clerk for Mackinac County,,REP,Hillary Vowell,147
Mackinac,"Portage Township, Precinct 1",County Clerk for Mackinac County,,REP,Mary E. Tamlyn Hobson,110
Mackinac,"Portage Township, Precinct 1",County Clerk for Mackinac County,,REP,Write-In,1
Mackinac,"Portage Township, Precinct 1",County Clerk for Mackinac County,,REP,Ballots Cast,258
Mackinac,"St. Ignace Township, Precinct 1",County Clerk for Mackinac County,,REP,Hillary Vowell,93
Mackinac,"St. Ignace Township, Precinct 1",County Clerk for Mackinac County,,REP,Mary E. Tamlyn Hobson,71
Mackinac,"St. Ignace Township, Precinct 1",County Clerk for Mackinac County,,REP,Write-In,1
Mackinac,"St. Ignace Township, Precinct 1",County Clerk for Mackinac County,,REP,Ballots Cast,165
Mackinac,"Bois Blanc Township, Precinct 1",County Treasurer for Mackinac County,,REP,Lester Livermore,4
Mackinac,"Bois Blanc Township, Precinct 1",County Treasurer for Mackinac County,,REP,Tina J. Massey,13
Mackinac,"Bois Blanc Township, Precinct 1",County Treasurer for Mackinac County,,REP,Ballots Cast,17
Mackinac,"Brevort Township, Precinct 1",County Treasurer for Mackinac County,,REP,Lester Livermore,27
Mackinac,"Brevort Township, Precinct 1",County Treasurer for Mackinac County,,REP,Tina J. Massey,101
Mackinac,"Brevort Township, Precinct 1",County Treasurer for Mackinac County,,REP,Ballots Cast,128
Mackinac,"City of Mackinac Island, Precinct 1",County Treasurer for Mackinac County,,REP,Lester Livermore,22
Mackinac,"City of Mackinac Island, Precinct 1",County Treasurer for Mackinac County,,REP,Tina J. Massey,58
Mackinac,"City of Mackinac Island, Precinct 1",County Treasurer for Mackinac County,,REP,Ballots Cast,80
Mackinac,"City of St. Ignace, Precinct 1",County Treasurer for Mackinac County,,REP,Lester Livermore,82
Mackinac,"City of St. Ignace, Precinct 1",County Treasurer for Mackinac County,,REP,Tina J. Massey,237
Mackinac,"City of St. Ignace, Precinct 1",County Treasurer for Mackinac County,,REP,Ballots Cast,319
Mackinac,"Clark Township, Precinct 1",County Treasurer for Mackinac County,,REP,Lester Livermore,180
Mackinac,"Clark Township, Precinct 1",County Treasurer for Mackinac County,,REP,Tina J. Massey,167
Mackinac,"Clark Township, Precinct 1",County Treasurer for Mackinac County,,REP,Ballots Cast,347
Mackinac,"Garfield Township, Precinct 1",County Treasurer for Mackinac County,,REP,Lester Livermore,62
Mackinac,"Garfield Township, Precinct 1",County Treasurer for Mackinac County,,REP,Tina J. Massey,67
Mackinac,"Garfield Township, Precinct 1",County Treasurer for Mackinac County,,REP,Write-In,1
Mackinac,"Garfield Township, Precinct 1",County Treasurer for Mackinac County,,REP,Ballots Cast,130
Mackinac,"Garfield Township, Precinct 2",County Treasurer for Mackinac County,,REP,Lester Livermore,53
Mackinac,"Garfield Township, Precinct 2",County Treasurer for Mackinac County,,REP,Tina J. Massey,53
Mackinac,"Garfield Township, Precinct 2",County Treasurer for Mackinac County,,REP,Ballots Cast,106
Mackinac,"Hendricks Township, Precinct 1",County Treasurer for Mackinac County,,REP,Lester Livermore,20
Mackinac,"Hendricks Township, Precinct 1",County Treasurer for Mackinac County,,REP,Tina J. Massey,12
Mackinac,"Hendricks Township, Precinct 1",County Treasurer for Mackinac County,,REP,Ballots Cast,32
Mackinac,"Hudson Township, Precinct 1",County Treasurer for Mackinac County,,REP,Lester Livermore,20
Mackinac,"Hudson Township, Precinct 1",County Treasurer for Mackinac County,,REP,Tina J. Massey,13
Mackinac,"Hudson Township, Precinct 1",County Treasurer for Mackinac County,,REP,Ballots Cast,33
Mackinac,"Marquette Township, Precinct 1",County Treasurer for Mackinac County,,REP,Lester Livermore,36
Mackinac,"Marquette Township, Precinct 1",County Treasurer for Mackinac County,,REP,Tina J. Massey,82
Mackinac,"Marquette Township, Precinct 1",County Treasurer for Mackinac County,,REP,Ballots Cast,118
Mackinac,"Moran Township, Precinct 1",County Treasurer for Mackinac County,,REP,Lester Livermore,76
Mackinac,"Moran Township, Precinct 1",County Treasurer for Mackinac County,,REP,Tina J. Massey,130
Mackinac,"Moran Township, Precinct 1",County Treasurer for Mackinac County,,REP,Ballots Cast,206
Mackinac,"Newton Township, Precinct 1",County Treasurer for Mackinac County,,REP,Lester Livermore,55
Mackinac,"Newton Township, Precinct 1",County Treasurer for Mackinac County,,REP,Tina J. Massey,74
Mackinac,"Newton Township, Precinct 1",County Treasurer for Mackinac County,,REP,Ballots Cast,129
Mackinac,"Portage Township, Precinct 1",County Treasurer for Mackinac County,,REP,Lester Livermore,151
Mackinac,"Portage Township, Precinct 1",County Treasurer for Mackinac County,,REP,Tina J. Massey,115
Mackinac,"Portage Township, Precinct 1",County Treasurer for Mackinac County,,REP,Ballots Cast,266
Mackinac,"St. Ignace Township, Precinct 1",County Treasurer for Mackinac County,,REP,Lester Livermore,30
Mackinac,"St. Ignace Township, Precinct 1",County Treasurer for Mackinac County,,REP,Tina J. Massey,142
Mackinac,"St. Ignace Township, Precinct 1",County Treasurer for Mackinac County,,REP,Ballots Cast,172
Mackinac,"Bois Blanc Township, Precinct 1",County Register of Deeds for Mackinac County,,REP,Mary Jo Savard,14
Mackinac,"Bois Blanc Township, Precinct 1",County Register of Deeds for Mackinac County,,REP,Write-In,1
Mackinac,"Bois Blanc Township, Precinct 1",County Register of Deeds for Mackinac County,,REP,Ballots Cast,15
Mackinac,"Brevort Township, Precinct 1",County Register of Deeds for Mackinac County,,REP,Mary Jo Savard,109
Mackinac,"Brevort Township, Precinct 1",County Register of Deeds for Mackinac County,,REP,Write-In,2
Mackinac,"Brevort Township, Precinct 1",County Register of Deeds for Mackinac County,,REP,Ballots Cast,111
Mackinac,"City of Mackinac Island, Precinct 1",County Register of Deeds for Mackinac County,,REP,Mary Jo Savard,63
Mackinac,"City of Mackinac Island, Precinct 1",County Register of Deeds for Mackinac County,,REP,Ballots Cast,63
Mackinac,"City of St. Ignace, Precinct 1",County Register of Deeds for Mackinac County,,REP,Mary Jo Savard,292
Mackinac,"City of St. Ignace, Precinct 1",County Register of Deeds for Mackinac County,,REP,Write-In,1
Mackinac,"City of St. Ignace, Precinct 1",County Register of Deeds for Mackinac County,,REP,Ballots Cast,293
Mackinac,"Clark Township, Precinct 1",County Register of Deeds for Mackinac County,,REP,Mary Jo Savard,300
Mackinac,"Clark Township, Precinct 1",County Register of Deeds for Mackinac County,,REP,Ballots Cast,300
Mackinac,"Garfield Township, Precinct 1",County Register of Deeds for Mackinac County,,REP,Mary Jo Savard,112
Mackinac,"Garfield Township, Precinct 1",County Register of Deeds for Mackinac County,,REP,Write-In,2
Mackinac,"Garfield Township, Precinct 1",County Register of Deeds for Mackinac County,,REP,Ballots Cast,114
Mackinac,"Garfield Township, Precinct 2",County Register of Deeds for Mackinac County,,REP,Mary Jo Savard,96
Mackinac,"Garfield Township, Precinct 2",County Register of Deeds for Mackinac County,,REP,Ballots Cast,96
Mackinac,"Hendricks Township, Precinct 1",County Register of Deeds for Mackinac County,,REP,Mary Jo Savard,28
Mackinac,"Hendricks Township, Precinct 1",County Register of Deeds for Mackinac County,,REP,Ballots Cast,28
Mackinac,"Hudson Township, Precinct 1",County Register of Deeds for Mackinac County,,REP,Mary Jo Savard,22
Mackinac,"Hudson Township, Precinct 1",County Register of Deeds for Mackinac County,,REP,Ballots Cast,22
Mackinac,"Marquette Township, Precinct 1",County Register of Deeds for Mackinac County,,REP,Mary Jo Savard,106
Mackinac,"Marquette Township, Precinct 1",County Register of Deeds for Mackinac County,,REP,Ballots Cast,106
Mackinac,"Moran Township, Precinct 1",County Register of Deeds for Mackinac County,,REP,Mary Jo Savard,178
Mackinac,"Moran Township, Precinct 1",County Register of Deeds for Mackinac County,,REP,Ballots Cast,178
Mackinac,"Newton Township, Precinct 1",County Register of Deeds for Mackinac County,,REP,Mary Jo Savard,96
Mackinac,"Newton Township, Precinct 1",County Register of Deeds for Mackinac County,,REP,Ballots Cast,96
Mackinac,"Portage Township, Precinct 1",County Register of Deeds for Mackinac County,,REP,Mary Jo Savard,231
Mackinac,"Portage Township, Precinct 1",County Register of Deeds for Mackinac County,,REP,Ballots Cast,231
Mackinac,"St. Ignace Township, Precinct 1",County Register of Deeds for Mackinac County,,REP,Mary Jo Savard,152
Mackinac,"St. Ignace Township, Precinct 1",County Register of Deeds for Mackinac County,,REP,Write-In,1
Mackinac,"St. Ignace Township, Precinct 1",County Register of Deeds for Mackinac County,,REP,Ballots Cast,153
Mackinac,"Bois Blanc Township, Precinct 1",County Road Commissioner for Mackinac County,,REP,Daniel Litzner,14
Mackinac,"Bois Blanc Township, Precinct 1",County Road Commissioner for Mackinac County,,REP,Write-In,1
Mackinac,"Bois Blanc Township, Precinct 1",County Road Commissioner for Mackinac County,,REP,Ballots Cast,15
Mackinac,"Brevort Township, Precinct 1",County Road Commissioner for Mackinac County,,REP,Daniel Litzner,108
Mackinac,"Brevort Township, Precinct 1",County Road Commissioner for Mackinac County,,REP,Write-In,3
Mackinac,"Brevort Township, Precinct 1",County Road Commissioner for Mackinac County,,REP,Ballots Cast,111
Mackinac,"City of Mackinac Island, Precinct 1",County Road Commissioner for Mackinac County,,REP,Daniel Litzner,63
Mackinac,"City of Mackinac Island, Precinct 1",County Road Commissioner for Mackinac County,,REP,Ballots Cast,63
Mackinac,"City of St. Ignace, Precinct 1",County Road Commissioner for Mackinac County,,REP,Daniel Litzner,275
Mackinac,"City of St. Ignace, Precinct 1",County Road Commissioner for Mackinac County,,REP,Write-In,5
Mackinac,"City of St. Ignace, Precinct 1",County Road Commissioner for Mackinac County,,REP,Ballots Cast,280
Mackinac,"Clark Township, Precinct 1",County Road Commissioner for Mackinac County,,REP,Daniel Litzner,298
Mackinac,"Clark Township, Precinct 1",County Road Commissioner for Mackinac County,,REP,Ballots Cast,298
Mackinac,"Garfield Township, Precinct 1",County Road Commissioner for Mackinac County,,REP,Daniel Litzner,101
Mackinac,"Garfield Township, Precinct 1",County Road Commissioner for Mackinac County,,REP,Write-In,9
Mackinac,"Garfield Township, Precinct 1",County Road Commissioner for Mackinac County,,REP,Ballots Cast,110
Mackinac,"Garfield Township, Precinct 2",County Road Commissioner for Mackinac County,,REP,Daniel Litzner,93
Mackinac,"Garfield Township, Precinct 2",County Road Commissioner for Mackinac County,,REP,Write-In,1
Mackinac,"Garfield Township, Precinct 2",County Road Commissioner for Mackinac County,,REP,Ballots Cast,94
Mackinac,"Hendricks Township, Precinct 1",County Road Commissioner for Mackinac County,,REP,Daniel Litzner,29
Mackinac,"Hendricks Township, Precinct 1",County Road Commissioner for Mackinac County,,REP,Ballots Cast,29
Mackinac,"Hudson Township, Precinct 1",County Road Commissioner for Mackinac County,,REP,Daniel Litzner,19
Mackinac,"Hudson Township, Precinct 1",County Road Commissioner for Mackinac County,,REP,Ballots Cast,19
Mackinac,"Marquette Township, Precinct 1",County Road Commissioner for Mackinac County,,REP,Daniel Litzner,105
Mackinac,"Marquette Township, Precinct 1",County Road Commissioner for Mackinac County,,REP,Ballots Cast,105
Mackinac,"Moran Township, Precinct 1",County Road Commissioner for Mackinac County,,REP,Daniel Litzner,167
Mackinac,"Moran Township, Precinct 1",County Road Commissioner for Mackinac County,,REP,Ballots Cast,167
Mackinac,"Newton Township, Precinct 1",County Road Commissioner for Mackinac County,,REP,Daniel Litzner,93
Mackinac,"Newton Township, Precinct 1",County Road Commissioner for Mackinac County,,REP,Write-In,1
Mackinac,"Newton Township, Precinct 1",County Road Commissioner for Mackinac County,,REP,Ballots Cast,94
Mackinac,"Portage Township, Precinct 1",County Road Commissioner for Mackinac County,,REP,Daniel Litzner,229
Mackinac,"Portage Township, Precinct 1",County Road Commissioner for Mackinac County,,REP,Write-In,2
Mackinac,"Portage Township, Precinct 1",County Road Commissioner for Mackinac County,,REP,Ballots Cast,231
Mackinac,"St. Ignace Township, Precinct 1",County Road Commissioner for Mackinac County,,REP,Daniel Litzner,148
Mackinac,"St. Ignace Township, Precinct 1",County Road Commissioner for Mackinac County,,REP,Ballots Cast,148
Mackinac,"Bois Blanc Township, Precinct 1",County Surveyor for Mackinac County,,REP,Jeffrey M. Davis,16
Mackinac,"Bois Blanc Township, Precinct 1",County Surveyor for Mackinac County,,REP,Ballots Cast,16
Mackinac,"Brevort Township, Precinct 1",County Surveyor for Mackinac County,,REP,Jeffrey M. Davis,100
Mackinac,"Brevort Township, Precinct 1",County Surveyor for Mackinac County,,REP,Write-In,2
Mackinac,"Brevort Township, Precinct 1",County Surveyor for Mackinac County,,REP,Ballots Cast,102
Mackinac,"City of Mackinac Island, Precinct 1",County Surveyor for Mackinac County,,REP,Jeffrey M. Davis,55
Mackinac,"City of Mackinac Island, Precinct 1",County Surveyor for Mackinac County,,REP,Ballots Cast,55
Mackinac,"City of St. Ignace, Precinct 1",County Surveyor for Mackinac County,,REP,Jeffrey M. Davis,243
Mackinac,"City of St. Ignace, Precinct 1",County Surveyor for Mackinac County,,REP,Write-In,2
Mackinac,"City of St. Ignace, Precinct 1",County Surveyor for Mackinac County,,REP,Ballots Cast,245
Mackinac,"Clark Township, Precinct 1",County Surveyor for Mackinac County,,REP,Jeffrey M. Davis,316
Mackinac,"Clark Township, Precinct 1",County Surveyor for Mackinac County,,REP,Ballots Cast,316
Mackinac,"Garfield Township, Precinct 1",County Surveyor for Mackinac County,,REP,Jeffrey M. Davis,114
Mackinac,"Garfield Township, Precinct 1",County Surveyor for Mackinac County,,REP,Write-In,1
Mackinac,"Garfield Township, Precinct 1",County Surveyor for Mackinac County,,REP,Ballots Cast,115
Mackinac,"Garfield Township, Precinct 2",County Surveyor for Mackinac County,,REP,Jeffrey M. Davis,92
Mackinac,"Garfield Township, Precinct 2",County Surveyor for Mackinac County,,REP,Ballots Cast,92
Mackinac,"Hendricks Township, Precinct 1",County Surveyor for Mackinac County,,REP,Jeffrey M. Davis,27
Mackinac,"Hendricks Township, Precinct 1",County Surveyor for Mackinac County,,REP,Ballots Cast,27
Mackinac,"Hudson Township, Precinct 1",County Surveyor for Mackinac County,,REP,Jeffrey M. Davis,24
Mackinac,"Hudson Township, Precinct 1",County Surveyor for Mackinac County,,REP,Ballots Cast,24
Mackinac,"Marquette Township, Precinct 1",County Surveyor for Mackinac County,,REP,Jeffrey M. Davis,101
Mackinac,"Marquette Township, Precinct 1",County Surveyor for Mackinac County,,REP,Ballots Cast,101
Mackinac,"Moran Township, Precinct 1",County Surveyor for Mackinac County,,REP,Jeffrey M. Davis,143
Mackinac,"Moran Township, Precinct 1",County Surveyor for Mackinac County,,REP,Write-In,1
Mackinac,"Moran Township, Precinct 1",County Surveyor for Mackinac County,,REP,Ballots Cast,144
Mackinac,"Newton Township, Precinct 1",County Surveyor for Mackinac County,,REP,Jeffrey M. Davis,97
Mackinac,"Newton Township, Precinct 1",County Surveyor for Mackinac County,,REP,Ballots Cast,97
Mackinac,"Portage Township, Precinct 1",County Surveyor for Mackinac County,,REP,Jeffrey M. Davis,225
Mackinac,"Portage Township, Precinct 1",County Surveyor for Mackinac County,,REP,Ballots Cast,225
Mackinac,"St. Ignace Township, Precinct 1",County Surveyor for Mackinac County,,REP,Jeffrey M. Davis,131
Mackinac,"St. Ignace Township, Precinct 1",County Surveyor for Mackinac County,,REP,Ballots Cast,131
Mackinac,"Garfield Township, Precinct 1",County Commissioner 1st District,,REP,Daryl Schroeder,122
Mackinac,"Garfield Township, Precinct 1",County Commissioner 1st District,,REP,Ballots Cast,122
Mackinac,"Garfield Township, Precinct 2",County Commissioner 1st District,,REP,Daryl Schroeder,41
Mackinac,"Garfield Township, Precinct 2",County Commissioner 1st District,,REP,Ballots Cast,41
Mackinac,"Newton Township, Precinct 1",County Commissioner 1st District,,REP,Daryl Schroeder,102
Mackinac,"Newton Township, Precinct 1",County Commissioner 1st District,,REP,Ballots Cast,102
Mackinac,"Portage Township, Precinct 1",County Commissioner 1st District,,REP,Daryl Schroeder,219
Mackinac,"Portage Township, Precinct 1",County Commissioner 1st District,,REP,Write-In,1
Mackinac,"Portage Township, Precinct 1",County Commissioner 1st District,,REP,Ballots Cast,220
Mackinac,"Brevort Township, Precinct 1",County Commissioner 2nd District,,REP,Austin Kimberling,91
Mackinac,"Brevort Township, Precinct 1",County Commissioner 2nd District,,REP,Write-In,2
Mackinac,"Brevort Township, Precinct 1",County Commissioner 2nd District,,REP,Ballots Cast,93
Mackinac,"Garfield Township, Precinct 1",County Commissioner 2nd District,,REP,Austin Kimberling,2
Mackinac,"Garfield Township, Precinct 1",County Commissioner 2nd District,,REP,Ballots Cast,2
Mackinac,"Garfield Township, Precinct 2",County Commissioner 2nd District,,REP,Austin Kimberling,48
Mackinac,"Garfield Township, Precinct 2",County Commissioner 2nd District,,REP,Ballots Cast,48
Mackinac,"Hendricks Township, Precinct 1",County Commissioner 2nd District,,REP,Austin Kimberling,25
Mackinac,"Hendricks Township, Precinct 1",County Commissioner 2nd District,,REP,Ballots Cast,25
Mackinac,"Hudson Township, Precinct 1",County Commissioner 2nd District,,REP,Austin Kimberling,22
Mackinac,"Hudson Township, Precinct 1",County Commissioner 2nd District,,REP,Ballots Cast,22
Mackinac,"Moran Township, Precinct 1",County Commissioner 2nd District,,REP,Austin Kimberling,149
Mackinac,"Moran Township, Precinct 1",County Commissioner 2nd District,,REP,Ballots Cast,149
Mackinac,"City of St. Ignace, Precinct 1",County Commissioner 3rd District,,REP,Joel Schultz,40
Mackinac,"City of St. Ignace, Precinct 1",County Commissioner 3rd District,,REP,John Kling,55
Mackinac,"City of St. Ignace, Precinct 1",County Commissioner 3rd District,,REP,Write-In,1
Mackinac,"City of St. Ignace, Precinct 1",County Commissioner 3rd District,,REP,Ballots Cast,96
Mackinac,"Marquette Township, Precinct 1",County Commissioner 3rd District,,REP,Joel Schultz,24
Mackinac,"Marquette Township, Precinct 1",County Commissioner 3rd District,,REP,John Kling,21
Mackinac,"Marquette Township, Precinct 1",County Commissioner 3rd District,,REP,Ballots Cast,45
Mackinac,"St. Ignace Township, Precinct 1",County Commissioner 3rd District,,REP,Joel Schultz,60
Mackinac,"St. Ignace Township, Precinct 1",County Commissioner 3rd District,,REP,John Kling,92
Mackinac,"St. Ignace Township, Precinct 1",County Commissioner 3rd District,,REP,Ballots Cast,152
Mackinac,"Clark Township, Precinct 1",County Commissioner 4th District,,REP,Mike J. Patrick,295
Mackinac,"Clark Township, Precinct 1",County Commissioner 4th District,,REP,Write-In,1
Mackinac,"Clark Township, Precinct 1",County Commissioner 4th District,,REP,Ballots Cast,296
Mackinac,"Marquette Township, Precinct 1",County Commissioner 4th District,,REP,Mike J. Patrick,54
Mackinac,"Marquette Township, Precinct 1",County Commissioner 4th District,,REP,Ballots Cast,54
Mackinac,"Bois Blanc Township, Precinct 1",County Commisisioner 5th District,,REP,Judy St. Louis-Scott,15
Mackinac,"Bois Blanc Township, Precinct 1",County Commisisioner 5th District,,REP,Write-In,1
Mackinac,"Bois Blanc Township, Precinct 1",County Commisisioner 5th District,,REP,Ballots Cast,16
Mackinac,"City of Mackinac Island, Precinct 1",County Commisisioner 5th District,,REP,Judy St. Louis-Scott,68
Mackinac,"City of Mackinac Island, Precinct 1",County Commisisioner 5th District,,REP,Ballots Cast,68
Mackinac,"City of St. Ignace, Precinct 1",County Commisisioner 5th District,,REP,Judy St. Louis-Scott,187
Mackinac,"City of St. Ignace, Precinct 1",County Commisisioner 5th District,,REP,Write-In,1
Mackinac,"City of St. Ignace, Precinct 1",County Commisisioner 5th District,,REP,Ballots Cast,188
Mackinac,"Bois Blanc Township, Precinct 1",Bois Blanc Township Supervisor,,REP,Write-In,1
Mackinac,"Bois Blanc Township, Precinct 1",Bois Blanc Township Supervisor,,REP,Ballots Cast,1
Mackinac,"Bois Blanc Township, Precinct 1",Bois Blanc Township Clerk,,REP,Write-In,1
Mackinac,"Bois Blanc Township, Precinct 1",Bois Blanc Township Clerk,,REP,Ballots Cast,1
Mackinac,"Bois Blanc Township, Precinct 1",Bois Blanc Township Treasurer,,REP,Write-In,1
Mackinac,"Bois Blanc Township, Precinct 1",Bois Blanc Township Treasurer,,REP,Ballots Cast,1
Mackinac,"Bois Blanc Township, Precinct 1",Bois Blanc Township Trustee,,REP,Write-In,1
Mackinac,"Bois Blanc Township, Precinct 1",Bois Blanc Township Trustee,,REP,Ballots Cast,1
Mackinac,"Brevort Township, Precinct 1",Brevort Township Supervisor,,REP,Edward Serwach,85
Mackinac,"Brevort Township, Precinct 1",Brevort Township Supervisor,,REP,Joe Churches,39
Mackinac,"Brevort Township, Precinct 1",Brevort Township Supervisor,,REP,Write-In,2
Mackinac,"Brevort Township, Precinct 1",Brevort Township Supervisor,,REP,Ballots Cast,126
Mackinac,"Brevort Township, Precinct 1",Brevort Township Clerk,,REP,Kellie Gerow,87
Mackinac,"Brevort Township, Precinct 1",Brevort Township Clerk,,REP,Write-In,4
Mackinac,"Brevort Township, Precinct 1",Brevort Township Clerk,,REP,Ballots Cast,91
Mackinac,"Brevort Township, Precinct 1",Brevort Township Treasurer,,REP,Brian P. Olsen,118
Mackinac,"Brevort Township, Precinct 1",Brevort Township Treasurer,,REP,Write-In,1
Mackinac,"Brevort Township, Precinct 1",Brevort Township Treasurer,,REP,Ballots Cast,119
Mackinac,"Brevort Township, Precinct 1",Brevort Township Trustee,,REP,Gary Bird,68
Mackinac,"Brevort Township, Precinct 1",Brevort Township Trustee,,REP,Tabatha Orr,79
Mackinac,"Brevort Township, Precinct 1",Brevort Township Trustee,,REP,William Orr,77
Mackinac,"Brevort Township, Precinct 1",Brevort Township Trustee,,REP,Ballots Cast,224
Mackinac,"Clark Township, Precinct 1",Clark Township Supervisor,,REP,Mark Clymer,267
Mackinac,"Clark Township, Precinct 1",Clark Township Supervisor,,REP,Write-In,5
Mackinac,"Clark Township, Precinct 1",Clark Township Supervisor,,REP,Ballots Cast,272
Mackinac,"Clark Township, Precinct 1",Clark Township Clerk,,REP,Write-In,15
Mackinac,"Clark Township, Precinct 1",Clark Township Clerk,,REP,Ballots Cast,15
Mackinac,"Clark Township, Precinct 1",Clark Township Treasurer,,REP,Lisa Fitzgerald,290
Mackinac,"Clark Township, Precinct 1",Clark Township Treasurer,,REP,Write-In,1
Mackinac,"Clark Township, Precinct 1",Clark Township Treasurer,,REP,Ballots Cast,291
Mackinac,"Clark Township, Precinct 1",Clark Township Trustee,,REP,Pat Schuster,267
Mackinac,"Clark Township, Precinct 1",Clark Township Trustee,,REP,Write-In,1
Mackinac,"Clark Township, Precinct 1",Clark Township Trustee,,REP,Ballots Cast,268
Mackinac,"Garfield Township, Precinct 1",Garfield Township Supervisor,,REP,Donald Butkovich,124
Mackinac,"Garfield Township, Precinct 1",Garfield Township Supervisor,,REP,Write-In,1
Mackinac,"Garfield Township, Precinct 1",Garfield Township Supervisor,,REP,Ballots Cast,125
Mackinac,"Garfield Township, Precinct 2",Garfield Township Supervisor,,REP,Donald Butkovich,102
Mackinac,"Garfield Township, Precinct 2",Garfield Township Supervisor,,REP,Ballots Cast,102
Mackinac,"Garfield Township, Precinct 1",Garfield Township Clerk,,REP,Paula M. Fillman,110
Mackinac,"Garfield Township, Precinct 1",Garfield Township Clerk,,REP,Write-In,1
Mackinac,"Garfield Township, Precinct 1",Garfield Township Clerk,,REP,Ballots Cast,111
Mackinac,"Garfield Township, Precinct 2",Garfield Township Clerk,,REP,Paula M. Fillman,97
Mackinac,"Garfield Township, Precinct 2",Garfield Township Clerk,,REP,Write-In,1
Mackinac,"Garfield Township, Precinct 2",Garfield Township Clerk,,REP,Ballots Cast,98
Mackinac,"Garfield Township, Precinct 1",Garfield Township Treasurer,,REP,Susan M. Butkovich,112
Mackinac,"Garfield Township, Precinct 1",Garfield Township Treasurer,,REP,Write-In,4
Mackinac,"Garfield Township, Precinct 1",Garfield Township Treasurer,,REP,Ballots Cast,116
Mackinac,"Garfield Township, Precinct 2",Garfield Township Treasurer,,REP,Susan M. Butkovich,99
Mackinac,"Garfield Township, Precinct 2",Garfield Township Treasurer,,REP,Ballots Cast,99
Mackinac,"Garfield Township, Precinct 1",Garfield Township Trustee,,REP,Elmer Albright,109
Mackinac,"Garfield Township, Precinct 1",Garfield Township Trustee,,REP,Matthew Butkovich,45
Mackinac,"Garfield Township, Precinct 1",Garfield Township Trustee,,REP,William Wagner,6
Mackinac,"Garfield Township, Precinct 1",Garfield Township Trustee,,REP,Write-In,2
Mackinac,"Garfield Township, Precinct 1",Garfield Township Trustee,,REP,Ballots Cast,162
Mackinac,"Garfield Township, Precinct 2",Garfield Township Trustee,,REP,Elmer Albright,95
Mackinac,"Garfield Township, Precinct 2",Garfield Township Trustee,,REP,Matthew Butkovich,1
Mackinac,"Garfield Township, Precinct 2",Garfield Township Trustee,,REP,William Wagner,2
Mackinac,"Garfield Township, Precinct 2",Garfield Township Trustee,,REP,Write-In,3
Mackinac,"Garfield Township, Precinct 2",Garfield Township Trustee,,REP,Ballots Cast,101
Mackinac,"Hendricks Township, Precinct 1",Hendricks Township Supervisor,,REP,Write-In,3
Mackinac,"Hendricks Township, Precinct 1",Hendricks Township Supervisor,,REP,Ballots Cast,3
Mackinac,"Hendricks Township, Precinct 1",Hendricks Township Clerk,,REP,Write-In,1
Mackinac,"Hendricks Township, Precinct 1",Hendricks Township Clerk,,REP,Ballots Cast,1
Mackinac,"Hendricks Township, Precinct 1",Hendricks Township Treasurer,,REP,Write-In,1
Mackinac,"Hendricks Township, Precinct 1",Hendricks Township Treasurer,,REP,Ballots Cast,1
Mackinac,"Hendricks Township, Precinct 1",Hendricks Township Trustee,,REP,Glenda Derusha,26
Mackinac,"Hendricks Township, Precinct 1",Hendricks Township Trustee,,REP,Jeffery Dishaw,24
Mackinac,"Hendricks Township, Precinct 1",Hendricks Township Trustee,,REP,Ballots Cast,50
Mackinac,"Hendricks Township, Precinct 1",Hendricks Township Constable,,REP,Write-In,1
Mackinac,"Hendricks Township, Precinct 1",Hendricks Township Constable,,REP,Ballots Cast,1
Mackinac,"Hudson Township, Precinct 1",Hudson Township Supervisor,,REP,Write-In,1
Mackinac,"Hudson Township, Precinct 1",Hudson Township Supervisor,,REP,Ballots Cast,1
Mackinac,"Hudson Township, Precinct 1",Hudson Township Clerk,,REP,Write-In,1
Mackinac,"Hudson Township, Precinct 1",Hudson Township Clerk,,REP,Ballots Cast,1
Mackinac,"Hudson Township, Precinct 1",Hudson Township Treasurer,,REP,Write-In,1
Mackinac,"Hudson Township, Precinct 1",Hudson Township Treasurer,,REP,Ballots Cast,1
Mackinac,"Hudson Township, Precinct 1",Hudson Township Trustee,,REP,Karen Kerridge,31
Mackinac,"Hudson Township, Precinct 1",Hudson Township Trustee,,REP,Ballots Cast,31
Mackinac,"Marquette Township, Precinct 1",Marquette Township Supervisor,,REP,Matthew C. Dost,98
Mackinac,"Marquette Township, Precinct 1",Marquette Township Supervisor,,REP,Write-In,1
Mackinac,"Marquette Township, Precinct 1",Marquette Township Supervisor,,REP,Ballots Cast,99
Mackinac,"Marquette Township, Precinct 1",Marquette Township Clerk,,REP,Renae Leese,107
Mackinac,"Marquette Township, Precinct 1",Marquette Township Clerk,,REP,Ballots Cast,107
Mackinac,"Marquette Township, Precinct 1",Marquette Township Treasurer,,REP,Jodi Soeltner,104
Mackinac,"Marquette Township, Precinct 1",Marquette Township Treasurer,,REP,Ballots Cast,104
Mackinac,"Marquette Township, Precinct 1",Marquette Township Trustee,,REP,James Kronemeyer,95
Mackinac,"Marquette Township, Precinct 1",Marquette Township Trustee,,REP,Joanne Waybrant,99
Mackinac,"Marquette Township, Precinct 1",Marquette Township Trustee,,REP,Write-In,1
Mackinac,"Marquette Township, Precinct 1",Marquette Township Trustee,,REP,Ballots Cast,195
Mackinac,"Moran Township, Precinct 1",Moran Township Supervisor,,REP,Write-In,10
Mackinac,"Moran Township, Precinct 1",Moran Township Supervisor,,REP,Ballots Cast,10
Mackinac,"Moran Township, Precinct 1",Moran Township Clerk,,REP,Write-In,6
Mackinac,"Moran Township, Precinct 1",Moran Township Clerk,,REP,Ballots Cast,6
Mackinac,"Moran Township, Precinct 1",Moran Township Treasurer,,REP,Eileen Sovey,144
Mackinac,"Moran Township, Precinct 1",Moran Township Treasurer,,REP,Ballots Cast,144
Mackinac,"Moran Township, Precinct 1",Moran Township Trustee,,REP,Mark Spencer,145
Mackinac,"Moran Township, Precinct 1",Moran Township Trustee,,REP,Ballots Cast,145
Mackinac,"Newton Township, Precinct 1",Newton Township Supervisor,,REP,Bob Brotherton,55
Mackinac,"Newton Township, Precinct 1",Newton Township Supervisor,,REP,Fred Burton,92
Mackinac,"Newton Township, Precinct 1",Newton Township Supervisor,,REP,Ballots Cast,147
Mackinac,"Newton Township, Precinct 1",Newton Township Clerk,,REP,Amy Jo Zdebski,96
Mackinac,"Newton Township, Precinct 1",Newton Township Clerk,,REP,Sherry Salter,2
Mackinac,"Newton Township, Precinct 1",Newton Township Clerk,,REP,Write-In,2
Mackinac,"Newton Township, Precinct 1",Newton Township Clerk,,REP,Ballots Cast,100
Mackinac,"Newton Township, Precinct 1",Newton Township Treasurer,,REP,Marilyn Mary Strickland,92
Mackinac,"Newton Township, Precinct 1",Newton Township Treasurer,,REP,Samantha McNeil,50
Mackinac,"Newton Township, Precinct 1",Newton Township Treasurer,,REP,Write-In,1
Mackinac,"Newton Township, Precinct 1",Newton Township Treasurer,,REP,Ballots Cast,143
Mackinac,"Newton Township, Precinct 1",Newton Township Trustee,,REP,Keith Keller,94
Mackinac,"Newton Township, Precinct 1",Newton Township Trustee,,REP,Ronald D. O'Neil,100
Mackinac,"Newton Township, Precinct 1",Newton Township Trustee,,REP,Write-In,1
Mackinac,"Newton Township, Precinct 1",Newton Township Trustee,,REP,Ballots Cast,195
Mackinac,"Portage Township, Precinct 1",Portage Township Supervisor,,REP,Eric Wiegand,90
Mackinac,"Portage Township, Precinct 1",Portage Township Supervisor,,REP,Laura Smith,79
Mackinac,"Portage Township, Precinct 1",Portage Township Supervisor,,REP,Stephen Sicinski,114
Mackinac,"Portage Township, Precinct 1",Portage Township Supervisor,,REP,Ballots Cast,283
Mackinac,"Portage Township, Precinct 1",Portage Township Clerk,,REP,Pat MacLachlan,219
Mackinac,"Portage Township, Precinct 1",Portage Township Clerk,,REP,Write-In,7
Mackinac,"Portage Township, Precinct 1",Portage Township Clerk,,REP,Ballots Cast,226
Mackinac,"Portage Township, Precinct 1",Portage Township Treasurer,,REP,Andrea McKeage,231
Mackinac,"Portage Township, Precinct 1",Portage Township Treasurer,,REP,Write-In,2
Mackinac,"Portage Township, Precinct 1",Portage Township Treasurer,,REP,Ballots Cast,233
Mackinac,"Portage Township, Precinct 1",Portage Township Trustee,,REP,Edgar Holbrook,150
Mackinac,"Portage Township, Precinct 1",Portage Township Trustee,,REP,Frank Buckley,107
Mackinac,"Portage Township, Precinct 1",Portage Township Trustee,,REP,Kevin Orlowski,74
Mackinac,"Portage Township, Precinct 1",Portage Township Trustee,,REP,Patrick Abram,178
Mackinac,"Portage Township, Precinct 1",Portage Township Trustee,,REP,Ballots Cast,509
Mackinac,"St. Ignace Township, Precinct 1",St. Ignace Township Supervisor,,REP,Eric Danielson,135
Mackinac,"St. Ignace Township, Precinct 1",St. Ignace Township Supervisor,,REP,Write-In,2
Mackinac,"St. Ignace Township, Precinct 1",St. Ignace Township Supervisor,,REP,Ballots Cast,137
Mackinac,"St. Ignace Township, Precinct 1",St. Ignace Township Clerk,,REP,Write-In,8
Mackinac,"St. Ignace Township, Precinct 1",St. Ignace Township Clerk,,REP,Ballots Cast,8
Mackinac,"St. Ignace Township, Precinct 1",St. Ignace Township Treasurer,,REP,Write-In,7
Mackinac,"St. Ignace Township, Precinct 1",St. Ignace Township Treasurer,,REP,Ballots Cast,7
Mackinac,"St. Ignace Township, Precinct 1",St. Ignace Township Trustee,,REP,Allen Mitchell,85
Mackinac,"St. Ignace Township, Precinct 1",St. Ignace Township Trustee,,REP,Glenn McKenzie,65
Mackinac,"St. Ignace Township, Precinct 1",St. Ignace Township Trustee,,REP,Regina Frazier,100
Mackinac,"St. Ignace Township, Precinct 1",St. Ignace Township Trustee,,REP,Ballots Cast,250
Mackinac,"City of Mackinac Island, Precinct 1","City of Mackinac Island, Precinct 1 Delegate to County Convention",,REP,Write-In,9
Mackinac,"City of Mackinac Island, Precinct 1","City of Mackinac Island, Precinct 1 Delegate to County Convention",,REP,Ballots Cast,9
Mackinac,"City of St. Ignace, Precinct 1","City of St. Ignace, Precinct 1 Delegate to County Convention",,REP,Barbara Schroeder,220
Mackinac,"City of St. Ignace, Precinct 1","City of St. Ignace, Precinct 1 Delegate to County Convention",,REP,Lewis B. Hitts,2
Mackinac,"City of St. Ignace, Precinct 1","City of St. Ignace, Precinct 1 Delegate to County Convention",,REP,Write-In,7
Mackinac,"City of St. Ignace, Precinct 1","City of St. Ignace, Precinct 1 Delegate to County Convention",,REP,Ballots Cast,229
Mackinac,"Bois Blanc Township, Precinct 1","Bois Blanc Township, Precinct 1 Delegate to County Convention",,REP,Write-In,1
Mackinac,"Bois Blanc Township, Precinct 1","Bois Blanc Township, Precinct 1 Delegate to County Convention",,REP,Ballots Cast,1
Mackinac,"Brevort Township, Precinct 1","Brevort Township, Precinct 1 Delegate to County Convention",,REP,Kellie Gerow,68
Mackinac,"Brevort Township, Precinct 1","Brevort Township, Precinct 1 Delegate to County Convention",,REP,Michael Gerow,57
Mackinac,"Brevort Township, Precinct 1","Brevort Township, Precinct 1 Delegate to County Convention",,REP,Tabatha Orr,89
Mackinac,"Brevort Township, Precinct 1","Brevort Township, Precinct 1 Delegate to County Convention",,REP,Write-In,6
Mackinac,"Brevort Township, Precinct 1","Brevort Township, Precinct 1 Delegate to County Convention",,REP,Ballots Cast,220
Mackinac,"Clark Township, Precinct 1","Clark Township, Precinct 1 Delegate to County Convention",,REP,Donald Moore,173
Mackinac,"Clark Township, Precinct 1","Clark Township, Precinct 1 Delegate to County Convention",,REP,Michael Miller,209
Mackinac,"Clark Township, Precinct 1","Clark Township, Precinct 1 Delegate to County Convention",,REP,Rick Wilson,185
Mackinac,"Clark Township, Precinct 1","Clark Township, Precinct 1 Delegate to County Convention",,REP,Write-In,2
Mackinac,"Clark Township, Precinct 1","Clark Township, Precinct 1 Delegate to County Convention",,REP,Ballots Cast,569
Mackinac,"Garfield Township, Precinct 1","Garfield Township, Precinct 1 Delegate to County Convention",,REP,Daryl Schroeder,117
Mackinac,"Garfield Township, Precinct 1","Garfield Township, Precinct 1 Delegate to County Convention",,REP,Write-In,1
Mackinac,"Garfield Township, Precinct 1","Garfield Township, Precinct 1 Delegate to County Convention",,REP,Ballots Cast,118
Mackinac,"Garfield Township, Precinct 2","Garfield Township, Precinct 2 Delegate to County Convention",,REP,Write-In,6
Mackinac,"Garfield Township, Precinct 2","Garfield Township, Precinct 2 Delegate to County Convention",,REP,Ballots Cast,6
Mackinac,"Hendricks Township, Precinct 1","Hendricks Township, Precinct 1 Delegate to County Convention",,REP,Write-In,1
Mackinac,"Hendricks Township, Precinct 1","Hendricks Township, Precinct 1 Delegate to County Convention",,REP,Ballots Cast,1
Mackinac,"Hudson Township, Precinct 1","Hudson Township, Precinct 1 Delegate to County Convention",,REP,Ballots Cast,0
Mackinac,"Marquette Township, Precinct 1","Marquette Township, Precinct 1 Delegate to County Convention",,REP,Donna Dutcher,86
Mackinac,"Marquette Township, Precinct 1","Marquette Township, Precinct 1 Delegate to County Convention",,REP,Rosalie Morrison,75
Mackinac,"Marquette Township, Precinct 1","Marquette Township, Precinct 1 Delegate to County Convention",,REP,Write-In,2
Mackinac,"Marquette Township, Precinct 1","Marquette Township, Precinct 1 Delegate to County Convention",,REP,Ballots Cast,163
Mackinac,"Moran Township, Precinct 1","Moran Township, Precinct 1 Delegate to County Convention",,REP,Chris Raimer,102
Mackinac,"Moran Township, Precinct 1","Moran Township, Precinct 1 Delegate to County Convention",,REP,Gary Gorniak,117
Mackinac,"Moran Township, Precinct 1","Moran Township, Precinct 1 Delegate to County Convention",,REP,Mary Lynn Swiderski,123
Mackinac,"Moran Township, Precinct 1","Moran Township, Precinct 1 Delegate to County Convention",,REP,Ballots Cast,342
Mackinac,"Newton Township, Precinct 1","Newton Township, Precinct 1 Delegate to County Convention",,REP,Write-In,3
Mackinac,"Newton Township, Precinct 1","Newton Township, Precinct 1 Delegate to County Convention",,REP,Ballots Cast,3
Mackinac,"Portage Township, Precinct 1","Portage Township, Precinct 1 Delegate to County Convention",,REP,Roxanne Dufort,3
Mackinac,"Portage Township, Precinct 1","Portage Township, Precinct 1 Delegate to County Convention",,REP,Write-In,5
Mackinac,"Portage Township, Precinct 1","Portage Township, Precinct 1 Delegate to County Convention",,REP,Ballots Cast,8
Mackinac,"St. Ignace Township, Precinct 1","St. Ignace Township, Precinct 1 Delegate to County Convention",,REP,Jeffery Bunker,127
Mackinac,"St. Ignace Township, Precinct 1","St. Ignace Township, Precinct 1 Delegate to County Convention",,REP,Jodi Kaiser,84
Mackinac,"St. Ignace Township, Precinct 1","St. Ignace Township, Precinct 1 Delegate to County Convention",,REP,Write-In,3
Mackinac,"St. Ignace Township, Precinct 1","St. Ignace Township, Precinct 1 Delegate to County Convention",,REP,Ballots Cast,214
Mackinac,"Bois Blanc Township, Precinct 1",Mackinac County Proposal to Renew County Veterans' Millage,,,No,5
Mackinac,"Bois Blanc Township, Precinct 1",Mackinac County Proposal to Renew County Veterans' Millage,,,Yes,32
Mackinac,"Bois Blanc Township, Precinct 1",Mackinac County Proposal to Renew County Veterans' Millage,,,Ballots Cast,37
Mackinac,"Brevort Township, Precinct 1",Mackinac County Proposal to Renew County Veterans' Millage,,,No,40
Mackinac,"Brevort Township, Precinct 1",Mackinac County Proposal to Renew County Veterans' Millage,,,Yes,111
Mackinac,"Brevort Township, Precinct 1",Mackinac County Proposal to Renew County Veterans' Millage,,,Ballots Cast,151
Mackinac,"City of Mackinac Island, Precinct 1",Mackinac County Proposal to Renew County Veterans' Millage,,,No,22
Mackinac,"City of Mackinac Island, Precinct 1",Mackinac County Proposal to Renew County Veterans' Millage,,,Yes,155
Mackinac,"City of Mackinac Island, Precinct 1",Mackinac County Proposal to Renew County Veterans' Millage,,,Ballots Cast,177
Mackinac,"City of St. Ignace, Precinct 1",Mackinac County Proposal to Renew County Veterans' Millage,,,No,68
Mackinac,"City of St. Ignace, Precinct 1",Mackinac County Proposal to Renew County Veterans' Millage,,,Yes,440
Mackinac,"City of St. Ignace, Precinct 1",Mackinac County Proposal to Renew County Veterans' Millage,,,Ballots Cast,508
Mackinac,"Clark Township, Precinct 1",Mackinac County Proposal to Renew County Veterans' Millage,,,No,113
Mackinac,"Clark Township, Precinct 1",Mackinac County Proposal to Renew County Veterans' Millage,,,Yes,443
Mackinac,"Clark Township, Precinct 1",Mackinac County Proposal to Renew County Veterans' Millage,,,Ballots Cast,556
Mackinac,"Garfield Township, Precinct 1",Mackinac County Proposal to Renew County Veterans' Millage,,,No,26
Mackinac,"Garfield Township, Precinct 1",Mackinac County Proposal to Renew County Veterans' Millage,,,Yes,121
Mackinac,"Garfield Township, Precinct 1",Mackinac County Proposal to Renew County Veterans' Millage,,,Ballots Cast,147
Mackinac,"Garfield Township, Precinct 2",Mackinac County Proposal to Renew County Veterans' Millage,,,No,28
Mackinac,"Garfield Township, Precinct 2",Mackinac County Proposal to Renew County Veterans' Millage,,,Yes,115
Mackinac,"Garfield Township, Precinct 2",Mackinac County Proposal to Renew County Veterans' Millage,,,Ballots Cast,143
Mackinac,"Hendricks Township, Precinct 1",Mackinac County Proposal to Renew County Veterans' Millage,,,No,5
Mackinac,"Hendricks Township, Precinct 1",Mackinac County Proposal to Renew County Veterans' Millage,,,Yes,40
Mackinac,"Hendricks Township, Precinct 1",Mackinac County Proposal to Renew County Veterans' Millage,,,Ballots Cast,45
Mackinac,"Hudson Township, Precinct 1",Mackinac County Proposal to Renew County Veterans' Millage,,,No,8
Mackinac,"Hudson Township, Precinct 1",Mackinac County Proposal to Renew County Veterans' Millage,,,Yes,37
Mackinac,"Hudson Township, Precinct 1",Mackinac County Proposal to Renew County Veterans' Millage,,,Ballots Cast,45
Mackinac,"Marquette Township, Precinct 1",Mackinac County Proposal to Renew County Veterans' Millage,,,No,41
Mackinac,"Marquette Township, Precinct 1",Mackinac County Proposal to Renew County Veterans' Millage,,,Yes,124
Mackinac,"Marquette Township, Precinct 1",Mackinac County Proposal to Renew County Veterans' Millage,,,Ballots Cast,165
Mackinac,"Moran Township, Precinct 1",Mackinac County Proposal to Renew County Veterans' Millage,,,No,74
Mackinac,"Moran Township, Precinct 1",Mackinac County Proposal to Renew County Veterans' Millage,,,Yes,249
Mackinac,"Moran Township, Precinct 1",Mackinac County Proposal to Renew County Veterans' Millage,,,Ballots Cast,323
Mackinac,"Newton Township, Precinct 1",Mackinac County Proposal to Renew County Veterans' Millage,,,No,40
Mackinac,"Newton Township, Precinct 1",Mackinac County Proposal to Renew County Veterans' Millage,,,Yes,115
Mackinac,"Newton Township, Precinct 1",Mackinac County Proposal to Renew County Veterans' Millage,,,Ballots Cast,155
Mackinac,"Portage Township, Precinct 1",Mackinac County Proposal to Renew County Veterans' Millage,,,No,96
Mackinac,"Portage Township, Precinct 1",Mackinac County Proposal to Renew County Veterans' Millage,,,Yes,252
Mackinac,"Portage Township, Precinct 1",Mackinac County Proposal to Renew County Veterans' Millage,,,Ballots Cast,348
Mackinac,"St. Ignace Township, Precinct 1",Mackinac County Proposal to Renew County Veterans' Millage,,,No,55
Mackinac,"St. Ignace Township, Precinct 1",Mackinac County Proposal to Renew County Veterans' Millage,,,Yes,165
Mackinac,"St. Ignace Township, Precinct 1",Mackinac County Proposal to Renew County Veterans' Millage,,,Ballots Cast,220
Mackinac,"Bois Blanc Township, Precinct 1",Mackinac County County Health Service Millage Renewal Proposal,,,No,6
Mackinac,"Bois Blanc Township, Precinct 1",Mackinac County County Health Service Millage Renewal Proposal,,,Yes,32
Mackinac,"Bois Blanc Township, Precinct 1",Mackinac County County Health Service Millage Renewal Proposal,,,Ballots Cast,38
Mackinac,"Brevort Township, Precinct 1",Mackinac County County Health Service Millage Renewal Proposal,,,No,46
Mackinac,"Brevort Township, Precinct 1",Mackinac County County Health Service Millage Renewal Proposal,,,Yes,105
Mackinac,"Brevort Township, Precinct 1",Mackinac County County Health Service Millage Renewal Proposal,,,Ballots Cast,151
Mackinac,"City of Mackinac Island, Precinct 1",Mackinac County County Health Service Millage Renewal Proposal,,,No,20
Mackinac,"City of Mackinac Island, Precinct 1",Mackinac County County Health Service Millage Renewal Proposal,,,Yes,155
Mackinac,"City of Mackinac Island, Precinct 1",Mackinac County County Health Service Millage Renewal Proposal,,,Ballots Cast,175
Mackinac,"City of St. Ignace, Precinct 1",Mackinac County County Health Service Millage Renewal Proposal,,,No,81
Mackinac,"City of St. Ignace, Precinct 1",Mackinac County County Health Service Millage Renewal Proposal,,,Yes,428
Mackinac,"City of St. Ignace, Precinct 1",Mackinac County County Health Service Millage Renewal Proposal,,,Ballots Cast,509
Mackinac,"Clark Township, Precinct 1",Mackinac County County Health Service Millage Renewal Proposal,,,No,111
Mackinac,"Clark Township, Precinct 1",Mackinac County County Health Service Millage Renewal Proposal,,,Yes,450
Mackinac,"Clark Township, Precinct 1",Mackinac County County Health Service Millage Renewal Proposal,,,Ballots Cast,561
Mackinac,"Garfield Township, Precinct 1",Mackinac County County Health Service Millage Renewal Proposal,,,No,42
Mackinac,"Garfield Township, Precinct 1",Mackinac County County Health Service Millage Renewal Proposal,,,Yes,104
Mackinac,"Garfield Township, Precinct 1",Mackinac County County Health Service Millage Renewal Proposal,,,Ballots Cast,146
Mackinac,"Garfield Township, Precinct 2",Mackinac County County Health Service Millage Renewal Proposal,,,No,27
Mackinac,"Garfield Township, Precinct 2",Mackinac County County Health Service Millage Renewal Proposal,,,Yes,116
Mackinac,"Garfield Township, Precinct 2",Mackinac County County Health Service Millage Renewal Proposal,,,Ballots Cast,143
Mackinac,"Hendricks Township, Precinct 1",Mackinac County County Health Service Millage Renewal Proposal,,,No,12
Mackinac,"Hendricks Township, Precinct 1",Mackinac County County Health Service Millage Renewal Proposal,,,Yes,34
Mackinac,"Hendricks Township, Precinct 1",Mackinac County County Health Service Millage Renewal Proposal,,,Ballots Cast,46
Mackinac,"Hudson Township, Precinct 1",Mackinac County County Health Service Millage Renewal Proposal,,,No,12
Mackinac,"Hudson Township, Precinct 1",Mackinac County County Health Service Millage Renewal Proposal,,,Yes,32
Mackinac,"Hudson Township, Precinct 1",Mackinac County County Health Service Millage Renewal Proposal,,,Ballots Cast,44
Mackinac,"Marquette Township, Precinct 1",Mackinac County County Health Service Millage Renewal Proposal,,,No,36
Mackinac,"Marquette Township, Precinct 1",Mackinac County County Health Service Millage Renewal Proposal,,,Yes,130
Mackinac,"Marquette Township, Precinct 1",Mackinac County County Health Service Millage Renewal Proposal,,,Ballots Cast,166
Mackinac,"Moran Township, Precinct 1",Mackinac County County Health Service Millage Renewal Proposal,,,No,76
Mackinac,"Moran Township, Precinct 1",Mackinac County County Health Service Millage Renewal Proposal,,,Yes,248
Mackinac,"Moran Township, Precinct 1",Mackinac County County Health Service Millage Renewal Proposal,,,Ballots Cast,324
Mackinac,"Newton Township, Precinct 1",Mackinac County County Health Service Millage Renewal Proposal,,,No,49
Mackinac,"Newton Township, Precinct 1",Mackinac County County Health Service Millage Renewal Proposal,,,Yes,105
Mackinac,"Newton Township, Precinct 1",Mackinac County County Health Service Millage Renewal Proposal,,,Ballots Cast,154
Mackinac,"Portage Township, Precinct 1",Mackinac County County Health Service Millage Renewal Proposal,,,No,138
Mackinac,"Portage Township, Precinct 1",Mackinac County County Health Service Millage Renewal Proposal,,,Yes,211
Mackinac,"Portage Township, Precinct 1",Mackinac County County Health Service Millage Renewal Proposal,,,Ballots Cast,349
Mackinac,"St. Ignace Township, Precinct 1",Mackinac County County Health Service Millage Renewal Proposal,,,No,54
Mackinac,"St. Ignace Township, Precinct 1",Mackinac County County Health Service Millage Renewal Proposal,,,Yes,167
Mackinac,"St. Ignace Township, Precinct 1",Mackinac County County Health Service Millage Renewal Proposal,,,Ballots Cast,221
Mackinac,"Bois Blanc Township, Precinct 1",Bois Blanc Township Police Protection Millage Proposal,,,No,11
Mackinac,"Bois Blanc Township, Precinct 1",Bois Blanc Township Police Protection Millage Proposal,,,Yes,27
Mackinac,"Bois Blanc Township, Precinct 1",Bois Blanc Township Police Protection Millage Proposal,,,Ballots Cast,38
Mackinac,"Bois Blanc Township, Precinct 1",Bois Blanc Township Transfer Station Millage Proposal,,,No,12
Mackinac,"Bois Blanc Township, Precinct 1",Bois Blanc Township Transfer Station Millage Proposal,,,Yes,25
Mackinac,"Bois Blanc Township, Precinct 1",Bois Blanc Township Transfer Station Millage Proposal,,,Ballots Cast,37
Mackinac,"Bois Blanc Township, Precinct 1",Bois Blanc Township Marina and Dockage,,,No,13
Mackinac,"Bois Blanc Township, Precinct 1",Bois Blanc Township Marina and Dockage,,,Yes,24
Mackinac,"Bois Blanc Township, Precinct 1",Bois Blanc Township Marina and Dockage,,,Ballots Cast,37
Mackinac,"Hendricks Township, Precinct 1",Hendricks Township Road Millage Proposal,,,No,16
Mackinac,"Hendricks Township, Precinct 1",Hendricks Township Road Millage Proposal,,,Yes,30
Mackinac,"Hendricks Township, Precinct 1",Hendricks Township Road Millage Proposal,,,Ballots Cast,46
Mackinac,"Hudson Township, Precinct 1",Hudson Township Mackinaw County Road Millage Renewal Proposition,,,No,8
Mackinac,"Hudson Township, Precinct 1",Hudson Township Mackinaw County Road Millage Renewal Proposition,,,Yes,34
Mackinac,"Hudson Township, Precinct 1",Hudson Township Mackinaw County Road Millage Renewal Proposition,,,Ballots Cast,42
Mackinac,"Hudson Township, Precinct 1",Hudson Township Fire and Ambulance Protection Millage Renewal Proposition,,,No,2
Mackinac,"Hudson Township, Precinct 1",Hudson Township Fire and Ambulance Protection Millage Renewal Proposition,,,Yes,38
Mackinac,"Hudson Township, Precinct 1",Hudson Township Fire and Ambulance Protection Millage Renewal Proposition,,,Ballots Cast,40
Mackinac,"Newton Township, Precinct 1",Newton Township Ambulance Service,,,No,58
Mackinac,"Newton Township, Precinct 1",Newton Township Ambulance Service,,,Yes,99
Mackinac,"Newton Township, Precinct 1",Newton Township Ambulance Service,,,Ballots Cast,157
Mackinac,"Portage Township, Precinct 1",Portage Township Fire and Emergency Medical Services Millage Proposal,,,No,126
Mackinac,"Portage Township, Precinct 1",Portage Township Fire and Emergency Medical Services Millage Proposal,,,Yes,225
Mackinac,"Portage Township, Precinct 1",Portage Township Fire and Emergency Medical Services Millage Proposal,,,Ballots Cast,351
Mackinac,"Marquette Township, Precinct 1",Pickford Public Schools Operating Millage Renewal Proposal,,,No,24
Mackinac,"Marquette Township, Precinct 1",Pickford Public Schools Operating Millage Renewal Proposal,,,Yes,60
Mackinac,"Marquette Township, Precinct 1",Pickford Public Schools Operating Millage Renewal Proposal,,,Ballots Cast,84
