county,precinct,office,district,party,candidate,votes
Sanilac,"Argyle Township, Precinct 1",U.S. Senate,,DEM,Elissa Slotkin,12
Sanilac,"Argyle Township, Precinct 1",U.S. Senate,,DEM,Hill Harper,1
Sanilac,"Argyle Township, Precinct 1",U.S. Senate,,DEM,Ballots Cast,13
Sanilac,"Austin Township, Precinct 1",U.S. Senate,,DEM,Elissa Slotkin,23
Sanilac,"Austin Township, Precinct 1",U.S. Senate,,DEM,Hill Harper,1
Sanilac,"Austin Township, Precinct 1",U.S. Senate,,DEM,Ballots Cast,24
Sanilac,"Bridgehampton Township, Precinct 1",U.S. Senate,,DEM,Elissa Slotkin,8
Sanilac,"Bridgehampton Township, Precinct 1",U.S. Senate,,DEM,Hill Harper,1
Sanilac,"Bridgehampton Township, Precinct 1",U.S. Senate,,DEM,Ballots Cast,9
Sanilac,"Buel Township, Precinct 1",U.S. Senate,,DEM,Elissa Slotkin,31
Sanilac,"Buel Township, Precinct 1",U.S. Senate,,DEM,Ballots Cast,31
Sanilac,"City of Brown City, Precinct 1",U.S. Senate,,DEM,Elissa Slotkin,28
Sanilac,"City of Brown City, Precinct 1",U.S. Senate,,DEM,Hill Harper,7
Sanilac,"City of Brown City, Precinct 1",U.S. Senate,,DEM,Ballots Cast,35
Sanilac,"City of Croswell, Precinct 1",U.S. Senate,,DEM,Elissa Slotkin,79
Sanilac,"City of Croswell, Precinct 1",U.S. Senate,,DEM,Hill Harper,10
Sanilac,"City of Croswell, Precinct 1",U.S. Senate,,DEM,Ballots Cast,89
Sanilac,"City of Marlette, Precinct 1",U.S. Senate,,DEM,Elissa Slotkin,55
Sanilac,"City of Marlette, Precinct 1",U.S. Senate,,DEM,Hill Harper,6
Sanilac,"City of Marlette, Precinct 1",U.S. Senate,,DEM,Ballots Cast,61
Sanilac,"City of Sandusky, Precinct 1",U.S. Senate,,DEM,Elissa Slotkin,93
Sanilac,"City of Sandusky, Precinct 1",U.S. Senate,,DEM,Hill Harper,10
Sanilac,"City of Sandusky, Precinct 1",U.S. Senate,,DEM,Ballots Cast,103
Sanilac,"Custer Township, Precinct 1",U.S. Senate,,DEM,Elissa Slotkin,20
Sanilac,"Custer Township, Precinct 1",U.S. Senate,,DEM,Hill Harper,4
Sanilac,"Custer Township, Precinct 1",U.S. Senate,,DEM,Ballots Cast,24
Sanilac,"Delaware Township, Precinct 1",U.S. Senate,,DEM,Elissa Slotkin,23
Sanilac,"Delaware Township, Precinct 1",U.S. Senate,,DEM,Ballots Cast,23
Sanilac,"Elk Township, Precinct 1",U.S. Senate,,DEM,Elissa Slotkin,34
Sanilac,"Elk Township, Precinct 1",U.S. Senate,,DEM,Hill Harper,6
Sanilac,"Elk Township, Precinct 1",U.S. Senate,,DEM,Ballots Cast,40
Sanilac,"Elmer Township, Precinct 1",U.S. Senate,,DEM,Elissa Slotkin,12
Sanilac,"Elmer Township, Precinct 1",U.S. Senate,,DEM,Hill Harper,4
Sanilac,"Elmer Township, Precinct 1",U.S. Senate,,DEM,Ballots Cast,16
Sanilac,"Evergreen Township, Precinct 1",U.S. Senate,,DEM,Elissa Slotkin,5
Sanilac,"Evergreen Township, Precinct 1",U.S. Senate,,DEM,Hill Harper,1
Sanilac,"Evergreen Township, Precinct 1",U.S. Senate,,DEM,Ballots Cast,6
Sanilac,"Flynn Township, Precinct 1",U.S. Senate,,DEM,Elissa Slotkin,23
Sanilac,"Flynn Township, Precinct 1",U.S. Senate,,DEM,Hill Harper,1
Sanilac,"Flynn Township, Precinct 1",U.S. Senate,,DEM,Ballots Cast,24
Sanilac,"Forester Township, Precinct 1",U.S. Senate,,DEM,Elissa Slotkin,62
Sanilac,"Forester Township, Precinct 1",U.S. Senate,,DEM,Hill Harper,13
Sanilac,"Forester Township, Precinct 1",U.S. Senate,,DEM,Ballots Cast,75
Sanilac,"Fremont Township, Precinct 1",U.S. Senate,,DEM,Elissa Slotkin,24
Sanilac,"Fremont Township, Precinct 1",U.S. Senate,,DEM,Hill Harper,5
Sanilac,"Fremont Township, Precinct 1",U.S. Senate,,DEM,Ballots Cast,29
Sanilac,"Greenleaf Township, Precinct 1",U.S. Senate,,DEM,Elissa Slotkin,18
Sanilac,"Greenleaf Township, Precinct 1",U.S. Senate,,DEM,Hill Harper,4
Sanilac,"Greenleaf Township, Precinct 1",U.S. Senate,,DEM,Ballots Cast,22
Sanilac,"Lamotte Township, Precinct 1",U.S. Senate,,DEM,Elissa Slotkin,18
Sanilac,"Lamotte Township, Precinct 1",U.S. Senate,,DEM,Hill Harper,4
Sanilac,"Lamotte Township, Precinct 1",U.S. Senate,,DEM,Ballots Cast,22
Sanilac,"Lexington Township, Precinct 1",U.S. Senate,,DEM,Elissa Slotkin,282
Sanilac,"Lexington Township, Precinct 1",U.S. Senate,,DEM,Hill Harper,24
Sanilac,"Lexington Township, Precinct 1",U.S. Senate,,DEM,Ballots Cast,306
Sanilac,"Maple Valley Township, Precinct 1",U.S. Senate,,DEM,Elissa Slotkin,32
Sanilac,"Maple Valley Township, Precinct 1",U.S. Senate,,DEM,Hill Harper,2
Sanilac,"Maple Valley Township, Precinct 1",U.S. Senate,,DEM,Ballots Cast,34
Sanilac,"Marion Township, Precinct 1",U.S. Senate,,DEM,Elissa Slotkin,34
Sanilac,"Marion Township, Precinct 1",U.S. Senate,,DEM,Hill Harper,1
Sanilac,"Marion Township, Precinct 1",U.S. Senate,,DEM,Ballots Cast,35
Sanilac,"Marlette Township, Precinct 1",U.S. Senate,,DEM,Elissa Slotkin,44
Sanilac,"Marlette Township, Precinct 1",U.S. Senate,,DEM,Hill Harper,2
Sanilac,"Marlette Township, Precinct 1",U.S. Senate,,DEM,Ballots Cast,46
Sanilac,"Minden Township, Precinct 1",U.S. Senate,,DEM,Elissa Slotkin,21
Sanilac,"Minden Township, Precinct 1",U.S. Senate,,DEM,Hill Harper,3
Sanilac,"Minden Township, Precinct 1",U.S. Senate,,DEM,Ballots Cast,24
Sanilac,"Moore Township, Precinct 1",U.S. Senate,,DEM,Elissa Slotkin,21
Sanilac,"Moore Township, Precinct 1",U.S. Senate,,DEM,Hill Harper,1
Sanilac,"Moore Township, Precinct 1",U.S. Senate,,DEM,Ballots Cast,22
Sanilac,"Sanilac Township, Precinct 1",U.S. Senate,,DEM,Elissa Slotkin,195
Sanilac,"Sanilac Township, Precinct 1",U.S. Senate,,DEM,Hill Harper,11
Sanilac,"Sanilac Township, Precinct 1",U.S. Senate,,DEM,Ballots Cast,206
Sanilac,"Speaker Township, Precinct 1",U.S. Senate,,DEM,Elissa Slotkin,56
Sanilac,"Speaker Township, Precinct 1",U.S. Senate,,DEM,Hill Harper,6
Sanilac,"Speaker Township, Precinct 1",U.S. Senate,,DEM,Ballots Cast,62
Sanilac,"Washington Township, Precinct 1",U.S. Senate,,DEM,Elissa Slotkin,49
Sanilac,"Washington Township, Precinct 1",U.S. Senate,,DEM,Hill Harper,5
Sanilac,"Washington Township, Precinct 1",U.S. Senate,,DEM,Ballots Cast,54
Sanilac,"Watertown Township, Precinct 1",U.S. Senate,,DEM,Elissa Slotkin,27
Sanilac,"Watertown Township, Precinct 1",U.S. Senate,,DEM,Hill Harper,3
Sanilac,"Watertown Township, Precinct 1",U.S. Senate,,DEM,Write-In,2
Sanilac,"Watertown Township, Precinct 1",U.S. Senate,,DEM,Ballots Cast,32
Sanilac,"Wheatland Township, Precinct 1",U.S. Senate,,DEM,Elissa Slotkin,7
Sanilac,"Wheatland Township, Precinct 1",U.S. Senate,,DEM,Hill Harper,2
Sanilac,"Wheatland Township, Precinct 1",U.S. Senate,,DEM,Ballots Cast,9
Sanilac,"Worth Township, Precinct 1",U.S. Senate,,DEM,Elissa Slotkin,226
Sanilac,"Worth Township, Precinct 1",U.S. Senate,,DEM,Hill Harper,12
Sanilac,"Worth Township, Precinct 1",U.S. Senate,,DEM,Ballots Cast,238
Sanilac,"Argyle Township, Precinct 1",U.S. House,9,DEM,Clinton St Mosley,15
Sanilac,"Argyle Township, Precinct 1",U.S. House,9,DEM,Ballots Cast,15
Sanilac,"Austin Township, Precinct 1",U.S. House,9,DEM,Clinton St Mosley,22
Sanilac,"Austin Township, Precinct 1",U.S. House,9,DEM,Ballots Cast,22
Sanilac,"Bridgehampton Township, Precinct 1",U.S. House,9,DEM,Clinton St Mosley,7
Sanilac,"Bridgehampton Township, Precinct 1",U.S. House,9,DEM,Ballots Cast,7
Sanilac,"Buel Township, Precinct 1",U.S. House,9,DEM,Clinton St Mosley,29
Sanilac,"Buel Township, Precinct 1",U.S. House,9,DEM,Ballots Cast,29
Sanilac,"City of Brown City, Precinct 1",U.S. House,9,DEM,Clinton St Mosley,32
Sanilac,"City of Brown City, Precinct 1",U.S. House,9,DEM,Write-In,1
Sanilac,"City of Brown City, Precinct 1",U.S. House,9,DEM,Ballots Cast,33
Sanilac,"City of Croswell, Precinct 1",U.S. House,9,DEM,Clinton St Mosley,80
Sanilac,"City of Croswell, Precinct 1",U.S. House,9,DEM,Ballots Cast,80
Sanilac,"City of Marlette, Precinct 1",U.S. House,9,DEM,Clinton St Mosley,53
Sanilac,"City of Marlette, Precinct 1",U.S. House,9,DEM,Ballots Cast,53
Sanilac,"City of Sandusky, Precinct 1",U.S. House,9,DEM,Clinton St Mosley,88
Sanilac,"City of Sandusky, Precinct 1",U.S. House,9,DEM,Ballots Cast,88
Sanilac,"Custer Township, Precinct 1",U.S. House,9,DEM,Clinton St Mosley,18
Sanilac,"Custer Township, Precinct 1",U.S. House,9,DEM,Ballots Cast,18
Sanilac,"Delaware Township, Precinct 1",U.S. House,9,DEM,Clinton St Mosley,17
Sanilac,"Delaware Township, Precinct 1",U.S. House,9,DEM,Write-In,1
Sanilac,"Delaware Township, Precinct 1",U.S. House,9,DEM,Ballots Cast,18
Sanilac,"Elk Township, Precinct 1",U.S. House,9,DEM,Clinton St Mosley,39
Sanilac,"Elk Township, Precinct 1",U.S. House,9,DEM,Ballots Cast,39
Sanilac,"Elmer Township, Precinct 1",U.S. House,9,DEM,Clinton St Mosley,14
Sanilac,"Elmer Township, Precinct 1",U.S. House,9,DEM,Ballots Cast,14
Sanilac,"Evergreen Township, Precinct 1",U.S. House,9,DEM,Clinton St Mosley,5
Sanilac,"Evergreen Township, Precinct 1",U.S. House,9,DEM,Ballots Cast,5
Sanilac,"Flynn Township, Precinct 1",U.S. House,9,DEM,Clinton St Mosley,22
Sanilac,"Flynn Township, Precinct 1",U.S. House,9,DEM,Ballots Cast,22
Sanilac,"Forester Township, Precinct 1",U.S. House,9,DEM,Clinton St Mosley,64
Sanilac,"Forester Township, Precinct 1",U.S. House,9,DEM,Ballots Cast,64
Sanilac,"Fremont Township, Precinct 1",U.S. House,9,DEM,Clinton St Mosley,25
Sanilac,"Fremont Township, Precinct 1",U.S. House,9,DEM,Ballots Cast,25
Sanilac,"Greenleaf Township, Precinct 1",U.S. House,9,DEM,Clinton St Mosley,20
Sanilac,"Greenleaf Township, Precinct 1",U.S. House,9,DEM,Ballots Cast,20
Sanilac,"Lamotte Township, Precinct 1",U.S. House,9,DEM,Clinton St Mosley,21
Sanilac,"Lamotte Township, Precinct 1",U.S. House,9,DEM,Ballots Cast,21
Sanilac,"Lexington Township, Precinct 1",U.S. House,9,DEM,Clinton St Mosley,286
Sanilac,"Lexington Township, Precinct 1",U.S. House,9,DEM,Ballots Cast,286
Sanilac,"Maple Valley Township, Precinct 1",U.S. House,9,DEM,Clinton St Mosley,29
Sanilac,"Maple Valley Township, Precinct 1",U.S. House,9,DEM,Ballots Cast,29
Sanilac,"Marion Township, Precinct 1",U.S. House,9,DEM,Clinton St Mosley,32
Sanilac,"Marion Township, Precinct 1",U.S. House,9,DEM,Ballots Cast,32
Sanilac,"Marlette Township, Precinct 1",U.S. House,9,DEM,Clinton St Mosley,38
Sanilac,"Marlette Township, Precinct 1",U.S. House,9,DEM,Write-In,1
Sanilac,"Marlette Township, Precinct 1",U.S. House,9,DEM,Ballots Cast,39
Sanilac,"Minden Township, Precinct 1",U.S. House,9,DEM,Clinton St Mosley,24
Sanilac,"Minden Township, Precinct 1",U.S. House,9,DEM,Ballots Cast,24
Sanilac,"Moore Township, Precinct 1",U.S. House,9,DEM,Clinton St Mosley,18
Sanilac,"Moore Township, Precinct 1",U.S. House,9,DEM,Ballots Cast,18
Sanilac,"Sanilac Township, Precinct 1",U.S. House,9,DEM,Clinton St Mosley,188
Sanilac,"Sanilac Township, Precinct 1",U.S. House,9,DEM,Ballots Cast,188
Sanilac,"Speaker Township, Precinct 1",U.S. House,9,DEM,Clinton St Mosley,53
Sanilac,"Speaker Township, Precinct 1",U.S. House,9,DEM,Ballots Cast,53
Sanilac,"Washington Township, Precinct 1",U.S. House,9,DEM,Clinton St Mosley,49
Sanilac,"Washington Township, Precinct 1",U.S. House,9,DEM,Ballots Cast,49
Sanilac,"Watertown Township, Precinct 1",U.S. House,9,DEM,Clinton St Mosley,30
Sanilac,"Watertown Township, Precinct 1",U.S. House,9,DEM,Ballots Cast,30
Sanilac,"Wheatland Township, Precinct 1",U.S. House,9,DEM,Clinton St Mosley,8
Sanilac,"Wheatland Township, Precinct 1",U.S. House,9,DEM,Ballots Cast,8
Sanilac,"Worth Township, Precinct 1",U.S. House,9,DEM,Clinton St Mosley,215
Sanilac,"Worth Township, Precinct 1",U.S. House,9,DEM,Ballots Cast,215
Sanilac,"Argyle Township, Precinct 1",State House,98,DEM,April L. Osentoski,14
Sanilac,"Argyle Township, Precinct 1",State House,98,DEM,Ballots Cast,14
Sanilac,"Austin Township, Precinct 1",State House,98,DEM,April L. Osentoski,23
Sanilac,"Austin Township, Precinct 1",State House,98,DEM,Ballots Cast,23
Sanilac,"Bridgehampton Township, Precinct 1",State House,98,DEM,April L. Osentoski,8
Sanilac,"Bridgehampton Township, Precinct 1",State House,98,DEM,Ballots Cast,8
Sanilac,"Buel Township, Precinct 1",State House,98,DEM,April L. Osentoski,28
Sanilac,"Buel Township, Precinct 1",State House,98,DEM,Ballots Cast,28
Sanilac,"City of Brown City, Precinct 1",State House,98,DEM,April L. Osentoski,33
Sanilac,"City of Brown City, Precinct 1",State House,98,DEM,Ballots Cast,33
Sanilac,"City of Croswell, Precinct 1",State House,98,DEM,April L. Osentoski,78
Sanilac,"City of Croswell, Precinct 1",State House,98,DEM,Ballots Cast,78
Sanilac,"City of Marlette, Precinct 1",State House,98,DEM,April L. Osentoski,52
Sanilac,"City of Marlette, Precinct 1",State House,98,DEM,Ballots Cast,52
Sanilac,"City of Sandusky, Precinct 1",State House,98,DEM,April L. Osentoski,87
Sanilac,"City of Sandusky, Precinct 1",State House,98,DEM,Ballots Cast,87
Sanilac,"Custer Township, Precinct 1",State House,98,DEM,April L. Osentoski,17
Sanilac,"Custer Township, Precinct 1",State House,98,DEM,Ballots Cast,17
Sanilac,"Delaware Township, Precinct 1",State House,98,DEM,April L. Osentoski,16
Sanilac,"Delaware Township, Precinct 1",State House,98,DEM,Write-In,1
Sanilac,"Delaware Township, Precinct 1",State House,98,DEM,Ballots Cast,17
Sanilac,"Elk Township, Precinct 1",State House,98,DEM,April L. Osentoski,39
Sanilac,"Elk Township, Precinct 1",State House,98,DEM,Ballots Cast,39
Sanilac,"Elmer Township, Precinct 1",State House,98,DEM,April L. Osentoski,14
Sanilac,"Elmer Township, Precinct 1",State House,98,DEM,Ballots Cast,14
Sanilac,"Evergreen Township, Precinct 1",State House,98,DEM,April L. Osentoski,5
Sanilac,"Evergreen Township, Precinct 1",State House,98,DEM,Ballots Cast,5
Sanilac,"Flynn Township, Precinct 1",State House,98,DEM,April L. Osentoski,23
Sanilac,"Flynn Township, Precinct 1",State House,98,DEM,Ballots Cast,23
Sanilac,"Forester Township, Precinct 1",State House,98,DEM,April L. Osentoski,63
Sanilac,"Forester Township, Precinct 1",State House,98,DEM,Ballots Cast,63
Sanilac,"Fremont Township, Precinct 1",State House,98,DEM,April L. Osentoski,26
Sanilac,"Fremont Township, Precinct 1",State House,98,DEM,Ballots Cast,26
Sanilac,"Greenleaf Township, Precinct 1",State House,98,DEM,April L. Osentoski,21
Sanilac,"Greenleaf Township, Precinct 1",State House,98,DEM,Ballots Cast,21
Sanilac,"Lamotte Township, Precinct 1",State House,98,DEM,April L. Osentoski,21
Sanilac,"Lamotte Township, Precinct 1",State House,98,DEM,Ballots Cast,21
Sanilac,"Lexington Township, Precinct 1",State House,98,DEM,April L. Osentoski,279
Sanilac,"Lexington Township, Precinct 1",State House,98,DEM,Ballots Cast,279
Sanilac,"Maple Valley Township, Precinct 1",State House,98,DEM,April L. Osentoski,28
Sanilac,"Maple Valley Township, Precinct 1",State House,98,DEM,Ballots Cast,28
Sanilac,"Marion Township, Precinct 1",State House,98,DEM,April L. Osentoski,32
Sanilac,"Marion Township, Precinct 1",State House,98,DEM,Ballots Cast,32
Sanilac,"Marlette Township, Precinct 1",State House,98,DEM,April L. Osentoski,40
Sanilac,"Marlette Township, Precinct 1",State House,98,DEM,Ballots Cast,40
Sanilac,"Minden Township, Precinct 1",State House,98,DEM,April L. Osentoski,24
Sanilac,"Minden Township, Precinct 1",State House,98,DEM,Ballots Cast,24
Sanilac,"Moore Township, Precinct 1",State House,98,DEM,April L. Osentoski,18
Sanilac,"Moore Township, Precinct 1",State House,98,DEM,Ballots Cast,18
Sanilac,"Sanilac Township, Precinct 1",State House,98,DEM,April L. Osentoski,186
Sanilac,"Sanilac Township, Precinct 1",State House,98,DEM,Write-In,1
Sanilac,"Sanilac Township, Precinct 1",State House,98,DEM,Ballots Cast,187
Sanilac,"Speaker Township, Precinct 1",State House,98,DEM,April L. Osentoski,52
Sanilac,"Speaker Township, Precinct 1",State House,98,DEM,Ballots Cast,52
Sanilac,"Washington Township, Precinct 1",State House,98,DEM,April L. Osentoski,48
Sanilac,"Washington Township, Precinct 1",State House,98,DEM,Ballots Cast,48
Sanilac,"Watertown Township, Precinct 1",State House,98,DEM,April L. Osentoski,29
Sanilac,"Watertown Township, Precinct 1",State House,98,DEM,Ballots Cast,29
Sanilac,"Wheatland Township, Precinct 1",State House,98,DEM,April L. Osentoski,7
Sanilac,"Wheatland Township, Precinct 1",State House,98,DEM,Ballots Cast,7
Sanilac,"Worth Township, Precinct 1",State House,64,DEM,John Anter,102
Sanilac,"Worth Township, Precinct 1",State House,64,DEM,Ken Heuvelman,51
Sanilac,"Worth Township, Precinct 1",State House,64,DEM,Mathew Castillo,67
Sanilac,"Worth Township, Precinct 1",State House,64,DEM,Ballots Cast,220
Sanilac,"Argyle Township, Precinct 1",Sanilac County Prosecuting Attorney,,DEM,Write-In,3
Sanilac,"Argyle Township, Precinct 1",Sanilac County Prosecuting Attorney,,DEM,Ballots Cast,3
Sanilac,"Austin Township, Precinct 1",Sanilac County Prosecuting Attorney,,DEM,Write-In,2
Sanilac,"Austin Township, Precinct 1",Sanilac County Prosecuting Attorney,,DEM,Ballots Cast,2
Sanilac,"Bridgehampton Township, Precinct 1",Sanilac County Prosecuting Attorney,,DEM,Write-In,2
Sanilac,"Bridgehampton Township, Precinct 1",Sanilac County Prosecuting Attorney,,DEM,Ballots Cast,2
Sanilac,"Buel Township, Precinct 1",Sanilac County Prosecuting Attorney,,DEM,Write-In,6
Sanilac,"Buel Township, Precinct 1",Sanilac County Prosecuting Attorney,,DEM,Ballots Cast,6
Sanilac,"City of Brown City, Precinct 1",Sanilac County Prosecuting Attorney,,DEM,Write-In,3
Sanilac,"City of Brown City, Precinct 1",Sanilac County Prosecuting Attorney,,DEM,Ballots Cast,3
Sanilac,"City of Croswell, Precinct 1",Sanilac County Prosecuting Attorney,,DEM,Write-In,13
Sanilac,"City of Croswell, Precinct 1",Sanilac County Prosecuting Attorney,,DEM,Ballots Cast,13
Sanilac,"City of Marlette, Precinct 1",Sanilac County Prosecuting Attorney,,DEM,Write-In,10
Sanilac,"City of Marlette, Precinct 1",Sanilac County Prosecuting Attorney,,DEM,Ballots Cast,10
Sanilac,"City of Sandusky, Precinct 1",Sanilac County Prosecuting Attorney,,DEM,Write-In,9
Sanilac,"City of Sandusky, Precinct 1",Sanilac County Prosecuting Attorney,,DEM,Ballots Cast,9
Sanilac,"Custer Township, Precinct 1",Sanilac County Prosecuting Attorney,,DEM,Ballots Cast,0
Sanilac,"Delaware Township, Precinct 1",Sanilac County Prosecuting Attorney,,DEM,Write-In,2
Sanilac,"Delaware Township, Precinct 1",Sanilac County Prosecuting Attorney,,DEM,Ballots Cast,2
Sanilac,"Elk Township, Precinct 1",Sanilac County Prosecuting Attorney,,DEM,Write-In,8
Sanilac,"Elk Township, Precinct 1",Sanilac County Prosecuting Attorney,,DEM,Ballots Cast,8
Sanilac,"Elmer Township, Precinct 1",Sanilac County Prosecuting Attorney,,DEM,Write-In,1
Sanilac,"Elmer Township, Precinct 1",Sanilac County Prosecuting Attorney,,DEM,Ballots Cast,1
Sanilac,"Evergreen Township, Precinct 1",Sanilac County Prosecuting Attorney,,DEM,Ballots Cast,0
Sanilac,"Flynn Township, Precinct 1",Sanilac County Prosecuting Attorney,,DEM,Write-In,2
Sanilac,"Flynn Township, Precinct 1",Sanilac County Prosecuting Attorney,,DEM,Ballots Cast,2
Sanilac,"Forester Township, Precinct 1",Sanilac County Prosecuting Attorney,,DEM,Write-In,6
Sanilac,"Forester Township, Precinct 1",Sanilac County Prosecuting Attorney,,DEM,Ballots Cast,6
Sanilac,"Fremont Township, Precinct 1",Sanilac County Prosecuting Attorney,,DEM,Write-In,4
Sanilac,"Fremont Township, Precinct 1",Sanilac County Prosecuting Attorney,,DEM,Ballots Cast,4
Sanilac,"Greenleaf Township, Precinct 1",Sanilac County Prosecuting Attorney,,DEM,Write-In,4
Sanilac,"Greenleaf Township, Precinct 1",Sanilac County Prosecuting Attorney,,DEM,Ballots Cast,4
Sanilac,"Lamotte Township, Precinct 1",Sanilac County Prosecuting Attorney,,DEM,Write-In,3
Sanilac,"Lamotte Township, Precinct 1",Sanilac County Prosecuting Attorney,,DEM,Ballots Cast,3
Sanilac,"Lexington Township, Precinct 1",Sanilac County Prosecuting Attorney,,DEM,Write-In,27
Sanilac,"Lexington Township, Precinct 1",Sanilac County Prosecuting Attorney,,DEM,Ballots Cast,27
Sanilac,"Maple Valley Township, Precinct 1",Sanilac County Prosecuting Attorney,,DEM,Write-In,5
Sanilac,"Maple Valley Township, Precinct 1",Sanilac County Prosecuting Attorney,,DEM,Ballots Cast,5
Sanilac,"Marion Township, Precinct 1",Sanilac County Prosecuting Attorney,,DEM,Write-In,3
Sanilac,"Marion Township, Precinct 1",Sanilac County Prosecuting Attorney,,DEM,Ballots Cast,3
Sanilac,"Marlette Township, Precinct 1",Sanilac County Prosecuting Attorney,,DEM,Write-In,4
Sanilac,"Marlette Township, Precinct 1",Sanilac County Prosecuting Attorney,,DEM,Ballots Cast,4
Sanilac,"Minden Township, Precinct 1",Sanilac County Prosecuting Attorney,,DEM,Write-In,3
Sanilac,"Minden Township, Precinct 1",Sanilac County Prosecuting Attorney,,DEM,Ballots Cast,3
Sanilac,"Moore Township, Precinct 1",Sanilac County Prosecuting Attorney,,DEM,Write-In,1
Sanilac,"Moore Township, Precinct 1",Sanilac County Prosecuting Attorney,,DEM,Ballots Cast,1
Sanilac,"Sanilac Township, Precinct 1",Sanilac County Prosecuting Attorney,,DEM,Write-In,17
Sanilac,"Sanilac Township, Precinct 1",Sanilac County Prosecuting Attorney,,DEM,Ballots Cast,17
Sanilac,"Speaker Township, Precinct 1",Sanilac County Prosecuting Attorney,,DEM,Write-In,6
Sanilac,"Speaker Township, Precinct 1",Sanilac County Prosecuting Attorney,,DEM,Ballots Cast,6
Sanilac,"Washington Township, Precinct 1",Sanilac County Prosecuting Attorney,,DEM,Write-In,8
Sanilac,"Washington Township, Precinct 1",Sanilac County Prosecuting Attorney,,DEM,Ballots Cast,8
Sanilac,"Watertown Township, Precinct 1",Sanilac County Prosecuting Attorney,,DEM,Write-In,4
Sanilac,"Watertown Township, Precinct 1",Sanilac County Prosecuting Attorney,,DEM,Ballots Cast,4
Sanilac,"Wheatland Township, Precinct 1",Sanilac County Prosecuting Attorney,,DEM,Ballots Cast,0
Sanilac,"Worth Township, Precinct 1",Sanilac County Prosecuting Attorney,,DEM,Write-In,28
Sanilac,"Worth Township, Precinct 1",Sanilac County Prosecuting Attorney,,DEM,Ballots Cast,28
Sanilac,"Argyle Township, Precinct 1",Sanilac County Sheriff,,DEM,Write-In,3
Sanilac,"Argyle Township, Precinct 1",Sanilac County Sheriff,,DEM,Ballots Cast,3
Sanilac,"Austin Township, Precinct 1",Sanilac County Sheriff,,DEM,Write-In,2
Sanilac,"Austin Township, Precinct 1",Sanilac County Sheriff,,DEM,Ballots Cast,2
Sanilac,"Bridgehampton Township, Precinct 1",Sanilac County Sheriff,,DEM,Write-In,2
Sanilac,"Bridgehampton Township, Precinct 1",Sanilac County Sheriff,,DEM,Ballots Cast,2
Sanilac,"Buel Township, Precinct 1",Sanilac County Sheriff,,DEM,Write-In,6
Sanilac,"Buel Township, Precinct 1",Sanilac County Sheriff,,DEM,Ballots Cast,6
Sanilac,"City of Brown City, Precinct 1",Sanilac County Sheriff,,DEM,Write-In,3
Sanilac,"City of Brown City, Precinct 1",Sanilac County Sheriff,,DEM,Ballots Cast,3
Sanilac,"City of Croswell, Precinct 1",Sanilac County Sheriff,,DEM,Write-In,10
Sanilac,"City of Croswell, Precinct 1",Sanilac County Sheriff,,DEM,Ballots Cast,10
Sanilac,"City of Marlette, Precinct 1",Sanilac County Sheriff,,DEM,Write-In,10
Sanilac,"City of Marlette, Precinct 1",Sanilac County Sheriff,,DEM,Ballots Cast,10
Sanilac,"City of Sandusky, Precinct 1",Sanilac County Sheriff,,DEM,Write-In,7
Sanilac,"City of Sandusky, Precinct 1",Sanilac County Sheriff,,DEM,Ballots Cast,7
Sanilac,"Custer Township, Precinct 1",Sanilac County Sheriff,,DEM,Ballots Cast,0
Sanilac,"Delaware Township, Precinct 1",Sanilac County Sheriff,,DEM,Write-In,2
Sanilac,"Delaware Township, Precinct 1",Sanilac County Sheriff,,DEM,Ballots Cast,2
Sanilac,"Elk Township, Precinct 1",Sanilac County Sheriff,,DEM,Write-In,7
Sanilac,"Elk Township, Precinct 1",Sanilac County Sheriff,,DEM,Ballots Cast,7
Sanilac,"Elmer Township, Precinct 1",Sanilac County Sheriff,,DEM,Write-In,1
Sanilac,"Elmer Township, Precinct 1",Sanilac County Sheriff,,DEM,Ballots Cast,1
Sanilac,"Evergreen Township, Precinct 1",Sanilac County Sheriff,,DEM,Ballots Cast,0
Sanilac,"Flynn Township, Precinct 1",Sanilac County Sheriff,,DEM,Write-In,2
Sanilac,"Flynn Township, Precinct 1",Sanilac County Sheriff,,DEM,Ballots Cast,2
Sanilac,"Forester Township, Precinct 1",Sanilac County Sheriff,,DEM,Write-In,5
Sanilac,"Forester Township, Precinct 1",Sanilac County Sheriff,,DEM,Ballots Cast,5
Sanilac,"Fremont Township, Precinct 1",Sanilac County Sheriff,,DEM,Write-In,2
Sanilac,"Fremont Township, Precinct 1",Sanilac County Sheriff,,DEM,Ballots Cast,2
Sanilac,"Greenleaf Township, Precinct 1",Sanilac County Sheriff,,DEM,Write-In,4
Sanilac,"Greenleaf Township, Precinct 1",Sanilac County Sheriff,,DEM,Ballots Cast,4
Sanilac,"Lamotte Township, Precinct 1",Sanilac County Sheriff,,DEM,Write-In,3
Sanilac,"Lamotte Township, Precinct 1",Sanilac County Sheriff,,DEM,Ballots Cast,3
Sanilac,"Lexington Township, Precinct 1",Sanilac County Sheriff,,DEM,Write-In,26
Sanilac,"Lexington Township, Precinct 1",Sanilac County Sheriff,,DEM,Ballots Cast,26
Sanilac,"Maple Valley Township, Precinct 1",Sanilac County Sheriff,,DEM,Write-In,4
Sanilac,"Maple Valley Township, Precinct 1",Sanilac County Sheriff,,DEM,Ballots Cast,4
Sanilac,"Marion Township, Precinct 1",Sanilac County Sheriff,,DEM,Write-In,3
Sanilac,"Marion Township, Precinct 1",Sanilac County Sheriff,,DEM,Ballots Cast,3
Sanilac,"Marlette Township, Precinct 1",Sanilac County Sheriff,,DEM,Write-In,2
Sanilac,"Marlette Township, Precinct 1",Sanilac County Sheriff,,DEM,Ballots Cast,2
Sanilac,"Minden Township, Precinct 1",Sanilac County Sheriff,,DEM,Write-In,2
Sanilac,"Minden Township, Precinct 1",Sanilac County Sheriff,,DEM,Ballots Cast,2
Sanilac,"Moore Township, Precinct 1",Sanilac County Sheriff,,DEM,Write-In,1
Sanilac,"Moore Township, Precinct 1",Sanilac County Sheriff,,DEM,Ballots Cast,1
Sanilac,"Sanilac Township, Precinct 1",Sanilac County Sheriff,,DEM,Write-In,14
Sanilac,"Sanilac Township, Precinct 1",Sanilac County Sheriff,,DEM,Ballots Cast,14
Sanilac,"Speaker Township, Precinct 1",Sanilac County Sheriff,,DEM,Write-In,5
Sanilac,"Speaker Township, Precinct 1",Sanilac County Sheriff,,DEM,Ballots Cast,5
Sanilac,"Washington Township, Precinct 1",Sanilac County Sheriff,,DEM,Write-In,7
Sanilac,"Washington Township, Precinct 1",Sanilac County Sheriff,,DEM,Ballots Cast,7
Sanilac,"Watertown Township, Precinct 1",Sanilac County Sheriff,,DEM,Write-In,4
Sanilac,"Watertown Township, Precinct 1",Sanilac County Sheriff,,DEM,Ballots Cast,4
Sanilac,"Wheatland Township, Precinct 1",Sanilac County Sheriff,,DEM,Write-In,1
Sanilac,"Wheatland Township, Precinct 1",Sanilac County Sheriff,,DEM,Ballots Cast,1
Sanilac,"Worth Township, Precinct 1",Sanilac County Sheriff,,DEM,Write-In,27
Sanilac,"Worth Township, Precinct 1",Sanilac County Sheriff,,DEM,Ballots Cast,27
Sanilac,"Argyle Township, Precinct 1",Sanilac County Clerk,,DEM,Write-In,3
Sanilac,"Argyle Township, Precinct 1",Sanilac County Clerk,,DEM,Ballots Cast,3
Sanilac,"Austin Township, Precinct 1",Sanilac County Clerk,,DEM,Write-In,3
Sanilac,"Austin Township, Precinct 1",Sanilac County Clerk,,DEM,Ballots Cast,3
Sanilac,"Bridgehampton Township, Precinct 1",Sanilac County Clerk,,DEM,Write-In,2
Sanilac,"Bridgehampton Township, Precinct 1",Sanilac County Clerk,,DEM,Ballots Cast,2
Sanilac,"Buel Township, Precinct 1",Sanilac County Clerk,,DEM,Write-In,6
Sanilac,"Buel Township, Precinct 1",Sanilac County Clerk,,DEM,Ballots Cast,6
Sanilac,"City of Brown City, Precinct 1",Sanilac County Clerk,,DEM,Write-In,3
Sanilac,"City of Brown City, Precinct 1",Sanilac County Clerk,,DEM,Ballots Cast,3
Sanilac,"City of Croswell, Precinct 1",Sanilac County Clerk,,DEM,Write-In,12
Sanilac,"City of Croswell, Precinct 1",Sanilac County Clerk,,DEM,Ballots Cast,12
Sanilac,"City of Marlette, Precinct 1",Sanilac County Clerk,,DEM,Write-In,10
Sanilac,"City of Marlette, Precinct 1",Sanilac County Clerk,,DEM,Ballots Cast,10
Sanilac,"City of Sandusky, Precinct 1",Sanilac County Clerk,,DEM,Write-In,7
Sanilac,"City of Sandusky, Precinct 1",Sanilac County Clerk,,DEM,Ballots Cast,7
Sanilac,"Custer Township, Precinct 1",Sanilac County Clerk,,DEM,Ballots Cast,0
Sanilac,"Delaware Township, Precinct 1",Sanilac County Clerk,,DEM,Write-In,2
Sanilac,"Delaware Township, Precinct 1",Sanilac County Clerk,,DEM,Ballots Cast,2
Sanilac,"Elk Township, Precinct 1",Sanilac County Clerk,,DEM,Write-In,7
Sanilac,"Elk Township, Precinct 1",Sanilac County Clerk,,DEM,Ballots Cast,7
Sanilac,"Elmer Township, Precinct 1",Sanilac County Clerk,,DEM,Write-In,1
Sanilac,"Elmer Township, Precinct 1",Sanilac County Clerk,,DEM,Ballots Cast,1
Sanilac,"Evergreen Township, Precinct 1",Sanilac County Clerk,,DEM,Ballots Cast,0
Sanilac,"Flynn Township, Precinct 1",Sanilac County Clerk,,DEM,Write-In,1
Sanilac,"Flynn Township, Precinct 1",Sanilac County Clerk,,DEM,Ballots Cast,1
Sanilac,"Forester Township, Precinct 1",Sanilac County Clerk,,DEM,Write-In,5
Sanilac,"Forester Township, Precinct 1",Sanilac County Clerk,,DEM,Ballots Cast,5
Sanilac,"Fremont Township, Precinct 1",Sanilac County Clerk,,DEM,Write-In,2
Sanilac,"Fremont Township, Precinct 1",Sanilac County Clerk,,DEM,Ballots Cast,2
Sanilac,"Greenleaf Township, Precinct 1",Sanilac County Clerk,,DEM,Write-In,4
Sanilac,"Greenleaf Township, Precinct 1",Sanilac County Clerk,,DEM,Ballots Cast,4
Sanilac,"Lamotte Township, Precinct 1",Sanilac County Clerk,,DEM,Write-In,2
Sanilac,"Lamotte Township, Precinct 1",Sanilac County Clerk,,DEM,Ballots Cast,2
Sanilac,"Lexington Township, Precinct 1",Sanilac County Clerk,,DEM,Write-In,26
Sanilac,"Lexington Township, Precinct 1",Sanilac County Clerk,,DEM,Ballots Cast,26
Sanilac,"Maple Valley Township, Precinct 1",Sanilac County Clerk,,DEM,Write-In,4
Sanilac,"Maple Valley Township, Precinct 1",Sanilac County Clerk,,DEM,Ballots Cast,4
Sanilac,"Marion Township, Precinct 1",Sanilac County Clerk,,DEM,Write-In,2
Sanilac,"Marion Township, Precinct 1",Sanilac County Clerk,,DEM,Ballots Cast,2
Sanilac,"Marlette Township, Precinct 1",Sanilac County Clerk,,DEM,Write-In,2
Sanilac,"Marlette Township, Precinct 1",Sanilac County Clerk,,DEM,Ballots Cast,2
Sanilac,"Minden Township, Precinct 1",Sanilac County Clerk,,DEM,Write-In,2
Sanilac,"Minden Township, Precinct 1",Sanilac County Clerk,,DEM,Ballots Cast,2
Sanilac,"Moore Township, Precinct 1",Sanilac County Clerk,,DEM,Ballots Cast,0
Sanilac,"Sanilac Township, Precinct 1",Sanilac County Clerk,,DEM,Write-In,14
Sanilac,"Sanilac Township, Precinct 1",Sanilac County Clerk,,DEM,Ballots Cast,14
Sanilac,"Speaker Township, Precinct 1",Sanilac County Clerk,,DEM,Write-In,5
Sanilac,"Speaker Township, Precinct 1",Sanilac County Clerk,,DEM,Ballots Cast,5
Sanilac,"Washington Township, Precinct 1",Sanilac County Clerk,,DEM,Write-In,6
Sanilac,"Washington Township, Precinct 1",Sanilac County Clerk,,DEM,Ballots Cast,6
Sanilac,"Watertown Township, Precinct 1",Sanilac County Clerk,,DEM,Write-In,4
Sanilac,"Watertown Township, Precinct 1",Sanilac County Clerk,,DEM,Ballots Cast,4
Sanilac,"Wheatland Township, Precinct 1",Sanilac County Clerk,,DEM,Write-In,1
Sanilac,"Wheatland Township, Precinct 1",Sanilac County Clerk,,DEM,Ballots Cast,1
Sanilac,"Worth Township, Precinct 1",Sanilac County Clerk,,DEM,Write-In,25
Sanilac,"Worth Township, Precinct 1",Sanilac County Clerk,,DEM,Ballots Cast,25
Sanilac,"Argyle Township, Precinct 1",Sanilac County Treasurer,,DEM,Write-In,3
Sanilac,"Argyle Township, Precinct 1",Sanilac County Treasurer,,DEM,Ballots Cast,3
Sanilac,"Austin Township, Precinct 1",Sanilac County Treasurer,,DEM,Write-In,3
Sanilac,"Austin Township, Precinct 1",Sanilac County Treasurer,,DEM,Ballots Cast,3
Sanilac,"Bridgehampton Township, Precinct 1",Sanilac County Treasurer,,DEM,Write-In,2
Sanilac,"Bridgehampton Township, Precinct 1",Sanilac County Treasurer,,DEM,Ballots Cast,2
Sanilac,"Buel Township, Precinct 1",Sanilac County Treasurer,,DEM,Write-In,6
Sanilac,"Buel Township, Precinct 1",Sanilac County Treasurer,,DEM,Ballots Cast,6
Sanilac,"City of Brown City, Precinct 1",Sanilac County Treasurer,,DEM,Write-In,4
Sanilac,"City of Brown City, Precinct 1",Sanilac County Treasurer,,DEM,Ballots Cast,4
Sanilac,"City of Croswell, Precinct 1",Sanilac County Treasurer,,DEM,Write-In,12
Sanilac,"City of Croswell, Precinct 1",Sanilac County Treasurer,,DEM,Ballots Cast,12
Sanilac,"City of Marlette, Precinct 1",Sanilac County Treasurer,,DEM,Write-In,10
Sanilac,"City of Marlette, Precinct 1",Sanilac County Treasurer,,DEM,Ballots Cast,10
Sanilac,"City of Sandusky, Precinct 1",Sanilac County Treasurer,,DEM,Write-In,7
Sanilac,"City of Sandusky, Precinct 1",Sanilac County Treasurer,,DEM,Ballots Cast,7
Sanilac,"Custer Township, Precinct 1",Sanilac County Treasurer,,DEM,Ballots Cast,0
Sanilac,"Delaware Township, Precinct 1",Sanilac County Treasurer,,DEM,Write-In,2
Sanilac,"Delaware Township, Precinct 1",Sanilac County Treasurer,,DEM,Ballots Cast,2
Sanilac,"Elk Township, Precinct 1",Sanilac County Treasurer,,DEM,Write-In,7
Sanilac,"Elk Township, Precinct 1",Sanilac County Treasurer,,DEM,Ballots Cast,7
Sanilac,"Elmer Township, Precinct 1",Sanilac County Treasurer,,DEM,Write-In,1
Sanilac,"Elmer Township, Precinct 1",Sanilac County Treasurer,,DEM,Ballots Cast,1
Sanilac,"Evergreen Township, Precinct 1",Sanilac County Treasurer,,DEM,Ballots Cast,0
Sanilac,"Flynn Township, Precinct 1",Sanilac County Treasurer,,DEM,Write-In,1
Sanilac,"Flynn Township, Precinct 1",Sanilac County Treasurer,,DEM,Ballots Cast,1
Sanilac,"Forester Township, Precinct 1",Sanilac County Treasurer,,DEM,Write-In,5
Sanilac,"Forester Township, Precinct 1",Sanilac County Treasurer,,DEM,Ballots Cast,5
Sanilac,"Fremont Township, Precinct 1",Sanilac County Treasurer,,DEM,Write-In,2
Sanilac,"Fremont Township, Precinct 1",Sanilac County Treasurer,,DEM,Ballots Cast,2
Sanilac,"Greenleaf Township, Precinct 1",Sanilac County Treasurer,,DEM,Write-In,4
Sanilac,"Greenleaf Township, Precinct 1",Sanilac County Treasurer,,DEM,Ballots Cast,4
Sanilac,"Lamotte Township, Precinct 1",Sanilac County Treasurer,,DEM,Write-In,2
Sanilac,"Lamotte Township, Precinct 1",Sanilac County Treasurer,,DEM,Ballots Cast,2
Sanilac,"Lexington Township, Precinct 1",Sanilac County Treasurer,,DEM,Write-In,25
Sanilac,"Lexington Township, Precinct 1",Sanilac County Treasurer,,DEM,Ballots Cast,25
Sanilac,"Maple Valley Township, Precinct 1",Sanilac County Treasurer,,DEM,Write-In,4
Sanilac,"Maple Valley Township, Precinct 1",Sanilac County Treasurer,,DEM,Ballots Cast,4
Sanilac,"Marion Township, Precinct 1",Sanilac County Treasurer,,DEM,Write-In,2
Sanilac,"Marion Township, Precinct 1",Sanilac County Treasurer,,DEM,Ballots Cast,2
Sanilac,"Marlette Township, Precinct 1",Sanilac County Treasurer,,DEM,Write-In,2
Sanilac,"Marlette Township, Precinct 1",Sanilac County Treasurer,,DEM,Ballots Cast,2
Sanilac,"Minden Township, Precinct 1",Sanilac County Treasurer,,DEM,Write-In,2
Sanilac,"Minden Township, Precinct 1",Sanilac County Treasurer,,DEM,Ballots Cast,2
Sanilac,"Moore Township, Precinct 1",Sanilac County Treasurer,,DEM,Ballots Cast,0
Sanilac,"Sanilac Township, Precinct 1",Sanilac County Treasurer,,DEM,Write-In,14
Sanilac,"Sanilac Township, Precinct 1",Sanilac County Treasurer,,DEM,Ballots Cast,14
Sanilac,"Speaker Township, Precinct 1",Sanilac County Treasurer,,DEM,Write-In,5
Sanilac,"Speaker Township, Precinct 1",Sanilac County Treasurer,,DEM,Ballots Cast,5
Sanilac,"Washington Township, Precinct 1",Sanilac County Treasurer,,DEM,Write-In,6
Sanilac,"Washington Township, Precinct 1",Sanilac County Treasurer,,DEM,Ballots Cast,6
Sanilac,"Watertown Township, Precinct 1",Sanilac County Treasurer,,DEM,Write-In,4
Sanilac,"Watertown Township, Precinct 1",Sanilac County Treasurer,,DEM,Ballots Cast,4
Sanilac,"Wheatland Township, Precinct 1",Sanilac County Treasurer,,DEM,Write-In,1
Sanilac,"Wheatland Township, Precinct 1",Sanilac County Treasurer,,DEM,Ballots Cast,1
Sanilac,"Worth Township, Precinct 1",Sanilac County Treasurer,,DEM,Write-In,22
Sanilac,"Worth Township, Precinct 1",Sanilac County Treasurer,,DEM,Ballots Cast,22
Sanilac,"Argyle Township, Precinct 1",Sanilac County Register of Deeds,,DEM,Write-In,3
Sanilac,"Argyle Township, Precinct 1",Sanilac County Register of Deeds,,DEM,Ballots Cast,3
Sanilac,"Austin Township, Precinct 1",Sanilac County Register of Deeds,,DEM,Write-In,3
Sanilac,"Austin Township, Precinct 1",Sanilac County Register of Deeds,,DEM,Ballots Cast,3
Sanilac,"Bridgehampton Township, Precinct 1",Sanilac County Register of Deeds,,DEM,Write-In,2
Sanilac,"Bridgehampton Township, Precinct 1",Sanilac County Register of Deeds,,DEM,Ballots Cast,2
Sanilac,"Buel Township, Precinct 1",Sanilac County Register of Deeds,,DEM,Write-In,6
Sanilac,"Buel Township, Precinct 1",Sanilac County Register of Deeds,,DEM,Ballots Cast,6
Sanilac,"City of Brown City, Precinct 1",Sanilac County Register of Deeds,,DEM,Write-In,3
Sanilac,"City of Brown City, Precinct 1",Sanilac County Register of Deeds,,DEM,Ballots Cast,3
Sanilac,"City of Croswell, Precinct 1",Sanilac County Register of Deeds,,DEM,Write-In,11
Sanilac,"City of Croswell, Precinct 1",Sanilac County Register of Deeds,,DEM,Ballots Cast,11
Sanilac,"City of Marlette, Precinct 1",Sanilac County Register of Deeds,,DEM,Write-In,10
Sanilac,"City of Marlette, Precinct 1",Sanilac County Register of Deeds,,DEM,Ballots Cast,10
Sanilac,"City of Sandusky, Precinct 1",Sanilac County Register of Deeds,,DEM,Write-In,7
Sanilac,"City of Sandusky, Precinct 1",Sanilac County Register of Deeds,,DEM,Ballots Cast,7
Sanilac,"Custer Township, Precinct 1",Sanilac County Register of Deeds,,DEM,Ballots Cast,0
Sanilac,"Delaware Township, Precinct 1",Sanilac County Register of Deeds,,DEM,Write-In,2
Sanilac,"Delaware Township, Precinct 1",Sanilac County Register of Deeds,,DEM,Ballots Cast,2
Sanilac,"Elk Township, Precinct 1",Sanilac County Register of Deeds,,DEM,Write-In,7
Sanilac,"Elk Township, Precinct 1",Sanilac County Register of Deeds,,DEM,Ballots Cast,7
Sanilac,"Elmer Township, Precinct 1",Sanilac County Register of Deeds,,DEM,Write-In,1
Sanilac,"Elmer Township, Precinct 1",Sanilac County Register of Deeds,,DEM,Ballots Cast,1
Sanilac,"Evergreen Township, Precinct 1",Sanilac County Register of Deeds,,DEM,Ballots Cast,0
Sanilac,"Flynn Township, Precinct 1",Sanilac County Register of Deeds,,DEM,Write-In,1
Sanilac,"Flynn Township, Precinct 1",Sanilac County Register of Deeds,,DEM,Ballots Cast,1
Sanilac,"Forester Township, Precinct 1",Sanilac County Register of Deeds,,DEM,Write-In,4
Sanilac,"Forester Township, Precinct 1",Sanilac County Register of Deeds,,DEM,Ballots Cast,4
Sanilac,"Fremont Township, Precinct 1",Sanilac County Register of Deeds,,DEM,Write-In,2
Sanilac,"Fremont Township, Precinct 1",Sanilac County Register of Deeds,,DEM,Ballots Cast,2
Sanilac,"Greenleaf Township, Precinct 1",Sanilac County Register of Deeds,,DEM,Write-In,4
Sanilac,"Greenleaf Township, Precinct 1",Sanilac County Register of Deeds,,DEM,Ballots Cast,4
Sanilac,"Lamotte Township, Precinct 1",Sanilac County Register of Deeds,,DEM,Write-In,2
Sanilac,"Lamotte Township, Precinct 1",Sanilac County Register of Deeds,,DEM,Ballots Cast,2
Sanilac,"Lexington Township, Precinct 1",Sanilac County Register of Deeds,,DEM,Write-In,24
Sanilac,"Lexington Township, Precinct 1",Sanilac County Register of Deeds,,DEM,Ballots Cast,24
Sanilac,"Maple Valley Township, Precinct 1",Sanilac County Register of Deeds,,DEM,Write-In,4
Sanilac,"Maple Valley Township, Precinct 1",Sanilac County Register of Deeds,,DEM,Ballots Cast,4
Sanilac,"Marion Township, Precinct 1",Sanilac County Register of Deeds,,DEM,Write-In,2
Sanilac,"Marion Township, Precinct 1",Sanilac County Register of Deeds,,DEM,Ballots Cast,2
Sanilac,"Marlette Township, Precinct 1",Sanilac County Register of Deeds,,DEM,Write-In,2
Sanilac,"Marlette Township, Precinct 1",Sanilac County Register of Deeds,,DEM,Ballots Cast,2
Sanilac,"Minden Township, Precinct 1",Sanilac County Register of Deeds,,DEM,Write-In,2
Sanilac,"Minden Township, Precinct 1",Sanilac County Register of Deeds,,DEM,Ballots Cast,2
Sanilac,"Moore Township, Precinct 1",Sanilac County Register of Deeds,,DEM,Write-In,1
Sanilac,"Moore Township, Precinct 1",Sanilac County Register of Deeds,,DEM,Ballots Cast,1
Sanilac,"Sanilac Township, Precinct 1",Sanilac County Register of Deeds,,DEM,Write-In,13
Sanilac,"Sanilac Township, Precinct 1",Sanilac County Register of Deeds,,DEM,Ballots Cast,13
Sanilac,"Speaker Township, Precinct 1",Sanilac County Register of Deeds,,DEM,Write-In,5
Sanilac,"Speaker Township, Precinct 1",Sanilac County Register of Deeds,,DEM,Ballots Cast,5
Sanilac,"Washington Township, Precinct 1",Sanilac County Register of Deeds,,DEM,Write-In,5
Sanilac,"Washington Township, Precinct 1",Sanilac County Register of Deeds,,DEM,Ballots Cast,5
Sanilac,"Watertown Township, Precinct 1",Sanilac County Register of Deeds,,DEM,Write-In,4
Sanilac,"Watertown Township, Precinct 1",Sanilac County Register of Deeds,,DEM,Ballots Cast,4
Sanilac,"Wheatland Township, Precinct 1",Sanilac County Register of Deeds,,DEM,Write-In,1
Sanilac,"Wheatland Township, Precinct 1",Sanilac County Register of Deeds,,DEM,Ballots Cast,1
Sanilac,"Worth Township, Precinct 1",Sanilac County Register of Deeds,,DEM,Write-In,24
Sanilac,"Worth Township, Precinct 1",Sanilac County Register of Deeds,,DEM,Ballots Cast,24
Sanilac,"Argyle Township, Precinct 1",Sanilac County Road Commissioner,,DEM,Write-In,3
Sanilac,"Argyle Township, Precinct 1",Sanilac County Road Commissioner,,DEM,Ballots Cast,3
Sanilac,"Austin Township, Precinct 1",Sanilac County Road Commissioner,,DEM,Write-In,3
Sanilac,"Austin Township, Precinct 1",Sanilac County Road Commissioner,,DEM,Ballots Cast,3
Sanilac,"Bridgehampton Township, Precinct 1",Sanilac County Road Commissioner,,DEM,Write-In,2
Sanilac,"Bridgehampton Township, Precinct 1",Sanilac County Road Commissioner,,DEM,Ballots Cast,2
Sanilac,"Buel Township, Precinct 1",Sanilac County Road Commissioner,,DEM,Write-In,6
Sanilac,"Buel Township, Precinct 1",Sanilac County Road Commissioner,,DEM,Ballots Cast,6
Sanilac,"City of Brown City, Precinct 1",Sanilac County Road Commissioner,,DEM,Write-In,3
Sanilac,"City of Brown City, Precinct 1",Sanilac County Road Commissioner,,DEM,Ballots Cast,3
Sanilac,"City of Croswell, Precinct 1",Sanilac County Road Commissioner,,DEM,Write-In,11
Sanilac,"City of Croswell, Precinct 1",Sanilac County Road Commissioner,,DEM,Ballots Cast,11
Sanilac,"City of Marlette, Precinct 1",Sanilac County Road Commissioner,,DEM,Write-In,9
Sanilac,"City of Marlette, Precinct 1",Sanilac County Road Commissioner,,DEM,Ballots Cast,9
Sanilac,"City of Sandusky, Precinct 1",Sanilac County Road Commissioner,,DEM,Write-In,7
Sanilac,"City of Sandusky, Precinct 1",Sanilac County Road Commissioner,,DEM,Ballots Cast,7
Sanilac,"Custer Township, Precinct 1",Sanilac County Road Commissioner,,DEM,Ballots Cast,0
Sanilac,"Delaware Township, Precinct 1",Sanilac County Road Commissioner,,DEM,Write-In,2
Sanilac,"Delaware Township, Precinct 1",Sanilac County Road Commissioner,,DEM,Ballots Cast,2
Sanilac,"Elk Township, Precinct 1",Sanilac County Road Commissioner,,DEM,Write-In,7
Sanilac,"Elk Township, Precinct 1",Sanilac County Road Commissioner,,DEM,Ballots Cast,7
Sanilac,"Elmer Township, Precinct 1",Sanilac County Road Commissioner,,DEM,Write-In,1
Sanilac,"Elmer Township, Precinct 1",Sanilac County Road Commissioner,,DEM,Ballots Cast,1
Sanilac,"Evergreen Township, Precinct 1",Sanilac County Road Commissioner,,DEM,Ballots Cast,0
Sanilac,"Flynn Township, Precinct 1",Sanilac County Road Commissioner,,DEM,Write-In,1
Sanilac,"Flynn Township, Precinct 1",Sanilac County Road Commissioner,,DEM,Ballots Cast,1
Sanilac,"Forester Township, Precinct 1",Sanilac County Road Commissioner,,DEM,Write-In,5
Sanilac,"Forester Township, Precinct 1",Sanilac County Road Commissioner,,DEM,Ballots Cast,5
Sanilac,"Fremont Township, Precinct 1",Sanilac County Road Commissioner,,DEM,Write-In,2
Sanilac,"Fremont Township, Precinct 1",Sanilac County Road Commissioner,,DEM,Ballots Cast,2
Sanilac,"Greenleaf Township, Precinct 1",Sanilac County Road Commissioner,,DEM,Write-In,4
Sanilac,"Greenleaf Township, Precinct 1",Sanilac County Road Commissioner,,DEM,Ballots Cast,4
Sanilac,"Lamotte Township, Precinct 1",Sanilac County Road Commissioner,,DEM,Write-In,2
Sanilac,"Lamotte Township, Precinct 1",Sanilac County Road Commissioner,,DEM,Ballots Cast,2
Sanilac,"Lexington Township, Precinct 1",Sanilac County Road Commissioner,,DEM,Write-In,25
Sanilac,"Lexington Township, Precinct 1",Sanilac County Road Commissioner,,DEM,Ballots Cast,25
Sanilac,"Maple Valley Township, Precinct 1",Sanilac County Road Commissioner,,DEM,Write-In,4
Sanilac,"Maple Valley Township, Precinct 1",Sanilac County Road Commissioner,,DEM,Ballots Cast,4
Sanilac,"Marion Township, Precinct 1",Sanilac County Road Commissioner,,DEM,Write-In,2
Sanilac,"Marion Township, Precinct 1",Sanilac County Road Commissioner,,DEM,Ballots Cast,2
Sanilac,"Marlette Township, Precinct 1",Sanilac County Road Commissioner,,DEM,Write-In,2
Sanilac,"Marlette Township, Precinct 1",Sanilac County Road Commissioner,,DEM,Ballots Cast,2
Sanilac,"Minden Township, Precinct 1",Sanilac County Road Commissioner,,DEM,Write-In,2
Sanilac,"Minden Township, Precinct 1",Sanilac County Road Commissioner,,DEM,Ballots Cast,2
Sanilac,"Moore Township, Precinct 1",Sanilac County Road Commissioner,,DEM,Ballots Cast,0
Sanilac,"Sanilac Township, Precinct 1",Sanilac County Road Commissioner,,DEM,Write-In,14
Sanilac,"Sanilac Township, Precinct 1",Sanilac County Road Commissioner,,DEM,Ballots Cast,14
Sanilac,"Speaker Township, Precinct 1",Sanilac County Road Commissioner,,DEM,Write-In,5
Sanilac,"Speaker Township, Precinct 1",Sanilac County Road Commissioner,,DEM,Ballots Cast,5
Sanilac,"Washington Township, Precinct 1",Sanilac County Road Commissioner,,DEM,Write-In,6
Sanilac,"Washington Township, Precinct 1",Sanilac County Road Commissioner,,DEM,Ballots Cast,6
Sanilac,"Watertown Township, Precinct 1",Sanilac County Road Commissioner,,DEM,Write-In,4
Sanilac,"Watertown Township, Precinct 1",Sanilac County Road Commissioner,,DEM,Ballots Cast,4
Sanilac,"Wheatland Township, Precinct 1",Sanilac County Road Commissioner,,DEM,Write-In,1
Sanilac,"Wheatland Township, Precinct 1",Sanilac County Road Commissioner,,DEM,Ballots Cast,1
Sanilac,"Worth Township, Precinct 1",Sanilac County Road Commissioner,,DEM,Write-In,23
Sanilac,"Worth Township, Precinct 1",Sanilac County Road Commissioner,,DEM,Ballots Cast,23
Sanilac,"Argyle Township, Precinct 1",Sanilac County Drain Commissioner,,DEM,Write-In,2
Sanilac,"Argyle Township, Precinct 1",Sanilac County Drain Commissioner,,DEM,Ballots Cast,2
Sanilac,"Austin Township, Precinct 1",Sanilac County Drain Commissioner,,DEM,Write-In,3
Sanilac,"Austin Township, Precinct 1",Sanilac County Drain Commissioner,,DEM,Ballots Cast,3
Sanilac,"Bridgehampton Township, Precinct 1",Sanilac County Drain Commissioner,,DEM,Write-In,1
Sanilac,"Bridgehampton Township, Precinct 1",Sanilac County Drain Commissioner,,DEM,Ballots Cast,1
Sanilac,"Buel Township, Precinct 1",Sanilac County Drain Commissioner,,DEM,Write-In,6
Sanilac,"Buel Township, Precinct 1",Sanilac County Drain Commissioner,,DEM,Ballots Cast,6
Sanilac,"City of Brown City, Precinct 1",Sanilac County Drain Commissioner,,DEM,Write-In,3
Sanilac,"City of Brown City, Precinct 1",Sanilac County Drain Commissioner,,DEM,Ballots Cast,3
Sanilac,"City of Croswell, Precinct 1",Sanilac County Drain Commissioner,,DEM,Write-In,11
Sanilac,"City of Croswell, Precinct 1",Sanilac County Drain Commissioner,,DEM,Ballots Cast,11
Sanilac,"City of Marlette, Precinct 1",Sanilac County Drain Commissioner,,DEM,Write-In,10
Sanilac,"City of Marlette, Precinct 1",Sanilac County Drain Commissioner,,DEM,Ballots Cast,10
Sanilac,"City of Sandusky, Precinct 1",Sanilac County Drain Commissioner,,DEM,Write-In,7
Sanilac,"City of Sandusky, Precinct 1",Sanilac County Drain Commissioner,,DEM,Ballots Cast,7
Sanilac,"Custer Township, Precinct 1",Sanilac County Drain Commissioner,,DEM,Ballots Cast,0
Sanilac,"Delaware Township, Precinct 1",Sanilac County Drain Commissioner,,DEM,Write-In,2
Sanilac,"Delaware Township, Precinct 1",Sanilac County Drain Commissioner,,DEM,Ballots Cast,2
Sanilac,"Elk Township, Precinct 1",Sanilac County Drain Commissioner,,DEM,Write-In,7
Sanilac,"Elk Township, Precinct 1",Sanilac County Drain Commissioner,,DEM,Ballots Cast,7
Sanilac,"Elmer Township, Precinct 1",Sanilac County Drain Commissioner,,DEM,Write-In,1
Sanilac,"Elmer Township, Precinct 1",Sanilac County Drain Commissioner,,DEM,Ballots Cast,1
Sanilac,"Evergreen Township, Precinct 1",Sanilac County Drain Commissioner,,DEM,Ballots Cast,0
Sanilac,"Flynn Township, Precinct 1",Sanilac County Drain Commissioner,,DEM,Write-In,1
Sanilac,"Flynn Township, Precinct 1",Sanilac County Drain Commissioner,,DEM,Ballots Cast,1
Sanilac,"Forester Township, Precinct 1",Sanilac County Drain Commissioner,,DEM,Write-In,5
Sanilac,"Forester Township, Precinct 1",Sanilac County Drain Commissioner,,DEM,Ballots Cast,5
Sanilac,"Fremont Township, Precinct 1",Sanilac County Drain Commissioner,,DEM,Write-In,2
Sanilac,"Fremont Township, Precinct 1",Sanilac County Drain Commissioner,,DEM,Ballots Cast,2
Sanilac,"Greenleaf Township, Precinct 1",Sanilac County Drain Commissioner,,DEM,Write-In,4
Sanilac,"Greenleaf Township, Precinct 1",Sanilac County Drain Commissioner,,DEM,Ballots Cast,4
Sanilac,"Lamotte Township, Precinct 1",Sanilac County Drain Commissioner,,DEM,Write-In,2
Sanilac,"Lamotte Township, Precinct 1",Sanilac County Drain Commissioner,,DEM,Ballots Cast,2
Sanilac,"Lexington Township, Precinct 1",Sanilac County Drain Commissioner,,DEM,Write-In,24
Sanilac,"Lexington Township, Precinct 1",Sanilac County Drain Commissioner,,DEM,Ballots Cast,24
Sanilac,"Maple Valley Township, Precinct 1",Sanilac County Drain Commissioner,,DEM,Write-In,4
Sanilac,"Maple Valley Township, Precinct 1",Sanilac County Drain Commissioner,,DEM,Ballots Cast,4
Sanilac,"Marion Township, Precinct 1",Sanilac County Drain Commissioner,,DEM,Ballots Cast,0
Sanilac,"Marlette Township, Precinct 1",Sanilac County Drain Commissioner,,DEM,Write-In,2
Sanilac,"Marlette Township, Precinct 1",Sanilac County Drain Commissioner,,DEM,Ballots Cast,2
Sanilac,"Minden Township, Precinct 1",Sanilac County Drain Commissioner,,DEM,Write-In,2
Sanilac,"Minden Township, Precinct 1",Sanilac County Drain Commissioner,,DEM,Ballots Cast,2
Sanilac,"Moore Township, Precinct 1",Sanilac County Drain Commissioner,,DEM,Ballots Cast,0
Sanilac,"Sanilac Township, Precinct 1",Sanilac County Drain Commissioner,,DEM,Write-In,13
Sanilac,"Sanilac Township, Precinct 1",Sanilac County Drain Commissioner,,DEM,Ballots Cast,13
Sanilac,"Speaker Township, Precinct 1",Sanilac County Drain Commissioner,,DEM,Write-In,4
Sanilac,"Speaker Township, Precinct 1",Sanilac County Drain Commissioner,,DEM,Ballots Cast,4
Sanilac,"Washington Township, Precinct 1",Sanilac County Drain Commissioner,,DEM,Write-In,6
Sanilac,"Washington Township, Precinct 1",Sanilac County Drain Commissioner,,DEM,Ballots Cast,6
Sanilac,"Watertown Township, Precinct 1",Sanilac County Drain Commissioner,,DEM,Write-In,4
Sanilac,"Watertown Township, Precinct 1",Sanilac County Drain Commissioner,,DEM,Ballots Cast,4
Sanilac,"Wheatland Township, Precinct 1",Sanilac County Drain Commissioner,,DEM,Write-In,1
Sanilac,"Wheatland Township, Precinct 1",Sanilac County Drain Commissioner,,DEM,Ballots Cast,1
Sanilac,"Worth Township, Precinct 1",Sanilac County Drain Commissioner,,DEM,Write-In,21
Sanilac,"Worth Township, Precinct 1",Sanilac County Drain Commissioner,,DEM,Ballots Cast,21
Sanilac,"City of Brown City, Precinct 1",Lapeer County Prosecuting Attorney,,DEM,Ballots Cast,0
Sanilac,"City of Brown City, Precinct 1",Lapeer County Sheriff,,DEM,Ballots Cast,0
Sanilac,"City of Brown City, Precinct 1",Lapeer County Clerk,,DEM,Ballots Cast,0
Sanilac,"City of Brown City, Precinct 1",Lapeer County Treasurer,,DEM,Ballots Cast,0
Sanilac,"City of Brown City, Precinct 1",Lapeer County Register of Deeds,,DEM,Ballots Cast,0
Sanilac,"City of Brown City, Precinct 1",Lapeer County Road Commissioner,,DEM,Ballots Cast,0
Sanilac,"City of Brown City, Precinct 1",Lapeer County Drain Commissioner,,DEM,Ballots Cast,0
Sanilac,"Argyle Township, Precinct 1",Sanilac County Surveyor,,DEM,Write-In,3
Sanilac,"Argyle Township, Precinct 1",Sanilac County Surveyor,,DEM,Ballots Cast,3
Sanilac,"Austin Township, Precinct 1",Sanilac County Surveyor,,DEM,Write-In,2
Sanilac,"Austin Township, Precinct 1",Sanilac County Surveyor,,DEM,Ballots Cast,2
Sanilac,"Bridgehampton Township, Precinct 1",Sanilac County Surveyor,,DEM,Write-In,2
Sanilac,"Bridgehampton Township, Precinct 1",Sanilac County Surveyor,,DEM,Ballots Cast,2
Sanilac,"Buel Township, Precinct 1",Sanilac County Surveyor,,DEM,Write-In,5
Sanilac,"Buel Township, Precinct 1",Sanilac County Surveyor,,DEM,Ballots Cast,5
Sanilac,"City of Brown City, Precinct 1",Sanilac County Surveyor,,DEM,Write-In,2
Sanilac,"City of Brown City, Precinct 1",Sanilac County Surveyor,,DEM,Ballots Cast,2
Sanilac,"City of Croswell, Precinct 1",Sanilac County Surveyor,,DEM,Write-In,10
Sanilac,"City of Croswell, Precinct 1",Sanilac County Surveyor,,DEM,Ballots Cast,10
Sanilac,"City of Marlette, Precinct 1",Sanilac County Surveyor,,DEM,Write-In,10
Sanilac,"City of Marlette, Precinct 1",Sanilac County Surveyor,,DEM,Ballots Cast,10
Sanilac,"City of Sandusky, Precinct 1",Sanilac County Surveyor,,DEM,Write-In,5
Sanilac,"City of Sandusky, Precinct 1",Sanilac County Surveyor,,DEM,Ballots Cast,5
Sanilac,"Custer Township, Precinct 1",Sanilac County Surveyor,,DEM,Ballots Cast,0
Sanilac,"Delaware Township, Precinct 1",Sanilac County Surveyor,,DEM,Write-In,2
Sanilac,"Delaware Township, Precinct 1",Sanilac County Surveyor,,DEM,Ballots Cast,2
Sanilac,"Elk Township, Precinct 1",Sanilac County Surveyor,,DEM,Write-In,6
Sanilac,"Elk Township, Precinct 1",Sanilac County Surveyor,,DEM,Ballots Cast,6
Sanilac,"Elmer Township, Precinct 1",Sanilac County Surveyor,,DEM,Write-In,3
Sanilac,"Elmer Township, Precinct 1",Sanilac County Surveyor,,DEM,Ballots Cast,3
Sanilac,"Evergreen Township, Precinct 1",Sanilac County Surveyor,,DEM,Ballots Cast,0
Sanilac,"Flynn Township, Precinct 1",Sanilac County Surveyor,,DEM,Write-In,2
Sanilac,"Flynn Township, Precinct 1",Sanilac County Surveyor,,DEM,Ballots Cast,2
Sanilac,"Forester Township, Precinct 1",Sanilac County Surveyor,,DEM,Write-In,5
Sanilac,"Forester Township, Precinct 1",Sanilac County Surveyor,,DEM,Ballots Cast,5
Sanilac,"Fremont Township, Precinct 1",Sanilac County Surveyor,,DEM,Write-In,1
Sanilac,"Fremont Township, Precinct 1",Sanilac County Surveyor,,DEM,Ballots Cast,1
Sanilac,"Greenleaf Township, Precinct 1",Sanilac County Surveyor,,DEM,Write-In,4
Sanilac,"Greenleaf Township, Precinct 1",Sanilac County Surveyor,,DEM,Ballots Cast,4
Sanilac,"Lamotte Township, Precinct 1",Sanilac County Surveyor,,DEM,Write-In,1
Sanilac,"Lamotte Township, Precinct 1",Sanilac County Surveyor,,DEM,Ballots Cast,1
Sanilac,"Lexington Township, Precinct 1",Sanilac County Surveyor,,DEM,Write-In,25
Sanilac,"Lexington Township, Precinct 1",Sanilac County Surveyor,,DEM,Ballots Cast,25
Sanilac,"Maple Valley Township, Precinct 1",Sanilac County Surveyor,,DEM,Write-In,4
Sanilac,"Maple Valley Township, Precinct 1",Sanilac County Surveyor,,DEM,Ballots Cast,4
Sanilac,"Marion Township, Precinct 1",Sanilac County Surveyor,,DEM,Write-In,1
Sanilac,"Marion Township, Precinct 1",Sanilac County Surveyor,,DEM,Ballots Cast,1
Sanilac,"Marlette Township, Precinct 1",Sanilac County Surveyor,,DEM,Write-In,1
Sanilac,"Marlette Township, Precinct 1",Sanilac County Surveyor,,DEM,Ballots Cast,1
Sanilac,"Minden Township, Precinct 1",Sanilac County Surveyor,,DEM,Write-In,2
Sanilac,"Minden Township, Precinct 1",Sanilac County Surveyor,,DEM,Ballots Cast,2
Sanilac,"Moore Township, Precinct 1",Sanilac County Surveyor,,DEM,Ballots Cast,0
Sanilac,"Sanilac Township, Precinct 1",Sanilac County Surveyor,,DEM,Write-In,13
Sanilac,"Sanilac Township, Precinct 1",Sanilac County Surveyor,,DEM,Ballots Cast,13
Sanilac,"Speaker Township, Precinct 1",Sanilac County Surveyor,,DEM,Write-In,6
Sanilac,"Speaker Township, Precinct 1",Sanilac County Surveyor,,DEM,Ballots Cast,6
Sanilac,"Washington Township, Precinct 1",Sanilac County Surveyor,,DEM,Write-In,7
Sanilac,"Washington Township, Precinct 1",Sanilac County Surveyor,,DEM,Ballots Cast,7
Sanilac,"Watertown Township, Precinct 1",Sanilac County Surveyor,,DEM,Write-In,4
Sanilac,"Watertown Township, Precinct 1",Sanilac County Surveyor,,DEM,Ballots Cast,4
Sanilac,"Wheatland Township, Precinct 1",Sanilac County Surveyor,,DEM,Ballots Cast,0
Sanilac,"Worth Township, Precinct 1",Sanilac County Surveyor,,DEM,Write-In,27
Sanilac,"Worth Township, Precinct 1",Sanilac County Surveyor,,DEM,Ballots Cast,27
Sanilac,"City of Brown City, Precinct 1",Lapeer County Surveyor,,DEM,Ballots Cast,0
Sanilac,"Austin Township, Precinct 1",County Commissioner 1st District,,DEM,Write-In,3
Sanilac,"Austin Township, Precinct 1",County Commissioner 1st District,,DEM,Ballots Cast,3
Sanilac,"Delaware Township, Precinct 1",County Commissioner 1st District,,DEM,Write-In,2
Sanilac,"Delaware Township, Precinct 1",County Commissioner 1st District,,DEM,Ballots Cast,2
Sanilac,"Forester Township, Precinct 1",County Commissioner 1st District,,DEM,Write-In,5
Sanilac,"Forester Township, Precinct 1",County Commissioner 1st District,,DEM,Ballots Cast,5
Sanilac,"Greenleaf Township, Precinct 1",County Commissioner 1st District,,DEM,Write-In,4
Sanilac,"Greenleaf Township, Precinct 1",County Commissioner 1st District,,DEM,Ballots Cast,4
Sanilac,"Marion Township, Precinct 1",County Commissioner 1st District,,DEM,Write-In,1
Sanilac,"Marion Township, Precinct 1",County Commissioner 1st District,,DEM,Ballots Cast,1
Sanilac,"Minden Township, Precinct 1",County Commissioner 1st District,,DEM,Write-In,2
Sanilac,"Minden Township, Precinct 1",County Commissioner 1st District,,DEM,Ballots Cast,2
Sanilac,"Wheatland Township, Precinct 1",County Commissioner 1st District,,DEM,Ballots Cast,0
Sanilac,"Argyle Township, Precinct 1",County Commissioner 2nd District,,DEM,Write-In,3
Sanilac,"Argyle Township, Precinct 1",County Commissioner 2nd District,,DEM,Ballots Cast,3
Sanilac,"City of Marlette, Precinct 1",County Commissioner 2nd District,,DEM,Write-In,10
Sanilac,"City of Marlette, Precinct 1",County Commissioner 2nd District,,DEM,Ballots Cast,10
Sanilac,"Evergreen Township, Precinct 1",County Commissioner 2nd District,,DEM,Ballots Cast,0
Sanilac,"Lamotte Township, Precinct 1",County Commissioner 2nd District,,DEM,Write-In,2
Sanilac,"Lamotte Township, Precinct 1",County Commissioner 2nd District,,DEM,Ballots Cast,2
Sanilac,"Marlette Township, Precinct 1",County Commissioner 2nd District,,DEM,Write-In,1
Sanilac,"Marlette Township, Precinct 1",County Commissioner 2nd District,,DEM,Ballots Cast,1
Sanilac,"City of Sandusky, Precinct 1",County Commissioner 3rd District,,DEM,Write-In,5
Sanilac,"City of Sandusky, Precinct 1",County Commissioner 3rd District,,DEM,Ballots Cast,5
Sanilac,"Custer Township, Precinct 1",County Commissioner 3rd District,,DEM,Ballots Cast,0
Sanilac,"Moore Township, Precinct 1",County Commissioner 3rd District,,DEM,Write-In,1
Sanilac,"Moore Township, Precinct 1",County Commissioner 3rd District,,DEM,Ballots Cast,1
Sanilac,"Watertown Township, Precinct 1",County Commissioner 3rd District,,DEM,Write-In,4
Sanilac,"Watertown Township, Precinct 1",County Commissioner 3rd District,,DEM,Ballots Cast,4
Sanilac,"Bridgehampton Township, Precinct 1",County Commissioner 4th District,,DEM,Write-In,2
Sanilac,"Bridgehampton Township, Precinct 1",County Commissioner 4th District,,DEM,Ballots Cast,2
Sanilac,"Buel Township, Precinct 1",County Commissioner 4th District,,DEM,Write-In,5
Sanilac,"Buel Township, Precinct 1",County Commissioner 4th District,,DEM,Ballots Cast,5
Sanilac,"Sanilac Township, Precinct 1",County Commissioner 4th District,,DEM,Write-In,12
Sanilac,"Sanilac Township, Precinct 1",County Commissioner 4th District,,DEM,Ballots Cast,12
Sanilac,"Washington Township, Precinct 1",County Commissioner 4th District,,DEM,Write-In,5
Sanilac,"Washington Township, Precinct 1",County Commissioner 4th District,,DEM,Ballots Cast,5
Sanilac,"City of Brown City, Precinct 1",County Commissioner 5th District,,DEM,Write-In,2
Sanilac,"City of Brown City, Precinct 1",County Commissioner 5th District,,DEM,Ballots Cast,2
Sanilac,"Elk Township, Precinct 1",County Commissioner 5th District,,DEM,Write-In,6
Sanilac,"Elk Township, Precinct 1",County Commissioner 5th District,,DEM,Ballots Cast,6
Sanilac,"Elmer Township, Precinct 1",County Commissioner 5th District,,DEM,Write-In,2
Sanilac,"Elmer Township, Precinct 1",County Commissioner 5th District,,DEM,Ballots Cast,2
Sanilac,"Flynn Township, Precinct 1",County Commissioner 5th District,,DEM,Write-In,2
Sanilac,"Flynn Township, Precinct 1",County Commissioner 5th District,,DEM,Ballots Cast,2
Sanilac,"Maple Valley Township, Precinct 1",County Commissioner 5th District,,DEM,Write-In,3
Sanilac,"Maple Valley Township, Precinct 1",County Commissioner 5th District,,DEM,Ballots Cast,3
Sanilac,"City of Croswell, Precinct 1",County Commisioner 6th District,,DEM,Geoff Angus,77
Sanilac,"City of Croswell, Precinct 1",County Commisioner 6th District,,DEM,Ballots Cast,77
Sanilac,"Lexington Township, Precinct 1",County Commisioner 6th District,,DEM,Geoff Angus,254
Sanilac,"Lexington Township, Precinct 1",County Commisioner 6th District,,DEM,Ballots Cast,254
Sanilac,"Fremont Township, Precinct 1",County Commissioner 7th District,,DEM,Write-In,1
Sanilac,"Fremont Township, Precinct 1",County Commissioner 7th District,,DEM,Ballots Cast,1
Sanilac,"Speaker Township, Precinct 1",County Commissioner 7th District,,DEM,Write-In,6
Sanilac,"Speaker Township, Precinct 1",County Commissioner 7th District,,DEM,Ballots Cast,6
Sanilac,"Worth Township, Precinct 1",County Commissioner 7th District,,DEM,Write-In,26
Sanilac,"Worth Township, Precinct 1",County Commissioner 7th District,,DEM,Ballots Cast,26
Sanilac,"City of Brown City, Precinct 1",County Commissioner 2nd District,,DEM,Ballots Cast,0
Sanilac,"Argyle Township, Precinct 1",Argyle Township Supervisor,,DEM,Write-In,3
Sanilac,"Argyle Township, Precinct 1",Argyle Township Supervisor,,DEM,Ballots Cast,3
Sanilac,"Argyle Township, Precinct 1",Argyle Township Clerk,,DEM,Write-In,3
Sanilac,"Argyle Township, Precinct 1",Argyle Township Clerk,,DEM,Ballots Cast,3
Sanilac,"Argyle Township, Precinct 1",Argyle Township Treasurer,,DEM,Write-In,3
Sanilac,"Argyle Township, Precinct 1",Argyle Township Treasurer,,DEM,Ballots Cast,3
Sanilac,"Argyle Township, Precinct 1",Argyle Township Trustee,,DEM,Write-In,4
Sanilac,"Argyle Township, Precinct 1",Argyle Township Trustee,,DEM,Ballots Cast,4
Sanilac,"Austin Township, Precinct 1",Austin Township Supervisor,,DEM,Write-In,3
Sanilac,"Austin Township, Precinct 1",Austin Township Supervisor,,DEM,Ballots Cast,3
Sanilac,"Austin Township, Precinct 1",Austin Township Clerk,,DEM,Write-In,3
Sanilac,"Austin Township, Precinct 1",Austin Township Clerk,,DEM,Ballots Cast,3
Sanilac,"Austin Township, Precinct 1",Austin Township Treasurer,,DEM,Write-In,3
Sanilac,"Austin Township, Precinct 1",Austin Township Treasurer,,DEM,Ballots Cast,3
Sanilac,"Austin Township, Precinct 1",Austin Township Trustee,,DEM,Write-In,4
Sanilac,"Austin Township, Precinct 1",Austin Township Trustee,,DEM,Ballots Cast,4
Sanilac,"Bridgehampton Township, Precinct 1",Bridgehampton Township Supervisor,,DEM,Write-In,2
Sanilac,"Bridgehampton Township, Precinct 1",Bridgehampton Township Supervisor,,DEM,Ballots Cast,2
Sanilac,"Bridgehampton Township, Precinct 1",Bridgehampton Township Clerk,,DEM,Write-In,2
Sanilac,"Bridgehampton Township, Precinct 1",Bridgehampton Township Clerk,,DEM,Ballots Cast,2
Sanilac,"Bridgehampton Township, Precinct 1",Bridgehampton Township Treasurer,,DEM,Write-In,2
Sanilac,"Bridgehampton Township, Precinct 1",Bridgehampton Township Treasurer,,DEM,Ballots Cast,2
Sanilac,"Bridgehampton Township, Precinct 1",Bridgehampton Township Trustee,,DEM,Write-In,4
Sanilac,"Bridgehampton Township, Precinct 1",Bridgehampton Township Trustee,,DEM,Ballots Cast,4
Sanilac,"Buel Township, Precinct 1",Buel Township Supervisor,,DEM,Write-In,5
Sanilac,"Buel Township, Precinct 1",Buel Township Supervisor,,DEM,Ballots Cast,5
Sanilac,"Buel Township, Precinct 1",Buel Township Clerk,,DEM,Write-In,5
Sanilac,"Buel Township, Precinct 1",Buel Township Clerk,,DEM,Ballots Cast,5
Sanilac,"Buel Township, Precinct 1",Buel Township Treasurer,,DEM,Write-In,5
Sanilac,"Buel Township, Precinct 1",Buel Township Treasurer,,DEM,Ballots Cast,5
Sanilac,"Buel Township, Precinct 1",Buel Township Trustee,,DEM,Write-In,9
Sanilac,"Buel Township, Precinct 1",Buel Township Trustee,,DEM,Ballots Cast,9
Sanilac,"Custer Township, Precinct 1",Custer Township Supervisor,,DEM,Ballots Cast,0
Sanilac,"Custer Township, Precinct 1",Custer Township Clerk,,DEM,Ballots Cast,0
Sanilac,"Custer Township, Precinct 1",Custer Township Treasurer,,DEM,Ballots Cast,0
Sanilac,"Custer Township, Precinct 1",Custer Township Trustee,,DEM,Ballots Cast,0
Sanilac,"Delaware Township, Precinct 1",Delaware Township Supervisor,,DEM,Write-In,2
Sanilac,"Delaware Township, Precinct 1",Delaware Township Supervisor,,DEM,Ballots Cast,2
Sanilac,"Delaware Township, Precinct 1",Delaware Township Clerk,,DEM,Write-In,2
Sanilac,"Delaware Township, Precinct 1",Delaware Township Clerk,,DEM,Ballots Cast,2
Sanilac,"Delaware Township, Precinct 1",Delaware Township Treasurer,,DEM,Write-In,2
Sanilac,"Delaware Township, Precinct 1",Delaware Township Treasurer,,DEM,Ballots Cast,2
Sanilac,"Delaware Township, Precinct 1",Delaware Township Trustee,,DEM,Write-In,2
Sanilac,"Delaware Township, Precinct 1",Delaware Township Trustee,,DEM,Ballots Cast,2
Sanilac,"Elk Township, Precinct 1",Elk Township Supervisor,,DEM,Write-In,6
Sanilac,"Elk Township, Precinct 1",Elk Township Supervisor,,DEM,Ballots Cast,6
Sanilac,"Elk Township, Precinct 1",Elk Township Clerk,,DEM,Write-In,6
Sanilac,"Elk Township, Precinct 1",Elk Township Clerk,,DEM,Ballots Cast,6
Sanilac,"Elk Township, Precinct 1",Elk Township Treasurer,,DEM,Write-In,6
Sanilac,"Elk Township, Precinct 1",Elk Township Treasurer,,DEM,Ballots Cast,6
Sanilac,"Elk Township, Precinct 1",Elk Township Trustee,,DEM,Write-In,8
Sanilac,"Elk Township, Precinct 1",Elk Township Trustee,,DEM,Ballots Cast,8
Sanilac,"Elmer Township, Precinct 1",Elmer Township Supervisor,,DEM,Write-In,2
Sanilac,"Elmer Township, Precinct 1",Elmer Township Supervisor,,DEM,Ballots Cast,2
Sanilac,"Elmer Township, Precinct 1",Elmer Township Clerk,,DEM,Write-In,2
Sanilac,"Elmer Township, Precinct 1",Elmer Township Clerk,,DEM,Ballots Cast,2
Sanilac,"Elmer Township, Precinct 1",Elmer Township Treasurer,,DEM,Write-In,2
Sanilac,"Elmer Township, Precinct 1",Elmer Township Treasurer,,DEM,Ballots Cast,2
Sanilac,"Elmer Township, Precinct 1",Elmer Township Trustee,,DEM,Write-In,2
Sanilac,"Elmer Township, Precinct 1",Elmer Township Trustee,,DEM,Ballots Cast,2
Sanilac,"Evergreen Township, Precinct 1",Evergreen Township Supervisor,,DEM,Write-In,1
Sanilac,"Evergreen Township, Precinct 1",Evergreen Township Supervisor,,DEM,Ballots Cast,1
Sanilac,"Evergreen Township, Precinct 1",Evergreen Township Clerk,,DEM,Write-In,1
Sanilac,"Evergreen Township, Precinct 1",Evergreen Township Clerk,,DEM,Ballots Cast,1
Sanilac,"Evergreen Township, Precinct 1",Evergreen Township Treasurer,,DEM,Write-In,1
Sanilac,"Evergreen Township, Precinct 1",Evergreen Township Treasurer,,DEM,Ballots Cast,1
Sanilac,"Evergreen Township, Precinct 1",Evergreen Township Trustee,,DEM,Write-In,1
Sanilac,"Evergreen Township, Precinct 1",Evergreen Township Trustee,,DEM,Ballots Cast,1
Sanilac,"Flynn Township, Precinct 1",Flynn Township Supervisor,,DEM,Write-In,2
Sanilac,"Flynn Township, Precinct 1",Flynn Township Supervisor,,DEM,Ballots Cast,2
Sanilac,"Flynn Township, Precinct 1",Flynn Township Clerk,,DEM,Write-In,2
Sanilac,"Flynn Township, Precinct 1",Flynn Township Clerk,,DEM,Ballots Cast,2
Sanilac,"Flynn Township, Precinct 1",Flynn Township Treasurer,,DEM,Write-In,2
Sanilac,"Flynn Township, Precinct 1",Flynn Township Treasurer,,DEM,Ballots Cast,2
Sanilac,"Flynn Township, Precinct 1",Flynn Township Trustee,,DEM,Write-In,3
Sanilac,"Flynn Township, Precinct 1",Flynn Township Trustee,,DEM,Ballots Cast,3
Sanilac,"Forester Township, Precinct 1",Forester Township Supervisor,,DEM,Write-In,5
Sanilac,"Forester Township, Precinct 1",Forester Township Supervisor,,DEM,Ballots Cast,5
Sanilac,"Forester Township, Precinct 1",Forester Township Clerk,,DEM,Marjorie J. Hoenicke,62
Sanilac,"Forester Township, Precinct 1",Forester Township Clerk,,DEM,Ballots Cast,62
Sanilac,"Forester Township, Precinct 1",Forester Township Treasurer,,DEM,Write-In,5
Sanilac,"Forester Township, Precinct 1",Forester Township Treasurer,,DEM,Ballots Cast,5
Sanilac,"Forester Township, Precinct 1",Forester Township Trustee,,DEM,Write-In,6
Sanilac,"Forester Township, Precinct 1",Forester Township Trustee,,DEM,Ballots Cast,6
Sanilac,"Fremont Township, Precinct 1",Fremont Township Supervisor,,DEM,Write-In,1
Sanilac,"Fremont Township, Precinct 1",Fremont Township Supervisor,,DEM,Ballots Cast,1
Sanilac,"Fremont Township, Precinct 1",Fremont Township Clerk,,DEM,Write-In,1
Sanilac,"Fremont Township, Precinct 1",Fremont Township Clerk,,DEM,Ballots Cast,1
Sanilac,"Fremont Township, Precinct 1",Fremont Township Treasurer,,DEM,Write-In,1
Sanilac,"Fremont Township, Precinct 1",Fremont Township Treasurer,,DEM,Ballots Cast,1
Sanilac,"Fremont Township, Precinct 1",Fremont Township Trustee,,DEM,Write-In,2
Sanilac,"Fremont Township, Precinct 1",Fremont Township Trustee,,DEM,Ballots Cast,2
Sanilac,"Greenleaf Township, Precinct 1",Greenleaf Township Supervisor,,DEM,Write-In,4
Sanilac,"Greenleaf Township, Precinct 1",Greenleaf Township Supervisor,,DEM,Ballots Cast,4
Sanilac,"Greenleaf Township, Precinct 1",Greenleaf Township Clerk,,DEM,Write-In,4
Sanilac,"Greenleaf Township, Precinct 1",Greenleaf Township Clerk,,DEM,Ballots Cast,4
Sanilac,"Greenleaf Township, Precinct 1",Greenleaf Township Treasurer,,DEM,Write-In,4
Sanilac,"Greenleaf Township, Precinct 1",Greenleaf Township Treasurer,,DEM,Ballots Cast,4
Sanilac,"Greenleaf Township, Precinct 1",Greenleaf Township Trustee,,DEM,Write-In,3
Sanilac,"Greenleaf Township, Precinct 1",Greenleaf Township Trustee,,DEM,Ballots Cast,3
Sanilac,"Lamotte Township, Precinct 1",Lamotte Township Supervisor,,DEM,Write-In,2
Sanilac,"Lamotte Township, Precinct 1",Lamotte Township Supervisor,,DEM,Ballots Cast,2
Sanilac,"Lamotte Township, Precinct 1",Lamotte Township Clerk,,DEM,Write-In,2
Sanilac,"Lamotte Township, Precinct 1",Lamotte Township Clerk,,DEM,Ballots Cast,2
Sanilac,"Lamotte Township, Precinct 1",Lamotte Township Treasurer,,DEM,Write-In,2
Sanilac,"Lamotte Township, Precinct 1",Lamotte Township Treasurer,,DEM,Ballots Cast,2
Sanilac,"Lamotte Township, Precinct 1",Lamotte Township Trustee,,DEM,Write-In,2
Sanilac,"Lamotte Township, Precinct 1",Lamotte Township Trustee,,DEM,Ballots Cast,2
Sanilac,"Lexington Township, Precinct 1",Lexington Township Supervisor,,DEM,Write-In,23
Sanilac,"Lexington Township, Precinct 1",Lexington Township Supervisor,,DEM,Ballots Cast,23
Sanilac,"Lexington Township, Precinct 1",Lexington Township Clerk,,DEM,Write-In,21
Sanilac,"Lexington Township, Precinct 1",Lexington Township Clerk,,DEM,Ballots Cast,21
Sanilac,"Lexington Township, Precinct 1",Lexington Township Treasurer,,DEM,Write-In,21
Sanilac,"Lexington Township, Precinct 1",Lexington Township Treasurer,,DEM,Ballots Cast,21
Sanilac,"Lexington Township, Precinct 1",Lexington Township Trustee,,DEM,Write-In,33
Sanilac,"Lexington Township, Precinct 1",Lexington Township Trustee,,DEM,Ballots Cast,33
Sanilac,"Maple Valley Township, Precinct 1",Maple Valley Township Supervisor,,DEM,Write-In,4
Sanilac,"Maple Valley Township, Precinct 1",Maple Valley Township Supervisor,,DEM,Ballots Cast,4
Sanilac,"Maple Valley Township, Precinct 1",Maple Valley Township Clerk,,DEM,Write-In,4
Sanilac,"Maple Valley Township, Precinct 1",Maple Valley Township Clerk,,DEM,Ballots Cast,4
Sanilac,"Maple Valley Township, Precinct 1",Maple Valley Township Treasurer,,DEM,Write-In,4
Sanilac,"Maple Valley Township, Precinct 1",Maple Valley Township Treasurer,,DEM,Ballots Cast,4
Sanilac,"Maple Valley Township, Precinct 1",Maple Valley Township Trustee,,DEM,Write-In,6
Sanilac,"Maple Valley Township, Precinct 1",Maple Valley Township Trustee,,DEM,Ballots Cast,6
Sanilac,"Marion Township, Precinct 1",Marion Township Supervisor,,DEM,Write-In,1
Sanilac,"Marion Township, Precinct 1",Marion Township Supervisor,,DEM,Ballots Cast,1
Sanilac,"Marion Township, Precinct 1",Marion Township Clerk,,DEM,Write-In,1
Sanilac,"Marion Township, Precinct 1",Marion Township Clerk,,DEM,Ballots Cast,1
Sanilac,"Marion Township, Precinct 1",Marion Township Treasurer,,DEM,Write-In,2
Sanilac,"Marion Township, Precinct 1",Marion Township Treasurer,,DEM,Ballots Cast,2
Sanilac,"Marion Township, Precinct 1",Marion Township Trustee,,DEM,Write-In,3
Sanilac,"Marion Township, Precinct 1",Marion Township Trustee,,DEM,Ballots Cast,3
Sanilac,"Marlette Township, Precinct 1",Marlette Township Supervisor,,DEM,Write-In,1
Sanilac,"Marlette Township, Precinct 1",Marlette Township Supervisor,,DEM,Ballots Cast,1
Sanilac,"Marlette Township, Precinct 1",Marlette Township Clerk,,DEM,Write-In,1
Sanilac,"Marlette Township, Precinct 1",Marlette Township Clerk,,DEM,Ballots Cast,1
Sanilac,"Marlette Township, Precinct 1",Marlette Township Treasurer,,DEM,Write-In,1
Sanilac,"Marlette Township, Precinct 1",Marlette Township Treasurer,,DEM,Ballots Cast,1
Sanilac,"Marlette Township, Precinct 1",Marlette Township Trustee,,DEM,Write-In,1
Sanilac,"Marlette Township, Precinct 1",Marlette Township Trustee,,DEM,Ballots Cast,1
Sanilac,"Minden Township, Precinct 1",Minden Township Supervisor,,DEM,Write-In,2
Sanilac,"Minden Township, Precinct 1",Minden Township Supervisor,,DEM,Ballots Cast,2
Sanilac,"Minden Township, Precinct 1",Minden Township Clerk,,DEM,Write-In,4
Sanilac,"Minden Township, Precinct 1",Minden Township Clerk,,DEM,Ballots Cast,4
Sanilac,"Minden Township, Precinct 1",Minden Township Treasurer,,DEM,Write-In,1
Sanilac,"Minden Township, Precinct 1",Minden Township Treasurer,,DEM,Ballots Cast,1
Sanilac,"Minden Township, Precinct 1",Minden Township Trustee,,DEM,Write-In,2
Sanilac,"Minden Township, Precinct 1",Minden Township Trustee,,DEM,Ballots Cast,2
Sanilac,"Moore Township, Precinct 1",Moore Township Supervisor,,DEM,Ballots Cast,0
Sanilac,"Moore Township, Precinct 1",Moore Township Clerk,,DEM,Write-In,1
Sanilac,"Moore Township, Precinct 1",Moore Township Clerk,,DEM,Ballots Cast,1
Sanilac,"Moore Township, Precinct 1",Moore Township Treasurer,,DEM,Ballots Cast,0
Sanilac,"Moore Township, Precinct 1",Moore Township Trustee,,DEM,Ballots Cast,0
Sanilac,"Sanilac Township, Precinct 1",Sanilac Township Supervisor,,DEM,Joseph F. Donnelly,146
Sanilac,"Sanilac Township, Precinct 1",Sanilac Township Supervisor,,DEM,Ballots Cast,146
Sanilac,"Sanilac Township, Precinct 1",Sanilac Township Clerk,,DEM,Write-In,12
Sanilac,"Sanilac Township, Precinct 1",Sanilac Township Clerk,,DEM,Ballots Cast,12
Sanilac,"Sanilac Township, Precinct 1",Sanilac Township Treasurer,,DEM,Write-In,12
Sanilac,"Sanilac Township, Precinct 1",Sanilac Township Treasurer,,DEM,Ballots Cast,12
Sanilac,"Sanilac Township, Precinct 1",Sanilac Township Trustee,,DEM,Write-In,19
Sanilac,"Sanilac Township, Precinct 1",Sanilac Township Trustee,,DEM,Ballots Cast,19
Sanilac,"Speaker Township, Precinct 1",Speaker Township Supervisor,,DEM,Write-In,6
Sanilac,"Speaker Township, Precinct 1",Speaker Township Supervisor,,DEM,Ballots Cast,6
Sanilac,"Speaker Township, Precinct 1",Speaker Township Clerk,,DEM,Michelle L. Brown,41
Sanilac,"Speaker Township, Precinct 1",Speaker Township Clerk,,DEM,Ballots Cast,41
Sanilac,"Speaker Township, Precinct 1",Speaker Township Treasurer,,DEM,Write-In,8
Sanilac,"Speaker Township, Precinct 1",Speaker Township Treasurer,,DEM,Ballots Cast,8
Sanilac,"Speaker Township, Precinct 1",Speaker Township Trustee,,DEM,Write-In,13
Sanilac,"Speaker Township, Precinct 1",Speaker Township Trustee,,DEM,Ballots Cast,13
Sanilac,"Washington Township, Precinct 1",Washington Township Supervisor,,DEM,Write-In,5
Sanilac,"Washington Township, Precinct 1",Washington Township Supervisor,,DEM,Ballots Cast,5
Sanilac,"Washington Township, Precinct 1",Washington Township Clerk,,DEM,Write-In,5
Sanilac,"Washington Township, Precinct 1",Washington Township Clerk,,DEM,Ballots Cast,5
Sanilac,"Washington Township, Precinct 1",Washington Township Treasurer,,DEM,Write-In,5
Sanilac,"Washington Township, Precinct 1",Washington Township Treasurer,,DEM,Ballots Cast,5
Sanilac,"Washington Township, Precinct 1",Washington Township Trustee,,DEM,Write-In,5
Sanilac,"Washington Township, Precinct 1",Washington Township Trustee,,DEM,Ballots Cast,5
Sanilac,"Watertown Township, Precinct 1",Watertown Township Supervisor,,DEM,Write-In,4
Sanilac,"Watertown Township, Precinct 1",Watertown Township Supervisor,,DEM,Ballots Cast,4
Sanilac,"Watertown Township, Precinct 1",Watertown Township Clerk,,DEM,Write-In,4
Sanilac,"Watertown Township, Precinct 1",Watertown Township Clerk,,DEM,Ballots Cast,4
Sanilac,"Watertown Township, Precinct 1",Watertown Township Treasurer,,DEM,Write-In,4
Sanilac,"Watertown Township, Precinct 1",Watertown Township Treasurer,,DEM,Ballots Cast,4
Sanilac,"Watertown Township, Precinct 1",Watertown Township Trustee,,DEM,Write-In,4
Sanilac,"Watertown Township, Precinct 1",Watertown Township Trustee,,DEM,Ballots Cast,4
Sanilac,"Wheatland Township, Precinct 1",Wheatland Township Supervisor,,DEM,Write-In,1
Sanilac,"Wheatland Township, Precinct 1",Wheatland Township Supervisor,,DEM,Ballots Cast,1
Sanilac,"Wheatland Township, Precinct 1",Wheatland Township Clerk,,DEM,Scott Cameron,8
Sanilac,"Wheatland Township, Precinct 1",Wheatland Township Clerk,,DEM,Ballots Cast,8
Sanilac,"Wheatland Township, Precinct 1",Wheatland Township Treasurer,,DEM,Ballots Cast,0
Sanilac,"Wheatland Township, Precinct 1",Wheatland Township Trustee,,DEM,Ballots Cast,0
Sanilac,"Worth Township, Precinct 1",Worth Township Supervisor,,DEM,Write-In,26
Sanilac,"Worth Township, Precinct 1",Worth Township Supervisor,,DEM,Ballots Cast,26
Sanilac,"Worth Township, Precinct 1",Worth Township Clerk,,DEM,Write-In,24
Sanilac,"Worth Township, Precinct 1",Worth Township Clerk,,DEM,Ballots Cast,24
Sanilac,"Worth Township, Precinct 1",Worth Township Treasurer,,DEM,Write-In,23
Sanilac,"Worth Township, Precinct 1",Worth Township Treasurer,,DEM,Ballots Cast,23
Sanilac,"Worth Township, Precinct 1",Worth Township Trustee,,DEM,Write-In,34
Sanilac,"Worth Township, Precinct 1",Worth Township Trustee,,DEM,Ballots Cast,34
Sanilac,"City of Sandusky, Precinct 1","City of Sandusky, Precinct 1 Precinct Delegate",,DEM,Write-In,7
Sanilac,"City of Sandusky, Precinct 1","City of Sandusky, Precinct 1 Precinct Delegate",,DEM,Ballots Cast,7
Sanilac,"Argyle Township, Precinct 1","Argyle Township, Precinct 1 Precinct Delegate",,DEM,Write-In,2
Sanilac,"Argyle Township, Precinct 1","Argyle Township, Precinct 1 Precinct Delegate",,DEM,Ballots Cast,2
Sanilac,"Bridgehampton Township, Precinct 1","Bridgehampton Township, Precinct 1 Precinct Delegate",,DEM,Write-In,1
Sanilac,"Bridgehampton Township, Precinct 1","Bridgehampton Township, Precinct 1 Precinct Delegate",,DEM,Ballots Cast,1
Sanilac,"Buel Township, Precinct 1","Buel Township, Precinct 1 Precinct Delegate",,DEM,Write-In,9
Sanilac,"Buel Township, Precinct 1","Buel Township, Precinct 1 Precinct Delegate",,DEM,Ballots Cast,9
Sanilac,"Custer Township, Precinct 1","Custer Township, Precinct 1 Precinct Delegate",,DEM,Ballots Cast,0
Sanilac,"Elk Township, Precinct 1","Elk Township, Precinct 1 Precinct Delegate",,DEM,Write-In,9
Sanilac,"Elk Township, Precinct 1","Elk Township, Precinct 1 Precinct Delegate",,DEM,Ballots Cast,9
Sanilac,"Elmer Township, Precinct 1","Elmer Township, Precinct 1 Precinct Delegate",,DEM,Write-In,3
Sanilac,"Elmer Township, Precinct 1","Elmer Township, Precinct 1 Precinct Delegate",,DEM,Ballots Cast,3
Sanilac,"Flynn Township, Precinct 1","Flynn Township, Precinct 1 Precinct Delegate",,DEM,Write-In,2
Sanilac,"Flynn Township, Precinct 1","Flynn Township, Precinct 1 Precinct Delegate",,DEM,Ballots Cast,2
Sanilac,"Fremont Township, Precinct 1","Fremont Township, Precinct 1 Precinct Delegate",,DEM,Write-In,1
Sanilac,"Fremont Township, Precinct 1","Fremont Township, Precinct 1 Precinct Delegate",,DEM,Ballots Cast,1
Sanilac,"Lamotte Township, Precinct 1","Lamotte Township, Precinct 1 Precinct Delegate",,DEM,Write-In,2
Sanilac,"Lamotte Township, Precinct 1","Lamotte Township, Precinct 1 Precinct Delegate",,DEM,Ballots Cast,2
Sanilac,"Speaker Township, Precinct 1","Speaker Township, Precinct 1 Precinct Delegate",,DEM,Write-In,9
Sanilac,"Speaker Township, Precinct 1","Speaker Township, Precinct 1 Precinct Delegate",,DEM,Ballots Cast,9
Sanilac,"Washington Township, Precinct 1","Washington Township, Precinct 1 Precinct Delegate",,DEM,Write-In,5
Sanilac,"Washington Township, Precinct 1","Washington Township, Precinct 1 Precinct Delegate",,DEM,Ballots Cast,5
Sanilac,"Watertown Township, Precinct 1","Watertown Township, Precinct 1 Precinct Delegate",,DEM,Write-In,4
Sanilac,"Watertown Township, Precinct 1","Watertown Township, Precinct 1 Precinct Delegate",,DEM,Ballots Cast,4
Sanilac,"Wheatland Township, Precinct 1","Wheatland Township, Precinct 1 Precinct Delegate",,DEM,Write-In,1
Sanilac,"Wheatland Township, Precinct 1","Wheatland Township, Precinct 1 Precinct Delegate",,DEM,Ballots Cast,1
Sanilac,"City of Brown City, Precinct 1","City of Brown City, Precinct 1 Precinct Delegate",,DEM,Write-In,4
Sanilac,"City of Brown City, Precinct 1","City of Brown City, Precinct 1 Precinct Delegate",,DEM,Ballots Cast,4
Sanilac,"City of Croswell, Precinct 1","City of Croswell, Precinct 1 Precinct Delegate",,DEM,Write-In,16
Sanilac,"City of Croswell, Precinct 1","City of Croswell, Precinct 1 Precinct Delegate",,DEM,Ballots Cast,16
Sanilac,"City of Marlette, Precinct 1","City of Marlette, Precinct 1 Precinct Delegate",,DEM,Write-In,13
Sanilac,"City of Marlette, Precinct 1","City of Marlette, Precinct 1 Precinct Delegate",,DEM,Ballots Cast,13
Sanilac,"Austin Township, Precinct 1","Austin Township, Precinct 1 Precinct Delegate",,DEM,Write-In,3
Sanilac,"Austin Township, Precinct 1","Austin Township, Precinct 1 Precinct Delegate",,DEM,Ballots Cast,3
Sanilac,"Delaware Township, Precinct 1","Delaware Township, Precinct 1 Precinct Delegate",,DEM,Write-In,2
Sanilac,"Delaware Township, Precinct 1","Delaware Township, Precinct 1 Precinct Delegate",,DEM,Ballots Cast,2
Sanilac,"Evergreen Township, Precinct 1","Evergreen Township, Precinct 1 Precinct Delegate",,DEM,Ballots Cast,0
Sanilac,"Forester Township, Precinct 1","Forester Township, Precinct 1 Precinct Delegate",,DEM,Write-In,5
Sanilac,"Forester Township, Precinct 1","Forester Township, Precinct 1 Precinct Delegate",,DEM,Ballots Cast,5
Sanilac,"Greenleaf Township, Precinct 1","Greenleaf Township, Precinct 1 Precinct Delegate",,DEM,Write-In,4
Sanilac,"Greenleaf Township, Precinct 1","Greenleaf Township, Precinct 1 Precinct Delegate",,DEM,Ballots Cast,4
Sanilac,"Lexington Township, Precinct 1","Lexington Township, Precinct 1 Precinct Delegate",,DEM,Write-In,56
Sanilac,"Lexington Township, Precinct 1","Lexington Township, Precinct 1 Precinct Delegate",,DEM,Ballots Cast,56
Sanilac,"Maple Valley Township, Precinct 1","Maple Valley Township, Precinct 1 Precinct Delegate",,DEM,Write-In,4
Sanilac,"Maple Valley Township, Precinct 1","Maple Valley Township, Precinct 1 Precinct Delegate",,DEM,Ballots Cast,4
Sanilac,"Marion Township, Precinct 1","Marion Township, Precinct 1 Precinct Delegate",,DEM,Write-In,1
Sanilac,"Marion Township, Precinct 1","Marion Township, Precinct 1 Precinct Delegate",,DEM,Ballots Cast,1
Sanilac,"Marlette Township, Precinct 1","Marlette Township, Precinct 1 Precinct Delegate",,DEM,Write-In,1
Sanilac,"Marlette Township, Precinct 1","Marlette Township, Precinct 1 Precinct Delegate",,DEM,Ballots Cast,1
Sanilac,"Minden Township, Precinct 1","Minden Township, Precinct 1 Precinct Delegate",,DEM,Write-In,1
Sanilac,"Minden Township, Precinct 1","Minden Township, Precinct 1 Precinct Delegate",,DEM,Ballots Cast,1
Sanilac,"Moore Township, Precinct 1","Moore Township, Precinct 1 Precinct Delegate",,DEM,Ballots Cast,0
Sanilac,"Sanilac Township, Precinct 1","Sanilac Township, Precinct 1 Precinct Delegate",,DEM,Write-In,27
Sanilac,"Sanilac Township, Precinct 1","Sanilac Township, Precinct 1 Precinct Delegate",,DEM,Ballots Cast,27
Sanilac,"Worth Township, Precinct 1","Worth Township, Precinct 1 Precinct Delegate",,DEM,Write-In,44
Sanilac,"Worth Township, Precinct 1","Worth Township, Precinct 1 Precinct Delegate",,DEM,Ballots Cast,44
Sanilac,"Argyle Township, Precinct 1",U.S. Senate,,REP,Justin Amash,13
Sanilac,"Argyle Township, Precinct 1",U.S. Senate,,REP,Mike Rogers,76
Sanilac,"Argyle Township, Precinct 1",U.S. Senate,,REP,Sandy Pensler,6
Sanilac,"Argyle Township, Precinct 1",U.S. Senate,,REP,Sherry O'Donnell,20
Sanilac,"Argyle Township, Precinct 1",U.S. Senate,,REP,Ballots Cast,115
Sanilac,"Austin Township, Precinct 1",U.S. Senate,,REP,Justin Amash,8
Sanilac,"Austin Township, Precinct 1",U.S. Senate,,REP,Mike Rogers,38
Sanilac,"Austin Township, Precinct 1",U.S. Senate,,REP,Sandy Pensler,3
Sanilac,"Austin Township, Precinct 1",U.S. Senate,,REP,Sherry O'Donnell,12
Sanilac,"Austin Township, Precinct 1",U.S. Senate,,REP,Ballots Cast,61
Sanilac,"Bridgehampton Township, Precinct 1",U.S. Senate,,REP,Justin Amash,6
Sanilac,"Bridgehampton Township, Precinct 1",U.S. Senate,,REP,Mike Rogers,60
Sanilac,"Bridgehampton Township, Precinct 1",U.S. Senate,,REP,Sandy Pensler,12
Sanilac,"Bridgehampton Township, Precinct 1",U.S. Senate,,REP,Sherry O'Donnell,15
Sanilac,"Bridgehampton Township, Precinct 1",U.S. Senate,,REP,Ballots Cast,93
Sanilac,"Buel Township, Precinct 1",U.S. Senate,,REP,Justin Amash,19
Sanilac,"Buel Township, Precinct 1",U.S. Senate,,REP,Mike Rogers,128
Sanilac,"Buel Township, Precinct 1",U.S. Senate,,REP,Sandy Pensler,12
Sanilac,"Buel Township, Precinct 1",U.S. Senate,,REP,Sherry O'Donnell,29
Sanilac,"Buel Township, Precinct 1",U.S. Senate,,REP,Ballots Cast,188
Sanilac,"City of Brown City, Precinct 1",U.S. Senate,,REP,Justin Amash,13
Sanilac,"City of Brown City, Precinct 1",U.S. Senate,,REP,Mike Rogers,78
Sanilac,"City of Brown City, Precinct 1",U.S. Senate,,REP,Sandy Pensler,10
Sanilac,"City of Brown City, Precinct 1",U.S. Senate,,REP,Sherry O'Donnell,11
Sanilac,"City of Brown City, Precinct 1",U.S. Senate,,REP,Ballots Cast,112
Sanilac,"City of Croswell, Precinct 1",U.S. Senate,,REP,Justin Amash,16
Sanilac,"City of Croswell, Precinct 1",U.S. Senate,,REP,Mike Rogers,129
Sanilac,"City of Croswell, Precinct 1",U.S. Senate,,REP,Sandy Pensler,37
Sanilac,"City of Croswell, Precinct 1",U.S. Senate,,REP,Sherry O'Donnell,55
Sanilac,"City of Croswell, Precinct 1",U.S. Senate,,REP,Ballots Cast,237
Sanilac,"City of Marlette, Precinct 1",U.S. Senate,,REP,Justin Amash,9
Sanilac,"City of Marlette, Precinct 1",U.S. Senate,,REP,Mike Rogers,116
Sanilac,"City of Marlette, Precinct 1",U.S. Senate,,REP,Sandy Pensler,13
Sanilac,"City of Marlette, Precinct 1",U.S. Senate,,REP,Sherry O'Donnell,31
Sanilac,"City of Marlette, Precinct 1",U.S. Senate,,REP,Write-In,2
Sanilac,"City of Marlette, Precinct 1",U.S. Senate,,REP,Ballots Cast,171
Sanilac,"City of Sandusky, Precinct 1",U.S. Senate,,REP,Justin Amash,33
Sanilac,"City of Sandusky, Precinct 1",U.S. Senate,,REP,Mike Rogers,257
Sanilac,"City of Sandusky, Precinct 1",U.S. Senate,,REP,Sandy Pensler,29
Sanilac,"City of Sandusky, Precinct 1",U.S. Senate,,REP,Sherry O'Donnell,81
Sanilac,"City of Sandusky, Precinct 1",U.S. Senate,,REP,Write-In,1
Sanilac,"City of Sandusky, Precinct 1",U.S. Senate,,REP,Ballots Cast,401
Sanilac,"Custer Township, Precinct 1",U.S. Senate,,REP,Justin Amash,23
Sanilac,"Custer Township, Precinct 1",U.S. Senate,,REP,Mike Rogers,154
Sanilac,"Custer Township, Precinct 1",U.S. Senate,,REP,Sandy Pensler,18
Sanilac,"Custer Township, Precinct 1",U.S. Senate,,REP,Sherry O'Donnell,35
Sanilac,"Custer Township, Precinct 1",U.S. Senate,,REP,Ballots Cast,230
Sanilac,"Delaware Township, Precinct 1",U.S. Senate,,REP,Justin Amash,12
Sanilac,"Delaware Township, Precinct 1",U.S. Senate,,REP,Mike Rogers,99
Sanilac,"Delaware Township, Precinct 1",U.S. Senate,,REP,Sandy Pensler,7
Sanilac,"Delaware Township, Precinct 1",U.S. Senate,,REP,Sherry O'Donnell,31
Sanilac,"Delaware Township, Precinct 1",U.S. Senate,,REP,Write-In,1
Sanilac,"Delaware Township, Precinct 1",U.S. Senate,,REP,Ballots Cast,150
Sanilac,"Elk Township, Precinct 1",U.S. Senate,,REP,Justin Amash,16
Sanilac,"Elk Township, Precinct 1",U.S. Senate,,REP,Mike Rogers,133
Sanilac,"Elk Township, Precinct 1",U.S. Senate,,REP,Sandy Pensler,21
Sanilac,"Elk Township, Precinct 1",U.S. Senate,,REP,Sherry O'Donnell,51
Sanilac,"Elk Township, Precinct 1",U.S. Senate,,REP,Ballots Cast,221
Sanilac,"Elmer Township, Precinct 1",U.S. Senate,,REP,Justin Amash,5
Sanilac,"Elmer Township, Precinct 1",U.S. Senate,,REP,Mike Rogers,97
Sanilac,"Elmer Township, Precinct 1",U.S. Senate,,REP,Sandy Pensler,14
Sanilac,"Elmer Township, Precinct 1",U.S. Senate,,REP,Sherry O'Donnell,34
Sanilac,"Elmer Township, Precinct 1",U.S. Senate,,REP,Ballots Cast,150
Sanilac,"Evergreen Township, Precinct 1",U.S. Senate,,REP,Justin Amash,12
Sanilac,"Evergreen Township, Precinct 1",U.S. Senate,,REP,Mike Rogers,75
Sanilac,"Evergreen Township, Precinct 1",U.S. Senate,,REP,Sandy Pensler,5
Sanilac,"Evergreen Township, Precinct 1",U.S. Senate,,REP,Sherry O'Donnell,11
Sanilac,"Evergreen Township, Precinct 1",U.S. Senate,,REP,Write-In,1
Sanilac,"Evergreen Township, Precinct 1",U.S. Senate,,REP,Ballots Cast,104
Sanilac,"Flynn Township, Precinct 1",U.S. Senate,,REP,Justin Amash,10
Sanilac,"Flynn Township, Precinct 1",U.S. Senate,,REP,Mike Rogers,62
Sanilac,"Flynn Township, Precinct 1",U.S. Senate,,REP,Sandy Pensler,7
Sanilac,"Flynn Township, Precinct 1",U.S. Senate,,REP,Sherry O'Donnell,20
Sanilac,"Flynn Township, Precinct 1",U.S. Senate,,REP,Ballots Cast,99
Sanilac,"Forester Township, Precinct 1",U.S. Senate,,REP,Justin Amash,12
Sanilac,"Forester Township, Precinct 1",U.S. Senate,,REP,Mike Rogers,94
Sanilac,"Forester Township, Precinct 1",U.S. Senate,,REP,Sandy Pensler,24
Sanilac,"Forester Township, Precinct 1",U.S. Senate,,REP,Sherry O'Donnell,26
Sanilac,"Forester Township, Precinct 1",U.S. Senate,,REP,Ballots Cast,156
Sanilac,"Fremont Township, Precinct 1",U.S. Senate,,REP,Justin Amash,17
Sanilac,"Fremont Township, Precinct 1",U.S. Senate,,REP,Mike Rogers,86
Sanilac,"Fremont Township, Precinct 1",U.S. Senate,,REP,Sandy Pensler,11
Sanilac,"Fremont Township, Precinct 1",U.S. Senate,,REP,Sherry O'Donnell,24
Sanilac,"Fremont Township, Precinct 1",U.S. Senate,,REP,Ballots Cast,138
Sanilac,"Greenleaf Township, Precinct 1",U.S. Senate,,REP,Justin Amash,5
Sanilac,"Greenleaf Township, Precinct 1",U.S. Senate,,REP,Mike Rogers,51
Sanilac,"Greenleaf Township, Precinct 1",U.S. Senate,,REP,Sandy Pensler,3
Sanilac,"Greenleaf Township, Precinct 1",U.S. Senate,,REP,Sherry O'Donnell,5
Sanilac,"Greenleaf Township, Precinct 1",U.S. Senate,,REP,Ballots Cast,64
Sanilac,"Lamotte Township, Precinct 1",U.S. Senate,,REP,Justin Amash,10
Sanilac,"Lamotte Township, Precinct 1",U.S. Senate,,REP,Mike Rogers,77
Sanilac,"Lamotte Township, Precinct 1",U.S. Senate,,REP,Sandy Pensler,16
Sanilac,"Lamotte Township, Precinct 1",U.S. Senate,,REP,Sherry O'Donnell,17
Sanilac,"Lamotte Township, Precinct 1",U.S. Senate,,REP,Ballots Cast,120
Sanilac,"Lexington Township, Precinct 1",U.S. Senate,,REP,Justin Amash,35
Sanilac,"Lexington Township, Precinct 1",U.S. Senate,,REP,Mike Rogers,288
Sanilac,"Lexington Township, Precinct 1",U.S. Senate,,REP,Sandy Pensler,70
Sanilac,"Lexington Township, Precinct 1",U.S. Senate,,REP,Sherry O'Donnell,74
Sanilac,"Lexington Township, Precinct 1",U.S. Senate,,REP,Write-In,1
Sanilac,"Lexington Township, Precinct 1",U.S. Senate,,REP,Ballots Cast,468
Sanilac,"Maple Valley Township, Precinct 1",U.S. Senate,,REP,Justin Amash,7
Sanilac,"Maple Valley Township, Precinct 1",U.S. Senate,,REP,Mike Rogers,102
Sanilac,"Maple Valley Township, Precinct 1",U.S. Senate,,REP,Sandy Pensler,7
Sanilac,"Maple Valley Township, Precinct 1",U.S. Senate,,REP,Sherry O'Donnell,9
Sanilac,"Maple Valley Township, Precinct 1",U.S. Senate,,REP,Write-In,1
Sanilac,"Maple Valley Township, Precinct 1",U.S. Senate,,REP,Ballots Cast,126
Sanilac,"Marion Township, Precinct 1",U.S. Senate,,REP,Justin Amash,14
Sanilac,"Marion Township, Precinct 1",U.S. Senate,,REP,Mike Rogers,163
Sanilac,"Marion Township, Precinct 1",U.S. Senate,,REP,Sandy Pensler,15
Sanilac,"Marion Township, Precinct 1",U.S. Senate,,REP,Sherry O'Donnell,51
Sanilac,"Marion Township, Precinct 1",U.S. Senate,,REP,Write-In,3
Sanilac,"Marion Township, Precinct 1",U.S. Senate,,REP,Ballots Cast,246
Sanilac,"Marlette Township, Precinct 1",U.S. Senate,,REP,Justin Amash,10
Sanilac,"Marlette Township, Precinct 1",U.S. Senate,,REP,Mike Rogers,177
Sanilac,"Marlette Township, Precinct 1",U.S. Senate,,REP,Sandy Pensler,8
Sanilac,"Marlette Township, Precinct 1",U.S. Senate,,REP,Sherry O'Donnell,44
Sanilac,"Marlette Township, Precinct 1",U.S. Senate,,REP,Ballots Cast,239
Sanilac,"Minden Township, Precinct 1",U.S. Senate,,REP,Justin Amash,6
Sanilac,"Minden Township, Precinct 1",U.S. Senate,,REP,Mike Rogers,63
Sanilac,"Minden Township, Precinct 1",U.S. Senate,,REP,Sandy Pensler,5
Sanilac,"Minden Township, Precinct 1",U.S. Senate,,REP,Sherry O'Donnell,16
Sanilac,"Minden Township, Precinct 1",U.S. Senate,,REP,Write-In,1
Sanilac,"Minden Township, Precinct 1",U.S. Senate,,REP,Ballots Cast,91
Sanilac,"Moore Township, Precinct 1",U.S. Senate,,REP,Justin Amash,12
Sanilac,"Moore Township, Precinct 1",U.S. Senate,,REP,Mike Rogers,130
Sanilac,"Moore Township, Precinct 1",U.S. Senate,,REP,Sandy Pensler,7
Sanilac,"Moore Township, Precinct 1",U.S. Senate,,REP,Sherry O'Donnell,23
Sanilac,"Moore Township, Precinct 1",U.S. Senate,,REP,Ballots Cast,172
Sanilac,"Sanilac Township, Precinct 1",U.S. Senate,,REP,Justin Amash,39
Sanilac,"Sanilac Township, Precinct 1",U.S. Senate,,REP,Mike Rogers,245
Sanilac,"Sanilac Township, Precinct 1",U.S. Senate,,REP,Sandy Pensler,44
Sanilac,"Sanilac Township, Precinct 1",U.S. Senate,,REP,Sherry O'Donnell,50
Sanilac,"Sanilac Township, Precinct 1",U.S. Senate,,REP,Ballots Cast,378
Sanilac,"Speaker Township, Precinct 1",U.S. Senate,,REP,Justin Amash,17
Sanilac,"Speaker Township, Precinct 1",U.S. Senate,,REP,Mike Rogers,161
Sanilac,"Speaker Township, Precinct 1",U.S. Senate,,REP,Sandy Pensler,22
Sanilac,"Speaker Township, Precinct 1",U.S. Senate,,REP,Sherry O'Donnell,54
Sanilac,"Speaker Township, Precinct 1",U.S. Senate,,REP,Write-In,4
Sanilac,"Speaker Township, Precinct 1",U.S. Senate,,REP,Ballots Cast,258
Sanilac,"Washington Township, Precinct 1",U.S. Senate,,REP,Justin Amash,14
Sanilac,"Washington Township, Precinct 1",U.S. Senate,,REP,Mike Rogers,132
Sanilac,"Washington Township, Precinct 1",U.S. Senate,,REP,Sandy Pensler,32
Sanilac,"Washington Township, Precinct 1",U.S. Senate,,REP,Sherry O'Donnell,30
Sanilac,"Washington Township, Precinct 1",U.S. Senate,,REP,Write-In,1
Sanilac,"Washington Township, Precinct 1",U.S. Senate,,REP,Ballots Cast,209
Sanilac,"Watertown Township, Precinct 1",U.S. Senate,,REP,Justin Amash,19
Sanilac,"Watertown Township, Precinct 1",U.S. Senate,,REP,Mike Rogers,229
Sanilac,"Watertown Township, Precinct 1",U.S. Senate,,REP,Sandy Pensler,14
Sanilac,"Watertown Township, Precinct 1",U.S. Senate,,REP,Sherry O'Donnell,53
Sanilac,"Watertown Township, Precinct 1",U.S. Senate,,REP,Write-In,3
Sanilac,"Watertown Township, Precinct 1",U.S. Senate,,REP,Ballots Cast,318
Sanilac,"Wheatland Township, Precinct 1",U.S. Senate,,REP,Justin Amash,6
Sanilac,"Wheatland Township, Precinct 1",U.S. Senate,,REP,Mike Rogers,62
Sanilac,"Wheatland Township, Precinct 1",U.S. Senate,,REP,Sandy Pensler,2
Sanilac,"Wheatland Township, Precinct 1",U.S. Senate,,REP,Sherry O'Donnell,10
Sanilac,"Wheatland Township, Precinct 1",U.S. Senate,,REP,Ballots Cast,80
Sanilac,"Worth Township, Precinct 1",U.S. Senate,,REP,Justin Amash,49
Sanilac,"Worth Township, Precinct 1",U.S. Senate,,REP,Mike Rogers,368
Sanilac,"Worth Township, Precinct 1",U.S. Senate,,REP,Sandy Pensler,72
Sanilac,"Worth Township, Precinct 1",U.S. Senate,,REP,Sherry O'Donnell,81
Sanilac,"Worth Township, Precinct 1",U.S. Senate,,REP,Write-In,2
Sanilac,"Worth Township, Precinct 1",U.S. Senate,,REP,Ballots Cast,572
Sanilac,"Argyle Township, Precinct 1",U.S. House,9,REP,Lisa McClain,115
Sanilac,"Argyle Township, Precinct 1",U.S. House,9,REP,Ballots Cast,115
Sanilac,"Austin Township, Precinct 1",U.S. House,9,REP,Lisa McClain,64
Sanilac,"Austin Township, Precinct 1",U.S. House,9,REP,Ballots Cast,64
Sanilac,"Bridgehampton Township, Precinct 1",U.S. House,9,REP,Lisa McClain,86
Sanilac,"Bridgehampton Township, Precinct 1",U.S. House,9,REP,Write-In,1
Sanilac,"Bridgehampton Township, Precinct 1",U.S. House,9,REP,Ballots Cast,87
Sanilac,"Buel Township, Precinct 1",U.S. House,9,REP,Lisa McClain,191
Sanilac,"Buel Township, Precinct 1",U.S. House,9,REP,Write-In,1
Sanilac,"Buel Township, Precinct 1",U.S. House,9,REP,Ballots Cast,192
Sanilac,"City of Brown City, Precinct 1",U.S. House,9,REP,Lisa McClain,108
Sanilac,"City of Brown City, Precinct 1",U.S. House,9,REP,Ballots Cast,108
Sanilac,"City of Croswell, Precinct 1",U.S. House,9,REP,Lisa McClain,234
Sanilac,"City of Croswell, Precinct 1",U.S. House,9,REP,Write-In,1
Sanilac,"City of Croswell, Precinct 1",U.S. House,9,REP,Ballots Cast,235
Sanilac,"City of Marlette, Precinct 1",U.S. House,9,REP,Lisa McClain,166
Sanilac,"City of Marlette, Precinct 1",U.S. House,9,REP,Write-In,1
Sanilac,"City of Marlette, Precinct 1",U.S. House,9,REP,Ballots Cast,167
Sanilac,"City of Sandusky, Precinct 1",U.S. House,9,REP,Lisa McClain,400
Sanilac,"City of Sandusky, Precinct 1",U.S. House,9,REP,Write-In,1
Sanilac,"City of Sandusky, Precinct 1",U.S. House,9,REP,Ballots Cast,401
Sanilac,"Custer Township, Precinct 1",U.S. House,9,REP,Lisa McClain,224
Sanilac,"Custer Township, Precinct 1",U.S. House,9,REP,Write-In,2
Sanilac,"Custer Township, Precinct 1",U.S. House,9,REP,Ballots Cast,226
Sanilac,"Delaware Township, Precinct 1",U.S. House,9,REP,Lisa McClain,144
Sanilac,"Delaware Township, Precinct 1",U.S. House,9,REP,Write-In,1
Sanilac,"Delaware Township, Precinct 1",U.S. House,9,REP,Ballots Cast,145
Sanilac,"Elk Township, Precinct 1",U.S. House,9,REP,Lisa McClain,213
Sanilac,"Elk Township, Precinct 1",U.S. House,9,REP,Write-In,1
Sanilac,"Elk Township, Precinct 1",U.S. House,9,REP,Ballots Cast,214
Sanilac,"Elmer Township, Precinct 1",U.S. House,9,REP,Lisa McClain,146
Sanilac,"Elmer Township, Precinct 1",U.S. House,9,REP,Write-In,1
Sanilac,"Elmer Township, Precinct 1",U.S. House,9,REP,Ballots Cast,147
Sanilac,"Evergreen Township, Precinct 1",U.S. House,9,REP,Lisa McClain,108
Sanilac,"Evergreen Township, Precinct 1",U.S. House,9,REP,Ballots Cast,108
Sanilac,"Flynn Township, Precinct 1",U.S. House,9,REP,Lisa McClain,104
Sanilac,"Flynn Township, Precinct 1",U.S. House,9,REP,Ballots Cast,104
Sanilac,"Forester Township, Precinct 1",U.S. House,9,REP,Lisa McClain,151
Sanilac,"Forester Township, Precinct 1",U.S. House,9,REP,Ballots Cast,151
Sanilac,"Fremont Township, Precinct 1",U.S. House,9,REP,Lisa McClain,133
Sanilac,"Fremont Township, Precinct 1",U.S. House,9,REP,Write-In,1
Sanilac,"Fremont Township, Precinct 1",U.S. House,9,REP,Ballots Cast,134
Sanilac,"Greenleaf Township, Precinct 1",U.S. House,9,REP,Lisa McClain,65
Sanilac,"Greenleaf Township, Precinct 1",U.S. House,9,REP,Ballots Cast,65
Sanilac,"Lamotte Township, Precinct 1",U.S. House,9,REP,Lisa McClain,122
Sanilac,"Lamotte Township, Precinct 1",U.S. House,9,REP,Write-In,1
Sanilac,"Lamotte Township, Precinct 1",U.S. House,9,REP,Ballots Cast,123
Sanilac,"Lexington Township, Precinct 1",U.S. House,9,REP,Lisa McClain,454
Sanilac,"Lexington Township, Precinct 1",U.S. House,9,REP,Write-In,2
Sanilac,"Lexington Township, Precinct 1",U.S. House,9,REP,Ballots Cast,456
Sanilac,"Maple Valley Township, Precinct 1",U.S. House,9,REP,Lisa McClain,131
Sanilac,"Maple Valley Township, Precinct 1",U.S. House,9,REP,Write-In,1
Sanilac,"Maple Valley Township, Precinct 1",U.S. House,9,REP,Ballots Cast,132
Sanilac,"Marion Township, Precinct 1",U.S. House,9,REP,Lisa McClain,242
Sanilac,"Marion Township, Precinct 1",U.S. House,9,REP,Write-In,2
Sanilac,"Marion Township, Precinct 1",U.S. House,9,REP,Ballots Cast,244
Sanilac,"Marlette Township, Precinct 1",U.S. House,9,REP,Lisa McClain,238
Sanilac,"Marlette Township, Precinct 1",U.S. House,9,REP,Write-In,2
Sanilac,"Marlette Township, Precinct 1",U.S. House,9,REP,Ballots Cast,240
Sanilac,"Minden Township, Precinct 1",U.S. House,9,REP,Lisa McClain,88
Sanilac,"Minden Township, Precinct 1",U.S. House,9,REP,Write-In,1
Sanilac,"Minden Township, Precinct 1",U.S. House,9,REP,Ballots Cast,89
Sanilac,"Moore Township, Precinct 1",U.S. House,9,REP,Lisa McClain,182
Sanilac,"Moore Township, Precinct 1",U.S. House,9,REP,Ballots Cast,182
Sanilac,"Sanilac Township, Precinct 1",U.S. House,9,REP,Lisa McClain,362
Sanilac,"Sanilac Township, Precinct 1",U.S. House,9,REP,Write-In,4
Sanilac,"Sanilac Township, Precinct 1",U.S. House,9,REP,Ballots Cast,366
Sanilac,"Speaker Township, Precinct 1",U.S. House,9,REP,Lisa McClain,255
Sanilac,"Speaker Township, Precinct 1",U.S. House,9,REP,Write-In,3
Sanilac,"Speaker Township, Precinct 1",U.S. House,9,REP,Ballots Cast,258
Sanilac,"Washington Township, Precinct 1",U.S. House,9,REP,Lisa McClain,214
Sanilac,"Washington Township, Precinct 1",U.S. House,9,REP,Ballots Cast,214
Sanilac,"Watertown Township, Precinct 1",U.S. House,9,REP,Lisa McClain,323
Sanilac,"Watertown Township, Precinct 1",U.S. House,9,REP,Write-In,3
Sanilac,"Watertown Township, Precinct 1",U.S. House,9,REP,Ballots Cast,326
Sanilac,"Wheatland Township, Precinct 1",U.S. House,9,REP,Lisa McClain,78
Sanilac,"Wheatland Township, Precinct 1",U.S. House,9,REP,Ballots Cast,78
Sanilac,"Worth Township, Precinct 1",U.S. House,9,REP,Lisa McClain,547
Sanilac,"Worth Township, Precinct 1",U.S. House,9,REP,Write-In,2
Sanilac,"Worth Township, Precinct 1",U.S. House,9,REP,Ballots Cast,549
Sanilac,"Argyle Township, Precinct 1",State House,98,REP,Gregory L. Alexander,117
Sanilac,"Argyle Township, Precinct 1",State House,98,REP,Ballots Cast,117
Sanilac,"Austin Township, Precinct 1",State House,98,REP,Gregory L. Alexander,60
Sanilac,"Austin Township, Precinct 1",State House,98,REP,Ballots Cast,60
Sanilac,"Bridgehampton Township, Precinct 1",State House,98,REP,Gregory L. Alexander,82
Sanilac,"Bridgehampton Township, Precinct 1",State House,98,REP,Write-In,1
Sanilac,"Bridgehampton Township, Precinct 1",State House,98,REP,Ballots Cast,83
Sanilac,"Buel Township, Precinct 1",State House,98,REP,Gregory L. Alexander,178
Sanilac,"Buel Township, Precinct 1",State House,98,REP,Ballots Cast,178
Sanilac,"City of Brown City, Precinct 1",State House,98,REP,Gregory L. Alexander,106
Sanilac,"City of Brown City, Precinct 1",State House,98,REP,Ballots Cast,106
Sanilac,"City of Croswell, Precinct 1",State House,98,REP,Gregory L. Alexander,232
Sanilac,"City of Croswell, Precinct 1",State House,98,REP,Write-In,2
Sanilac,"City of Croswell, Precinct 1",State House,98,REP,Ballots Cast,234
Sanilac,"City of Marlette, Precinct 1",State House,98,REP,Gregory L. Alexander,163
Sanilac,"City of Marlette, Precinct 1",State House,98,REP,Write-In,1
Sanilac,"City of Marlette, Precinct 1",State House,98,REP,Ballots Cast,164
Sanilac,"City of Sandusky, Precinct 1",State House,98,REP,Gregory L. Alexander,394
Sanilac,"City of Sandusky, Precinct 1",State House,98,REP,Write-In,1
Sanilac,"City of Sandusky, Precinct 1",State House,98,REP,Ballots Cast,395
Sanilac,"Custer Township, Precinct 1",State House,98,REP,Gregory L. Alexander,232
Sanilac,"Custer Township, Precinct 1",State House,98,REP,Ballots Cast,232
Sanilac,"Delaware Township, Precinct 1",State House,98,REP,Gregory L. Alexander,141
Sanilac,"Delaware Township, Precinct 1",State House,98,REP,Write-In,1
Sanilac,"Delaware Township, Precinct 1",State House,98,REP,Ballots Cast,142
Sanilac,"Elk Township, Precinct 1",State House,98,REP,Gregory L. Alexander,207
Sanilac,"Elk Township, Precinct 1",State House,98,REP,Ballots Cast,207
Sanilac,"Elmer Township, Precinct 1",State House,98,REP,Gregory L. Alexander,140
Sanilac,"Elmer Township, Precinct 1",State House,98,REP,Ballots Cast,140
Sanilac,"Evergreen Township, Precinct 1",State House,98,REP,Gregory L. Alexander,107
Sanilac,"Evergreen Township, Precinct 1",State House,98,REP,Ballots Cast,107
Sanilac,"Flynn Township, Precinct 1",State House,98,REP,Gregory L. Alexander,108
Sanilac,"Flynn Township, Precinct 1",State House,98,REP,Ballots Cast,108
Sanilac,"Forester Township, Precinct 1",State House,98,REP,Gregory L. Alexander,147
Sanilac,"Forester Township, Precinct 1",State House,98,REP,Write-In,1
Sanilac,"Forester Township, Precinct 1",State House,98,REP,Ballots Cast,148
Sanilac,"Fremont Township, Precinct 1",State House,98,REP,Gregory L. Alexander,138
Sanilac,"Fremont Township, Precinct 1",State House,98,REP,Write-In,1
Sanilac,"Fremont Township, Precinct 1",State House,98,REP,Ballots Cast,139
Sanilac,"Greenleaf Township, Precinct 1",State House,98,REP,Gregory L. Alexander,65
Sanilac,"Greenleaf Township, Precinct 1",State House,98,REP,Ballots Cast,65
Sanilac,"Lamotte Township, Precinct 1",State House,98,REP,Gregory L. Alexander,115
Sanilac,"Lamotte Township, Precinct 1",State House,98,REP,Ballots Cast,115
Sanilac,"Lexington Township, Precinct 1",State House,98,REP,Gregory L. Alexander,430
Sanilac,"Lexington Township, Precinct 1",State House,98,REP,Write-In,2
Sanilac,"Lexington Township, Precinct 1",State House,98,REP,Ballots Cast,432
Sanilac,"Maple Valley Township, Precinct 1",State House,98,REP,Gregory L. Alexander,128
Sanilac,"Maple Valley Township, Precinct 1",State House,98,REP,Write-In,2
Sanilac,"Maple Valley Township, Precinct 1",State House,98,REP,Ballots Cast,130
Sanilac,"Marion Township, Precinct 1",State House,98,REP,Gregory L. Alexander,246
Sanilac,"Marion Township, Precinct 1",State House,98,REP,Ballots Cast,246
Sanilac,"Marlette Township, Precinct 1",State House,98,REP,Gregory L. Alexander,233
Sanilac,"Marlette Township, Precinct 1",State House,98,REP,Write-In,1
Sanilac,"Marlette Township, Precinct 1",State House,98,REP,Ballots Cast,234
Sanilac,"Minden Township, Precinct 1",State House,98,REP,Gregory L. Alexander,87
Sanilac,"Minden Township, Precinct 1",State House,98,REP,Ballots Cast,87
Sanilac,"Moore Township, Precinct 1",State House,98,REP,Gregory L. Alexander,177
Sanilac,"Moore Township, Precinct 1",State House,98,REP,Ballots Cast,177
Sanilac,"Sanilac Township, Precinct 1",State House,98,REP,Gregory L. Alexander,363
Sanilac,"Sanilac Township, Precinct 1",State House,98,REP,Write-In,3
Sanilac,"Sanilac Township, Precinct 1",State House,98,REP,Ballots Cast,366
Sanilac,"Speaker Township, Precinct 1",State House,98,REP,Gregory L. Alexander,253
Sanilac,"Speaker Township, Precinct 1",State House,98,REP,Write-In,4
Sanilac,"Speaker Township, Precinct 1",State House,98,REP,Ballots Cast,257
Sanilac,"Washington Township, Precinct 1",State House,98,REP,Gregory L. Alexander,206
Sanilac,"Washington Township, Precinct 1",State House,98,REP,Write-In,1
Sanilac,"Washington Township, Precinct 1",State House,98,REP,Ballots Cast,207
Sanilac,"Watertown Township, Precinct 1",State House,98,REP,Gregory L. Alexander,313
Sanilac,"Watertown Township, Precinct 1",State House,98,REP,Write-In,3
Sanilac,"Watertown Township, Precinct 1",State House,98,REP,Ballots Cast,316
Sanilac,"Wheatland Township, Precinct 1",State House,98,REP,Gregory L. Alexander,77
Sanilac,"Wheatland Township, Precinct 1",State House,98,REP,Ballots Cast,77
Sanilac,"Worth Township, Precinct 1",State House,64,REP,Dan Geiersbach,32
Sanilac,"Worth Township, Precinct 1",State House,64,REP,Gary R. Eisen,141
Sanilac,"Worth Township, Precinct 1",State House,64,REP,Jorja Baldwin,185
Sanilac,"Worth Township, Precinct 1",State House,64,REP,Joseph G. Pavlov,177
Sanilac,"Worth Township, Precinct 1",State House,64,REP,Ryan Maxon,33
Sanilac,"Worth Township, Precinct 1",State House,64,REP,Write-In,3
Sanilac,"Worth Township, Precinct 1",State House,64,REP,Ballots Cast,571
Sanilac,"Argyle Township, Precinct 1",Sanilac County Prosecuting Attorney,,REP,Mark E. Davidson,61
Sanilac,"Argyle Township, Precinct 1",Sanilac County Prosecuting Attorney,,REP,Robert D. Heyboer,68
Sanilac,"Argyle Township, Precinct 1",Sanilac County Prosecuting Attorney,,REP,Ballots Cast,129
Sanilac,"Austin Township, Precinct 1",Sanilac County Prosecuting Attorney,,REP,Mark E. Davidson,32
Sanilac,"Austin Township, Precinct 1",Sanilac County Prosecuting Attorney,,REP,Robert D. Heyboer,30
Sanilac,"Austin Township, Precinct 1",Sanilac County Prosecuting Attorney,,REP,Ballots Cast,62
Sanilac,"Bridgehampton Township, Precinct 1",Sanilac County Prosecuting Attorney,,REP,Mark E. Davidson,52
Sanilac,"Bridgehampton Township, Precinct 1",Sanilac County Prosecuting Attorney,,REP,Robert D. Heyboer,46
Sanilac,"Bridgehampton Township, Precinct 1",Sanilac County Prosecuting Attorney,,REP,Ballots Cast,98
Sanilac,"Buel Township, Precinct 1",Sanilac County Prosecuting Attorney,,REP,Mark E. Davidson,124
Sanilac,"Buel Township, Precinct 1",Sanilac County Prosecuting Attorney,,REP,Robert D. Heyboer,79
Sanilac,"Buel Township, Precinct 1",Sanilac County Prosecuting Attorney,,REP,Ballots Cast,203
Sanilac,"City of Brown City, Precinct 1",Sanilac County Prosecuting Attorney,,REP,Mark E. Davidson,74
Sanilac,"City of Brown City, Precinct 1",Sanilac County Prosecuting Attorney,,REP,Robert D. Heyboer,37
Sanilac,"City of Brown City, Precinct 1",Sanilac County Prosecuting Attorney,,REP,Ballots Cast,111
Sanilac,"City of Croswell, Precinct 1",Sanilac County Prosecuting Attorney,,REP,Mark E. Davidson,146
Sanilac,"City of Croswell, Precinct 1",Sanilac County Prosecuting Attorney,,REP,Robert D. Heyboer,102
Sanilac,"City of Croswell, Precinct 1",Sanilac County Prosecuting Attorney,,REP,Write-In,1
Sanilac,"City of Croswell, Precinct 1",Sanilac County Prosecuting Attorney,,REP,Ballots Cast,249
Sanilac,"City of Marlette, Precinct 1",Sanilac County Prosecuting Attorney,,REP,Mark E. Davidson,115
Sanilac,"City of Marlette, Precinct 1",Sanilac County Prosecuting Attorney,,REP,Robert D. Heyboer,57
Sanilac,"City of Marlette, Precinct 1",Sanilac County Prosecuting Attorney,,REP,Write-In,1
Sanilac,"City of Marlette, Precinct 1",Sanilac County Prosecuting Attorney,,REP,Ballots Cast,173
Sanilac,"City of Sandusky, Precinct 1",Sanilac County Prosecuting Attorney,,REP,Mark E. Davidson,244
Sanilac,"City of Sandusky, Precinct 1",Sanilac County Prosecuting Attorney,,REP,Robert D. Heyboer,209
Sanilac,"City of Sandusky, Precinct 1",Sanilac County Prosecuting Attorney,,REP,Ballots Cast,453
Sanilac,"Custer Township, Precinct 1",Sanilac County Prosecuting Attorney,,REP,Mark E. Davidson,155
Sanilac,"Custer Township, Precinct 1",Sanilac County Prosecuting Attorney,,REP,Robert D. Heyboer,104
Sanilac,"Custer Township, Precinct 1",Sanilac County Prosecuting Attorney,,REP,Ballots Cast,259
Sanilac,"Delaware Township, Precinct 1",Sanilac County Prosecuting Attorney,,REP,Mark E. Davidson,70
Sanilac,"Delaware Township, Precinct 1",Sanilac County Prosecuting Attorney,,REP,Robert D. Heyboer,81
Sanilac,"Delaware Township, Precinct 1",Sanilac County Prosecuting Attorney,,REP,Write-In,1
Sanilac,"Delaware Township, Precinct 1",Sanilac County Prosecuting Attorney,,REP,Ballots Cast,152
Sanilac,"Elk Township, Precinct 1",Sanilac County Prosecuting Attorney,,REP,Mark E. Davidson,151
Sanilac,"Elk Township, Precinct 1",Sanilac County Prosecuting Attorney,,REP,Robert D. Heyboer,88
Sanilac,"Elk Township, Precinct 1",Sanilac County Prosecuting Attorney,,REP,Ballots Cast,239
Sanilac,"Elmer Township, Precinct 1",Sanilac County Prosecuting Attorney,,REP,Mark E. Davidson,84
Sanilac,"Elmer Township, Precinct 1",Sanilac County Prosecuting Attorney,,REP,Robert D. Heyboer,74
Sanilac,"Elmer Township, Precinct 1",Sanilac County Prosecuting Attorney,,REP,Ballots Cast,158
Sanilac,"Evergreen Township, Precinct 1",Sanilac County Prosecuting Attorney,,REP,Mark E. Davidson,57
Sanilac,"Evergreen Township, Precinct 1",Sanilac County Prosecuting Attorney,,REP,Robert D. Heyboer,46
Sanilac,"Evergreen Township, Precinct 1",Sanilac County Prosecuting Attorney,,REP,Ballots Cast,103
Sanilac,"Flynn Township, Precinct 1",Sanilac County Prosecuting Attorney,,REP,Mark E. Davidson,73
Sanilac,"Flynn Township, Precinct 1",Sanilac County Prosecuting Attorney,,REP,Robert D. Heyboer,35
Sanilac,"Flynn Township, Precinct 1",Sanilac County Prosecuting Attorney,,REP,Ballots Cast,108
Sanilac,"Forester Township, Precinct 1",Sanilac County Prosecuting Attorney,,REP,Mark E. Davidson,79
Sanilac,"Forester Township, Precinct 1",Sanilac County Prosecuting Attorney,,REP,Robert D. Heyboer,88
Sanilac,"Forester Township, Precinct 1",Sanilac County Prosecuting Attorney,,REP,Ballots Cast,167
Sanilac,"Fremont Township, Precinct 1",Sanilac County Prosecuting Attorney,,REP,Mark E. Davidson,83
Sanilac,"Fremont Township, Precinct 1",Sanilac County Prosecuting Attorney,,REP,Robert D. Heyboer,65
Sanilac,"Fremont Township, Precinct 1",Sanilac County Prosecuting Attorney,,REP,Ballots Cast,148
Sanilac,"Greenleaf Township, Precinct 1",Sanilac County Prosecuting Attorney,,REP,Mark E. Davidson,28
Sanilac,"Greenleaf Township, Precinct 1",Sanilac County Prosecuting Attorney,,REP,Robert D. Heyboer,33
Sanilac,"Greenleaf Township, Precinct 1",Sanilac County Prosecuting Attorney,,REP,Ballots Cast,61
Sanilac,"Lamotte Township, Precinct 1",Sanilac County Prosecuting Attorney,,REP,Mark E. Davidson,71
Sanilac,"Lamotte Township, Precinct 1",Sanilac County Prosecuting Attorney,,REP,Robert D. Heyboer,55
Sanilac,"Lamotte Township, Precinct 1",Sanilac County Prosecuting Attorney,,REP,Ballots Cast,126
Sanilac,"Lexington Township, Precinct 1",Sanilac County Prosecuting Attorney,,REP,Mark E. Davidson,303
Sanilac,"Lexington Township, Precinct 1",Sanilac County Prosecuting Attorney,,REP,Robert D. Heyboer,199
Sanilac,"Lexington Township, Precinct 1",Sanilac County Prosecuting Attorney,,REP,Ballots Cast,502
Sanilac,"Maple Valley Township, Precinct 1",Sanilac County Prosecuting Attorney,,REP,Mark E. Davidson,86
Sanilac,"Maple Valley Township, Precinct 1",Sanilac County Prosecuting Attorney,,REP,Robert D. Heyboer,48
Sanilac,"Maple Valley Township, Precinct 1",Sanilac County Prosecuting Attorney,,REP,Write-In,1
Sanilac,"Maple Valley Township, Precinct 1",Sanilac County Prosecuting Attorney,,REP,Ballots Cast,135
Sanilac,"Marion Township, Precinct 1",Sanilac County Prosecuting Attorney,,REP,Mark E. Davidson,87
Sanilac,"Marion Township, Precinct 1",Sanilac County Prosecuting Attorney,,REP,Robert D. Heyboer,191
Sanilac,"Marion Township, Precinct 1",Sanilac County Prosecuting Attorney,,REP,Ballots Cast,278
Sanilac,"Marlette Township, Precinct 1",Sanilac County Prosecuting Attorney,,REP,Mark E. Davidson,131
Sanilac,"Marlette Township, Precinct 1",Sanilac County Prosecuting Attorney,,REP,Robert D. Heyboer,106
Sanilac,"Marlette Township, Precinct 1",Sanilac County Prosecuting Attorney,,REP,Write-In,2
Sanilac,"Marlette Township, Precinct 1",Sanilac County Prosecuting Attorney,,REP,Ballots Cast,239
Sanilac,"Minden Township, Precinct 1",Sanilac County Prosecuting Attorney,,REP,Mark E. Davidson,34
Sanilac,"Minden Township, Precinct 1",Sanilac County Prosecuting Attorney,,REP,Robert D. Heyboer,73
Sanilac,"Minden Township, Precinct 1",Sanilac County Prosecuting Attorney,,REP,Ballots Cast,107
Sanilac,"Moore Township, Precinct 1",Sanilac County Prosecuting Attorney,,REP,Mark E. Davidson,133
Sanilac,"Moore Township, Precinct 1",Sanilac County Prosecuting Attorney,,REP,Robert D. Heyboer,64
Sanilac,"Moore Township, Precinct 1",Sanilac County Prosecuting Attorney,,REP,Ballots Cast,197
Sanilac,"Sanilac Township, Precinct 1",Sanilac County Prosecuting Attorney,,REP,Mark E. Davidson,238
Sanilac,"Sanilac Township, Precinct 1",Sanilac County Prosecuting Attorney,,REP,Robert D. Heyboer,167
Sanilac,"Sanilac Township, Precinct 1",Sanilac County Prosecuting Attorney,,REP,Ballots Cast,405
Sanilac,"Speaker Township, Precinct 1",Sanilac County Prosecuting Attorney,,REP,Mark E. Davidson,166
Sanilac,"Speaker Township, Precinct 1",Sanilac County Prosecuting Attorney,,REP,Robert D. Heyboer,103
Sanilac,"Speaker Township, Precinct 1",Sanilac County Prosecuting Attorney,,REP,Write-In,2
Sanilac,"Speaker Township, Precinct 1",Sanilac County Prosecuting Attorney,,REP,Ballots Cast,271
Sanilac,"Washington Township, Precinct 1",Sanilac County Prosecuting Attorney,,REP,Mark E. Davidson,140
Sanilac,"Washington Township, Precinct 1",Sanilac County Prosecuting Attorney,,REP,Robert D. Heyboer,87
Sanilac,"Washington Township, Precinct 1",Sanilac County Prosecuting Attorney,,REP,Ballots Cast,227
Sanilac,"Watertown Township, Precinct 1",Sanilac County Prosecuting Attorney,,REP,Mark E. Davidson,213
Sanilac,"Watertown Township, Precinct 1",Sanilac County Prosecuting Attorney,,REP,Robert D. Heyboer,137
Sanilac,"Watertown Township, Precinct 1",Sanilac County Prosecuting Attorney,,REP,Ballots Cast,350
Sanilac,"Wheatland Township, Precinct 1",Sanilac County Prosecuting Attorney,,REP,Mark E. Davidson,35
Sanilac,"Wheatland Township, Precinct 1",Sanilac County Prosecuting Attorney,,REP,Robert D. Heyboer,52
Sanilac,"Wheatland Township, Precinct 1",Sanilac County Prosecuting Attorney,,REP,Ballots Cast,87
Sanilac,"Worth Township, Precinct 1",Sanilac County Prosecuting Attorney,,REP,Mark E. Davidson,284
Sanilac,"Worth Township, Precinct 1",Sanilac County Prosecuting Attorney,,REP,Robert D. Heyboer,311
Sanilac,"Worth Township, Precinct 1",Sanilac County Prosecuting Attorney,,REP,Write-In,1
Sanilac,"Worth Township, Precinct 1",Sanilac County Prosecuting Attorney,,REP,Ballots Cast,596
Sanilac,"City of Brown City, Precinct 1",Lapeer County Prosecuting Attorney,,REP,Ballots Cast,0
Sanilac,"Argyle Township, Precinct 1",Sanilac County Sheriff,,REP,Paul D. Rich,119
Sanilac,"Argyle Township, Precinct 1",Sanilac County Sheriff,,REP,Ballots Cast,119
Sanilac,"Austin Township, Precinct 1",Sanilac County Sheriff,,REP,Paul D. Rich,62
Sanilac,"Austin Township, Precinct 1",Sanilac County Sheriff,,REP,Ballots Cast,62
Sanilac,"Bridgehampton Township, Precinct 1",Sanilac County Sheriff,,REP,Paul D. Rich,93
Sanilac,"Bridgehampton Township, Precinct 1",Sanilac County Sheriff,,REP,Ballots Cast,93
Sanilac,"Buel Township, Precinct 1",Sanilac County Sheriff,,REP,Paul D. Rich,189
Sanilac,"Buel Township, Precinct 1",Sanilac County Sheriff,,REP,Ballots Cast,189
Sanilac,"City of Brown City, Precinct 1",Sanilac County Sheriff,,REP,Paul D. Rich,109
Sanilac,"City of Brown City, Precinct 1",Sanilac County Sheriff,,REP,Ballots Cast,109
Sanilac,"City of Croswell, Precinct 1",Sanilac County Sheriff,,REP,Paul D. Rich,236
Sanilac,"City of Croswell, Precinct 1",Sanilac County Sheriff,,REP,Write-In,1
Sanilac,"City of Croswell, Precinct 1",Sanilac County Sheriff,,REP,Ballots Cast,237
Sanilac,"City of Marlette, Precinct 1",Sanilac County Sheriff,,REP,Paul D. Rich,168
Sanilac,"City of Marlette, Precinct 1",Sanilac County Sheriff,,REP,Write-In,2
Sanilac,"City of Marlette, Precinct 1",Sanilac County Sheriff,,REP,Ballots Cast,170
Sanilac,"City of Sandusky, Precinct 1",Sanilac County Sheriff,,REP,Paul D. Rich,417
Sanilac,"City of Sandusky, Precinct 1",Sanilac County Sheriff,,REP,Ballots Cast,417
Sanilac,"Custer Township, Precinct 1",Sanilac County Sheriff,,REP,Paul D. Rich,248
Sanilac,"Custer Township, Precinct 1",Sanilac County Sheriff,,REP,Write-In,1
Sanilac,"Custer Township, Precinct 1",Sanilac County Sheriff,,REP,Ballots Cast,249
Sanilac,"Delaware Township, Precinct 1",Sanilac County Sheriff,,REP,Paul D. Rich,140
Sanilac,"Delaware Township, Precinct 1",Sanilac County Sheriff,,REP,Write-In,2
Sanilac,"Delaware Township, Precinct 1",Sanilac County Sheriff,,REP,Ballots Cast,142
Sanilac,"Elk Township, Precinct 1",Sanilac County Sheriff,,REP,Paul D. Rich,222
Sanilac,"Elk Township, Precinct 1",Sanilac County Sheriff,,REP,Write-In,1
Sanilac,"Elk Township, Precinct 1",Sanilac County Sheriff,,REP,Ballots Cast,223
Sanilac,"Elmer Township, Precinct 1",Sanilac County Sheriff,,REP,Paul D. Rich,149
Sanilac,"Elmer Township, Precinct 1",Sanilac County Sheriff,,REP,Write-In,1
Sanilac,"Elmer Township, Precinct 1",Sanilac County Sheriff,,REP,Ballots Cast,150
Sanilac,"Evergreen Township, Precinct 1",Sanilac County Sheriff,,REP,Paul D. Rich,107
Sanilac,"Evergreen Township, Precinct 1",Sanilac County Sheriff,,REP,Write-In,1
Sanilac,"Evergreen Township, Precinct 1",Sanilac County Sheriff,,REP,Ballots Cast,108
Sanilac,"Flynn Township, Precinct 1",Sanilac County Sheriff,,REP,Paul D. Rich,104
Sanilac,"Flynn Township, Precinct 1",Sanilac County Sheriff,,REP,Ballots Cast,104
Sanilac,"Forester Township, Precinct 1",Sanilac County Sheriff,,REP,Paul D. Rich,153
Sanilac,"Forester Township, Precinct 1",Sanilac County Sheriff,,REP,Ballots Cast,153
Sanilac,"Fremont Township, Precinct 1",Sanilac County Sheriff,,REP,Paul D. Rich,143
Sanilac,"Fremont Township, Precinct 1",Sanilac County Sheriff,,REP,Ballots Cast,143
Sanilac,"Greenleaf Township, Precinct 1",Sanilac County Sheriff,,REP,Paul D. Rich,59
Sanilac,"Greenleaf Township, Precinct 1",Sanilac County Sheriff,,REP,Ballots Cast,59
Sanilac,"Lamotte Township, Precinct 1",Sanilac County Sheriff,,REP,Paul D. Rich,113
Sanilac,"Lamotte Township, Precinct 1",Sanilac County Sheriff,,REP,Ballots Cast,113
Sanilac,"Lexington Township, Precinct 1",Sanilac County Sheriff,,REP,Paul D. Rich,449
Sanilac,"Lexington Township, Precinct 1",Sanilac County Sheriff,,REP,Write-In,4
Sanilac,"Lexington Township, Precinct 1",Sanilac County Sheriff,,REP,Ballots Cast,453
Sanilac,"Maple Valley Township, Precinct 1",Sanilac County Sheriff,,REP,Paul D. Rich,131
Sanilac,"Maple Valley Township, Precinct 1",Sanilac County Sheriff,,REP,Write-In,1
Sanilac,"Maple Valley Township, Precinct 1",Sanilac County Sheriff,,REP,Ballots Cast,132
Sanilac,"Marion Township, Precinct 1",Sanilac County Sheriff,,REP,Paul D. Rich,250
Sanilac,"Marion Township, Precinct 1",Sanilac County Sheriff,,REP,Write-In,2
Sanilac,"Marion Township, Precinct 1",Sanilac County Sheriff,,REP,Ballots Cast,252
Sanilac,"Marlette Township, Precinct 1",Sanilac County Sheriff,,REP,Paul D. Rich,232
Sanilac,"Marlette Township, Precinct 1",Sanilac County Sheriff,,REP,Write-In,1
Sanilac,"Marlette Township, Precinct 1",Sanilac County Sheriff,,REP,Ballots Cast,233
Sanilac,"Minden Township, Precinct 1",Sanilac County Sheriff,,REP,Paul D. Rich,93
Sanilac,"Minden Township, Precinct 1",Sanilac County Sheriff,,REP,Ballots Cast,93
Sanilac,"Moore Township, Precinct 1",Sanilac County Sheriff,,REP,Paul D. Rich,185
Sanilac,"Moore Township, Precinct 1",Sanilac County Sheriff,,REP,Ballots Cast,185
Sanilac,"Sanilac Township, Precinct 1",Sanilac County Sheriff,,REP,Paul D. Rich,384
Sanilac,"Sanilac Township, Precinct 1",Sanilac County Sheriff,,REP,Write-In,2
Sanilac,"Sanilac Township, Precinct 1",Sanilac County Sheriff,,REP,Ballots Cast,386
Sanilac,"Speaker Township, Precinct 1",Sanilac County Sheriff,,REP,Paul D. Rich,248
Sanilac,"Speaker Township, Precinct 1",Sanilac County Sheriff,,REP,Write-In,4
Sanilac,"Speaker Township, Precinct 1",Sanilac County Sheriff,,REP,Ballots Cast,252
Sanilac,"Washington Township, Precinct 1",Sanilac County Sheriff,,REP,Paul D. Rich,212
Sanilac,"Washington Township, Precinct 1",Sanilac County Sheriff,,REP,Ballots Cast,212
Sanilac,"Watertown Township, Precinct 1",Sanilac County Sheriff,,REP,Paul D. Rich,332
Sanilac,"Watertown Township, Precinct 1",Sanilac County Sheriff,,REP,Ballots Cast,332
Sanilac,"Wheatland Township, Precinct 1",Sanilac County Sheriff,,REP,Paul D. Rich,81
Sanilac,"Wheatland Township, Precinct 1",Sanilac County Sheriff,,REP,Write-In,1
Sanilac,"Wheatland Township, Precinct 1",Sanilac County Sheriff,,REP,Ballots Cast,82
Sanilac,"Worth Township, Precinct 1",Sanilac County Sheriff,,REP,Paul D. Rich,536
Sanilac,"Worth Township, Precinct 1",Sanilac County Sheriff,,REP,Write-In,5
Sanilac,"Worth Township, Precinct 1",Sanilac County Sheriff,,REP,Ballots Cast,541
Sanilac,"City of Brown City, Precinct 1",Lapeer County Sheriff,,REP,Ballots Cast,0
Sanilac,"Argyle Township, Precinct 1",Sanilac County Clerk,,REP,Leslie A. Hilgendorf,114
Sanilac,"Argyle Township, Precinct 1",Sanilac County Clerk,,REP,Ballots Cast,114
Sanilac,"Austin Township, Precinct 1",Sanilac County Clerk,,REP,Leslie A. Hilgendorf,60
Sanilac,"Austin Township, Precinct 1",Sanilac County Clerk,,REP,Ballots Cast,60
Sanilac,"Bridgehampton Township, Precinct 1",Sanilac County Clerk,,REP,Leslie A. Hilgendorf,86
Sanilac,"Bridgehampton Township, Precinct 1",Sanilac County Clerk,,REP,Ballots Cast,86
Sanilac,"Buel Township, Precinct 1",Sanilac County Clerk,,REP,Leslie A. Hilgendorf,180
Sanilac,"Buel Township, Precinct 1",Sanilac County Clerk,,REP,Write-In,1
Sanilac,"Buel Township, Precinct 1",Sanilac County Clerk,,REP,Ballots Cast,181
Sanilac,"City of Brown City, Precinct 1",Sanilac County Clerk,,REP,Leslie A. Hilgendorf,111
Sanilac,"City of Brown City, Precinct 1",Sanilac County Clerk,,REP,Ballots Cast,111
Sanilac,"City of Croswell, Precinct 1",Sanilac County Clerk,,REP,Leslie A. Hilgendorf,230
Sanilac,"City of Croswell, Precinct 1",Sanilac County Clerk,,REP,Ballots Cast,230
Sanilac,"City of Marlette, Precinct 1",Sanilac County Clerk,,REP,Leslie A. Hilgendorf,163
Sanilac,"City of Marlette, Precinct 1",Sanilac County Clerk,,REP,Write-In,1
Sanilac,"City of Marlette, Precinct 1",Sanilac County Clerk,,REP,Ballots Cast,164
Sanilac,"City of Sandusky, Precinct 1",Sanilac County Clerk,,REP,Leslie A. Hilgendorf,399
Sanilac,"City of Sandusky, Precinct 1",Sanilac County Clerk,,REP,Ballots Cast,399
Sanilac,"Custer Township, Precinct 1",Sanilac County Clerk,,REP,Leslie A. Hilgendorf,233
Sanilac,"Custer Township, Precinct 1",Sanilac County Clerk,,REP,Ballots Cast,233
Sanilac,"Delaware Township, Precinct 1",Sanilac County Clerk,,REP,Leslie A. Hilgendorf,138
Sanilac,"Delaware Township, Precinct 1",Sanilac County Clerk,,REP,Write-In,1
Sanilac,"Delaware Township, Precinct 1",Sanilac County Clerk,,REP,Ballots Cast,139
Sanilac,"Elk Township, Precinct 1",Sanilac County Clerk,,REP,Leslie A. Hilgendorf,212
Sanilac,"Elk Township, Precinct 1",Sanilac County Clerk,,REP,Ballots Cast,212
Sanilac,"Elmer Township, Precinct 1",Sanilac County Clerk,,REP,Leslie A. Hilgendorf,141
Sanilac,"Elmer Township, Precinct 1",Sanilac County Clerk,,REP,Ballots Cast,141
Sanilac,"Evergreen Township, Precinct 1",Sanilac County Clerk,,REP,Leslie A. Hilgendorf,107
Sanilac,"Evergreen Township, Precinct 1",Sanilac County Clerk,,REP,Ballots Cast,107
Sanilac,"Flynn Township, Precinct 1",Sanilac County Clerk,,REP,Leslie A. Hilgendorf,104
Sanilac,"Flynn Township, Precinct 1",Sanilac County Clerk,,REP,Write-In,1
Sanilac,"Flynn Township, Precinct 1",Sanilac County Clerk,,REP,Ballots Cast,105
Sanilac,"Forester Township, Precinct 1",Sanilac County Clerk,,REP,Leslie A. Hilgendorf,146
Sanilac,"Forester Township, Precinct 1",Sanilac County Clerk,,REP,Ballots Cast,146
Sanilac,"Fremont Township, Precinct 1",Sanilac County Clerk,,REP,Leslie A. Hilgendorf,138
Sanilac,"Fremont Township, Precinct 1",Sanilac County Clerk,,REP,Ballots Cast,138
Sanilac,"Greenleaf Township, Precinct 1",Sanilac County Clerk,,REP,Leslie A. Hilgendorf,60
Sanilac,"Greenleaf Township, Precinct 1",Sanilac County Clerk,,REP,Ballots Cast,60
Sanilac,"Lamotte Township, Precinct 1",Sanilac County Clerk,,REP,Leslie A. Hilgendorf,114
Sanilac,"Lamotte Township, Precinct 1",Sanilac County Clerk,,REP,Ballots Cast,114
Sanilac,"Lexington Township, Precinct 1",Sanilac County Clerk,,REP,Leslie A. Hilgendorf,432
Sanilac,"Lexington Township, Precinct 1",Sanilac County Clerk,,REP,Write-In,1
Sanilac,"Lexington Township, Precinct 1",Sanilac County Clerk,,REP,Ballots Cast,433
Sanilac,"Maple Valley Township, Precinct 1",Sanilac County Clerk,,REP,Leslie A. Hilgendorf,132
Sanilac,"Maple Valley Township, Precinct 1",Sanilac County Clerk,,REP,Write-In,1
Sanilac,"Maple Valley Township, Precinct 1",Sanilac County Clerk,,REP,Ballots Cast,133
Sanilac,"Marion Township, Precinct 1",Sanilac County Clerk,,REP,Leslie A. Hilgendorf,242
Sanilac,"Marion Township, Precinct 1",Sanilac County Clerk,,REP,Write-In,1
Sanilac,"Marion Township, Precinct 1",Sanilac County Clerk,,REP,Ballots Cast,243
Sanilac,"Marlette Township, Precinct 1",Sanilac County Clerk,,REP,Leslie A. Hilgendorf,223
Sanilac,"Marlette Township, Precinct 1",Sanilac County Clerk,,REP,Write-In,1
Sanilac,"Marlette Township, Precinct 1",Sanilac County Clerk,,REP,Ballots Cast,224
Sanilac,"Minden Township, Precinct 1",Sanilac County Clerk,,REP,Leslie A. Hilgendorf,88
Sanilac,"Minden Township, Precinct 1",Sanilac County Clerk,,REP,Ballots Cast,88
Sanilac,"Moore Township, Precinct 1",Sanilac County Clerk,,REP,Leslie A. Hilgendorf,172
Sanilac,"Moore Township, Precinct 1",Sanilac County Clerk,,REP,Ballots Cast,172
Sanilac,"Sanilac Township, Precinct 1",Sanilac County Clerk,,REP,Leslie A. Hilgendorf,371
Sanilac,"Sanilac Township, Precinct 1",Sanilac County Clerk,,REP,Ballots Cast,371
Sanilac,"Speaker Township, Precinct 1",Sanilac County Clerk,,REP,Leslie A. Hilgendorf,246
Sanilac,"Speaker Township, Precinct 1",Sanilac County Clerk,,REP,Write-In,1
Sanilac,"Speaker Township, Precinct 1",Sanilac County Clerk,,REP,Ballots Cast,247
Sanilac,"Washington Township, Precinct 1",Sanilac County Clerk,,REP,Leslie A. Hilgendorf,202
Sanilac,"Washington Township, Precinct 1",Sanilac County Clerk,,REP,Write-In,1
Sanilac,"Washington Township, Precinct 1",Sanilac County Clerk,,REP,Ballots Cast,203
Sanilac,"Watertown Township, Precinct 1",Sanilac County Clerk,,REP,Leslie A. Hilgendorf,310
Sanilac,"Watertown Township, Precinct 1",Sanilac County Clerk,,REP,Ballots Cast,310
Sanilac,"Wheatland Township, Precinct 1",Sanilac County Clerk,,REP,Leslie A. Hilgendorf,78
Sanilac,"Wheatland Township, Precinct 1",Sanilac County Clerk,,REP,Ballots Cast,78
Sanilac,"Worth Township, Precinct 1",Sanilac County Clerk,,REP,Leslie A. Hilgendorf,498
Sanilac,"Worth Township, Precinct 1",Sanilac County Clerk,,REP,Write-In,5
Sanilac,"Worth Township, Precinct 1",Sanilac County Clerk,,REP,Ballots Cast,503
Sanilac,"City of Brown City, Precinct 1",Lapeer County Clerk,,REP,Ballots Cast,0
Sanilac,"Argyle Township, Precinct 1",Sanilac County Treasurer,,REP,Trudy M. Bowers,117
Sanilac,"Argyle Township, Precinct 1",Sanilac County Treasurer,,REP,Ballots Cast,117
Sanilac,"Austin Township, Precinct 1",Sanilac County Treasurer,,REP,Trudy M. Bowers,59
Sanilac,"Austin Township, Precinct 1",Sanilac County Treasurer,,REP,Ballots Cast,59
Sanilac,"Bridgehampton Township, Precinct 1",Sanilac County Treasurer,,REP,Trudy M. Bowers,87
Sanilac,"Bridgehampton Township, Precinct 1",Sanilac County Treasurer,,REP,Ballots Cast,87
Sanilac,"Buel Township, Precinct 1",Sanilac County Treasurer,,REP,Trudy M. Bowers,188
Sanilac,"Buel Township, Precinct 1",Sanilac County Treasurer,,REP,Ballots Cast,188
Sanilac,"City of Brown City, Precinct 1",Sanilac County Treasurer,,REP,Trudy M. Bowers,110
Sanilac,"City of Brown City, Precinct 1",Sanilac County Treasurer,,REP,Ballots Cast,110
Sanilac,"City of Croswell, Precinct 1",Sanilac County Treasurer,,REP,Trudy M. Bowers,227
Sanilac,"City of Croswell, Precinct 1",Sanilac County Treasurer,,REP,Ballots Cast,227
Sanilac,"City of Marlette, Precinct 1",Sanilac County Treasurer,,REP,Trudy M. Bowers,166
Sanilac,"City of Marlette, Precinct 1",Sanilac County Treasurer,,REP,Write-In,1
Sanilac,"City of Marlette, Precinct 1",Sanilac County Treasurer,,REP,Ballots Cast,167
Sanilac,"City of Sandusky, Precinct 1",Sanilac County Treasurer,,REP,Trudy M. Bowers,404
Sanilac,"City of Sandusky, Precinct 1",Sanilac County Treasurer,,REP,Ballots Cast,404
Sanilac,"Custer Township, Precinct 1",Sanilac County Treasurer,,REP,Trudy M. Bowers,237
Sanilac,"Custer Township, Precinct 1",Sanilac County Treasurer,,REP,Ballots Cast,237
Sanilac,"Delaware Township, Precinct 1",Sanilac County Treasurer,,REP,Trudy M. Bowers,137
Sanilac,"Delaware Township, Precinct 1",Sanilac County Treasurer,,REP,Write-In,1
Sanilac,"Delaware Township, Precinct 1",Sanilac County Treasurer,,REP,Ballots Cast,138
Sanilac,"Elk Township, Precinct 1",Sanilac County Treasurer,,REP,Trudy M. Bowers,213
Sanilac,"Elk Township, Precinct 1",Sanilac County Treasurer,,REP,Ballots Cast,213
Sanilac,"Elmer Township, Precinct 1",Sanilac County Treasurer,,REP,Trudy M. Bowers,139
Sanilac,"Elmer Township, Precinct 1",Sanilac County Treasurer,,REP,Write-In,1
Sanilac,"Elmer Township, Precinct 1",Sanilac County Treasurer,,REP,Ballots Cast,140
Sanilac,"Evergreen Township, Precinct 1",Sanilac County Treasurer,,REP,Trudy M. Bowers,106
Sanilac,"Evergreen Township, Precinct 1",Sanilac County Treasurer,,REP,Ballots Cast,106
Sanilac,"Flynn Township, Precinct 1",Sanilac County Treasurer,,REP,Trudy M. Bowers,106
Sanilac,"Flynn Township, Precinct 1",Sanilac County Treasurer,,REP,Ballots Cast,106
Sanilac,"Forester Township, Precinct 1",Sanilac County Treasurer,,REP,Trudy M. Bowers,149
Sanilac,"Forester Township, Precinct 1",Sanilac County Treasurer,,REP,Ballots Cast,149
Sanilac,"Fremont Township, Precinct 1",Sanilac County Treasurer,,REP,Trudy M. Bowers,137
Sanilac,"Fremont Township, Precinct 1",Sanilac County Treasurer,,REP,Write-In,1
Sanilac,"Fremont Township, Precinct 1",Sanilac County Treasurer,,REP,Ballots Cast,138
Sanilac,"Greenleaf Township, Precinct 1",Sanilac County Treasurer,,REP,Trudy M. Bowers,60
Sanilac,"Greenleaf Township, Precinct 1",Sanilac County Treasurer,,REP,Ballots Cast,60
Sanilac,"Lamotte Township, Precinct 1",Sanilac County Treasurer,,REP,Trudy M. Bowers,121
Sanilac,"Lamotte Township, Precinct 1",Sanilac County Treasurer,,REP,Ballots Cast,121
Sanilac,"Lexington Township, Precinct 1",Sanilac County Treasurer,,REP,Trudy M. Bowers,433
Sanilac,"Lexington Township, Precinct 1",Sanilac County Treasurer,,REP,Ballots Cast,433
Sanilac,"Maple Valley Township, Precinct 1",Sanilac County Treasurer,,REP,Trudy M. Bowers,131
Sanilac,"Maple Valley Township, Precinct 1",Sanilac County Treasurer,,REP,Write-In,2
Sanilac,"Maple Valley Township, Precinct 1",Sanilac County Treasurer,,REP,Ballots Cast,133
Sanilac,"Marion Township, Precinct 1",Sanilac County Treasurer,,REP,Trudy M. Bowers,244
Sanilac,"Marion Township, Precinct 1",Sanilac County Treasurer,,REP,Ballots Cast,244
Sanilac,"Marlette Township, Precinct 1",Sanilac County Treasurer,,REP,Trudy M. Bowers,231
Sanilac,"Marlette Township, Precinct 1",Sanilac County Treasurer,,REP,Ballots Cast,231
Sanilac,"Minden Township, Precinct 1",Sanilac County Treasurer,,REP,Trudy M. Bowers,89
Sanilac,"Minden Township, Precinct 1",Sanilac County Treasurer,,REP,Write-In,1
Sanilac,"Minden Township, Precinct 1",Sanilac County Treasurer,,REP,Ballots Cast,90
Sanilac,"Moore Township, Precinct 1",Sanilac County Treasurer,,REP,Trudy M. Bowers,174
Sanilac,"Moore Township, Precinct 1",Sanilac County Treasurer,,REP,Write-In,1
Sanilac,"Moore Township, Precinct 1",Sanilac County Treasurer,,REP,Ballots Cast,175
Sanilac,"Sanilac Township, Precinct 1",Sanilac County Treasurer,,REP,Trudy M. Bowers,371
Sanilac,"Sanilac Township, Precinct 1",Sanilac County Treasurer,,REP,Ballots Cast,371
Sanilac,"Speaker Township, Precinct 1",Sanilac County Treasurer,,REP,Trudy M. Bowers,245
Sanilac,"Speaker Township, Precinct 1",Sanilac County Treasurer,,REP,Write-In,1
Sanilac,"Speaker Township, Precinct 1",Sanilac County Treasurer,,REP,Ballots Cast,246
Sanilac,"Washington Township, Precinct 1",Sanilac County Treasurer,,REP,Trudy M. Bowers,208
Sanilac,"Washington Township, Precinct 1",Sanilac County Treasurer,,REP,Ballots Cast,208
Sanilac,"Watertown Township, Precinct 1",Sanilac County Treasurer,,REP,Trudy M. Bowers,315
Sanilac,"Watertown Township, Precinct 1",Sanilac County Treasurer,,REP,Ballots Cast,315
Sanilac,"Wheatland Township, Precinct 1",Sanilac County Treasurer,,REP,Trudy M. Bowers,80
Sanilac,"Wheatland Township, Precinct 1",Sanilac County Treasurer,,REP,Ballots Cast,80
Sanilac,"Worth Township, Precinct 1",Sanilac County Treasurer,,REP,Trudy M. Bowers,501
Sanilac,"Worth Township, Precinct 1",Sanilac County Treasurer,,REP,Write-In,4
Sanilac,"Worth Township, Precinct 1",Sanilac County Treasurer,,REP,Ballots Cast,505
Sanilac,"City of Brown City, Precinct 1",Lapeer County Treasurer,,REP,Ballots Cast,0
Sanilac,"Argyle Township, Precinct 1",Sanilac County Register of Deeds,,REP,Michele VanNorman,117
Sanilac,"Argyle Township, Precinct 1",Sanilac County Register of Deeds,,REP,Ballots Cast,117
Sanilac,"Austin Township, Precinct 1",Sanilac County Register of Deeds,,REP,Michele VanNorman,61
Sanilac,"Austin Township, Precinct 1",Sanilac County Register of Deeds,,REP,Ballots Cast,61
Sanilac,"Bridgehampton Township, Precinct 1",Sanilac County Register of Deeds,,REP,Michele VanNorman,89
Sanilac,"Bridgehampton Township, Precinct 1",Sanilac County Register of Deeds,,REP,Ballots Cast,89
Sanilac,"Buel Township, Precinct 1",Sanilac County Register of Deeds,,REP,Michele VanNorman,187
Sanilac,"Buel Township, Precinct 1",Sanilac County Register of Deeds,,REP,Ballots Cast,187
Sanilac,"City of Brown City, Precinct 1",Sanilac County Register of Deeds,,REP,Michele VanNorman,106
Sanilac,"City of Brown City, Precinct 1",Sanilac County Register of Deeds,,REP,Ballots Cast,106
Sanilac,"City of Croswell, Precinct 1",Sanilac County Register of Deeds,,REP,Michele VanNorman,228
Sanilac,"City of Croswell, Precinct 1",Sanilac County Register of Deeds,,REP,Ballots Cast,228
Sanilac,"City of Marlette, Precinct 1",Sanilac County Register of Deeds,,REP,Michele VanNorman,163
Sanilac,"City of Marlette, Precinct 1",Sanilac County Register of Deeds,,REP,Write-In,1
Sanilac,"City of Marlette, Precinct 1",Sanilac County Register of Deeds,,REP,Ballots Cast,164
Sanilac,"City of Sandusky, Precinct 1",Sanilac County Register of Deeds,,REP,Michele VanNorman,399
Sanilac,"City of Sandusky, Precinct 1",Sanilac County Register of Deeds,,REP,Write-In,1
Sanilac,"City of Sandusky, Precinct 1",Sanilac County Register of Deeds,,REP,Ballots Cast,400
Sanilac,"Custer Township, Precinct 1",Sanilac County Register of Deeds,,REP,Michele VanNorman,235
Sanilac,"Custer Township, Precinct 1",Sanilac County Register of Deeds,,REP,Ballots Cast,235
Sanilac,"Delaware Township, Precinct 1",Sanilac County Register of Deeds,,REP,Michele VanNorman,138
Sanilac,"Delaware Township, Precinct 1",Sanilac County Register of Deeds,,REP,Write-In,1
Sanilac,"Delaware Township, Precinct 1",Sanilac County Register of Deeds,,REP,Ballots Cast,139
Sanilac,"Elk Township, Precinct 1",Sanilac County Register of Deeds,,REP,Michele VanNorman,213
Sanilac,"Elk Township, Precinct 1",Sanilac County Register of Deeds,,REP,Ballots Cast,213
Sanilac,"Elmer Township, Precinct 1",Sanilac County Register of Deeds,,REP,Michele VanNorman,141
Sanilac,"Elmer Township, Precinct 1",Sanilac County Register of Deeds,,REP,Ballots Cast,141
Sanilac,"Evergreen Township, Precinct 1",Sanilac County Register of Deeds,,REP,Michele VanNorman,106
Sanilac,"Evergreen Township, Precinct 1",Sanilac County Register of Deeds,,REP,Ballots Cast,106
Sanilac,"Flynn Township, Precinct 1",Sanilac County Register of Deeds,,REP,Michele VanNorman,103
Sanilac,"Flynn Township, Precinct 1",Sanilac County Register of Deeds,,REP,Ballots Cast,103
Sanilac,"Forester Township, Precinct 1",Sanilac County Register of Deeds,,REP,Michele VanNorman,150
Sanilac,"Forester Township, Precinct 1",Sanilac County Register of Deeds,,REP,Ballots Cast,150
Sanilac,"Fremont Township, Precinct 1",Sanilac County Register of Deeds,,REP,Michele VanNorman,139
Sanilac,"Fremont Township, Precinct 1",Sanilac County Register of Deeds,,REP,Ballots Cast,139
Sanilac,"Greenleaf Township, Precinct 1",Sanilac County Register of Deeds,,REP,Michele VanNorman,60
Sanilac,"Greenleaf Township, Precinct 1",Sanilac County Register of Deeds,,REP,Ballots Cast,60
Sanilac,"Lamotte Township, Precinct 1",Sanilac County Register of Deeds,,REP,Michele VanNorman,115
Sanilac,"Lamotte Township, Precinct 1",Sanilac County Register of Deeds,,REP,Ballots Cast,115
Sanilac,"Lexington Township, Precinct 1",Sanilac County Register of Deeds,,REP,Michele VanNorman,438
Sanilac,"Lexington Township, Precinct 1",Sanilac County Register of Deeds,,REP,Ballots Cast,438
Sanilac,"Maple Valley Township, Precinct 1",Sanilac County Register of Deeds,,REP,Michele VanNorman,130
Sanilac,"Maple Valley Township, Precinct 1",Sanilac County Register of Deeds,,REP,Write-In,1
Sanilac,"Maple Valley Township, Precinct 1",Sanilac County Register of Deeds,,REP,Ballots Cast,131
Sanilac,"Marion Township, Precinct 1",Sanilac County Register of Deeds,,REP,Michele VanNorman,250
Sanilac,"Marion Township, Precinct 1",Sanilac County Register of Deeds,,REP,Write-In,1
Sanilac,"Marion Township, Precinct 1",Sanilac County Register of Deeds,,REP,Ballots Cast,251
Sanilac,"Marlette Township, Precinct 1",Sanilac County Register of Deeds,,REP,Michele VanNorman,229
Sanilac,"Marlette Township, Precinct 1",Sanilac County Register of Deeds,,REP,Ballots Cast,229
Sanilac,"Minden Township, Precinct 1",Sanilac County Register of Deeds,,REP,Michele VanNorman,89
Sanilac,"Minden Township, Precinct 1",Sanilac County Register of Deeds,,REP,Ballots Cast,89
Sanilac,"Moore Township, Precinct 1",Sanilac County Register of Deeds,,REP,Michele VanNorman,171
Sanilac,"Moore Township, Precinct 1",Sanilac County Register of Deeds,,REP,Write-In,1
Sanilac,"Moore Township, Precinct 1",Sanilac County Register of Deeds,,REP,Ballots Cast,172
Sanilac,"Sanilac Township, Precinct 1",Sanilac County Register of Deeds,,REP,Michele VanNorman,375
Sanilac,"Sanilac Township, Precinct 1",Sanilac County Register of Deeds,,REP,Ballots Cast,375
Sanilac,"Speaker Township, Precinct 1",Sanilac County Register of Deeds,,REP,Michele VanNorman,244
Sanilac,"Speaker Township, Precinct 1",Sanilac County Register of Deeds,,REP,Write-In,2
Sanilac,"Speaker Township, Precinct 1",Sanilac County Register of Deeds,,REP,Ballots Cast,246
Sanilac,"Washington Township, Precinct 1",Sanilac County Register of Deeds,,REP,Michele VanNorman,205
Sanilac,"Washington Township, Precinct 1",Sanilac County Register of Deeds,,REP,Ballots Cast,205
Sanilac,"Watertown Township, Precinct 1",Sanilac County Register of Deeds,,REP,Michele VanNorman,313
Sanilac,"Watertown Township, Precinct 1",Sanilac County Register of Deeds,,REP,Ballots Cast,313
Sanilac,"Wheatland Township, Precinct 1",Sanilac County Register of Deeds,,REP,Michele VanNorman,84
Sanilac,"Wheatland Township, Precinct 1",Sanilac County Register of Deeds,,REP,Write-In,1
Sanilac,"Wheatland Township, Precinct 1",Sanilac County Register of Deeds,,REP,Ballots Cast,85
Sanilac,"Worth Township, Precinct 1",Sanilac County Register of Deeds,,REP,Michele VanNorman,501
Sanilac,"Worth Township, Precinct 1",Sanilac County Register of Deeds,,REP,Write-In,5
Sanilac,"Worth Township, Precinct 1",Sanilac County Register of Deeds,,REP,Ballots Cast,506
Sanilac,"City of Brown City, Precinct 1",Lapeer County Register of Deeds,,REP,Ballots Cast,0
Sanilac,"Argyle Township, Precinct 1",Sanilac County Road Commissioner,,REP,Don Rickett,113
Sanilac,"Argyle Township, Precinct 1",Sanilac County Road Commissioner,,REP,Ballots Cast,113
Sanilac,"Austin Township, Precinct 1",Sanilac County Road Commissioner,,REP,Don Rickett,60
Sanilac,"Austin Township, Precinct 1",Sanilac County Road Commissioner,,REP,Ballots Cast,60
Sanilac,"Bridgehampton Township, Precinct 1",Sanilac County Road Commissioner,,REP,Don Rickett,88
Sanilac,"Bridgehampton Township, Precinct 1",Sanilac County Road Commissioner,,REP,Write-In,1
Sanilac,"Bridgehampton Township, Precinct 1",Sanilac County Road Commissioner,,REP,Ballots Cast,89
Sanilac,"Buel Township, Precinct 1",Sanilac County Road Commissioner,,REP,Don Rickett,187
Sanilac,"Buel Township, Precinct 1",Sanilac County Road Commissioner,,REP,Ballots Cast,187
Sanilac,"City of Brown City, Precinct 1",Sanilac County Road Commissioner,,REP,Don Rickett,107
Sanilac,"City of Brown City, Precinct 1",Sanilac County Road Commissioner,,REP,Ballots Cast,107
Sanilac,"City of Croswell, Precinct 1",Sanilac County Road Commissioner,,REP,Don Rickett,227
Sanilac,"City of Croswell, Precinct 1",Sanilac County Road Commissioner,,REP,Ballots Cast,227
Sanilac,"City of Marlette, Precinct 1",Sanilac County Road Commissioner,,REP,Don Rickett,165
Sanilac,"City of Marlette, Precinct 1",Sanilac County Road Commissioner,,REP,Write-In,1
Sanilac,"City of Marlette, Precinct 1",Sanilac County Road Commissioner,,REP,Ballots Cast,166
Sanilac,"City of Sandusky, Precinct 1",Sanilac County Road Commissioner,,REP,Don Rickett,399
Sanilac,"City of Sandusky, Precinct 1",Sanilac County Road Commissioner,,REP,Write-In,1
Sanilac,"City of Sandusky, Precinct 1",Sanilac County Road Commissioner,,REP,Ballots Cast,400
Sanilac,"Custer Township, Precinct 1",Sanilac County Road Commissioner,,REP,Don Rickett,232
Sanilac,"Custer Township, Precinct 1",Sanilac County Road Commissioner,,REP,Write-In,1
Sanilac,"Custer Township, Precinct 1",Sanilac County Road Commissioner,,REP,Ballots Cast,233
Sanilac,"Delaware Township, Precinct 1",Sanilac County Road Commissioner,,REP,Don Rickett,134
Sanilac,"Delaware Township, Precinct 1",Sanilac County Road Commissioner,,REP,Write-In,2
Sanilac,"Delaware Township, Precinct 1",Sanilac County Road Commissioner,,REP,Ballots Cast,136
Sanilac,"Elk Township, Precinct 1",Sanilac County Road Commissioner,,REP,Don Rickett,206
Sanilac,"Elk Township, Precinct 1",Sanilac County Road Commissioner,,REP,Write-In,1
Sanilac,"Elk Township, Precinct 1",Sanilac County Road Commissioner,,REP,Ballots Cast,207
Sanilac,"Elmer Township, Precinct 1",Sanilac County Road Commissioner,,REP,Don Rickett,140
Sanilac,"Elmer Township, Precinct 1",Sanilac County Road Commissioner,,REP,Write-In,1
Sanilac,"Elmer Township, Precinct 1",Sanilac County Road Commissioner,,REP,Ballots Cast,141
Sanilac,"Evergreen Township, Precinct 1",Sanilac County Road Commissioner,,REP,Don Rickett,105
Sanilac,"Evergreen Township, Precinct 1",Sanilac County Road Commissioner,,REP,Ballots Cast,105
Sanilac,"Flynn Township, Precinct 1",Sanilac County Road Commissioner,,REP,Don Rickett,103
Sanilac,"Flynn Township, Precinct 1",Sanilac County Road Commissioner,,REP,Ballots Cast,103
Sanilac,"Forester Township, Precinct 1",Sanilac County Road Commissioner,,REP,Don Rickett,149
Sanilac,"Forester Township, Precinct 1",Sanilac County Road Commissioner,,REP,Ballots Cast,149
Sanilac,"Fremont Township, Precinct 1",Sanilac County Road Commissioner,,REP,Don Rickett,138
Sanilac,"Fremont Township, Precinct 1",Sanilac County Road Commissioner,,REP,Ballots Cast,138
Sanilac,"Greenleaf Township, Precinct 1",Sanilac County Road Commissioner,,REP,Don Rickett,60
Sanilac,"Greenleaf Township, Precinct 1",Sanilac County Road Commissioner,,REP,Ballots Cast,60
Sanilac,"Lamotte Township, Precinct 1",Sanilac County Road Commissioner,,REP,Don Rickett,110
Sanilac,"Lamotte Township, Precinct 1",Sanilac County Road Commissioner,,REP,Ballots Cast,110
Sanilac,"Lexington Township, Precinct 1",Sanilac County Road Commissioner,,REP,Don Rickett,432
Sanilac,"Lexington Township, Precinct 1",Sanilac County Road Commissioner,,REP,Write-In,1
Sanilac,"Lexington Township, Precinct 1",Sanilac County Road Commissioner,,REP,Ballots Cast,433
Sanilac,"Maple Valley Township, Precinct 1",Sanilac County Road Commissioner,,REP,Don Rickett,125
Sanilac,"Maple Valley Township, Precinct 1",Sanilac County Road Commissioner,,REP,Write-In,1
Sanilac,"Maple Valley Township, Precinct 1",Sanilac County Road Commissioner,,REP,Ballots Cast,126
Sanilac,"Marion Township, Precinct 1",Sanilac County Road Commissioner,,REP,Don Rickett,245
Sanilac,"Marion Township, Precinct 1",Sanilac County Road Commissioner,,REP,Write-In,1
Sanilac,"Marion Township, Precinct 1",Sanilac County Road Commissioner,,REP,Ballots Cast,246
Sanilac,"Marlette Township, Precinct 1",Sanilac County Road Commissioner,,REP,Don Rickett,229
Sanilac,"Marlette Township, Precinct 1",Sanilac County Road Commissioner,,REP,Ballots Cast,229
Sanilac,"Minden Township, Precinct 1",Sanilac County Road Commissioner,,REP,Don Rickett,86
Sanilac,"Minden Township, Precinct 1",Sanilac County Road Commissioner,,REP,Ballots Cast,86
Sanilac,"Moore Township, Precinct 1",Sanilac County Road Commissioner,,REP,Don Rickett,168
Sanilac,"Moore Township, Precinct 1",Sanilac County Road Commissioner,,REP,Ballots Cast,168
Sanilac,"Sanilac Township, Precinct 1",Sanilac County Road Commissioner,,REP,Don Rickett,368
Sanilac,"Sanilac Township, Precinct 1",Sanilac County Road Commissioner,,REP,Write-In,1
Sanilac,"Sanilac Township, Precinct 1",Sanilac County Road Commissioner,,REP,Ballots Cast,369
Sanilac,"Speaker Township, Precinct 1",Sanilac County Road Commissioner,,REP,Don Rickett,242
Sanilac,"Speaker Township, Precinct 1",Sanilac County Road Commissioner,,REP,Write-In,2
Sanilac,"Speaker Township, Precinct 1",Sanilac County Road Commissioner,,REP,Ballots Cast,244
Sanilac,"Washington Township, Precinct 1",Sanilac County Road Commissioner,,REP,Don Rickett,206
Sanilac,"Washington Township, Precinct 1",Sanilac County Road Commissioner,,REP,Write-In,1
Sanilac,"Washington Township, Precinct 1",Sanilac County Road Commissioner,,REP,Ballots Cast,207
Sanilac,"Watertown Township, Precinct 1",Sanilac County Road Commissioner,,REP,Don Rickett,309
Sanilac,"Watertown Township, Precinct 1",Sanilac County Road Commissioner,,REP,Ballots Cast,309
Sanilac,"Wheatland Township, Precinct 1",Sanilac County Road Commissioner,,REP,Don Rickett,78
Sanilac,"Wheatland Township, Precinct 1",Sanilac County Road Commissioner,,REP,Write-In,1
Sanilac,"Wheatland Township, Precinct 1",Sanilac County Road Commissioner,,REP,Ballots Cast,79
Sanilac,"Worth Township, Precinct 1",Sanilac County Road Commissioner,,REP,Don Rickett,500
Sanilac,"Worth Township, Precinct 1",Sanilac County Road Commissioner,,REP,Write-In,5
Sanilac,"Worth Township, Precinct 1",Sanilac County Road Commissioner,,REP,Ballots Cast,505
Sanilac,"City of Brown City, Precinct 1",Lapeer County Road Commissioner,,REP,Ballots Cast,0
Sanilac,"Argyle Township, Precinct 1",Sanilac County Drain Commissioner,,REP,Doug Sweet,116
Sanilac,"Argyle Township, Precinct 1",Sanilac County Drain Commissioner,,REP,Ballots Cast,116
Sanilac,"Austin Township, Precinct 1",Sanilac County Drain Commissioner,,REP,Doug Sweet,63
Sanilac,"Austin Township, Precinct 1",Sanilac County Drain Commissioner,,REP,Ballots Cast,63
Sanilac,"Bridgehampton Township, Precinct 1",Sanilac County Drain Commissioner,,REP,Doug Sweet,88
Sanilac,"Bridgehampton Township, Precinct 1",Sanilac County Drain Commissioner,,REP,Write-In,1
Sanilac,"Bridgehampton Township, Precinct 1",Sanilac County Drain Commissioner,,REP,Ballots Cast,89
Sanilac,"Buel Township, Precinct 1",Sanilac County Drain Commissioner,,REP,Doug Sweet,186
Sanilac,"Buel Township, Precinct 1",Sanilac County Drain Commissioner,,REP,Ballots Cast,186
Sanilac,"City of Brown City, Precinct 1",Sanilac County Drain Commissioner,,REP,Doug Sweet,106
Sanilac,"City of Brown City, Precinct 1",Sanilac County Drain Commissioner,,REP,Ballots Cast,106
Sanilac,"City of Croswell, Precinct 1",Sanilac County Drain Commissioner,,REP,Doug Sweet,231
Sanilac,"City of Croswell, Precinct 1",Sanilac County Drain Commissioner,,REP,Ballots Cast,231
Sanilac,"City of Marlette, Precinct 1",Sanilac County Drain Commissioner,,REP,Doug Sweet,164
Sanilac,"City of Marlette, Precinct 1",Sanilac County Drain Commissioner,,REP,Write-In,2
Sanilac,"City of Marlette, Precinct 1",Sanilac County Drain Commissioner,,REP,Ballots Cast,166
Sanilac,"City of Sandusky, Precinct 1",Sanilac County Drain Commissioner,,REP,Doug Sweet,396
Sanilac,"City of Sandusky, Precinct 1",Sanilac County Drain Commissioner,,REP,Ballots Cast,396
Sanilac,"Custer Township, Precinct 1",Sanilac County Drain Commissioner,,REP,Doug Sweet,233
Sanilac,"Custer Township, Precinct 1",Sanilac County Drain Commissioner,,REP,Ballots Cast,233
Sanilac,"Delaware Township, Precinct 1",Sanilac County Drain Commissioner,,REP,Doug Sweet,136
Sanilac,"Delaware Township, Precinct 1",Sanilac County Drain Commissioner,,REP,Write-In,1
Sanilac,"Delaware Township, Precinct 1",Sanilac County Drain Commissioner,,REP,Ballots Cast,137
Sanilac,"Elk Township, Precinct 1",Sanilac County Drain Commissioner,,REP,Doug Sweet,211
Sanilac,"Elk Township, Precinct 1",Sanilac County Drain Commissioner,,REP,Write-In,1
Sanilac,"Elk Township, Precinct 1",Sanilac County Drain Commissioner,,REP,Ballots Cast,212
Sanilac,"Elmer Township, Precinct 1",Sanilac County Drain Commissioner,,REP,Doug Sweet,142
Sanilac,"Elmer Township, Precinct 1",Sanilac County Drain Commissioner,,REP,Ballots Cast,142
Sanilac,"Evergreen Township, Precinct 1",Sanilac County Drain Commissioner,,REP,Doug Sweet,107
Sanilac,"Evergreen Township, Precinct 1",Sanilac County Drain Commissioner,,REP,Ballots Cast,107
Sanilac,"Flynn Township, Precinct 1",Sanilac County Drain Commissioner,,REP,Doug Sweet,103
Sanilac,"Flynn Township, Precinct 1",Sanilac County Drain Commissioner,,REP,Ballots Cast,103
Sanilac,"Forester Township, Precinct 1",Sanilac County Drain Commissioner,,REP,Doug Sweet,151
Sanilac,"Forester Township, Precinct 1",Sanilac County Drain Commissioner,,REP,Ballots Cast,151
Sanilac,"Fremont Township, Precinct 1",Sanilac County Drain Commissioner,,REP,Doug Sweet,141
Sanilac,"Fremont Township, Precinct 1",Sanilac County Drain Commissioner,,REP,Ballots Cast,141
Sanilac,"Greenleaf Township, Precinct 1",Sanilac County Drain Commissioner,,REP,Doug Sweet,60
Sanilac,"Greenleaf Township, Precinct 1",Sanilac County Drain Commissioner,,REP,Ballots Cast,60
Sanilac,"Lamotte Township, Precinct 1",Sanilac County Drain Commissioner,,REP,Doug Sweet,113
Sanilac,"Lamotte Township, Precinct 1",Sanilac County Drain Commissioner,,REP,Ballots Cast,113
Sanilac,"Lexington Township, Precinct 1",Sanilac County Drain Commissioner,,REP,Doug Sweet,429
Sanilac,"Lexington Township, Precinct 1",Sanilac County Drain Commissioner,,REP,Write-In,2
Sanilac,"Lexington Township, Precinct 1",Sanilac County Drain Commissioner,,REP,Ballots Cast,431
Sanilac,"Maple Valley Township, Precinct 1",Sanilac County Drain Commissioner,,REP,Doug Sweet,128
Sanilac,"Maple Valley Township, Precinct 1",Sanilac County Drain Commissioner,,REP,Write-In,2
Sanilac,"Maple Valley Township, Precinct 1",Sanilac County Drain Commissioner,,REP,Ballots Cast,130
Sanilac,"Marion Township, Precinct 1",Sanilac County Drain Commissioner,,REP,Doug Sweet,251
Sanilac,"Marion Township, Precinct 1",Sanilac County Drain Commissioner,,REP,Ballots Cast,251
Sanilac,"Marlette Township, Precinct 1",Sanilac County Drain Commissioner,,REP,Doug Sweet,228
Sanilac,"Marlette Township, Precinct 1",Sanilac County Drain Commissioner,,REP,Ballots Cast,228
Sanilac,"Minden Township, Precinct 1",Sanilac County Drain Commissioner,,REP,Doug Sweet,87
Sanilac,"Minden Township, Precinct 1",Sanilac County Drain Commissioner,,REP,Ballots Cast,87
Sanilac,"Moore Township, Precinct 1",Sanilac County Drain Commissioner,,REP,Doug Sweet,175
Sanilac,"Moore Township, Precinct 1",Sanilac County Drain Commissioner,,REP,Ballots Cast,175
Sanilac,"Sanilac Township, Precinct 1",Sanilac County Drain Commissioner,,REP,Doug Sweet,367
Sanilac,"Sanilac Township, Precinct 1",Sanilac County Drain Commissioner,,REP,Write-In,2
Sanilac,"Sanilac Township, Precinct 1",Sanilac County Drain Commissioner,,REP,Ballots Cast,369
Sanilac,"Speaker Township, Precinct 1",Sanilac County Drain Commissioner,,REP,Doug Sweet,237
Sanilac,"Speaker Township, Precinct 1",Sanilac County Drain Commissioner,,REP,Write-In,2
Sanilac,"Speaker Township, Precinct 1",Sanilac County Drain Commissioner,,REP,Ballots Cast,239
Sanilac,"Washington Township, Precinct 1",Sanilac County Drain Commissioner,,REP,Doug Sweet,205
Sanilac,"Washington Township, Precinct 1",Sanilac County Drain Commissioner,,REP,Write-In,1
Sanilac,"Washington Township, Precinct 1",Sanilac County Drain Commissioner,,REP,Ballots Cast,206
Sanilac,"Watertown Township, Precinct 1",Sanilac County Drain Commissioner,,REP,Doug Sweet,315
Sanilac,"Watertown Township, Precinct 1",Sanilac County Drain Commissioner,,REP,Ballots Cast,315
Sanilac,"Wheatland Township, Precinct 1",Sanilac County Drain Commissioner,,REP,Doug Sweet,77
Sanilac,"Wheatland Township, Precinct 1",Sanilac County Drain Commissioner,,REP,Ballots Cast,77
Sanilac,"Worth Township, Precinct 1",Sanilac County Drain Commissioner,,REP,Doug Sweet,501
Sanilac,"Worth Township, Precinct 1",Sanilac County Drain Commissioner,,REP,Write-In,4
Sanilac,"Worth Township, Precinct 1",Sanilac County Drain Commissioner,,REP,Ballots Cast,505
Sanilac,"City of Brown City, Precinct 1",Lapeer County Drain Commissioner,,REP,Ballots Cast,0
Sanilac,"Argyle Township, Precinct 1",Sanilac County Surveyor,,REP,Benjamin D. Tank,58
Sanilac,"Argyle Township, Precinct 1",Sanilac County Surveyor,,REP,John A. Milletics,61
Sanilac,"Argyle Township, Precinct 1",Sanilac County Surveyor,,REP,Ballots Cast,119
Sanilac,"Austin Township, Precinct 1",Sanilac County Surveyor,,REP,Benjamin D. Tank,38
Sanilac,"Austin Township, Precinct 1",Sanilac County Surveyor,,REP,John A. Milletics,19
Sanilac,"Austin Township, Precinct 1",Sanilac County Surveyor,,REP,Ballots Cast,57
Sanilac,"Bridgehampton Township, Precinct 1",Sanilac County Surveyor,,REP,Benjamin D. Tank,41
Sanilac,"Bridgehampton Township, Precinct 1",Sanilac County Surveyor,,REP,John A. Milletics,58
Sanilac,"Bridgehampton Township, Precinct 1",Sanilac County Surveyor,,REP,Ballots Cast,99
Sanilac,"Buel Township, Precinct 1",Sanilac County Surveyor,,REP,Benjamin D. Tank,75
Sanilac,"Buel Township, Precinct 1",Sanilac County Surveyor,,REP,John A. Milletics,124
Sanilac,"Buel Township, Precinct 1",Sanilac County Surveyor,,REP,Ballots Cast,199
Sanilac,"City of Brown City, Precinct 1",Sanilac County Surveyor,,REP,Benjamin D. Tank,46
Sanilac,"City of Brown City, Precinct 1",Sanilac County Surveyor,,REP,John A. Milletics,57
Sanilac,"City of Brown City, Precinct 1",Sanilac County Surveyor,,REP,Ballots Cast,103
Sanilac,"City of Croswell, Precinct 1",Sanilac County Surveyor,,REP,Benjamin D. Tank,85
Sanilac,"City of Croswell, Precinct 1",Sanilac County Surveyor,,REP,John A. Milletics,160
Sanilac,"City of Croswell, Precinct 1",Sanilac County Surveyor,,REP,Write-In,1
Sanilac,"City of Croswell, Precinct 1",Sanilac County Surveyor,,REP,Ballots Cast,246
Sanilac,"City of Marlette, Precinct 1",Sanilac County Surveyor,,REP,Benjamin D. Tank,82
Sanilac,"City of Marlette, Precinct 1",Sanilac County Surveyor,,REP,John A. Milletics,82
Sanilac,"City of Marlette, Precinct 1",Sanilac County Surveyor,,REP,Write-In,1
Sanilac,"City of Marlette, Precinct 1",Sanilac County Surveyor,,REP,Ballots Cast,165
Sanilac,"City of Sandusky, Precinct 1",Sanilac County Surveyor,,REP,Benjamin D. Tank,212
Sanilac,"City of Sandusky, Precinct 1",Sanilac County Surveyor,,REP,John A. Milletics,216
Sanilac,"City of Sandusky, Precinct 1",Sanilac County Surveyor,,REP,Ballots Cast,428
Sanilac,"Custer Township, Precinct 1",Sanilac County Surveyor,,REP,Benjamin D. Tank,126
Sanilac,"Custer Township, Precinct 1",Sanilac County Surveyor,,REP,John A. Milletics,125
Sanilac,"Custer Township, Precinct 1",Sanilac County Surveyor,,REP,Ballots Cast,251
Sanilac,"Delaware Township, Precinct 1",Sanilac County Surveyor,,REP,Benjamin D. Tank,76
Sanilac,"Delaware Township, Precinct 1",Sanilac County Surveyor,,REP,John A. Milletics,64
Sanilac,"Delaware Township, Precinct 1",Sanilac County Surveyor,,REP,Write-In,1
Sanilac,"Delaware Township, Precinct 1",Sanilac County Surveyor,,REP,Ballots Cast,141
Sanilac,"Elk Township, Precinct 1",Sanilac County Surveyor,,REP,Benjamin D. Tank,87
Sanilac,"Elk Township, Precinct 1",Sanilac County Surveyor,,REP,John A. Milletics,126
Sanilac,"Elk Township, Precinct 1",Sanilac County Surveyor,,REP,Write-In,1
Sanilac,"Elk Township, Precinct 1",Sanilac County Surveyor,,REP,Ballots Cast,214
Sanilac,"Elmer Township, Precinct 1",Sanilac County Surveyor,,REP,Benjamin D. Tank,91
Sanilac,"Elmer Township, Precinct 1",Sanilac County Surveyor,,REP,John A. Milletics,55
Sanilac,"Elmer Township, Precinct 1",Sanilac County Surveyor,,REP,Ballots Cast,146
Sanilac,"Evergreen Township, Precinct 1",Sanilac County Surveyor,,REP,Benjamin D. Tank,53
Sanilac,"Evergreen Township, Precinct 1",Sanilac County Surveyor,,REP,John A. Milletics,48
Sanilac,"Evergreen Township, Precinct 1",Sanilac County Surveyor,,REP,Write-In,1
Sanilac,"Evergreen Township, Precinct 1",Sanilac County Surveyor,,REP,Ballots Cast,102
Sanilac,"Flynn Township, Precinct 1",Sanilac County Surveyor,,REP,Benjamin D. Tank,56
Sanilac,"Flynn Township, Precinct 1",Sanilac County Surveyor,,REP,John A. Milletics,51
Sanilac,"Flynn Township, Precinct 1",Sanilac County Surveyor,,REP,Ballots Cast,107
Sanilac,"Forester Township, Precinct 1",Sanilac County Surveyor,,REP,Benjamin D. Tank,89
Sanilac,"Forester Township, Precinct 1",Sanilac County Surveyor,,REP,John A. Milletics,77
Sanilac,"Forester Township, Precinct 1",Sanilac County Surveyor,,REP,Ballots Cast,166
Sanilac,"Fremont Township, Precinct 1",Sanilac County Surveyor,,REP,Benjamin D. Tank,57
Sanilac,"Fremont Township, Precinct 1",Sanilac County Surveyor,,REP,John A. Milletics,84
Sanilac,"Fremont Township, Precinct 1",Sanilac County Surveyor,,REP,Ballots Cast,141
Sanilac,"Greenleaf Township, Precinct 1",Sanilac County Surveyor,,REP,Benjamin D. Tank,23
Sanilac,"Greenleaf Township, Precinct 1",Sanilac County Surveyor,,REP,John A. Milletics,34
Sanilac,"Greenleaf Township, Precinct 1",Sanilac County Surveyor,,REP,Ballots Cast,57
Sanilac,"Lamotte Township, Precinct 1",Sanilac County Surveyor,,REP,Benjamin D. Tank,65
Sanilac,"Lamotte Township, Precinct 1",Sanilac County Surveyor,,REP,John A. Milletics,58
Sanilac,"Lamotte Township, Precinct 1",Sanilac County Surveyor,,REP,Ballots Cast,123
Sanilac,"Lexington Township, Precinct 1",Sanilac County Surveyor,,REP,Benjamin D. Tank,172
Sanilac,"Lexington Township, Precinct 1",Sanilac County Surveyor,,REP,John A. Milletics,295
Sanilac,"Lexington Township, Precinct 1",Sanilac County Surveyor,,REP,Ballots Cast,467
Sanilac,"Maple Valley Township, Precinct 1",Sanilac County Surveyor,,REP,Benjamin D. Tank,65
Sanilac,"Maple Valley Township, Precinct 1",Sanilac County Surveyor,,REP,John A. Milletics,57
Sanilac,"Maple Valley Township, Precinct 1",Sanilac County Surveyor,,REP,Write-In,1
Sanilac,"Maple Valley Township, Precinct 1",Sanilac County Surveyor,,REP,Ballots Cast,123
Sanilac,"Marion Township, Precinct 1",Sanilac County Surveyor,,REP,Benjamin D. Tank,163
Sanilac,"Marion Township, Precinct 1",Sanilac County Surveyor,,REP,John A. Milletics,103
Sanilac,"Marion Township, Precinct 1",Sanilac County Surveyor,,REP,Ballots Cast,266
Sanilac,"Marlette Township, Precinct 1",Sanilac County Surveyor,,REP,Benjamin D. Tank,113
Sanilac,"Marlette Township, Precinct 1",Sanilac County Surveyor,,REP,John A. Milletics,119
Sanilac,"Marlette Township, Precinct 1",Sanilac County Surveyor,,REP,Ballots Cast,232
Sanilac,"Minden Township, Precinct 1",Sanilac County Surveyor,,REP,Benjamin D. Tank,34
Sanilac,"Minden Township, Precinct 1",Sanilac County Surveyor,,REP,John A. Milletics,61
Sanilac,"Minden Township, Precinct 1",Sanilac County Surveyor,,REP,Ballots Cast,95
Sanilac,"Moore Township, Precinct 1",Sanilac County Surveyor,,REP,Benjamin D. Tank,110
Sanilac,"Moore Township, Precinct 1",Sanilac County Surveyor,,REP,John A. Milletics,72
Sanilac,"Moore Township, Precinct 1",Sanilac County Surveyor,,REP,Ballots Cast,182
Sanilac,"Sanilac Township, Precinct 1",Sanilac County Surveyor,,REP,Benjamin D. Tank,151
Sanilac,"Sanilac Township, Precinct 1",Sanilac County Surveyor,,REP,John A. Milletics,239
Sanilac,"Sanilac Township, Precinct 1",Sanilac County Surveyor,,REP,Ballots Cast,390
Sanilac,"Speaker Township, Precinct 1",Sanilac County Surveyor,,REP,Benjamin D. Tank,113
Sanilac,"Speaker Township, Precinct 1",Sanilac County Surveyor,,REP,John A. Milletics,131
Sanilac,"Speaker Township, Precinct 1",Sanilac County Surveyor,,REP,Write-In,4
Sanilac,"Speaker Township, Precinct 1",Sanilac County Surveyor,,REP,Ballots Cast,248
Sanilac,"Washington Township, Precinct 1",Sanilac County Surveyor,,REP,Benjamin D. Tank,90
Sanilac,"Washington Township, Precinct 1",Sanilac County Surveyor,,REP,John A. Milletics,130
Sanilac,"Washington Township, Precinct 1",Sanilac County Surveyor,,REP,Ballots Cast,220
Sanilac,"Watertown Township, Precinct 1",Sanilac County Surveyor,,REP,Benjamin D. Tank,200
Sanilac,"Watertown Township, Precinct 1",Sanilac County Surveyor,,REP,John A. Milletics,143
Sanilac,"Watertown Township, Precinct 1",Sanilac County Surveyor,,REP,Write-In,1
Sanilac,"Watertown Township, Precinct 1",Sanilac County Surveyor,,REP,Ballots Cast,344
Sanilac,"Wheatland Township, Precinct 1",Sanilac County Surveyor,,REP,Benjamin D. Tank,45
Sanilac,"Wheatland Township, Precinct 1",Sanilac County Surveyor,,REP,John A. Milletics,41
Sanilac,"Wheatland Township, Precinct 1",Sanilac County Surveyor,,REP,Ballots Cast,86
Sanilac,"Worth Township, Precinct 1",Sanilac County Surveyor,,REP,Benjamin D. Tank,183
Sanilac,"Worth Township, Precinct 1",Sanilac County Surveyor,,REP,John A. Milletics,379
Sanilac,"Worth Township, Precinct 1",Sanilac County Surveyor,,REP,Write-In,5
Sanilac,"Worth Township, Precinct 1",Sanilac County Surveyor,,REP,Ballots Cast,567
Sanilac,"City of Brown City, Precinct 1",Lapeer County Surveyor,,REP,Ballots Cast,0
Sanilac,"Austin Township, Precinct 1",County Commissioner 1st District,,REP,Jon Block,60
Sanilac,"Austin Township, Precinct 1",County Commissioner 1st District,,REP,Write-In,1
Sanilac,"Austin Township, Precinct 1",County Commissioner 1st District,,REP,Ballots Cast,61
Sanilac,"Delaware Township, Precinct 1",County Commissioner 1st District,,REP,Jon Block,130
Sanilac,"Delaware Township, Precinct 1",County Commissioner 1st District,,REP,Write-In,2
Sanilac,"Delaware Township, Precinct 1",County Commissioner 1st District,,REP,Ballots Cast,132
Sanilac,"Forester Township, Precinct 1",County Commissioner 1st District,,REP,Jon Block,150
Sanilac,"Forester Township, Precinct 1",County Commissioner 1st District,,REP,Ballots Cast,150
Sanilac,"Greenleaf Township, Precinct 1",County Commissioner 1st District,,REP,Jon Block,58
Sanilac,"Greenleaf Township, Precinct 1",County Commissioner 1st District,,REP,Ballots Cast,58
Sanilac,"Marion Township, Precinct 1",County Commissioner 1st District,,REP,Jon Block,218
Sanilac,"Marion Township, Precinct 1",County Commissioner 1st District,,REP,Write-In,2
Sanilac,"Marion Township, Precinct 1",County Commissioner 1st District,,REP,Ballots Cast,220
Sanilac,"Minden Township, Precinct 1",County Commissioner 1st District,,REP,Jon Block,83
Sanilac,"Minden Township, Precinct 1",County Commissioner 1st District,,REP,Ballots Cast,83
Sanilac,"Wheatland Township, Precinct 1",County Commissioner 1st District,,REP,Jon Block,75
Sanilac,"Wheatland Township, Precinct 1",County Commissioner 1st District,,REP,Ballots Cast,75
Sanilac,"Argyle Township, Precinct 1",County Commissioner 2nd District,,REP,Roger C. Ballard,111
Sanilac,"Argyle Township, Precinct 1",County Commissioner 2nd District,,REP,Ballots Cast,111
Sanilac,"City of Marlette, Precinct 1",County Commissioner 2nd District,,REP,Roger C. Ballard,160
Sanilac,"City of Marlette, Precinct 1",County Commissioner 2nd District,,REP,Write-In,3
Sanilac,"City of Marlette, Precinct 1",County Commissioner 2nd District,,REP,Ballots Cast,163
Sanilac,"Evergreen Township, Precinct 1",County Commissioner 2nd District,,REP,Roger C. Ballard,98
Sanilac,"Evergreen Township, Precinct 1",County Commissioner 2nd District,,REP,Write-In,1
Sanilac,"Evergreen Township, Precinct 1",County Commissioner 2nd District,,REP,Ballots Cast,99
Sanilac,"Lamotte Township, Precinct 1",County Commissioner 2nd District,,REP,Roger C. Ballard,104
Sanilac,"Lamotte Township, Precinct 1",County Commissioner 2nd District,,REP,Ballots Cast,104
Sanilac,"Marlette Township, Precinct 1",County Commissioner 2nd District,,REP,Roger C. Ballard,230
Sanilac,"Marlette Township, Precinct 1",County Commissioner 2nd District,,REP,Ballots Cast,230
Sanilac,"City of Sandusky, Precinct 1",County Commissioner 3rd District,,REP,Gary Heberling,387
Sanilac,"City of Sandusky, Precinct 1",County Commissioner 3rd District,,REP,Write-In,1
Sanilac,"City of Sandusky, Precinct 1",County Commissioner 3rd District,,REP,Ballots Cast,388
Sanilac,"Custer Township, Precinct 1",County Commissioner 3rd District,,REP,Gary Heberling,232
Sanilac,"Custer Township, Precinct 1",County Commissioner 3rd District,,REP,Write-In,1
Sanilac,"Custer Township, Precinct 1",County Commissioner 3rd District,,REP,Ballots Cast,233
Sanilac,"Moore Township, Precinct 1",County Commissioner 3rd District,,REP,Gary Heberling,169
Sanilac,"Moore Township, Precinct 1",County Commissioner 3rd District,,REP,Ballots Cast,169
Sanilac,"Watertown Township, Precinct 1",County Commissioner 3rd District,,REP,Gary Heberling,321
Sanilac,"Watertown Township, Precinct 1",County Commissioner 3rd District,,REP,Write-In,2
Sanilac,"Watertown Township, Precinct 1",County Commissioner 3rd District,,REP,Ballots Cast,323
Sanilac,"Bridgehampton Township, Precinct 1",County Commissioner 4th District,,REP,Bill Sarkella,83
Sanilac,"Bridgehampton Township, Precinct 1",County Commissioner 4th District,,REP,Ballots Cast,83
Sanilac,"Buel Township, Precinct 1",County Commissioner 4th District,,REP,Bill Sarkella,178
Sanilac,"Buel Township, Precinct 1",County Commissioner 4th District,,REP,Ballots Cast,178
Sanilac,"Sanilac Township, Precinct 1",County Commissioner 4th District,,REP,Bill Sarkella,362
Sanilac,"Sanilac Township, Precinct 1",County Commissioner 4th District,,REP,Ballots Cast,362
Sanilac,"Washington Township, Precinct 1",County Commissioner 4th District,,REP,Bill Sarkella,202
Sanilac,"Washington Township, Precinct 1",County Commissioner 4th District,,REP,Write-In,2
Sanilac,"Washington Township, Precinct 1",County Commissioner 4th District,,REP,Ballots Cast,204
Sanilac,"City of Brown City, Precinct 1",County Commissioner 5th District,,REP,Christine J. Lee,101
Sanilac,"City of Brown City, Precinct 1",County Commissioner 5th District,,REP,Write-In,2
Sanilac,"City of Brown City, Precinct 1",County Commissioner 5th District,,REP,Ballots Cast,103
Sanilac,"Elk Township, Precinct 1",County Commissioner 5th District,,REP,Christine J. Lee,199
Sanilac,"Elk Township, Precinct 1",County Commissioner 5th District,,REP,Ballots Cast,199
Sanilac,"Elmer Township, Precinct 1",County Commissioner 5th District,,REP,Christine J. Lee,134
Sanilac,"Elmer Township, Precinct 1",County Commissioner 5th District,,REP,Ballots Cast,134
Sanilac,"Flynn Township, Precinct 1",County Commissioner 5th District,,REP,Christine J. Lee,103
Sanilac,"Flynn Township, Precinct 1",County Commissioner 5th District,,REP,Write-In,1
Sanilac,"Flynn Township, Precinct 1",County Commissioner 5th District,,REP,Ballots Cast,104
Sanilac,"Maple Valley Township, Precinct 1",County Commissioner 5th District,,REP,Christine J. Lee,121
Sanilac,"Maple Valley Township, Precinct 1",County Commissioner 5th District,,REP,Write-In,1
Sanilac,"Maple Valley Township, Precinct 1",County Commissioner 5th District,,REP,Ballots Cast,122
Sanilac,"City of Croswell, Precinct 1",County Commissioner 6th District,,REP,Evans Ehardt,229
Sanilac,"City of Croswell, Precinct 1",County Commissioner 6th District,,REP,Ballots Cast,229
Sanilac,"Lexington Township, Precinct 1",County Commissioner 6th District,,REP,Evans Ehardt,425
Sanilac,"Lexington Township, Precinct 1",County Commissioner 6th District,,REP,Write-In,1
Sanilac,"Lexington Township, Precinct 1",County Commissioner 6th District,,REP,Ballots Cast,426
Sanilac,"Fremont Township, Precinct 1",County Commissioner 7th District,,REP,John L. Moody,134
Sanilac,"Fremont Township, Precinct 1",County Commissioner 7th District,,REP,Ballots Cast,134
Sanilac,"Speaker Township, Precinct 1",County Commissioner 7th District,,REP,John L. Moody,229
Sanilac,"Speaker Township, Precinct 1",County Commissioner 7th District,,REP,Write-In,6
Sanilac,"Speaker Township, Precinct 1",County Commissioner 7th District,,REP,Ballots Cast,235
Sanilac,"Worth Township, Precinct 1",County Commissioner 7th District,,REP,John L. Moody,502
Sanilac,"Worth Township, Precinct 1",County Commissioner 7th District,,REP,Write-In,4
Sanilac,"Worth Township, Precinct 1",County Commissioner 7th District,,REP,Ballots Cast,506
Sanilac,"City of Brown City, Precinct 1",County Commissioner 2nd District,,REP,Ballots Cast,0
Sanilac,"Argyle Township, Precinct 1",Argyle Township Supervisor,,REP,Jeromie Foote,118
Sanilac,"Argyle Township, Precinct 1",Argyle Township Supervisor,,REP,Ballots Cast,118
Sanilac,"Argyle Township, Precinct 1",Argyle Township Clerk,,REP,Edward Pfaff,120
Sanilac,"Argyle Township, Precinct 1",Argyle Township Clerk,,REP,Ballots Cast,120
Sanilac,"Argyle Township, Precinct 1",Argyle Township Treasurer,,REP,Tillie Peruski,118
Sanilac,"Argyle Township, Precinct 1",Argyle Township Treasurer,,REP,Ballots Cast,118
Sanilac,"Argyle Township, Precinct 1",Argyle Township Trustee,,REP,Johann Schulz,119
Sanilac,"Argyle Township, Precinct 1",Argyle Township Trustee,,REP,Write-In,2
Sanilac,"Argyle Township, Precinct 1",Argyle Township Trustee,,REP,Ballots Cast,121
Sanilac,"Austin Township, Precinct 1",Austin Township Supervisor,,REP,Lee Farrelly,62
Sanilac,"Austin Township, Precinct 1",Austin Township Supervisor,,REP,Ballots Cast,62
Sanilac,"Austin Township, Precinct 1",Austin Township Clerk,,REP,Carrie Franzel,63
Sanilac,"Austin Township, Precinct 1",Austin Township Clerk,,REP,Ballots Cast,63
Sanilac,"Austin Township, Precinct 1",Austin Township Treasurer,,REP,Tammy Morell,61
Sanilac,"Austin Township, Precinct 1",Austin Township Treasurer,,REP,Ballots Cast,61
Sanilac,"Austin Township, Precinct 1",Austin Township Trustee,,REP,David L. McArthur,61
Sanilac,"Austin Township, Precinct 1",Austin Township Trustee,,REP,Write-In,2
Sanilac,"Austin Township, Precinct 1",Austin Township Trustee,,REP,Ballots Cast,63
Sanilac,"Bridgehampton Township, Precinct 1",Bridgehampton Township Supervisor,,REP,Leo A. Sonck,81
Sanilac,"Bridgehampton Township, Precinct 1",Bridgehampton Township Supervisor,,REP,Ballots Cast,81
Sanilac,"Bridgehampton Township, Precinct 1",Bridgehampton Township Clerk,,REP,Write-In,8
Sanilac,"Bridgehampton Township, Precinct 1",Bridgehampton Township Clerk,,REP,Ballots Cast,8
Sanilac,"Bridgehampton Township, Precinct 1",Bridgehampton Township Treasurer,,REP,Write-In,5
Sanilac,"Bridgehampton Township, Precinct 1",Bridgehampton Township Treasurer,,REP,Ballots Cast,5
Sanilac,"Bridgehampton Township, Precinct 1",Bridgehampton Township Trustee,,REP,David Eggert,68
Sanilac,"Bridgehampton Township, Precinct 1",Bridgehampton Township Trustee,,REP,Katherine Kelly,67
Sanilac,"Bridgehampton Township, Precinct 1",Bridgehampton Township Trustee,,REP,Ballots Cast,135
Sanilac,"Buel Township, Precinct 1",Buel Township Supervisor,,REP,Blake Gordon,185
Sanilac,"Buel Township, Precinct 1",Buel Township Supervisor,,REP,Write-In,1
Sanilac,"Buel Township, Precinct 1",Buel Township Supervisor,,REP,Ballots Cast,186
Sanilac,"Buel Township, Precinct 1",Buel Township Clerk,,REP,Andrea Holbrook,188
Sanilac,"Buel Township, Precinct 1",Buel Township Clerk,,REP,Ballots Cast,188
Sanilac,"Buel Township, Precinct 1",Buel Township Treasurer,,REP,Write-In,16
Sanilac,"Buel Township, Precinct 1",Buel Township Treasurer,,REP,Ballots Cast,16
Sanilac,"Buel Township, Precinct 1",Buel Township Trustee,,REP,Jeff Gordon,185
Sanilac,"Buel Township, Precinct 1",Buel Township Trustee,,REP,Write-In,5
Sanilac,"Buel Township, Precinct 1",Buel Township Trustee,,REP,Ballots Cast,190
Sanilac,"Custer Township, Precinct 1",Custer Township Supervisor,,REP,Write-In,10
Sanilac,"Custer Township, Precinct 1",Custer Township Supervisor,,REP,Ballots Cast,10
Sanilac,"Custer Township, Precinct 1",Custer Township Clerk,,REP,Nancy G. Rich,229
Sanilac,"Custer Township, Precinct 1",Custer Township Clerk,,REP,Ballots Cast,229
Sanilac,"Custer Township, Precinct 1",Custer Township Treasurer,,REP,Jeffrey A. Rich,102
Sanilac,"Custer Township, Precinct 1",Custer Township Treasurer,,REP,Rachelle M. Wadsworth,154
Sanilac,"Custer Township, Precinct 1",Custer Township Treasurer,,REP,Ballots Cast,256
Sanilac,"Custer Township, Precinct 1",Custer Township Trustee,,REP,Robert David Miller,227
Sanilac,"Custer Township, Precinct 1",Custer Township Trustee,,REP,Write-In,3
Sanilac,"Custer Township, Precinct 1",Custer Township Trustee,,REP,Ballots Cast,230
Sanilac,"Delaware Township, Precinct 1",Delaware Township Supervisor,,REP,Richard Barker,141
Sanilac,"Delaware Township, Precinct 1",Delaware Township Supervisor,,REP,Write-In,1
Sanilac,"Delaware Township, Precinct 1",Delaware Township Supervisor,,REP,Ballots Cast,142
Sanilac,"Delaware Township, Precinct 1",Delaware Township Clerk,,REP,Michael W. Erdman,141
Sanilac,"Delaware Township, Precinct 1",Delaware Township Clerk,,REP,Write-In,1
Sanilac,"Delaware Township, Precinct 1",Delaware Township Clerk,,REP,Ballots Cast,142
Sanilac,"Delaware Township, Precinct 1",Delaware Township Treasurer,,REP,Tammy Barker,144
Sanilac,"Delaware Township, Precinct 1",Delaware Township Treasurer,,REP,Write-In,1
Sanilac,"Delaware Township, Precinct 1",Delaware Township Treasurer,,REP,Ballots Cast,145
Sanilac,"Delaware Township, Precinct 1",Delaware Township Trustee,,REP,Keith Pierson,110
Sanilac,"Delaware Township, Precinct 1",Delaware Township Trustee,,REP,Kevin Schweitzer,116
Sanilac,"Delaware Township, Precinct 1",Delaware Township Trustee,,REP,Write-In,1
Sanilac,"Delaware Township, Precinct 1",Delaware Township Trustee,,REP,Ballots Cast,227
Sanilac,"Elk Township, Precinct 1",Elk Township Supervisor,,REP,Walter Parke,195
Sanilac,"Elk Township, Precinct 1",Elk Township Supervisor,,REP,Ballots Cast,195
Sanilac,"Elk Township, Precinct 1",Elk Township Clerk,,REP,Wanda Grifka,207
Sanilac,"Elk Township, Precinct 1",Elk Township Clerk,,REP,Ballots Cast,207
Sanilac,"Elk Township, Precinct 1",Elk Township Treasurer,,REP,Lee Cork,202
Sanilac,"Elk Township, Precinct 1",Elk Township Treasurer,,REP,Ballots Cast,202
Sanilac,"Elk Township, Precinct 1",Elk Township Trustee,,REP,Alexandria Burgess,157
Sanilac,"Elk Township, Precinct 1",Elk Township Trustee,,REP,Darlene McClelland,174
Sanilac,"Elk Township, Precinct 1",Elk Township Trustee,,REP,Write-In,1
Sanilac,"Elk Township, Precinct 1",Elk Township Trustee,,REP,Ballots Cast,332
Sanilac,"Elmer Township, Precinct 1",Elmer Township Supervisor,,REP,Leonard Brown,135
Sanilac,"Elmer Township, Precinct 1",Elmer Township Supervisor,,REP,Write-In,3
Sanilac,"Elmer Township, Precinct 1",Elmer Township Supervisor,,REP,Ballots Cast,138
Sanilac,"Elmer Township, Precinct 1",Elmer Township Clerk,,REP,Heather Baumeister,136
Sanilac,"Elmer Township, Precinct 1",Elmer Township Clerk,,REP,Write-In,1
Sanilac,"Elmer Township, Precinct 1",Elmer Township Clerk,,REP,Ballots Cast,137
Sanilac,"Elmer Township, Precinct 1",Elmer Township Treasurer,,REP,Heidi M. Strickler,139
Sanilac,"Elmer Township, Precinct 1",Elmer Township Treasurer,,REP,Ballots Cast,139
Sanilac,"Elmer Township, Precinct 1",Elmer Township Trustee,,REP,Gary D. Radloff,140
Sanilac,"Elmer Township, Precinct 1",Elmer Township Trustee,,REP,Ballots Cast,140
Sanilac,"Evergreen Township, Precinct 1",Evergreen Township Supervisor,,REP,Lorn McIntosh,101
Sanilac,"Evergreen Township, Precinct 1",Evergreen Township Supervisor,,REP,Ballots Cast,101
Sanilac,"Evergreen Township, Precinct 1",Evergreen Township Clerk,,REP,Randy Severance,105
Sanilac,"Evergreen Township, Precinct 1",Evergreen Township Clerk,,REP,Ballots Cast,105
Sanilac,"Evergreen Township, Precinct 1",Evergreen Township Treasurer,,REP,Stephanie Morden,54
Sanilac,"Evergreen Township, Precinct 1",Evergreen Township Treasurer,,REP,Wayne M. Whittaker,56
Sanilac,"Evergreen Township, Precinct 1",Evergreen Township Treasurer,,REP,Ballots Cast,110
Sanilac,"Evergreen Township, Precinct 1",Evergreen Township Trustee,,REP,Charles Hendrick,80
Sanilac,"Evergreen Township, Precinct 1",Evergreen Township Trustee,,REP,James R. Brown,94
Sanilac,"Evergreen Township, Precinct 1",Evergreen Township Trustee,,REP,Ballots Cast,174
Sanilac,"Flynn Township, Precinct 1",Flynn Township Supervisor,,REP,Grant Burgess,102
Sanilac,"Flynn Township, Precinct 1",Flynn Township Supervisor,,REP,Ballots Cast,102
Sanilac,"Flynn Township, Precinct 1",Flynn Township Clerk,,REP,Robert George Vinande,106
Sanilac,"Flynn Township, Precinct 1",Flynn Township Clerk,,REP,Ballots Cast,106
Sanilac,"Flynn Township, Precinct 1",Flynn Township Treasurer,,REP,Brent Banks,104
Sanilac,"Flynn Township, Precinct 1",Flynn Township Treasurer,,REP,Ballots Cast,104
Sanilac,"Flynn Township, Precinct 1",Flynn Township Trustee,,REP,Jeffrey Keesler,79
Sanilac,"Flynn Township, Precinct 1",Flynn Township Trustee,,REP,Robert Leo Alexander,90
Sanilac,"Flynn Township, Precinct 1",Flynn Township Trustee,,REP,Ballots Cast,169
Sanilac,"Forester Township, Precinct 1",Forester Township Supervisor,,REP,Gary Daley,148
Sanilac,"Forester Township, Precinct 1",Forester Township Supervisor,,REP,Write-In,2
Sanilac,"Forester Township, Precinct 1",Forester Township Supervisor,,REP,Ballots Cast,150
Sanilac,"Forester Township, Precinct 1",Forester Township Clerk,,REP,Write-In,7
Sanilac,"Forester Township, Precinct 1",Forester Township Clerk,,REP,Ballots Cast,7
Sanilac,"Forester Township, Precinct 1",Forester Township Treasurer,,REP,Darcy Johnson,46
Sanilac,"Forester Township, Precinct 1",Forester Township Treasurer,,REP,Stan Grabitz,122
Sanilac,"Forester Township, Precinct 1",Forester Township Treasurer,,REP,Ballots Cast,168
Sanilac,"Forester Township, Precinct 1",Forester Township Trustee,,REP,Allen Daum,101
Sanilac,"Forester Township, Precinct 1",Forester Township Trustee,,REP,Carmella Saldana,105
Sanilac,"Forester Township, Precinct 1",Forester Township Trustee,,REP,Ballots Cast,206
Sanilac,"Fremont Township, Precinct 1",Fremont Township Supervisor,,REP,Mark Kenward,112
Sanilac,"Fremont Township, Precinct 1",Fremont Township Supervisor,,REP,Write-In,5
Sanilac,"Fremont Township, Precinct 1",Fremont Township Supervisor,,REP,Ballots Cast,117
Sanilac,"Fremont Township, Precinct 1",Fremont Township Clerk,,REP,Sonya Francis,114
Sanilac,"Fremont Township, Precinct 1",Fremont Township Clerk,,REP,Write-In,3
Sanilac,"Fremont Township, Precinct 1",Fremont Township Clerk,,REP,Ballots Cast,117
Sanilac,"Fremont Township, Precinct 1",Fremont Township Treasurer,,REP,Write-In,15
Sanilac,"Fremont Township, Precinct 1",Fremont Township Treasurer,,REP,Ballots Cast,15
Sanilac,"Fremont Township, Precinct 1",Fremont Township Trustee,,REP,Karen Kovach,101
Sanilac,"Fremont Township, Precinct 1",Fremont Township Trustee,,REP,Kevin O. Bradley,85
Sanilac,"Fremont Township, Precinct 1",Fremont Township Trustee,,REP,Write-In,2
Sanilac,"Fremont Township, Precinct 1",Fremont Township Trustee,,REP,Ballots Cast,188
Sanilac,"Greenleaf Township, Precinct 1",Greenleaf Township Supervisor,,REP,Write-In,6
Sanilac,"Greenleaf Township, Precinct 1",Greenleaf Township Supervisor,,REP,Ballots Cast,6
Sanilac,"Greenleaf Township, Precinct 1",Greenleaf Township Clerk,,REP,Kaylene Stine,58
Sanilac,"Greenleaf Township, Precinct 1",Greenleaf Township Clerk,,REP,Ballots Cast,58
Sanilac,"Greenleaf Township, Precinct 1",Greenleaf Township Treasurer,,REP,Write-In,2
Sanilac,"Greenleaf Township, Precinct 1",Greenleaf Township Treasurer,,REP,Ballots Cast,2
Sanilac,"Greenleaf Township, Precinct 1",Greenleaf Township Trustee,,REP,Ken Brown,47
Sanilac,"Greenleaf Township, Precinct 1",Greenleaf Township Trustee,,REP,Randall L. Schuette,47
Sanilac,"Greenleaf Township, Precinct 1",Greenleaf Township Trustee,,REP,Write-In,1
Sanilac,"Greenleaf Township, Precinct 1",Greenleaf Township Trustee,,REP,Ballots Cast,95
Sanilac,"Lamotte Township, Precinct 1",Lamotte Township Supervisor,,REP,John R. Gillig,118
Sanilac,"Lamotte Township, Precinct 1",Lamotte Township Supervisor,,REP,Write-In,1
Sanilac,"Lamotte Township, Precinct 1",Lamotte Township Supervisor,,REP,Ballots Cast,119
Sanilac,"Lamotte Township, Precinct 1",Lamotte Township Clerk,,REP,Mickey Strickler,117
Sanilac,"Lamotte Township, Precinct 1",Lamotte Township Clerk,,REP,Ballots Cast,117
Sanilac,"Lamotte Township, Precinct 1",Lamotte Township Treasurer,,REP,Suzanne Reehl,116
Sanilac,"Lamotte Township, Precinct 1",Lamotte Township Treasurer,,REP,Ballots Cast,116
Sanilac,"Lamotte Township, Precinct 1",Lamotte Township Trustee,,REP,John Darling,95
Sanilac,"Lamotte Township, Precinct 1",Lamotte Township Trustee,,REP,Leslie J. Phillips,107
Sanilac,"Lamotte Township, Precinct 1",Lamotte Township Trustee,,REP,Write-In,1
Sanilac,"Lamotte Township, Precinct 1",Lamotte Township Trustee,,REP,Ballots Cast,203
Sanilac,"Lexington Township, Precinct 1",Lexington Township Supervisor,,REP,Chad R. Partaka,432
Sanilac,"Lexington Township, Precinct 1",Lexington Township Supervisor,,REP,Write-In,5
Sanilac,"Lexington Township, Precinct 1",Lexington Township Supervisor,,REP,Ballots Cast,437
Sanilac,"Lexington Township, Precinct 1",Lexington Township Clerk,,REP,Katherine Paradoski,429
Sanilac,"Lexington Township, Precinct 1",Lexington Township Clerk,,REP,Write-In,4
Sanilac,"Lexington Township, Precinct 1",Lexington Township Clerk,,REP,Ballots Cast,433
Sanilac,"Lexington Township, Precinct 1",Lexington Township Treasurer,,REP,Davianna McAllister,432
Sanilac,"Lexington Township, Precinct 1",Lexington Township Treasurer,,REP,Write-In,1
Sanilac,"Lexington Township, Precinct 1",Lexington Township Treasurer,,REP,Ballots Cast,433
Sanilac,"Lexington Township, Precinct 1",Lexington Township Trustee,,REP,Charles R. Milletics II,306
Sanilac,"Lexington Township, Precinct 1",Lexington Township Trustee,,REP,Kristie Jahn,355
Sanilac,"Lexington Township, Precinct 1",Lexington Township Trustee,,REP,Write-In,1
Sanilac,"Lexington Township, Precinct 1",Lexington Township Trustee,,REP,Ballots Cast,662
Sanilac,"Maple Valley Township, Precinct 1",Maple Valley Township Supervisor,,REP,Rick C. Mitchell,127
Sanilac,"Maple Valley Township, Precinct 1",Maple Valley Township Supervisor,,REP,Write-In,1
Sanilac,"Maple Valley Township, Precinct 1",Maple Valley Township Supervisor,,REP,Ballots Cast,128
Sanilac,"Maple Valley Township, Precinct 1",Maple Valley Township Clerk,,REP,Janice Bartle,130
Sanilac,"Maple Valley Township, Precinct 1",Maple Valley Township Clerk,,REP,Write-In,1
Sanilac,"Maple Valley Township, Precinct 1",Maple Valley Township Clerk,,REP,Ballots Cast,131
Sanilac,"Maple Valley Township, Precinct 1",Maple Valley Township Treasurer,,REP,Rachel L. McLeod,130
Sanilac,"Maple Valley Township, Precinct 1",Maple Valley Township Treasurer,,REP,Ballots Cast,130
Sanilac,"Maple Valley Township, Precinct 1",Maple Valley Township Trustee,,REP,Philip J. Bartle,119
Sanilac,"Maple Valley Township, Precinct 1",Maple Valley Township Trustee,,REP,Thomas J. Zyrowski,93
Sanilac,"Maple Valley Township, Precinct 1",Maple Valley Township Trustee,,REP,Write-In,1
Sanilac,"Maple Valley Township, Precinct 1",Maple Valley Township Trustee,,REP,Ballots Cast,213
Sanilac,"Marion Township, Precinct 1",Marion Township Supervisor,,REP,Kurt L. Shubel,225
Sanilac,"Marion Township, Precinct 1",Marion Township Supervisor,,REP,Write-In,2
Sanilac,"Marion Township, Precinct 1",Marion Township Supervisor,,REP,Ballots Cast,227
Sanilac,"Marion Township, Precinct 1",Marion Township Clerk,,REP,Janet Confer,239
Sanilac,"Marion Township, Precinct 1",Marion Township Clerk,,REP,Write-In,1
Sanilac,"Marion Township, Precinct 1",Marion Township Clerk,,REP,Ballots Cast,240
Sanilac,"Marion Township, Precinct 1",Marion Township Treasurer,,REP,Audrey A. Stolicker,253
Sanilac,"Marion Township, Precinct 1",Marion Township Treasurer,,REP,Ballots Cast,253
Sanilac,"Marion Township, Precinct 1",Marion Township Trustee,,REP,Teresa M. Stringer,204
Sanilac,"Marion Township, Precinct 1",Marion Township Trustee,,REP,Thomas VanSickle,216
Sanilac,"Marion Township, Precinct 1",Marion Township Trustee,,REP,Ballots Cast,420
Sanilac,"Marlette Township, Precinct 1",Marlette Township Supervisor,,REP,Dale Wood,221
Sanilac,"Marlette Township, Precinct 1",Marlette Township Supervisor,,REP,Ballots Cast,221
Sanilac,"Marlette Township, Precinct 1",Marlette Township Clerk,,REP,Cheryl Gould,220
Sanilac,"Marlette Township, Precinct 1",Marlette Township Clerk,,REP,Ballots Cast,220
Sanilac,"Marlette Township, Precinct 1",Marlette Township Treasurer,,REP,Cole Wood,216
Sanilac,"Marlette Township, Precinct 1",Marlette Township Treasurer,,REP,Write-In,2
Sanilac,"Marlette Township, Precinct 1",Marlette Township Treasurer,,REP,Ballots Cast,218
Sanilac,"Marlette Township, Precinct 1",Marlette Township Trustee,,REP,Don Sager,170
Sanilac,"Marlette Township, Precinct 1",Marlette Township Trustee,,REP,Glen Philips,184
Sanilac,"Marlette Township, Precinct 1",Marlette Township Trustee,,REP,Write-In,1
Sanilac,"Marlette Township, Precinct 1",Marlette Township Trustee,,REP,Ballots Cast,355
Sanilac,"Minden Township, Precinct 1",Minden Township Supervisor,,REP,Terrence J. O'Connor,69
Sanilac,"Minden Township, Precinct 1",Minden Township Supervisor,,REP,Write-In,1
Sanilac,"Minden Township, Precinct 1",Minden Township Supervisor,,REP,Ballots Cast,70
Sanilac,"Minden Township, Precinct 1",Minden Township Clerk,,REP,Write-In,9
Sanilac,"Minden Township, Precinct 1",Minden Township Clerk,,REP,Ballots Cast,9
Sanilac,"Minden Township, Precinct 1",Minden Township Treasurer,,REP,Annette Stolicker,92
Sanilac,"Minden Township, Precinct 1",Minden Township Treasurer,,REP,Ballots Cast,92
Sanilac,"Minden Township, Precinct 1",Minden Township Trustee,,REP,Charles Stringer,71
Sanilac,"Minden Township, Precinct 1",Minden Township Trustee,,REP,Kevin Robert Klee,81
Sanilac,"Minden Township, Precinct 1",Minden Township Trustee,,REP,Ballots Cast,152
Sanilac,"Moore Township, Precinct 1",Moore Township Supervisor,,REP,Sid Thompson,161
Sanilac,"Moore Township, Precinct 1",Moore Township Supervisor,,REP,Write-In,1
Sanilac,"Moore Township, Precinct 1",Moore Township Supervisor,,REP,Ballots Cast,162
Sanilac,"Moore Township, Precinct 1",Moore Township Clerk,,REP,Naysa Heilig,156
Sanilac,"Moore Township, Precinct 1",Moore Township Clerk,,REP,Ballots Cast,156
Sanilac,"Moore Township, Precinct 1",Moore Township Treasurer,,REP,Lesli Billot,163
Sanilac,"Moore Township, Precinct 1",Moore Township Treasurer,,REP,Ballots Cast,163
Sanilac,"Moore Township, Precinct 1",Moore Township Trustee,,REP,Curtis Haskin,157
Sanilac,"Moore Township, Precinct 1",Moore Township Trustee,,REP,Keith P. Rudy,132
Sanilac,"Moore Township, Precinct 1",Moore Township Trustee,,REP,Ballots Cast,289
Sanilac,"Sanilac Township, Precinct 1",Sanilac Township Supervisor,,REP,Dan Kelly,349
Sanilac,"Sanilac Township, Precinct 1",Sanilac Township Supervisor,,REP,Write-In,4
Sanilac,"Sanilac Township, Precinct 1",Sanilac Township Supervisor,,REP,Ballots Cast,353
Sanilac,"Sanilac Township, Precinct 1",Sanilac Township Clerk,,REP,Suzanne Shagena,357
Sanilac,"Sanilac Township, Precinct 1",Sanilac Township Clerk,,REP,Ballots Cast,357
Sanilac,"Sanilac Township, Precinct 1",Sanilac Township Treasurer,,REP,Dru Moran,356
Sanilac,"Sanilac Township, Precinct 1",Sanilac Township Treasurer,,REP,Write-In,1
Sanilac,"Sanilac Township, Precinct 1",Sanilac Township Treasurer,,REP,Ballots Cast,357
Sanilac,"Sanilac Township, Precinct 1",Sanilac Township Trustee,,REP,Jeffery Lyall,301
Sanilac,"Sanilac Township, Precinct 1",Sanilac Township Trustee,,REP,Tammy Massman,314
Sanilac,"Sanilac Township, Precinct 1",Sanilac Township Trustee,,REP,Write-In,5
Sanilac,"Sanilac Township, Precinct 1",Sanilac Township Trustee,,REP,Ballots Cast,620
Sanilac,"Speaker Township, Precinct 1",Speaker Township Supervisor,,REP,Carolyn J. Fairman,217
Sanilac,"Speaker Township, Precinct 1",Speaker Township Supervisor,,REP,Write-In,8
Sanilac,"Speaker Township, Precinct 1",Speaker Township Supervisor,,REP,Ballots Cast,225
Sanilac,"Speaker Township, Precinct 1",Speaker Township Clerk,,REP,Write-In,23
Sanilac,"Speaker Township, Precinct 1",Speaker Township Clerk,,REP,Ballots Cast,23
Sanilac,"Speaker Township, Precinct 1",Speaker Township Treasurer,,REP,Write-In,16
Sanilac,"Speaker Township, Precinct 1",Speaker Township Treasurer,,REP,Ballots Cast,16
Sanilac,"Speaker Township, Precinct 1",Speaker Township Trustee,,REP,Write-In,26
Sanilac,"Speaker Township, Precinct 1",Speaker Township Trustee,,REP,Ballots Cast,26
Sanilac,"Washington Township, Precinct 1",Washington Township Supervisor,,REP,James J. Surbrook,202
Sanilac,"Washington Township, Precinct 1",Washington Township Supervisor,,REP,Ballots Cast,202
Sanilac,"Washington Township, Precinct 1",Washington Township Clerk,,REP,Nick Lien,212
Sanilac,"Washington Township, Precinct 1",Washington Township Clerk,,REP,Ballots Cast,212
Sanilac,"Washington Township, Precinct 1",Washington Township Treasurer,,REP,Susan Heberling,203
Sanilac,"Washington Township, Precinct 1",Washington Township Treasurer,,REP,Write-In,1
Sanilac,"Washington Township, Precinct 1",Washington Township Treasurer,,REP,Ballots Cast,204
Sanilac,"Washington Township, Precinct 1",Washington Township Trustee,,REP,Diana Lenk,145
Sanilac,"Washington Township, Precinct 1",Washington Township Trustee,,REP,John J. Hurley,180
Sanilac,"Washington Township, Precinct 1",Washington Township Trustee,,REP,Write-In,1
Sanilac,"Washington Township, Precinct 1",Washington Township Trustee,,REP,Ballots Cast,326
Sanilac,"Watertown Township, Precinct 1",Watertown Township Supervisor,,REP,Scott Kenny,311
Sanilac,"Watertown Township, Precinct 1",Watertown Township Supervisor,,REP,Write-In,1
Sanilac,"Watertown Township, Precinct 1",Watertown Township Supervisor,,REP,Ballots Cast,312
Sanilac,"Watertown Township, Precinct 1",Watertown Township Clerk,,REP,Diane Ferguson,68
Sanilac,"Watertown Township, Precinct 1",Watertown Township Clerk,,REP,Tammy Ross,271
Sanilac,"Watertown Township, Precinct 1",Watertown Township Clerk,,REP,Write-In,1
Sanilac,"Watertown Township, Precinct 1",Watertown Township Clerk,,REP,Ballots Cast,340
Sanilac,"Watertown Township, Precinct 1",Watertown Township Treasurer,,REP,Sheila Coats,304
Sanilac,"Watertown Township, Precinct 1",Watertown Township Treasurer,,REP,Write-In,5
Sanilac,"Watertown Township, Precinct 1",Watertown Township Treasurer,,REP,Ballots Cast,309
Sanilac,"Watertown Township, Precinct 1",Watertown Township Trustee,,REP,Rebecca A. Cambridge,248
Sanilac,"Watertown Township, Precinct 1",Watertown Township Trustee,,REP,Susan L. Cole,213
Sanilac,"Watertown Township, Precinct 1",Watertown Township Trustee,,REP,Write-In,1
Sanilac,"Watertown Township, Precinct 1",Watertown Township Trustee,,REP,Ballots Cast,462
Sanilac,"Wheatland Township, Precinct 1",Wheatland Township Supervisor,,REP,Douglas Neumayer,83
Sanilac,"Wheatland Township, Precinct 1",Wheatland Township Supervisor,,REP,Ballots Cast,83
Sanilac,"Wheatland Township, Precinct 1",Wheatland Township Clerk,,REP,Write-In,6
Sanilac,"Wheatland Township, Precinct 1",Wheatland Township Clerk,,REP,Ballots Cast,6
Sanilac,"Wheatland Township, Precinct 1",Wheatland Township Treasurer,,REP,Susan E. Nichol,86
Sanilac,"Wheatland Township, Precinct 1",Wheatland Township Treasurer,,REP,Ballots Cast,86
Sanilac,"Wheatland Township, Precinct 1",Wheatland Township Trustee,,REP,Grant M. Davidson,80
Sanilac,"Wheatland Township, Precinct 1",Wheatland Township Trustee,,REP,Write-In,4
Sanilac,"Wheatland Township, Precinct 1",Wheatland Township Trustee,,REP,Ballots Cast,84
Sanilac,"Worth Township, Precinct 1",Worth Township Supervisor,,REP,Walt F. Badgerow,474
Sanilac,"Worth Township, Precinct 1",Worth Township Supervisor,,REP,Write-In,19
Sanilac,"Worth Township, Precinct 1",Worth Township Supervisor,,REP,Ballots Cast,493
Sanilac,"Worth Township, Precinct 1",Worth Township Clerk,,REP,Jennifer Marshall,491
Sanilac,"Worth Township, Precinct 1",Worth Township Clerk,,REP,Write-In,13
Sanilac,"Worth Township, Precinct 1",Worth Township Clerk,,REP,Ballots Cast,504
Sanilac,"Worth Township, Precinct 1",Worth Township Treasurer,,REP,Gregory C. Biscorner,182
Sanilac,"Worth Township, Precinct 1",Worth Township Treasurer,,REP,Jennifer A. Woodruff,419
Sanilac,"Worth Township, Precinct 1",Worth Township Treasurer,,REP,Write-In,3
Sanilac,"Worth Township, Precinct 1",Worth Township Treasurer,,REP,Ballots Cast,604
Sanilac,"Worth Township, Precinct 1",Worth Township Trustee,,REP,Darlene Brown,97
Sanilac,"Worth Township, Precinct 1",Worth Township Trustee,,REP,David Palevich,98
Sanilac,"Worth Township, Precinct 1",Worth Township Trustee,,REP,Doug Varty,236
Sanilac,"Worth Township, Precinct 1",Worth Township Trustee,,REP,Gary G. Huvaere,209
Sanilac,"Worth Township, Precinct 1",Worth Township Trustee,,REP,John G. Yatros,176
Sanilac,"Worth Township, Precinct 1",Worth Township Trustee,,REP,Sally Jo Bucholtz,93
Sanilac,"Worth Township, Precinct 1",Worth Township Trustee,,REP,Todd W. Brown,170
Sanilac,"Worth Township, Precinct 1",Worth Township Trustee,,REP,Write-In,6
Sanilac,"Worth Township, Precinct 1",Worth Township Trustee,,REP,Ballots Cast,1085
Sanilac,"City of Sandusky, Precinct 1","City of Sandusky, Precinct 1 Precinct Delegate",,REP,Cindy Teeple,294
Sanilac,"City of Sandusky, Precinct 1","City of Sandusky, Precinct 1 Precinct Delegate",,REP,Kathy Spiegel,249
Sanilac,"City of Sandusky, Precinct 1","City of Sandusky, Precinct 1 Precinct Delegate",,REP,Michael Gleason,263
Sanilac,"City of Sandusky, Precinct 1","City of Sandusky, Precinct 1 Precinct Delegate",,REP,Write-In,1
Sanilac,"City of Sandusky, Precinct 1","City of Sandusky, Precinct 1 Precinct Delegate",,REP,Ballots Cast,807
Sanilac,"City of Marlette, Precinct 1","City of Marlette, Precinct 1 Precinct Delegate",,REP,Alyson Edwards,119
Sanilac,"City of Marlette, Precinct 1","City of Marlette, Precinct 1 Precinct Delegate",,REP,Dan Edwards,118
Sanilac,"City of Marlette, Precinct 1","City of Marlette, Precinct 1 Precinct Delegate",,REP,Philip McMillan,126
Sanilac,"City of Marlette, Precinct 1","City of Marlette, Precinct 1 Precinct Delegate",,REP,Write-In,3
Sanilac,"City of Marlette, Precinct 1","City of Marlette, Precinct 1 Precinct Delegate",,REP,Ballots Cast,366
Sanilac,"Argyle Township, Precinct 1","Argyle Township, Precinct 1 Precinct Delegate",,REP,Darlene Doerr,76
Sanilac,"Argyle Township, Precinct 1","Argyle Township, Precinct 1 Precinct Delegate",,REP,Vicki Badgley,74
Sanilac,"Argyle Township, Precinct 1","Argyle Township, Precinct 1 Precinct Delegate",,REP,Ballots Cast,150
Sanilac,"Bridgehampton Township, Precinct 1","Bridgehampton Township, Precinct 1 Precinct Delegate",,REP,David Eggert,72
Sanilac,"Bridgehampton Township, Precinct 1","Bridgehampton Township, Precinct 1 Precinct Delegate",,REP,Lee Eggert,63
Sanilac,"Bridgehampton Township, Precinct 1","Bridgehampton Township, Precinct 1 Precinct Delegate",,REP,Write-In,1
Sanilac,"Bridgehampton Township, Precinct 1","Bridgehampton Township, Precinct 1 Precinct Delegate",,REP,Ballots Cast,136
Sanilac,"Buel Township, Precinct 1","Buel Township, Precinct 1 Precinct Delegate",,REP,Adam L. Helfrich,167
Sanilac,"Buel Township, Precinct 1","Buel Township, Precinct 1 Precinct Delegate",,REP,Write-In,5
Sanilac,"Buel Township, Precinct 1","Buel Township, Precinct 1 Precinct Delegate",,REP,Ballots Cast,172
Sanilac,"Custer Township, Precinct 1","Custer Township, Precinct 1 Precinct Delegate",,REP,Write-In,11
Sanilac,"Custer Township, Precinct 1","Custer Township, Precinct 1 Precinct Delegate",,REP,Ballots Cast,11
Sanilac,"Elk Township, Precinct 1","Elk Township, Precinct 1 Precinct Delegate",,REP,William Black,187
Sanilac,"Elk Township, Precinct 1","Elk Township, Precinct 1 Precinct Delegate",,REP,Write-In,1
Sanilac,"Elk Township, Precinct 1","Elk Township, Precinct 1 Precinct Delegate",,REP,Ballots Cast,188
Sanilac,"Elmer Township, Precinct 1","Elmer Township, Precinct 1 Precinct Delegate",,REP,Carrie Kraft MacDougall,131
Sanilac,"Elmer Township, Precinct 1","Elmer Township, Precinct 1 Precinct Delegate",,REP,Write-In,1
Sanilac,"Elmer Township, Precinct 1","Elmer Township, Precinct 1 Precinct Delegate",,REP,Ballots Cast,132
Sanilac,"Flynn Township, Precinct 1","Flynn Township, Precinct 1 Precinct Delegate",,REP,Write-In,6
Sanilac,"Flynn Township, Precinct 1","Flynn Township, Precinct 1 Precinct Delegate",,REP,Ballots Cast,6
Sanilac,"Fremont Township, Precinct 1","Fremont Township, Precinct 1 Precinct Delegate",,REP,Write-In,5
Sanilac,"Fremont Township, Precinct 1","Fremont Township, Precinct 1 Precinct Delegate",,REP,Ballots Cast,5
Sanilac,"Lamotte Township, Precinct 1","Lamotte Township, Precinct 1 Precinct Delegate",,REP,Write-In,7
Sanilac,"Lamotte Township, Precinct 1","Lamotte Township, Precinct 1 Precinct Delegate",,REP,Ballots Cast,7
Sanilac,"Speaker Township, Precinct 1","Speaker Township, Precinct 1 Precinct Delegate",,REP,Write-In,22
Sanilac,"Speaker Township, Precinct 1","Speaker Township, Precinct 1 Precinct Delegate",,REP,Ballots Cast,22
Sanilac,"Washington Township, Precinct 1","Washington Township, Precinct 1 Precinct Delegate",,REP,Patty Alexander,186
Sanilac,"Washington Township, Precinct 1","Washington Township, Precinct 1 Precinct Delegate",,REP,Wendy I. Mazzie,142
Sanilac,"Washington Township, Precinct 1","Washington Township, Precinct 1 Precinct Delegate",,REP,Write-In,5
Sanilac,"Washington Township, Precinct 1","Washington Township, Precinct 1 Precinct Delegate",,REP,Ballots Cast,333
Sanilac,"Watertown Township, Precinct 1","Watertown Township, Precinct 1 Precinct Delegate",,REP,Write-In,1
Sanilac,"Watertown Township, Precinct 1","Watertown Township, Precinct 1 Precinct Delegate",,REP,Ballots Cast,1
Sanilac,"Wheatland Township, Precinct 1","Wheatland Township, Precinct 1 Precinct Delegate",,REP,Write-In,1
Sanilac,"Wheatland Township, Precinct 1","Wheatland Township, Precinct 1 Precinct Delegate",,REP,Ballots Cast,1
Sanilac,"City of Brown City, Precinct 1","City of Brown City, Precinct 1 Precinct Delegate",,REP,Write-In,11
Sanilac,"City of Brown City, Precinct 1","City of Brown City, Precinct 1 Precinct Delegate",,REP,Ballots Cast,11
Sanilac,"City of Croswell, Precinct 1","City of Croswell, Precinct 1 Precinct Delegate",,REP,Sal Hernandez,232
Sanilac,"City of Croswell, Precinct 1","City of Croswell, Precinct 1 Precinct Delegate",,REP,Write-In,3
Sanilac,"City of Croswell, Precinct 1","City of Croswell, Precinct 1 Precinct Delegate",,REP,Ballots Cast,235
Sanilac,"Austin Township, Precinct 1","Austin Township, Precinct 1 Precinct Delegate",,REP,Write-In,2
Sanilac,"Austin Township, Precinct 1","Austin Township, Precinct 1 Precinct Delegate",,REP,Ballots Cast,2
Sanilac,"Delaware Township, Precinct 1","Delaware Township, Precinct 1 Precinct Delegate",,REP,Write-In,2
Sanilac,"Delaware Township, Precinct 1","Delaware Township, Precinct 1 Precinct Delegate",,REP,Ballots Cast,2
Sanilac,"Evergreen Township, Precinct 1","Evergreen Township, Precinct 1 Precinct Delegate",,REP,Write-In,5
Sanilac,"Evergreen Township, Precinct 1","Evergreen Township, Precinct 1 Precinct Delegate",,REP,Ballots Cast,5
Sanilac,"Forester Township, Precinct 1","Forester Township, Precinct 1 Precinct Delegate",,REP,Dale Linda Eugster,86
Sanilac,"Forester Township, Precinct 1","Forester Township, Precinct 1 Precinct Delegate",,REP,Jeanne Harper,120
Sanilac,"Forester Township, Precinct 1","Forester Township, Precinct 1 Precinct Delegate",,REP,Write-In,3
Sanilac,"Forester Township, Precinct 1","Forester Township, Precinct 1 Precinct Delegate",,REP,Ballots Cast,209
Sanilac,"Greenleaf Township, Precinct 1","Greenleaf Township, Precinct 1 Precinct Delegate",,REP,Write-In,1
Sanilac,"Greenleaf Township, Precinct 1","Greenleaf Township, Precinct 1 Precinct Delegate",,REP,Ballots Cast,1
Sanilac,"Lexington Township, Precinct 1","Lexington Township, Precinct 1 Precinct Delegate",,REP,Write-In,14
Sanilac,"Lexington Township, Precinct 1","Lexington Township, Precinct 1 Precinct Delegate",,REP,Ballots Cast,14
Sanilac,"Maple Valley Township, Precinct 1","Maple Valley Township, Precinct 1 Precinct Delegate",,REP,Suzanne Shafer,117
Sanilac,"Maple Valley Township, Precinct 1","Maple Valley Township, Precinct 1 Precinct Delegate",,REP,Write-In,4
Sanilac,"Maple Valley Township, Precinct 1","Maple Valley Township, Precinct 1 Precinct Delegate",,REP,Ballots Cast,121
Sanilac,"Marion Township, Precinct 1","Marion Township, Precinct 1 Precinct Delegate",,REP,Judith Mabel Darlington,192
Sanilac,"Marion Township, Precinct 1","Marion Township, Precinct 1 Precinct Delegate",,REP,Kimberly Thompson,196
Sanilac,"Marion Township, Precinct 1","Marion Township, Precinct 1 Precinct Delegate",,REP,Write-In,7
Sanilac,"Marion Township, Precinct 1","Marion Township, Precinct 1 Precinct Delegate",,REP,Ballots Cast,395
Sanilac,"Marlette Township, Precinct 1","Marlette Township, Precinct 1 Precinct Delegate",,REP,Carleen R. Foster,186
Sanilac,"Marlette Township, Precinct 1","Marlette Township, Precinct 1 Precinct Delegate",,REP,Carol Volz,179
Sanilac,"Marlette Township, Precinct 1","Marlette Township, Precinct 1 Precinct Delegate",,REP,Write-In,1
Sanilac,"Marlette Township, Precinct 1","Marlette Township, Precinct 1 Precinct Delegate",,REP,Ballots Cast,366
Sanilac,"Minden Township, Precinct 1","Minden Township, Precinct 1 Precinct Delegate",,REP,Brian D. Williams,64
Sanilac,"Minden Township, Precinct 1","Minden Township, Precinct 1 Precinct Delegate",,REP,Michelle M. Pollum,74
Sanilac,"Minden Township, Precinct 1","Minden Township, Precinct 1 Precinct Delegate",,REP,Ballots Cast,138
Sanilac,"Moore Township, Precinct 1","Moore Township, Precinct 1 Precinct Delegate",,REP,Debby Morden,153
Sanilac,"Moore Township, Precinct 1","Moore Township, Precinct 1 Precinct Delegate",,REP,Mary B. Ostrand,112
Sanilac,"Moore Township, Precinct 1","Moore Township, Precinct 1 Precinct Delegate",,REP,Ballots Cast,265
Sanilac,"Sanilac Township, Precinct 1","Sanilac Township, Precinct 1 Precinct Delegate",,REP,Diane Zentgrebe,262
Sanilac,"Sanilac Township, Precinct 1","Sanilac Township, Precinct 1 Precinct Delegate",,REP,Jan Kargl,251
Sanilac,"Sanilac Township, Precinct 1","Sanilac Township, Precinct 1 Precinct Delegate",,REP,Kimberly Cory,291
Sanilac,"Sanilac Township, Precinct 1","Sanilac Township, Precinct 1 Precinct Delegate",,REP,Write-In,28
Sanilac,"Sanilac Township, Precinct 1","Sanilac Township, Precinct 1 Precinct Delegate",,REP,Ballots Cast,832
Sanilac,"Worth Township, Precinct 1","Worth Township, Precinct 1 Precinct Delegate",,REP,Darlene Brown,338
Sanilac,"Worth Township, Precinct 1","Worth Township, Precinct 1 Precinct Delegate",,REP,Walt F. Badgerow,396
Sanilac,"Worth Township, Precinct 1","Worth Township, Precinct 1 Precinct Delegate",,REP,Write-In,16
Sanilac,"Worth Township, Precinct 1","Worth Township, Precinct 1 Precinct Delegate",,REP,Ballots Cast,750
Sanilac,"Argyle Township, Precinct 1",Renewal of Sanilac County Senior Citizens Service Millage,,,No,44
Sanilac,"Argyle Township, Precinct 1",Renewal of Sanilac County Senior Citizens Service Millage,,,Yes,104
Sanilac,"Argyle Township, Precinct 1",Renewal of Sanilac County Senior Citizens Service Millage,,,Ballots Cast,148
Sanilac,"Austin Township, Precinct 1",Renewal of Sanilac County Senior Citizens Service Millage,,,No,26
Sanilac,"Austin Township, Precinct 1",Renewal of Sanilac County Senior Citizens Service Millage,,,Yes,61
Sanilac,"Austin Township, Precinct 1",Renewal of Sanilac County Senior Citizens Service Millage,,,Ballots Cast,87
Sanilac,"Bridgehampton Township, Precinct 1",Renewal of Sanilac County Senior Citizens Service Millage,,,No,30
Sanilac,"Bridgehampton Township, Precinct 1",Renewal of Sanilac County Senior Citizens Service Millage,,,Yes,74
Sanilac,"Bridgehampton Township, Precinct 1",Renewal of Sanilac County Senior Citizens Service Millage,,,Ballots Cast,104
Sanilac,"Buel Township, Precinct 1",Renewal of Sanilac County Senior Citizens Service Millage,,,No,43
Sanilac,"Buel Township, Precinct 1",Renewal of Sanilac County Senior Citizens Service Millage,,,Yes,173
Sanilac,"Buel Township, Precinct 1",Renewal of Sanilac County Senior Citizens Service Millage,,,Ballots Cast,216
Sanilac,"City of Brown City, Precinct 1",Renewal of Sanilac County Senior Citizens Service Millage,,,No,26
Sanilac,"City of Brown City, Precinct 1",Renewal of Sanilac County Senior Citizens Service Millage,,,Yes,110
Sanilac,"City of Brown City, Precinct 1",Renewal of Sanilac County Senior Citizens Service Millage,,,Ballots Cast,136
Sanilac,"City of Croswell, Precinct 1",Renewal of Sanilac County Senior Citizens Service Millage,,,No,35
Sanilac,"City of Croswell, Precinct 1",Renewal of Sanilac County Senior Citizens Service Millage,,,Yes,276
Sanilac,"City of Croswell, Precinct 1",Renewal of Sanilac County Senior Citizens Service Millage,,,Ballots Cast,311
Sanilac,"City of Marlette, Precinct 1",Renewal of Sanilac County Senior Citizens Service Millage,,,No,40
Sanilac,"City of Marlette, Precinct 1",Renewal of Sanilac County Senior Citizens Service Millage,,,Yes,162
Sanilac,"City of Marlette, Precinct 1",Renewal of Sanilac County Senior Citizens Service Millage,,,Ballots Cast,202
Sanilac,"City of Sandusky, Precinct 1",Renewal of Sanilac County Senior Citizens Service Millage,,,No,94
Sanilac,"City of Sandusky, Precinct 1",Renewal of Sanilac County Senior Citizens Service Millage,,,Yes,462
Sanilac,"City of Sandusky, Precinct 1",Renewal of Sanilac County Senior Citizens Service Millage,,,Ballots Cast,556
Sanilac,"Custer Township, Precinct 1",Renewal of Sanilac County Senior Citizens Service Millage,,,No,43
Sanilac,"Custer Township, Precinct 1",Renewal of Sanilac County Senior Citizens Service Millage,,,Yes,237
Sanilac,"Custer Township, Precinct 1",Renewal of Sanilac County Senior Citizens Service Millage,,,Ballots Cast,280
Sanilac,"Delaware Township, Precinct 1",Renewal of Sanilac County Senior Citizens Service Millage,,,No,28
Sanilac,"Delaware Township, Precinct 1",Renewal of Sanilac County Senior Citizens Service Millage,,,Yes,126
Sanilac,"Delaware Township, Precinct 1",Renewal of Sanilac County Senior Citizens Service Millage,,,Ballots Cast,154
Sanilac,"Elk Township, Precinct 1",Renewal of Sanilac County Senior Citizens Service Millage,,,No,62
Sanilac,"Elk Township, Precinct 1",Renewal of Sanilac County Senior Citizens Service Millage,,,Yes,184
Sanilac,"Elk Township, Precinct 1",Renewal of Sanilac County Senior Citizens Service Millage,,,Ballots Cast,246
Sanilac,"Elmer Township, Precinct 1",Renewal of Sanilac County Senior Citizens Service Millage,,,No,34
Sanilac,"Elmer Township, Precinct 1",Renewal of Sanilac County Senior Citizens Service Millage,,,Yes,138
Sanilac,"Elmer Township, Precinct 1",Renewal of Sanilac County Senior Citizens Service Millage,,,Ballots Cast,172
Sanilac,"Evergreen Township, Precinct 1",Renewal of Sanilac County Senior Citizens Service Millage,,,No,27
Sanilac,"Evergreen Township, Precinct 1",Renewal of Sanilac County Senior Citizens Service Millage,,,Yes,89
Sanilac,"Evergreen Township, Precinct 1",Renewal of Sanilac County Senior Citizens Service Millage,,,Ballots Cast,116
Sanilac,"Flynn Township, Precinct 1",Renewal of Sanilac County Senior Citizens Service Millage,,,No,28
Sanilac,"Flynn Township, Precinct 1",Renewal of Sanilac County Senior Citizens Service Millage,,,Yes,97
Sanilac,"Flynn Township, Precinct 1",Renewal of Sanilac County Senior Citizens Service Millage,,,Ballots Cast,125
Sanilac,"Forester Township, Precinct 1",Renewal of Sanilac County Senior Citizens Service Millage,,,No,32
Sanilac,"Forester Township, Precinct 1",Renewal of Sanilac County Senior Citizens Service Millage,,,Yes,197
Sanilac,"Forester Township, Precinct 1",Renewal of Sanilac County Senior Citizens Service Millage,,,Ballots Cast,229
Sanilac,"Fremont Township, Precinct 1",Renewal of Sanilac County Senior Citizens Service Millage,,,No,40
Sanilac,"Fremont Township, Precinct 1",Renewal of Sanilac County Senior Citizens Service Millage,,,Yes,132
Sanilac,"Fremont Township, Precinct 1",Renewal of Sanilac County Senior Citizens Service Millage,,,Ballots Cast,172
Sanilac,"Greenleaf Township, Precinct 1",Renewal of Sanilac County Senior Citizens Service Millage,,,No,32
Sanilac,"Greenleaf Township, Precinct 1",Renewal of Sanilac County Senior Citizens Service Millage,,,Yes,60
Sanilac,"Greenleaf Township, Precinct 1",Renewal of Sanilac County Senior Citizens Service Millage,,,Ballots Cast,92
Sanilac,"Lamotte Township, Precinct 1",Renewal of Sanilac County Senior Citizens Service Millage,,,No,29
Sanilac,"Lamotte Township, Precinct 1",Renewal of Sanilac County Senior Citizens Service Millage,,,Yes,119
Sanilac,"Lamotte Township, Precinct 1",Renewal of Sanilac County Senior Citizens Service Millage,,,Ballots Cast,148
Sanilac,"Lexington Township, Precinct 1",Renewal of Sanilac County Senior Citizens Service Millage,,,No,138
Sanilac,"Lexington Township, Precinct 1",Renewal of Sanilac County Senior Citizens Service Millage,,,Yes,598
Sanilac,"Lexington Township, Precinct 1",Renewal of Sanilac County Senior Citizens Service Millage,,,Ballots Cast,736
Sanilac,"Maple Valley Township, Precinct 1",Renewal of Sanilac County Senior Citizens Service Millage,,,No,27
Sanilac,"Maple Valley Township, Precinct 1",Renewal of Sanilac County Senior Citizens Service Millage,,,Yes,134
Sanilac,"Maple Valley Township, Precinct 1",Renewal of Sanilac County Senior Citizens Service Millage,,,Ballots Cast,161
Sanilac,"Marion Township, Precinct 1",Renewal of Sanilac County Senior Citizens Service Millage,,,No,59
Sanilac,"Marion Township, Precinct 1",Renewal of Sanilac County Senior Citizens Service Millage,,,Yes,254
Sanilac,"Marion Township, Precinct 1",Renewal of Sanilac County Senior Citizens Service Millage,,,Ballots Cast,313
Sanilac,"Marlette Township, Precinct 1",Renewal of Sanilac County Senior Citizens Service Millage,,,No,63
Sanilac,"Marlette Township, Precinct 1",Renewal of Sanilac County Senior Citizens Service Millage,,,Yes,204
Sanilac,"Marlette Township, Precinct 1",Renewal of Sanilac County Senior Citizens Service Millage,,,Ballots Cast,267
Sanilac,"Minden Township, Precinct 1",Renewal of Sanilac County Senior Citizens Service Millage,,,No,30
Sanilac,"Minden Township, Precinct 1",Renewal of Sanilac County Senior Citizens Service Millage,,,Yes,104
Sanilac,"Minden Township, Precinct 1",Renewal of Sanilac County Senior Citizens Service Millage,,,Ballots Cast,134
Sanilac,"Moore Township, Precinct 1",Renewal of Sanilac County Senior Citizens Service Millage,,,No,53
Sanilac,"Moore Township, Precinct 1",Renewal of Sanilac County Senior Citizens Service Millage,,,Yes,170
Sanilac,"Moore Township, Precinct 1",Renewal of Sanilac County Senior Citizens Service Millage,,,Ballots Cast,223
Sanilac,"Sanilac Township, Precinct 1",Renewal of Sanilac County Senior Citizens Service Millage,,,No,104
Sanilac,"Sanilac Township, Precinct 1",Renewal of Sanilac County Senior Citizens Service Millage,,,Yes,457
Sanilac,"Sanilac Township, Precinct 1",Renewal of Sanilac County Senior Citizens Service Millage,,,Ballots Cast,561
Sanilac,"Speaker Township, Precinct 1",Renewal of Sanilac County Senior Citizens Service Millage,,,No,111
Sanilac,"Speaker Township, Precinct 1",Renewal of Sanilac County Senior Citizens Service Millage,,,Yes,254
Sanilac,"Speaker Township, Precinct 1",Renewal of Sanilac County Senior Citizens Service Millage,,,Ballots Cast,365
Sanilac,"Washington Township, Precinct 1",Renewal of Sanilac County Senior Citizens Service Millage,,,No,45
Sanilac,"Washington Township, Precinct 1",Renewal of Sanilac County Senior Citizens Service Millage,,,Yes,192
Sanilac,"Washington Township, Precinct 1",Renewal of Sanilac County Senior Citizens Service Millage,,,Ballots Cast,237
Sanilac,"Watertown Township, Precinct 1",Renewal of Sanilac County Senior Citizens Service Millage,,,No,97
Sanilac,"Watertown Township, Precinct 1",Renewal of Sanilac County Senior Citizens Service Millage,,,Yes,278
Sanilac,"Watertown Township, Precinct 1",Renewal of Sanilac County Senior Citizens Service Millage,,,Ballots Cast,375
Sanilac,"Wheatland Township, Precinct 1",Renewal of Sanilac County Senior Citizens Service Millage,,,No,14
Sanilac,"Wheatland Township, Precinct 1",Renewal of Sanilac County Senior Citizens Service Millage,,,Yes,72
Sanilac,"Wheatland Township, Precinct 1",Renewal of Sanilac County Senior Citizens Service Millage,,,Ballots Cast,86
Sanilac,"Worth Township, Precinct 1",Renewal of Sanilac County Senior Citizens Service Millage,,,No,225
Sanilac,"Worth Township, Precinct 1",Renewal of Sanilac County Senior Citizens Service Millage,,,Yes,667
Sanilac,"Worth Township, Precinct 1",Renewal of Sanilac County Senior Citizens Service Millage,,,Ballots Cast,892
Sanilac,"City of Brown City, Precinct 1",LaPeer County - Emergency Medical Service Authority Millage Renewal Authorization for Six Years,,,Ballots Cast,0
Sanilac,"City of Brown City, Precinct 1",LaPeer - Veterans Affairs Millage Proposal,,,Ballots Cast,0
Sanilac,"Argyle Township, Precinct 1",Argyle Township-Tax Limitation Proposal B Renewal of Road Millage,,,No,41
Sanilac,"Argyle Township, Precinct 1",Argyle Township-Tax Limitation Proposal B Renewal of Road Millage,,,Yes,105
Sanilac,"Argyle Township, Precinct 1",Argyle Township-Tax Limitation Proposal B Renewal of Road Millage,,,Ballots Cast,146
Sanilac,"Argyle Township, Precinct 1",Argyle Township Proposal A Headlee Override Millage Proposal,,,No,75
Sanilac,"Argyle Township, Precinct 1",Argyle Township Proposal A Headlee Override Millage Proposal,,,Yes,72
Sanilac,"Argyle Township, Precinct 1",Argyle Township Proposal A Headlee Override Millage Proposal,,,Ballots Cast,147
Sanilac,"Argyle Township, Precinct 1",Argyle Township-Tax Limitation Proposal A Renewal of Fire Millage,,,No,36
Sanilac,"Argyle Township, Precinct 1",Argyle Township-Tax Limitation Proposal A Renewal of Fire Millage,,,Yes,106
Sanilac,"Argyle Township, Precinct 1",Argyle Township-Tax Limitation Proposal A Renewal of Fire Millage,,,Ballots Cast,142
Sanilac,"Bridgehampton Township, Precinct 1",Bridgehampton Township-Township Fire Service Millage Proposal,,,No,42
Sanilac,"Bridgehampton Township, Precinct 1",Bridgehampton Township-Township Fire Service Millage Proposal,,,Yes,62
Sanilac,"Bridgehampton Township, Precinct 1",Bridgehampton Township-Township Fire Service Millage Proposal,,,Ballots Cast,104
Sanilac,"Custer Township, Precinct 1",Custer Township Tax Limitation Proposal A Renewal of Road Millage,,,No,56
Sanilac,"Custer Township, Precinct 1",Custer Township Tax Limitation Proposal A Renewal of Road Millage,,,Yes,225
Sanilac,"Custer Township, Precinct 1",Custer Township Tax Limitation Proposal A Renewal of Road Millage,,,Ballots Cast,281
Sanilac,"Evergreen Township, Precinct 1",Evergreen Township-Road Millage Renewal,,,No,32
Sanilac,"Evergreen Township, Precinct 1",Evergreen Township-Road Millage Renewal,,,Yes,84
Sanilac,"Evergreen Township, Precinct 1",Evergreen Township-Road Millage Renewal,,,Ballots Cast,116
Sanilac,"Flynn Township, Precinct 1",Flynn Township-Road Maintenance Millage,,,No,38
Sanilac,"Flynn Township, Precinct 1",Flynn Township-Road Maintenance Millage,,,Yes,87
Sanilac,"Flynn Township, Precinct 1",Flynn Township-Road Maintenance Millage,,,Ballots Cast,125
Sanilac,"Fremont Township, Precinct 1",Fremont Township-Road Millage Renewal Propsal,,,No,48
Sanilac,"Fremont Township, Precinct 1",Fremont Township-Road Millage Renewal Propsal,,,Yes,125
Sanilac,"Fremont Township, Precinct 1",Fremont Township-Road Millage Renewal Propsal,,,Ballots Cast,173
Sanilac,"Greenleaf Township, Precinct 1",Greenleaf Township-Fire and Emergency Services,,,No,21
Sanilac,"Greenleaf Township, Precinct 1",Greenleaf Township-Fire and Emergency Services,,,Yes,71
Sanilac,"Greenleaf Township, Precinct 1",Greenleaf Township-Fire and Emergency Services,,,Ballots Cast,92
Sanilac,"Greenleaf Township, Precinct 1",Greenleaf Township-Road Millage Renewal,,,No,28
Sanilac,"Greenleaf Township, Precinct 1",Greenleaf Township-Road Millage Renewal,,,Yes,65
Sanilac,"Greenleaf Township, Precinct 1",Greenleaf Township-Road Millage Renewal,,,Ballots Cast,93
Sanilac,"Lamotte Township, Precinct 1",Lamotte Township-Road Millage,,,No,44
Sanilac,"Lamotte Township, Precinct 1",Lamotte Township-Road Millage,,,Yes,105
Sanilac,"Lamotte Township, Precinct 1",Lamotte Township-Road Millage,,,Ballots Cast,149
Sanilac,"Marion Township, Precinct 1",Marion Township-Fire Protection Millage,,,No,85
Sanilac,"Marion Township, Precinct 1",Marion Township-Fire Protection Millage,,,Yes,232
Sanilac,"Marion Township, Precinct 1",Marion Township-Fire Protection Millage,,,Ballots Cast,317
Sanilac,"Marion Township, Precinct 1",Marion Township-Road Millage Renewal,,,No,75
Sanilac,"Marion Township, Precinct 1",Marion Township-Road Millage Renewal,,,Yes,237
Sanilac,"Marion Township, Precinct 1",Marion Township-Road Millage Renewal,,,Ballots Cast,312
Sanilac,"Speaker Township, Precinct 1",Speaker Township Zoning Ordinance Referendum,,,No,122
Sanilac,"Speaker Township, Precinct 1",Speaker Township Zoning Ordinance Referendum,,,Yes,248
Sanilac,"Speaker Township, Precinct 1",Speaker Township Zoning Ordinance Referendum,,,Ballots Cast,370
Sanilac,"Speaker Township, Precinct 1",Speaker Township Road Millage Proposal,,,No,183
Sanilac,"Speaker Township, Precinct 1",Speaker Township Road Millage Proposal,,,Yes,182
Sanilac,"Speaker Township, Precinct 1",Speaker Township Road Millage Proposal,,,Ballots Cast,365
Sanilac,"Watertown Township, Precinct 1",Watertown Township-Proposal For Renewal of Road Millage,,,No,96
Sanilac,"Watertown Township, Precinct 1",Watertown Township-Proposal For Renewal of Road Millage,,,Yes,281
Sanilac,"Watertown Township, Precinct 1",Watertown Township-Proposal For Renewal of Road Millage,,,Ballots Cast,377
Sanilac,"Worth Township, Precinct 1",Worth Township-Millage Renewal Proposal For Public Safety,,,No,232
Sanilac,"Worth Township, Precinct 1",Worth Township-Millage Renewal Proposal For Public Safety,,,Yes,657
Sanilac,"Worth Township, Precinct 1",Worth Township-Millage Renewal Proposal For Public Safety,,,Ballots Cast,889
Sanilac,"Marion Township, Precinct 1",Village of Deckerville Fire Protection Millage Proposal,,,No,41
Sanilac,"Marion Township, Precinct 1",Village of Deckerville Fire Protection Millage Proposal,,,Yes,78
Sanilac,"Marion Township, Precinct 1",Village of Deckerville Fire Protection Millage Proposal,,,Ballots Cast,119
Sanilac,"Argyle Township, Precinct 1",Sandusky Community Schools Bond Proposal,,,No,34
Sanilac,"Argyle Township, Precinct 1",Sandusky Community Schools Bond Proposal,,,Yes,30
Sanilac,"Argyle Township, Precinct 1",Sandusky Community Schools Bond Proposal,,,Ballots Cast,64
Sanilac,"Bridgehampton Township, Precinct 1",Sandusky Community Schools Bond Proposal,,,No,4
Sanilac,"Bridgehampton Township, Precinct 1",Sandusky Community Schools Bond Proposal,,,Yes,2
Sanilac,"Bridgehampton Township, Precinct 1",Sandusky Community Schools Bond Proposal,,,Ballots Cast,6
Sanilac,"Buel Township, Precinct 1",Sandusky Community Schools Bond Proposal,,,No,1
Sanilac,"Buel Township, Precinct 1",Sandusky Community Schools Bond Proposal,,,Yes,5
Sanilac,"Buel Township, Precinct 1",Sandusky Community Schools Bond Proposal,,,Ballots Cast,6
Sanilac,"City of Sandusky, Precinct 1",Sandusky Community Schools Bond Proposal,,,No,182
Sanilac,"City of Sandusky, Precinct 1",Sandusky Community Schools Bond Proposal,,,Yes,380
Sanilac,"City of Sandusky, Precinct 1",Sandusky Community Schools Bond Proposal,,,Ballots Cast,562
Sanilac,"Custer Township, Precinct 1",Sandusky Community Schools Bond Proposal,,,No,96
Sanilac,"Custer Township, Precinct 1",Sandusky Community Schools Bond Proposal,,,Yes,153
Sanilac,"Custer Township, Precinct 1",Sandusky Community Schools Bond Proposal,,,Ballots Cast,249
Sanilac,"Elk Township, Precinct 1",Sandusky Community Schools Bond Proposal,,,No,7
Sanilac,"Elk Township, Precinct 1",Sandusky Community Schools Bond Proposal,,,Yes,11
Sanilac,"Elk Township, Precinct 1",Sandusky Community Schools Bond Proposal,,,Ballots Cast,18
Sanilac,"Elmer Township, Precinct 1",Sandusky Community Schools Bond Proposal,,,No,64
Sanilac,"Elmer Township, Precinct 1",Sandusky Community Schools Bond Proposal,,,Yes,74
Sanilac,"Elmer Township, Precinct 1",Sandusky Community Schools Bond Proposal,,,Ballots Cast,138
Sanilac,"Flynn Township, Precinct 1",Sandusky Community Schools Bond Proposal,,,No,4
Sanilac,"Flynn Township, Precinct 1",Sandusky Community Schools Bond Proposal,,,Ballots Cast,4
Sanilac,"Lamotte Township, Precinct 1",Sandusky Community Schools Bond Proposal,,,No,1
Sanilac,"Lamotte Township, Precinct 1",Sandusky Community Schools Bond Proposal,,,Yes,1
Sanilac,"Lamotte Township, Precinct 1",Sandusky Community Schools Bond Proposal,,,Ballots Cast,2
Sanilac,"Moore Township, Precinct 1",Sandusky Community Schools Bond Proposal,,,No,111
Sanilac,"Moore Township, Precinct 1",Sandusky Community Schools Bond Proposal,,,Yes,112
Sanilac,"Moore Township, Precinct 1",Sandusky Community Schools Bond Proposal,,,Ballots Cast,223
Sanilac,"Washington Township, Precinct 1",Sandusky Community Schools Bond Proposal,,,No,5
Sanilac,"Washington Township, Precinct 1",Sandusky Community Schools Bond Proposal,,,Yes,12
Sanilac,"Washington Township, Precinct 1",Sandusky Community Schools Bond Proposal,,,Ballots Cast,17
Sanilac,"Watertown Township, Precinct 1",Sandusky Community Schools Bond Proposal,,,No,174
Sanilac,"Watertown Township, Precinct 1",Sandusky Community Schools Bond Proposal,,,Yes,207
Sanilac,"Watertown Township, Precinct 1",Sandusky Community Schools Bond Proposal,,,Ballots Cast,381
Sanilac,"Wheatland Township, Precinct 1",Sandusky Community Schools Bond Proposal,,,Yes,1
Sanilac,"Wheatland Township, Precinct 1",Sandusky Community Schools Bond Proposal,,,Ballots Cast,1
Sanilac,"Argyle Township, Precinct 1",Ubly Community Schools Operating Millage Renewal Proposal,,,No,17
Sanilac,"Argyle Township, Precinct 1",Ubly Community Schools Operating Millage Renewal Proposal,,,Yes,9
Sanilac,"Argyle Township, Precinct 1",Ubly Community Schools Operating Millage Renewal Proposal,,,Ballots Cast,26
Sanilac,"Austin Township, Precinct 1",Ubly Community Schools Operating Millage Renewal Proposal,,,No,41
Sanilac,"Austin Township, Precinct 1",Ubly Community Schools Operating Millage Renewal Proposal,,,Yes,45
Sanilac,"Austin Township, Precinct 1",Ubly Community Schools Operating Millage Renewal Proposal,,,Ballots Cast,86
Sanilac,"Delaware Township, Precinct 1",Ubly Community Schools Operating Millage Renewal Proposal,,,No,14
Sanilac,"Delaware Township, Precinct 1",Ubly Community Schools Operating Millage Renewal Proposal,,,Yes,11
Sanilac,"Delaware Township, Precinct 1",Ubly Community Schools Operating Millage Renewal Proposal,,,Ballots Cast,25
Sanilac,"Greenleaf Township, Precinct 1",Ubly Community Schools Operating Millage Renewal Proposal,,,No,7
Sanilac,"Greenleaf Township, Precinct 1",Ubly Community Schools Operating Millage Renewal Proposal,,,Yes,3
Sanilac,"Greenleaf Township, Precinct 1",Ubly Community Schools Operating Millage Renewal Proposal,,,Ballots Cast,10
Sanilac,"Minden Township, Precinct 1",Ubly Community Schools Operating Millage Renewal Proposal,,,No,38
Sanilac,"Minden Township, Precinct 1",Ubly Community Schools Operating Millage Renewal Proposal,,,Yes,60
Sanilac,"Minden Township, Precinct 1",Ubly Community Schools Operating Millage Renewal Proposal,,,Ballots Cast,98
Sanilac,"Fremont Township, Precinct 1",St. Clair County Community College Headlee Override Millage Restoration Proposal,,,No,3
Sanilac,"Fremont Township, Precinct 1",St. Clair County Community College Headlee Override Millage Restoration Proposal,,,Yes,2
Sanilac,"Fremont Township, Precinct 1",St. Clair County Community College Headlee Override Millage Restoration Proposal,,,Ballots Cast,5
Sanilac,"Speaker Township, Precinct 1",St. Clair County Community College Headlee Override Millage Restoration Proposal,,,No,25
Sanilac,"Speaker Township, Precinct 1",St. Clair County Community College Headlee Override Millage Restoration Proposal,,,Yes,10
Sanilac,"Speaker Township, Precinct 1",St. Clair County Community College Headlee Override Millage Restoration Proposal,,,Ballots Cast,35
Sanilac,"Lexington Township, Precinct 1",Moore Library Millage Renewal Proposal,,,No,58
Sanilac,"Lexington Township, Precinct 1",Moore Library Millage Renewal Proposal,,,Yes,231
Sanilac,"Lexington Township, Precinct 1",Moore Library Millage Renewal Proposal,,,Ballots Cast,289
Sanilac,"Worth Township, Precinct 1",Moore Library Millage Renewal Proposal,,,No,328
Sanilac,"Worth Township, Precinct 1",Moore Library Millage Renewal Proposal,,,Yes,563
Sanilac,"Worth Township, Precinct 1",Moore Library Millage Renewal Proposal,,,Ballots Cast,891
