county,precinct,office,district,party,candidate,votes
Mecosta,"Aetna Township, Precinct 1",U.S. Senate,,DEM,Elissa Slotkin,52
Mecosta,"Aetna Township, Precinct 1",U.S. Senate,,DEM,Hill Harper,6
Mecosta,"Aetna Township, Precinct 1",U.S. Senate,,DEM,Ballots Cast,422
Mecosta,"Austin Township, Precinct 1",U.S. Senate,,DEM,Elissa Slotkin,58
Mecosta,"Austin Township, Precinct 1",U.S. Senate,,DEM,Hill Harper,12
Mecosta,"Austin Township, Precinct 1",U.S. Senate,,DEM,Ballots Cast,326
Mecosta,"Big Rapids Charter Township, Precinct 1",U.S. Senate,,DEM,Elissa Slotkin,183
Mecosta,"Big Rapids Charter Township, Precinct 1",U.S. Senate,,DEM,Hill Harper,31
Mecosta,"Big Rapids Charter Township, Precinct 1",U.S. Senate,,DEM,Ballots Cast,1074
Mecosta,"City of Big Rapids, Precinct 1",U.S. Senate,,DEM,Elissa Slotkin,88
Mecosta,"City of Big Rapids, Precinct 1",U.S. Senate,,DEM,Hill Harper,14
Mecosta,"City of Big Rapids, Precinct 1",U.S. Senate,,DEM,Ballots Cast,271
Mecosta,"City of Big Rapids, Precinct 2",U.S. Senate,,DEM,Elissa Slotkin,122
Mecosta,"City of Big Rapids, Precinct 2",U.S. Senate,,DEM,Hill Harper,23
Mecosta,"City of Big Rapids, Precinct 2",U.S. Senate,,DEM,Ballots Cast,374
Mecosta,"City of Big Rapids, Precinct 3",U.S. Senate,,DEM,Elissa Slotkin,46
Mecosta,"City of Big Rapids, Precinct 3",U.S. Senate,,DEM,Hill Harper,27
Mecosta,"City of Big Rapids, Precinct 3",U.S. Senate,,DEM,Ballots Cast,245
Mecosta,"Chippewa Township, Precinct 1",U.S. Senate,,DEM,Elissa Slotkin,61
Mecosta,"Chippewa Township, Precinct 1",U.S. Senate,,DEM,Hill Harper,11
Mecosta,"Chippewa Township, Precinct 1",U.S. Senate,,DEM,Ballots Cast,387
Mecosta,"Colfax Township, Precinct 1",U.S. Senate,,DEM,Elissa Slotkin,93
Mecosta,"Colfax Township, Precinct 1",U.S. Senate,,DEM,Hill Harper,16
Mecosta,"Colfax Township, Precinct 1",U.S. Senate,,DEM,Ballots Cast,624
Mecosta,"Deerfield Township, Precinct 1",U.S. Senate,,DEM,Elissa Slotkin,41
Mecosta,"Deerfield Township, Precinct 1",U.S. Senate,,DEM,Hill Harper,12
Mecosta,"Deerfield Township, Precinct 1",U.S. Senate,,DEM,Ballots Cast,296
Mecosta,"Fork Township, Precinct 1",U.S. Senate,,DEM,Elissa Slotkin,43
Mecosta,"Fork Township, Precinct 1",U.S. Senate,,DEM,Hill Harper,17
Mecosta,"Fork Township, Precinct 1",U.S. Senate,,DEM,Ballots Cast,319
Mecosta,"Grant Township, Precinct 1",U.S. Senate,,DEM,Elissa Slotkin,23
Mecosta,"Grant Township, Precinct 1",U.S. Senate,,DEM,Hill Harper,7
Mecosta,"Grant Township, Precinct 1",U.S. Senate,,DEM,Ballots Cast,207
Mecosta,"Green Charter Township, Precinct 1",U.S. Senate,,DEM,Elissa Slotkin,97
Mecosta,"Green Charter Township, Precinct 1",U.S. Senate,,DEM,Hill Harper,26
Mecosta,"Green Charter Township, Precinct 1",U.S. Senate,,DEM,Ballots Cast,968
Mecosta,"Hinton Township, Precinct 1",U.S. Senate,,DEM,Elissa Slotkin,34
Mecosta,"Hinton Township, Precinct 1",U.S. Senate,,DEM,Hill Harper,10
Mecosta,"Hinton Township, Precinct 1",U.S. Senate,,DEM,Ballots Cast,253
Mecosta,"Martiny Township, Precinct 1",U.S. Senate,,DEM,Elissa Slotkin,107
Mecosta,"Martiny Township, Precinct 1",U.S. Senate,,DEM,Hill Harper,12
Mecosta,"Martiny Township, Precinct 1",U.S. Senate,,DEM,Ballots Cast,424
Mecosta,"Mecosta Township, Precinct 1",U.S. Senate,,DEM,Elissa Slotkin,106
Mecosta,"Mecosta Township, Precinct 1",U.S. Senate,,DEM,Hill Harper,20
Mecosta,"Mecosta Township, Precinct 1",U.S. Senate,,DEM,Ballots Cast,651
Mecosta,"Millbrook Township, Precinct 1",U.S. Senate,,DEM,Elissa Slotkin,47
Mecosta,"Millbrook Township, Precinct 1",U.S. Senate,,DEM,Hill Harper,8
Mecosta,"Millbrook Township, Precinct 1",U.S. Senate,,DEM,Ballots Cast,206
Mecosta,"Morton Township, Precinct 1",U.S. Senate,,DEM,Elissa Slotkin,163
Mecosta,"Morton Township, Precinct 1",U.S. Senate,,DEM,Hill Harper,15
Mecosta,"Morton Township, Precinct 1",U.S. Senate,,DEM,Ballots Cast,772
Mecosta,"Morton Township, Precinct 2",U.S. Senate,,DEM,Elissa Slotkin,182
Mecosta,"Morton Township, Precinct 2",U.S. Senate,,DEM,Hill Harper,12
Mecosta,"Morton Township, Precinct 2",U.S. Senate,,DEM,Ballots Cast,846
Mecosta,"Sheridan Township, Precinct 1",U.S. Senate,,DEM,Elissa Slotkin,62
Mecosta,"Sheridan Township, Precinct 1",U.S. Senate,,DEM,Hill Harper,11
Mecosta,"Sheridan Township, Precinct 1",U.S. Senate,,DEM,Ballots Cast,262
Mecosta,"Wheatland Township, Precinct 1",U.S. Senate,,DEM,Elissa Slotkin,56
Mecosta,"Wheatland Township, Precinct 1",U.S. Senate,,DEM,Hill Harper,13
Mecosta,"Wheatland Township, Precinct 1",U.S. Senate,,DEM,Ballots Cast,364
Mecosta,"Aetna Township, Precinct 1",U.S. House,2,DEM,Michael Lynch,55
Mecosta,"Aetna Township, Precinct 1",U.S. House,2,DEM,Ballots Cast,422
Mecosta,"Austin Township, Precinct 1",U.S. House,2,DEM,Michael Lynch,65
Mecosta,"Austin Township, Precinct 1",U.S. House,2,DEM,Ballots Cast,326
Mecosta,"Big Rapids Charter Township, Precinct 1",U.S. House,2,DEM,Michael Lynch,203
Mecosta,"Big Rapids Charter Township, Precinct 1",U.S. House,2,DEM,Ballots Cast,1074
Mecosta,"City of Big Rapids, Precinct 1",U.S. House,2,DEM,Michael Lynch,91
Mecosta,"City of Big Rapids, Precinct 1",U.S. House,2,DEM,Ballots Cast,271
Mecosta,"City of Big Rapids, Precinct 2",U.S. House,2,DEM,Michael Lynch,130
Mecosta,"City of Big Rapids, Precinct 2",U.S. House,2,DEM,Ballots Cast,374
Mecosta,"City of Big Rapids, Precinct 3",U.S. House,2,DEM,Michael Lynch,69
Mecosta,"City of Big Rapids, Precinct 3",U.S. House,2,DEM,Ballots Cast,245
Mecosta,"Chippewa Township, Precinct 1",U.S. House,2,DEM,Michael Lynch,68
Mecosta,"Chippewa Township, Precinct 1",U.S. House,2,DEM,Ballots Cast,387
Mecosta,"Colfax Township, Precinct 1",U.S. House,2,DEM,Michael Lynch,106
Mecosta,"Colfax Township, Precinct 1",U.S. House,2,DEM,Ballots Cast,624
Mecosta,"Deerfield Township, Precinct 1",U.S. House,2,DEM,Michael Lynch,51
Mecosta,"Deerfield Township, Precinct 1",U.S. House,2,DEM,Ballots Cast,296
Mecosta,"Fork Township, Precinct 1",U.S. House,2,DEM,Michael Lynch,56
Mecosta,"Fork Township, Precinct 1",U.S. House,2,DEM,Ballots Cast,319
Mecosta,"Grant Township, Precinct 1",U.S. House,2,DEM,Michael Lynch,28
Mecosta,"Grant Township, Precinct 1",U.S. House,2,DEM,Ballots Cast,207
Mecosta,"Green Charter Township, Precinct 1",U.S. House,2,DEM,Michael Lynch,120
Mecosta,"Green Charter Township, Precinct 1",U.S. House,2,DEM,Ballots Cast,968
Mecosta,"Hinton Township, Precinct 1",U.S. House,2,DEM,Michael Lynch,39
Mecosta,"Hinton Township, Precinct 1",U.S. House,2,DEM,Ballots Cast,253
Mecosta,"Martiny Township, Precinct 1",U.S. House,2,DEM,Michael Lynch,109
Mecosta,"Martiny Township, Precinct 1",U.S. House,2,DEM,Ballots Cast,424
Mecosta,"Mecosta Township, Precinct 1",U.S. House,2,DEM,Michael Lynch,119
Mecosta,"Mecosta Township, Precinct 1",U.S. House,2,DEM,Ballots Cast,651
Mecosta,"Millbrook Township, Precinct 1",U.S. House,2,DEM,Michael Lynch,49
Mecosta,"Millbrook Township, Precinct 1",U.S. House,2,DEM,Ballots Cast,206
Mecosta,"Morton Township, Precinct 1",U.S. House,2,DEM,Michael Lynch,159
Mecosta,"Morton Township, Precinct 1",U.S. House,2,DEM,Ballots Cast,772
Mecosta,"Morton Township, Precinct 2",U.S. House,2,DEM,Michael Lynch,176
Mecosta,"Morton Township, Precinct 2",U.S. House,2,DEM,Ballots Cast,846
Mecosta,"Sheridan Township, Precinct 1",U.S. House,2,DEM,Michael Lynch,69
Mecosta,"Sheridan Township, Precinct 1",U.S. House,2,DEM,Ballots Cast,262
Mecosta,"Wheatland Township, Precinct 1",U.S. House,2,DEM,Michael Lynch,63
Mecosta,"Wheatland Township, Precinct 1",U.S. House,2,DEM,Ballots Cast,364
Mecosta,"Aetna Township, Precinct 1",State House,102,DEM,Jamie McClendon,23
Mecosta,"Aetna Township, Precinct 1",State House,102,DEM,Tracy Ruell,33
Mecosta,"Aetna Township, Precinct 1",State House,102,DEM,Ballots Cast,422
Mecosta,"Austin Township, Precinct 1",State House,102,DEM,Jamie McClendon,13
Mecosta,"Austin Township, Precinct 1",State House,102,DEM,Tracy Ruell,53
Mecosta,"Austin Township, Precinct 1",State House,102,DEM,Ballots Cast,326
Mecosta,"Big Rapids Charter Township, Precinct 1",State House,102,DEM,Jamie McClendon,39
Mecosta,"Big Rapids Charter Township, Precinct 1",State House,102,DEM,Tracy Ruell,169
Mecosta,"Big Rapids Charter Township, Precinct 1",State House,102,DEM,Ballots Cast,1074
Mecosta,"City of Big Rapids, Precinct 1",State House,102,DEM,Jamie McClendon,11
Mecosta,"City of Big Rapids, Precinct 1",State House,102,DEM,Tracy Ruell,90
Mecosta,"City of Big Rapids, Precinct 1",State House,102,DEM,Ballots Cast,271
Mecosta,"City of Big Rapids, Precinct 2",State House,102,DEM,Jamie McClendon,21
Mecosta,"City of Big Rapids, Precinct 2",State House,102,DEM,Tracy Ruell,124
Mecosta,"City of Big Rapids, Precinct 2",State House,102,DEM,Ballots Cast,374
Mecosta,"City of Big Rapids, Precinct 3",State House,102,DEM,Jamie McClendon,27
Mecosta,"City of Big Rapids, Precinct 3",State House,102,DEM,Tracy Ruell,43
Mecosta,"City of Big Rapids, Precinct 3",State House,102,DEM,Ballots Cast,245
Mecosta,"Chippewa Township, Precinct 1",State House,102,DEM,Jamie McClendon,13
Mecosta,"Chippewa Township, Precinct 1",State House,102,DEM,Tracy Ruell,55
Mecosta,"Chippewa Township, Precinct 1",State House,102,DEM,Ballots Cast,387
Mecosta,"Colfax Township, Precinct 1",State House,102,DEM,Jamie McClendon,24
Mecosta,"Colfax Township, Precinct 1",State House,102,DEM,Tracy Ruell,87
Mecosta,"Colfax Township, Precinct 1",State House,102,DEM,Ballots Cast,624
Mecosta,"Deerfield Township, Precinct 1",State House,102,DEM,Jamie McClendon,16
Mecosta,"Deerfield Township, Precinct 1",State House,102,DEM,Tracy Ruell,34
Mecosta,"Deerfield Township, Precinct 1",State House,102,DEM,Ballots Cast,296
Mecosta,"Fork Township, Precinct 1",State House,102,DEM,Jamie McClendon,21
Mecosta,"Fork Township, Precinct 1",State House,102,DEM,Tracy Ruell,37
Mecosta,"Fork Township, Precinct 1",State House,102,DEM,Ballots Cast,319
Mecosta,"Grant Township, Precinct 1",State House,102,DEM,Jamie McClendon,9
Mecosta,"Grant Township, Precinct 1",State House,102,DEM,Tracy Ruell,19
Mecosta,"Grant Township, Precinct 1",State House,102,DEM,Ballots Cast,207
Mecosta,"Green Charter Township, Precinct 1",State House,102,DEM,Jamie McClendon,36
Mecosta,"Green Charter Township, Precinct 1",State House,102,DEM,Tracy Ruell,92
Mecosta,"Green Charter Township, Precinct 1",State House,102,DEM,Ballots Cast,968
Mecosta,"Hinton Township, Precinct 1",State House,102,DEM,Jamie McClendon,13
Mecosta,"Hinton Township, Precinct 1",State House,102,DEM,Tracy Ruell,28
Mecosta,"Hinton Township, Precinct 1",State House,102,DEM,Ballots Cast,253
Mecosta,"Martiny Township, Precinct 1",State House,102,DEM,Jamie McClendon,31
Mecosta,"Martiny Township, Precinct 1",State House,102,DEM,Tracy Ruell,82
Mecosta,"Martiny Township, Precinct 1",State House,102,DEM,Ballots Cast,424
Mecosta,"Mecosta Township, Precinct 1",State House,102,DEM,Jamie McClendon,26
Mecosta,"Mecosta Township, Precinct 1",State House,102,DEM,Tracy Ruell,97
Mecosta,"Mecosta Township, Precinct 1",State House,102,DEM,Ballots Cast,651
Mecosta,"Millbrook Township, Precinct 1",State House,102,DEM,Jamie McClendon,12
Mecosta,"Millbrook Township, Precinct 1",State House,102,DEM,Tracy Ruell,40
Mecosta,"Millbrook Township, Precinct 1",State House,102,DEM,Ballots Cast,206
Mecosta,"Morton Township, Precinct 1",State House,102,DEM,Jamie McClendon,33
Mecosta,"Morton Township, Precinct 1",State House,102,DEM,Tracy Ruell,131
Mecosta,"Morton Township, Precinct 1",State House,102,DEM,Ballots Cast,772
Mecosta,"Morton Township, Precinct 2",State House,102,DEM,Jamie McClendon,40
Mecosta,"Morton Township, Precinct 2",State House,102,DEM,Tracy Ruell,130
Mecosta,"Morton Township, Precinct 2",State House,102,DEM,Ballots Cast,846
Mecosta,"Sheridan Township, Precinct 1",State House,102,DEM,Jamie McClendon,16
Mecosta,"Sheridan Township, Precinct 1",State House,102,DEM,Tracy Ruell,54
Mecosta,"Sheridan Township, Precinct 1",State House,102,DEM,Ballots Cast,262
Mecosta,"Wheatland Township, Precinct 1",State House,102,DEM,Jamie McClendon,13
Mecosta,"Wheatland Township, Precinct 1",State House,102,DEM,Tracy Ruell,52
Mecosta,"Wheatland Township, Precinct 1",State House,102,DEM,Ballots Cast,364
Mecosta,"Aetna Township, Precinct 1",Prosecuting Attorney,,DEM,Ballots Cast,422
Mecosta,"Austin Township, Precinct 1",Prosecuting Attorney,,DEM,Ballots Cast,326
Mecosta,"Big Rapids Charter Township, Precinct 1",Prosecuting Attorney,,DEM,Ballots Cast,1074
Mecosta,"City of Big Rapids, Precinct 1",Prosecuting Attorney,,DEM,Ballots Cast,271
Mecosta,"City of Big Rapids, Precinct 2",Prosecuting Attorney,,DEM,Ballots Cast,374
Mecosta,"City of Big Rapids, Precinct 3",Prosecuting Attorney,,DEM,Ballots Cast,245
Mecosta,"Chippewa Township, Precinct 1",Prosecuting Attorney,,DEM,Ballots Cast,387
Mecosta,"Colfax Township, Precinct 1",Prosecuting Attorney,,DEM,Ballots Cast,624
Mecosta,"Deerfield Township, Precinct 1",Prosecuting Attorney,,DEM,Ballots Cast,296
Mecosta,"Fork Township, Precinct 1",Prosecuting Attorney,,DEM,Ballots Cast,319
Mecosta,"Grant Township, Precinct 1",Prosecuting Attorney,,DEM,Ballots Cast,207
Mecosta,"Green Charter Township, Precinct 1",Prosecuting Attorney,,DEM,Ballots Cast,968
Mecosta,"Hinton Township, Precinct 1",Prosecuting Attorney,,DEM,Ballots Cast,253
Mecosta,"Martiny Township, Precinct 1",Prosecuting Attorney,,DEM,Ballots Cast,424
Mecosta,"Mecosta Township, Precinct 1",Prosecuting Attorney,,DEM,Ballots Cast,651
Mecosta,"Millbrook Township, Precinct 1",Prosecuting Attorney,,DEM,Ballots Cast,206
Mecosta,"Morton Township, Precinct 1",Prosecuting Attorney,,DEM,Ballots Cast,772
Mecosta,"Morton Township, Precinct 2",Prosecuting Attorney,,DEM,Ballots Cast,846
Mecosta,"Sheridan Township, Precinct 1",Prosecuting Attorney,,DEM,Ballots Cast,262
Mecosta,"Wheatland Township, Precinct 1",Prosecuting Attorney,,DEM,Ballots Cast,364
Mecosta,"Aetna Township, Precinct 1",Sheriff,,DEM,Ballots Cast,422
Mecosta,"Austin Township, Precinct 1",Sheriff,,DEM,Ballots Cast,326
Mecosta,"Big Rapids Charter Township, Precinct 1",Sheriff,,DEM,Ballots Cast,1074
Mecosta,"City of Big Rapids, Precinct 1",Sheriff,,DEM,Ballots Cast,271
Mecosta,"City of Big Rapids, Precinct 2",Sheriff,,DEM,Ballots Cast,374
Mecosta,"City of Big Rapids, Precinct 3",Sheriff,,DEM,Ballots Cast,245
Mecosta,"Chippewa Township, Precinct 1",Sheriff,,DEM,Ballots Cast,387
Mecosta,"Colfax Township, Precinct 1",Sheriff,,DEM,Ballots Cast,624
Mecosta,"Deerfield Township, Precinct 1",Sheriff,,DEM,Ballots Cast,296
Mecosta,"Fork Township, Precinct 1",Sheriff,,DEM,Ballots Cast,319
Mecosta,"Grant Township, Precinct 1",Sheriff,,DEM,Ballots Cast,207
Mecosta,"Green Charter Township, Precinct 1",Sheriff,,DEM,Ballots Cast,968
Mecosta,"Hinton Township, Precinct 1",Sheriff,,DEM,Ballots Cast,253
Mecosta,"Martiny Township, Precinct 1",Sheriff,,DEM,Ballots Cast,424
Mecosta,"Mecosta Township, Precinct 1",Sheriff,,DEM,Ballots Cast,651
Mecosta,"Millbrook Township, Precinct 1",Sheriff,,DEM,Ballots Cast,206
Mecosta,"Morton Township, Precinct 1",Sheriff,,DEM,Ballots Cast,772
Mecosta,"Morton Township, Precinct 2",Sheriff,,DEM,Ballots Cast,846
Mecosta,"Sheridan Township, Precinct 1",Sheriff,,DEM,Ballots Cast,262
Mecosta,"Wheatland Township, Precinct 1",Sheriff,,DEM,Ballots Cast,364
Mecosta,"Aetna Township, Precinct 1",County Clerk,,DEM,Ballots Cast,422
Mecosta,"Austin Township, Precinct 1",County Clerk,,DEM,Ballots Cast,326
Mecosta,"Big Rapids Charter Township, Precinct 1",County Clerk,,DEM,Ballots Cast,1074
Mecosta,"City of Big Rapids, Precinct 1",County Clerk,,DEM,Ballots Cast,271
Mecosta,"City of Big Rapids, Precinct 2",County Clerk,,DEM,Ballots Cast,374
Mecosta,"City of Big Rapids, Precinct 3",County Clerk,,DEM,Ballots Cast,245
Mecosta,"Chippewa Township, Precinct 1",County Clerk,,DEM,Ballots Cast,387
Mecosta,"Colfax Township, Precinct 1",County Clerk,,DEM,Ballots Cast,624
Mecosta,"Deerfield Township, Precinct 1",County Clerk,,DEM,Ballots Cast,296
Mecosta,"Fork Township, Precinct 1",County Clerk,,DEM,Ballots Cast,319
Mecosta,"Grant Township, Precinct 1",County Clerk,,DEM,Ballots Cast,207
Mecosta,"Green Charter Township, Precinct 1",County Clerk,,DEM,Ballots Cast,968
Mecosta,"Hinton Township, Precinct 1",County Clerk,,DEM,Ballots Cast,253
Mecosta,"Martiny Township, Precinct 1",County Clerk,,DEM,Ballots Cast,424
Mecosta,"Mecosta Township, Precinct 1",County Clerk,,DEM,Ballots Cast,651
Mecosta,"Millbrook Township, Precinct 1",County Clerk,,DEM,Ballots Cast,206
Mecosta,"Morton Township, Precinct 1",County Clerk,,DEM,Ballots Cast,772
Mecosta,"Morton Township, Precinct 2",County Clerk,,DEM,Ballots Cast,846
Mecosta,"Sheridan Township, Precinct 1",County Clerk,,DEM,Ballots Cast,262
Mecosta,"Wheatland Township, Precinct 1",County Clerk,,DEM,Ballots Cast,364
Mecosta,"Aetna Township, Precinct 1",County Treasurer,,DEM,Ballots Cast,422
Mecosta,"Austin Township, Precinct 1",County Treasurer,,DEM,Ballots Cast,326
Mecosta,"Big Rapids Charter Township, Precinct 1",County Treasurer,,DEM,Ballots Cast,1074
Mecosta,"City of Big Rapids, Precinct 1",County Treasurer,,DEM,Ballots Cast,271
Mecosta,"City of Big Rapids, Precinct 2",County Treasurer,,DEM,Ballots Cast,374
Mecosta,"City of Big Rapids, Precinct 3",County Treasurer,,DEM,Ballots Cast,245
Mecosta,"Chippewa Township, Precinct 1",County Treasurer,,DEM,Ballots Cast,387
Mecosta,"Colfax Township, Precinct 1",County Treasurer,,DEM,Ballots Cast,624
Mecosta,"Deerfield Township, Precinct 1",County Treasurer,,DEM,Ballots Cast,296
Mecosta,"Fork Township, Precinct 1",County Treasurer,,DEM,Ballots Cast,319
Mecosta,"Grant Township, Precinct 1",County Treasurer,,DEM,Ballots Cast,207
Mecosta,"Green Charter Township, Precinct 1",County Treasurer,,DEM,Ballots Cast,968
Mecosta,"Hinton Township, Precinct 1",County Treasurer,,DEM,Ballots Cast,253
Mecosta,"Martiny Township, Precinct 1",County Treasurer,,DEM,Ballots Cast,424
Mecosta,"Mecosta Township, Precinct 1",County Treasurer,,DEM,Ballots Cast,651
Mecosta,"Millbrook Township, Precinct 1",County Treasurer,,DEM,Ballots Cast,206
Mecosta,"Morton Township, Precinct 1",County Treasurer,,DEM,Ballots Cast,772
Mecosta,"Morton Township, Precinct 2",County Treasurer,,DEM,Ballots Cast,846
Mecosta,"Sheridan Township, Precinct 1",County Treasurer,,DEM,Ballots Cast,262
Mecosta,"Wheatland Township, Precinct 1",County Treasurer,,DEM,Ballots Cast,364
Mecosta,"Aetna Township, Precinct 1",Register of Deeds,,DEM,Ballots Cast,422
Mecosta,"Austin Township, Precinct 1",Register of Deeds,,DEM,Ballots Cast,326
Mecosta,"Big Rapids Charter Township, Precinct 1",Register of Deeds,,DEM,Ballots Cast,1074
Mecosta,"City of Big Rapids, Precinct 1",Register of Deeds,,DEM,Ballots Cast,271
Mecosta,"City of Big Rapids, Precinct 2",Register of Deeds,,DEM,Ballots Cast,374
Mecosta,"City of Big Rapids, Precinct 3",Register of Deeds,,DEM,Ballots Cast,245
Mecosta,"Chippewa Township, Precinct 1",Register of Deeds,,DEM,Ballots Cast,387
Mecosta,"Colfax Township, Precinct 1",Register of Deeds,,DEM,Ballots Cast,624
Mecosta,"Deerfield Township, Precinct 1",Register of Deeds,,DEM,Ballots Cast,296
Mecosta,"Fork Township, Precinct 1",Register of Deeds,,DEM,Ballots Cast,319
Mecosta,"Grant Township, Precinct 1",Register of Deeds,,DEM,Ballots Cast,207
Mecosta,"Green Charter Township, Precinct 1",Register of Deeds,,DEM,Ballots Cast,968
Mecosta,"Hinton Township, Precinct 1",Register of Deeds,,DEM,Ballots Cast,253
Mecosta,"Martiny Township, Precinct 1",Register of Deeds,,DEM,Ballots Cast,424
Mecosta,"Mecosta Township, Precinct 1",Register of Deeds,,DEM,Ballots Cast,651
Mecosta,"Millbrook Township, Precinct 1",Register of Deeds,,DEM,Ballots Cast,206
Mecosta,"Morton Township, Precinct 1",Register of Deeds,,DEM,Ballots Cast,772
Mecosta,"Morton Township, Precinct 2",Register of Deeds,,DEM,Ballots Cast,846
Mecosta,"Sheridan Township, Precinct 1",Register of Deeds,,DEM,Ballots Cast,262
Mecosta,"Wheatland Township, Precinct 1",Register of Deeds,,DEM,Ballots Cast,364
Mecosta,"Aetna Township, Precinct 1",Road Commissioner,,DEM,Ballots Cast,422
Mecosta,"Austin Township, Precinct 1",Road Commissioner,,DEM,Ballots Cast,326
Mecosta,"Big Rapids Charter Township, Precinct 1",Road Commissioner,,DEM,Ballots Cast,1074
Mecosta,"City of Big Rapids, Precinct 1",Road Commissioner,,DEM,Ballots Cast,271
Mecosta,"City of Big Rapids, Precinct 2",Road Commissioner,,DEM,Ballots Cast,374
Mecosta,"City of Big Rapids, Precinct 3",Road Commissioner,,DEM,Ballots Cast,245
Mecosta,"Chippewa Township, Precinct 1",Road Commissioner,,DEM,Ballots Cast,387
Mecosta,"Colfax Township, Precinct 1",Road Commissioner,,DEM,Ballots Cast,624
Mecosta,"Deerfield Township, Precinct 1",Road Commissioner,,DEM,Ballots Cast,296
Mecosta,"Fork Township, Precinct 1",Road Commissioner,,DEM,Ballots Cast,319
Mecosta,"Grant Township, Precinct 1",Road Commissioner,,DEM,Ballots Cast,207
Mecosta,"Green Charter Township, Precinct 1",Road Commissioner,,DEM,Ballots Cast,968
Mecosta,"Hinton Township, Precinct 1",Road Commissioner,,DEM,Ballots Cast,253
Mecosta,"Martiny Township, Precinct 1",Road Commissioner,,DEM,Ballots Cast,424
Mecosta,"Mecosta Township, Precinct 1",Road Commissioner,,DEM,Ballots Cast,651
Mecosta,"Millbrook Township, Precinct 1",Road Commissioner,,DEM,Ballots Cast,206
Mecosta,"Morton Township, Precinct 1",Road Commissioner,,DEM,Ballots Cast,772
Mecosta,"Morton Township, Precinct 2",Road Commissioner,,DEM,Ballots Cast,846
Mecosta,"Sheridan Township, Precinct 1",Road Commissioner,,DEM,Ballots Cast,262
Mecosta,"Wheatland Township, Precinct 1",Road Commissioner,,DEM,Ballots Cast,364
Mecosta,"Aetna Township, Precinct 1",Drain Commissioner,,DEM,Ballots Cast,422
Mecosta,"Austin Township, Precinct 1",Drain Commissioner,,DEM,Ballots Cast,326
Mecosta,"Big Rapids Charter Township, Precinct 1",Drain Commissioner,,DEM,David Eric McClendon Qualified Write In,5
Mecosta,"Big Rapids Charter Township, Precinct 1",Drain Commissioner,,DEM,Ballots Cast,1074
Mecosta,"City of Big Rapids, Precinct 1",Drain Commissioner,,DEM,David Eric McClendon Qualified Write In,2
Mecosta,"City of Big Rapids, Precinct 1",Drain Commissioner,,DEM,Ballots Cast,271
Mecosta,"City of Big Rapids, Precinct 2",Drain Commissioner,,DEM,David Eric McClendon Qualified Write In,4
Mecosta,"City of Big Rapids, Precinct 2",Drain Commissioner,,DEM,Ballots Cast,374
Mecosta,"City of Big Rapids, Precinct 3",Drain Commissioner,,DEM,Ballots Cast,245
Mecosta,"Chippewa Township, Precinct 1",Drain Commissioner,,DEM,David Eric McClendon Qualified Write In,1
Mecosta,"Chippewa Township, Precinct 1",Drain Commissioner,,DEM,Ballots Cast,387
Mecosta,"Colfax Township, Precinct 1",Drain Commissioner,,DEM,Ballots Cast,624
Mecosta,"Deerfield Township, Precinct 1",Drain Commissioner,,DEM,Ballots Cast,296
Mecosta,"Fork Township, Precinct 1",Drain Commissioner,,DEM,Ballots Cast,319
Mecosta,"Grant Township, Precinct 1",Drain Commissioner,,DEM,Ballots Cast,207
Mecosta,"Green Charter Township, Precinct 1",Drain Commissioner,,DEM,Ballots Cast,968
Mecosta,"Hinton Township, Precinct 1",Drain Commissioner,,DEM,Ballots Cast,253
Mecosta,"Martiny Township, Precinct 1",Drain Commissioner,,DEM,Ballots Cast,424
Mecosta,"Mecosta Township, Precinct 1",Drain Commissioner,,DEM,Ballots Cast,651
Mecosta,"Millbrook Township, Precinct 1",Drain Commissioner,,DEM,Ballots Cast,206
Mecosta,"Morton Township, Precinct 1",Drain Commissioner,,DEM,Ballots Cast,772
Mecosta,"Morton Township, Precinct 2",Drain Commissioner,,DEM,David Eric McClendon Qualified Write In,2
Mecosta,"Morton Township, Precinct 2",Drain Commissioner,,DEM,Ballots Cast,846
Mecosta,"Sheridan Township, Precinct 1",Drain Commissioner,,DEM,David Eric McClendon Qualified Write In,1
Mecosta,"Sheridan Township, Precinct 1",Drain Commissioner,,DEM,Ballots Cast,262
Mecosta,"Wheatland Township, Precinct 1",Drain Commissioner,,DEM,David Eric McClendon Qualified Write In,3
Mecosta,"Wheatland Township, Precinct 1",Drain Commissioner,,DEM,Ballots Cast,364
Mecosta,"Colfax Township, Precinct 1",County Commissioner District 1,,DEM,Ballots Cast,624
Mecosta,"Grant Township, Precinct 1",County Commissioner District 1,,DEM,Ballots Cast,207
Mecosta,"Green Charter Township, Precinct 1",County Commissioner District 1,,DEM,Ballots Cast,968
Mecosta,"Chippewa Township, Precinct 1",County Commissioner District 2,,DEM,Ballots Cast,387
Mecosta,"Fork Township, Precinct 1",County Commissioner District 2,,DEM,Ballots Cast,319
Mecosta,"Martiny Township, Precinct 1",County Commissioner District 2,,DEM,Ballots Cast,424
Mecosta,"Sheridan Township, Precinct 1",County Commissioner District 2,,DEM,Ballots Cast,262
Mecosta,"Morton Township, Precinct 1",County Commissioner District 3,,DEM,Ballots Cast,772
Mecosta,"Morton Township, Precinct 2",County Commissioner District 3,,DEM,Ballots Cast,846
Mecosta,"Wheatland Township, Precinct 1",County Commissioner District 3,,DEM,Ballots Cast,364
Mecosta,"Aetna Township, Precinct 1",County Commissioner District 4,,DEM,Ballots Cast,334
Mecosta,"Deerfield Township, Precinct 1",County Commissioner District 4,,DEM,Ballots Cast,296
Mecosta,"Hinton Township, Precinct 1",County Commissioner District 4,,DEM,Ballots Cast,253
Mecosta,"Millbrook Township, Precinct 1",County Commissioner District 4,,DEM,Ballots Cast,206
Mecosta,"Aetna Township, Precinct 1",County Commissioner District 5,,DEM,Ballots Cast,88
Mecosta,"Austin Township, Precinct 1",County Commissioner District 5,,DEM,Ballots Cast,326
Mecosta,"Big Rapids Charter Township, Precinct 1",County Commissioner District 5,,DEM,Ballots Cast,189
Mecosta,"Mecosta Township, Precinct 1",County Commissioner District 5,,DEM,Ballots Cast,651
Mecosta,"City of Big Rapids, Precinct 1",County Commissioner District 6,,DEM,Ballots Cast,271
Mecosta,"City of Big Rapids, Precinct 2",County Commissioner District 6,,DEM,Ballots Cast,374
Mecosta,"Big Rapids Charter Township, Precinct 1",County Commissioner District 7,,DEM,Ballots Cast,885
Mecosta,"City of Big Rapids, Precinct 3",County Commissioner District 7,,DEM,Ballots Cast,245
Mecosta,"Aetna Township, Precinct 1",Aetna Township Supervisor,,DEM,Ballots Cast,422
Mecosta,"Aetna Township, Precinct 1",Aetna Township Clerk,,DEM,Ballots Cast,422
Mecosta,"Aetna Township, Precinct 1",Aetna Township Treasurer,,DEM,Ballots Cast,422
Mecosta,"Aetna Township, Precinct 1",Aetna Township Trustee,,DEM,Ballots Cast,422
Mecosta,"Aetna Township, Precinct 1","Aetna Township, Precinct 1 Delegate to County Convention",,DEM,Ballots Cast,422
Mecosta,"Austin Township, Precinct 1",Austin Township Supervisor,,DEM,Ballots Cast,326
Mecosta,"Austin Township, Precinct 1",Austin Township Clerk,,DEM,Ballots Cast,326
Mecosta,"Austin Township, Precinct 1",Austin Township Treasurer,,DEM,Carolyn Towsley,53
Mecosta,"Austin Township, Precinct 1",Austin Township Treasurer,,DEM,Ballots Cast,326
Mecosta,"Austin Township, Precinct 1",Austin Township Trustee,,DEM,Ballots Cast,326
Mecosta,"Austin Township, Precinct 1","Austin Township, Precinct 1 Delegate to County Convention",,DEM,Ballots Cast,326
Mecosta,"Big Rapids Charter Township, Precinct 1",Big Rapids Charter Township Supervisor,,DEM,Tim Hahn,187
Mecosta,"Big Rapids Charter Township, Precinct 1",Big Rapids Charter Township Supervisor,,DEM,Ballots Cast,1074
Mecosta,"Big Rapids Charter Township, Precinct 1",Big Rapids Charter Township Clerk,,DEM,Linda H. Combs,179
Mecosta,"Big Rapids Charter Township, Precinct 1",Big Rapids Charter Township Clerk,,DEM,Ballots Cast,1074
Mecosta,"Big Rapids Charter Township, Precinct 1",Big Rapids Charter Township Treasurer,,DEM,Ballots Cast,1074
Mecosta,"Big Rapids Charter Township, Precinct 1",Big Rapids Charter Township Trustee,,DEM,Bolling,28
Mecosta,"Big Rapids Charter Township, Precinct 1",Big Rapids Charter Township Trustee,,DEM,Kidder,38
Mecosta,"Big Rapids Charter Township, Precinct 1",Big Rapids Charter Township Trustee,,DEM,Ballots Cast,1074
Mecosta,"Big Rapids Charter Township, Precinct 1","Big Rapids Charter Township, Precinct 1 Delegate to County Convention",,DEM,Tom Rundquist,163
Mecosta,"Big Rapids Charter Township, Precinct 1","Big Rapids Charter Township, Precinct 1 Delegate to County Convention",,DEM,Ballots Cast,1074
Mecosta,"Chippewa Township, Precinct 1",Chippewa Township Supervisor,,DEM,Ballots Cast,387
Mecosta,"Chippewa Township, Precinct 1",Chippewa Township Clerk,,DEM,Ballots Cast,387
Mecosta,"Chippewa Township, Precinct 1",Chippewa Township Treasurer,,DEM,Ballots Cast,387
Mecosta,"Chippewa Township, Precinct 1",Chippewa Township Trustee,,DEM,Ballots Cast,387
Mecosta,"Chippewa Township, Precinct 1","Chippewa Township, Precinct 1 Delegate to County Convention",,DEM,Ballots Cast,387
Mecosta,"Colfax Township, Precinct 1",Colfax Township Supervisor,,DEM,Ballots Cast,624
Mecosta,"Colfax Township, Precinct 1",Colfax Township Clerk,,DEM,Ballots Cast,624
Mecosta,"Colfax Township, Precinct 1",Colfax Township Treasurer,,DEM,Ballots Cast,624
Mecosta,"Colfax Township, Precinct 1",Colfax Township Trustee,,DEM,William Burmeister,92
Mecosta,"Colfax Township, Precinct 1",Colfax Township Trustee,,DEM,Ballots Cast,624
Mecosta,"Colfax Township, Precinct 1","Colfax Township, Precinct 1 Delegate to County Convention",,DEM,Ballots Cast,624
Mecosta,"Deerfield Township, Precinct 1",Deerfield Township Supervisor,,DEM,Ballots Cast,296
Mecosta,"Deerfield Township, Precinct 1",Deerfield Township Clerk,,DEM,Ballots Cast,296
Mecosta,"Deerfield Township, Precinct 1",Deerfield Township Treasurer,,DEM,Ballots Cast,296
Mecosta,"Deerfield Township, Precinct 1",Deerfield Township Trustee,,DEM,Ballots Cast,296
Mecosta,"Deerfield Township, Precinct 1","Deerfield Township, Precinct 1 Delegate to County Convention",,DEM,Ballots Cast,296
Mecosta,"Fork Township, Precinct 1",Fork Township Supervisor,,DEM,Ballots Cast,319
Mecosta,"Fork Township, Precinct 1",Fork Township Clerk,,DEM,Ballots Cast,319
Mecosta,"Fork Township, Precinct 1",Fork Township Treasurer,,DEM,Ballots Cast,319
Mecosta,"Fork Township, Precinct 1",Fork Township Trustee,,DEM,Ballots Cast,319
Mecosta,"Fork Township, Precinct 1","Fork Township, Precinct 1 Delegate to County Convention",,DEM,Ballots Cast,319
Mecosta,"Grant Township, Precinct 1",Grant Township Supervisor,,DEM,Ballots Cast,207
Mecosta,"Grant Township, Precinct 1",Grant Township Clerk,,DEM,Ballots Cast,207
Mecosta,"Grant Township, Precinct 1",Grant Township Treasurer,,DEM,Ballots Cast,207
Mecosta,"Grant Township, Precinct 1",Grant Township Trustee,,DEM,Ballots Cast,207
Mecosta,"Grant Township, Precinct 1","Grant Township, Precinct 1 Delegate to County Convention",,DEM,Ballots Cast,207
Mecosta,"Green Charter Township, Precinct 1",Green Charter Township Supervisor,,DEM,Joseph Percy,117
Mecosta,"Green Charter Township, Precinct 1",Green Charter Township Supervisor,,DEM,Ballots Cast,968
Mecosta,"Green Charter Township, Precinct 1",Green Charter Township Clerk,,DEM,Ballots Cast,968
Mecosta,"Green Charter Township, Precinct 1",Green Charter Township Treasurer,,DEM,Ballots Cast,968
Mecosta,"Green Charter Township, Precinct 1",Green Charter Township Trustee,,DEM,Katy Battle,115
Mecosta,"Green Charter Township, Precinct 1",Green Charter Township Trustee,,DEM,Ballots Cast,968
Mecosta,"Green Charter Township, Precinct 1","Green Charter Township, Precinct 1 Delegate to County Convention",,DEM,Ronald Haladyna,116
Mecosta,"Green Charter Township, Precinct 1","Green Charter Township, Precinct 1 Delegate to County Convention",,DEM,Ballots Cast,968
Mecosta,"Hinton Township, Precinct 1",Hinton Township Supervisor,,DEM,Ballots Cast,253
Mecosta,"Hinton Township, Precinct 1",Hinton Township Clerk,,DEM,Ballots Cast,253
Mecosta,"Hinton Township, Precinct 1",Hinton Township Treasurer,,DEM,Ballots Cast,253
Mecosta,"Hinton Township, Precinct 1",Hinton Township Trustee,,DEM,Ballots Cast,253
Mecosta,"Hinton Township, Precinct 1","Hinton Township, Precinct 1 Delegate to County Convention",,DEM,Ballots Cast,253
Mecosta,"Martiny Township, Precinct 1",Martiny Township Supervisor,,DEM,Ballots Cast,424
Mecosta,"Martiny Township, Precinct 1",Martiny Township Clerk,,DEM,Ballots Cast,424
Mecosta,"Martiny Township, Precinct 1",Martiny Township Treasurer,,DEM,Ballots Cast,424
Mecosta,"Martiny Township, Precinct 1",Martiny Township Trustee,,DEM,Ballots Cast,424
Mecosta,"Martiny Township, Precinct 1","Martiny Township, Precinct 1 Delegate to County Convention",,DEM,Ballots Cast,424
Mecosta,"Mecosta Township, Precinct 1",Mecosta Township Supervisor,,DEM,Ballots Cast,651
Mecosta,"Mecosta Township, Precinct 1",Mecosta Township Clerk,,DEM,Ballots Cast,651
Mecosta,"Mecosta Township, Precinct 1",Mecosta Township Treasurer,,DEM,Ballots Cast,651
Mecosta,"Mecosta Township, Precinct 1",Mecosta Township Trustee,,DEM,Ballots Cast,651
Mecosta,"Mecosta Township, Precinct 1","Mecosta Township, Precinct 1 Delegate to County Convention",,DEM,Ballots Cast,651
Mecosta,"Millbrook Township, Precinct 1",Millbrook Township Supervisor,,DEM,Ballots Cast,206
Mecosta,"Millbrook Township, Precinct 1",Millbrook Township Clerk,,DEM,Ballots Cast,206
Mecosta,"Millbrook Township, Precinct 1",Millbrook Township Treasurer,,DEM,Ballots Cast,206
Mecosta,"Millbrook Township, Precinct 1",Millbrook Township Trustee,,DEM,Lenny Sorsen,42
Mecosta,"Millbrook Township, Precinct 1",Millbrook Township Trustee,,DEM,Ballots Cast,206
Mecosta,"Millbrook Township, Precinct 1","Millbrook Township, Precinct 1 Delegate to County Convention",,DEM,Jessica Ruth Iliff-List,43
Mecosta,"Millbrook Township, Precinct 1","Millbrook Township, Precinct 1 Delegate to County Convention",,DEM,Ballots Cast,206
Mecosta,"Morton Township, Precinct 1",Morton Township Supervisor,,DEM,Ballots Cast,772
Mecosta,"Morton Township, Precinct 2",Morton Township Supervisor,,DEM,Ballots Cast,846
Mecosta,"Morton Township, Precinct 1",Morton Township Clerk,,DEM,Ballots Cast,772
Mecosta,"Morton Township, Precinct 2",Morton Township Clerk,,DEM,Ballots Cast,846
Mecosta,"Morton Township, Precinct 1",Morton Township Treasurer,,DEM,Ballots Cast,772
Mecosta,"Morton Township, Precinct 2",Morton Township Treasurer,,DEM,Ballots Cast,846
Mecosta,"Morton Township, Precinct 1",Morton Township Trustee,,DEM,Marilyn Yvon Qualified Write In,1
Mecosta,"Morton Township, Precinct 1",Morton Township Trustee,,DEM,Ballots Cast,772
Mecosta,"Morton Township, Precinct 2",Morton Township Trustee,,DEM,Ballots Cast,846
Mecosta,"Morton Township, Precinct 1","Morton Township, Precinct 1 Delegate to County Convention",,DEM,Ballots Cast,772
Mecosta,"Morton Township, Precinct 2","Morton Township, Precinct 2 Delegate to County Convention",,DEM,Ballots Cast,846
Mecosta,"Sheridan Township, Precinct 1",Sheridan Township Supervisor,,DEM,Ballots Cast,262
Mecosta,"Sheridan Township, Precinct 1",Sheridan Township Clerk,,DEM,Ballots Cast,262
Mecosta,"Sheridan Township, Precinct 1",Sheridan Township Treasurer,,DEM,Ballots Cast,262
Mecosta,"Sheridan Township, Precinct 1",Sheridan Township Trustee,,DEM,Ballots Cast,262
Mecosta,"Sheridan Township, Precinct 1","Sheridan Township, Precinct 1 Delegate to County Convention",,DEM,Ballots Cast,262
Mecosta,"Wheatland Township, Precinct 1",Wheatland Township Supervisor,,DEM,Ballots Cast,364
Mecosta,"Wheatland Township, Precinct 1",Wheatland Township Clerk,,DEM,Ballots Cast,364
Mecosta,"Wheatland Township, Precinct 1",Wheatland Township Treasurer,,DEM,Ballots Cast,364
Mecosta,"Wheatland Township, Precinct 1",Wheatland Township Trustee,,DEM,Ballots Cast,364
Mecosta,"Wheatland Township, Precinct 1","Wheatland Township, Precinct 1 Delegate to County Convention",,DEM,Betsyann Goulette Moskowitz,44
Mecosta,"Wheatland Township, Precinct 1","Wheatland Township, Precinct 1 Delegate to County Convention",,DEM,Ballots Cast,364
Mecosta,"City of Big Rapids, Precinct 1","City of Big Rapids, Precinct 1 Delegate to County Convention",,DEM,Ballots Cast,271
Mecosta,"City of Big Rapids, Precinct 2","City of Big Rapids, Precinct 2 Delegate to County Convention",,DEM,Claudia Renee Thomas Qualified Write In,1
Mecosta,"City of Big Rapids, Precinct 2","City of Big Rapids, Precinct 2 Delegate to County Convention",,DEM,Jeffery Lawrence Ostahowski Qualified Write In,1
Mecosta,"City of Big Rapids, Precinct 2","City of Big Rapids, Precinct 2 Delegate to County Convention",,DEM,Mark Lindsey Bloxsom Qualified Write In,1
Mecosta,"City of Big Rapids, Precinct 2","City of Big Rapids, Precinct 2 Delegate to County Convention",,DEM,Ballots Cast,374
Mecosta,"City of Big Rapids, Precinct 3","City of Big Rapids, Precinct 3 Delegate to County Convention",,DEM,Ballots Cast,245
Mecosta,"Aetna Township, Precinct 1",U.S. Senate,,REP,Justin Amash,89
Mecosta,"Aetna Township, Precinct 1",U.S. Senate,,REP,Mike Rogers,164
Mecosta,"Aetna Township, Precinct 1",U.S. Senate,,REP,Sandy Pensler,24
Mecosta,"Aetna Township, Precinct 1",U.S. Senate,,REP,Sherry O'Donnell,40
Mecosta,"Aetna Township, Precinct 1",U.S. Senate,,REP,Ballots Cast,422
Mecosta,"Austin Township, Precinct 1",U.S. Senate,,REP,Justin Amash,40
Mecosta,"Austin Township, Precinct 1",U.S. Senate,,REP,Mike Rogers,112
Mecosta,"Austin Township, Precinct 1",U.S. Senate,,REP,Sandy Pensler,18
Mecosta,"Austin Township, Precinct 1",U.S. Senate,,REP,Sherry O'Donnell,47
Mecosta,"Austin Township, Precinct 1",U.S. Senate,,REP,Ballots Cast,326
Mecosta,"Big Rapids Charter Township, Precinct 1",U.S. Senate,,REP,Justin Amash,135
Mecosta,"Big Rapids Charter Township, Precinct 1",U.S. Senate,,REP,Mike Rogers,359
Mecosta,"Big Rapids Charter Township, Precinct 1",U.S. Senate,,REP,Sandy Pensler,66
Mecosta,"Big Rapids Charter Township, Precinct 1",U.S. Senate,,REP,Sherry O'Donnell,121
Mecosta,"Big Rapids Charter Township, Precinct 1",U.S. Senate,,REP,Ballots Cast,1074
Mecosta,"City of Big Rapids, Precinct 1",U.S. Senate,,REP,Justin Amash,21
Mecosta,"City of Big Rapids, Precinct 1",U.S. Senate,,REP,Mike Rogers,70
Mecosta,"City of Big Rapids, Precinct 1",U.S. Senate,,REP,Sandy Pensler,10
Mecosta,"City of Big Rapids, Precinct 1",U.S. Senate,,REP,Sherry O'Donnell,24
Mecosta,"City of Big Rapids, Precinct 1",U.S. Senate,,REP,Ballots Cast,271
Mecosta,"City of Big Rapids, Precinct 2",U.S. Senate,,REP,Justin Amash,45
Mecosta,"City of Big Rapids, Precinct 2",U.S. Senate,,REP,Mike Rogers,67
Mecosta,"City of Big Rapids, Precinct 2",U.S. Senate,,REP,Sandy Pensler,24
Mecosta,"City of Big Rapids, Precinct 2",U.S. Senate,,REP,Sherry O'Donnell,26
Mecosta,"City of Big Rapids, Precinct 2",U.S. Senate,,REP,Ballots Cast,374
Mecosta,"City of Big Rapids, Precinct 3",U.S. Senate,,REP,Justin Amash,28
Mecosta,"City of Big Rapids, Precinct 3",U.S. Senate,,REP,Mike Rogers,67
Mecosta,"City of Big Rapids, Precinct 3",U.S. Senate,,REP,Sandy Pensler,13
Mecosta,"City of Big Rapids, Precinct 3",U.S. Senate,,REP,Sherry O'Donnell,30
Mecosta,"City of Big Rapids, Precinct 3",U.S. Senate,,REP,Ballots Cast,245
Mecosta,"Chippewa Township, Precinct 1",U.S. Senate,,REP,Justin Amash,47
Mecosta,"Chippewa Township, Precinct 1",U.S. Senate,,REP,Mike Rogers,163
Mecosta,"Chippewa Township, Precinct 1",U.S. Senate,,REP,Sandy Pensler,29
Mecosta,"Chippewa Township, Precinct 1",U.S. Senate,,REP,Sherry O'Donnell,32
Mecosta,"Chippewa Township, Precinct 1",U.S. Senate,,REP,Ballots Cast,387
Mecosta,"Colfax Township, Precinct 1",U.S. Senate,,REP,Justin Amash,82
Mecosta,"Colfax Township, Precinct 1",U.S. Senate,,REP,Mike Rogers,241
Mecosta,"Colfax Township, Precinct 1",U.S. Senate,,REP,Sandy Pensler,38
Mecosta,"Colfax Township, Precinct 1",U.S. Senate,,REP,Sherry O'Donnell,70
Mecosta,"Colfax Township, Precinct 1",U.S. Senate,,REP,Ballots Cast,624
Mecosta,"Deerfield Township, Precinct 1",U.S. Senate,,REP,Justin Amash,63
Mecosta,"Deerfield Township, Precinct 1",U.S. Senate,,REP,Mike Rogers,105
Mecosta,"Deerfield Township, Precinct 1",U.S. Senate,,REP,Sandy Pensler,12
Mecosta,"Deerfield Township, Precinct 1",U.S. Senate,,REP,Sherry O'Donnell,29
Mecosta,"Deerfield Township, Precinct 1",U.S. Senate,,REP,Ballots Cast,296
Mecosta,"Fork Township, Precinct 1",U.S. Senate,,REP,Justin Amash,19
Mecosta,"Fork Township, Precinct 1",U.S. Senate,,REP,Mike Rogers,132
Mecosta,"Fork Township, Precinct 1",U.S. Senate,,REP,Sandy Pensler,27
Mecosta,"Fork Township, Precinct 1",U.S. Senate,,REP,Sherry O'Donnell,22
Mecosta,"Fork Township, Precinct 1",U.S. Senate,,REP,Ballots Cast,319
Mecosta,"Grant Township, Precinct 1",U.S. Senate,,REP,Justin Amash,21
Mecosta,"Grant Township, Precinct 1",U.S. Senate,,REP,Mike Rogers,97
Mecosta,"Grant Township, Precinct 1",U.S. Senate,,REP,Sandy Pensler,11
Mecosta,"Grant Township, Precinct 1",U.S. Senate,,REP,Sherry O'Donnell,19
Mecosta,"Grant Township, Precinct 1",U.S. Senate,,REP,Ballots Cast,207
Mecosta,"Green Charter Township, Precinct 1",U.S. Senate,,REP,Justin Amash,158
Mecosta,"Green Charter Township, Precinct 1",U.S. Senate,,REP,Mike Rogers,350
Mecosta,"Green Charter Township, Precinct 1",U.S. Senate,,REP,Sandy Pensler,62
Mecosta,"Green Charter Township, Precinct 1",U.S. Senate,,REP,Sherry O'Donnell,117
Mecosta,"Green Charter Township, Precinct 1",U.S. Senate,,REP,Ballots Cast,968
Mecosta,"Hinton Township, Precinct 1",U.S. Senate,,REP,Justin Amash,43
Mecosta,"Hinton Township, Precinct 1",U.S. Senate,,REP,Mike Rogers,105
Mecosta,"Hinton Township, Precinct 1",U.S. Senate,,REP,Sandy Pensler,9
Mecosta,"Hinton Township, Precinct 1",U.S. Senate,,REP,Sherry O'Donnell,24
Mecosta,"Hinton Township, Precinct 1",U.S. Senate,,REP,Ballots Cast,253
Mecosta,"Martiny Township, Precinct 1",U.S. Senate,,REP,Justin Amash,39
Mecosta,"Martiny Township, Precinct 1",U.S. Senate,,REP,Mike Rogers,131
Mecosta,"Martiny Township, Precinct 1",U.S. Senate,,REP,Sandy Pensler,27
Mecosta,"Martiny Township, Precinct 1",U.S. Senate,,REP,Sherry O'Donnell,50
Mecosta,"Martiny Township, Precinct 1",U.S. Senate,,REP,Ballots Cast,424
Mecosta,"Mecosta Township, Precinct 1",U.S. Senate,,REP,Justin Amash,94
Mecosta,"Mecosta Township, Precinct 1",U.S. Senate,,REP,Mike Rogers,258
Mecosta,"Mecosta Township, Precinct 1",U.S. Senate,,REP,Sandy Pensler,40
Mecosta,"Mecosta Township, Precinct 1",U.S. Senate,,REP,Sherry O'Donnell,52
Mecosta,"Mecosta Township, Precinct 1",U.S. Senate,,REP,Ballots Cast,651
Mecosta,"Millbrook Township, Precinct 1",U.S. Senate,,REP,Justin Amash,20
Mecosta,"Millbrook Township, Precinct 1",U.S. Senate,,REP,Mike Rogers,78
Mecosta,"Millbrook Township, Precinct 1",U.S. Senate,,REP,Sandy Pensler,6
Mecosta,"Millbrook Township, Precinct 1",U.S. Senate,,REP,Sherry O'Donnell,22
Mecosta,"Millbrook Township, Precinct 1",U.S. Senate,,REP,Ballots Cast,206
Mecosta,"Morton Township, Precinct 1",U.S. Senate,,REP,Justin Amash,81
Mecosta,"Morton Township, Precinct 1",U.S. Senate,,REP,Mike Rogers,281
Mecosta,"Morton Township, Precinct 1",U.S. Senate,,REP,Sandy Pensler,48
Mecosta,"Morton Township, Precinct 1",U.S. Senate,,REP,Sherry O'Donnell,81
Mecosta,"Morton Township, Precinct 1",U.S. Senate,,REP,Ballots Cast,772
Mecosta,"Morton Township, Precinct 2",U.S. Senate,,REP,Justin Amash,77
Mecosta,"Morton Township, Precinct 2",U.S. Senate,,REP,Mike Rogers,352
Mecosta,"Morton Township, Precinct 2",U.S. Senate,,REP,Sandy Pensler,77
Mecosta,"Morton Township, Precinct 2",U.S. Senate,,REP,Sherry O'Donnell,42
Mecosta,"Morton Township, Precinct 2",U.S. Senate,,REP,Ballots Cast,846
Mecosta,"Sheridan Township, Precinct 1",U.S. Senate,,REP,Justin Amash,26
Mecosta,"Sheridan Township, Precinct 1",U.S. Senate,,REP,Mike Rogers,107
Mecosta,"Sheridan Township, Precinct 1",U.S. Senate,,REP,Sandy Pensler,22
Mecosta,"Sheridan Township, Precinct 1",U.S. Senate,,REP,Sherry O'Donnell,13
Mecosta,"Sheridan Township, Precinct 1",U.S. Senate,,REP,Ballots Cast,262
Mecosta,"Wheatland Township, Precinct 1",U.S. Senate,,REP,Justin Amash,48
Mecosta,"Wheatland Township, Precinct 1",U.S. Senate,,REP,Mike Rogers,154
Mecosta,"Wheatland Township, Precinct 1",U.S. Senate,,REP,Sandy Pensler,10
Mecosta,"Wheatland Township, Precinct 1",U.S. Senate,,REP,Sherry O'Donnell,20
Mecosta,"Wheatland Township, Precinct 1",U.S. Senate,,REP,Ballots Cast,364
Mecosta,"Aetna Township, Precinct 1",U.S. House,2,REP,John R. Moolenaar,315
Mecosta,"Aetna Township, Precinct 1",U.S. House,2,REP,Ballots Cast,422
Mecosta,"Austin Township, Precinct 1",U.S. House,2,REP,John R. Moolenaar,214
Mecosta,"Austin Township, Precinct 1",U.S. House,2,REP,Ballots Cast,326
Mecosta,"Big Rapids Charter Township, Precinct 1",U.S. House,2,REP,John R. Moolenaar,630
Mecosta,"Big Rapids Charter Township, Precinct 1",U.S. House,2,REP,Ballots Cast,1074
Mecosta,"City of Big Rapids, Precinct 1",U.S. House,2,REP,John R. Moolenaar,113
Mecosta,"City of Big Rapids, Precinct 1",U.S. House,2,REP,Ballots Cast,271
Mecosta,"City of Big Rapids, Precinct 2",U.S. House,2,REP,John R. Moolenaar,135
Mecosta,"City of Big Rapids, Precinct 2",U.S. House,2,REP,Ballots Cast,374
Mecosta,"City of Big Rapids, Precinct 3",U.S. House,2,REP,John R. Moolenaar,131
Mecosta,"City of Big Rapids, Precinct 3",U.S. House,2,REP,Ballots Cast,245
Mecosta,"Chippewa Township, Precinct 1",U.S. House,2,REP,John R. Moolenaar,253
Mecosta,"Chippewa Township, Precinct 1",U.S. House,2,REP,Ballots Cast,387
Mecosta,"Colfax Township, Precinct 1",U.S. House,2,REP,John R. Moolenaar,409
Mecosta,"Colfax Township, Precinct 1",U.S. House,2,REP,Ballots Cast,624
Mecosta,"Deerfield Township, Precinct 1",U.S. House,2,REP,John R. Moolenaar,193
Mecosta,"Deerfield Township, Precinct 1",U.S. House,2,REP,Ballots Cast,296
Mecosta,"Fork Township, Precinct 1",U.S. House,2,REP,John R. Moolenaar,206
Mecosta,"Fork Township, Precinct 1",U.S. House,2,REP,Ballots Cast,319
Mecosta,"Grant Township, Precinct 1",U.S. House,2,REP,John R. Moolenaar,141
Mecosta,"Grant Township, Precinct 1",U.S. House,2,REP,Ballots Cast,207
Mecosta,"Green Charter Township, Precinct 1",U.S. House,2,REP,John R. Moolenaar,608
Mecosta,"Green Charter Township, Precinct 1",U.S. House,2,REP,Ballots Cast,968
Mecosta,"Hinton Township, Precinct 1",U.S. House,2,REP,John R. Moolenaar,164
Mecosta,"Hinton Township, Precinct 1",U.S. House,2,REP,Ballots Cast,253
Mecosta,"Martiny Township, Precinct 1",U.S. House,2,REP,John R. Moolenaar,227
Mecosta,"Martiny Township, Precinct 1",U.S. House,2,REP,Ballots Cast,424
Mecosta,"Mecosta Township, Precinct 1",U.S. House,2,REP,John R. Moolenaar,416
Mecosta,"Mecosta Township, Precinct 1",U.S. House,2,REP,Ballots Cast,651
Mecosta,"Millbrook Township, Precinct 1",U.S. House,2,REP,John R. Moolenaar,129
Mecosta,"Millbrook Township, Precinct 1",U.S. House,2,REP,Ballots Cast,206
Mecosta,"Morton Township, Precinct 1",U.S. House,2,REP,John R. Moolenaar,447
Mecosta,"Morton Township, Precinct 1",U.S. House,2,REP,Ballots Cast,772
Mecosta,"Morton Township, Precinct 2",U.S. House,2,REP,John R. Moolenaar,514
Mecosta,"Morton Township, Precinct 2",U.S. House,2,REP,Ballots Cast,846
Mecosta,"Sheridan Township, Precinct 1",U.S. House,2,REP,John R. Moolenaar,161
Mecosta,"Sheridan Township, Precinct 1",U.S. House,2,REP,Ballots Cast,262
Mecosta,"Wheatland Township, Precinct 1",U.S. House,2,REP,John R. Moolenaar,229
Mecosta,"Wheatland Township, Precinct 1",U.S. House,2,REP,Ballots Cast,364
Mecosta,"Aetna Township, Precinct 1",State House,102,REP,Tom Kunse,318
Mecosta,"Aetna Township, Precinct 1",State House,102,REP,Ballots Cast,422
Mecosta,"Austin Township, Precinct 1",State House,102,REP,Tom Kunse,209
Mecosta,"Austin Township, Precinct 1",State House,102,REP,Ballots Cast,326
Mecosta,"Big Rapids Charter Township, Precinct 1",State House,102,REP,Tom Kunse,633
Mecosta,"Big Rapids Charter Township, Precinct 1",State House,102,REP,Ballots Cast,1074
Mecosta,"City of Big Rapids, Precinct 1",State House,102,REP,Tom Kunse,117
Mecosta,"City of Big Rapids, Precinct 1",State House,102,REP,Ballots Cast,271
Mecosta,"City of Big Rapids, Precinct 2",State House,102,REP,Tom Kunse,140
Mecosta,"City of Big Rapids, Precinct 2",State House,102,REP,Ballots Cast,374
Mecosta,"City of Big Rapids, Precinct 3",State House,102,REP,Tom Kunse,130
Mecosta,"City of Big Rapids, Precinct 3",State House,102,REP,Ballots Cast,245
Mecosta,"Chippewa Township, Precinct 1",State House,102,REP,Tom Kunse,252
Mecosta,"Chippewa Township, Precinct 1",State House,102,REP,Ballots Cast,387
Mecosta,"Colfax Township, Precinct 1",State House,102,REP,Tom Kunse,403
Mecosta,"Colfax Township, Precinct 1",State House,102,REP,Ballots Cast,624
Mecosta,"Deerfield Township, Precinct 1",State House,102,REP,Tom Kunse,189
Mecosta,"Deerfield Township, Precinct 1",State House,102,REP,Ballots Cast,296
Mecosta,"Fork Township, Precinct 1",State House,102,REP,Tom Kunse,200
Mecosta,"Fork Township, Precinct 1",State House,102,REP,Ballots Cast,319
Mecosta,"Grant Township, Precinct 1",State House,102,REP,Tom Kunse,138
Mecosta,"Grant Township, Precinct 1",State House,102,REP,Ballots Cast,207
Mecosta,"Green Charter Township, Precinct 1",State House,102,REP,Tom Kunse,609
Mecosta,"Green Charter Township, Precinct 1",State House,102,REP,Ballots Cast,968
Mecosta,"Hinton Township, Precinct 1",State House,102,REP,Tom Kunse,161
Mecosta,"Hinton Township, Precinct 1",State House,102,REP,Ballots Cast,253
Mecosta,"Martiny Township, Precinct 1",State House,102,REP,Tom Kunse,234
Mecosta,"Martiny Township, Precinct 1",State House,102,REP,Ballots Cast,424
Mecosta,"Mecosta Township, Precinct 1",State House,102,REP,Tom Kunse,418
Mecosta,"Mecosta Township, Precinct 1",State House,102,REP,Ballots Cast,651
Mecosta,"Millbrook Township, Precinct 1",State House,102,REP,Tom Kunse,126
Mecosta,"Millbrook Township, Precinct 1",State House,102,REP,Ballots Cast,206
Mecosta,"Morton Township, Precinct 1",State House,102,REP,Tom Kunse,438
Mecosta,"Morton Township, Precinct 1",State House,102,REP,Ballots Cast,772
Mecosta,"Morton Township, Precinct 2",State House,102,REP,Tom Kunse,497
Mecosta,"Morton Township, Precinct 2",State House,102,REP,Ballots Cast,846
Mecosta,"Sheridan Township, Precinct 1",State House,102,REP,Tom Kunse,154
Mecosta,"Sheridan Township, Precinct 1",State House,102,REP,Ballots Cast,262
Mecosta,"Wheatland Township, Precinct 1",State House,102,REP,Tom Kunse,221
Mecosta,"Wheatland Township, Precinct 1",State House,102,REP,Ballots Cast,364
Mecosta,"Aetna Township, Precinct 1",Prosecuting Attorney,,REP,Jonathan Michael Peterson,311
Mecosta,"Aetna Township, Precinct 1",Prosecuting Attorney,,REP,Ballots Cast,422
Mecosta,"Austin Township, Precinct 1",Prosecuting Attorney,,REP,Jonathan Michael Peterson,206
Mecosta,"Austin Township, Precinct 1",Prosecuting Attorney,,REP,Ballots Cast,326
Mecosta,"Big Rapids Charter Township, Precinct 1",Prosecuting Attorney,,REP,Jonathan Michael Peterson,638
Mecosta,"Big Rapids Charter Township, Precinct 1",Prosecuting Attorney,,REP,Ballots Cast,1074
Mecosta,"City of Big Rapids, Precinct 1",Prosecuting Attorney,,REP,Jonathan Michael Peterson,114
Mecosta,"City of Big Rapids, Precinct 1",Prosecuting Attorney,,REP,Ballots Cast,271
Mecosta,"City of Big Rapids, Precinct 2",Prosecuting Attorney,,REP,Jonathan Michael Peterson,149
Mecosta,"City of Big Rapids, Precinct 2",Prosecuting Attorney,,REP,Ballots Cast,374
Mecosta,"City of Big Rapids, Precinct 3",Prosecuting Attorney,,REP,Jonathan Michael Peterson,130
Mecosta,"City of Big Rapids, Precinct 3",Prosecuting Attorney,,REP,Ballots Cast,245
Mecosta,"Chippewa Township, Precinct 1",Prosecuting Attorney,,REP,Jonathan Michael Peterson,254
Mecosta,"Chippewa Township, Precinct 1",Prosecuting Attorney,,REP,Ballots Cast,387
Mecosta,"Colfax Township, Precinct 1",Prosecuting Attorney,,REP,Jonathan Michael Peterson,415
Mecosta,"Colfax Township, Precinct 1",Prosecuting Attorney,,REP,Ballots Cast,624
Mecosta,"Deerfield Township, Precinct 1",Prosecuting Attorney,,REP,Jonathan Michael Peterson,188
Mecosta,"Deerfield Township, Precinct 1",Prosecuting Attorney,,REP,Ballots Cast,296
Mecosta,"Fork Township, Precinct 1",Prosecuting Attorney,,REP,Jonathan Michael Peterson,200
Mecosta,"Fork Township, Precinct 1",Prosecuting Attorney,,REP,Ballots Cast,319
Mecosta,"Grant Township, Precinct 1",Prosecuting Attorney,,REP,Jonathan Michael Peterson,131
Mecosta,"Grant Township, Precinct 1",Prosecuting Attorney,,REP,Ballots Cast,207
Mecosta,"Green Charter Township, Precinct 1",Prosecuting Attorney,,REP,Jonathan Michael Peterson,604
Mecosta,"Green Charter Township, Precinct 1",Prosecuting Attorney,,REP,Ballots Cast,968
Mecosta,"Hinton Township, Precinct 1",Prosecuting Attorney,,REP,Jonathan Michael Peterson,155
Mecosta,"Hinton Township, Precinct 1",Prosecuting Attorney,,REP,Ballots Cast,253
Mecosta,"Martiny Township, Precinct 1",Prosecuting Attorney,,REP,Jonathan Michael Peterson,227
Mecosta,"Martiny Township, Precinct 1",Prosecuting Attorney,,REP,Ballots Cast,424
Mecosta,"Mecosta Township, Precinct 1",Prosecuting Attorney,,REP,Jonathan Michael Peterson,400
Mecosta,"Mecosta Township, Precinct 1",Prosecuting Attorney,,REP,Ballots Cast,651
Mecosta,"Millbrook Township, Precinct 1",Prosecuting Attorney,,REP,Jonathan Michael Peterson,121
Mecosta,"Millbrook Township, Precinct 1",Prosecuting Attorney,,REP,Ballots Cast,206
Mecosta,"Morton Township, Precinct 1",Prosecuting Attorney,,REP,Jonathan Michael Peterson,428
Mecosta,"Morton Township, Precinct 1",Prosecuting Attorney,,REP,Ballots Cast,772
Mecosta,"Morton Township, Precinct 2",Prosecuting Attorney,,REP,Jonathan Michael Peterson,482
Mecosta,"Morton Township, Precinct 2",Prosecuting Attorney,,REP,Ballots Cast,846
Mecosta,"Sheridan Township, Precinct 1",Prosecuting Attorney,,REP,Jonathan Michael Peterson,157
Mecosta,"Sheridan Township, Precinct 1",Prosecuting Attorney,,REP,Ballots Cast,262
Mecosta,"Wheatland Township, Precinct 1",Prosecuting Attorney,,REP,Jonathan Michael Peterson,216
Mecosta,"Wheatland Township, Precinct 1",Prosecuting Attorney,,REP,Ballots Cast,364
Mecosta,"Aetna Township, Precinct 1",Sheriff,,REP,Brian S. Miller,239
Mecosta,"Aetna Township, Precinct 1",Sheriff,,REP,Gregory Lobert,16
Mecosta,"Aetna Township, Precinct 1",Sheriff,,REP,James Taylor,87
Mecosta,"Aetna Township, Precinct 1",Sheriff,,REP,Ballots Cast,422
Mecosta,"Austin Township, Precinct 1",Sheriff,,REP,Brian S. Miller,179
Mecosta,"Austin Township, Precinct 1",Sheriff,,REP,Gregory Lobert,6
Mecosta,"Austin Township, Precinct 1",Sheriff,,REP,James Taylor,48
Mecosta,"Austin Township, Precinct 1",Sheriff,,REP,Ballots Cast,326
Mecosta,"Big Rapids Charter Township, Precinct 1",Sheriff,,REP,Brian S. Miller,612
Mecosta,"Big Rapids Charter Township, Precinct 1",Sheriff,,REP,Gregory Lobert,10
Mecosta,"Big Rapids Charter Township, Precinct 1",Sheriff,,REP,James Taylor,149
Mecosta,"Big Rapids Charter Township, Precinct 1",Sheriff,,REP,Ballots Cast,1074
Mecosta,"City of Big Rapids, Precinct 1",Sheriff,,REP,Brian S. Miller,100
Mecosta,"City of Big Rapids, Precinct 1",Sheriff,,REP,Gregory Lobert,3
Mecosta,"City of Big Rapids, Precinct 1",Sheriff,,REP,James Taylor,39
Mecosta,"City of Big Rapids, Precinct 1",Sheriff,,REP,Ballots Cast,271
Mecosta,"City of Big Rapids, Precinct 2",Sheriff,,REP,Brian S. Miller,144
Mecosta,"City of Big Rapids, Precinct 2",Sheriff,,REP,Gregory Lobert,6
Mecosta,"City of Big Rapids, Precinct 2",Sheriff,,REP,James Taylor,54
Mecosta,"City of Big Rapids, Precinct 2",Sheriff,,REP,Ballots Cast,374
Mecosta,"City of Big Rapids, Precinct 3",Sheriff,,REP,Brian S. Miller,110
Mecosta,"City of Big Rapids, Precinct 3",Sheriff,,REP,Gregory Lobert,6
Mecosta,"City of Big Rapids, Precinct 3",Sheriff,,REP,James Taylor,34
Mecosta,"City of Big Rapids, Precinct 3",Sheriff,,REP,Ballots Cast,245
Mecosta,"Chippewa Township, Precinct 1",Sheriff,,REP,Brian S. Miller,210
Mecosta,"Chippewa Township, Precinct 1",Sheriff,,REP,Gregory Lobert,10
Mecosta,"Chippewa Township, Precinct 1",Sheriff,,REP,James Taylor,66
Mecosta,"Chippewa Township, Precinct 1",Sheriff,,REP,Ballots Cast,387
Mecosta,"Colfax Township, Precinct 1",Sheriff,,REP,Brian S. Miller,344
Mecosta,"Colfax Township, Precinct 1",Sheriff,,REP,Gregory Lobert,4
Mecosta,"Colfax Township, Precinct 1",Sheriff,,REP,James Taylor,131
Mecosta,"Colfax Township, Precinct 1",Sheriff,,REP,Ballots Cast,624
Mecosta,"Deerfield Township, Precinct 1",Sheriff,,REP,Brian S. Miller,158
Mecosta,"Deerfield Township, Precinct 1",Sheriff,,REP,Gregory Lobert,7
Mecosta,"Deerfield Township, Precinct 1",Sheriff,,REP,James Taylor,60
Mecosta,"Deerfield Township, Precinct 1",Sheriff,,REP,Ballots Cast,296
Mecosta,"Fork Township, Precinct 1",Sheriff,,REP,Brian S. Miller,179
Mecosta,"Fork Township, Precinct 1",Sheriff,,REP,Gregory Lobert,12
Mecosta,"Fork Township, Precinct 1",Sheriff,,REP,James Taylor,36
Mecosta,"Fork Township, Precinct 1",Sheriff,,REP,Ballots Cast,319
Mecosta,"Grant Township, Precinct 1",Sheriff,,REP,Brian S. Miller,119
Mecosta,"Grant Township, Precinct 1",Sheriff,,REP,Gregory Lobert,3
Mecosta,"Grant Township, Precinct 1",Sheriff,,REP,James Taylor,39
Mecosta,"Grant Township, Precinct 1",Sheriff,,REP,Ballots Cast,207
Mecosta,"Green Charter Township, Precinct 1",Sheriff,,REP,Brian S. Miller,560
Mecosta,"Green Charter Township, Precinct 1",Sheriff,,REP,Gregory Lobert,14
Mecosta,"Green Charter Township, Precinct 1",Sheriff,,REP,James Taylor,192
Mecosta,"Green Charter Township, Precinct 1",Sheriff,,REP,Ballots Cast,968
Mecosta,"Hinton Township, Precinct 1",Sheriff,,REP,Brian S. Miller,114
Mecosta,"Hinton Township, Precinct 1",Sheriff,,REP,Gregory Lobert,14
Mecosta,"Hinton Township, Precinct 1",Sheriff,,REP,James Taylor,52
Mecosta,"Hinton Township, Precinct 1",Sheriff,,REP,Ballots Cast,253
Mecosta,"Martiny Township, Precinct 1",Sheriff,,REP,Brian S. Miller,203
Mecosta,"Martiny Township, Precinct 1",Sheriff,,REP,Gregory Lobert,7
Mecosta,"Martiny Township, Precinct 1",Sheriff,,REP,James Taylor,63
Mecosta,"Martiny Township, Precinct 1",Sheriff,,REP,Ballots Cast,424
Mecosta,"Mecosta Township, Precinct 1",Sheriff,,REP,Brian S. Miller,349
Mecosta,"Mecosta Township, Precinct 1",Sheriff,,REP,Gregory Lobert,8
Mecosta,"Mecosta Township, Precinct 1",Sheriff,,REP,James Taylor,133
Mecosta,"Mecosta Township, Precinct 1",Sheriff,,REP,Ballots Cast,651
Mecosta,"Millbrook Township, Precinct 1",Sheriff,,REP,Brian S. Miller,79
Mecosta,"Millbrook Township, Precinct 1",Sheriff,,REP,Gregory Lobert,21
Mecosta,"Millbrook Township, Precinct 1",Sheriff,,REP,James Taylor,27
Mecosta,"Millbrook Township, Precinct 1",Sheriff,,REP,Ballots Cast,206
Mecosta,"Morton Township, Precinct 1",Sheriff,,REP,Brian S. Miller,383
Mecosta,"Morton Township, Precinct 1",Sheriff,,REP,Gregory Lobert,18
Mecosta,"Morton Township, Precinct 1",Sheriff,,REP,James Taylor,119
Mecosta,"Morton Township, Precinct 1",Sheriff,,REP,Ballots Cast,772
Mecosta,"Morton Township, Precinct 2",Sheriff,,REP,Brian S. Miller,423
Mecosta,"Morton Township, Precinct 2",Sheriff,,REP,Gregory Lobert,21
Mecosta,"Morton Township, Precinct 2",Sheriff,,REP,James Taylor,115
Mecosta,"Morton Township, Precinct 2",Sheriff,,REP,Ballots Cast,846
Mecosta,"Sheridan Township, Precinct 1",Sheriff,,REP,Brian S. Miller,125
Mecosta,"Sheridan Township, Precinct 1",Sheriff,,REP,Gregory Lobert,26
Mecosta,"Sheridan Township, Precinct 1",Sheriff,,REP,James Taylor,25
Mecosta,"Sheridan Township, Precinct 1",Sheriff,,REP,Ballots Cast,262
Mecosta,"Wheatland Township, Precinct 1",Sheriff,,REP,Brian S. Miller,174
Mecosta,"Wheatland Township, Precinct 1",Sheriff,,REP,Gregory Lobert,30
Mecosta,"Wheatland Township, Precinct 1",Sheriff,,REP,James Taylor,61
Mecosta,"Wheatland Township, Precinct 1",Sheriff,,REP,Ballots Cast,364
Mecosta,"Aetna Township, Precinct 1",County Clerk,,REP,Marcee M. Purcell,319
Mecosta,"Aetna Township, Precinct 1",County Clerk,,REP,Ballots Cast,422
Mecosta,"Austin Township, Precinct 1",County Clerk,,REP,Marcee M. Purcell,212
Mecosta,"Austin Township, Precinct 1",County Clerk,,REP,Ballots Cast,326
Mecosta,"Big Rapids Charter Township, Precinct 1",County Clerk,,REP,Marcee M. Purcell,670
Mecosta,"Big Rapids Charter Township, Precinct 1",County Clerk,,REP,Ballots Cast,1074
Mecosta,"City of Big Rapids, Precinct 1",County Clerk,,REP,Marcee M. Purcell,127
Mecosta,"City of Big Rapids, Precinct 1",County Clerk,,REP,Ballots Cast,271
Mecosta,"City of Big Rapids, Precinct 2",County Clerk,,REP,Marcee M. Purcell,166
Mecosta,"City of Big Rapids, Precinct 2",County Clerk,,REP,Ballots Cast,374
Mecosta,"City of Big Rapids, Precinct 3",County Clerk,,REP,Marcee M. Purcell,136
Mecosta,"City of Big Rapids, Precinct 3",County Clerk,,REP,Ballots Cast,245
Mecosta,"Chippewa Township, Precinct 1",County Clerk,,REP,Marcee M. Purcell,266
Mecosta,"Chippewa Township, Precinct 1",County Clerk,,REP,Ballots Cast,387
Mecosta,"Colfax Township, Precinct 1",County Clerk,,REP,Marcee M. Purcell,437
Mecosta,"Colfax Township, Precinct 1",County Clerk,,REP,Ballots Cast,624
Mecosta,"Deerfield Township, Precinct 1",County Clerk,,REP,Marcee M. Purcell,195
Mecosta,"Deerfield Township, Precinct 1",County Clerk,,REP,Ballots Cast,296
Mecosta,"Fork Township, Precinct 1",County Clerk,,REP,Marcee M. Purcell,202
Mecosta,"Fork Township, Precinct 1",County Clerk,,REP,Ballots Cast,319
Mecosta,"Grant Township, Precinct 1",County Clerk,,REP,Marcee M. Purcell,142
Mecosta,"Grant Township, Precinct 1",County Clerk,,REP,Ballots Cast,207
Mecosta,"Green Charter Township, Precinct 1",County Clerk,,REP,Marcee M. Purcell,660
Mecosta,"Green Charter Township, Precinct 1",County Clerk,,REP,Ballots Cast,968
Mecosta,"Hinton Township, Precinct 1",County Clerk,,REP,Marcee M. Purcell,156
Mecosta,"Hinton Township, Precinct 1",County Clerk,,REP,Ballots Cast,253
Mecosta,"Martiny Township, Precinct 1",County Clerk,,REP,Marcee M. Purcell,242
Mecosta,"Martiny Township, Precinct 1",County Clerk,,REP,Ballots Cast,424
Mecosta,"Mecosta Township, Precinct 1",County Clerk,,REP,Marcee M. Purcell,416
Mecosta,"Mecosta Township, Precinct 1",County Clerk,,REP,Ballots Cast,651
Mecosta,"Millbrook Township, Precinct 1",County Clerk,,REP,Marcee M. Purcell,124
Mecosta,"Millbrook Township, Precinct 1",County Clerk,,REP,Ballots Cast,206
Mecosta,"Morton Township, Precinct 1",County Clerk,,REP,Marcee M. Purcell,448
Mecosta,"Morton Township, Precinct 1",County Clerk,,REP,Ballots Cast,772
Mecosta,"Morton Township, Precinct 2",County Clerk,,REP,Marcee M. Purcell,488
Mecosta,"Morton Township, Precinct 2",County Clerk,,REP,Ballots Cast,846
Mecosta,"Sheridan Township, Precinct 1",County Clerk,,REP,Marcee M. Purcell,162
Mecosta,"Sheridan Township, Precinct 1",County Clerk,,REP,Ballots Cast,262
Mecosta,"Wheatland Township, Precinct 1",County Clerk,,REP,Marcee M. Purcell,234
Mecosta,"Wheatland Township, Precinct 1",County Clerk,,REP,Ballots Cast,364
Mecosta,"Aetna Township, Precinct 1",County Treasurer,,REP,Sherry Earnest,315
Mecosta,"Aetna Township, Precinct 1",County Treasurer,,REP,Ballots Cast,422
Mecosta,"Austin Township, Precinct 1",County Treasurer,,REP,Sherry Earnest,209
Mecosta,"Austin Township, Precinct 1",County Treasurer,,REP,Ballots Cast,326
Mecosta,"Big Rapids Charter Township, Precinct 1",County Treasurer,,REP,Sherry Earnest,645
Mecosta,"Big Rapids Charter Township, Precinct 1",County Treasurer,,REP,Ballots Cast,1074
Mecosta,"City of Big Rapids, Precinct 1",County Treasurer,,REP,Sherry Earnest,123
Mecosta,"City of Big Rapids, Precinct 1",County Treasurer,,REP,Ballots Cast,271
Mecosta,"City of Big Rapids, Precinct 2",County Treasurer,,REP,Sherry Earnest,153
Mecosta,"City of Big Rapids, Precinct 2",County Treasurer,,REP,Ballots Cast,374
Mecosta,"City of Big Rapids, Precinct 3",County Treasurer,,REP,Sherry Earnest,128
Mecosta,"City of Big Rapids, Precinct 3",County Treasurer,,REP,Ballots Cast,245
Mecosta,"Chippewa Township, Precinct 1",County Treasurer,,REP,Sherry Earnest,263
Mecosta,"Chippewa Township, Precinct 1",County Treasurer,,REP,Ballots Cast,387
Mecosta,"Colfax Township, Precinct 1",County Treasurer,,REP,Sherry Earnest,415
Mecosta,"Colfax Township, Precinct 1",County Treasurer,,REP,Ballots Cast,624
Mecosta,"Deerfield Township, Precinct 1",County Treasurer,,REP,Sherry Earnest,191
Mecosta,"Deerfield Township, Precinct 1",County Treasurer,,REP,Ballots Cast,296
Mecosta,"Fork Township, Precinct 1",County Treasurer,,REP,Sherry Earnest,197
Mecosta,"Fork Township, Precinct 1",County Treasurer,,REP,Ballots Cast,319
Mecosta,"Grant Township, Precinct 1",County Treasurer,,REP,Sherry Earnest,133
Mecosta,"Grant Township, Precinct 1",County Treasurer,,REP,Ballots Cast,207
Mecosta,"Green Charter Township, Precinct 1",County Treasurer,,REP,Sherry Earnest,617
Mecosta,"Green Charter Township, Precinct 1",County Treasurer,,REP,Ballots Cast,968
Mecosta,"Hinton Township, Precinct 1",County Treasurer,,REP,Sherry Earnest,154
Mecosta,"Hinton Township, Precinct 1",County Treasurer,,REP,Ballots Cast,253
Mecosta,"Martiny Township, Precinct 1",County Treasurer,,REP,Sherry Earnest,238
Mecosta,"Martiny Township, Precinct 1",County Treasurer,,REP,Ballots Cast,424
Mecosta,"Mecosta Township, Precinct 1",County Treasurer,,REP,Sherry Earnest,406
Mecosta,"Mecosta Township, Precinct 1",County Treasurer,,REP,Ballots Cast,651
Mecosta,"Millbrook Township, Precinct 1",County Treasurer,,REP,Sherry Earnest,125
Mecosta,"Millbrook Township, Precinct 1",County Treasurer,,REP,Ballots Cast,206
Mecosta,"Morton Township, Precinct 1",County Treasurer,,REP,Sherry Earnest,443
Mecosta,"Morton Township, Precinct 1",County Treasurer,,REP,Ballots Cast,772
Mecosta,"Morton Township, Precinct 2",County Treasurer,,REP,Sherry Earnest,473
Mecosta,"Morton Township, Precinct 2",County Treasurer,,REP,Ballots Cast,846
Mecosta,"Sheridan Township, Precinct 1",County Treasurer,,REP,Sherry Earnest,157
Mecosta,"Sheridan Township, Precinct 1",County Treasurer,,REP,Ballots Cast,262
Mecosta,"Wheatland Township, Precinct 1",County Treasurer,,REP,Sherry Earnest,217
Mecosta,"Wheatland Township, Precinct 1",County Treasurer,,REP,Ballots Cast,364
Mecosta,"Aetna Township, Precinct 1",Register of Deeds,,REP,Karen Hahn,185
Mecosta,"Aetna Township, Precinct 1",Register of Deeds,,REP,Robert Deschaine,146
Mecosta,"Aetna Township, Precinct 1",Register of Deeds,,REP,Ballots Cast,422
Mecosta,"Austin Township, Precinct 1",Register of Deeds,,REP,Karen Hahn,139
Mecosta,"Austin Township, Precinct 1",Register of Deeds,,REP,Robert Deschaine,86
Mecosta,"Austin Township, Precinct 1",Register of Deeds,,REP,Ballots Cast,326
Mecosta,"Big Rapids Charter Township, Precinct 1",Register of Deeds,,REP,Karen Hahn,479
Mecosta,"Big Rapids Charter Township, Precinct 1",Register of Deeds,,REP,Robert Deschaine,259
Mecosta,"Big Rapids Charter Township, Precinct 1",Register of Deeds,,REP,Ballots Cast,1074
Mecosta,"City of Big Rapids, Precinct 1",Register of Deeds,,REP,Karen Hahn,102
Mecosta,"City of Big Rapids, Precinct 1",Register of Deeds,,REP,Robert Deschaine,39
Mecosta,"City of Big Rapids, Precinct 1",Register of Deeds,,REP,Ballots Cast,271
Mecosta,"City of Big Rapids, Precinct 2",Register of Deeds,,REP,Karen Hahn,147
Mecosta,"City of Big Rapids, Precinct 2",Register of Deeds,,REP,Robert Deschaine,44
Mecosta,"City of Big Rapids, Precinct 2",Register of Deeds,,REP,Ballots Cast,374
Mecosta,"City of Big Rapids, Precinct 3",Register of Deeds,,REP,Karen Hahn,104
Mecosta,"City of Big Rapids, Precinct 3",Register of Deeds,,REP,Robert Deschaine,38
Mecosta,"City of Big Rapids, Precinct 3",Register of Deeds,,REP,Ballots Cast,245
Mecosta,"Chippewa Township, Precinct 1",Register of Deeds,,REP,Karen Hahn,209
Mecosta,"Chippewa Township, Precinct 1",Register of Deeds,,REP,Robert Deschaine,68
Mecosta,"Chippewa Township, Precinct 1",Register of Deeds,,REP,Ballots Cast,387
Mecosta,"Colfax Township, Precinct 1",Register of Deeds,,REP,Karen Hahn,317
Mecosta,"Colfax Township, Precinct 1",Register of Deeds,,REP,Robert Deschaine,146
Mecosta,"Colfax Township, Precinct 1",Register of Deeds,,REP,Ballots Cast,624
Mecosta,"Deerfield Township, Precinct 1",Register of Deeds,,REP,Karen Hahn,139
Mecosta,"Deerfield Township, Precinct 1",Register of Deeds,,REP,Robert Deschaine,66
Mecosta,"Deerfield Township, Precinct 1",Register of Deeds,,REP,Ballots Cast,296
Mecosta,"Fork Township, Precinct 1",Register of Deeds,,REP,Karen Hahn,164
Mecosta,"Fork Township, Precinct 1",Register of Deeds,,REP,Robert Deschaine,56
Mecosta,"Fork Township, Precinct 1",Register of Deeds,,REP,Ballots Cast,319
Mecosta,"Grant Township, Precinct 1",Register of Deeds,,REP,Karen Hahn,91
Mecosta,"Grant Township, Precinct 1",Register of Deeds,,REP,Robert Deschaine,60
Mecosta,"Grant Township, Precinct 1",Register of Deeds,,REP,Ballots Cast,207
Mecosta,"Green Charter Township, Precinct 1",Register of Deeds,,REP,Karen Hahn,415
Mecosta,"Green Charter Township, Precinct 1",Register of Deeds,,REP,Robert Deschaine,341
Mecosta,"Green Charter Township, Precinct 1",Register of Deeds,,REP,Ballots Cast,968
Mecosta,"Hinton Township, Precinct 1",Register of Deeds,,REP,Karen Hahn,113
Mecosta,"Hinton Township, Precinct 1",Register of Deeds,,REP,Robert Deschaine,61
Mecosta,"Hinton Township, Precinct 1",Register of Deeds,,REP,Ballots Cast,253
Mecosta,"Martiny Township, Precinct 1",Register of Deeds,,REP,Karen Hahn,162
Mecosta,"Martiny Township, Precinct 1",Register of Deeds,,REP,Robert Deschaine,101
Mecosta,"Martiny Township, Precinct 1",Register of Deeds,,REP,Ballots Cast,424
Mecosta,"Mecosta Township, Precinct 1",Register of Deeds,,REP,Karen Hahn,304
Mecosta,"Mecosta Township, Precinct 1",Register of Deeds,,REP,Robert Deschaine,159
Mecosta,"Mecosta Township, Precinct 1",Register of Deeds,,REP,Ballots Cast,651
Mecosta,"Millbrook Township, Precinct 1",Register of Deeds,,REP,Karen Hahn,84
Mecosta,"Millbrook Township, Precinct 1",Register of Deeds,,REP,Robert Deschaine,37
Mecosta,"Millbrook Township, Precinct 1",Register of Deeds,,REP,Ballots Cast,206
Mecosta,"Morton Township, Precinct 1",Register of Deeds,,REP,Karen Hahn,329
Mecosta,"Morton Township, Precinct 1",Register of Deeds,,REP,Robert Deschaine,146
Mecosta,"Morton Township, Precinct 1",Register of Deeds,,REP,Ballots Cast,772
Mecosta,"Morton Township, Precinct 2",Register of Deeds,,REP,Karen Hahn,307
Mecosta,"Morton Township, Precinct 2",Register of Deeds,,REP,Robert Deschaine,190
Mecosta,"Morton Township, Precinct 2",Register of Deeds,,REP,Ballots Cast,846
Mecosta,"Sheridan Township, Precinct 1",Register of Deeds,,REP,Karen Hahn,128
Mecosta,"Sheridan Township, Precinct 1",Register of Deeds,,REP,Robert Deschaine,40
Mecosta,"Sheridan Township, Precinct 1",Register of Deeds,,REP,Ballots Cast,262
Mecosta,"Wheatland Township, Precinct 1",Register of Deeds,,REP,Karen Hahn,183
Mecosta,"Wheatland Township, Precinct 1",Register of Deeds,,REP,Robert Deschaine,58
Mecosta,"Wheatland Township, Precinct 1",Register of Deeds,,REP,Ballots Cast,364
Mecosta,"Aetna Township, Precinct 1",Road Commissioner,,REP,Van Johnson,312
Mecosta,"Aetna Township, Precinct 1",Road Commissioner,,REP,Ballots Cast,422
Mecosta,"Austin Township, Precinct 1",Road Commissioner,,REP,Van Johnson,203
Mecosta,"Austin Township, Precinct 1",Road Commissioner,,REP,Ballots Cast,326
Mecosta,"Big Rapids Charter Township, Precinct 1",Road Commissioner,,REP,Van Johnson,659
Mecosta,"Big Rapids Charter Township, Precinct 1",Road Commissioner,,REP,Ballots Cast,1074
Mecosta,"City of Big Rapids, Precinct 1",Road Commissioner,,REP,Van Johnson,122
Mecosta,"City of Big Rapids, Precinct 1",Road Commissioner,,REP,Ballots Cast,271
Mecosta,"City of Big Rapids, Precinct 2",Road Commissioner,,REP,Van Johnson,158
Mecosta,"City of Big Rapids, Precinct 2",Road Commissioner,,REP,Ballots Cast,374
Mecosta,"City of Big Rapids, Precinct 3",Road Commissioner,,REP,Van Johnson,132
Mecosta,"City of Big Rapids, Precinct 3",Road Commissioner,,REP,Ballots Cast,245
Mecosta,"Chippewa Township, Precinct 1",Road Commissioner,,REP,Van Johnson,256
Mecosta,"Chippewa Township, Precinct 1",Road Commissioner,,REP,Ballots Cast,387
Mecosta,"Colfax Township, Precinct 1",Road Commissioner,,REP,Van Johnson,430
Mecosta,"Colfax Township, Precinct 1",Road Commissioner,,REP,Ballots Cast,624
Mecosta,"Deerfield Township, Precinct 1",Road Commissioner,,REP,Van Johnson,185
Mecosta,"Deerfield Township, Precinct 1",Road Commissioner,,REP,Ballots Cast,296
Mecosta,"Fork Township, Precinct 1",Road Commissioner,,REP,Van Johnson,196
Mecosta,"Fork Township, Precinct 1",Road Commissioner,,REP,Ballots Cast,319
Mecosta,"Grant Township, Precinct 1",Road Commissioner,,REP,Van Johnson,142
Mecosta,"Grant Township, Precinct 1",Road Commissioner,,REP,Ballots Cast,207
Mecosta,"Green Charter Township, Precinct 1",Road Commissioner,,REP,Van Johnson,641
Mecosta,"Green Charter Township, Precinct 1",Road Commissioner,,REP,Ballots Cast,968
Mecosta,"Hinton Township, Precinct 1",Road Commissioner,,REP,Van Johnson,153
Mecosta,"Hinton Township, Precinct 1",Road Commissioner,,REP,Ballots Cast,253
Mecosta,"Martiny Township, Precinct 1",Road Commissioner,,REP,Van Johnson,234
Mecosta,"Martiny Township, Precinct 1",Road Commissioner,,REP,Ballots Cast,424
Mecosta,"Mecosta Township, Precinct 1",Road Commissioner,,REP,Van Johnson,411
Mecosta,"Mecosta Township, Precinct 1",Road Commissioner,,REP,Ballots Cast,651
Mecosta,"Millbrook Township, Precinct 1",Road Commissioner,,REP,Van Johnson,122
Mecosta,"Millbrook Township, Precinct 1",Road Commissioner,,REP,Ballots Cast,206
Mecosta,"Morton Township, Precinct 1",Road Commissioner,,REP,Van Johnson,434
Mecosta,"Morton Township, Precinct 1",Road Commissioner,,REP,Ballots Cast,772
Mecosta,"Morton Township, Precinct 2",Road Commissioner,,REP,Van Johnson,473
Mecosta,"Morton Township, Precinct 2",Road Commissioner,,REP,Ballots Cast,846
Mecosta,"Sheridan Township, Precinct 1",Road Commissioner,,REP,Van Johnson,155
Mecosta,"Sheridan Township, Precinct 1",Road Commissioner,,REP,Ballots Cast,262
Mecosta,"Wheatland Township, Precinct 1",Road Commissioner,,REP,Van Johnson,220
Mecosta,"Wheatland Township, Precinct 1",Road Commissioner,,REP,Ballots Cast,364
Mecosta,"Aetna Township, Precinct 1",Drain Commissioner,,REP,Karla Miller,308
Mecosta,"Aetna Township, Precinct 1",Drain Commissioner,,REP,Ballots Cast,422
Mecosta,"Austin Township, Precinct 1",Drain Commissioner,,REP,Karla Miller,207
Mecosta,"Austin Township, Precinct 1",Drain Commissioner,,REP,Ballots Cast,326
Mecosta,"Big Rapids Charter Township, Precinct 1",Drain Commissioner,,REP,Karla Miller,635
Mecosta,"Big Rapids Charter Township, Precinct 1",Drain Commissioner,,REP,Ballots Cast,1074
Mecosta,"City of Big Rapids, Precinct 1",Drain Commissioner,,REP,Karla Miller,118
Mecosta,"City of Big Rapids, Precinct 1",Drain Commissioner,,REP,Ballots Cast,271
Mecosta,"City of Big Rapids, Precinct 2",Drain Commissioner,,REP,Karla Miller,152
Mecosta,"City of Big Rapids, Precinct 2",Drain Commissioner,,REP,Ballots Cast,374
Mecosta,"City of Big Rapids, Precinct 3",Drain Commissioner,,REP,Karla Miller,133
Mecosta,"City of Big Rapids, Precinct 3",Drain Commissioner,,REP,Ballots Cast,245
Mecosta,"Chippewa Township, Precinct 1",Drain Commissioner,,REP,Karla Miller,250
Mecosta,"Chippewa Township, Precinct 1",Drain Commissioner,,REP,Ballots Cast,387
Mecosta,"Colfax Township, Precinct 1",Drain Commissioner,,REP,Karla Miller,419
Mecosta,"Colfax Township, Precinct 1",Drain Commissioner,,REP,Ballots Cast,624
Mecosta,"Deerfield Township, Precinct 1",Drain Commissioner,,REP,Karla Miller,186
Mecosta,"Deerfield Township, Precinct 1",Drain Commissioner,,REP,Ballots Cast,296
Mecosta,"Fork Township, Precinct 1",Drain Commissioner,,REP,Karla Miller,196
Mecosta,"Fork Township, Precinct 1",Drain Commissioner,,REP,Ballots Cast,319
Mecosta,"Grant Township, Precinct 1",Drain Commissioner,,REP,Karla Miller,128
Mecosta,"Grant Township, Precinct 1",Drain Commissioner,,REP,Ballots Cast,207
Mecosta,"Green Charter Township, Precinct 1",Drain Commissioner,,REP,Karla Miller,613
Mecosta,"Green Charter Township, Precinct 1",Drain Commissioner,,REP,Ballots Cast,968
Mecosta,"Hinton Township, Precinct 1",Drain Commissioner,,REP,Karla Miller,145
Mecosta,"Hinton Township, Precinct 1",Drain Commissioner,,REP,Ballots Cast,253
Mecosta,"Martiny Township, Precinct 1",Drain Commissioner,,REP,Karla Miller,235
Mecosta,"Martiny Township, Precinct 1",Drain Commissioner,,REP,Ballots Cast,424
Mecosta,"Mecosta Township, Precinct 1",Drain Commissioner,,REP,Karla Miller,405
Mecosta,"Mecosta Township, Precinct 1",Drain Commissioner,,REP,Ballots Cast,651
Mecosta,"Millbrook Township, Precinct 1",Drain Commissioner,,REP,Karla Miller,120
Mecosta,"Millbrook Township, Precinct 1",Drain Commissioner,,REP,Ballots Cast,206
Mecosta,"Morton Township, Precinct 1",Drain Commissioner,,REP,Karla Miller,425
Mecosta,"Morton Township, Precinct 1",Drain Commissioner,,REP,Ballots Cast,772
Mecosta,"Morton Township, Precinct 2",Drain Commissioner,,REP,Karla Miller,466
Mecosta,"Morton Township, Precinct 2",Drain Commissioner,,REP,Ballots Cast,846
Mecosta,"Sheridan Township, Precinct 1",Drain Commissioner,,REP,Karla Miller,155
Mecosta,"Sheridan Township, Precinct 1",Drain Commissioner,,REP,Ballots Cast,262
Mecosta,"Wheatland Township, Precinct 1",Drain Commissioner,,REP,Karla Miller,216
Mecosta,"Wheatland Township, Precinct 1",Drain Commissioner,,REP,Ballots Cast,364
Mecosta,"Colfax Township, Precinct 1",County Commissioner District 1,,REP,Jeff Jackson,219
Mecosta,"Colfax Township, Precinct 1",County Commissioner District 1,,REP,Randy Vetter,233
Mecosta,"Colfax Township, Precinct 1",County Commissioner District 1,,REP,Ballots Cast,624
Mecosta,"Grant Township, Precinct 1",County Commissioner District 1,,REP,Jeff Jackson,64
Mecosta,"Grant Township, Precinct 1",County Commissioner District 1,,REP,Randy Vetter,90
Mecosta,"Grant Township, Precinct 1",County Commissioner District 1,,REP,Ballots Cast,207
Mecosta,"Green Charter Township, Precinct 1",County Commissioner District 1,,REP,Jeff Jackson,388
Mecosta,"Green Charter Township, Precinct 1",County Commissioner District 1,,REP,Randy Vetter,339
Mecosta,"Green Charter Township, Precinct 1",County Commissioner District 1,,REP,Ballots Cast,968
Mecosta,"Chippewa Township, Precinct 1",County Commissioner District 2,,REP,Greg Adams,114
Mecosta,"Chippewa Township, Precinct 1",County Commissioner District 2,,REP,Jerrilynn Strong,75
Mecosta,"Chippewa Township, Precinct 1",County Commissioner District 2,,REP,Terry Vogel,91
Mecosta,"Chippewa Township, Precinct 1",County Commissioner District 2,,REP,Ballots Cast,387
Mecosta,"Fork Township, Precinct 1",County Commissioner District 2,,REP,Greg Adams,46
Mecosta,"Fork Township, Precinct 1",County Commissioner District 2,,REP,Jerrilynn Strong,70
Mecosta,"Fork Township, Precinct 1",County Commissioner District 2,,REP,Terry Vogel,120
Mecosta,"Fork Township, Precinct 1",County Commissioner District 2,,REP,Ballots Cast,319
Mecosta,"Martiny Township, Precinct 1",County Commissioner District 2,,REP,Greg Adams,124
Mecosta,"Martiny Township, Precinct 1",County Commissioner District 2,,REP,Jerrilynn Strong,73
Mecosta,"Martiny Township, Precinct 1",County Commissioner District 2,,REP,Terry Vogel,69
Mecosta,"Martiny Township, Precinct 1",County Commissioner District 2,,REP,Ballots Cast,424
Mecosta,"Sheridan Township, Precinct 1",County Commissioner District 2,,REP,Greg Adams,52
Mecosta,"Sheridan Township, Precinct 1",County Commissioner District 2,,REP,Jerrilynn Strong,79
Mecosta,"Sheridan Township, Precinct 1",County Commissioner District 2,,REP,Terry Vogel,42
Mecosta,"Sheridan Township, Precinct 1",County Commissioner District 2,,REP,Ballots Cast,262
Mecosta,"Morton Township, Precinct 1",County Commissioner District 3,,REP,Chris Zimmerman,196
Mecosta,"Morton Township, Precinct 1",County Commissioner District 3,,REP,Linda Howard,175
Mecosta,"Morton Township, Precinct 1",County Commissioner District 3,,REP,Paul Wernerette,138
Mecosta,"Morton Township, Precinct 1",County Commissioner District 3,,REP,Ballots Cast,772
Mecosta,"Morton Township, Precinct 2",County Commissioner District 3,,REP,Chris Zimmerman,236
Mecosta,"Morton Township, Precinct 2",County Commissioner District 3,,REP,Linda Howard,168
Mecosta,"Morton Township, Precinct 2",County Commissioner District 3,,REP,Paul Wernerette,152
Mecosta,"Morton Township, Precinct 2",County Commissioner District 3,,REP,Ballots Cast,846
Mecosta,"Wheatland Township, Precinct 1",County Commissioner District 3,,REP,Chris Zimmerman,108
Mecosta,"Wheatland Township, Precinct 1",County Commissioner District 3,,REP,Linda Howard,67
Mecosta,"Wheatland Township, Precinct 1",County Commissioner District 3,,REP,Paul Wernerette,95
Mecosta,"Wheatland Township, Precinct 1",County Commissioner District 3,,REP,Ballots Cast,364
Mecosta,"Aetna Township, Precinct 1",County Commissioner District 4,,REP,Gary Lambrix,174
Mecosta,"Aetna Township, Precinct 1",County Commissioner District 4,,REP,Raymond P. Steinke,93
Mecosta,"Aetna Township, Precinct 1",County Commissioner District 4,,REP,Ballots Cast,334
Mecosta,"Deerfield Township, Precinct 1",County Commissioner District 4,,REP,Gary Lambrix,150
Mecosta,"Deerfield Township, Precinct 1",County Commissioner District 4,,REP,Raymond P. Steinke,73
Mecosta,"Deerfield Township, Precinct 1",County Commissioner District 4,,REP,Ballots Cast,296
Mecosta,"Hinton Township, Precinct 1",County Commissioner District 4,,REP,Gary Lambrix,124
Mecosta,"Hinton Township, Precinct 1",County Commissioner District 4,,REP,Raymond P. Steinke,54
Mecosta,"Hinton Township, Precinct 1",County Commissioner District 4,,REP,Ballots Cast,253
Mecosta,"Millbrook Township, Precinct 1",County Commissioner District 4,,REP,Gary Lambrix,57
Mecosta,"Millbrook Township, Precinct 1",County Commissioner District 4,,REP,Raymond P. Steinke,61
Mecosta,"Millbrook Township, Precinct 1",County Commissioner District 4,,REP,Ballots Cast,206
Mecosta,"Aetna Township, Precinct 1",County Commissioner District 5,,REP,Sue Fournier,26
Mecosta,"Aetna Township, Precinct 1",County Commissioner District 5,,REP,Tom O'Neil,50
Mecosta,"Aetna Township, Precinct 1",County Commissioner District 5,,REP,Ballots Cast,88
Mecosta,"Austin Township, Precinct 1",County Commissioner District 5,,REP,Sue Fournier,95
Mecosta,"Austin Township, Precinct 1",County Commissioner District 5,,REP,Tom O'Neil,130
Mecosta,"Austin Township, Precinct 1",County Commissioner District 5,,REP,Ballots Cast,326
Mecosta,"Big Rapids Charter Township, Precinct 1",County Commissioner District 5,,REP,Sue Fournier,35
Mecosta,"Big Rapids Charter Township, Precinct 1",County Commissioner District 5,,REP,Tom O'Neil,88
Mecosta,"Big Rapids Charter Township, Precinct 1",County Commissioner District 5,,REP,Ballots Cast,189
Mecosta,"Mecosta Township, Precinct 1",County Commissioner District 5,,REP,Sue Fournier,187
Mecosta,"Mecosta Township, Precinct 1",County Commissioner District 5,,REP,Tom O'Neil,273
Mecosta,"Mecosta Township, Precinct 1",County Commissioner District 5,,REP,Ballots Cast,651
Mecosta,"City of Big Rapids, Precinct 1",County Commissioner District 6,,REP,Chris Jane,86
Mecosta,"City of Big Rapids, Precinct 1",County Commissioner District 6,,REP,Theresa Z. Ventocilla,52
Mecosta,"City of Big Rapids, Precinct 1",County Commissioner District 6,,REP,Ballots Cast,271
Mecosta,"City of Big Rapids, Precinct 2",County Commissioner District 6,,REP,Chris Jane,119
Mecosta,"City of Big Rapids, Precinct 2",County Commissioner District 6,,REP,Theresa Z. Ventocilla,68
Mecosta,"City of Big Rapids, Precinct 2",County Commissioner District 6,,REP,Ballots Cast,374
Mecosta,"Big Rapids Charter Township, Precinct 1",County Commissioner District 7,,REP,Bill Routley,306
Mecosta,"Big Rapids Charter Township, Precinct 1",County Commissioner District 7,,REP,Carman Bean,311
Mecosta,"Big Rapids Charter Township, Precinct 1",County Commissioner District 7,,REP,Ballots Cast,885
Mecosta,"City of Big Rapids, Precinct 3",County Commissioner District 7,,REP,Bill Routley,88
Mecosta,"City of Big Rapids, Precinct 3",County Commissioner District 7,,REP,Carman Bean,58
Mecosta,"City of Big Rapids, Precinct 3",County Commissioner District 7,,REP,Ballots Cast,245
Mecosta,"Aetna Township, Precinct 1",Aetna Township Supervisor,,REP,Bruce Carey,309
Mecosta,"Aetna Township, Precinct 1",Aetna Township Supervisor,,REP,Ballots Cast,422
Mecosta,"Aetna Township, Precinct 1",Aetna Township Clerk,,REP,Beverly McLaughlin,312
Mecosta,"Aetna Township, Precinct 1",Aetna Township Clerk,,REP,Ballots Cast,422
Mecosta,"Aetna Township, Precinct 1",Aetna Township Treasurer,,REP,Amy Hillis-Ouellette,179
Mecosta,"Aetna Township, Precinct 1",Aetna Township Treasurer,,REP,Karla Humm,151
Mecosta,"Aetna Township, Precinct 1",Aetna Township Treasurer,,REP,Ballots Cast,422
Mecosta,"Aetna Township, Precinct 1",Aetna Township Trustee,,REP,Barbie Cornell,210
Mecosta,"Aetna Township, Precinct 1",Aetna Township Trustee,,REP,Faye Graves,148
Mecosta,"Aetna Township, Precinct 1",Aetna Township Trustee,,REP,Larry Platt,156
Mecosta,"Aetna Township, Precinct 1",Aetna Township Trustee,,REP,Ballots Cast,422
Mecosta,"Aetna Township, Precinct 1","Aetna Township, Precinct 1 Delegate to County Convention",,REP,Faye Graves,287
Mecosta,"Aetna Township, Precinct 1","Aetna Township, Precinct 1 Delegate to County Convention",,REP,Ballots Cast,422
Mecosta,"Austin Township, Precinct 1",Austin Township Supervisor,,REP,Kenneth R. Vredenburg,212
Mecosta,"Austin Township, Precinct 1",Austin Township Supervisor,,REP,Ballots Cast,326
Mecosta,"Austin Township, Precinct 1",Austin Township Clerk,,REP,Billie Jean Barnes,211
Mecosta,"Austin Township, Precinct 1",Austin Township Clerk,,REP,Ballots Cast,326
Mecosta,"Austin Township, Precinct 1",Austin Township Treasurer,,REP,Ballots Cast,326
Mecosta,"Austin Township, Precinct 1",Austin Township Trustee,,REP,Charles F. Sheldon II,115
Mecosta,"Austin Township, Precinct 1",Austin Township Trustee,,REP,John Brockway,206
Mecosta,"Austin Township, Precinct 1",Austin Township Trustee,,REP,Ballots Cast,326
Mecosta,"Austin Township, Precinct 1","Austin Township, Precinct 1 Delegate to County Convention",,REP,Ballots Cast,326
Mecosta,"Big Rapids Charter Township, Precinct 1",Big Rapids Charter Township Supervisor,,REP,Bruce Borkovich,596
Mecosta,"Big Rapids Charter Township, Precinct 1",Big Rapids Charter Township Supervisor,,REP,Ballots Cast,1074
Mecosta,"Big Rapids Charter Township, Precinct 1",Big Rapids Charter Township Clerk,,REP,Hannah Saez,607
Mecosta,"Big Rapids Charter Township, Precinct 1",Big Rapids Charter Township Clerk,,REP,Ballots Cast,1074
Mecosta,"Big Rapids Charter Township, Precinct 1",Big Rapids Charter Township Treasurer,,REP,Dena R. Marek,596
Mecosta,"Big Rapids Charter Township, Precinct 1",Big Rapids Charter Township Treasurer,,REP,Ballots Cast,1074
Mecosta,"Big Rapids Charter Township, Precinct 1",Big Rapids Charter Township Trustee,,REP,Chris Teceno,461
Mecosta,"Big Rapids Charter Township, Precinct 1",Big Rapids Charter Township Trustee,,REP,Eric Oneil,304
Mecosta,"Big Rapids Charter Township, Precinct 1",Big Rapids Charter Township Trustee,,REP,Jerald D. Everett,348
Mecosta,"Big Rapids Charter Township, Precinct 1",Big Rapids Charter Township Trustee,,REP,Joe Bechaz,472
Mecosta,"Big Rapids Charter Township, Precinct 1",Big Rapids Charter Township Trustee,,REP,Ron Welch,431
Mecosta,"Big Rapids Charter Township, Precinct 1",Big Rapids Charter Township Trustee,,REP,Ballots Cast,1074
Mecosta,"Big Rapids Charter Township, Precinct 1","Big Rapids Charter Township, Precinct 1 Delegate to County Convention",,REP,Joseph Bechaz Qualified Write In,2
Mecosta,"Big Rapids Charter Township, Precinct 1","Big Rapids Charter Township, Precinct 1 Delegate to County Convention",,REP,Mary Bechaz Qualified Write In,2
Mecosta,"Big Rapids Charter Township, Precinct 1","Big Rapids Charter Township, Precinct 1 Delegate to County Convention",,REP,Ormand Hook,433
Mecosta,"Big Rapids Charter Township, Precinct 1","Big Rapids Charter Township, Precinct 1 Delegate to County Convention",,REP,Teri Hook,454
Mecosta,"Big Rapids Charter Township, Precinct 1","Big Rapids Charter Township, Precinct 1 Delegate to County Convention",,REP,Ballots Cast,1074
Mecosta,"Chippewa Township, Precinct 1",Chippewa Township Supervisor,,REP,Shirley Hazen,255
Mecosta,"Chippewa Township, Precinct 1",Chippewa Township Supervisor,,REP,Ballots Cast,387
Mecosta,"Chippewa Township, Precinct 1",Chippewa Township Clerk,,REP,Kristin K. Lytle,254
Mecosta,"Chippewa Township, Precinct 1",Chippewa Township Clerk,,REP,Ballots Cast,387
Mecosta,"Chippewa Township, Precinct 1",Chippewa Township Treasurer,,REP,Julie L. Austin,258
Mecosta,"Chippewa Township, Precinct 1",Chippewa Township Treasurer,,REP,Ballots Cast,387
Mecosta,"Chippewa Township, Precinct 1",Chippewa Township Trustee,,REP,Annette Walters,195
Mecosta,"Chippewa Township, Precinct 1",Chippewa Township Trustee,,REP,Debbie Carmichael-Zielinski,192
Mecosta,"Chippewa Township, Precinct 1",Chippewa Township Trustee,,REP,Ballots Cast,387
Mecosta,"Chippewa Township, Precinct 1","Chippewa Township, Precinct 1 Delegate to County Convention",,REP,Ballots Cast,387
Mecosta,"Colfax Township, Precinct 1",Colfax Township Supervisor,,REP,Nick Kaye,411
Mecosta,"Colfax Township, Precinct 1",Colfax Township Supervisor,,REP,Ballots Cast,624
Mecosta,"Colfax Township, Precinct 1",Colfax Township Clerk,,REP,Susan J. Olson,405
Mecosta,"Colfax Township, Precinct 1",Colfax Township Clerk,,REP,Ballots Cast,624
Mecosta,"Colfax Township, Precinct 1",Colfax Township Treasurer,,REP,Julie L. Johansen,324
Mecosta,"Colfax Township, Precinct 1",Colfax Township Treasurer,,REP,Shawn Bertl,111
Mecosta,"Colfax Township, Precinct 1",Colfax Township Treasurer,,REP,Ballots Cast,624
Mecosta,"Colfax Township, Precinct 1",Colfax Township Trustee,,REP,Karen Morningstar,393
Mecosta,"Colfax Township, Precinct 1",Colfax Township Trustee,,REP,Ballots Cast,624
Mecosta,"Colfax Township, Precinct 1","Colfax Township, Precinct 1 Delegate to County Convention",,REP,John Michael Lawrence,269
Mecosta,"Colfax Township, Precinct 1","Colfax Township, Precinct 1 Delegate to County Convention",,REP,Susan J. Olson,315
Mecosta,"Colfax Township, Precinct 1","Colfax Township, Precinct 1 Delegate to County Convention",,REP,Ballots Cast,624
Mecosta,"Deerfield Township, Precinct 1",Deerfield Township Supervisor,,REP,Phil Stier,184
Mecosta,"Deerfield Township, Precinct 1",Deerfield Township Supervisor,,REP,Ballots Cast,296
Mecosta,"Deerfield Township, Precinct 1",Deerfield Township Clerk,,REP,Michelle Lewis,182
Mecosta,"Deerfield Township, Precinct 1",Deerfield Township Clerk,,REP,Ballots Cast,296
Mecosta,"Deerfield Township, Precinct 1",Deerfield Township Treasurer,,REP,Kristoffer Wood II,32
Mecosta,"Deerfield Township, Precinct 1",Deerfield Township Treasurer,,REP,Sheila D. Lingle,188
Mecosta,"Deerfield Township, Precinct 1",Deerfield Township Treasurer,,REP,Ballots Cast,296
Mecosta,"Deerfield Township, Precinct 1",Deerfield Township Trustee,,REP,Brian Carey II,120
Mecosta,"Deerfield Township, Precinct 1",Deerfield Township Trustee,,REP,Jamey Nelson,95
Mecosta,"Deerfield Township, Precinct 1",Deerfield Township Trustee,,REP,John Cassidy,87
Mecosta,"Deerfield Township, Precinct 1",Deerfield Township Trustee,,REP,Michael Salisbury,52
Mecosta,"Deerfield Township, Precinct 1",Deerfield Township Trustee,,REP,Ballots Cast,296
Mecosta,"Deerfield Township, Precinct 1","Deerfield Township, Precinct 1 Delegate to County Convention",,REP,Mary L. Engelsman,180
Mecosta,"Deerfield Township, Precinct 1","Deerfield Township, Precinct 1 Delegate to County Convention",,REP,Ballots Cast,296
Mecosta,"Fork Township, Precinct 1",Fork Township Supervisor,,REP,Lori K. Helmer,215
Mecosta,"Fork Township, Precinct 1",Fork Township Supervisor,,REP,Ballots Cast,319
Mecosta,"Fork Township, Precinct 1",Fork Township Clerk,,REP,Roberta Hazen,205
Mecosta,"Fork Township, Precinct 1",Fork Township Clerk,,REP,Ballots Cast,319
Mecosta,"Fork Township, Precinct 1",Fork Township Treasurer,,REP,Doug Brand,202
Mecosta,"Fork Township, Precinct 1",Fork Township Treasurer,,REP,Ballots Cast,319
Mecosta,"Fork Township, Precinct 1",Fork Township Trustee,,REP,Dave M. Dowell,116
Mecosta,"Fork Township, Precinct 1",Fork Township Trustee,,REP,Mitchell MacKersie,207
Mecosta,"Fork Township, Precinct 1",Fork Township Trustee,,REP,Ballots Cast,319
Mecosta,"Fork Township, Precinct 1","Fork Township, Precinct 1 Delegate to County Convention",,REP,Ballots Cast,319
Mecosta,"Grant Township, Precinct 1",Grant Township Supervisor,,REP,Cheryl Aris,127
Mecosta,"Grant Township, Precinct 1",Grant Township Supervisor,,REP,Ballots Cast,207
Mecosta,"Grant Township, Precinct 1",Grant Township Clerk,,REP,Lisa Cranney,125
Mecosta,"Grant Township, Precinct 1",Grant Township Clerk,,REP,Ballots Cast,207
Mecosta,"Grant Township, Precinct 1",Grant Township Treasurer,,REP,Zachary Fredrick,119
Mecosta,"Grant Township, Precinct 1",Grant Township Treasurer,,REP,Ballots Cast,207
Mecosta,"Grant Township, Precinct 1",Grant Township Trustee,,REP,Nicholas Bentley,83
Mecosta,"Grant Township, Precinct 1",Grant Township Trustee,,REP,Ray Seaman,69
Mecosta,"Grant Township, Precinct 1",Grant Township Trustee,,REP,Travis Horstman,76
Mecosta,"Grant Township, Precinct 1",Grant Township Trustee,,REP,Ballots Cast,207
Mecosta,"Grant Township, Precinct 1","Grant Township, Precinct 1 Delegate to County Convention",,REP,Joe Ditz,107
Mecosta,"Grant Township, Precinct 1","Grant Township, Precinct 1 Delegate to County Convention",,REP,Lori Ann Ditz Qualified Write In,1
Mecosta,"Grant Township, Precinct 1","Grant Township, Precinct 1 Delegate to County Convention",,REP,Ballots Cast,207
Mecosta,"Green Charter Township, Precinct 1",Green Charter Township Supervisor,,REP,Jason Kruse,443
Mecosta,"Green Charter Township, Precinct 1",Green Charter Township Supervisor,,REP,Zachary Dickerson,325
Mecosta,"Green Charter Township, Precinct 1",Green Charter Township Supervisor,,REP,Ballots Cast,968
Mecosta,"Green Charter Township, Precinct 1",Green Charter Township Clerk,,REP,Corri Riebow,432
Mecosta,"Green Charter Township, Precinct 1",Green Charter Township Clerk,,REP,Sarah Gamble- Brown,311
Mecosta,"Green Charter Township, Precinct 1",Green Charter Township Clerk,,REP,Ballots Cast,968
Mecosta,"Green Charter Township, Precinct 1",Green Charter Township Treasurer,,REP,Brent Taylor,329
Mecosta,"Green Charter Township, Precinct 1",Green Charter Township Treasurer,,REP,Jilliane Walsh,409
Mecosta,"Green Charter Township, Precinct 1",Green Charter Township Treasurer,,REP,Ballots Cast,968
Mecosta,"Green Charter Township, Precinct 1",Green Charter Township Trustee,,REP,Dominic Pace,236
Mecosta,"Green Charter Township, Precinct 1",Green Charter Township Trustee,,REP,Jeffrey Thorne,400
Mecosta,"Green Charter Township, Precinct 1",Green Charter Township Trustee,,REP,Kelly Cushway,430
Mecosta,"Green Charter Township, Precinct 1",Green Charter Township Trustee,,REP,Larry Finkbeiner II,180
Mecosta,"Green Charter Township, Precinct 1",Green Charter Township Trustee,,REP,R. Ross Meads,348
Mecosta,"Green Charter Township, Precinct 1",Green Charter Township Trustee,,REP,Sara Rasmussen,328
Mecosta,"Green Charter Township, Precinct 1",Green Charter Township Trustee,,REP,Scott B. MacFarlane,350
Mecosta,"Green Charter Township, Precinct 1",Green Charter Township Trustee,,REP,Thomas Streeter,338
Mecosta,"Green Charter Township, Precinct 1",Green Charter Township Trustee,,REP,Ballots Cast,968
Mecosta,"Green Charter Township, Precinct 1","Green Charter Township, Precinct 1 Delegate to County Convention",,REP,Chris Long,275
Mecosta,"Green Charter Township, Precinct 1","Green Charter Township, Precinct 1 Delegate to County Convention",,REP,John Holdsworth,300
Mecosta,"Green Charter Township, Precinct 1","Green Charter Township, Precinct 1 Delegate to County Convention",,REP,Linda Ryder-Smith,278
Mecosta,"Green Charter Township, Precinct 1","Green Charter Township, Precinct 1 Delegate to County Convention",,REP,Lori Brock,398
Mecosta,"Green Charter Township, Precinct 1","Green Charter Township, Precinct 1 Delegate to County Convention",,REP,Stephen M. Proudfit,236
Mecosta,"Green Charter Township, Precinct 1","Green Charter Township, Precinct 1 Delegate to County Convention",,REP,Susan M. Nowak,255
Mecosta,"Green Charter Township, Precinct 1","Green Charter Township, Precinct 1 Delegate to County Convention",,REP,Thomas Nowak,251
Mecosta,"Green Charter Township, Precinct 1","Green Charter Township, Precinct 1 Delegate to County Convention",,REP,Ballots Cast,968
Mecosta,"Hinton Township, Precinct 1",Hinton Township Supervisor,,REP,Wayne G. Sutherland =,161
Mecosta,"Hinton Township, Precinct 1",Hinton Township Supervisor,,REP,Ballots Cast,253
Mecosta,"Hinton Township, Precinct 1",Hinton Township Clerk,,REP,Ruth Ann Petersen,165
Mecosta,"Hinton Township, Precinct 1",Hinton Township Clerk,,REP,Ballots Cast,253
Mecosta,"Hinton Township, Precinct 1",Hinton Township Treasurer,,REP,James Helms,164
Mecosta,"Hinton Township, Precinct 1",Hinton Township Treasurer,,REP,Ballots Cast,253
Mecosta,"Hinton Township, Precinct 1",Hinton Township Trustee,,REP,Art Hersey,87
Mecosta,"Hinton Township, Precinct 1",Hinton Township Trustee,,REP,Brian Taylor,110
Mecosta,"Hinton Township, Precinct 1",Hinton Township Trustee,,REP,Carl B. Thompson,103
Mecosta,"Hinton Township, Precinct 1",Hinton Township Trustee,,REP,Ballots Cast,253
Mecosta,"Hinton Township, Precinct 1","Hinton Township, Precinct 1 Delegate to County Convention",,REP,Ballots Cast,253
Mecosta,"Martiny Township, Precinct 1",Martiny Township Supervisor,,REP,Barbara A. Hampel,218
Mecosta,"Martiny Township, Precinct 1",Martiny Township Supervisor,,REP,Ballots Cast,424
Mecosta,"Martiny Township, Precinct 1",Martiny Township Clerk,,REP,Connie Grant,219
Mecosta,"Martiny Township, Precinct 1",Martiny Township Clerk,,REP,Ballots Cast,424
Mecosta,"Martiny Township, Precinct 1",Martiny Township Treasurer,,REP,Lois Schmidt,217
Mecosta,"Martiny Township, Precinct 1",Martiny Township Treasurer,,REP,Ballots Cast,424
Mecosta,"Martiny Township, Precinct 1",Martiny Township Trustee,,REP,Cindy Lattimore,189
Mecosta,"Martiny Township, Precinct 1",Martiny Township Trustee,,REP,Dale Dosenberry,168
Mecosta,"Martiny Township, Precinct 1",Martiny Township Trustee,,REP,Ballots Cast,424
Mecosta,"Martiny Township, Precinct 1","Martiny Township, Precinct 1 Delegate to County Convention",,REP,Dom Theodore,169
Mecosta,"Martiny Township, Precinct 1","Martiny Township, Precinct 1 Delegate to County Convention",,REP,Jennifer Theodore,172
Mecosta,"Martiny Township, Precinct 1","Martiny Township, Precinct 1 Delegate to County Convention",,REP,Ballots Cast,424
Mecosta,"Mecosta Township, Precinct 1",Mecosta Township Supervisor,,REP,John A. Boyd,248
Mecosta,"Mecosta Township, Precinct 1",Mecosta Township Supervisor,,REP,Michele G. Graham,234
Mecosta,"Mecosta Township, Precinct 1",Mecosta Township Supervisor,,REP,Ballots Cast,651
Mecosta,"Mecosta Township, Precinct 1",Mecosta Township Clerk,,REP,Stephanie McNeal,413
Mecosta,"Mecosta Township, Precinct 1",Mecosta Township Clerk,,REP,Ballots Cast,651
Mecosta,"Mecosta Township, Precinct 1",Mecosta Township Treasurer,,REP,Mary Quinlan,423
Mecosta,"Mecosta Township, Precinct 1",Mecosta Township Treasurer,,REP,Ballots Cast,651
Mecosta,"Mecosta Township, Precinct 1",Mecosta Township Trustee,,REP,James Cain,360
Mecosta,"Mecosta Township, Precinct 1",Mecosta Township Trustee,,REP,Tyler Huntey,315
Mecosta,"Mecosta Township, Precinct 1",Mecosta Township Trustee,,REP,Ballots Cast,651
Mecosta,"Mecosta Township, Precinct 1","Mecosta Township, Precinct 1 Delegate to County Convention",,REP,David Thorson,254
Mecosta,"Mecosta Township, Precinct 1","Mecosta Township, Precinct 1 Delegate to County Convention",,REP,Howard S. Bowersox,270
Mecosta,"Mecosta Township, Precinct 1","Mecosta Township, Precinct 1 Delegate to County Convention",,REP,Janet M. Bowersox,256
Mecosta,"Mecosta Township, Precinct 1","Mecosta Township, Precinct 1 Delegate to County Convention",,REP,Patricia L. Langworthy,289
Mecosta,"Mecosta Township, Precinct 1","Mecosta Township, Precinct 1 Delegate to County Convention",,REP,Sue Fournier,287
Mecosta,"Mecosta Township, Precinct 1","Mecosta Township, Precinct 1 Delegate to County Convention",,REP,Ballots Cast,651
Mecosta,"Millbrook Township, Precinct 1",Millbrook Township Supervisor,,REP,Bruce Eldred,120
Mecosta,"Millbrook Township, Precinct 1",Millbrook Township Supervisor,,REP,Ballots Cast,206
Mecosta,"Millbrook Township, Precinct 1",Millbrook Township Clerk,,REP,Kaye M. Wisner,120
Mecosta,"Millbrook Township, Precinct 1",Millbrook Township Clerk,,REP,Ballots Cast,206
Mecosta,"Millbrook Township, Precinct 1",Millbrook Township Treasurer,,REP,Tina Y. Murray,122
Mecosta,"Millbrook Township, Precinct 1",Millbrook Township Treasurer,,REP,Ballots Cast,206
Mecosta,"Millbrook Township, Precinct 1",Millbrook Township Trustee,,REP,Randy Spayd,121
Mecosta,"Millbrook Township, Precinct 1",Millbrook Township Trustee,,REP,Ballots Cast,206
Mecosta,"Millbrook Township, Precinct 1","Millbrook Township, Precinct 1 Delegate to County Convention",,REP,Ballots Cast,206
Mecosta,"Morton Township, Precinct 1",Morton Township Supervisor,,REP,Mark R. Klumpp,409
Mecosta,"Morton Township, Precinct 1",Morton Township Supervisor,,REP,Ballots Cast,772
Mecosta,"Morton Township, Precinct 2",Morton Township Supervisor,,REP,Mark R. Klumpp,469
Mecosta,"Morton Township, Precinct 2",Morton Township Supervisor,,REP,Ballots Cast,846
Mecosta,"Morton Township, Precinct 1",Morton Township Clerk,,REP,Carnie Courtright,418
Mecosta,"Morton Township, Precinct 1",Morton Township Clerk,,REP,Ballots Cast,772
Mecosta,"Morton Township, Precinct 2",Morton Township Clerk,,REP,Carnie Courtright,481
Mecosta,"Morton Township, Precinct 2",Morton Township Clerk,,REP,Ballots Cast,846
Mecosta,"Morton Township, Precinct 1",Morton Township Treasurer,,REP,Tracy L. Snyder,192
Mecosta,"Morton Township, Precinct 1",Morton Township Treasurer,,REP,Victoria Esch,248
Mecosta,"Morton Township, Precinct 1",Morton Township Treasurer,,REP,Ballots Cast,772
Mecosta,"Morton Township, Precinct 2",Morton Township Treasurer,,REP,Tracy L. Snyder,289
Mecosta,"Morton Township, Precinct 2",Morton Township Treasurer,,REP,Victoria Esch,197
Mecosta,"Morton Township, Precinct 2",Morton Township Treasurer,,REP,Ballots Cast,846
Mecosta,"Morton Township, Precinct 1",Morton Township Trustee,,REP,Dennis Wolfe,219
Mecosta,"Morton Township, Precinct 1",Morton Township Trustee,,REP,Jeff Ratledge,286
Mecosta,"Morton Township, Precinct 1",Morton Township Trustee,,REP,Yulanda Bellingar,319
Mecosta,"Morton Township, Precinct 1",Morton Township Trustee,,REP,Ballots Cast,772
Mecosta,"Morton Township, Precinct 2",Morton Township Trustee,,REP,Dennis Wolfe,294
Mecosta,"Morton Township, Precinct 2",Morton Township Trustee,,REP,Jeff Ratledge,328
Mecosta,"Morton Township, Precinct 2",Morton Township Trustee,,REP,Yulanda Bellingar,282
Mecosta,"Morton Township, Precinct 2",Morton Township Trustee,,REP,Ballots Cast,846
Mecosta,"Morton Township, Precinct 1","Morton Township, Precinct 1 Delegate to County Convention",,REP,Ballots Cast,772
Mecosta,"Morton Township, Precinct 2","Morton Township, Precinct 2 Delegate to County Convention",,REP,Teresa Bowser,429
Mecosta,"Morton Township, Precinct 2","Morton Township, Precinct 2 Delegate to County Convention",,REP,Ballots Cast,846
Mecosta,"Sheridan Township, Precinct 1",Sheridan Township Supervisor,,REP,Vern E. Young,158
Mecosta,"Sheridan Township, Precinct 1",Sheridan Township Supervisor,,REP,Ballots Cast,262
Mecosta,"Sheridan Township, Precinct 1",Sheridan Township Clerk,,REP,Christina Martin,155
Mecosta,"Sheridan Township, Precinct 1",Sheridan Township Clerk,,REP,Ballots Cast,262
Mecosta,"Sheridan Township, Precinct 1",Sheridan Township Treasurer,,REP,Rachel Borders,153
Mecosta,"Sheridan Township, Precinct 1",Sheridan Township Treasurer,,REP,Ballots Cast,262
Mecosta,"Sheridan Township, Precinct 1",Sheridan Township Trustee,,REP,Harry L. Hardenburgh,121
Mecosta,"Sheridan Township, Precinct 1",Sheridan Township Trustee,,REP,Johanna Hopkins,127
Mecosta,"Sheridan Township, Precinct 1",Sheridan Township Trustee,,REP,Ballots Cast,262
Mecosta,"Sheridan Township, Precinct 1","Sheridan Township, Precinct 1 Delegate to County Convention",,REP,Ballots Cast,262
Mecosta,"Wheatland Township, Precinct 1",Wheatland Township Supervisor,,REP,Thomas L. VanSyckle,213
Mecosta,"Wheatland Township, Precinct 1",Wheatland Township Supervisor,,REP,Ballots Cast,364
Mecosta,"Wheatland Township, Precinct 1",Wheatland Township Clerk,,REP,Kim Thiel,150
Mecosta,"Wheatland Township, Precinct 1",Wheatland Township Clerk,,REP,Kristina Beers,107
Mecosta,"Wheatland Township, Precinct 1",Wheatland Township Clerk,,REP,Ballots Cast,364
Mecosta,"Wheatland Township, Precinct 1",Wheatland Township Treasurer,,REP,Amy E. Snyder,136
Mecosta,"Wheatland Township, Precinct 1",Wheatland Township Treasurer,,REP,Julie Sellers,122
Mecosta,"Wheatland Township, Precinct 1",Wheatland Township Treasurer,,REP,Ballots Cast,364
Mecosta,"Wheatland Township, Precinct 1",Wheatland Township Trustee,,REP,Ethan McNeal,181
Mecosta,"Wheatland Township, Precinct 1",Wheatland Township Trustee,,REP,Lee Carte,189
Mecosta,"Wheatland Township, Precinct 1",Wheatland Township Trustee,,REP,Ballots Cast,364
Mecosta,"Wheatland Township, Precinct 1","Wheatland Township, Precinct 1 Delegate to County Convention",,REP,Ballots Cast,364
Mecosta,"City of Big Rapids, Precinct 1","City of Big Rapids, Precinct 1 Delegate to County Convention",,REP,Kim Wortley,75
Mecosta,"City of Big Rapids, Precinct 1","City of Big Rapids, Precinct 1 Delegate to County Convention",,REP,Paul Michael Difflipp,70
Mecosta,"City of Big Rapids, Precinct 1","City of Big Rapids, Precinct 1 Delegate to County Convention",,REP,Theresa Z. Ventocilla,73
Mecosta,"City of Big Rapids, Precinct 1","City of Big Rapids, Precinct 1 Delegate to County Convention",,REP,Ballots Cast,271
Mecosta,"City of Big Rapids, Precinct 2","City of Big Rapids, Precinct 2 Delegate to County Convention",,REP,Ballots Cast,374
Mecosta,"City of Big Rapids, Precinct 3","City of Big Rapids, Precinct 3 Delegate to County Convention",,REP,Cheryl L. Gillard,115
Mecosta,"City of Big Rapids, Precinct 3","City of Big Rapids, Precinct 3 Delegate to County Convention",,REP,Wallace Thomas Moore,1
Mecosta,"City of Big Rapids, Precinct 3","City of Big Rapids, Precinct 3 Delegate to County Convention",,REP,Ballots Cast,245
Mecosta,"Aetna Township, Precinct 1",County Proposal Fixed Millage Limitations,,,No,151
Mecosta,"Aetna Township, Precinct 1",County Proposal Fixed Millage Limitations,,,Yes,219
Mecosta,"Aetna Township, Precinct 1",County Proposal Fixed Millage Limitations,,,Ballots Cast,422
Mecosta,"Austin Township, Precinct 1",County Proposal Fixed Millage Limitations,,,No,106
Mecosta,"Austin Township, Precinct 1",County Proposal Fixed Millage Limitations,,,Yes,175
Mecosta,"Austin Township, Precinct 1",County Proposal Fixed Millage Limitations,,,Ballots Cast,326
Mecosta,"Big Rapids Charter Township, Precinct 1",County Proposal Fixed Millage Limitations,,,No,282
Mecosta,"Big Rapids Charter Township, Precinct 1",County Proposal Fixed Millage Limitations,,,Yes,660
Mecosta,"Big Rapids Charter Township, Precinct 1",County Proposal Fixed Millage Limitations,,,Ballots Cast,1074
Mecosta,"City of Big Rapids, Precinct 1",County Proposal Fixed Millage Limitations,,,No,74
Mecosta,"City of Big Rapids, Precinct 1",County Proposal Fixed Millage Limitations,,,Yes,148
Mecosta,"City of Big Rapids, Precinct 1",County Proposal Fixed Millage Limitations,,,Ballots Cast,271
Mecosta,"City of Big Rapids, Precinct 2",County Proposal Fixed Millage Limitations,,,No,100
Mecosta,"City of Big Rapids, Precinct 2",County Proposal Fixed Millage Limitations,,,Yes,222
Mecosta,"City of Big Rapids, Precinct 2",County Proposal Fixed Millage Limitations,,,Ballots Cast,374
Mecosta,"City of Big Rapids, Precinct 3",County Proposal Fixed Millage Limitations,,,No,62
Mecosta,"City of Big Rapids, Precinct 3",County Proposal Fixed Millage Limitations,,,Yes,152
Mecosta,"City of Big Rapids, Precinct 3",County Proposal Fixed Millage Limitations,,,Ballots Cast,245
Mecosta,"Chippewa Township, Precinct 1",County Proposal Fixed Millage Limitations,,,No,121
Mecosta,"Chippewa Township, Precinct 1",County Proposal Fixed Millage Limitations,,,Yes,230
Mecosta,"Chippewa Township, Precinct 1",County Proposal Fixed Millage Limitations,,,Ballots Cast,387
Mecosta,"Colfax Township, Precinct 1",County Proposal Fixed Millage Limitations,,,No,202
Mecosta,"Colfax Township, Precinct 1",County Proposal Fixed Millage Limitations,,,Yes,315
Mecosta,"Colfax Township, Precinct 1",County Proposal Fixed Millage Limitations,,,Ballots Cast,624
Mecosta,"Deerfield Township, Precinct 1",County Proposal Fixed Millage Limitations,,,No,97
Mecosta,"Deerfield Township, Precinct 1",County Proposal Fixed Millage Limitations,,,Yes,158
Mecosta,"Deerfield Township, Precinct 1",County Proposal Fixed Millage Limitations,,,Ballots Cast,296
Mecosta,"Fork Township, Precinct 1",County Proposal Fixed Millage Limitations,,,No,105
Mecosta,"Fork Township, Precinct 1",County Proposal Fixed Millage Limitations,,,Yes,175
Mecosta,"Fork Township, Precinct 1",County Proposal Fixed Millage Limitations,,,Ballots Cast,319
Mecosta,"Grant Township, Precinct 1",County Proposal Fixed Millage Limitations,,,No,72
Mecosta,"Grant Township, Precinct 1",County Proposal Fixed Millage Limitations,,,Yes,100
Mecosta,"Grant Township, Precinct 1",County Proposal Fixed Millage Limitations,,,Ballots Cast,207
Mecosta,"Green Charter Township, Precinct 1",County Proposal Fixed Millage Limitations,,,No,346
Mecosta,"Green Charter Township, Precinct 1",County Proposal Fixed Millage Limitations,,,Yes,498
Mecosta,"Green Charter Township, Precinct 1",County Proposal Fixed Millage Limitations,,,Ballots Cast,968
Mecosta,"Hinton Township, Precinct 1",County Proposal Fixed Millage Limitations,,,No,101
Mecosta,"Hinton Township, Precinct 1",County Proposal Fixed Millage Limitations,,,Yes,133
Mecosta,"Hinton Township, Precinct 1",County Proposal Fixed Millage Limitations,,,Ballots Cast,253
Mecosta,"Martiny Township, Precinct 1",County Proposal Fixed Millage Limitations,,,No,141
Mecosta,"Martiny Township, Precinct 1",County Proposal Fixed Millage Limitations,,,Yes,221
Mecosta,"Martiny Township, Precinct 1",County Proposal Fixed Millage Limitations,,,Ballots Cast,424
Mecosta,"Mecosta Township, Precinct 1",County Proposal Fixed Millage Limitations,,,No,181
Mecosta,"Mecosta Township, Precinct 1",County Proposal Fixed Millage Limitations,,,Yes,408
Mecosta,"Mecosta Township, Precinct 1",County Proposal Fixed Millage Limitations,,,Ballots Cast,651
Mecosta,"Millbrook Township, Precinct 1",County Proposal Fixed Millage Limitations,,,No,66
Mecosta,"Millbrook Township, Precinct 1",County Proposal Fixed Millage Limitations,,,Yes,112
Mecosta,"Millbrook Township, Precinct 1",County Proposal Fixed Millage Limitations,,,Ballots Cast,206
Mecosta,"Morton Township, Precinct 1",County Proposal Fixed Millage Limitations,,,No,231
Mecosta,"Morton Township, Precinct 1",County Proposal Fixed Millage Limitations,,,Yes,463
Mecosta,"Morton Township, Precinct 1",County Proposal Fixed Millage Limitations,,,Ballots Cast,772
Mecosta,"Morton Township, Precinct 2",County Proposal Fixed Millage Limitations,,,No,244
Mecosta,"Morton Township, Precinct 2",County Proposal Fixed Millage Limitations,,,Yes,504
Mecosta,"Morton Township, Precinct 2",County Proposal Fixed Millage Limitations,,,Ballots Cast,846
Mecosta,"Sheridan Township, Precinct 1",County Proposal Fixed Millage Limitations,,,No,88
Mecosta,"Sheridan Township, Precinct 1",County Proposal Fixed Millage Limitations,,,Yes,135
Mecosta,"Sheridan Township, Precinct 1",County Proposal Fixed Millage Limitations,,,Ballots Cast,262
Mecosta,"Wheatland Township, Precinct 1",County Proposal Fixed Millage Limitations,,,No,121
Mecosta,"Wheatland Township, Precinct 1",County Proposal Fixed Millage Limitations,,,Yes,192
Mecosta,"Wheatland Township, Precinct 1",County Proposal Fixed Millage Limitations,,,Ballots Cast,364
Mecosta,"Aetna Township, Precinct 1",County Proposal 911 Emergency Service System Funding Proposal,,,No,124
Mecosta,"Aetna Township, Precinct 1",County Proposal 911 Emergency Service System Funding Proposal,,,Yes,256
Mecosta,"Aetna Township, Precinct 1",County Proposal 911 Emergency Service System Funding Proposal,,,Ballots Cast,422
Mecosta,"Austin Township, Precinct 1",County Proposal 911 Emergency Service System Funding Proposal,,,No,86
Mecosta,"Austin Township, Precinct 1",County Proposal 911 Emergency Service System Funding Proposal,,,Yes,211
Mecosta,"Austin Township, Precinct 1",County Proposal 911 Emergency Service System Funding Proposal,,,Ballots Cast,326
Mecosta,"Big Rapids Charter Township, Precinct 1",County Proposal 911 Emergency Service System Funding Proposal,,,No,256
Mecosta,"Big Rapids Charter Township, Precinct 1",County Proposal 911 Emergency Service System Funding Proposal,,,Yes,733
Mecosta,"Big Rapids Charter Township, Precinct 1",County Proposal 911 Emergency Service System Funding Proposal,,,Ballots Cast,1074
Mecosta,"City of Big Rapids, Precinct 1",County Proposal 911 Emergency Service System Funding Proposal,,,No,49
Mecosta,"City of Big Rapids, Precinct 1",County Proposal 911 Emergency Service System Funding Proposal,,,Yes,182
Mecosta,"City of Big Rapids, Precinct 1",County Proposal 911 Emergency Service System Funding Proposal,,,Ballots Cast,271
Mecosta,"City of Big Rapids, Precinct 2",County Proposal 911 Emergency Service System Funding Proposal,,,No,48
Mecosta,"City of Big Rapids, Precinct 2",County Proposal 911 Emergency Service System Funding Proposal,,,Yes,286
Mecosta,"City of Big Rapids, Precinct 2",County Proposal 911 Emergency Service System Funding Proposal,,,Ballots Cast,374
Mecosta,"City of Big Rapids, Precinct 3",County Proposal 911 Emergency Service System Funding Proposal,,,No,48
Mecosta,"City of Big Rapids, Precinct 3",County Proposal 911 Emergency Service System Funding Proposal,,,Yes,170
Mecosta,"City of Big Rapids, Precinct 3",County Proposal 911 Emergency Service System Funding Proposal,,,Ballots Cast,245
Mecosta,"Chippewa Township, Precinct 1",County Proposal 911 Emergency Service System Funding Proposal,,,No,112
Mecosta,"Chippewa Township, Precinct 1",County Proposal 911 Emergency Service System Funding Proposal,,,Yes,253
Mecosta,"Chippewa Township, Precinct 1",County Proposal 911 Emergency Service System Funding Proposal,,,Ballots Cast,387
Mecosta,"Colfax Township, Precinct 1",County Proposal 911 Emergency Service System Funding Proposal,,,No,145
Mecosta,"Colfax Township, Precinct 1",County Proposal 911 Emergency Service System Funding Proposal,,,Yes,405
Mecosta,"Colfax Township, Precinct 1",County Proposal 911 Emergency Service System Funding Proposal,,,Ballots Cast,624
Mecosta,"Deerfield Township, Precinct 1",County Proposal 911 Emergency Service System Funding Proposal,,,No,84
Mecosta,"Deerfield Township, Precinct 1",County Proposal 911 Emergency Service System Funding Proposal,,,Yes,178
Mecosta,"Deerfield Township, Precinct 1",County Proposal 911 Emergency Service System Funding Proposal,,,Ballots Cast,296
Mecosta,"Fork Township, Precinct 1",County Proposal 911 Emergency Service System Funding Proposal,,,No,106
Mecosta,"Fork Township, Precinct 1",County Proposal 911 Emergency Service System Funding Proposal,,,Yes,180
Mecosta,"Fork Township, Precinct 1",County Proposal 911 Emergency Service System Funding Proposal,,,Ballots Cast,319
Mecosta,"Grant Township, Precinct 1",County Proposal 911 Emergency Service System Funding Proposal,,,No,60
Mecosta,"Grant Township, Precinct 1",County Proposal 911 Emergency Service System Funding Proposal,,,Yes,116
Mecosta,"Grant Township, Precinct 1",County Proposal 911 Emergency Service System Funding Proposal,,,Ballots Cast,207
Mecosta,"Green Charter Township, Precinct 1",County Proposal 911 Emergency Service System Funding Proposal,,,No,266
Mecosta,"Green Charter Township, Precinct 1",County Proposal 911 Emergency Service System Funding Proposal,,,Yes,609
Mecosta,"Green Charter Township, Precinct 1",County Proposal 911 Emergency Service System Funding Proposal,,,Ballots Cast,968
Mecosta,"Hinton Township, Precinct 1",County Proposal 911 Emergency Service System Funding Proposal,,,No,87
Mecosta,"Hinton Township, Precinct 1",County Proposal 911 Emergency Service System Funding Proposal,,,Yes,153
Mecosta,"Hinton Township, Precinct 1",County Proposal 911 Emergency Service System Funding Proposal,,,Ballots Cast,253
Mecosta,"Martiny Township, Precinct 1",County Proposal 911 Emergency Service System Funding Proposal,,,No,117
Mecosta,"Martiny Township, Precinct 1",County Proposal 911 Emergency Service System Funding Proposal,,,Yes,253
Mecosta,"Martiny Township, Precinct 1",County Proposal 911 Emergency Service System Funding Proposal,,,Ballots Cast,424
Mecosta,"Mecosta Township, Precinct 1",County Proposal 911 Emergency Service System Funding Proposal,,,No,168
Mecosta,"Mecosta Township, Precinct 1",County Proposal 911 Emergency Service System Funding Proposal,,,Yes,447
Mecosta,"Mecosta Township, Precinct 1",County Proposal 911 Emergency Service System Funding Proposal,,,Ballots Cast,651
Mecosta,"Millbrook Township, Precinct 1",County Proposal 911 Emergency Service System Funding Proposal,,,No,43
Mecosta,"Millbrook Township, Precinct 1",County Proposal 911 Emergency Service System Funding Proposal,,,Yes,141
Mecosta,"Millbrook Township, Precinct 1",County Proposal 911 Emergency Service System Funding Proposal,,,Ballots Cast,206
Mecosta,"Morton Township, Precinct 1",County Proposal 911 Emergency Service System Funding Proposal,,,No,225
Mecosta,"Morton Township, Precinct 1",County Proposal 911 Emergency Service System Funding Proposal,,,Yes,495
Mecosta,"Morton Township, Precinct 1",County Proposal 911 Emergency Service System Funding Proposal,,,Ballots Cast,772
Mecosta,"Morton Township, Precinct 2",County Proposal 911 Emergency Service System Funding Proposal,,,No,192
Mecosta,"Morton Township, Precinct 2",County Proposal 911 Emergency Service System Funding Proposal,,,Yes,591
Mecosta,"Morton Township, Precinct 2",County Proposal 911 Emergency Service System Funding Proposal,,,Ballots Cast,846
Mecosta,"Sheridan Township, Precinct 1",County Proposal 911 Emergency Service System Funding Proposal,,,No,68
Mecosta,"Sheridan Township, Precinct 1",County Proposal 911 Emergency Service System Funding Proposal,,,Yes,160
Mecosta,"Sheridan Township, Precinct 1",County Proposal 911 Emergency Service System Funding Proposal,,,Ballots Cast,262
Mecosta,"Wheatland Township, Precinct 1",County Proposal 911 Emergency Service System Funding Proposal,,,No,77
Mecosta,"Wheatland Township, Precinct 1",County Proposal 911 Emergency Service System Funding Proposal,,,Yes,246
Mecosta,"Wheatland Township, Precinct 1",County Proposal 911 Emergency Service System Funding Proposal,,,Ballots Cast,364
Mecosta,"Big Rapids Charter Township, Precinct 1",Big Rapids Township Fire-Rescue Millage,,,No,234
Mecosta,"Big Rapids Charter Township, Precinct 1",Big Rapids Township Fire-Rescue Millage,,,Yes,752
Mecosta,"Big Rapids Charter Township, Precinct 1",Big Rapids Township Fire-Rescue Millage,,,Ballots Cast,1074
Mecosta,"Big Rapids Charter Township, Precinct 1",Big Rapids Township Road Millage,,,No,285
Mecosta,"Big Rapids Charter Township, Precinct 1",Big Rapids Township Road Millage,,,Yes,703
Mecosta,"Big Rapids Charter Township, Precinct 1",Big Rapids Township Road Millage,,,Ballots Cast,1074
Mecosta,"Chippewa Township, Precinct 1",Chippewa Township Fire Dept Millage,,,No,99
Mecosta,"Chippewa Township, Precinct 1",Chippewa Township Fire Dept Millage,,,Yes,267
Mecosta,"Chippewa Township, Precinct 1",Chippewa Township Fire Dept Millage,,,Ballots Cast,387
Mecosta,"Chippewa Township, Precinct 1",Chippewa Township Road Maint Millage,,,No,124
Mecosta,"Chippewa Township, Precinct 1",Chippewa Township Road Maint Millage,,,Yes,239
Mecosta,"Chippewa Township, Precinct 1",Chippewa Township Road Maint Millage,,,Ballots Cast,387
Mecosta,"Mecosta Township, Precinct 1",Mecosta Township Fire Protection Millage Operational,,,No,146
Mecosta,"Mecosta Township, Precinct 1",Mecosta Township Fire Protection Millage Operational,,,Yes,463
Mecosta,"Mecosta Township, Precinct 1",Mecosta Township Fire Protection Millage Operational,,,Ballots Cast,651
Mecosta,"Mecosta Township, Precinct 1",Mecosta Township Fire Protection Millage Acquisition,,,No,181
Mecosta,"Mecosta Township, Precinct 1",Mecosta Township Fire Protection Millage Acquisition,,,Yes,426
Mecosta,"Mecosta Township, Precinct 1",Mecosta Township Fire Protection Millage Acquisition,,,Ballots Cast,651
Mecosta,"Millbrook Township, Precinct 1",Millbrook Township Fire Millage,,,No,26
Mecosta,"Millbrook Township, Precinct 1",Millbrook Township Fire Millage,,,Yes,159
Mecosta,"Millbrook Township, Precinct 1",Millbrook Township Fire Millage,,,Ballots Cast,206
Mecosta,"Morton Township, Precinct 1",Morton Township Fire-Rescue Millage,,,No,301
Mecosta,"Morton Township, Precinct 1",Morton Township Fire-Rescue Millage,,,Yes,421
Mecosta,"Morton Township, Precinct 1",Morton Township Fire-Rescue Millage,,,Ballots Cast,772
Mecosta,"Morton Township, Precinct 2",Morton Township Fire-Rescue Millage,,,No,223
Mecosta,"Morton Township, Precinct 2",Morton Township Fire-Rescue Millage,,,Yes,556
Mecosta,"Morton Township, Precinct 2",Morton Township Fire-Rescue Millage,,,Ballots Cast,846
Mecosta,"Millbrook Township, Precinct 1",Montabella Community Schools Proposal I,,,No,27
Mecosta,"Millbrook Township, Precinct 1",Montabella Community Schools Proposal I,,,Yes,48
Mecosta,"Millbrook Township, Precinct 1",Montabella Community Schools Proposal I,,,Ballots Cast,81
Mecosta,"Wheatland Township, Precinct 1",Montabella Community Schools Proposal I,,,Ballots Cast,1
Mecosta,"Millbrook Township, Precinct 1",Montabella Community Schools Proposal II,,,No,39
Mecosta,"Millbrook Township, Precinct 1",Montabella Community Schools Proposal II,,,Yes,36
Mecosta,"Millbrook Township, Precinct 1",Montabella Community Schools Proposal II,,,Ballots Cast,81
Mecosta,"Wheatland Township, Precinct 1",Montabella Community Schools Proposal II,,,Ballots Cast,1
Mecosta,"Hinton Township, Precinct 1",Montcalm Area ISD Bond Proposal,,,No,143
Mecosta,"Hinton Township, Precinct 1",Montcalm Area ISD Bond Proposal,,,Yes,95
Mecosta,"Hinton Township, Precinct 1",Montcalm Area ISD Bond Proposal,,,Ballots Cast,253
Mecosta,"Millbrook Township, Precinct 1",Montcalm Area ISD Bond Proposal,,,No,47
Mecosta,"Millbrook Township, Precinct 1",Montcalm Area ISD Bond Proposal,,,Yes,41
Mecosta,"Millbrook Township, Precinct 1",Montcalm Area ISD Bond Proposal,,,Ballots Cast,100
Mecosta,"Wheatland Township, Precinct 1",Montcalm Area ISD Bond Proposal,,,Ballots Cast,1
