county,precinct,office,district,party,candidate,votes
Isabella,"City of Mt. Pleasant, Precinct 1",U.S. Senate,,DEM,Hill Harper,127
Isabella,"City of Mt. Pleasant, Precinct 1",U.S. Senate,,DEM,Elissa Slotkin,548
Isabella,"City of Mt. Pleasant, Precinct 1",U.S. Senate,,DEM,Write-In,2
Isabella,"City of Mt. Pleasant, Precinct 1",U.S. House,2,DEM,Michael Lynch,627
Isabella,"City of Mt. Pleasant, Precinct 1",U.S. House,2,DEM,Write-In,1
Isabella,"City of Mt. Pleasant, Precinct 1",State House,92,DEM,Timothy Odykirk,638
Isabella,"City of Mt. Pleasant, Precinct 1",State House,92,DEM,Write-In,2
Isabella,"City of Mt. Pleasant, Precinct 1",County Prosecuting Attorney,,DEM,Write-In,53
Isabella,"City of Mt. Pleasant, Precinct 1",County Sheriff,,DEM,Write-In,48
Isabella,"City of Mt. Pleasant, Precinct 1",County Clerk,,DEM,Patti Sandel,587
Isabella,"City of Mt. Pleasant, Precinct 1",County Clerk,,DEM,Write-In,1
Isabella,"City of Mt. Pleasant, Precinct 1",County Treasurer,,DEM,Write-In,43
Isabella,"City of Mt. Pleasant, Precinct 1",County Register of Deeds,,DEM,Write-In,42
Isabella,"City of Mt. Pleasant, Precinct 1",County Road Commissioner,,DEM,Bob Busch,596
Isabella,"City of Mt. Pleasant, Precinct 1",County Road Commissioner,,DEM,Write-In,3
Isabella,"City of Mt. Pleasant, Precinct 1",County Drain Commissioner,,DEM,Ryon Skalitzky,594
Isabella,"City of Mt. Pleasant, Precinct 1",County Drain Commissioner,,DEM,Write-In,1
Isabella,"City of Mt. Pleasant, Precinct 1",County Commissioner 5th District,,DEM,James Moreno,610
Isabella,"City of Mt. Pleasant, Precinct 1",County Commissioner 5th District,,DEM,Write-In,5
Isabella,"City of Mt. Pleasant, Precinct 1","City of Mt. Pleasant, Precinct 1 Delegate to County Convention",,DEM,Write-In,80
Isabella,"City of Mt. Pleasant, Precinct 1",U.S. Senate,,REP,Justin Amash,44
Isabella,"City of Mt. Pleasant, Precinct 1",U.S. Senate,,REP,Sherry O'Donnell,28
Isabella,"City of Mt. Pleasant, Precinct 1",U.S. Senate,,REP,Sandy Pensler,22
Isabella,"City of Mt. Pleasant, Precinct 1",U.S. Senate,,REP,Mike Rogers,218
Isabella,"City of Mt. Pleasant, Precinct 1",U.S. Senate,,REP,Write-In,0
Isabella,"City of Mt. Pleasant, Precinct 1",U.S. House,2,REP,John R. Moolenaar,307
Isabella,"City of Mt. Pleasant, Precinct 1",U.S. House,2,REP,Write-In,3
Isabella,"City of Mt. Pleasant, Precinct 1",State House,92,REP,Jerry Neyer,308
Isabella,"City of Mt. Pleasant, Precinct 1",State House,92,REP,Write-In,5
Isabella,"City of Mt. Pleasant, Precinct 1",County Prosecuting Attorney,,REP,Mark Kowalczyk,295
Isabella,"City of Mt. Pleasant, Precinct 1",County Prosecuting Attorney,,REP,Write-In,2
Isabella,"City of Mt. Pleasant, Precinct 1",County Sheriff,,REP,Michael Main,317
Isabella,"City of Mt. Pleasant, Precinct 1",County Sheriff,,REP,Write-In,3
Isabella,"City of Mt. Pleasant, Precinct 1",County Clerk,,REP,Minde B. Lux,296
Isabella,"City of Mt. Pleasant, Precinct 1",County Clerk,,REP,Write-In,7
Isabella,"City of Mt. Pleasant, Precinct 1",County Treasurer,,REP,Kathleen M. Schafer,297
Isabella,"City of Mt. Pleasant, Precinct 1",County Treasurer,,REP,Write-In,3
Isabella,"City of Mt. Pleasant, Precinct 1",County Register of Deeds,,REP,Karen R. Jackson,298
Isabella,"City of Mt. Pleasant, Precinct 1",County Register of Deeds,,REP,Write-In,2
Isabella,"City of Mt. Pleasant, Precinct 1",County Road Commissioner,,REP,Kelly D. Beltinck,176
Isabella,"City of Mt. Pleasant, Precinct 1",County Road Commissioner,,REP,John M. Graham,177
Isabella,"City of Mt. Pleasant, Precinct 1",County Road Commissioner,,REP,Patrick J. Recker,134
Isabella,"City of Mt. Pleasant, Precinct 1",County Road Commissioner,,REP,Write-In,1
Isabella,"City of Mt. Pleasant, Precinct 1",County Drain Commissioner,,REP,Robert J. Willoughby,295
Isabella,"City of Mt. Pleasant, Precinct 1",County Drain Commissioner,,REP,Write-In,3
Isabella,"City of Mt. Pleasant, Precinct 1",County Commissioner 5th District,,REP,Dave Verwey,295
Isabella,"City of Mt. Pleasant, Precinct 1",County Commissioner 5th District,,REP,Write-In,2
Isabella,"City of Mt. Pleasant, Precinct 1","City of Mt. Pleasant, Precinct 1 Delegate to County Convention",,REP,Russ Hyde,265
Isabella,"City of Mt. Pleasant, Precinct 1","City of Mt. Pleasant, Precinct 1 Delegate to County Convention",,REP,Write-In,9
Isabella,"City of Mt. Pleasant, Precinct 1",Isabella County Renewal of Fixed Operational Millage,,,Yes,702
Isabella,"City of Mt. Pleasant, Precinct 1",Isabella County Renewal of Fixed Operational Millage,,,No,330
Isabella,"City of Mt. Pleasant, Precinct 1",Isabella County Parks and Recreation Millage Renewal Proposal,,,Yes,788
Isabella,"City of Mt. Pleasant, Precinct 1",Isabella County Parks and Recreation Millage Renewal Proposal,,,No,278
Isabella,"City of Mt. Pleasant, Precinct 1",Isabella County Transportation Commission (I-RIDE) Millage Renewal Proposal,,,Yes,788
Isabella,"City of Mt. Pleasant, Precinct 1",Isabella County Transportation Commission (I-RIDE) Millage Renewal Proposal,,,No,279
Isabella,"City of Mt. Pleasant, Precinct 2",U.S. Senate,,DEM,Hill Harper,80
Isabella,"City of Mt. Pleasant, Precinct 2",U.S. Senate,,DEM,Elissa Slotkin,678
Isabella,"City of Mt. Pleasant, Precinct 2",U.S. Senate,,DEM,Write-In,0
Isabella,"City of Mt. Pleasant, Precinct 2",U.S. House,2,DEM,Michael Lynch,719
Isabella,"City of Mt. Pleasant, Precinct 2",U.S. House,2,DEM,Write-In,1
Isabella,"City of Mt. Pleasant, Precinct 2",State House,92,DEM,Timothy Odykirk,731
Isabella,"City of Mt. Pleasant, Precinct 2",State House,92,DEM,Write-In,0
Isabella,"City of Mt. Pleasant, Precinct 2",County Prosecuting Attorney,,DEM,Write-In,69
Isabella,"City of Mt. Pleasant, Precinct 2",County Sheriff,,DEM,Write-In,61
Isabella,"City of Mt. Pleasant, Precinct 2",County Clerk,,DEM,Patti Sandel,675
Isabella,"City of Mt. Pleasant, Precinct 2",County Clerk,,DEM,Write-In,3
Isabella,"City of Mt. Pleasant, Precinct 2",County Treasurer,,DEM,Write-In,57
Isabella,"City of Mt. Pleasant, Precinct 2",County Register of Deeds,,DEM,Write-In,53
Isabella,"City of Mt. Pleasant, Precinct 2",County Road Commissioner,,DEM,Bob Busch,690
Isabella,"City of Mt. Pleasant, Precinct 2",County Road Commissioner,,DEM,Write-In,5
Isabella,"City of Mt. Pleasant, Precinct 2",County Drain Commissioner,,DEM,Ryon Skalitzky,686
Isabella,"City of Mt. Pleasant, Precinct 2",County Drain Commissioner,,DEM,Write-In,1
Isabella,"City of Mt. Pleasant, Precinct 2",County Commissioner 5th District,,DEM,James Moreno,435
Isabella,"City of Mt. Pleasant, Precinct 2",County Commissioner 5th District,,DEM,Write-In,2
Isabella,"City of Mt. Pleasant, Precinct 2",County Commissioner 6th District,,DEM,Steve Swaney,256
Isabella,"City of Mt. Pleasant, Precinct 2",County Commissioner 6th District,,DEM,Write-In,0
Isabella,"City of Mt. Pleasant, Precinct 2","City of Mt. Pleasant, Precinct 2 Delegate to County Convention",,DEM,Patricia Heitman,618
Isabella,"City of Mt. Pleasant, Precinct 2","City of Mt. Pleasant, Precinct 2 Delegate to County Convention",,DEM,Write-In,29
Isabella,"City of Mt. Pleasant, Precinct 2",U.S. Senate,,REP,Justin Amash,30
Isabella,"City of Mt. Pleasant, Precinct 2",U.S. Senate,,REP,Sherry O'Donnell,68
Isabella,"City of Mt. Pleasant, Precinct 2",U.S. Senate,,REP,Sandy Pensler,45
Isabella,"City of Mt. Pleasant, Precinct 2",U.S. Senate,,REP,Mike Rogers,310
Isabella,"City of Mt. Pleasant, Precinct 2",U.S. Senate,,REP,Write-In,0
Isabella,"City of Mt. Pleasant, Precinct 2",U.S. House,2,REP,John R. Moolenaar,460
Isabella,"City of Mt. Pleasant, Precinct 2",U.S. House,2,REP,Write-In,0
Isabella,"City of Mt. Pleasant, Precinct 2",State House,92,REP,Jerry Neyer,454
Isabella,"City of Mt. Pleasant, Precinct 2",State House,92,REP,Write-In,2
Isabella,"City of Mt. Pleasant, Precinct 2",County Prosecuting Attorney,,REP,Mark Kowalczyk,454
Isabella,"City of Mt. Pleasant, Precinct 2",County Prosecuting Attorney,,REP,Write-In,1
Isabella,"City of Mt. Pleasant, Precinct 2",County Sheriff,,REP,Michael Main,449
Isabella,"City of Mt. Pleasant, Precinct 2",County Sheriff,,REP,Write-In,3
Isabella,"City of Mt. Pleasant, Precinct 2",County Clerk,,REP,Minde B. Lux,448
Isabella,"City of Mt. Pleasant, Precinct 2",County Clerk,,REP,Write-In,1
Isabella,"City of Mt. Pleasant, Precinct 2",County Treasurer,,REP,Kathleen M. Schafer,441
Isabella,"City of Mt. Pleasant, Precinct 2",County Treasurer,,REP,Write-In,1
Isabella,"City of Mt. Pleasant, Precinct 2",County Register of Deeds,,REP,Karen R. Jackson,436
Isabella,"City of Mt. Pleasant, Precinct 2",County Register of Deeds,,REP,Write-In,1
Isabella,"City of Mt. Pleasant, Precinct 2",County Road Commissioner,,REP,Kelly D. Beltinck,244
Isabella,"City of Mt. Pleasant, Precinct 2",County Road Commissioner,,REP,John M. Graham,261
Isabella,"City of Mt. Pleasant, Precinct 2",County Road Commissioner,,REP,Patrick J. Recker,227
Isabella,"City of Mt. Pleasant, Precinct 2",County Road Commissioner,,REP,Write-In,0
Isabella,"City of Mt. Pleasant, Precinct 2",County Drain Commissioner,,REP,Robert J. Willoughby,445
Isabella,"City of Mt. Pleasant, Precinct 2",County Drain Commissioner,,REP,Write-In,1
Isabella,"City of Mt. Pleasant, Precinct 2",County Commissioner 5th District,,REP,Dave Verwey,283
Isabella,"City of Mt. Pleasant, Precinct 2",County Commissioner 5th District,,REP,Write-In,4
Isabella,"City of Mt. Pleasant, Precinct 2",County Commissioner 6th District,,REP,Write-In,16
Isabella,"City of Mt. Pleasant, Precinct 2","City of Mt. Pleasant, Precinct 2 Delegate to County Convention",,REP,Douglas Davis Jr.,282
Isabella,"City of Mt. Pleasant, Precinct 2","City of Mt. Pleasant, Precinct 2 Delegate to County Convention",,REP,James R. Walker,326
Isabella,"City of Mt. Pleasant, Precinct 2","City of Mt. Pleasant, Precinct 2 Delegate to County Convention",,REP,Write-In,2
Isabella,"City of Mt. Pleasant, Precinct 2",Isabella County Renewal of Fixed Operational Millage,,,Yes,876
Isabella,"City of Mt. Pleasant, Precinct 2",Isabella County Renewal of Fixed Operational Millage,,,No,411
Isabella,"City of Mt. Pleasant, Precinct 2",Isabella County Parks and Recreation Millage Renewal Proposal,,,Yes,937
Isabella,"City of Mt. Pleasant, Precinct 2",Isabella County Parks and Recreation Millage Renewal Proposal,,,No,383
Isabella,"City of Mt. Pleasant, Precinct 2",Isabella County Transportation Commission (I-RIDE) Millage Renewal Proposal,,,Yes,964
Isabella,"City of Mt. Pleasant, Precinct 2",Isabella County Transportation Commission (I-RIDE) Millage Renewal Proposal,,,No,360
Isabella,"City of Mt. Pleasant, Precinct 3",U.S. Senate,,DEM,Hill Harper,65
Isabella,"City of Mt. Pleasant, Precinct 3",U.S. Senate,,DEM,Elissa Slotkin,319
Isabella,"City of Mt. Pleasant, Precinct 3",U.S. Senate,,DEM,Write-In,1
Isabella,"City of Mt. Pleasant, Precinct 3",U.S. House,2,DEM,Michael Lynch,370
Isabella,"City of Mt. Pleasant, Precinct 3",U.S. House,2,DEM,Write-In,0
Isabella,"City of Mt. Pleasant, Precinct 3",State House,92,DEM,Timothy Odykirk,376
Isabella,"City of Mt. Pleasant, Precinct 3",State House,92,DEM,Write-In,0
Isabella,"City of Mt. Pleasant, Precinct 3",County Prosecuting Attorney,,DEM,Write-In,28
Isabella,"City of Mt. Pleasant, Precinct 3",County Sheriff,,DEM,Write-In,20
Isabella,"City of Mt. Pleasant, Precinct 3",County Clerk,,DEM,Patti Sandel,343
Isabella,"City of Mt. Pleasant, Precinct 3",County Clerk,,DEM,Write-In,0
Isabella,"City of Mt. Pleasant, Precinct 3",County Treasurer,,DEM,Write-In,20
Isabella,"City of Mt. Pleasant, Precinct 3",County Register of Deeds,,DEM,Write-In,19
Isabella,"City of Mt. Pleasant, Precinct 3",County Road Commissioner,,DEM,Bob Busch,358
Isabella,"City of Mt. Pleasant, Precinct 3",County Road Commissioner,,DEM,Write-In,0
Isabella,"City of Mt. Pleasant, Precinct 3",County Drain Commissioner,,DEM,Ryon Skalitzky,357
Isabella,"City of Mt. Pleasant, Precinct 3",County Drain Commissioner,,DEM,Write-In,0
Isabella,"City of Mt. Pleasant, Precinct 3",County Commissioner 7th District,,DEM,Tobin D. Hope,362
Isabella,"City of Mt. Pleasant, Precinct 3",County Commissioner 7th District,,DEM,Write-In,0
Isabella,"City of Mt. Pleasant, Precinct 3","City of Mt. Pleasant, Precinct 3 Delegate to County Convention",,DEM,Joyce A. Baugh,286
Isabella,"City of Mt. Pleasant, Precinct 3","City of Mt. Pleasant, Precinct 3 Delegate to County Convention",,DEM,Timothy Caldwell,280
Isabella,"City of Mt. Pleasant, Precinct 3","City of Mt. Pleasant, Precinct 3 Delegate to County Convention",,DEM,Barbara Dixon,289
Isabella,"City of Mt. Pleasant, Precinct 3","City of Mt. Pleasant, Precinct 3 Delegate to County Convention",,DEM,Maureen N. Eke,291
Isabella,"City of Mt. Pleasant, Precinct 3","City of Mt. Pleasant, Precinct 3 Delegate to County Convention",,DEM,Roger D. Hatch,276
Isabella,"City of Mt. Pleasant, Precinct 3","City of Mt. Pleasant, Precinct 3 Delegate to County Convention",,DEM,Write-In,4
Isabella,"City of Mt. Pleasant, Precinct 3",U.S. Senate,,REP,Justin Amash,19
Isabella,"City of Mt. Pleasant, Precinct 3",U.S. Senate,,REP,Sherry O'Donnell,17
Isabella,"City of Mt. Pleasant, Precinct 3",U.S. Senate,,REP,Sandy Pensler,23
Isabella,"City of Mt. Pleasant, Precinct 3",U.S. Senate,,REP,Mike Rogers,108
Isabella,"City of Mt. Pleasant, Precinct 3",U.S. Senate,,REP,Write-In,0
Isabella,"City of Mt. Pleasant, Precinct 3",U.S. House,2,REP,John R. Moolenaar,156
Isabella,"City of Mt. Pleasant, Precinct 3",U.S. House,2,REP,Write-In,0
Isabella,"City of Mt. Pleasant, Precinct 3",State House,92,REP,Jerry Neyer,156
Isabella,"City of Mt. Pleasant, Precinct 3",State House,92,REP,Write-In,0
Isabella,"City of Mt. Pleasant, Precinct 3",County Prosecuting Attorney,,REP,Mark Kowalczyk,156
Isabella,"City of Mt. Pleasant, Precinct 3",County Prosecuting Attorney,,REP,Write-In,0
Isabella,"City of Mt. Pleasant, Precinct 3",County Sheriff,,REP,Michael Main,156
Isabella,"City of Mt. Pleasant, Precinct 3",County Sheriff,,REP,Write-In,0
Isabella,"City of Mt. Pleasant, Precinct 3",County Clerk,,REP,Minde B. Lux,150
Isabella,"City of Mt. Pleasant, Precinct 3",County Clerk,,REP,Write-In,2
Isabella,"City of Mt. Pleasant, Precinct 3",County Treasurer,,REP,Kathleen M. Schafer,149
Isabella,"City of Mt. Pleasant, Precinct 3",County Treasurer,,REP,Write-In,0
Isabella,"City of Mt. Pleasant, Precinct 3",County Register of Deeds,,REP,Karen R. Jackson,149
Isabella,"City of Mt. Pleasant, Precinct 3",County Register of Deeds,,REP,Write-In,0
Isabella,"City of Mt. Pleasant, Precinct 3",County Road Commissioner,,REP,Kelly D. Beltinck,83
Isabella,"City of Mt. Pleasant, Precinct 3",County Road Commissioner,,REP,John M. Graham,77
Isabella,"City of Mt. Pleasant, Precinct 3",County Road Commissioner,,REP,Patrick J. Recker,75
Isabella,"City of Mt. Pleasant, Precinct 3",County Road Commissioner,,REP,Write-In,1
Isabella,"City of Mt. Pleasant, Precinct 3",County Drain Commissioner,,REP,Robert J. Willoughby,142
Isabella,"City of Mt. Pleasant, Precinct 3",County Drain Commissioner,,REP,Write-In,0
Isabella,"City of Mt. Pleasant, Precinct 3",County Commissioner 7th District,,REP,Write-In,17
Isabella,"City of Mt. Pleasant, Precinct 3","City of Mt. Pleasant, Precinct 3 Delegate to County Convention",,REP,Christine Kelly Fountain,135
Isabella,"City of Mt. Pleasant, Precinct 3","City of Mt. Pleasant, Precinct 3 Delegate to County Convention",,REP,Write-In,0
Isabella,"City of Mt. Pleasant, Precinct 3",Isabella County Renewal of Fixed Operational Millage,,,Yes,432
Isabella,"City of Mt. Pleasant, Precinct 3",Isabella County Renewal of Fixed Operational Millage,,,No,154
Isabella,"City of Mt. Pleasant, Precinct 3",Isabella County Parks and Recreation Millage Renewal Proposal,,,Yes,451
Isabella,"City of Mt. Pleasant, Precinct 3",Isabella County Parks and Recreation Millage Renewal Proposal,,,No,143
Isabella,"City of Mt. Pleasant, Precinct 3",Isabella County Transportation Commission (I-RIDE) Millage Renewal Proposal,,,Yes,444
Isabella,"City of Mt. Pleasant, Precinct 3",Isabella County Transportation Commission (I-RIDE) Millage Renewal Proposal,,,No,149
Isabella,"Broomfield Township, Precinct 1",U.S. Senate,,DEM,Hill Harper,11
Isabella,"Broomfield Township, Precinct 1",U.S. Senate,,DEM,Elissa Slotkin,112
Isabella,"Broomfield Township, Precinct 1",U.S. Senate,,DEM,Write-In,0
Isabella,"Broomfield Township, Precinct 1",U.S. House,2,DEM,Michael Lynch,106
Isabella,"Broomfield Township, Precinct 1",U.S. House,2,DEM,Write-In,0
Isabella,"Broomfield Township, Precinct 1",State House,92,DEM,Timothy Odykirk,109
Isabella,"Broomfield Township, Precinct 1",State House,92,DEM,Write-In,0
Isabella,"Broomfield Township, Precinct 1",County Prosecuting Attorney,,DEM,Write-In,11
Isabella,"Broomfield Township, Precinct 1",County Sheriff,,DEM,Write-In,8
Isabella,"Broomfield Township, Precinct 1",County Clerk,,DEM,Patti Sandel,96
Isabella,"Broomfield Township, Precinct 1",County Clerk,,DEM,Write-In,0
Isabella,"Broomfield Township, Precinct 1",County Treasurer,,DEM,Write-In,10
Isabella,"Broomfield Township, Precinct 1",County Register of Deeds,,DEM,Write-In,10
Isabella,"Broomfield Township, Precinct 1",County Road Commissioner,,DEM,Bob Busch,101
Isabella,"Broomfield Township, Precinct 1",County Road Commissioner,,DEM,Write-In,0
Isabella,"Broomfield Township, Precinct 1",County Drain Commissioner,,DEM,Ryon Skalitzky,101
Isabella,"Broomfield Township, Precinct 1",County Drain Commissioner,,DEM,Write-In,1
Isabella,"Broomfield Township, Precinct 1",County Commissioner 2nd District,,DEM,Write-In,8
Isabella,"Broomfield Township, Precinct 1",Broomfield Township Supervisor,,DEM,Write-In,9
Isabella,"Broomfield Township, Precinct 1",Broomfield Township Clerk,,DEM,Heather K. Justice,90
Isabella,"Broomfield Township, Precinct 1",Broomfield Township Clerk,,DEM,Write-In,0
Isabella,"Broomfield Township, Precinct 1",Broomfield Township Treasurer,,DEM,Write-In,8
Isabella,"Broomfield Township, Precinct 1",Broomfield Township Trustee,,DEM,Terry D. Ellis,92
Isabella,"Broomfield Township, Precinct 1",Broomfield Township Trustee,,DEM,Write-In,1
Isabella,"Broomfield Township, Precinct 1","Broomfield Township, Precinct 1 Delegate to County Convention",,DEM,Write-In,6
Isabella,"Broomfield Township, Precinct 1",U.S. Senate,,REP,Justin Amash,25
Isabella,"Broomfield Township, Precinct 1",U.S. Senate,,REP,Sherry O'Donnell,19
Isabella,"Broomfield Township, Precinct 1",U.S. Senate,,REP,Sandy Pensler,19
Isabella,"Broomfield Township, Precinct 1",U.S. Senate,,REP,Mike Rogers,201
Isabella,"Broomfield Township, Precinct 1",U.S. Senate,,REP,Write-In,2
Isabella,"Broomfield Township, Precinct 1",U.S. House,2,REP,John R. Moolenaar,262
Isabella,"Broomfield Township, Precinct 1",U.S. House,2,REP,Write-In,3
Isabella,"Broomfield Township, Precinct 1",State House,92,REP,Jerry Neyer,270
Isabella,"Broomfield Township, Precinct 1",State House,92,REP,Write-In,1
Isabella,"Broomfield Township, Precinct 1",County Prosecuting Attorney,,REP,Mark Kowalczyk,257
Isabella,"Broomfield Township, Precinct 1",County Prosecuting Attorney,,REP,Write-In,4
Isabella,"Broomfield Township, Precinct 1",County Sheriff,,REP,Michael Main,257
Isabella,"Broomfield Township, Precinct 1",County Sheriff,,REP,Write-In,10
Isabella,"Broomfield Township, Precinct 1",County Clerk,,REP,Minde B. Lux,257
Isabella,"Broomfield Township, Precinct 1",County Clerk,,REP,Write-In,2
Isabella,"Broomfield Township, Precinct 1",County Treasurer,,REP,Kathleen M. Schafer,265
Isabella,"Broomfield Township, Precinct 1",County Treasurer,,REP,Write-In,1
Isabella,"Broomfield Township, Precinct 1",County Register of Deeds,,REP,Karen R. Jackson,255
Isabella,"Broomfield Township, Precinct 1",County Register of Deeds,,REP,Write-In,1
Isabella,"Broomfield Township, Precinct 1",County Road Commissioner,,REP,Kelly D. Beltinck,130
Isabella,"Broomfield Township, Precinct 1",County Road Commissioner,,REP,John M. Graham,103
Isabella,"Broomfield Township, Precinct 1",County Road Commissioner,,REP,Patrick J. Recker,181
Isabella,"Broomfield Township, Precinct 1",County Road Commissioner,,REP,Write-In,1
Isabella,"Broomfield Township, Precinct 1",County Drain Commissioner,,REP,Robert J. Willoughby,259
Isabella,"Broomfield Township, Precinct 1",County Drain Commissioner,,REP,Write-In,1
Isabella,"Broomfield Township, Precinct 1",County Commissioner 2nd District,,REP,Bob Campbell,179
Isabella,"Broomfield Township, Precinct 1",County Commissioner 2nd District,,REP,Christopher L. Embrey,96
Isabella,"Broomfield Township, Precinct 1",County Commissioner 2nd District,,REP,Write-In,1
Isabella,"Broomfield Township, Precinct 1",Broomfield Township Supervisor,,REP,Neil R. Strong,218
Isabella,"Broomfield Township, Precinct 1",Broomfield Township Supervisor,,REP,Write-In,3
Isabella,"Broomfield Township, Precinct 1",Broomfield Township Clerk,,REP,Write-In,17
Isabella,"Broomfield Township, Precinct 1",Broomfield Township Treasurer,,REP,Jackie L. Verbeke,221
Isabella,"Broomfield Township, Precinct 1",Broomfield Township Treasurer,,REP,Write-In,2
Isabella,"Broomfield Township, Precinct 1",Broomfield Township Trustee,,REP,Candy Recker,220
Isabella,"Broomfield Township, Precinct 1",Broomfield Township Trustee,,REP,Write-In,4
Isabella,"Broomfield Township, Precinct 1","Broomfield Township, Precinct 1 Delegate to County Convention",,REP,Bob Campbell,179
Isabella,"Broomfield Township, Precinct 1","Broomfield Township, Precinct 1 Delegate to County Convention",,REP,Linda Richardson,130
Isabella,"Broomfield Township, Precinct 1","Broomfield Township, Precinct 1 Delegate to County Convention",,REP,Write-In,2
Isabella,"Broomfield Township, Precinct 1",Isabella County Renewal of Fixed Operational Millage,,,Yes,204
Isabella,"Broomfield Township, Precinct 1",Isabella County Renewal of Fixed Operational Millage,,,No,243
Isabella,"Broomfield Township, Precinct 1",Isabella County Parks and Recreation Millage Renewal Proposal,,,Yes,207
Isabella,"Broomfield Township, Precinct 1",Isabella County Parks and Recreation Millage Renewal Proposal,,,No,247
Isabella,"Broomfield Township, Precinct 1",Isabella County Transportation Commission (I-RIDE) Millage Renewal Proposal,,,Yes,239
Isabella,"Broomfield Township, Precinct 1",Isabella County Transportation Commission (I-RIDE) Millage Renewal Proposal,,,No,217
Isabella,"Broomfield Township, Precinct 1",I. Montabella Community Schools Operating Millage Proposal,,,Yes,21
Isabella,"Broomfield Township, Precinct 1",I. Montabella Community Schools Operating Millage Proposal,,,No,31
Isabella,"Broomfield Township, Precinct 1",II. Montabella Community Schools Sinking Fund Millage Proposal,,,Yes,18
Isabella,"Broomfield Township, Precinct 1",II. Montabella Community Schools Sinking Fund Millage Proposal,,,No,34
Isabella,"Broomfield Township, Precinct 1",Montcalm Area Intermediate School District Bond Proposal,,,Yes,12
Isabella,"Broomfield Township, Precinct 1",Montcalm Area Intermediate School District Bond Proposal,,,No,40
Isabella,"Chippewa Township, Precinct 1",U.S. Senate,,DEM,Hill Harper,34
Isabella,"Chippewa Township, Precinct 1",U.S. Senate,,DEM,Elissa Slotkin,137
Isabella,"Chippewa Township, Precinct 1",U.S. Senate,,DEM,Write-In,0
Isabella,"Chippewa Township, Precinct 1",U.S. House,2,DEM,Michael Lynch,158
Isabella,"Chippewa Township, Precinct 1",U.S. House,2,DEM,Write-In,1
Isabella,"Chippewa Township, Precinct 1",State House,92,DEM,Timothy Odykirk,155
Isabella,"Chippewa Township, Precinct 1",State House,92,DEM,Write-In,1
Isabella,"Chippewa Township, Precinct 1",County Prosecuting Attorney,,DEM,Write-In,18
Isabella,"Chippewa Township, Precinct 1",County Sheriff,,DEM,Write-In,17
Isabella,"Chippewa Township, Precinct 1",County Clerk,,DEM,Patti Sandel,154
Isabella,"Chippewa Township, Precinct 1",County Clerk,,DEM,Write-In,0
Isabella,"Chippewa Township, Precinct 1",County Treasurer,,DEM,Write-In,15
Isabella,"Chippewa Township, Precinct 1",County Register of Deeds,,DEM,Write-In,15
Isabella,"Chippewa Township, Precinct 1",County Road Commissioner,,DEM,Bob Busch,148
Isabella,"Chippewa Township, Precinct 1",County Road Commissioner,,DEM,Write-In,1
Isabella,"Chippewa Township, Precinct 1",County Drain Commissioner,,DEM,Ryon Skalitzky,147
Isabella,"Chippewa Township, Precinct 1",County Drain Commissioner,,DEM,Write-In,1
Isabella,"Chippewa Township, Precinct 1",County Commissioner 3rd District,,DEM,Write-In,12
Isabella,"Chippewa Township, Precinct 1",Chippewa Township Supervisor,,DEM,Robert P. Smith,156
Isabella,"Chippewa Township, Precinct 1",Chippewa Township Supervisor,,DEM,Write-In,1
Isabella,"Chippewa Township, Precinct 1",Chippewa Township Clerk,,DEM,Frances Ash,161
Isabella,"Chippewa Township, Precinct 1",Chippewa Township Clerk,,DEM,Write-In,1
Isabella,"Chippewa Township, Precinct 1",Chippewa Township Treasurer,,DEM,Write-In,14
Isabella,"Chippewa Township, Precinct 1",Chippewa Township Trustee,,DEM,Gail L. Huber,154
Isabella,"Chippewa Township, Precinct 1",Chippewa Township Trustee,,DEM,Write-In,1
Isabella,"Chippewa Township, Precinct 1","Chippewa Township, Precinct 1 Delegate to County Convention",,DEM,Write-In,21
Isabella,"Chippewa Township, Precinct 1",U.S. Senate,,REP,Justin Amash,17
Isabella,"Chippewa Township, Precinct 1",U.S. Senate,,REP,Sherry O'Donnell,27
Isabella,"Chippewa Township, Precinct 1",U.S. Senate,,REP,Sandy Pensler,29
Isabella,"Chippewa Township, Precinct 1",U.S. Senate,,REP,Mike Rogers,164
Isabella,"Chippewa Township, Precinct 1",U.S. Senate,,REP,Write-In,0
Isabella,"Chippewa Township, Precinct 1",U.S. House,2,REP,John R. Moolenaar,232
Isabella,"Chippewa Township, Precinct 1",U.S. House,2,REP,Write-In,1
Isabella,"Chippewa Township, Precinct 1",State House,92,REP,Jerry Neyer,230
Isabella,"Chippewa Township, Precinct 1",State House,92,REP,Write-In,0
Isabella,"Chippewa Township, Precinct 1",County Prosecuting Attorney,,REP,Mark Kowalczyk,216
Isabella,"Chippewa Township, Precinct 1",County Prosecuting Attorney,,REP,Write-In,1
Isabella,"Chippewa Township, Precinct 1",County Sheriff,,REP,Michael Main,218
Isabella,"Chippewa Township, Precinct 1",County Sheriff,,REP,Write-In,2
Isabella,"Chippewa Township, Precinct 1",County Clerk,,REP,Minde B. Lux,217
Isabella,"Chippewa Township, Precinct 1",County Clerk,,REP,Write-In,3
Isabella,"Chippewa Township, Precinct 1",County Treasurer,,REP,Kathleen M. Schafer,216
Isabella,"Chippewa Township, Precinct 1",County Treasurer,,REP,Write-In,1
Isabella,"Chippewa Township, Precinct 1",County Register of Deeds,,REP,Karen R. Jackson,214
Isabella,"Chippewa Township, Precinct 1",County Register of Deeds,,REP,Write-In,1
Isabella,"Chippewa Township, Precinct 1",County Road Commissioner,,REP,Kelly D. Beltinck,135
Isabella,"Chippewa Township, Precinct 1",County Road Commissioner,,REP,John M. Graham,120
Isabella,"Chippewa Township, Precinct 1",County Road Commissioner,,REP,Patrick J. Recker,117
Isabella,"Chippewa Township, Precinct 1",County Road Commissioner,,REP,Write-In,1
Isabella,"Chippewa Township, Precinct 1",County Drain Commissioner,,REP,Robert J. Willoughby,214
Isabella,"Chippewa Township, Precinct 1",County Drain Commissioner,,REP,Write-In,1
Isabella,"Chippewa Township, Precinct 1",County Commissioner 3rd District,,REP,Jerry Jaloszynski,206
Isabella,"Chippewa Township, Precinct 1",County Commissioner 3rd District,,REP,Write-In,1
Isabella,"Chippewa Township, Precinct 1",Chippewa Township Supervisor,,REP,Donald Lowery,208
Isabella,"Chippewa Township, Precinct 1",Chippewa Township Supervisor,,REP,Write-In,1
Isabella,"Chippewa Township, Precinct 1",Chippewa Township Clerk,,REP,Write-In,21
Isabella,"Chippewa Township, Precinct 1",Chippewa Township Treasurer,,REP,Kathy J. VanderKolk,208
Isabella,"Chippewa Township, Precinct 1",Chippewa Township Treasurer,,REP,Write-In,1
Isabella,"Chippewa Township, Precinct 1",Chippewa Township Trustee,,REP,Kurt Fisher,178
Isabella,"Chippewa Township, Precinct 1",Chippewa Township Trustee,,REP,Robert J. Wetherbee,156
Isabella,"Chippewa Township, Precinct 1",Chippewa Township Trustee,,REP,Write-In,2
Isabella,"Chippewa Township, Precinct 1","Chippewa Township, Precinct 1 Delegate to County Convention",,REP,April L. Borton,126
Isabella,"Chippewa Township, Precinct 1","Chippewa Township, Precinct 1 Delegate to County Convention",,REP,Larry G. Borton,121
Isabella,"Chippewa Township, Precinct 1","Chippewa Township, Precinct 1 Delegate to County Convention",,REP,Kurt Fisher,160
Isabella,"Chippewa Township, Precinct 1","Chippewa Township, Precinct 1 Delegate to County Convention",,REP,Jay Michaud,112
Isabella,"Chippewa Township, Precinct 1","Chippewa Township, Precinct 1 Delegate to County Convention",,REP,Sheila Salmon,100
Isabella,"Chippewa Township, Precinct 1","Chippewa Township, Precinct 1 Delegate to County Convention",,REP,Write-In,3
Isabella,"Chippewa Township, Precinct 1",Isabella County Renewal of Fixed Operational Millage,,,Yes,233
Isabella,"Chippewa Township, Precinct 1",Isabella County Renewal of Fixed Operational Millage,,,No,220
Isabella,"Chippewa Township, Precinct 1",Isabella County Parks and Recreation Millage Renewal Proposal,,,Yes,218
Isabella,"Chippewa Township, Precinct 1",Isabella County Parks and Recreation Millage Renewal Proposal,,,No,239
Isabella,"Chippewa Township, Precinct 1",Isabella County Transportation Commission (I-RIDE) Millage Renewal Proposal,,,Yes,237
Isabella,"Chippewa Township, Precinct 1",Isabella County Transportation Commission (I-RIDE) Millage Renewal Proposal,,,No,222
Isabella,"Chippewa Township, Precinct 1",Shepherd Public Schools Bond Proposal,,,Yes,164
Isabella,"Chippewa Township, Precinct 1",Shepherd Public Schools Bond Proposal,,,No,212
Isabella,"Chippewa Township, Precinct 2",U.S. Senate,,DEM,Hill Harper,18
Isabella,"Chippewa Township, Precinct 2",U.S. Senate,,DEM,Elissa Slotkin,102
Isabella,"Chippewa Township, Precinct 2",U.S. Senate,,DEM,Write-In,2
Isabella,"Chippewa Township, Precinct 2",U.S. House,2,DEM,Michael Lynch,114
Isabella,"Chippewa Township, Precinct 2",U.S. House,2,DEM,Write-In,0
Isabella,"Chippewa Township, Precinct 2",State House,92,DEM,Timothy Odykirk,116
Isabella,"Chippewa Township, Precinct 2",State House,92,DEM,Write-In,0
Isabella,"Chippewa Township, Precinct 2",County Prosecuting Attorney,,DEM,Write-In,8
Isabella,"Chippewa Township, Precinct 2",County Sheriff,,DEM,Write-In,8
Isabella,"Chippewa Township, Precinct 2",County Clerk,,DEM,Patti Sandel,112
Isabella,"Chippewa Township, Precinct 2",County Clerk,,DEM,Write-In,1
Isabella,"Chippewa Township, Precinct 2",County Treasurer,,DEM,Write-In,9
Isabella,"Chippewa Township, Precinct 2",County Register of Deeds,,DEM,Write-In,9
Isabella,"Chippewa Township, Precinct 2",County Road Commissioner,,DEM,Bob Busch,114
Isabella,"Chippewa Township, Precinct 2",County Road Commissioner,,DEM,Write-In,0
Isabella,"Chippewa Township, Precinct 2",County Drain Commissioner,,DEM,Ryon Skalitzky,110
Isabella,"Chippewa Township, Precinct 2",County Drain Commissioner,,DEM,Write-In,0
Isabella,"Chippewa Township, Precinct 2",County Commissioner 3rd District,,DEM,Write-In,7
Isabella,"Chippewa Township, Precinct 2",Chippewa Township Supervisor,,DEM,Robert P. Smith,111
Isabella,"Chippewa Township, Precinct 2",Chippewa Township Supervisor,,DEM,Write-In,1
Isabella,"Chippewa Township, Precinct 2",Chippewa Township Clerk,,DEM,Frances Ash,111
Isabella,"Chippewa Township, Precinct 2",Chippewa Township Clerk,,DEM,Write-In,0
Isabella,"Chippewa Township, Precinct 2",Chippewa Township Treasurer,,DEM,Write-In,6
Isabella,"Chippewa Township, Precinct 2",Chippewa Township Trustee,,DEM,Gail L. Huber,109
Isabella,"Chippewa Township, Precinct 2",Chippewa Township Trustee,,DEM,Write-In,1
Isabella,"Chippewa Township, Precinct 2","Chippewa Township, Precinct 2 Delegate to County Convention",,DEM,Write-In,5
Isabella,"Chippewa Township, Precinct 2",U.S. Senate,,REP,Justin Amash,8
Isabella,"Chippewa Township, Precinct 2",U.S. Senate,,REP,Sherry O'Donnell,20
Isabella,"Chippewa Township, Precinct 2",U.S. Senate,,REP,Sandy Pensler,18
Isabella,"Chippewa Township, Precinct 2",U.S. Senate,,REP,Mike Rogers,101
Isabella,"Chippewa Township, Precinct 2",U.S. Senate,,REP,Write-In,1
Isabella,"Chippewa Township, Precinct 2",U.S. House,2,REP,John R. Moolenaar,145
Isabella,"Chippewa Township, Precinct 2",U.S. House,2,REP,Write-In,1
Isabella,"Chippewa Township, Precinct 2",State House,92,REP,Jerry Neyer,139
Isabella,"Chippewa Township, Precinct 2",State House,92,REP,Write-In,2
Isabella,"Chippewa Township, Precinct 2",County Prosecuting Attorney,,REP,Mark Kowalczyk,137
Isabella,"Chippewa Township, Precinct 2",County Prosecuting Attorney,,REP,Write-In,1
Isabella,"Chippewa Township, Precinct 2",County Sheriff,,REP,Michael Main,143
Isabella,"Chippewa Township, Precinct 2",County Sheriff,,REP,Write-In,2
Isabella,"Chippewa Township, Precinct 2",County Clerk,,REP,Minde B. Lux,137
Isabella,"Chippewa Township, Precinct 2",County Clerk,,REP,Write-In,2
Isabella,"Chippewa Township, Precinct 2",County Treasurer,,REP,Kathleen M. Schafer,136
Isabella,"Chippewa Township, Precinct 2",County Treasurer,,REP,Write-In,0
Isabella,"Chippewa Township, Precinct 2",County Register of Deeds,,REP,Karen R. Jackson,135
Isabella,"Chippewa Township, Precinct 2",County Register of Deeds,,REP,Write-In,1
Isabella,"Chippewa Township, Precinct 2",County Road Commissioner,,REP,Kelly D. Beltinck,84
Isabella,"Chippewa Township, Precinct 2",County Road Commissioner,,REP,John M. Graham,69
Isabella,"Chippewa Township, Precinct 2",County Road Commissioner,,REP,Patrick J. Recker,76
Isabella,"Chippewa Township, Precinct 2",County Road Commissioner,,REP,Write-In,0
Isabella,"Chippewa Township, Precinct 2",County Drain Commissioner,,REP,Robert J. Willoughby,136
Isabella,"Chippewa Township, Precinct 2",County Drain Commissioner,,REP,Write-In,0
Isabella,"Chippewa Township, Precinct 2",County Commissioner 3rd District,,REP,Jerry Jaloszynski,130
Isabella,"Chippewa Township, Precinct 2",County Commissioner 3rd District,,REP,Write-In,1
Isabella,"Chippewa Township, Precinct 2",Chippewa Township Supervisor,,REP,Donald Lowery,126
Isabella,"Chippewa Township, Precinct 2",Chippewa Township Supervisor,,REP,Write-In,3
Isabella,"Chippewa Township, Precinct 2",Chippewa Township Clerk,,REP,Write-In,20
Isabella,"Chippewa Township, Precinct 2",Chippewa Township Treasurer,,REP,Kathy J. VanderKolk,130
Isabella,"Chippewa Township, Precinct 2",Chippewa Township Treasurer,,REP,Write-In,2
Isabella,"Chippewa Township, Precinct 2",Chippewa Township Trustee,,REP,Kurt Fisher,113
Isabella,"Chippewa Township, Precinct 2",Chippewa Township Trustee,,REP,Robert J. Wetherbee,97
Isabella,"Chippewa Township, Precinct 2",Chippewa Township Trustee,,REP,Write-In,2
Isabella,"Chippewa Township, Precinct 2","Chippewa Township, Precinct 2 Delegate to County Convention",,REP,Write-In,18
Isabella,"Chippewa Township, Precinct 2",Isabella County Renewal of Fixed Operational Millage,,,Yes,147
Isabella,"Chippewa Township, Precinct 2",Isabella County Renewal of Fixed Operational Millage,,,No,149
Isabella,"Chippewa Township, Precinct 2",Isabella County Parks and Recreation Millage Renewal Proposal,,,Yes,146
Isabella,"Chippewa Township, Precinct 2",Isabella County Parks and Recreation Millage Renewal Proposal,,,No,153
Isabella,"Chippewa Township, Precinct 2",Isabella County Transportation Commission (I-RIDE) Millage Renewal Proposal,,,Yes,143
Isabella,"Chippewa Township, Precinct 2",Isabella County Transportation Commission (I-RIDE) Millage Renewal Proposal,,,No,162
Isabella,"Chippewa Township, Precinct 2",Shepherd Public Schools Bond Proposal,,,Yes,66
Isabella,"Chippewa Township, Precinct 2",Shepherd Public Schools Bond Proposal,,,No,116
Isabella,"Coe Township, Precinct 1",U.S. Senate,,DEM,Hill Harper,56
Isabella,"Coe Township, Precinct 1",U.S. Senate,,DEM,Elissa Slotkin,235
Isabella,"Coe Township, Precinct 1",U.S. Senate,,DEM,Write-In,0
Isabella,"Coe Township, Precinct 1",U.S. House,2,DEM,Michael Lynch,265
Isabella,"Coe Township, Precinct 1",U.S. House,2,DEM,Write-In,0
Isabella,"Coe Township, Precinct 1",State House,92,DEM,Timothy Odykirk,267
Isabella,"Coe Township, Precinct 1",State House,92,DEM,Write-In,1
Isabella,"Coe Township, Precinct 1",County Prosecuting Attorney,,DEM,Write-In,29
Isabella,"Coe Township, Precinct 1",County Sheriff,,DEM,Write-In,28
Isabella,"Coe Township, Precinct 1",County Clerk,,DEM,Patti Sandel,279
Isabella,"Coe Township, Precinct 1",County Clerk,,DEM,Write-In,0
Isabella,"Coe Township, Precinct 1",County Treasurer,,DEM,Write-In,30
Isabella,"Coe Township, Precinct 1",County Register of Deeds,,DEM,Write-In,29
Isabella,"Coe Township, Precinct 1",County Road Commissioner,,DEM,Bob Busch,265
Isabella,"Coe Township, Precinct 1",County Road Commissioner,,DEM,Write-In,1
Isabella,"Coe Township, Precinct 1",County Drain Commissioner,,DEM,Ryon Skalitzky,259
Isabella,"Coe Township, Precinct 1",County Drain Commissioner,,DEM,Write-In,0
Isabella,"Coe Township, Precinct 1",County Commissioner 3rd District,,DEM,Write-In,24
Isabella,"Coe Township, Precinct 1",Coe Township Supervisor,,DEM,Write-In,26
Isabella,"Coe Township, Precinct 1",Coe Township Clerk,,DEM,Write-In,26
Isabella,"Coe Township, Precinct 1",Coe Township Treasurer,,DEM,Write-In,26
Isabella,"Coe Township, Precinct 1",Coe Township Trustee,,DEM,Write-In,30
Isabella,"Coe Township, Precinct 1","Coe Township, Precinct 1 Delegate to County Convention",,DEM,Write-In,41
Isabella,"Coe Township, Precinct 1",U.S. Senate,,REP,Justin Amash,44
Isabella,"Coe Township, Precinct 1",U.S. Senate,,REP,Sherry O'Donnell,53
Isabella,"Coe Township, Precinct 1",U.S. Senate,,REP,Sandy Pensler,47
Isabella,"Coe Township, Precinct 1",U.S. Senate,,REP,Mike Rogers,340
Isabella,"Coe Township, Precinct 1",U.S. Senate,,REP,Write-In,1
Isabella,"Coe Township, Precinct 1",U.S. House,2,REP,John R. Moolenaar,488
Isabella,"Coe Township, Precinct 1",U.S. House,2,REP,Write-In,2
Isabella,"Coe Township, Precinct 1",State House,92,REP,Jerry Neyer,490
Isabella,"Coe Township, Precinct 1",State House,92,REP,Write-In,3
Isabella,"Coe Township, Precinct 1",County Prosecuting Attorney,,REP,Mark Kowalczyk,453
Isabella,"Coe Township, Precinct 1",County Prosecuting Attorney,,REP,Write-In,1
Isabella,"Coe Township, Precinct 1",County Sheriff,,REP,Michael Main,489
Isabella,"Coe Township, Precinct 1",County Sheriff,,REP,Write-In,5
Isabella,"Coe Township, Precinct 1",County Clerk,,REP,Minde B. Lux,436
Isabella,"Coe Township, Precinct 1",County Clerk,,REP,Write-In,5
Isabella,"Coe Township, Precinct 1",County Treasurer,,REP,Kathleen M. Schafer,448
Isabella,"Coe Township, Precinct 1",County Treasurer,,REP,Write-In,3
Isabella,"Coe Township, Precinct 1",County Register of Deeds,,REP,Karen R. Jackson,443
Isabella,"Coe Township, Precinct 1",County Register of Deeds,,REP,Write-In,2
Isabella,"Coe Township, Precinct 1",County Road Commissioner,,REP,Kelly D. Beltinck,280
Isabella,"Coe Township, Precinct 1",County Road Commissioner,,REP,John M. Graham,202
Isabella,"Coe Township, Precinct 1",County Road Commissioner,,REP,Patrick J. Recker,274
Isabella,"Coe Township, Precinct 1",County Road Commissioner,,REP,Write-In,1
Isabella,"Coe Township, Precinct 1",County Drain Commissioner,,REP,Robert J. Willoughby,470
Isabella,"Coe Township, Precinct 1",County Drain Commissioner,,REP,Write-In,1
Isabella,"Coe Township, Precinct 1",County Commissioner 3rd District,,REP,Jerry Jaloszynski,461
Isabella,"Coe Township, Precinct 1",County Commissioner 3rd District,,REP,Write-In,4
Isabella,"Coe Township, Precinct 1",Coe Township Supervisor,,REP,Steve Davidson,235
Isabella,"Coe Township, Precinct 1",Coe Township Supervisor,,REP,Mary Kay Maas,300
Isabella,"Coe Township, Precinct 1",Coe Township Supervisor,,REP,Write-In,3
Isabella,"Coe Township, Precinct 1",Coe Township Clerk,,REP,Write-In,21
Isabella,"Coe Township, Precinct 1",Coe Township Treasurer,,REP,Teresa Meyer,436
Isabella,"Coe Township, Precinct 1",Coe Township Treasurer,,REP,Write-In,5
Isabella,"Coe Township, Precinct 1",Coe Township Trustee,,REP,Dana Tomaski,297
Isabella,"Coe Township, Precinct 1",Coe Township Trustee,,REP,Joan Whitmore,372
Isabella,"Coe Township, Precinct 1",Coe Township Trustee,,REP,Write-In,6
Isabella,"Coe Township, Precinct 1","Coe Township, Precinct 1 Delegate to County Convention",,REP,Write-In,21
Isabella,"Coe Township, Precinct 1",Isabella County Renewal of Fixed Operational Millage,,,Yes,489
Isabella,"Coe Township, Precinct 1",Isabella County Renewal of Fixed Operational Millage,,,No,365
Isabella,"Coe Township, Precinct 1",Isabella County Parks and Recreation Millage Renewal Proposal,,,Yes,461
Isabella,"Coe Township, Precinct 1",Isabella County Parks and Recreation Millage Renewal Proposal,,,No,406
Isabella,"Coe Township, Precinct 1",Isabella County Transportation Commission (I-RIDE) Millage Renewal Proposal,,,Yes,504
Isabella,"Coe Township, Precinct 1",Isabella County Transportation Commission (I-RIDE) Millage Renewal Proposal,,,No,367
Isabella,"Coe Township, Precinct 1",Shepherd Public Schools Bond Proposal,,,Yes,426
Isabella,"Coe Township, Precinct 1",Shepherd Public Schools Bond Proposal,,,No,393
Isabella,"Coldwater Township, Precinct 1",U.S. Senate,,DEM,Hill Harper,8
Isabella,"Coldwater Township, Precinct 1",U.S. Senate,,DEM,Elissa Slotkin,31
Isabella,"Coldwater Township, Precinct 1",U.S. Senate,,DEM,Write-In,1
Isabella,"Coldwater Township, Precinct 1",U.S. House,2,DEM,Michael Lynch,34
Isabella,"Coldwater Township, Precinct 1",U.S. House,2,DEM,Write-In,1
Isabella,"Coldwater Township, Precinct 1",State House,92,DEM,Timothy Odykirk,33
Isabella,"Coldwater Township, Precinct 1",State House,92,DEM,Write-In,1
Isabella,"Coldwater Township, Precinct 1",County Prosecuting Attorney,,DEM,Write-In,5
Isabella,"Coldwater Township, Precinct 1",County Sheriff,,DEM,Write-In,3
Isabella,"Coldwater Township, Precinct 1",County Clerk,,DEM,Patti Sandel,35
Isabella,"Coldwater Township, Precinct 1",County Clerk,,DEM,Write-In,0
Isabella,"Coldwater Township, Precinct 1",County Treasurer,,DEM,Write-In,2
Isabella,"Coldwater Township, Precinct 1",County Register of Deeds,,DEM,Write-In,3
Isabella,"Coldwater Township, Precinct 1",County Road Commissioner,,DEM,Bob Busch,36
Isabella,"Coldwater Township, Precinct 1",County Road Commissioner,,DEM,Write-In,0
Isabella,"Coldwater Township, Precinct 1",County Drain Commissioner,,DEM,Ryon Skalitzky,33
Isabella,"Coldwater Township, Precinct 1",County Drain Commissioner,,DEM,Write-In,1
Isabella,"Coldwater Township, Precinct 1",County Commissioner 2nd District,,DEM,Write-In,4
Isabella,"Coldwater Township, Precinct 1",Coldwater Township Supervisor,,DEM,Michael Hartzler,27
Isabella,"Coldwater Township, Precinct 1",Coldwater Township Supervisor,,DEM,Write-In,1
Isabella,"Coldwater Township, Precinct 1",Coldwater Township Clerk,,DEM,Write-In,2
Isabella,"Coldwater Township, Precinct 1",Coldwater Township Treasurer,,DEM,Write-In,2
Isabella,"Coldwater Township, Precinct 1",Coldwater Township Trustee,,DEM,Write-In,2
Isabella,"Coldwater Township, Precinct 1","Coldwater Township, Precinct 1 Delegate to County Convention",,DEM,Write-In,2
Isabella,"Coldwater Township, Precinct 1",U.S. Senate,,REP,Justin Amash,16
Isabella,"Coldwater Township, Precinct 1",U.S. Senate,,REP,Sherry O'Donnell,7
Isabella,"Coldwater Township, Precinct 1",U.S. Senate,,REP,Sandy Pensler,3
Isabella,"Coldwater Township, Precinct 1",U.S. Senate,,REP,Mike Rogers,84
Isabella,"Coldwater Township, Precinct 1",U.S. Senate,,REP,Write-In,0
Isabella,"Coldwater Township, Precinct 1",U.S. House,2,REP,John R. Moolenaar,109
Isabella,"Coldwater Township, Precinct 1",U.S. House,2,REP,Write-In,0
Isabella,"Coldwater Township, Precinct 1",State House,92,REP,Jerry Neyer,112
Isabella,"Coldwater Township, Precinct 1",State House,92,REP,Write-In,0
Isabella,"Coldwater Township, Precinct 1",County Prosecuting Attorney,,REP,Mark Kowalczyk,104
Isabella,"Coldwater Township, Precinct 1",County Prosecuting Attorney,,REP,Write-In,2
Isabella,"Coldwater Township, Precinct 1",County Sheriff,,REP,Michael Main,106
Isabella,"Coldwater Township, Precinct 1",County Sheriff,,REP,Write-In,2
Isabella,"Coldwater Township, Precinct 1",County Clerk,,REP,Minde B. Lux,108
Isabella,"Coldwater Township, Precinct 1",County Clerk,,REP,Write-In,3
Isabella,"Coldwater Township, Precinct 1",County Treasurer,,REP,Kathleen M. Schafer,106
Isabella,"Coldwater Township, Precinct 1",County Treasurer,,REP,Write-In,1
Isabella,"Coldwater Township, Precinct 1",County Register of Deeds,,REP,Karen R. Jackson,103
Isabella,"Coldwater Township, Precinct 1",County Register of Deeds,,REP,Write-In,1
Isabella,"Coldwater Township, Precinct 1",County Road Commissioner,,REP,Kelly D. Beltinck,42
Isabella,"Coldwater Township, Precinct 1",County Road Commissioner,,REP,John M. Graham,57
Isabella,"Coldwater Township, Precinct 1",County Road Commissioner,,REP,Patrick J. Recker,81
Isabella,"Coldwater Township, Precinct 1",County Road Commissioner,,REP,Write-In,0
Isabella,"Coldwater Township, Precinct 1",County Drain Commissioner,,REP,Robert J. Willoughby,100
Isabella,"Coldwater Township, Precinct 1",County Drain Commissioner,,REP,Write-In,0
Isabella,"Coldwater Township, Precinct 1",County Commissioner 2nd District,,REP,Bob Campbell,44
Isabella,"Coldwater Township, Precinct 1",County Commissioner 2nd District,,REP,Christopher L. Embrey,57
Isabella,"Coldwater Township, Precinct 1",County Commissioner 2nd District,,REP,Write-In,0
Isabella,"Coldwater Township, Precinct 1",Coldwater Township Supervisor,,REP,Write-In,8
Isabella,"Coldwater Township, Precinct 1",Coldwater Township Clerk,,REP,Corrine M. Tipton,90
Isabella,"Coldwater Township, Precinct 1",Coldwater Township Clerk,,REP,Write-In,0
Isabella,"Coldwater Township, Precinct 1",Coldwater Township Treasurer,,REP,Chris Wyman,95
Isabella,"Coldwater Township, Precinct 1",Coldwater Township Treasurer,,REP,Write-In,0
Isabella,"Coldwater Township, Precinct 1",Coldwater Township Trustee,,REP,Jason A. Barker,54
Isabella,"Coldwater Township, Precinct 1",Coldwater Township Trustee,,REP,Randy Hall,72
Isabella,"Coldwater Township, Precinct 1",Coldwater Township Trustee,,REP,Catina Metcalf,34
Isabella,"Coldwater Township, Precinct 1",Coldwater Township Trustee,,REP,Write-In,0
Isabella,"Coldwater Township, Precinct 1","Coldwater Township, Precinct 1 Delegate to County Convention",,REP,Write-In,6
Isabella,"Coldwater Township, Precinct 1",Isabella County Renewal of Fixed Operational Millage,,,Yes,69
Isabella,"Coldwater Township, Precinct 1",Isabella County Renewal of Fixed Operational Millage,,,No,104
Isabella,"Coldwater Township, Precinct 1",Isabella County Parks and Recreation Millage Renewal Proposal,,,Yes,61
Isabella,"Coldwater Township, Precinct 1",Isabella County Parks and Recreation Millage Renewal Proposal,,,No,113
Isabella,"Coldwater Township, Precinct 1",Isabella County Transportation Commission (I-RIDE) Millage Renewal Proposal,,,Yes,70
Isabella,"Coldwater Township, Precinct 1",Isabella County Transportation Commission (I-RIDE) Millage Renewal Proposal,,,No,105
Isabella,"Coldwater Township, Precinct 1",Coldwater Township Renewal Fire Protection Proposal,,,Yes,114
Isabella,"Coldwater Township, Precinct 1",Coldwater Township Renewal Fire Protection Proposal,,,No,59
Isabella,"Deerfield Township, Precinct 1",U.S. Senate,,DEM,Hill Harper,36
Isabella,"Deerfield Township, Precinct 1",U.S. Senate,,DEM,Elissa Slotkin,225
Isabella,"Deerfield Township, Precinct 1",U.S. Senate,,DEM,Write-In,1
Isabella,"Deerfield Township, Precinct 1",U.S. House,2,DEM,Michael Lynch,244
Isabella,"Deerfield Township, Precinct 1",U.S. House,2,DEM,Write-In,0
Isabella,"Deerfield Township, Precinct 1",State House,92,DEM,Timothy Odykirk,248
Isabella,"Deerfield Township, Precinct 1",State House,92,DEM,Write-In,0
Isabella,"Deerfield Township, Precinct 1",County Prosecuting Attorney,,DEM,Write-In,19
Isabella,"Deerfield Township, Precinct 1",County Sheriff,,DEM,Write-In,20
Isabella,"Deerfield Township, Precinct 1",County Clerk,,DEM,Patti Sandel,206
Isabella,"Deerfield Township, Precinct 1",County Clerk,,DEM,Write-In,0
Isabella,"Deerfield Township, Precinct 1",County Treasurer,,DEM,Write-In,17
Isabella,"Deerfield Township, Precinct 1",County Register of Deeds,,DEM,Write-In,18
Isabella,"Deerfield Township, Precinct 1",County Road Commissioner,,DEM,Bob Busch,228
Isabella,"Deerfield Township, Precinct 1",County Road Commissioner,,DEM,Write-In,1
Isabella,"Deerfield Township, Precinct 1",County Drain Commissioner,,DEM,Ryon Skalitzky,231
Isabella,"Deerfield Township, Precinct 1",County Drain Commissioner,,DEM,Write-In,0
Isabella,"Deerfield Township, Precinct 1",County Commissioner 4th District,,DEM,John D. Hayes,229
Isabella,"Deerfield Township, Precinct 1",County Commissioner 4th District,,DEM,Write-In,1
Isabella,"Deerfield Township, Precinct 1",Deerfield Township Supervisor,,DEM,Write-In,20
Isabella,"Deerfield Township, Precinct 1",Deerfield Township Clerk,,DEM,Write-In,19
Isabella,"Deerfield Township, Precinct 1",Deerfield Township Treasurer,,DEM,Write-In,18
Isabella,"Deerfield Township, Precinct 1",Deerfield Township Trustee,,DEM,Write-In,21
Isabella,"Deerfield Township, Precinct 1",Deerfield Township Constable,,DEM,Write-In,16
Isabella,"Deerfield Township, Precinct 1","Deerfield Township, Precinct 1 Delegate to County Convention",,DEM,Write-In,31
Isabella,"Deerfield Township, Precinct 1",U.S. Senate,,REP,Justin Amash,47
Isabella,"Deerfield Township, Precinct 1",U.S. Senate,,REP,Sherry O'Donnell,30
Isabella,"Deerfield Township, Precinct 1",U.S. Senate,,REP,Sandy Pensler,26
Isabella,"Deerfield Township, Precinct 1",U.S. Senate,,REP,Mike Rogers,238
Isabella,"Deerfield Township, Precinct 1",U.S. Senate,,REP,Write-In,1
Isabella,"Deerfield Township, Precinct 1",U.S. House,2,REP,John R. Moolenaar,322
Isabella,"Deerfield Township, Precinct 1",U.S. House,2,REP,Write-In,4
Isabella,"Deerfield Township, Precinct 1",State House,92,REP,Jerry Neyer,331
Isabella,"Deerfield Township, Precinct 1",State House,92,REP,Write-In,1
Isabella,"Deerfield Township, Precinct 1",County Prosecuting Attorney,,REP,Mark Kowalczyk,310
Isabella,"Deerfield Township, Precinct 1",County Prosecuting Attorney,,REP,Write-In,2
Isabella,"Deerfield Township, Precinct 1",County Sheriff,,REP,Michael Main,314
Isabella,"Deerfield Township, Precinct 1",County Sheriff,,REP,Write-In,3
Isabella,"Deerfield Township, Precinct 1",County Clerk,,REP,Minde B. Lux,305
Isabella,"Deerfield Township, Precinct 1",County Clerk,,REP,Write-In,6
Isabella,"Deerfield Township, Precinct 1",County Treasurer,,REP,Kathleen M. Schafer,310
Isabella,"Deerfield Township, Precinct 1",County Treasurer,,REP,Write-In,1
Isabella,"Deerfield Township, Precinct 1",County Register of Deeds,,REP,Karen R. Jackson,299
Isabella,"Deerfield Township, Precinct 1",County Register of Deeds,,REP,Write-In,1
Isabella,"Deerfield Township, Precinct 1",County Road Commissioner,,REP,Kelly D. Beltinck,206
Isabella,"Deerfield Township, Precinct 1",County Road Commissioner,,REP,John M. Graham,185
Isabella,"Deerfield Township, Precinct 1",County Road Commissioner,,REP,Patrick J. Recker,148
Isabella,"Deerfield Township, Precinct 1",County Road Commissioner,,REP,Write-In,1
Isabella,"Deerfield Township, Precinct 1",County Drain Commissioner,,REP,Robert J. Willoughby,298
Isabella,"Deerfield Township, Precinct 1",County Drain Commissioner,,REP,Write-In,5
Isabella,"Deerfield Township, Precinct 1",County Commissioner 4th District,,REP,Frank Engler,183
Isabella,"Deerfield Township, Precinct 1",County Commissioner 4th District,,REP,Brent Fisher,152
Isabella,"Deerfield Township, Precinct 1",County Commissioner 4th District,,REP,Write-In,2
Isabella,"Deerfield Township, Precinct 1",Deerfield Township Supervisor,,REP,Timothy F. Murphy,291
Isabella,"Deerfield Township, Precinct 1",Deerfield Township Supervisor,,REP,Write-In,0
Isabella,"Deerfield Township, Precinct 1",Deerfield Township Clerk,,REP,Walter M. Nelson,291
Isabella,"Deerfield Township, Precinct 1",Deerfield Township Clerk,,REP,Write-In,1
Isabella,"Deerfield Township, Precinct 1",Deerfield Township Treasurer,,REP,Connie Lynch,299
Isabella,"Deerfield Township, Precinct 1",Deerfield Township Treasurer,,REP,Write-In,3
Isabella,"Deerfield Township, Precinct 1",Deerfield Township Trustee,,REP,Alan Johns,256
Isabella,"Deerfield Township, Precinct 1",Deerfield Township Trustee,,REP,Randall R. Martin,213
Isabella,"Deerfield Township, Precinct 1",Deerfield Township Trustee,,REP,Write-In,2
Isabella,"Deerfield Township, Precinct 1",Deerfield Township Constable,,REP,Write-In,12
Isabella,"Deerfield Township, Precinct 1","Deerfield Township, Precinct 1 Delegate to County Convention",,REP,Julie M. Recker,269
Isabella,"Deerfield Township, Precinct 1","Deerfield Township, Precinct 1 Delegate to County Convention",,REP,Write-In,2
Isabella,"Deerfield Township, Precinct 1",Isabella County Renewal of Fixed Operational Millage,,,Yes,378
Isabella,"Deerfield Township, Precinct 1",Isabella County Renewal of Fixed Operational Millage,,,No,285
Isabella,"Deerfield Township, Precinct 1",Isabella County Parks and Recreation Millage Renewal Proposal,,,Yes,387
Isabella,"Deerfield Township, Precinct 1",Isabella County Parks and Recreation Millage Renewal Proposal,,,No,287
Isabella,"Deerfield Township, Precinct 1",Isabella County Transportation Commission (I-RIDE) Millage Renewal Proposal,,,Yes,395
Isabella,"Deerfield Township, Precinct 1",Isabella County Transportation Commission (I-RIDE) Millage Renewal Proposal,,,No,277
Isabella,"Deerfield Township, Precinct 1",Deerfield Township Renew and Increase Extra-Voted Millage to Offset Headlee Rollbacks,,,Yes,350
Isabella,"Deerfield Township, Precinct 1",Deerfield Township Renew and Increase Extra-Voted Millage to Offset Headlee Rollbacks,,,No,314
Isabella,"Deerfield Township, Precinct 1",I. Montabella Community Schools Operating Millage Proposal,,,Yes,30
Isabella,"Deerfield Township, Precinct 1",I. Montabella Community Schools Operating Millage Proposal,,,No,41
Isabella,"Deerfield Township, Precinct 1",II. Montabella Community Schools Sinking Fund Millage Proposal,,,Yes,29
Isabella,"Deerfield Township, Precinct 1",II. Montabella Community Schools Sinking Fund Millage Proposal,,,No,43
Isabella,"Deerfield Township, Precinct 1",Shepherd Public Schools Bond Proposal,,,Yes,
Isabella,"Deerfield Township, Precinct 1",Shepherd Public Schools Bond Proposal,,,No,
Isabella,"Deerfield Township, Precinct 1",Montcalm Area Intermediate School District Bond Proposal,,,Yes,25
Isabella,"Deerfield Township, Precinct 1",Montcalm Area Intermediate School District Bond Proposal,,,No,47
Isabella,"Deerfield Township, Precinct 2",U.S. Senate,,DEM,Hill Harper,12
Isabella,"Deerfield Township, Precinct 2",U.S. Senate,,DEM,Elissa Slotkin,80
Isabella,"Deerfield Township, Precinct 2",U.S. Senate,,DEM,Write-In,0
Isabella,"Deerfield Township, Precinct 2",U.S. House,2,DEM,Michael Lynch,92
Isabella,"Deerfield Township, Precinct 2",U.S. House,2,DEM,Write-In,0
Isabella,"Deerfield Township, Precinct 2",State House,92,DEM,Timothy Odykirk,90
Isabella,"Deerfield Township, Precinct 2",State House,92,DEM,Write-In,0
Isabella,"Deerfield Township, Precinct 2",County Prosecuting Attorney,,DEM,Write-In,9
Isabella,"Deerfield Township, Precinct 2",County Sheriff,,DEM,Write-In,8
Isabella,"Deerfield Township, Precinct 2",County Clerk,,DEM,Patti Sandel,76
Isabella,"Deerfield Township, Precinct 2",County Clerk,,DEM,Write-In,1
Isabella,"Deerfield Township, Precinct 2",County Treasurer,,DEM,Write-In,8
Isabella,"Deerfield Township, Precinct 2",County Register of Deeds,,DEM,Write-In,8
Isabella,"Deerfield Township, Precinct 2",County Road Commissioner,,DEM,Bob Busch,83
Isabella,"Deerfield Township, Precinct 2",County Road Commissioner,,DEM,Write-In,1
Isabella,"Deerfield Township, Precinct 2",County Drain Commissioner,,DEM,Ryon Skalitzky,85
Isabella,"Deerfield Township, Precinct 2",County Drain Commissioner,,DEM,Write-In,1
Isabella,"Deerfield Township, Precinct 2",County Commissioner 4th District,,DEM,John D. Hayes,84
Isabella,"Deerfield Township, Precinct 2",County Commissioner 4th District,,DEM,Write-In,0
Isabella,"Deerfield Township, Precinct 2",Deerfield Township Supervisor,,DEM,Write-In,7
Isabella,"Deerfield Township, Precinct 2",Deerfield Township Clerk,,DEM,Write-In,7
Isabella,"Deerfield Township, Precinct 2",Deerfield Township Treasurer,,DEM,Write-In,7
Isabella,"Deerfield Township, Precinct 2",Deerfield Township Trustee,,DEM,Write-In,12
Isabella,"Deerfield Township, Precinct 2",Deerfield Township Constable,,DEM,Write-In,7
Isabella,"Deerfield Township, Precinct 2","Deerfield Township, Precinct 2 Delegate to County Convention",,DEM,Write-In,7
Isabella,"Deerfield Township, Precinct 2",U.S. Senate,,REP,Justin Amash,15
Isabella,"Deerfield Township, Precinct 2",U.S. Senate,,REP,Sherry O'Donnell,27
Isabella,"Deerfield Township, Precinct 2",U.S. Senate,,REP,Sandy Pensler,25
Isabella,"Deerfield Township, Precinct 2",U.S. Senate,,REP,Mike Rogers,141
Isabella,"Deerfield Township, Precinct 2",U.S. Senate,,REP,Write-In,1
Isabella,"Deerfield Township, Precinct 2",U.S. House,2,REP,John R. Moolenaar,214
Isabella,"Deerfield Township, Precinct 2",U.S. House,2,REP,Write-In,0
Isabella,"Deerfield Township, Precinct 2",State House,92,REP,Jerry Neyer,222
Isabella,"Deerfield Township, Precinct 2",State House,92,REP,Write-In,0
Isabella,"Deerfield Township, Precinct 2",County Prosecuting Attorney,,REP,Mark Kowalczyk,205
Isabella,"Deerfield Township, Precinct 2",County Prosecuting Attorney,,REP,Write-In,0
Isabella,"Deerfield Township, Precinct 2",County Sheriff,,REP,Michael Main,216
Isabella,"Deerfield Township, Precinct 2",County Sheriff,,REP,Write-In,2
Isabella,"Deerfield Township, Precinct 2",County Clerk,,REP,Minde B. Lux,207
Isabella,"Deerfield Township, Precinct 2",County Clerk,,REP,Write-In,0
Isabella,"Deerfield Township, Precinct 2",County Treasurer,,REP,Kathleen M. Schafer,214
Isabella,"Deerfield Township, Precinct 2",County Treasurer,,REP,Write-In,1
Isabella,"Deerfield Township, Precinct 2",County Register of Deeds,,REP,Karen R. Jackson,207
Isabella,"Deerfield Township, Precinct 2",County Register of Deeds,,REP,Write-In,0
Isabella,"Deerfield Township, Precinct 2",County Road Commissioner,,REP,Kelly D. Beltinck,138
Isabella,"Deerfield Township, Precinct 2",County Road Commissioner,,REP,John M. Graham,137
Isabella,"Deerfield Township, Precinct 2",County Road Commissioner,,REP,Patrick J. Recker,103
Isabella,"Deerfield Township, Precinct 2",County Road Commissioner,,REP,Write-In,1
Isabella,"Deerfield Township, Precinct 2",County Drain Commissioner,,REP,Robert J. Willoughby,203
Isabella,"Deerfield Township, Precinct 2",County Drain Commissioner,,REP,Write-In,1
Isabella,"Deerfield Township, Precinct 2",County Commissioner 4th District,,REP,Frank Engler,146
Isabella,"Deerfield Township, Precinct 2",County Commissioner 4th District,,REP,Brent Fisher,87
Isabella,"Deerfield Township, Precinct 2",County Commissioner 4th District,,REP,Write-In,0
Isabella,"Deerfield Township, Precinct 2",Deerfield Township Supervisor,,REP,Timothy F. Murphy,203
Isabella,"Deerfield Township, Precinct 2",Deerfield Township Supervisor,,REP,Write-In,1
Isabella,"Deerfield Township, Precinct 2",Deerfield Township Clerk,,REP,Walter M. Nelson,200
Isabella,"Deerfield Township, Precinct 2",Deerfield Township Clerk,,REP,Write-In,1
Isabella,"Deerfield Township, Precinct 2",Deerfield Township Treasurer,,REP,Connie Lynch,209
Isabella,"Deerfield Township, Precinct 2",Deerfield Township Treasurer,,REP,Write-In,2
Isabella,"Deerfield Township, Precinct 2",Deerfield Township Trustee,,REP,Alan Johns,167
Isabella,"Deerfield Township, Precinct 2",Deerfield Township Trustee,,REP,Randall R. Martin,166
Isabella,"Deerfield Township, Precinct 2",Deerfield Township Trustee,,REP,Write-In,0
Isabella,"Deerfield Township, Precinct 2",Deerfield Township Constable,,REP,Write-In,4
Isabella,"Deerfield Township, Precinct 2","Deerfield Township, Precinct 2 Delegate to County Convention",,REP,John Bland,134
Isabella,"Deerfield Township, Precinct 2","Deerfield Township, Precinct 2 Delegate to County Convention",,REP,Mary Boge,113
Isabella,"Deerfield Township, Precinct 2","Deerfield Township, Precinct 2 Delegate to County Convention",,REP,Brent Fisher,133
Isabella,"Deerfield Township, Precinct 2","Deerfield Township, Precinct 2 Delegate to County Convention",,REP,Stacie Pratt,108
Isabella,"Deerfield Township, Precinct 2","Deerfield Township, Precinct 2 Delegate to County Convention",,REP,Write-In,0
Isabella,"Deerfield Township, Precinct 2",Isabella County Renewal of Fixed Operational Millage,,,Yes,180
Isabella,"Deerfield Township, Precinct 2",Isabella County Renewal of Fixed Operational Millage,,,No,163
Isabella,"Deerfield Township, Precinct 2",Isabella County Parks and Recreation Millage Renewal Proposal,,,Yes,188
Isabella,"Deerfield Township, Precinct 2",Isabella County Parks and Recreation Millage Renewal Proposal,,,No,155
Isabella,"Deerfield Township, Precinct 2",Isabella County Transportation Commission (I-RIDE) Millage Renewal Proposal,,,Yes,174
Isabella,"Deerfield Township, Precinct 2",Isabella County Transportation Commission (I-RIDE) Millage Renewal Proposal,,,No,171
Isabella,"Deerfield Township, Precinct 2",Deerfield Township Renew and Increase Extra-Voted Millage to Offset Headlee Rollbacks,,,Yes,173
Isabella,"Deerfield Township, Precinct 2",Deerfield Township Renew and Increase Extra-Voted Millage to Offset Headlee Rollbacks,,,No,168
Isabella,"Denver Township, Precinct 1",U.S. Senate,,DEM,Hill Harper,11
Isabella,"Denver Township, Precinct 1",U.S. Senate,,DEM,Elissa Slotkin,53
Isabella,"Denver Township, Precinct 1",U.S. Senate,,DEM,Write-In,1
Isabella,"Denver Township, Precinct 1",U.S. House,2,DEM,Michael Lynch,55
Isabella,"Denver Township, Precinct 1",U.S. House,2,DEM,Write-In,1
Isabella,"Denver Township, Precinct 1",State House,92,DEM,Timothy Odykirk,55
Isabella,"Denver Township, Precinct 1",State House,92,DEM,Write-In,1
Isabella,"Denver Township, Precinct 1",County Prosecuting Attorney,,DEM,Write-In,12
Isabella,"Denver Township, Precinct 1",County Sheriff,,DEM,Write-In,11
Isabella,"Denver Township, Precinct 1",County Clerk,,DEM,Patti Sandel,59
Isabella,"Denver Township, Precinct 1",County Clerk,,DEM,Write-In,0
Isabella,"Denver Township, Precinct 1",County Treasurer,,DEM,Write-In,10
Isabella,"Denver Township, Precinct 1",County Register of Deeds,,DEM,Write-In,8
Isabella,"Denver Township, Precinct 1",County Road Commissioner,,DEM,Bob Busch,53
Isabella,"Denver Township, Precinct 1",County Road Commissioner,,DEM,Write-In,0
Isabella,"Denver Township, Precinct 1",County Drain Commissioner,,DEM,Ryon Skalitzky,54
Isabella,"Denver Township, Precinct 1",County Drain Commissioner,,DEM,Write-In,0
Isabella,"Denver Township, Precinct 1",County Commissioner 1st District,,DEM,Nicole S. Hagle,55
Isabella,"Denver Township, Precinct 1",County Commissioner 1st District,,DEM,Write-In,0
Isabella,"Denver Township, Precinct 1",Denver Township Supervisor,,DEM,Write-In,10
Isabella,"Denver Township, Precinct 1",Denver Township Clerk,,DEM,Write-In,9
Isabella,"Denver Township, Precinct 1",Denver Township Treasurer,,DEM,Monica Kampf-Carroll,62
Isabella,"Denver Township, Precinct 1",Denver Township Treasurer,,DEM,Write-In,1
Isabella,"Denver Township, Precinct 1",Denver Township Trustee,,DEM,Jacqueline Edith Curtis,54
Isabella,"Denver Township, Precinct 1",Denver Township Trustee,,DEM,Write-In,0
Isabella,"Denver Township, Precinct 1","Denver Township, Precinct 1 Delegate to County Convention",,DEM,Write-In,8
Isabella,"Denver Township, Precinct 1",U.S. Senate,,REP,Justin Amash,12
Isabella,"Denver Township, Precinct 1",U.S. Senate,,REP,Sherry O'Donnell,8
Isabella,"Denver Township, Precinct 1",U.S. Senate,,REP,Sandy Pensler,11
Isabella,"Denver Township, Precinct 1",U.S. Senate,,REP,Mike Rogers,95
Isabella,"Denver Township, Precinct 1",U.S. Senate,,REP,Write-In,1
Isabella,"Denver Township, Precinct 1",U.S. House,2,REP,John R. Moolenaar,124
Isabella,"Denver Township, Precinct 1",U.S. House,2,REP,Write-In,0
Isabella,"Denver Township, Precinct 1",State House,92,REP,Jerry Neyer,126
Isabella,"Denver Township, Precinct 1",State House,92,REP,Write-In,0
Isabella,"Denver Township, Precinct 1",County Prosecuting Attorney,,REP,Mark Kowalczyk,120
Isabella,"Denver Township, Precinct 1",County Prosecuting Attorney,,REP,Write-In,1
Isabella,"Denver Township, Precinct 1",County Sheriff,,REP,Michael Main,122
Isabella,"Denver Township, Precinct 1",County Sheriff,,REP,Write-In,1
Isabella,"Denver Township, Precinct 1",County Clerk,,REP,Minde B. Lux,113
Isabella,"Denver Township, Precinct 1",County Clerk,,REP,Write-In,2
Isabella,"Denver Township, Precinct 1",County Treasurer,,REP,Kathleen M. Schafer,117
Isabella,"Denver Township, Precinct 1",County Treasurer,,REP,Write-In,2
Isabella,"Denver Township, Precinct 1",County Register of Deeds,,REP,Karen R. Jackson,115
Isabella,"Denver Township, Precinct 1",County Register of Deeds,,REP,Write-In,2
Isabella,"Denver Township, Precinct 1",County Road Commissioner,,REP,Kelly D. Beltinck,71
Isabella,"Denver Township, Precinct 1",County Road Commissioner,,REP,John M. Graham,66
Isabella,"Denver Township, Precinct 1",County Road Commissioner,,REP,Patrick J. Recker,68
Isabella,"Denver Township, Precinct 1",County Road Commissioner,,REP,Write-In,0
Isabella,"Denver Township, Precinct 1",County Drain Commissioner,,REP,Robert J. Willoughby,117
Isabella,"Denver Township, Precinct 1",County Drain Commissioner,,REP,Write-In,2
Isabella,"Denver Township, Precinct 1",County Commissioner 1st District,,REP,Terry Hutchinson,61
Isabella,"Denver Township, Precinct 1",County Commissioner 1st District,,REP,Steven G. Weber,68
Isabella,"Denver Township, Precinct 1",County Commissioner 1st District,,REP,Write-In,0
Isabella,"Denver Township, Precinct 1",Denver Township Supervisor,,REP,John J. Pedjac,116
Isabella,"Denver Township, Precinct 1",Denver Township Supervisor,,REP,Write-In,2
Isabella,"Denver Township, Precinct 1",Denver Township Clerk,,REP,Tammy L. Prout,120
Isabella,"Denver Township, Precinct 1",Denver Township Clerk,,REP,Write-In,1
Isabella,"Denver Township, Precinct 1",Denver Township Treasurer,,REP,Write-In,9
Isabella,"Denver Township, Precinct 1",Denver Township Trustee,,REP,Amy Vogel,116
Isabella,"Denver Township, Precinct 1",Denver Township Trustee,,REP,Write-In,0
Isabella,"Denver Township, Precinct 1","Denver Township, Precinct 1 Delegate to County Convention",,REP,John J. Pedjac,107
Isabella,"Denver Township, Precinct 1","Denver Township, Precinct 1 Delegate to County Convention",,REP,Jordan J. Pedjac,85
Isabella,"Denver Township, Precinct 1","Denver Township, Precinct 1 Delegate to County Convention",,REP,Write-In,1
Isabella,"Denver Township, Precinct 1",Isabella County Renewal of Fixed Operational Millage,,,Yes,89
Isabella,"Denver Township, Precinct 1",Isabella County Renewal of Fixed Operational Millage,,,No,138
Isabella,"Denver Township, Precinct 1",Isabella County Parks and Recreation Millage Renewal Proposal,,,Yes,96
Isabella,"Denver Township, Precinct 1",Isabella County Parks and Recreation Millage Renewal Proposal,,,No,133
Isabella,"Denver Township, Precinct 1",Isabella County Transportation Commission (I-RIDE) Millage Renewal Proposal,,,Yes,91
Isabella,"Denver Township, Precinct 1",Isabella County Transportation Commission (I-RIDE) Millage Renewal Proposal,,,No,139
Isabella,"Denver Township, Precinct 1",Shepherd Public Schools Bond Proposal,,,Yes,
Isabella,"Denver Township, Precinct 1",Shepherd Public Schools Bond Proposal,,,No,
Isabella,"Fremont Township, Precinct 1",U.S. Senate,,DEM,Hill Harper,13
Isabella,"Fremont Township, Precinct 1",U.S. Senate,,DEM,Elissa Slotkin,76
Isabella,"Fremont Township, Precinct 1",U.S. Senate,,DEM,Write-In,1
Isabella,"Fremont Township, Precinct 1",U.S. House,2,DEM,Michael Lynch,84
Isabella,"Fremont Township, Precinct 1",U.S. House,2,DEM,Write-In,0
Isabella,"Fremont Township, Precinct 1",State House,92,DEM,Timothy Odykirk,87
Isabella,"Fremont Township, Precinct 1",State House,92,DEM,Write-In,0
Isabella,"Fremont Township, Precinct 1",County Prosecuting Attorney,,DEM,Write-In,16
Isabella,"Fremont Township, Precinct 1",County Sheriff,,DEM,Write-In,14
Isabella,"Fremont Township, Precinct 1",County Clerk,,DEM,Patti Sandel,77
Isabella,"Fremont Township, Precinct 1",County Clerk,,DEM,Write-In,1
Isabella,"Fremont Township, Precinct 1",County Treasurer,,DEM,Write-In,12
Isabella,"Fremont Township, Precinct 1",County Register of Deeds,,DEM,Write-In,10
Isabella,"Fremont Township, Precinct 1",County Road Commissioner,,DEM,Bob Busch,80
Isabella,"Fremont Township, Precinct 1",County Road Commissioner,,DEM,Write-In,2
Isabella,"Fremont Township, Precinct 1",County Drain Commissioner,,DEM,Ryon Skalitzky,75
Isabella,"Fremont Township, Precinct 1",County Drain Commissioner,,DEM,Write-In,1
Isabella,"Fremont Township, Precinct 1",County Commissioner 2nd District,,DEM,Write-In,11
Isabella,"Fremont Township, Precinct 1",Fremont Township Supervisor,,DEM,Write-In,10
Isabella,"Fremont Township, Precinct 1",Fremont Township Clerk,,DEM,Write-In,10
Isabella,"Fremont Township, Precinct 1",Fremont Township Treasurer,,DEM,Write-In,9
Isabella,"Fremont Township, Precinct 1",Fremont Township Trustee,,DEM,Ruth Barrett,68
Isabella,"Fremont Township, Precinct 1",Fremont Township Trustee,,DEM,Write-In,4
Isabella,"Fremont Township, Precinct 1","Fremont Township, Precinct 1 Delegate to County Convention",,DEM,Write-In,5
Isabella,"Fremont Township, Precinct 1",U.S. Senate,,REP,Justin Amash,36
Isabella,"Fremont Township, Precinct 1",U.S. Senate,,REP,Sherry O'Donnell,21
Isabella,"Fremont Township, Precinct 1",U.S. Senate,,REP,Sandy Pensler,7
Isabella,"Fremont Township, Precinct 1",U.S. Senate,,REP,Mike Rogers,182
Isabella,"Fremont Township, Precinct 1",U.S. Senate,,REP,Write-In,2
Isabella,"Fremont Township, Precinct 1",U.S. House,2,REP,John R. Moolenaar,247
Isabella,"Fremont Township, Precinct 1",U.S. House,2,REP,Write-In,1
Isabella,"Fremont Township, Precinct 1",State House,92,REP,Jerry Neyer,248
Isabella,"Fremont Township, Precinct 1",State House,92,REP,Write-In,0
Isabella,"Fremont Township, Precinct 1",County Prosecuting Attorney,,REP,Mark Kowalczyk,229
Isabella,"Fremont Township, Precinct 1",County Prosecuting Attorney,,REP,Write-In,0
Isabella,"Fremont Township, Precinct 1",County Sheriff,,REP,Michael Main,249
Isabella,"Fremont Township, Precinct 1",County Sheriff,,REP,Write-In,0
Isabella,"Fremont Township, Precinct 1",County Clerk,,REP,Minde B. Lux,234
Isabella,"Fremont Township, Precinct 1",County Clerk,,REP,Write-In,0
Isabella,"Fremont Township, Precinct 1",County Treasurer,,REP,Kathleen M. Schafer,228
Isabella,"Fremont Township, Precinct 1",County Treasurer,,REP,Write-In,1
Isabella,"Fremont Township, Precinct 1",County Register of Deeds,,REP,Karen R. Jackson,225
Isabella,"Fremont Township, Precinct 1",County Register of Deeds,,REP,Write-In,1
Isabella,"Fremont Township, Precinct 1",County Road Commissioner,,REP,Kelly D. Beltinck,115
Isabella,"Fremont Township, Precinct 1",County Road Commissioner,,REP,John M. Graham,99
Isabella,"Fremont Township, Precinct 1",County Road Commissioner,,REP,Patrick J. Recker,175
Isabella,"Fremont Township, Precinct 1",County Road Commissioner,,REP,Write-In,0
Isabella,"Fremont Township, Precinct 1",County Drain Commissioner,,REP,Robert J. Willoughby,237
Isabella,"Fremont Township, Precinct 1",County Drain Commissioner,,REP,Write-In,1
Isabella,"Fremont Township, Precinct 1",County Commissioner 2nd District,,REP,Bob Campbell,160
Isabella,"Fremont Township, Precinct 1",County Commissioner 2nd District,,REP,Christopher L. Embrey,75
Isabella,"Fremont Township, Precinct 1",County Commissioner 2nd District,,REP,Write-In,1
Isabella,"Fremont Township, Precinct 1",Fremont Township Supervisor,,REP,Gerad Himebaugh,226
Isabella,"Fremont Township, Precinct 1",Fremont Township Supervisor,,REP,Write-In,2
Isabella,"Fremont Township, Precinct 1",Fremont Township Clerk,,REP,John Schimmelmann,229
Isabella,"Fremont Township, Precinct 1",Fremont Township Clerk,,REP,Write-In,1
Isabella,"Fremont Township, Precinct 1",Fremont Township Treasurer,,REP,Shirlee VanBonn,223
Isabella,"Fremont Township, Precinct 1",Fremont Township Treasurer,,REP,Write-In,4
Isabella,"Fremont Township, Precinct 1",Fremont Township Trustee,,REP,Brian Horanoff,152
Isabella,"Fremont Township, Precinct 1",Fremont Township Trustee,,REP,Georgina Main,173
Isabella,"Fremont Township, Precinct 1",Fremont Township Trustee,,REP,Write-In,0
Isabella,"Fremont Township, Precinct 1","Fremont Township, Precinct 1 Delegate to County Convention",,REP,Donald Eckland,135
Isabella,"Fremont Township, Precinct 1","Fremont Township, Precinct 1 Delegate to County Convention",,REP,Brian Horanoff,130
Isabella,"Fremont Township, Precinct 1","Fremont Township, Precinct 1 Delegate to County Convention",,REP,Debra Horanoff,121
Isabella,"Fremont Township, Precinct 1","Fremont Township, Precinct 1 Delegate to County Convention",,REP,Barbara Sawyer,136
Isabella,"Fremont Township, Precinct 1","Fremont Township, Precinct 1 Delegate to County Convention",,REP,Write-In,0
Isabella,"Fremont Township, Precinct 1",Isabella County Renewal of Fixed Operational Millage,,,Yes,146
Isabella,"Fremont Township, Precinct 1",Isabella County Renewal of Fixed Operational Millage,,,No,210
Isabella,"Fremont Township, Precinct 1",Isabella County Parks and Recreation Millage Renewal Proposal,,,Yes,136
Isabella,"Fremont Township, Precinct 1",Isabella County Parks and Recreation Millage Renewal Proposal,,,No,227
Isabella,"Fremont Township, Precinct 1",Isabella County Transportation Commission (I-RIDE) Millage Renewal Proposal,,,Yes,138
Isabella,"Fremont Township, Precinct 1",Isabella County Transportation Commission (I-RIDE) Millage Renewal Proposal,,,No,222
Isabella,"Fremont Township, Precinct 1",I. Montabella Community Schools Operating Millage Proposal,,,Yes,19
Isabella,"Fremont Township, Precinct 1",I. Montabella Community Schools Operating Millage Proposal,,,No,45
Isabella,"Fremont Township, Precinct 1",II. Montabella Community Schools Sinking Fund Millage Proposal,,,Yes,15
Isabella,"Fremont Township, Precinct 1",II. Montabella Community Schools Sinking Fund Millage Proposal,,,No,48
Isabella,"Fremont Township, Precinct 1",Shepherd Public Schools Bond Proposal,,,Yes,85
Isabella,"Fremont Township, Precinct 1",Shepherd Public Schools Bond Proposal,,,No,98
Isabella,"Fremont Township, Precinct 1",Montcalm Area Intermediate School District Bond Proposal,,,Yes,19
Isabella,"Fremont Township, Precinct 1",Montcalm Area Intermediate School District Bond Proposal,,,No,95
Isabella,"Gilmore Township, Precinct 1",U.S. Senate,,DEM,Hill Harper,10
Isabella,"Gilmore Township, Precinct 1",U.S. Senate,,DEM,Elissa Slotkin,56
Isabella,"Gilmore Township, Precinct 1",U.S. Senate,,DEM,Write-In,0
Isabella,"Gilmore Township, Precinct 1",U.S. House,2,DEM,Michael Lynch,57
Isabella,"Gilmore Township, Precinct 1",U.S. House,2,DEM,Write-In,0
Isabella,"Gilmore Township, Precinct 1",State House,92,DEM,Timothy Odykirk,56
Isabella,"Gilmore Township, Precinct 1",State House,92,DEM,Write-In,0
Isabella,"Gilmore Township, Precinct 1",County Prosecuting Attorney,,DEM,Write-In,9
Isabella,"Gilmore Township, Precinct 1",County Sheriff,,DEM,Write-In,9
Isabella,"Gilmore Township, Precinct 1",County Clerk,,DEM,Patti Sandel,51
Isabella,"Gilmore Township, Precinct 1",County Clerk,,DEM,Write-In,0
Isabella,"Gilmore Township, Precinct 1",County Treasurer,,DEM,Write-In,8
Isabella,"Gilmore Township, Precinct 1",County Register of Deeds,,DEM,Write-In,8
Isabella,"Gilmore Township, Precinct 1",County Road Commissioner,,DEM,Bob Busch,55
Isabella,"Gilmore Township, Precinct 1",County Road Commissioner,,DEM,Write-In,0
Isabella,"Gilmore Township, Precinct 1",County Drain Commissioner,,DEM,Ryon Skalitzky,54
Isabella,"Gilmore Township, Precinct 1",County Drain Commissioner,,DEM,Write-In,0
Isabella,"Gilmore Township, Precinct 1",County Commissioner 1st District,,DEM,Nicole S. Hagle,53
Isabella,"Gilmore Township, Precinct 1",County Commissioner 1st District,,DEM,Write-In,0
Isabella,"Gilmore Township, Precinct 1",Gilmore Township Supervisor,,DEM,Write-In,12
Isabella,"Gilmore Township, Precinct 1",Gilmore Township Clerk,,DEM,Write-In,12
Isabella,"Gilmore Township, Precinct 1",Gilmore Township Treasurer,,DEM,Write-In,12
Isabella,"Gilmore Township, Precinct 1",Gilmore Township Trustee,,DEM,Write-In,16
Isabella,"Gilmore Township, Precinct 1","Gilmore Township, Precinct 1 Delegate to County Convention",,DEM,Write-In,10
Isabella,"Gilmore Township, Precinct 1",U.S. Senate,,REP,Justin Amash,25
Isabella,"Gilmore Township, Precinct 1",U.S. Senate,,REP,Sherry O'Donnell,24
Isabella,"Gilmore Township, Precinct 1",U.S. Senate,,REP,Sandy Pensler,13
Isabella,"Gilmore Township, Precinct 1",U.S. Senate,,REP,Mike Rogers,179
Isabella,"Gilmore Township, Precinct 1",U.S. Senate,,REP,Write-In,1
Isabella,"Gilmore Township, Precinct 1",U.S. House,2,REP,John R. Moolenaar,256
Isabella,"Gilmore Township, Precinct 1",U.S. House,2,REP,Write-In,0
Isabella,"Gilmore Township, Precinct 1",State House,92,REP,Jerry Neyer,254
Isabella,"Gilmore Township, Precinct 1",State House,92,REP,Write-In,0
Isabella,"Gilmore Township, Precinct 1",County Prosecuting Attorney,,REP,Mark Kowalczyk,238
Isabella,"Gilmore Township, Precinct 1",County Prosecuting Attorney,,REP,Write-In,1
Isabella,"Gilmore Township, Precinct 1",County Sheriff,,REP,Michael Main,240
Isabella,"Gilmore Township, Precinct 1",County Sheriff,,REP,Write-In,1
Isabella,"Gilmore Township, Precinct 1",County Clerk,,REP,Minde B. Lux,244
Isabella,"Gilmore Township, Precinct 1",County Clerk,,REP,Write-In,1
Isabella,"Gilmore Township, Precinct 1",County Treasurer,,REP,Kathleen M. Schafer,246
Isabella,"Gilmore Township, Precinct 1",County Treasurer,,REP,Write-In,0
Isabella,"Gilmore Township, Precinct 1",County Register of Deeds,,REP,Karen R. Jackson,241
Isabella,"Gilmore Township, Precinct 1",County Register of Deeds,,REP,Write-In,0
Isabella,"Gilmore Township, Precinct 1",County Road Commissioner,,REP,Kelly D. Beltinck,134
Isabella,"Gilmore Township, Precinct 1",County Road Commissioner,,REP,John M. Graham,194
Isabella,"Gilmore Township, Precinct 1",County Road Commissioner,,REP,Patrick J. Recker,103
Isabella,"Gilmore Township, Precinct 1",County Road Commissioner,,REP,Write-In,0
Isabella,"Gilmore Township, Precinct 1",County Drain Commissioner,,REP,Robert J. Willoughby,235
Isabella,"Gilmore Township, Precinct 1",County Drain Commissioner,,REP,Write-In,0
Isabella,"Gilmore Township, Precinct 1",County Commissioner 1st District,,REP,Terry Hutchinson,90
Isabella,"Gilmore Township, Precinct 1",County Commissioner 1st District,,REP,Steven G. Weber,160
Isabella,"Gilmore Township, Precinct 1",County Commissioner 1st District,,REP,Write-In,0
Isabella,"Gilmore Township, Precinct 1",Gilmore Township Supervisor,,REP,John D. Saari,128
Isabella,"Gilmore Township, Precinct 1",Gilmore Township Supervisor,,REP,Robert Sabisch,133
Isabella,"Gilmore Township, Precinct 1",Gilmore Township Supervisor,,REP,Write-In,0
Isabella,"Gilmore Township, Precinct 1",Gilmore Township Clerk,,REP,Lisa Graham,250
Isabella,"Gilmore Township, Precinct 1",Gilmore Township Clerk,,REP,Write-In,0
Isabella,"Gilmore Township, Precinct 1",Gilmore Township Treasurer,,REP,Patricia L. Marshall,249
Isabella,"Gilmore Township, Precinct 1",Gilmore Township Treasurer,,REP,Write-In,4
Isabella,"Gilmore Township, Precinct 1",Gilmore Township Trustee,,REP,Jesse Bonstelle,133
Isabella,"Gilmore Township, Precinct 1",Gilmore Township Trustee,,REP,John McConnell,178
Isabella,"Gilmore Township, Precinct 1",Gilmore Township Trustee,,REP,Penny Murphy,128
Isabella,"Gilmore Township, Precinct 1",Gilmore Township Trustee,,REP,Write-In,1
Isabella,"Gilmore Township, Precinct 1","Gilmore Township, Precinct 1 Delegate to County Convention",,REP,Write-In,1
Isabella,"Gilmore Township, Precinct 1",Isabella County Renewal of Fixed Operational Millage,,,Yes,152
Isabella,"Gilmore Township, Precinct 1",Isabella County Renewal of Fixed Operational Millage,,,No,210
Isabella,"Gilmore Township, Precinct 1",Isabella County Parks and Recreation Millage Renewal Proposal,,,Yes,144
Isabella,"Gilmore Township, Precinct 1",Isabella County Parks and Recreation Millage Renewal Proposal,,,No,224
Isabella,"Gilmore Township, Precinct 1",Isabella County Transportation Commission (I-RIDE) Millage Renewal Proposal,,,Yes,153
Isabella,"Gilmore Township, Precinct 1",Isabella County Transportation Commission (I-RIDE) Millage Renewal Proposal,,,No,214
Isabella,"Gilmore Township, Precinct 1",Farwell Area Schools Sinking Fund Millage Renewal Proposal,,,Yes,99
Isabella,"Gilmore Township, Precinct 1",Farwell Area Schools Sinking Fund Millage Renewal Proposal,,,No,126
Isabella,"Isabella Township, Precinct 1",U.S. Senate,,DEM,Hill Harper,21
Isabella,"Isabella Township, Precinct 1",U.S. Senate,,DEM,Elissa Slotkin,144
Isabella,"Isabella Township, Precinct 1",U.S. Senate,,DEM,Write-In,0
Isabella,"Isabella Township, Precinct 1",U.S. House,2,DEM,Michael Lynch,146
Isabella,"Isabella Township, Precinct 1",U.S. House,2,DEM,Write-In,0
Isabella,"Isabella Township, Precinct 1",State House,92,DEM,Timothy Odykirk,148
Isabella,"Isabella Township, Precinct 1",State House,92,DEM,Write-In,1
Isabella,"Isabella Township, Precinct 1",County Prosecuting Attorney,,DEM,Write-In,14
Isabella,"Isabella Township, Precinct 1",County Sheriff,,DEM,Write-In,16
Isabella,"Isabella Township, Precinct 1",County Clerk,,DEM,Patti Sandel,130
Isabella,"Isabella Township, Precinct 1",County Clerk,,DEM,Write-In,0
Isabella,"Isabella Township, Precinct 1",County Treasurer,,DEM,Write-In,15
Isabella,"Isabella Township, Precinct 1",County Register of Deeds,,DEM,Write-In,13
Isabella,"Isabella Township, Precinct 1",County Road Commissioner,,DEM,Bob Busch,135
Isabella,"Isabella Township, Precinct 1",County Road Commissioner,,DEM,Write-In,1
Isabella,"Isabella Township, Precinct 1",County Drain Commissioner,,DEM,Ryon Skalitzky,131
Isabella,"Isabella Township, Precinct 1",County Drain Commissioner,,DEM,Write-In,1
Isabella,"Isabella Township, Precinct 1",County Commissioner 1st District,,DEM,Nicole S. Hagle,133
Isabella,"Isabella Township, Precinct 1",County Commissioner 1st District,,DEM,Write-In,0
Isabella,"Isabella Township, Precinct 1",Isabella Township Supervisor,,DEM,Write-In,14
Isabella,"Isabella Township, Precinct 1",Isabella Township Clerk,,DEM,Write-In,12
Isabella,"Isabella Township, Precinct 1",Isabella Township Treasurer,,DEM,Write-In,12
Isabella,"Isabella Township, Precinct 1",Isabella Township Trustee,,DEM,Write-In,18
Isabella,"Isabella Township, Precinct 1","Isabella Township, Precinct 1 Delegate to County Convention",,DEM,Write-In,21
Isabella,"Isabella Township, Precinct 1",U.S. Senate,,REP,Justin Amash,23
Isabella,"Isabella Township, Precinct 1",U.S. Senate,,REP,Sherry O'Donnell,33
Isabella,"Isabella Township, Precinct 1",U.S. Senate,,REP,Sandy Pensler,30
Isabella,"Isabella Township, Precinct 1",U.S. Senate,,REP,Mike Rogers,172
Isabella,"Isabella Township, Precinct 1",U.S. Senate,,REP,Write-In,0
Isabella,"Isabella Township, Precinct 1",U.S. House,2,REP,John R. Moolenaar,263
Isabella,"Isabella Township, Precinct 1",U.S. House,2,REP,Write-In,1
Isabella,"Isabella Township, Precinct 1",State House,92,REP,Jerry Neyer,268
Isabella,"Isabella Township, Precinct 1",State House,92,REP,Write-In,0
Isabella,"Isabella Township, Precinct 1",County Prosecuting Attorney,,REP,Mark Kowalczyk,246
Isabella,"Isabella Township, Precinct 1",County Prosecuting Attorney,,REP,Write-In,1
Isabella,"Isabella Township, Precinct 1",County Sheriff,,REP,Michael Main,256
Isabella,"Isabella Township, Precinct 1",County Sheriff,,REP,Write-In,1
Isabella,"Isabella Township, Precinct 1",County Clerk,,REP,Minde B. Lux,249
Isabella,"Isabella Township, Precinct 1",County Clerk,,REP,Write-In,2
Isabella,"Isabella Township, Precinct 1",County Treasurer,,REP,Kathleen M. Schafer,252
Isabella,"Isabella Township, Precinct 1",County Treasurer,,REP,Write-In,0
Isabella,"Isabella Township, Precinct 1",County Register of Deeds,,REP,Karen R. Jackson,237
Isabella,"Isabella Township, Precinct 1",County Register of Deeds,,REP,Write-In,0
Isabella,"Isabella Township, Precinct 1",County Road Commissioner,,REP,Kelly D. Beltinck,185
Isabella,"Isabella Township, Precinct 1",County Road Commissioner,,REP,John M. Graham,187
Isabella,"Isabella Township, Precinct 1",County Road Commissioner,,REP,Patrick J. Recker,119
Isabella,"Isabella Township, Precinct 1",County Road Commissioner,,REP,Write-In,0
Isabella,"Isabella Township, Precinct 1",County Drain Commissioner,,REP,Robert J. Willoughby,247
Isabella,"Isabella Township, Precinct 1",County Drain Commissioner,,REP,Write-In,0
Isabella,"Isabella Township, Precinct 1",County Commissioner 1st District,,REP,Terry Hutchinson,126
Isabella,"Isabella Township, Precinct 1",County Commissioner 1st District,,REP,Steven G. Weber,147
Isabella,"Isabella Township, Precinct 1",County Commissioner 1st District,,REP,Write-In,0
Isabella,"Isabella Township, Precinct 1",Isabella Township Supervisor,,REP,Rick Ervin,240
Isabella,"Isabella Township, Precinct 1",Isabella Township Supervisor,,REP,Write-In,0
Isabella,"Isabella Township, Precinct 1",Isabella Township Clerk,,REP,Kristin Derby,231
Isabella,"Isabella Township, Precinct 1",Isabella Township Clerk,,REP,Write-In,1
Isabella,"Isabella Township, Precinct 1",Isabella Township Treasurer,,REP,Linda Bechtel,237
Isabella,"Isabella Township, Precinct 1",Isabella Township Treasurer,,REP,Write-In,0
Isabella,"Isabella Township, Precinct 1",Isabella Township Trustee,,REP,John Derby,108
Isabella,"Isabella Township, Precinct 1",Isabella Township Trustee,,REP,Thomas Ervin Reihl,157
Isabella,"Isabella Township, Precinct 1",Isabella Township Trustee,,REP,Robert Walton,162
Isabella,"Isabella Township, Precinct 1",Isabella Township Trustee,,REP,Write-In,2
Isabella,"Isabella Township, Precinct 1","Isabella Township, Precinct 1 Delegate to County Convention",,REP,Mike McConnell,218
Isabella,"Isabella Township, Precinct 1","Isabella Township, Precinct 1 Delegate to County Convention",,REP,Richard L. Swindlehurst,124
Isabella,"Isabella Township, Precinct 1","Isabella Township, Precinct 1 Delegate to County Convention",,REP,Write-In,2
Isabella,"Isabella Township, Precinct 1",Isabella County Renewal of Fixed Operational Millage,,,Yes,217
Isabella,"Isabella Township, Precinct 1",Isabella County Renewal of Fixed Operational Millage,,,No,281
Isabella,"Isabella Township, Precinct 1",Isabella County Parks and Recreation Millage Renewal Proposal,,,Yes,210
Isabella,"Isabella Township, Precinct 1",Isabella County Parks and Recreation Millage Renewal Proposal,,,No,287
Isabella,"Isabella Township, Precinct 1",Isabella County Transportation Commission (I-RIDE) Millage Renewal Proposal,,,Yes,224
Isabella,"Isabella Township, Precinct 1",Isabella County Transportation Commission (I-RIDE) Millage Renewal Proposal,,,No,273
Isabella,"Lincoln Township, Precinct 1",U.S. Senate,,DEM,Hill Harper,18
Isabella,"Lincoln Township, Precinct 1",U.S. Senate,,DEM,Elissa Slotkin,139
Isabella,"Lincoln Township, Precinct 1",U.S. Senate,,DEM,Write-In,0
Isabella,"Lincoln Township, Precinct 1",U.S. House,2,DEM,Michael Lynch,143
Isabella,"Lincoln Township, Precinct 1",U.S. House,2,DEM,Write-In,0
Isabella,"Lincoln Township, Precinct 1",State House,92,DEM,Timothy Odykirk,145
Isabella,"Lincoln Township, Precinct 1",State House,92,DEM,Write-In,0
Isabella,"Lincoln Township, Precinct 1",County Prosecuting Attorney,,DEM,Write-In,7
Isabella,"Lincoln Township, Precinct 1",County Sheriff,,DEM,Write-In,6
Isabella,"Lincoln Township, Precinct 1",County Clerk,,DEM,Patti Sandel,143
Isabella,"Lincoln Township, Precinct 1",County Clerk,,DEM,Write-In,0
Isabella,"Lincoln Township, Precinct 1",County Treasurer,,DEM,Write-In,6
Isabella,"Lincoln Township, Precinct 1",County Register of Deeds,,DEM,Write-In,5
Isabella,"Lincoln Township, Precinct 1",County Road Commissioner,,DEM,Bob Busch,139
Isabella,"Lincoln Township, Precinct 1",County Road Commissioner,,DEM,Write-In,1
Isabella,"Lincoln Township, Precinct 1",County Drain Commissioner,,DEM,Ryon Skalitzky,135
Isabella,"Lincoln Township, Precinct 1",County Drain Commissioner,,DEM,Write-In,0
Isabella,"Lincoln Township, Precinct 1",County Commissioner 3rd District,,DEM,Write-In,5
Isabella,"Lincoln Township, Precinct 1",Lincoln Township Supervisor,,DEM,Thomas L. Ramon,137
Isabella,"Lincoln Township, Precinct 1",Lincoln Township Supervisor,,DEM,Write-In,1
Isabella,"Lincoln Township, Precinct 1",Lincoln Township Clerk,,DEM,Write-In,5
Isabella,"Lincoln Township, Precinct 1",Lincoln Township Treasurer,,DEM,Write-In,5
Isabella,"Lincoln Township, Precinct 1",Lincoln Township Trustee,,DEM,Write-In,7
Isabella,"Lincoln Township, Precinct 1","Lincoln Township, Precinct 1 Delegate to County Convention",,DEM,Write-In,8
Isabella,"Lincoln Township, Precinct 1",U.S. Senate,,REP,Justin Amash,30
Isabella,"Lincoln Township, Precinct 1",U.S. Senate,,REP,Sherry O'Donnell,25
Isabella,"Lincoln Township, Precinct 1",U.S. Senate,,REP,Sandy Pensler,32
Isabella,"Lincoln Township, Precinct 1",U.S. Senate,,REP,Mike Rogers,306
Isabella,"Lincoln Township, Precinct 1",U.S. Senate,,REP,Write-In,0
Isabella,"Lincoln Township, Precinct 1",U.S. House,2,REP,John R. Moolenaar,405
Isabella,"Lincoln Township, Precinct 1",U.S. House,2,REP,Write-In,2
Isabella,"Lincoln Township, Precinct 1",State House,92,REP,Jerry Neyer,409
Isabella,"Lincoln Township, Precinct 1",State House,92,REP,Write-In,2
Isabella,"Lincoln Township, Precinct 1",County Prosecuting Attorney,,REP,Mark Kowalczyk,380
Isabella,"Lincoln Township, Precinct 1",County Prosecuting Attorney,,REP,Write-In,1
Isabella,"Lincoln Township, Precinct 1",County Sheriff,,REP,Michael Main,403
Isabella,"Lincoln Township, Precinct 1",County Sheriff,,REP,Write-In,2
Isabella,"Lincoln Township, Precinct 1",County Clerk,,REP,Minde B. Lux,382
Isabella,"Lincoln Township, Precinct 1",County Clerk,,REP,Write-In,2
Isabella,"Lincoln Township, Precinct 1",County Treasurer,,REP,Kathleen M. Schafer,381
Isabella,"Lincoln Township, Precinct 1",County Treasurer,,REP,Write-In,1
Isabella,"Lincoln Township, Precinct 1",County Register of Deeds,,REP,Karen R. Jackson,383
Isabella,"Lincoln Township, Precinct 1",County Register of Deeds,,REP,Write-In,1
Isabella,"Lincoln Township, Precinct 1",County Road Commissioner,,REP,Kelly D. Beltinck,199
Isabella,"Lincoln Township, Precinct 1",County Road Commissioner,,REP,John M. Graham,187
Isabella,"Lincoln Township, Precinct 1",County Road Commissioner,,REP,Patrick J. Recker,246
Isabella,"Lincoln Township, Precinct 1",County Road Commissioner,,REP,Write-In,0
Isabella,"Lincoln Township, Precinct 1",County Drain Commissioner,,REP,Robert J. Willoughby,401
Isabella,"Lincoln Township, Precinct 1",County Drain Commissioner,,REP,Write-In,1
Isabella,"Lincoln Township, Precinct 1",County Commissioner 3rd District,,REP,Jerry Jaloszynski,367
Isabella,"Lincoln Township, Precinct 1",County Commissioner 3rd District,,REP,Write-In,2
Isabella,"Lincoln Township, Precinct 1",Lincoln Township Supervisor,,REP,Write-In,34
Isabella,"Lincoln Township, Precinct 1",Lincoln Township Clerk,,REP,Danielle M. Willoughby,370
Isabella,"Lincoln Township, Precinct 1",Lincoln Township Clerk,,REP,Write-In,3
Isabella,"Lincoln Township, Precinct 1",Lincoln Township Treasurer,,REP,Linda Vogel,340
Isabella,"Lincoln Township, Precinct 1",Lincoln Township Treasurer,,REP,Write-In,1
Isabella,"Lincoln Township, Precinct 1",Lincoln Township Trustee,,REP,Thomas M. Recker,338
Isabella,"Lincoln Township, Precinct 1",Lincoln Township Trustee,,REP,Sharon A. Snyder,226
Isabella,"Lincoln Township, Precinct 1",Lincoln Township Trustee,,REP,Write-In,1
Isabella,"Lincoln Township, Precinct 1","Lincoln Township, Precinct 1 Delegate to County Convention",,REP,Susan R. Haskin,274
Isabella,"Lincoln Township, Precinct 1","Lincoln Township, Precinct 1 Delegate to County Convention",,REP,Raquel A. Weekley,223
Isabella,"Lincoln Township, Precinct 1","Lincoln Township, Precinct 1 Delegate to County Convention",,REP,Write-In,5
Isabella,"Lincoln Township, Precinct 1",Isabella County Renewal of Fixed Operational Millage,,,Yes,290
Isabella,"Lincoln Township, Precinct 1",Isabella County Renewal of Fixed Operational Millage,,,No,314
Isabella,"Lincoln Township, Precinct 1",Isabella County Parks and Recreation Millage Renewal Proposal,,,Yes,273
Isabella,"Lincoln Township, Precinct 1",Isabella County Parks and Recreation Millage Renewal Proposal,,,No,333
Isabella,"Lincoln Township, Precinct 1",Isabella County Transportation Commission (I-RIDE) Millage Renewal Proposal,,,Yes,285
Isabella,"Lincoln Township, Precinct 1",Isabella County Transportation Commission (I-RIDE) Millage Renewal Proposal,,,No,319
Isabella,"Lincoln Township, Precinct 1",Shepherd Public Schools Bond Proposal,,,Yes,192
Isabella,"Lincoln Township, Precinct 1",Shepherd Public Schools Bond Proposal,,,No,281
Isabella,"Nottawa Township, Precinct 1",U.S. Senate,,DEM,Hill Harper,22
Isabella,"Nottawa Township, Precinct 1",U.S. Senate,,DEM,Elissa Slotkin,123
Isabella,"Nottawa Township, Precinct 1",U.S. Senate,,DEM,Write-In,1
Isabella,"Nottawa Township, Precinct 1",U.S. House,2,DEM,Michael Lynch,146
Isabella,"Nottawa Township, Precinct 1",U.S. House,2,DEM,Write-In,0
Isabella,"Nottawa Township, Precinct 1",State House,92,DEM,Timothy Odykirk,145
Isabella,"Nottawa Township, Precinct 1",State House,92,DEM,Write-In,0
Isabella,"Nottawa Township, Precinct 1",County Prosecuting Attorney,,DEM,Write-In,16
Isabella,"Nottawa Township, Precinct 1",County Sheriff,,DEM,Write-In,15
Isabella,"Nottawa Township, Precinct 1",County Clerk,,DEM,Patti Sandel,142
Isabella,"Nottawa Township, Precinct 1",County Clerk,,DEM,Write-In,0
Isabella,"Nottawa Township, Precinct 1",County Treasurer,,DEM,Write-In,16
Isabella,"Nottawa Township, Precinct 1",County Register of Deeds,,DEM,Write-In,15
Isabella,"Nottawa Township, Precinct 1",County Road Commissioner,,DEM,Bob Busch,138
Isabella,"Nottawa Township, Precinct 1",County Road Commissioner,,DEM,Write-In,3
Isabella,"Nottawa Township, Precinct 1",County Drain Commissioner,,DEM,Ryon Skalitzky,135
Isabella,"Nottawa Township, Precinct 1",County Drain Commissioner,,DEM,Write-In,1
Isabella,"Nottawa Township, Precinct 1",County Commissioner 1st District,,DEM,Nicole S. Hagle,138
Isabella,"Nottawa Township, Precinct 1",County Commissioner 1st District,,DEM,Write-In,1
Isabella,"Nottawa Township, Precinct 1",Nottawa Township Supervisor,,DEM,Write-In,13
Isabella,"Nottawa Township, Precinct 1",Nottawa Township Clerk,,DEM,Heather A. Curtiss,139
Isabella,"Nottawa Township, Precinct 1",Nottawa Township Clerk,,DEM,Write-In,0
Isabella,"Nottawa Township, Precinct 1",Nottawa Township Treasurer,,DEM,Write-In,12
Isabella,"Nottawa Township, Precinct 1",Nottawa Township Trustee,,DEM,Lisa Antcliff,132
Isabella,"Nottawa Township, Precinct 1",Nottawa Township Trustee,,DEM,Write-In,1
Isabella,"Nottawa Township, Precinct 1","Nottawa Township, Precinct 1 Delegate to County Convention",,DEM,Write-In,16
Isabella,"Nottawa Township, Precinct 1",U.S. Senate,,REP,Justin Amash,33
Isabella,"Nottawa Township, Precinct 1",U.S. Senate,,REP,Sherry O'Donnell,38
Isabella,"Nottawa Township, Precinct 1",U.S. Senate,,REP,Sandy Pensler,18
Isabella,"Nottawa Township, Precinct 1",U.S. Senate,,REP,Mike Rogers,320
Isabella,"Nottawa Township, Precinct 1",U.S. Senate,,REP,Write-In,1
Isabella,"Nottawa Township, Precinct 1",U.S. House,2,REP,John R. Moolenaar,413
Isabella,"Nottawa Township, Precinct 1",U.S. House,2,REP,Write-In,3
Isabella,"Nottawa Township, Precinct 1",State House,92,REP,Jerry Neyer,443
Isabella,"Nottawa Township, Precinct 1",State House,92,REP,Write-In,4
Isabella,"Nottawa Township, Precinct 1",County Prosecuting Attorney,,REP,Mark Kowalczyk,373
Isabella,"Nottawa Township, Precinct 1",County Prosecuting Attorney,,REP,Write-In,6
Isabella,"Nottawa Township, Precinct 1",County Sheriff,,REP,Michael Main,407
Isabella,"Nottawa Township, Precinct 1",County Sheriff,,REP,Write-In,8
Isabella,"Nottawa Township, Precinct 1",County Clerk,,REP,Minde B. Lux,393
Isabella,"Nottawa Township, Precinct 1",County Clerk,,REP,Write-In,3
Isabella,"Nottawa Township, Precinct 1",County Treasurer,,REP,Kathleen M. Schafer,435
Isabella,"Nottawa Township, Precinct 1",County Treasurer,,REP,Write-In,3
Isabella,"Nottawa Township, Precinct 1",County Register of Deeds,,REP,Karen R. Jackson,380
Isabella,"Nottawa Township, Precinct 1",County Register of Deeds,,REP,Write-In,3
Isabella,"Nottawa Township, Precinct 1",County Road Commissioner,,REP,Kelly D. Beltinck,279
Isabella,"Nottawa Township, Precinct 1",County Road Commissioner,,REP,John M. Graham,254
Isabella,"Nottawa Township, Precinct 1",County Road Commissioner,,REP,Patrick J. Recker,245
Isabella,"Nottawa Township, Precinct 1",County Road Commissioner,,REP,Write-In,3
Isabella,"Nottawa Township, Precinct 1",County Drain Commissioner,,REP,Robert J. Willoughby,380
Isabella,"Nottawa Township, Precinct 1",County Drain Commissioner,,REP,Write-In,5
Isabella,"Nottawa Township, Precinct 1",County Commissioner 1st District,,REP,Terry Hutchinson,143
Isabella,"Nottawa Township, Precinct 1",County Commissioner 1st District,,REP,Steven G. Weber,335
Isabella,"Nottawa Township, Precinct 1",County Commissioner 1st District,,REP,Write-In,0
Isabella,"Nottawa Township, Precinct 1",Nottawa Township Supervisor,,REP,Kory Mindel,251
Isabella,"Nottawa Township, Precinct 1",Nottawa Township Supervisor,,REP,Steve Morgenstern,214
Isabella,"Nottawa Township, Precinct 1",Nottawa Township Supervisor,,REP,Write-In,0
Isabella,"Nottawa Township, Precinct 1",Nottawa Township Clerk,,REP,Write-In,19
Isabella,"Nottawa Township, Precinct 1",Nottawa Township Treasurer,,REP,Katie Galinski,392
Isabella,"Nottawa Township, Precinct 1",Nottawa Township Treasurer,,REP,Write-In,6
Isabella,"Nottawa Township, Precinct 1",Nottawa Township Trustee,,REP,Pat Schafer,299
Isabella,"Nottawa Township, Precinct 1",Nottawa Township Trustee,,REP,Abby Sellers,217
Isabella,"Nottawa Township, Precinct 1",Nottawa Township Trustee,,REP,James J. Streng,233
Isabella,"Nottawa Township, Precinct 1",Nottawa Township Trustee,,REP,Write-In,0
Isabella,"Nottawa Township, Precinct 1","Nottawa Township, Precinct 1 Delegate to County Convention",,REP,Dan Hatcher,172
Isabella,"Nottawa Township, Precinct 1","Nottawa Township, Precinct 1 Delegate to County Convention",,REP,Kevin J. Salisbury,240
Isabella,"Nottawa Township, Precinct 1","Nottawa Township, Precinct 1 Delegate to County Convention",,REP,Steven G. Weber,370
Isabella,"Nottawa Township, Precinct 1","Nottawa Township, Precinct 1 Delegate to County Convention",,REP,Write-In,0
Isabella,"Nottawa Township, Precinct 1",Isabella County Renewal of Fixed Operational Millage,,,Yes,284
Isabella,"Nottawa Township, Precinct 1",Isabella County Renewal of Fixed Operational Millage,,,No,367
Isabella,"Nottawa Township, Precinct 1",Isabella County Parks and Recreation Millage Renewal Proposal,,,Yes,296
Isabella,"Nottawa Township, Precinct 1",Isabella County Parks and Recreation Millage Renewal Proposal,,,No,361
Isabella,"Nottawa Township, Precinct 1",Isabella County Transportation Commission (I-RIDE) Millage Renewal Proposal,,,Yes,299
Isabella,"Nottawa Township, Precinct 1",Isabella County Transportation Commission (I-RIDE) Millage Renewal Proposal,,,No,353
Isabella,"Nottawa Township, Precinct 1",Farwell Area Schools Sinking Fund Millage Renewal Proposal,,,Yes,0
Isabella,"Nottawa Township, Precinct 1",Farwell Area Schools Sinking Fund Millage Renewal Proposal,,,No,2
Isabella,"Rolland Township, Precinct 1",U.S. Senate,,DEM,Hill Harper,14
Isabella,"Rolland Township, Precinct 1",U.S. Senate,,DEM,Elissa Slotkin,79
Isabella,"Rolland Township, Precinct 1",U.S. Senate,,DEM,Write-In,0
Isabella,"Rolland Township, Precinct 1",U.S. House,2,DEM,Michael Lynch,88
Isabella,"Rolland Township, Precinct 1",U.S. House,2,DEM,Write-In,0
Isabella,"Rolland Township, Precinct 1",State House,92,DEM,Timothy Odykirk,88
Isabella,"Rolland Township, Precinct 1",State House,92,DEM,Write-In,1
Isabella,"Rolland Township, Precinct 1",County Prosecuting Attorney,,DEM,Write-In,9
Isabella,"Rolland Township, Precinct 1",County Sheriff,,DEM,Write-In,7
Isabella,"Rolland Township, Precinct 1",County Clerk,,DEM,Patti Sandel,80
Isabella,"Rolland Township, Precinct 1",County Clerk,,DEM,Write-In,1
Isabella,"Rolland Township, Precinct 1",County Treasurer,,DEM,Write-In,8
Isabella,"Rolland Township, Precinct 1",County Register of Deeds,,DEM,Write-In,7
Isabella,"Rolland Township, Precinct 1",County Road Commissioner,,DEM,Bob Busch,85
Isabella,"Rolland Township, Precinct 1",County Road Commissioner,,DEM,Write-In,1
Isabella,"Rolland Township, Precinct 1",County Drain Commissioner,,DEM,Ryon Skalitzky,83
Isabella,"Rolland Township, Precinct 1",County Drain Commissioner,,DEM,Write-In,1
Isabella,"Rolland Township, Precinct 1",County Commissioner 2nd District,,DEM,Write-In,8
Isabella,"Rolland Township, Precinct 1",Rolland Township Supervisor,,DEM,Daniel L. Shaw,75
Isabella,"Rolland Township, Precinct 1",Rolland Township Supervisor,,DEM,Write-In,2
Isabella,"Rolland Township, Precinct 1",Rolland Township Clerk,,DEM,Write-In,6
Isabella,"Rolland Township, Precinct 1",Rolland Township Treasurer,,DEM,Write-In,6
Isabella,"Rolland Township, Precinct 1",Rolland Township Trustee,,DEM,Kevin S. Mitchell,77
Isabella,"Rolland Township, Precinct 1",Rolland Township Trustee,,DEM,Write-In,1
Isabella,"Rolland Township, Precinct 1","Rolland Township, Precinct 1 Delegate to County Convention",,DEM,Write-In,5
Isabella,"Rolland Township, Precinct 1",U.S. Senate,,REP,Justin Amash,20
Isabella,"Rolland Township, Precinct 1",U.S. Senate,,REP,Sherry O'Donnell,17
Isabella,"Rolland Township, Precinct 1",U.S. Senate,,REP,Sandy Pensler,10
Isabella,"Rolland Township, Precinct 1",U.S. Senate,,REP,Mike Rogers,129
Isabella,"Rolland Township, Precinct 1",U.S. Senate,,REP,Write-In,0
Isabella,"Rolland Township, Precinct 1",U.S. House,2,REP,John R. Moolenaar,180
Isabella,"Rolland Township, Precinct 1",U.S. House,2,REP,Write-In,1
Isabella,"Rolland Township, Precinct 1",State House,92,REP,Jerry Neyer,180
Isabella,"Rolland Township, Precinct 1",State House,92,REP,Write-In,1
Isabella,"Rolland Township, Precinct 1",County Prosecuting Attorney,,REP,Mark Kowalczyk,176
Isabella,"Rolland Township, Precinct 1",County Prosecuting Attorney,,REP,Write-In,1
Isabella,"Rolland Township, Precinct 1",County Sheriff,,REP,Michael Main,182
Isabella,"Rolland Township, Precinct 1",County Sheriff,,REP,Write-In,0
Isabella,"Rolland Township, Precinct 1",County Clerk,,REP,Minde B. Lux,172
Isabella,"Rolland Township, Precinct 1",County Clerk,,REP,Write-In,3
Isabella,"Rolland Township, Precinct 1",County Treasurer,,REP,Kathleen M. Schafer,169
Isabella,"Rolland Township, Precinct 1",County Treasurer,,REP,Write-In,2
Isabella,"Rolland Township, Precinct 1",County Register of Deeds,,REP,Karen R. Jackson,170
Isabella,"Rolland Township, Precinct 1",County Register of Deeds,,REP,Write-In,0
Isabella,"Rolland Township, Precinct 1",County Road Commissioner,,REP,Kelly D. Beltinck,61
Isabella,"Rolland Township, Precinct 1",County Road Commissioner,,REP,John M. Graham,67
Isabella,"Rolland Township, Precinct 1",County Road Commissioner,,REP,Patrick J. Recker,131
Isabella,"Rolland Township, Precinct 1",County Road Commissioner,,REP,Write-In,1
Isabella,"Rolland Township, Precinct 1",County Drain Commissioner,,REP,Robert J. Willoughby,172
Isabella,"Rolland Township, Precinct 1",County Drain Commissioner,,REP,Write-In,0
Isabella,"Rolland Township, Precinct 1",County Commissioner 2nd District,,REP,Bob Campbell,130
Isabella,"Rolland Township, Precinct 1",County Commissioner 2nd District,,REP,Christopher L. Embrey,46
Isabella,"Rolland Township, Precinct 1",County Commissioner 2nd District,,REP,Write-In,1
Isabella,"Rolland Township, Precinct 1",Rolland Township Supervisor,,REP,Write-In,14
Isabella,"Rolland Township, Precinct 1",Rolland Township Clerk,,REP,Mary Ellen Butler,166
Isabella,"Rolland Township, Precinct 1",Rolland Township Clerk,,REP,Write-In,0
Isabella,"Rolland Township, Precinct 1",Rolland Township Treasurer,,REP,Javan Quackenbush,176
Isabella,"Rolland Township, Precinct 1",Rolland Township Treasurer,,REP,Write-In,1
Isabella,"Rolland Township, Precinct 1",Rolland Township Trustee,,REP,Laura Karcher,172
Isabella,"Rolland Township, Precinct 1",Rolland Township Trustee,,REP,Write-In,0
Isabella,"Rolland Township, Precinct 1","Rolland Township, Precinct 1 Delegate to County Convention",,REP,Write-In,7
Isabella,"Rolland Township, Precinct 1",Isabella County Renewal of Fixed Operational Millage,,,Yes,115
Isabella,"Rolland Township, Precinct 1",Isabella County Renewal of Fixed Operational Millage,,,No,168
Isabella,"Rolland Township, Precinct 1",Isabella County Parks and Recreation Millage Renewal Proposal,,,Yes,104
Isabella,"Rolland Township, Precinct 1",Isabella County Parks and Recreation Millage Renewal Proposal,,,No,187
Isabella,"Rolland Township, Precinct 1",Isabella County Transportation Commission (I-RIDE) Millage Renewal Proposal,,,Yes,119
Isabella,"Rolland Township, Precinct 1",Isabella County Transportation Commission (I-RIDE) Millage Renewal Proposal,,,No,172
Isabella,"Rolland Township, Precinct 1",I. Montabella Community Schools Operating Millage Proposal,,,Yes,122
Isabella,"Rolland Township, Precinct 1",I. Montabella Community Schools Operating Millage Proposal,,,No,164
Isabella,"Rolland Township, Precinct 1",II. Montabella Community Schools Sinking Fund Millage Proposal,,,Yes,115
Isabella,"Rolland Township, Precinct 1",II. Montabella Community Schools Sinking Fund Millage Proposal,,,No,173
Isabella,"Rolland Township, Precinct 1",Montcalm Area Intermediate School District Bond Proposal,,,Yes,86
Isabella,"Rolland Township, Precinct 1",Montcalm Area Intermediate School District Bond Proposal,,,No,202
Isabella,"Sherman Township, Precinct 1",U.S. Senate,,DEM,Hill Harper,8
Isabella,"Sherman Township, Precinct 1",U.S. Senate,,DEM,Elissa Slotkin,107
Isabella,"Sherman Township, Precinct 1",U.S. Senate,,DEM,Write-In,0
Isabella,"Sherman Township, Precinct 1",U.S. House,2,DEM,Michael Lynch,111
Isabella,"Sherman Township, Precinct 1",U.S. House,2,DEM,Write-In,0
Isabella,"Sherman Township, Precinct 1",State House,92,DEM,Timothy Odykirk,108
Isabella,"Sherman Township, Precinct 1",State House,92,DEM,Write-In,1
Isabella,"Sherman Township, Precinct 1",County Prosecuting Attorney,,DEM,Write-In,13
Isabella,"Sherman Township, Precinct 1",County Sheriff,,DEM,Write-In,12
Isabella,"Sherman Township, Precinct 1",County Clerk,,DEM,Patti Sandel,107
Isabella,"Sherman Township, Precinct 1",County Clerk,,DEM,Write-In,0
Isabella,"Sherman Township, Precinct 1",County Treasurer,,DEM,Write-In,10
Isabella,"Sherman Township, Precinct 1",County Register of Deeds,,DEM,Write-In,11
Isabella,"Sherman Township, Precinct 1",County Road Commissioner,,DEM,Bob Busch,106
Isabella,"Sherman Township, Precinct 1",County Road Commissioner,,DEM,Write-In,0
Isabella,"Sherman Township, Precinct 1",County Drain Commissioner,,DEM,Ryon Skalitzky,103
Isabella,"Sherman Township, Precinct 1",County Drain Commissioner,,DEM,Write-In,0
Isabella,"Sherman Township, Precinct 1",County Commissioner 2nd District,,DEM,Write-In,10
Isabella,"Sherman Township, Precinct 1",Sherman Township Supervisor,,DEM,Write-In,10
Isabella,"Sherman Township, Precinct 1",Sherman Township Clerk,,DEM,Write-In,10
Isabella,"Sherman Township, Precinct 1",Sherman Township Treasurer,,DEM,Write-In,10
Isabella,"Sherman Township, Precinct 1",Sherman Township Trustee,,DEM,Write-In,14
Isabella,"Sherman Township, Precinct 1","Sherman Township, Precinct 1 Delegate to County Convention",,DEM,Write-In,9
Isabella,"Sherman Township, Precinct 1",U.S. Senate,,REP,Justin Amash,19
Isabella,"Sherman Township, Precinct 1",U.S. Senate,,REP,Sherry O'Donnell,29
Isabella,"Sherman Township, Precinct 1",U.S. Senate,,REP,Sandy Pensler,21
Isabella,"Sherman Township, Precinct 1",U.S. Senate,,REP,Mike Rogers,181
Isabella,"Sherman Township, Precinct 1",U.S. Senate,,REP,Write-In,1
Isabella,"Sherman Township, Precinct 1",U.S. House,2,REP,John R. Moolenaar,240
Isabella,"Sherman Township, Precinct 1",U.S. House,2,REP,Write-In,2
Isabella,"Sherman Township, Precinct 1",State House,92,REP,Jerry Neyer,246
Isabella,"Sherman Township, Precinct 1",State House,92,REP,Write-In,3
Isabella,"Sherman Township, Precinct 1",County Prosecuting Attorney,,REP,Mark Kowalczyk,227
Isabella,"Sherman Township, Precinct 1",County Prosecuting Attorney,,REP,Write-In,4
Isabella,"Sherman Township, Precinct 1",County Sheriff,,REP,Michael Main,240
Isabella,"Sherman Township, Precinct 1",County Sheriff,,REP,Write-In,3
Isabella,"Sherman Township, Precinct 1",County Clerk,,REP,Minde B. Lux,227
Isabella,"Sherman Township, Precinct 1",County Clerk,,REP,Write-In,2
Isabella,"Sherman Township, Precinct 1",County Treasurer,,REP,Kathleen M. Schafer,229
Isabella,"Sherman Township, Precinct 1",County Treasurer,,REP,Write-In,2
Isabella,"Sherman Township, Precinct 1",County Register of Deeds,,REP,Karen R. Jackson,232
Isabella,"Sherman Township, Precinct 1",County Register of Deeds,,REP,Write-In,1
Isabella,"Sherman Township, Precinct 1",County Road Commissioner,,REP,Kelly D. Beltinck,90
Isabella,"Sherman Township, Precinct 1",County Road Commissioner,,REP,John M. Graham,119
Isabella,"Sherman Township, Precinct 1",County Road Commissioner,,REP,Patrick J. Recker,159
Isabella,"Sherman Township, Precinct 1",County Road Commissioner,,REP,Write-In,1
Isabella,"Sherman Township, Precinct 1",County Drain Commissioner,,REP,Robert J. Willoughby,222
Isabella,"Sherman Township, Precinct 1",County Drain Commissioner,,REP,Write-In,1
Isabella,"Sherman Township, Precinct 1",County Commissioner 2nd District,,REP,Bob Campbell,94
Isabella,"Sherman Township, Precinct 1",County Commissioner 2nd District,,REP,Christopher L. Embrey,158
Isabella,"Sherman Township, Precinct 1",County Commissioner 2nd District,,REP,Write-In,1
Isabella,"Sherman Township, Precinct 1",Sherman Township Supervisor,,REP,Tom Johnson,228
Isabella,"Sherman Township, Precinct 1",Sherman Township Supervisor,,REP,Write-In,2
Isabella,"Sherman Township, Precinct 1",Sherman Township Clerk,,REP,Denise M. Livermore,236
Isabella,"Sherman Township, Precinct 1",Sherman Township Clerk,,REP,Write-In,2
Isabella,"Sherman Township, Precinct 1",Sherman Township Treasurer,,REP,Teresa M. Clark,232
Isabella,"Sherman Township, Precinct 1",Sherman Township Treasurer,,REP,Write-In,2
Isabella,"Sherman Township, Precinct 1",Sherman Township Trustee,,REP,Jo Simon,200
Isabella,"Sherman Township, Precinct 1",Sherman Township Trustee,,REP,Jamie Smith,170
Isabella,"Sherman Township, Precinct 1",Sherman Township Trustee,,REP,Write-In,1
Isabella,"Sherman Township, Precinct 1","Sherman Township, Precinct 1 Delegate to County Convention",,REP,Elaine A. Fox,160
Isabella,"Sherman Township, Precinct 1","Sherman Township, Precinct 1 Delegate to County Convention",,REP,Kim A. Fox,152
Isabella,"Sherman Township, Precinct 1","Sherman Township, Precinct 1 Delegate to County Convention",,REP,Mark Perry,168
Isabella,"Sherman Township, Precinct 1","Sherman Township, Precinct 1 Delegate to County Convention",,REP,Write-In,1
Isabella,"Sherman Township, Precinct 1",Isabella County Renewal of Fixed Operational Millage,,,Yes,199
Isabella,"Sherman Township, Precinct 1",Isabella County Renewal of Fixed Operational Millage,,,No,198
Isabella,"Sherman Township, Precinct 1",Isabella County Parks and Recreation Millage Renewal Proposal,,,Yes,194
Isabella,"Sherman Township, Precinct 1",Isabella County Parks and Recreation Millage Renewal Proposal,,,No,209
Isabella,"Sherman Township, Precinct 1",Isabella County Transportation Commission (I-RIDE) Millage Renewal Proposal,,,Yes,209
Isabella,"Sherman Township, Precinct 1",Isabella County Transportation Commission (I-RIDE) Millage Renewal Proposal,,,No,189
Isabella,"Sherman Township, Precinct 1",Sherman Township Fire Protection Millage Renewal and Restoration Proposal,,,Yes,295
Isabella,"Sherman Township, Precinct 1",Sherman Township Fire Protection Millage Renewal and Restoration Proposal,,,No,110
Isabella,"Sherman Township, Precinct 2",U.S. Senate,,DEM,Hill Harper,20
Isabella,"Sherman Township, Precinct 2",U.S. Senate,,DEM,Elissa Slotkin,109
Isabella,"Sherman Township, Precinct 2",U.S. Senate,,DEM,Write-In,0
Isabella,"Sherman Township, Precinct 2",U.S. House,2,DEM,Michael Lynch,117
Isabella,"Sherman Township, Precinct 2",U.S. House,2,DEM,Write-In,0
Isabella,"Sherman Township, Precinct 2",State House,92,DEM,Timothy Odykirk,118
Isabella,"Sherman Township, Precinct 2",State House,92,DEM,Write-In,1
Isabella,"Sherman Township, Precinct 2",County Prosecuting Attorney,,DEM,Write-In,12
Isabella,"Sherman Township, Precinct 2",County Sheriff,,DEM,Write-In,11
Isabella,"Sherman Township, Precinct 2",County Clerk,,DEM,Patti Sandel,103
Isabella,"Sherman Township, Precinct 2",County Clerk,,DEM,Write-In,0
Isabella,"Sherman Township, Precinct 2",County Treasurer,,DEM,Write-In,10
Isabella,"Sherman Township, Precinct 2",County Register of Deeds,,DEM,Write-In,10
Isabella,"Sherman Township, Precinct 2",County Road Commissioner,,DEM,Bob Busch,112
Isabella,"Sherman Township, Precinct 2",County Road Commissioner,,DEM,Write-In,1
Isabella,"Sherman Township, Precinct 2",County Drain Commissioner,,DEM,Ryon Skalitzky,113
Isabella,"Sherman Township, Precinct 2",County Drain Commissioner,,DEM,Write-In,0
Isabella,"Sherman Township, Precinct 2",County Commissioner 2nd District,,DEM,Write-In,8
Isabella,"Sherman Township, Precinct 2",Sherman Township Supervisor,,DEM,Write-In,9
Isabella,"Sherman Township, Precinct 2",Sherman Township Clerk,,DEM,Write-In,9
Isabella,"Sherman Township, Precinct 2",Sherman Township Treasurer,,DEM,Write-In,9
Isabella,"Sherman Township, Precinct 2",Sherman Township Trustee,,DEM,Write-In,11
Isabella,"Sherman Township, Precinct 2","Sherman Township, Precinct 2 Delegate to County Convention",,DEM,Write-In,11
Isabella,"Sherman Township, Precinct 2",U.S. Senate,,REP,Justin Amash,15
Isabella,"Sherman Township, Precinct 2",U.S. Senate,,REP,Sherry O'Donnell,21
Isabella,"Sherman Township, Precinct 2",U.S. Senate,,REP,Sandy Pensler,24
Isabella,"Sherman Township, Precinct 2",U.S. Senate,,REP,Mike Rogers,161
Isabella,"Sherman Township, Precinct 2",U.S. Senate,,REP,Write-In,0
Isabella,"Sherman Township, Precinct 2",U.S. House,2,REP,John R. Moolenaar,221
Isabella,"Sherman Township, Precinct 2",U.S. House,2,REP,Write-In,0
Isabella,"Sherman Township, Precinct 2",State House,92,REP,Jerry Neyer,225
Isabella,"Sherman Township, Precinct 2",State House,92,REP,Write-In,0
Isabella,"Sherman Township, Precinct 2",County Prosecuting Attorney,,REP,Mark Kowalczyk,211
Isabella,"Sherman Township, Precinct 2",County Prosecuting Attorney,,REP,Write-In,0
Isabella,"Sherman Township, Precinct 2",County Sheriff,,REP,Michael Main,214
Isabella,"Sherman Township, Precinct 2",County Sheriff,,REP,Write-In,1
Isabella,"Sherman Township, Precinct 2",County Clerk,,REP,Minde B. Lux,213
Isabella,"Sherman Township, Precinct 2",County Clerk,,REP,Write-In,1
Isabella,"Sherman Township, Precinct 2",County Treasurer,,REP,Kathleen M. Schafer,215
Isabella,"Sherman Township, Precinct 2",County Treasurer,,REP,Write-In,0
Isabella,"Sherman Township, Precinct 2",County Register of Deeds,,REP,Karen R. Jackson,211
Isabella,"Sherman Township, Precinct 2",County Register of Deeds,,REP,Write-In,1
Isabella,"Sherman Township, Precinct 2",County Road Commissioner,,REP,Kelly D. Beltinck,115
Isabella,"Sherman Township, Precinct 2",County Road Commissioner,,REP,John M. Graham,109
Isabella,"Sherman Township, Precinct 2",County Road Commissioner,,REP,Patrick J. Recker,130
Isabella,"Sherman Township, Precinct 2",County Road Commissioner,,REP,Write-In,0
Isabella,"Sherman Township, Precinct 2",County Drain Commissioner,,REP,Robert J. Willoughby,207
Isabella,"Sherman Township, Precinct 2",County Drain Commissioner,,REP,Write-In,2
Isabella,"Sherman Township, Precinct 2",County Commissioner 2nd District,,REP,Bob Campbell,118
Isabella,"Sherman Township, Precinct 2",County Commissioner 2nd District,,REP,Christopher L. Embrey,114
Isabella,"Sherman Township, Precinct 2",County Commissioner 2nd District,,REP,Write-In,0
Isabella,"Sherman Township, Precinct 2",Sherman Township Supervisor,,REP,Tom Johnson,211
Isabella,"Sherman Township, Precinct 2",Sherman Township Supervisor,,REP,Write-In,1
Isabella,"Sherman Township, Precinct 2",Sherman Township Clerk,,REP,Denise M. Livermore,210
Isabella,"Sherman Township, Precinct 2",Sherman Township Clerk,,REP,Write-In,1
Isabella,"Sherman Township, Precinct 2",Sherman Township Treasurer,,REP,Teresa M. Clark,212
Isabella,"Sherman Township, Precinct 2",Sherman Township Treasurer,,REP,Write-In,1
Isabella,"Sherman Township, Precinct 2",Sherman Township Trustee,,REP,Jo Simon,154
Isabella,"Sherman Township, Precinct 2",Sherman Township Trustee,,REP,Jamie Smith,161
Isabella,"Sherman Township, Precinct 2",Sherman Township Trustee,,REP,Write-In,1
Isabella,"Sherman Township, Precinct 2","Sherman Township, Precinct 2 Delegate to County Convention",,REP,Write-In,2
Isabella,"Sherman Township, Precinct 2",Isabella County Renewal of Fixed Operational Millage,,,Yes,182
Isabella,"Sherman Township, Precinct 2",Isabella County Renewal of Fixed Operational Millage,,,No,209
Isabella,"Sherman Township, Precinct 2",Isabella County Parks and Recreation Millage Renewal Proposal,,,Yes,176
Isabella,"Sherman Township, Precinct 2",Isabella County Parks and Recreation Millage Renewal Proposal,,,No,224
Isabella,"Sherman Township, Precinct 2",Isabella County Transportation Commission (I-RIDE) Millage Renewal Proposal,,,Yes,208
Isabella,"Sherman Township, Precinct 2",Isabella County Transportation Commission (I-RIDE) Millage Renewal Proposal,,,No,191
Isabella,"Sherman Township, Precinct 2",Sherman Township Fire Protection Millage Renewal and Restoration Proposal,,,Yes,260
Isabella,"Sherman Township, Precinct 2",Sherman Township Fire Protection Millage Renewal and Restoration Proposal,,,No,142
Isabella,"Union Charter Township, Precinct 1",U.S. Senate,,DEM,Hill Harper,85
Isabella,"Union Charter Township, Precinct 1",U.S. Senate,,DEM,Elissa Slotkin,464
Isabella,"Union Charter Township, Precinct 1",U.S. Senate,,DEM,Write-In,2
Isabella,"Union Charter Township, Precinct 1",U.S. House,2,DEM,Michael Lynch,534
Isabella,"Union Charter Township, Precinct 1",U.S. House,2,DEM,Write-In,0
Isabella,"Union Charter Township, Precinct 1",State House,92,DEM,Timothy Odykirk,536
Isabella,"Union Charter Township, Precinct 1",State House,92,DEM,Write-In,1
Isabella,"Union Charter Township, Precinct 1",County Prosecuting Attorney,,DEM,Write-In,34
Isabella,"Union Charter Township, Precinct 1",County Sheriff,,DEM,Write-In,32
Isabella,"Union Charter Township, Precinct 1",County Clerk,,DEM,Patti Sandel,502
Isabella,"Union Charter Township, Precinct 1",County Clerk,,DEM,Write-In,0
Isabella,"Union Charter Township, Precinct 1",County Treasurer,,DEM,Write-In,26
Isabella,"Union Charter Township, Precinct 1",County Register of Deeds,,DEM,Write-In,27
Isabella,"Union Charter Township, Precinct 1",County Road Commissioner,,DEM,Bob Busch,510
Isabella,"Union Charter Township, Precinct 1",County Road Commissioner,,DEM,Write-In,0
Isabella,"Union Charter Township, Precinct 1",County Drain Commissioner,,DEM,Ryon Skalitzky,507
Isabella,"Union Charter Township, Precinct 1",County Drain Commissioner,,DEM,Write-In,0
Isabella,"Union Charter Township, Precinct 1",County Commissioner 4th District,,DEM,John D. Hayes,515
Isabella,"Union Charter Township, Precinct 1",County Commissioner 4th District,,DEM,Write-In,0
Isabella,"Union Charter Township, Precinct 1",Union Township Supervisor,,DEM,Bryan Mielke,504
Isabella,"Union Charter Township, Precinct 1",Union Township Supervisor,,DEM,Write-In,2
Isabella,"Union Charter Township, Precinct 1",Union Township Clerk,,DEM,Lisa Cody,506
Isabella,"Union Charter Township, Precinct 1",Union Township Clerk,,DEM,Write-In,0
Isabella,"Union Charter Township, Precinct 1",Union Township Treasurer,,DEM,Steffany Stine,491
Isabella,"Union Charter Township, Precinct 1",Union Township Treasurer,,DEM,Write-In,0
Isabella,"Union Charter Township, Precinct 1",Union Township Trustee,,DEM,Jeff Brown,441
Isabella,"Union Charter Township, Precinct 1",Union Township Trustee,,DEM,Tim Lannen,437
Isabella,"Union Charter Township, Precinct 1",Union Township Trustee,,DEM,Miranda Ley,450
Isabella,"Union Charter Township, Precinct 1",Union Township Trustee,,DEM,James R. Thering Jr.,447
Isabella,"Union Charter Township, Precinct 1",Union Township Trustee,,DEM,Write-In,1
Isabella,"Union Charter Township, Precinct 1","Union Township, Precinct 1 Delegate to County Convention",,DEM,Write-In,17
Isabella,"Union Charter Township, Precinct 1",U.S. Senate,,REP,Justin Amash,47
Isabella,"Union Charter Township, Precinct 1",U.S. Senate,,REP,Sherry O'Donnell,41
Isabella,"Union Charter Township, Precinct 1",U.S. Senate,,REP,Sandy Pensler,38
Isabella,"Union Charter Township, Precinct 1",U.S. Senate,,REP,Mike Rogers,435
Isabella,"Union Charter Township, Precinct 1",U.S. Senate,,REP,Write-In,0
Isabella,"Union Charter Township, Precinct 1",U.S. House,2,REP,John R. Moolenaar,554
Isabella,"Union Charter Township, Precinct 1",U.S. House,2,REP,Write-In,0
Isabella,"Union Charter Township, Precinct 1",State House,92,REP,Jerry Neyer,554
Isabella,"Union Charter Township, Precinct 1",State House,92,REP,Write-In,2
Isabella,"Union Charter Township, Precinct 1",County Prosecuting Attorney,,REP,Mark Kowalczyk,539
Isabella,"Union Charter Township, Precinct 1",County Prosecuting Attorney,,REP,Write-In,1
Isabella,"Union Charter Township, Precinct 1",County Sheriff,,REP,Michael Main,537
Isabella,"Union Charter Township, Precinct 1",County Sheriff,,REP,Write-In,2
Isabella,"Union Charter Township, Precinct 1",County Clerk,,REP,Minde B. Lux,521
Isabella,"Union Charter Township, Precinct 1",County Clerk,,REP,Write-In,2
Isabella,"Union Charter Township, Precinct 1",County Treasurer,,REP,Kathleen M. Schafer,540
Isabella,"Union Charter Township, Precinct 1",County Treasurer,,REP,Write-In,0
Isabella,"Union Charter Township, Precinct 1",County Register of Deeds,,REP,Karen R. Jackson,524
Isabella,"Union Charter Township, Precinct 1",County Register of Deeds,,REP,Write-In,1
Isabella,"Union Charter Township, Precinct 1",County Road Commissioner,,REP,Kelly D. Beltinck,328
Isabella,"Union Charter Township, Precinct 1",County Road Commissioner,,REP,John M. Graham,312
Isabella,"Union Charter Township, Precinct 1",County Road Commissioner,,REP,Patrick J. Recker,256
Isabella,"Union Charter Township, Precinct 1",County Road Commissioner,,REP,Write-In,2
Isabella,"Union Charter Township, Precinct 1",County Drain Commissioner,,REP,Robert J. Willoughby,514
Isabella,"Union Charter Township, Precinct 1",County Drain Commissioner,,REP,Write-In,4
Isabella,"Union Charter Township, Precinct 1",County Commissioner 4th District,,REP,Frank Engler,311
Isabella,"Union Charter Township, Precinct 1",County Commissioner 4th District,,REP,Brent Fisher,258
Isabella,"Union Charter Township, Precinct 1",County Commissioner 4th District,,REP,Write-In,1
Isabella,"Union Charter Township, Precinct 1",Union Township Supervisor,,REP,Write-In,33
Isabella,"Union Charter Township, Precinct 1",Union Township Clerk,,REP,Write-In,30
Isabella,"Union Charter Township, Precinct 1",Union Township Treasurer,,REP,Lori Rogers,491
Isabella,"Union Charter Township, Precinct 1",Union Township Treasurer,,REP,Write-In,3
Isabella,"Union Charter Township, Precinct 1",Union Township Trustee,,REP,Sarvjit Chowdhary,293
Isabella,"Union Charter Township, Precinct 1",Union Township Trustee,,REP,Brian A. Smith,451
Isabella,"Union Charter Township, Precinct 1",Union Township Trustee,,REP,Write-In,3
Isabella,"Union Charter Township, Precinct 1","Union Township, Precinct 1 Delegate to County Convention",,REP,Dale Jarman,309
Isabella,"Union Charter Township, Precinct 1","Union Township, Precinct 1 Delegate to County Convention",,REP,Mary Jarman,294
Isabella,"Union Charter Township, Precinct 1","Union Township, Precinct 1 Delegate to County Convention",,REP,James McBryde,343
Isabella,"Union Charter Township, Precinct 1","Union Township, Precinct 1 Delegate to County Convention",,REP,Bree Moeggenberg,331
Isabella,"Union Charter Township, Precinct 1","Union Township, Precinct 1 Delegate to County Convention",,REP,Lori Rogers,400
Isabella,"Union Charter Township, Precinct 1","Union Township, Precinct 1 Delegate to County Convention",,REP,Dan Siedlecki,293
Isabella,"Union Charter Township, Precinct 1","Union Township, Precinct 1 Delegate to County Convention",,REP,Matthew C. Taylor,271
Isabella,"Union Charter Township, Precinct 1","Union Township, Precinct 1 Delegate to County Convention",,REP,Write-In,3
Isabella,"Union Charter Township, Precinct 1",Isabella County Renewal of Fixed Operational Millage,,,Yes,739
Isabella,"Union Charter Township, Precinct 1",Isabella County Renewal of Fixed Operational Millage,,,No,474
Isabella,"Union Charter Township, Precinct 1",Isabella County Parks and Recreation Millage Renewal Proposal,,,Yes,760
Isabella,"Union Charter Township, Precinct 1",Isabella County Parks and Recreation Millage Renewal Proposal,,,No,471
Isabella,"Union Charter Township, Precinct 1",Isabella County Transportation Commission (I-RIDE) Millage Renewal Proposal,,,Yes,748
Isabella,"Union Charter Township, Precinct 1",Isabella County Transportation Commission (I-RIDE) Millage Renewal Proposal,,,No,487
Isabella,"Union Charter Township, Precinct 2",U.S. Senate,,DEM,Hill Harper,71
Isabella,"Union Charter Township, Precinct 2",U.S. Senate,,DEM,Elissa Slotkin,213
Isabella,"Union Charter Township, Precinct 2",U.S. Senate,,DEM,Write-In,0
Isabella,"Union Charter Township, Precinct 2",U.S. House,2,DEM,Michael Lynch,276
Isabella,"Union Charter Township, Precinct 2",U.S. House,2,DEM,Write-In,0
Isabella,"Union Charter Township, Precinct 2",State House,92,DEM,Timothy Odykirk,275
Isabella,"Union Charter Township, Precinct 2",State House,92,DEM,Write-In,1
Isabella,"Union Charter Township, Precinct 2",County Prosecuting Attorney,,DEM,Write-In,32
Isabella,"Union Charter Township, Precinct 2",County Sheriff,,DEM,Write-In,26
Isabella,"Union Charter Township, Precinct 2",County Clerk,,DEM,Patti Sandel,262
Isabella,"Union Charter Township, Precinct 2",County Clerk,,DEM,Write-In,1
Isabella,"Union Charter Township, Precinct 2",County Treasurer,,DEM,Write-In,23
Isabella,"Union Charter Township, Precinct 2",County Register of Deeds,,DEM,Write-In,25
Isabella,"Union Charter Township, Precinct 2",County Road Commissioner,,DEM,Bob Busch,270
Isabella,"Union Charter Township, Precinct 2",County Road Commissioner,,DEM,Write-In,3
Isabella,"Union Charter Township, Precinct 2",County Drain Commissioner,,DEM,Ryon Skalitzky,269
Isabella,"Union Charter Township, Precinct 2",County Drain Commissioner,,DEM,Write-In,1
Isabella,"Union Charter Township, Precinct 2",County Commissioner 6th District,,DEM,Steve Swaney,264
Isabella,"Union Charter Township, Precinct 2",County Commissioner 6th District,,DEM,Write-In,1
Isabella,"Union Charter Township, Precinct 2",Union Township Supervisor,,DEM,Bryan Mielke,258
Isabella,"Union Charter Township, Precinct 2",Union Township Supervisor,,DEM,Write-In,1
Isabella,"Union Charter Township, Precinct 2",Union Township Clerk,,DEM,Lisa Cody,258
Isabella,"Union Charter Township, Precinct 2",Union Township Clerk,,DEM,Write-In,0
Isabella,"Union Charter Township, Precinct 2",Union Township Treasurer,,DEM,Steffany Stine,253
Isabella,"Union Charter Township, Precinct 2",Union Township Treasurer,,DEM,Write-In,1
Isabella,"Union Charter Township, Precinct 2",Union Township Trustee,,DEM,Jeff Brown,228
Isabella,"Union Charter Township, Precinct 2",Union Township Trustee,,DEM,Tim Lannen,218
Isabella,"Union Charter Township, Precinct 2",Union Township Trustee,,DEM,Miranda Ley,236
Isabella,"Union Charter Township, Precinct 2",Union Township Trustee,,DEM,James R. Thering Jr.,218
Isabella,"Union Charter Township, Precinct 2",Union Township Trustee,,DEM,Write-In,0
Isabella,"Union Charter Township, Precinct 2","Union Township, Precinct 2 Delegate to County Convention",,DEM,Write-In,26
Isabella,"Union Charter Township, Precinct 2",U.S. Senate,,REP,Justin Amash,19
Isabella,"Union Charter Township, Precinct 2",U.S. Senate,,REP,Sherry O'Donnell,32
Isabella,"Union Charter Township, Precinct 2",U.S. Senate,,REP,Sandy Pensler,16
Isabella,"Union Charter Township, Precinct 2",U.S. Senate,,REP,Mike Rogers,169
Isabella,"Union Charter Township, Precinct 2",U.S. Senate,,REP,Write-In,0
Isabella,"Union Charter Township, Precinct 2",U.S. House,2,REP,John R. Moolenaar,233
Isabella,"Union Charter Township, Precinct 2",U.S. House,2,REP,Write-In,1
Isabella,"Union Charter Township, Precinct 2",State House,92,REP,Jerry Neyer,237
Isabella,"Union Charter Township, Precinct 2",State House,92,REP,Write-In,2
Isabella,"Union Charter Township, Precinct 2",County Prosecuting Attorney,,REP,Mark Kowalczyk,227
Isabella,"Union Charter Township, Precinct 2",County Prosecuting Attorney,,REP,Write-In,2
Isabella,"Union Charter Township, Precinct 2",County Sheriff,,REP,Michael Main,229
Isabella,"Union Charter Township, Precinct 2",County Sheriff,,REP,Write-In,2
Isabella,"Union Charter Township, Precinct 2",County Clerk,,REP,Minde B. Lux,219
Isabella,"Union Charter Township, Precinct 2",County Clerk,,REP,Write-In,5
Isabella,"Union Charter Township, Precinct 2",County Treasurer,,REP,Kathleen M. Schafer,225
Isabella,"Union Charter Township, Precinct 2",County Treasurer,,REP,Write-In,2
Isabella,"Union Charter Township, Precinct 2",County Register of Deeds,,REP,Karen R. Jackson,225
Isabella,"Union Charter Township, Precinct 2",County Register of Deeds,,REP,Write-In,2
Isabella,"Union Charter Township, Precinct 2",County Road Commissioner,,REP,Kelly D. Beltinck,109
Isabella,"Union Charter Township, Precinct 2",County Road Commissioner,,REP,John M. Graham,122
Isabella,"Union Charter Township, Precinct 2",County Road Commissioner,,REP,Patrick J. Recker,123
Isabella,"Union Charter Township, Precinct 2",County Road Commissioner,,REP,Write-In,2
Isabella,"Union Charter Township, Precinct 2",County Drain Commissioner,,REP,Robert J. Willoughby,229
Isabella,"Union Charter Township, Precinct 2",County Drain Commissioner,,REP,Write-In,2
Isabella,"Union Charter Township, Precinct 2",County Commissioner 6th District,,REP,Write-In,34
Isabella,"Union Charter Township, Precinct 2",Union Township Supervisor,,REP,Write-In,25
Isabella,"Union Charter Township, Precinct 2",Union Township Clerk,,REP,Write-In,25
Isabella,"Union Charter Township, Precinct 2",Union Township Treasurer,,REP,Lori Rogers,204
Isabella,"Union Charter Township, Precinct 2",Union Township Treasurer,,REP,Write-In,2
Isabella,"Union Charter Township, Precinct 2",Union Township Trustee,,REP,Sarvjit Chowdhary,101
Isabella,"Union Charter Township, Precinct 2",Union Township Trustee,,REP,Brian A. Smith,198
Isabella,"Union Charter Township, Precinct 2",Union Township Trustee,,REP,Write-In,2
Isabella,"Union Charter Township, Precinct 2","Union Township, Precinct 2 Delegate to County Convention",,REP,Gene Haymaker,174
Isabella,"Union Charter Township, Precinct 2","Union Township, Precinct 2 Delegate to County Convention",,REP,Ronda Haymaker,147
Isabella,"Union Charter Township, Precinct 2","Union Township, Precinct 2 Delegate to County Convention",,REP,Alexandria Phelps,142
Isabella,"Union Charter Township, Precinct 2","Union Township, Precinct 2 Delegate to County Convention",,REP,Write-In,2
Isabella,"Union Charter Township, Precinct 2",Isabella County Renewal of Fixed Operational Millage,,,Yes,352
Isabella,"Union Charter Township, Precinct 2",Isabella County Renewal of Fixed Operational Millage,,,No,211
Isabella,"Union Charter Township, Precinct 2",Isabella County Parks and Recreation Millage Renewal Proposal,,,Yes,359
Isabella,"Union Charter Township, Precinct 2",Isabella County Parks and Recreation Millage Renewal Proposal,,,No,211
Isabella,"Union Charter Township, Precinct 2",Isabella County Transportation Commission (I-RIDE) Millage Renewal Proposal,,,Yes,381
Isabella,"Union Charter Township, Precinct 2",Isabella County Transportation Commission (I-RIDE) Millage Renewal Proposal,,,No,190
Isabella,"Vernon Township, Precinct 1",U.S. Senate,,DEM,Hill Harper,18
Isabella,"Vernon Township, Precinct 1",U.S. Senate,,DEM,Elissa Slotkin,81
Isabella,"Vernon Township, Precinct 1",U.S. Senate,,DEM,Write-In,0
Isabella,"Vernon Township, Precinct 1",U.S. House,2,DEM,Michael Lynch,91
Isabella,"Vernon Township, Precinct 1",U.S. House,2,DEM,Write-In,0
Isabella,"Vernon Township, Precinct 1",State House,92,DEM,Timothy Odykirk,91
Isabella,"Vernon Township, Precinct 1",State House,92,DEM,Write-In,0
Isabella,"Vernon Township, Precinct 1",County Prosecuting Attorney,,DEM,Write-In,12
Isabella,"Vernon Township, Precinct 1",County Sheriff,,DEM,Write-In,10
Isabella,"Vernon Township, Precinct 1",County Clerk,,DEM,Patti Sandel,83
Isabella,"Vernon Township, Precinct 1",County Clerk,,DEM,Write-In,0
Isabella,"Vernon Township, Precinct 1",County Treasurer,,DEM,Write-In,10
Isabella,"Vernon Township, Precinct 1",County Register of Deeds,,DEM,Write-In,8
Isabella,"Vernon Township, Precinct 1",County Road Commissioner,,DEM,Bob Busch,85
Isabella,"Vernon Township, Precinct 1",County Road Commissioner,,DEM,Write-In,0
Isabella,"Vernon Township, Precinct 1",County Drain Commissioner,,DEM,Ryon Skalitzky,82
Isabella,"Vernon Township, Precinct 1",County Drain Commissioner,,DEM,Write-In,1
Isabella,"Vernon Township, Precinct 1",County Commissioner 1st District,,DEM,Nicole S. Hagle,86
Isabella,"Vernon Township, Precinct 1",County Commissioner 1st District,,DEM,Write-In,0
Isabella,"Vernon Township, Precinct 1",Vernon Township Supervisor,,DEM,Write-In,8
Isabella,"Vernon Township, Precinct 1",Vernon Township Clerk,,DEM,Write-In,7
Isabella,"Vernon Township, Precinct 1",Vernon Township Treasurer,,DEM,Write-In,7
Isabella,"Vernon Township, Precinct 1",Vernon Township Trustee,,DEM,Write-In,8
Isabella,"Vernon Township, Precinct 1","Vernon Township, Precinct 1 Delegate to County Convention",,DEM,Write-In,8
Isabella,"Vernon Township, Precinct 1",U.S. Senate,,REP,Justin Amash,20
Isabella,"Vernon Township, Precinct 1",U.S. Senate,,REP,Sherry O'Donnell,27
Isabella,"Vernon Township, Precinct 1",U.S. Senate,,REP,Sandy Pensler,9
Isabella,"Vernon Township, Precinct 1",U.S. Senate,,REP,Mike Rogers,185
Isabella,"Vernon Township, Precinct 1",U.S. Senate,,REP,Write-In,0
Isabella,"Vernon Township, Precinct 1",U.S. House,2,REP,John R. Moolenaar,236
Isabella,"Vernon Township, Precinct 1",U.S. House,2,REP,Write-In,0
Isabella,"Vernon Township, Precinct 1",State House,92,REP,Jerry Neyer,238
Isabella,"Vernon Township, Precinct 1",State House,92,REP,Write-In,0
Isabella,"Vernon Township, Precinct 1",County Prosecuting Attorney,,REP,Mark Kowalczyk,230
Isabella,"Vernon Township, Precinct 1",County Prosecuting Attorney,,REP,Write-In,1
Isabella,"Vernon Township, Precinct 1",County Sheriff,,REP,Michael Main,239
Isabella,"Vernon Township, Precinct 1",County Sheriff,,REP,Write-In,1
Isabella,"Vernon Township, Precinct 1",County Clerk,,REP,Minde B. Lux,236
Isabella,"Vernon Township, Precinct 1",County Clerk,,REP,Write-In,1
Isabella,"Vernon Township, Precinct 1",County Treasurer,,REP,Kathleen M. Schafer,234
Isabella,"Vernon Township, Precinct 1",County Treasurer,,REP,Write-In,0
Isabella,"Vernon Township, Precinct 1",County Register of Deeds,,REP,Karen R. Jackson,231
Isabella,"Vernon Township, Precinct 1",County Register of Deeds,,REP,Write-In,0
Isabella,"Vernon Township, Precinct 1",County Road Commissioner,,REP,Kelly D. Beltinck,125
Isabella,"Vernon Township, Precinct 1",County Road Commissioner,,REP,John M. Graham,167
Isabella,"Vernon Township, Precinct 1",County Road Commissioner,,REP,Patrick J. Recker,119
Isabella,"Vernon Township, Precinct 1",County Road Commissioner,,REP,Write-In,0
Isabella,"Vernon Township, Precinct 1",County Drain Commissioner,,REP,Robert J. Willoughby,230
Isabella,"Vernon Township, Precinct 1",County Drain Commissioner,,REP,Write-In,0
Isabella,"Vernon Township, Precinct 1",County Commissioner 1st District,,REP,Terry Hutchinson,140
Isabella,"Vernon Township, Precinct 1",County Commissioner 1st District,,REP,Steven G. Weber,97
Isabella,"Vernon Township, Precinct 1",County Commissioner 1st District,,REP,Write-In,1
Isabella,"Vernon Township, Precinct 1",Vernon Township Supervisor,,REP,Ben Browning,230
Isabella,"Vernon Township, Precinct 1",Vernon Township Supervisor,,REP,Write-In,0
Isabella,"Vernon Township, Precinct 1",Vernon Township Clerk,,REP,Loren L. Cole,231
Isabella,"Vernon Township, Precinct 1",Vernon Township Clerk,,REP,Write-In,0
Isabella,"Vernon Township, Precinct 1",Vernon Township Treasurer,,REP,Stephanie Allen,235
Isabella,"Vernon Township, Precinct 1",Vernon Township Treasurer,,REP,Write-In,0
Isabella,"Vernon Township, Precinct 1",Vernon Township Trustee,,REP,Lee Cole,202
Isabella,"Vernon Township, Precinct 1",Vernon Township Trustee,,REP,E. Jeffery Denton,185
Isabella,"Vernon Township, Precinct 1",Vernon Township Trustee,,REP,Write-In,0
Isabella,"Vernon Township, Precinct 1","Vernon Township, Precinct 1 Delegate to County Convention",,REP,Kelly R. Bean,204
Isabella,"Vernon Township, Precinct 1","Vernon Township, Precinct 1 Delegate to County Convention",,REP,Denise Young-Bean,165
Isabella,"Vernon Township, Precinct 1","Vernon Township, Precinct 1 Delegate to County Convention",,REP,Write-In,2
Isabella,"Vernon Township, Precinct 1",Isabella County Renewal of Fixed Operational Millage,,,Yes,178
Isabella,"Vernon Township, Precinct 1",Isabella County Renewal of Fixed Operational Millage,,,No,199
Isabella,"Vernon Township, Precinct 1",Isabella County Parks and Recreation Millage Renewal Proposal,,,Yes,162
Isabella,"Vernon Township, Precinct 1",Isabella County Parks and Recreation Millage Renewal Proposal,,,No,221
Isabella,"Vernon Township, Precinct 1",Isabella County Transportation Commission (I-RIDE) Millage Renewal Proposal,,,Yes,175
Isabella,"Vernon Township, Precinct 1",Isabella County Transportation Commission (I-RIDE) Millage Renewal Proposal,,,No,206
Isabella,"Vernon Township, Precinct 1",Clare Public Schools Bond Proposal,,,Yes,139
Isabella,"Vernon Township, Precinct 1",Clare Public Schools Bond Proposal,,,No,135
Isabella,"Vernon Township, Precinct 1",Farwell Area Schools Sinking Fund Millage Renewal Proposal,,,Yes,7
Isabella,"Vernon Township, Precinct 1",Farwell Area Schools Sinking Fund Millage Renewal Proposal,,,No,10
Isabella,"Wise Township, Precinct 1",U.S. Senate,,DEM,Hill Harper,10
Isabella,"Wise Township, Precinct 1",U.S. Senate,,DEM,Elissa Slotkin,44
Isabella,"Wise Township, Precinct 1",U.S. Senate,,DEM,Write-In,0
Isabella,"Wise Township, Precinct 1",U.S. House,2,DEM,Michael Lynch,51
Isabella,"Wise Township, Precinct 1",U.S. House,2,DEM,Write-In,0
Isabella,"Wise Township, Precinct 1",State House,92,DEM,Timothy Odykirk,52
Isabella,"Wise Township, Precinct 1",State House,92,DEM,Write-In,0
Isabella,"Wise Township, Precinct 1",County Prosecuting Attorney,,DEM,Write-In,5
Isabella,"Wise Township, Precinct 1",County Sheriff,,DEM,Write-In,6
Isabella,"Wise Township, Precinct 1",County Clerk,,DEM,Patti Sandel,41
Isabella,"Wise Township, Precinct 1",County Clerk,,DEM,Write-In,0
Isabella,"Wise Township, Precinct 1",County Treasurer,,DEM,Write-In,5
Isabella,"Wise Township, Precinct 1",County Register of Deeds,,DEM,Write-In,4
Isabella,"Wise Township, Precinct 1",County Road Commissioner,,DEM,Bob Busch,45
Isabella,"Wise Township, Precinct 1",County Road Commissioner,,DEM,Write-In,0
Isabella,"Wise Township, Precinct 1",County Drain Commissioner,,DEM,Ryon Skalitzky,44
Isabella,"Wise Township, Precinct 1",County Drain Commissioner,,DEM,Write-In,0
Isabella,"Wise Township, Precinct 1",County Commissioner 1st District,,DEM,Nicole S. Hagle,46
Isabella,"Wise Township, Precinct 1",County Commissioner 1st District,,DEM,Write-In,0
Isabella,"Wise Township, Precinct 1",Wise Township Supervisor,,DEM,Write-In,5
Isabella,"Wise Township, Precinct 1",Wise Township Clerk,,DEM,Write-In,5
Isabella,"Wise Township, Precinct 1",Wise Township Treasurer,,DEM,Write-In,5
Isabella,"Wise Township, Precinct 1",Wise Township Trustee,,DEM,Write-In,7
Isabella,"Wise Township, Precinct 1","Wise Township, Precinct 1 Delegate to County Convention",,DEM,Write-In,3
Isabella,"Wise Township, Precinct 1",U.S. Senate,,REP,Justin Amash,21
Isabella,"Wise Township, Precinct 1",U.S. Senate,,REP,Sherry O'Donnell,22
Isabella,"Wise Township, Precinct 1",U.S. Senate,,REP,Sandy Pensler,15
Isabella,"Wise Township, Precinct 1",U.S. Senate,,REP,Mike Rogers,151
Isabella,"Wise Township, Precinct 1",U.S. Senate,,REP,Write-In,1
Isabella,"Wise Township, Precinct 1",U.S. House,2,REP,John R. Moolenaar,204
Isabella,"Wise Township, Precinct 1",U.S. House,2,REP,Write-In,1
Isabella,"Wise Township, Precinct 1",State House,92,REP,Jerry Neyer,205
Isabella,"Wise Township, Precinct 1",State House,92,REP,Write-In,2
Isabella,"Wise Township, Precinct 1",County Prosecuting Attorney,,REP,Mark Kowalczyk,189
Isabella,"Wise Township, Precinct 1",County Prosecuting Attorney,,REP,Write-In,3
Isabella,"Wise Township, Precinct 1",County Sheriff,,REP,Michael Main,198
Isabella,"Wise Township, Precinct 1",County Sheriff,,REP,Write-In,2
Isabella,"Wise Township, Precinct 1",County Clerk,,REP,Minde B. Lux,194
Isabella,"Wise Township, Precinct 1",County Clerk,,REP,Write-In,3
Isabella,"Wise Township, Precinct 1",County Treasurer,,REP,Kathleen M. Schafer,191
Isabella,"Wise Township, Precinct 1",County Treasurer,,REP,Write-In,2
Isabella,"Wise Township, Precinct 1",County Register of Deeds,,REP,Karen R. Jackson,187
Isabella,"Wise Township, Precinct 1",County Register of Deeds,,REP,Write-In,1
Isabella,"Wise Township, Precinct 1",County Road Commissioner,,REP,Kelly D. Beltinck,94
Isabella,"Wise Township, Precinct 1",County Road Commissioner,,REP,John M. Graham,115
Isabella,"Wise Township, Precinct 1",County Road Commissioner,,REP,Patrick J. Recker,101
Isabella,"Wise Township, Precinct 1",County Road Commissioner,,REP,Write-In,2
Isabella,"Wise Township, Precinct 1",County Drain Commissioner,,REP,Robert J. Willoughby,193
Isabella,"Wise Township, Precinct 1",County Drain Commissioner,,REP,Write-In,1
Isabella,"Wise Township, Precinct 1",County Commissioner 1st District,,REP,Terry Hutchinson,87
Isabella,"Wise Township, Precinct 1",County Commissioner 1st District,,REP,Steven G. Weber,104
Isabella,"Wise Township, Precinct 1",County Commissioner 1st District,,REP,Write-In,1
Isabella,"Wise Township, Precinct 1",Wise Township Supervisor,,REP,Richard A. Los,100
Isabella,"Wise Township, Precinct 1",Wise Township Supervisor,,REP,John D. Moore,41
Isabella,"Wise Township, Precinct 1",Wise Township Supervisor,,REP,Robert Moore,100
Isabella,"Wise Township, Precinct 1",Wise Township Supervisor,,REP,Write-In,0
Isabella,"Wise Township, Precinct 1",Wise Township Clerk,,REP,Doris Methner,204
Isabella,"Wise Township, Precinct 1",Wise Township Clerk,,REP,Write-In,2
Isabella,"Wise Township, Precinct 1",Wise Township Treasurer,,REP,Shannon Penny,199
Isabella,"Wise Township, Precinct 1",Wise Township Treasurer,,REP,Write-In,1
Isabella,"Wise Township, Precinct 1",Wise Township Trustee,,REP,Darcie L. Bower,138
Isabella,"Wise Township, Precinct 1",Wise Township Trustee,,REP,Travis Burgess,141
Isabella,"Wise Township, Precinct 1",Wise Township Trustee,,REP,Gus Pappas,106
Isabella,"Wise Township, Precinct 1",Wise Township Trustee,,REP,Write-In,1
Isabella,"Wise Township, Precinct 1","Wise Township, Precinct 1 Delegate to County Convention",,REP,Write-In,12
Isabella,"Wise Township, Precinct 1",Isabella County Renewal of Fixed Operational Millage,,,Yes,123
Isabella,"Wise Township, Precinct 1",Isabella County Renewal of Fixed Operational Millage,,,No,193
Isabella,"Wise Township, Precinct 1",Isabella County Parks and Recreation Millage Renewal Proposal,,,Yes,125
Isabella,"Wise Township, Precinct 1",Isabella County Parks and Recreation Millage Renewal Proposal,,,No,195
Isabella,"Wise Township, Precinct 1",Isabella County Transportation Commission (I-RIDE) Millage Renewal Proposal,,,Yes,127
Isabella,"Wise Township, Precinct 1",Isabella County Transportation Commission (I-RIDE) Millage Renewal Proposal,,,No,191
Isabella,"Wise Township, Precinct 1",Wise Township Road Millage Renewal,,,Yes,152
Isabella,"Wise Township, Precinct 1",Wise Township Road Millage Renewal,,,No,169
Isabella,"Wise Township, Precinct 1",Clare Public Schools Bond Proposal,,,Yes,57
Isabella,"Wise Township, Precinct 1",Clare Public Schools Bond Proposal,,,No,97
Isabella,"City of Clare, Precinct 1 (Out of County)",County Prosecuting Attorney,,DEM,Write-In,1
Isabella,"City of Clare, Precinct 1 (Out of County)",County Sheriff,,DEM,Write-In,1
Isabella,"City of Clare, Precinct 1 (Out of County)",County Clerk,,DEM,Patti Sandel,1
Isabella,"City of Clare, Precinct 1 (Out of County)",County Clerk,,DEM,Write-In,0
Isabella,"City of Clare, Precinct 1 (Out of County)",County Treasurer,,DEM,Write-In,1
Isabella,"City of Clare, Precinct 1 (Out of County)",County Register of Deeds,,DEM,Write-In,1
Isabella,"City of Clare, Precinct 1 (Out of County)",County Road Commissioner,,DEM,Bob Busch,2
Isabella,"City of Clare, Precinct 1 (Out of County)",County Road Commissioner,,DEM,Write-In,0
Isabella,"City of Clare, Precinct 1 (Out of County)",County Drain Commissioner,,DEM,Ryon Skalitzky,2
Isabella,"City of Clare, Precinct 1 (Out of County)",County Drain Commissioner,,DEM,Write-In,0
Isabella,"City of Clare, Precinct 1 (Out of County)",County Commissioner 1st District,,DEM,Nicole S. Hagle,1
Isabella,"City of Clare, Precinct 1 (Out of County)",County Commissioner 1st District,,DEM,Write-In,0
Isabella,"City of Clare, Precinct 1 (Out of County)","City of Clare, Precinct 1 Delegate (Out of County) Delegate to County Convention",,DEM,Write-In,1
Isabella,"City of Clare, Precinct 1 (Out of County)",County Prosecuting Attorney,,REP,Mark Kowalczyk,2
Isabella,"City of Clare, Precinct 1 (Out of County)",County Prosecuting Attorney,,REP,Write-In,0
Isabella,"City of Clare, Precinct 1 (Out of County)",County Sheriff,,REP,Michael Main,2
Isabella,"City of Clare, Precinct 1 (Out of County)",County Sheriff,,REP,Write-In,0
Isabella,"City of Clare, Precinct 1 (Out of County)",County Clerk,,REP,Minde B. Lux,2
Isabella,"City of Clare, Precinct 1 (Out of County)",County Clerk,,REP,Write-In,0
Isabella,"City of Clare, Precinct 1 (Out of County)",County Treasurer,,REP,Kathleen M. Schafer,3
Isabella,"City of Clare, Precinct 1 (Out of County)",County Treasurer,,REP,Write-In,0
Isabella,"City of Clare, Precinct 1 (Out of County)",County Register of Deeds,,REP,Karen R. Jackson,2
Isabella,"City of Clare, Precinct 1 (Out of County)",County Register of Deeds,,REP,Write-In,0
Isabella,"City of Clare, Precinct 1 (Out of County)",County Road Commissioner,,REP,Kelly D. Beltinck,2
Isabella,"City of Clare, Precinct 1 (Out of County)",County Road Commissioner,,REP,John M. Graham,1
Isabella,"City of Clare, Precinct 1 (Out of County)",County Road Commissioner,,REP,Patrick J. Recker,1
Isabella,"City of Clare, Precinct 1 (Out of County)",County Road Commissioner,,REP,Write-In,0
Isabella,"City of Clare, Precinct 1 (Out of County)",County Drain Commissioner,,REP,Robert J. Willoughby,2
Isabella,"City of Clare, Precinct 1 (Out of County)",County Drain Commissioner,,REP,Write-In,0
Isabella,"City of Clare, Precinct 1 (Out of County)",County Commissioner 1st District,,REP,Terry Hutchinson,1
Isabella,"City of Clare, Precinct 1 (Out of County)",County Commissioner 1st District,,REP,Steven G. Weber,1
Isabella,"City of Clare, Precinct 1 (Out of County)",County Commissioner 1st District,,REP,Write-In,0
Isabella,"City of Clare, Precinct 1 (Out of County)","City of Clare, Precinct 1 Delegate (Out of County) Delegate to County Convention",,REP,Write-In,1
Isabella,"City of Clare, Precinct 1 (Out of County)",Isabella County Renewal of Fixed Operational Millage,,,Yes,1
Isabella,"City of Clare, Precinct 1 (Out of County)",Isabella County Renewal of Fixed Operational Millage,,,No,5
Isabella,"City of Clare, Precinct 1 (Out of County)",Isabella County Parks and Recreation Millage Renewal Proposal,,,Yes,1
Isabella,"City of Clare, Precinct 1 (Out of County)",Isabella County Parks and Recreation Millage Renewal Proposal,,,No,5
Isabella,"City of Clare, Precinct 1 (Out of County)",Isabella County Transportation Commission (I-RIDE) Millage Renewal Proposal,,,Yes,1
Isabella,"City of Clare, Precinct 1 (Out of County)",Isabella County Transportation Commission (I-RIDE) Millage Renewal Proposal,,,No,5
Isabella,"City of Mt. Pleasant, Precinct 1",Ballots Cast,,,,1086
Isabella,"City of Mt. Pleasant, Precinct 2",Ballots Cast,,,,1370
Isabella,"City of Mt. Pleasant, Precinct 3",Ballots Cast,,,,613
Isabella,"Broomfield Township, Precinct 1",Ballots Cast,,,,468
Isabella,"Chippewa Township, Precinct 1",Ballots Cast,,,,487
Isabella,"Chippewa Township, Precinct 2",Ballots Cast,,,,311
Isabella,"Coe Township, Precinct 1",Ballots Cast,,,,895
Isabella,"Coldwater Township, Precinct 1",Ballots Cast,,,,179
Isabella,"Deerfield Township, Precinct 1",Ballots Cast,,,,682
Isabella,"Deerfield Township, Precinct 2",Ballots Cast,,,,356
Isabella,"Denver Township, Precinct 1",Ballots Cast,,,,235
Isabella,"Fremont Township, Precinct 1",Ballots Cast,,,,382
Isabella,"Gilmore Township, Precinct 1",Ballots Cast,,,,382
Isabella,"Isabella Township, Precinct 1",Ballots Cast,,,,521
Isabella,"Lincoln Township, Precinct 1",Ballots Cast,,,,623
Isabella,"Nottawa Township, Precinct 1",Ballots Cast,,,,708
Isabella,"Rolland Township, Precinct 1",Ballots Cast,,,,304
Isabella,"Sherman Township, Precinct 1",Ballots Cast,,,,418
Isabella,"Sherman Township, Precinct 2",Ballots Cast,,,,413
Isabella,"Union Charter Township, Precinct 1",Ballots Cast,,,,1276
Isabella,"Union Charter Township, Precinct 2",Ballots Cast,,,,589
Isabella,"Vernon Township, Precinct 1",Ballots Cast,,,,402
Isabella,"Wise Township, Precinct 1",Ballots Cast,,,,331
Isabella,"City of Clare, Precinct 1 (Out of County)",Ballots Cast,,,,6
