county,precinct,office,district,party,candidate,votes
Van Buren,"City of Bangor, Precinct 1",U.S. Senate,,DEM,Hill Harper,16
Van Buren,"City of Bangor, Precinct 1",U.S. Senate,,DEM,Elissa Slotkin,41
Van Buren,"City of Bangor, Precinct 1",U.S. Senate,,DEM,Write-In,0
Van Buren,"City of Bangor, Precinct 1",U.S. House,4,DEM,Jessica Swartz,57
Van Buren,"City of Bangor, Precinct 1",U.S. House,4,DEM,Write-In,0
Van Buren,"City of Bangor, Precinct 1",State House,39,DEM,Jared Polonowski,24
Van Buren,"City of Bangor, Precinct 1",State House,39,DEM,Kerry Tapper,32
Van Buren,"City of Bangor, Precinct 1",State House,39,DEM,Write-In,0
Van Buren,"City of Bangor, Precinct 1",Prosecuting Attorney,,DEM,Write-In,9
Van Buren,"City of Bangor, Precinct 1",Sheriff,,DEM,Write-In,10
Van Buren,"City of Bangor, Precinct 1",County Clerk,,DEM,Write-In,9
Van Buren,"City of Bangor, Precinct 1",County Treasurer,,DEM,Write-In,9
Van Buren,"City of Bangor, Precinct 1",Register of Deeds,,DEM,Mia King,47
Van Buren,"City of Bangor, Precinct 1",Register of Deeds,,DEM,Write-In,0
Van Buren,"City of Bangor, Precinct 1",Drain Commissioner,,DEM,Write-In,9
Van Buren,"City of Bangor, Precinct 1",Surveyor,,DEM,Write-In,10
Van Buren,"City of Bangor, Precinct 1",County Commissioner 3,,DEM,Nancy Backas,49
Van Buren,"City of Bangor, Precinct 1",County Commissioner 3,,DEM,Write-In,0
Van Buren,"City of Bangor, Precinct 1",Bangor City Delegate to County Convention,,DEM,Write-In,10
Van Buren,"City of Bangor, Precinct 1",U.S. Senate,,REP,Justin Amash,19
Van Buren,"City of Bangor, Precinct 1",U.S. Senate,,REP,Sherry O'Donnell,12
Van Buren,"City of Bangor, Precinct 1",U.S. Senate,,REP,Sandy Pensler,8
Van Buren,"City of Bangor, Precinct 1",U.S. Senate,,REP,Mike Rogers,56
Van Buren,"City of Bangor, Precinct 1",U.S. Senate,,REP,Write-In,1
Van Buren,"City of Bangor, Precinct 1",U.S. House,4,REP,Bill Huizenga,83
Van Buren,"City of Bangor, Precinct 1",U.S. House,4,REP,Brendan Muir,14
Van Buren,"City of Bangor, Precinct 1",U.S. House,4,REP,Write-In,1
Van Buren,"City of Bangor, Precinct 1",State House,39,REP,Richard Overton,29
Van Buren,"City of Bangor, Precinct 1",State House,39,REP,Pauline Wendzel,67
Van Buren,"City of Bangor, Precinct 1",State House,39,REP,Write-In,2
Van Buren,"City of Bangor, Precinct 1",Prosecuting Attorney,,REP,Susan Zuiderveen,91
Van Buren,"City of Bangor, Precinct 1",Prosecuting Attorney,,REP,Write-In,2
Van Buren,"City of Bangor, Precinct 1",Sheriff,,REP,Daniel E. Abbott,95
Van Buren,"City of Bangor, Precinct 1",Sheriff,,REP,Write-In,3
Van Buren,"City of Bangor, Precinct 1",County Clerk,,REP,Suzie Roehm,90
Van Buren,"City of Bangor, Precinct 1",County Clerk,,REP,Write-In,2
Van Buren,"City of Bangor, Precinct 1",County Treasurer,,REP,Trisha Nesbitt,92
Van Buren,"City of Bangor, Precinct 1",County Treasurer,,REP,Write-In,1
Van Buren,"City of Bangor, Precinct 1",Register of Deeds,,REP,Paul W. DeYoung,92
Van Buren,"City of Bangor, Precinct 1",Register of Deeds,,REP,Write-In,1
Van Buren,"City of Bangor, Precinct 1",Drain Commissioner,,REP,Joe Parman,93
Van Buren,"City of Bangor, Precinct 1",Drain Commissioner,,REP,Write-In,1
Van Buren,"City of Bangor, Precinct 1",Surveyor,,REP,Charles D. Lossie,87
Van Buren,"City of Bangor, Precinct 1",Surveyor,,REP,Write-In,2
Van Buren,"City of Bangor, Precinct 1",County Commissioner 3,,REP,Kurt Doroh,92
Van Buren,"City of Bangor, Precinct 1",County Commissioner 3,,REP,Write-In,1
Van Buren,"City of Bangor, Precinct 1",Bangor City Delegate to County Convention,,REP,Write-In,17
Van Buren,"City of Bangor, Precinct 1",County 9-1-1 Surcharge Renewal,,,Yes,102
Van Buren,"City of Bangor, Precinct 1",County 9-1-1 Surcharge Renewal,,,No,53
Van Buren,"City of Bangor, Precinct 1",County Road Millage Renewal,,,Yes,100
Van Buren,"City of Bangor, Precinct 1",County Road Millage Renewal,,,No,55
Van Buren,"City of Bangor, Precinct 1",County Public Transit Millage Renewal,,,Yes,104
Van Buren,"City of Bangor, Precinct 1",County Public Transit Millage Renewal,,,No,51
Van Buren,"City of Bangor, Precinct 1",County Veterans Services Millage Renewal,,,Yes,126
Van Buren,"City of Bangor, Precinct 1",County Veterans Services Millage Renewal,,,No,30
Van Buren,"City of Bangor, Precinct 1",Bangor Public Schools Operating Millage,,,Yes,99
Van Buren,"City of Bangor, Precinct 1",Bangor Public Schools Operating Millage,,,No,57
Van Buren,"City of Bangor, Precinct 1",VBISD Millage Renewal,,,Yes,100
Van Buren,"City of Bangor, Precinct 1",VBISD Millage Renewal,,,No,54
Van Buren,"City of Gobles, Precinct 1",U.S. Senate,,DEM,Hill Harper,4
Van Buren,"City of Gobles, Precinct 1",U.S. Senate,,DEM,Elissa Slotkin,41
Van Buren,"City of Gobles, Precinct 1",U.S. Senate,,DEM,Write-In,0
Van Buren,"City of Gobles, Precinct 1",U.S. House,4,DEM,Jessica Swartz,36
Van Buren,"City of Gobles, Precinct 1",U.S. House,4,DEM,Write-In,0
Van Buren,"City of Gobles, Precinct 1",State House,39,DEM,Jared Polonowski,13
Van Buren,"City of Gobles, Precinct 1",State House,39,DEM,Kerry Tapper,25
Van Buren,"City of Gobles, Precinct 1",State House,39,DEM,Write-In,0
Van Buren,"City of Gobles, Precinct 1",Prosecuting Attorney,,DEM,Write-In,5
Van Buren,"City of Gobles, Precinct 1",Sheriff,,DEM,Write-In,4
Van Buren,"City of Gobles, Precinct 1",County Clerk,,DEM,Write-In,6
Van Buren,"City of Gobles, Precinct 1",County Treasurer,,DEM,Write-In,4
Van Buren,"City of Gobles, Precinct 1",Register of Deeds,,DEM,Mia King,28
Van Buren,"City of Gobles, Precinct 1",Register of Deeds,,DEM,Write-In,0
Van Buren,"City of Gobles, Precinct 1",Drain Commissioner,,DEM,Write-In,4
Van Buren,"City of Gobles, Precinct 1",Surveyor,,DEM,Write-In,3
Van Buren,"City of Gobles, Precinct 1",County Commissioner 4,,DEM,Write-In,3
Van Buren,"City of Gobles, Precinct 1",Gobles City Delegate to County Convention,,DEM,Write-In,3
Van Buren,"City of Gobles, Precinct 1",U.S. Senate,,REP,Justin Amash,10
Van Buren,"City of Gobles, Precinct 1",U.S. Senate,,REP,Sherry O'Donnell,12
Van Buren,"City of Gobles, Precinct 1",U.S. Senate,,REP,Sandy Pensler,5
Van Buren,"City of Gobles, Precinct 1",U.S. Senate,,REP,Mike Rogers,36
Van Buren,"City of Gobles, Precinct 1",U.S. Senate,,REP,Write-In,0
Van Buren,"City of Gobles, Precinct 1",U.S. House,4,REP,Bill Huizenga,55
Van Buren,"City of Gobles, Precinct 1",U.S. House,4,REP,Brendan Muir,7
Van Buren,"City of Gobles, Precinct 1",U.S. House,4,REP,Write-In,0
Van Buren,"City of Gobles, Precinct 1",State House,39,REP,Richard Overton,20
Van Buren,"City of Gobles, Precinct 1",State House,39,REP,Pauline Wendzel,43
Van Buren,"City of Gobles, Precinct 1",State House,39,REP,Write-In,0
Van Buren,"City of Gobles, Precinct 1",Prosecuting Attorney,,REP,Susan Zuiderveen,56
Van Buren,"City of Gobles, Precinct 1",Prosecuting Attorney,,REP,Write-In,1
Van Buren,"City of Gobles, Precinct 1",Sheriff,,REP,Daniel E. Abbott,57
Van Buren,"City of Gobles, Precinct 1",Sheriff,,REP,Write-In,1
Van Buren,"City of Gobles, Precinct 1",County Clerk,,REP,Suzie Roehm,56
Van Buren,"City of Gobles, Precinct 1",County Clerk,,REP,Write-In,1
Van Buren,"City of Gobles, Precinct 1",County Treasurer,,REP,Trisha Nesbitt,55
Van Buren,"City of Gobles, Precinct 1",County Treasurer,,REP,Write-In,1
Van Buren,"City of Gobles, Precinct 1",Register of Deeds,,REP,Paul W. DeYoung,56
Van Buren,"City of Gobles, Precinct 1",Register of Deeds,,REP,Write-In,0
Van Buren,"City of Gobles, Precinct 1",Drain Commissioner,,REP,Joe Parman,53
Van Buren,"City of Gobles, Precinct 1",Drain Commissioner,,REP,Write-In,2
Van Buren,"City of Gobles, Precinct 1",Surveyor,,REP,Charles D. Lossie,54
Van Buren,"City of Gobles, Precinct 1",Surveyor,,REP,Write-In,1
Van Buren,"City of Gobles, Precinct 1",County Commissioner 4,,REP,David J. DiStefano,35
Van Buren,"City of Gobles, Precinct 1",County Commissioner 4,,REP,Bill Irwin,22
Van Buren,"City of Gobles, Precinct 1",County Commissioner 4,,REP,Write-In,0
Van Buren,"City of Gobles, Precinct 1",Gobles City Delegate to County Convention,,REP,Write-In,6
Van Buren,"City of Gobles, Precinct 1",County 9-1-1 Surcharge Renewal,,,Yes,79
Van Buren,"City of Gobles, Precinct 1",County 9-1-1 Surcharge Renewal,,,No,28
Van Buren,"City of Gobles, Precinct 1",County Road Millage Renewal,,,Yes,78
Van Buren,"City of Gobles, Precinct 1",County Road Millage Renewal,,,No,29
Van Buren,"City of Gobles, Precinct 1",County Public Transit Millage Renewal,,,Yes,67
Van Buren,"City of Gobles, Precinct 1",County Public Transit Millage Renewal,,,No,40
Van Buren,"City of Gobles, Precinct 1",County Veterans Services Millage Renewal,,,Yes,87
Van Buren,"City of Gobles, Precinct 1",County Veterans Services Millage Renewal,,,No,21
Van Buren,"City of Gobles, Precinct 1",VBISD Millage Renewal,,,Yes,74
Van Buren,"City of Gobles, Precinct 1",VBISD Millage Renewal,,,No,34
Van Buren,"City of Hartford, Precinct 1",U.S. Senate,,DEM,Hill Harper,12
Van Buren,"City of Hartford, Precinct 1",U.S. Senate,,DEM,Elissa Slotkin,55
Van Buren,"City of Hartford, Precinct 1",U.S. Senate,,DEM,Write-In,1
Van Buren,"City of Hartford, Precinct 1",U.S. House,4,DEM,Jessica Swartz,57
Van Buren,"City of Hartford, Precinct 1",U.S. House,4,DEM,Write-In,1
Van Buren,"City of Hartford, Precinct 1",State House,39,DEM,Jared Polonowski,22
Van Buren,"City of Hartford, Precinct 1",State House,39,DEM,Kerry Tapper,36
Van Buren,"City of Hartford, Precinct 1",State House,39,DEM,Write-In,1
Van Buren,"City of Hartford, Precinct 1",Prosecuting Attorney,,DEM,Write-In,9
Van Buren,"City of Hartford, Precinct 1",Sheriff,,DEM,Write-In,8
Van Buren,"City of Hartford, Precinct 1",County Clerk,,DEM,Write-In,9
Van Buren,"City of Hartford, Precinct 1",County Treasurer,,DEM,Write-In,9
Van Buren,"City of Hartford, Precinct 1",Register of Deeds,,DEM,Mia King,50
Van Buren,"City of Hartford, Precinct 1",Register of Deeds,,DEM,Write-In,1
Van Buren,"City of Hartford, Precinct 1",Drain Commissioner,,DEM,Write-In,9
Van Buren,"City of Hartford, Precinct 1",Surveyor,,DEM,Write-In,9
Van Buren,"City of Hartford, Precinct 1",County Commissioner 2,,DEM,Write-In,9
Van Buren,"City of Hartford, Precinct 1",Hartford City Delegate to County Convention,,DEM,Write-In,9
Van Buren,"City of Hartford, Precinct 1",U.S. Senate,,REP,Justin Amash,28
Van Buren,"City of Hartford, Precinct 1",U.S. Senate,,REP,Sherry O'Donnell,20
Van Buren,"City of Hartford, Precinct 1",U.S. Senate,,REP,Sandy Pensler,21
Van Buren,"City of Hartford, Precinct 1",U.S. Senate,,REP,Mike Rogers,80
Van Buren,"City of Hartford, Precinct 1",U.S. Senate,,REP,Write-In,1
Van Buren,"City of Hartford, Precinct 1",U.S. House,4,REP,Bill Huizenga,137
Van Buren,"City of Hartford, Precinct 1",U.S. House,4,REP,Brendan Muir,16
Van Buren,"City of Hartford, Precinct 1",U.S. House,4,REP,Write-In,0
Van Buren,"City of Hartford, Precinct 1",State House,39,REP,Richard Overton,46
Van Buren,"City of Hartford, Precinct 1",State House,39,REP,Pauline Wendzel,112
Van Buren,"City of Hartford, Precinct 1",State House,39,REP,Write-In,0
Van Buren,"City of Hartford, Precinct 1",Prosecuting Attorney,,REP,Susan Zuiderveen,143
Van Buren,"City of Hartford, Precinct 1",Prosecuting Attorney,,REP,Write-In,1
Van Buren,"City of Hartford, Precinct 1",Sheriff,,REP,Daniel E. Abbott,146
Van Buren,"City of Hartford, Precinct 1",Sheriff,,REP,Write-In,2
Van Buren,"City of Hartford, Precinct 1",County Clerk,,REP,Suzie Roehm,145
Van Buren,"City of Hartford, Precinct 1",County Clerk,,REP,Write-In,0
Van Buren,"City of Hartford, Precinct 1",County Treasurer,,REP,Trisha Nesbitt,143
Van Buren,"City of Hartford, Precinct 1",County Treasurer,,REP,Write-In,0
Van Buren,"City of Hartford, Precinct 1",Register of Deeds,,REP,Paul W. DeYoung,146
Van Buren,"City of Hartford, Precinct 1",Register of Deeds,,REP,Write-In,1
Van Buren,"City of Hartford, Precinct 1",Drain Commissioner,,REP,Joe Parman,141
Van Buren,"City of Hartford, Precinct 1",Drain Commissioner,,REP,Write-In,1
Van Buren,"City of Hartford, Precinct 1",Surveyor,,REP,Charles D. Lossie,140
Van Buren,"City of Hartford, Precinct 1",Surveyor,,REP,Write-In,1
Van Buren,"City of Hartford, Precinct 1",County Commissioner 2,,REP,Mike Chappell,143
Van Buren,"City of Hartford, Precinct 1",County Commissioner 2,,REP,Write-In,0
Van Buren,"City of Hartford, Precinct 1",Hartford City Delegate to County Convention,,REP,Charles Weeden,124
Van Buren,"City of Hartford, Precinct 1",Hartford City Delegate to County Convention,,REP,Write-In,7
Van Buren,"City of Hartford, Precinct 1",County 9-1-1 Surcharge Renewal,,,Yes,160
Van Buren,"City of Hartford, Precinct 1",County 9-1-1 Surcharge Renewal,,,No,66
Van Buren,"City of Hartford, Precinct 1",County Road Millage Renewal,,,Yes,152
Van Buren,"City of Hartford, Precinct 1",County Road Millage Renewal,,,No,73
Van Buren,"City of Hartford, Precinct 1",County Public Transit Millage Renewal,,,Yes,145
Van Buren,"City of Hartford, Precinct 1",County Public Transit Millage Renewal,,,No,81
Van Buren,"City of Hartford, Precinct 1",County Veterans Services Millage Renewal,,,Yes,202
Van Buren,"City of Hartford, Precinct 1",County Veterans Services Millage Renewal,,,No,27
Van Buren,"City of Hartford, Precinct 1",City of Hartford Fire District Renewal,,,Yes,175
Van Buren,"City of Hartford, Precinct 1",City of Hartford Fire District Renewal,,,No,54
Van Buren,"City of Hartford, Precinct 1",VBISD Millage Renewal,,,Yes,157
Van Buren,"City of Hartford, Precinct 1",VBISD Millage Renewal,,,No,73
Van Buren,"City of South Haven, Ward 1, Precinct 1",U.S. Senate,,DEM,Hill Harper,35
Van Buren,"City of South Haven, Ward 1, Precinct 1",U.S. Senate,,DEM,Elissa Slotkin,200
Van Buren,"City of South Haven, Ward 1, Precinct 1",U.S. Senate,,DEM,Write-In,0
Van Buren,"City of South Haven, Ward 1, Precinct 1",U.S. House,4,DEM,Jessica Swartz,219
Van Buren,"City of South Haven, Ward 1, Precinct 1",U.S. House,4,DEM,Write-In,0
Van Buren,"City of South Haven, Ward 1, Precinct 1",State House,38,DEM,Joey Andrews,221
Van Buren,"City of South Haven, Ward 1, Precinct 1",State House,38,DEM,Write-In,0
Van Buren,"City of South Haven, Ward 1, Precinct 1",Prosecuting Attorney,,DEM,Write-In,19
Van Buren,"City of South Haven, Ward 1, Precinct 1",Sheriff,,DEM,Write-In,18
Van Buren,"City of South Haven, Ward 1, Precinct 1",County Clerk,,DEM,Write-In,18
Van Buren,"City of South Haven, Ward 1, Precinct 1",County Treasurer,,DEM,Write-In,16
Van Buren,"City of South Haven, Ward 1, Precinct 1",Register of Deeds,,DEM,Mia King,181
Van Buren,"City of South Haven, Ward 1, Precinct 1",Register of Deeds,,DEM,Write-In,0
Van Buren,"City of South Haven, Ward 1, Precinct 1",Drain Commissioner,,DEM,Write-In,17
Van Buren,"City of South Haven, Ward 1, Precinct 1",Surveyor,,DEM,Write-In,12
Van Buren,"City of South Haven, Ward 1, Precinct 1",County Commissioner 1,,DEM,Gail Lee Patterson-Gladney,203
Van Buren,"City of South Haven, Ward 1, Precinct 1",County Commissioner 1,,DEM,Write-In,0
Van Buren,"City of South Haven, Ward 1, Precinct 1",South Haven City W1 Delegate to County Convention,,DEM,Bneta Helen Davido,192
Van Buren,"City of South Haven, Ward 1, Precinct 1",South Haven City W1 Delegate to County Convention,,DEM,Write-In,1
Van Buren,"City of South Haven, Ward 1, Precinct 1",U.S. Senate,,REP,Justin Amash,23
Van Buren,"City of South Haven, Ward 1, Precinct 1",U.S. Senate,,REP,Sherry O'Donnell,10
Van Buren,"City of South Haven, Ward 1, Precinct 1",U.S. Senate,,REP,Sandy Pensler,19
Van Buren,"City of South Haven, Ward 1, Precinct 1",U.S. Senate,,REP,Mike Rogers,66
Van Buren,"City of South Haven, Ward 1, Precinct 1",U.S. Senate,,REP,Write-In,2
Van Buren,"City of South Haven, Ward 1, Precinct 1",U.S. House,4,REP,Bill Huizenga,96
Van Buren,"City of South Haven, Ward 1, Precinct 1",U.S. House,4,REP,Brendan Muir,24
Van Buren,"City of South Haven, Ward 1, Precinct 1",U.S. House,4,REP,Write-In,2
Van Buren,"City of South Haven, Ward 1, Precinct 1",State House,38,REP,George Lucas,42
Van Buren,"City of South Haven, Ward 1, Precinct 1",State House,38,REP,Kevin Whiteford,83
Van Buren,"City of South Haven, Ward 1, Precinct 1",State House,38,REP,Write-In,2
Van Buren,"City of South Haven, Ward 1, Precinct 1",Prosecuting Attorney,,REP,Susan Zuiderveen,90
Van Buren,"City of South Haven, Ward 1, Precinct 1",Prosecuting Attorney,,REP,Write-In,3
Van Buren,"City of South Haven, Ward 1, Precinct 1",Sheriff,,REP,Daniel E. Abbott,91
Van Buren,"City of South Haven, Ward 1, Precinct 1",Sheriff,,REP,Write-In,2
Van Buren,"City of South Haven, Ward 1, Precinct 1",County Clerk,,REP,Suzie Roehm,89
Van Buren,"City of South Haven, Ward 1, Precinct 1",County Clerk,,REP,Write-In,3
Van Buren,"City of South Haven, Ward 1, Precinct 1",County Treasurer,,REP,Trisha Nesbitt,92
Van Buren,"City of South Haven, Ward 1, Precinct 1",County Treasurer,,REP,Write-In,3
Van Buren,"City of South Haven, Ward 1, Precinct 1",Register of Deeds,,REP,Paul W. DeYoung,89
Van Buren,"City of South Haven, Ward 1, Precinct 1",Register of Deeds,,REP,Write-In,3
Van Buren,"City of South Haven, Ward 1, Precinct 1",Drain Commissioner,,REP,Joe Parman,89
Van Buren,"City of South Haven, Ward 1, Precinct 1",Drain Commissioner,,REP,Write-In,3
Van Buren,"City of South Haven, Ward 1, Precinct 1",Surveyor,,REP,Charles D. Lossie,89
Van Buren,"City of South Haven, Ward 1, Precinct 1",Surveyor,,REP,Write-In,3
Van Buren,"City of South Haven, Ward 1, Precinct 1",County Commissioner 1,,REP,Michael Matheny,84
Van Buren,"City of South Haven, Ward 1, Precinct 1",County Commissioner 1,,REP,Write-In,3
Van Buren,"City of South Haven, Ward 1, Precinct 1",South Haven City W1 Delegate to County Convention,,REP,Write-In,15
Van Buren,"City of South Haven, Ward 1, Precinct 1",County 9-1-1 Surcharge Renewal,,,Yes,290
Van Buren,"City of South Haven, Ward 1, Precinct 1",County 9-1-1 Surcharge Renewal,,,No,75
Van Buren,"City of South Haven, Ward 1, Precinct 1",County Road Millage Renewal,,,Yes,262
Van Buren,"City of South Haven, Ward 1, Precinct 1",County Road Millage Renewal,,,No,104
Van Buren,"City of South Haven, Ward 1, Precinct 1",County Public Transit Millage Renewal,,,Yes,268
Van Buren,"City of South Haven, Ward 1, Precinct 1",County Public Transit Millage Renewal,,,No,99
Van Buren,"City of South Haven, Ward 1, Precinct 1",County Veterans Services Millage Renewal,,,Yes,290
Van Buren,"City of South Haven, Ward 1, Precinct 1",County Veterans Services Millage Renewal,,,No,78
Van Buren,"City of South Haven, Ward 1, Precinct 1",City of South Haven Recreational Millage,,,Yes,195
Van Buren,"City of South Haven, Ward 1, Precinct 1",City of South Haven Recreational Millage,,,No,173
Van Buren,"City of South Haven, Ward 1, Precinct 1",VBISD Millage Renewal,,,Yes,271
Van Buren,"City of South Haven, Ward 1, Precinct 1",VBISD Millage Renewal,,,No,97
Van Buren,"City of South Haven, Ward 2, Precinct 1",U.S. Senate,,DEM,Hill Harper,27
Van Buren,"City of South Haven, Ward 2, Precinct 1",U.S. Senate,,DEM,Elissa Slotkin,176
Van Buren,"City of South Haven, Ward 2, Precinct 1",U.S. Senate,,DEM,Write-In,0
Van Buren,"City of South Haven, Ward 2, Precinct 1",U.S. House,4,DEM,Jessica Swartz,189
Van Buren,"City of South Haven, Ward 2, Precinct 1",U.S. House,4,DEM,Write-In,1
Van Buren,"City of South Haven, Ward 2, Precinct 1",State House,38,DEM,Joey Andrews,199
Van Buren,"City of South Haven, Ward 2, Precinct 1",State House,38,DEM,Write-In,1
Van Buren,"City of South Haven, Ward 2, Precinct 1",Prosecuting Attorney,,DEM,Write-In,23
Van Buren,"City of South Haven, Ward 2, Precinct 1",Sheriff,,DEM,Write-In,20
Van Buren,"City of South Haven, Ward 2, Precinct 1",County Clerk,,DEM,Write-In,19
Van Buren,"City of South Haven, Ward 2, Precinct 1",County Treasurer,,DEM,Write-In,18
Van Buren,"City of South Haven, Ward 2, Precinct 1",Register of Deeds,,DEM,Mia King,166
Van Buren,"City of South Haven, Ward 2, Precinct 1",Register of Deeds,,DEM,Write-In,1
Van Buren,"City of South Haven, Ward 2, Precinct 1",Drain Commissioner,,DEM,Write-In,21
Van Buren,"City of South Haven, Ward 2, Precinct 1",Surveyor,,DEM,Write-In,18
Van Buren,"City of South Haven, Ward 2, Precinct 1",County Commissioner 1,,DEM,Gail Lee Patterson-Gladney,185
Van Buren,"City of South Haven, Ward 2, Precinct 1",County Commissioner 1,,DEM,Write-In,0
Van Buren,"City of South Haven, Ward 2, Precinct 1",South Haven City W2 Delegate to County Convention,,DEM,Rick L. Catherman,177
Van Buren,"City of South Haven, Ward 2, Precinct 1",South Haven City W2 Delegate to County Convention,,DEM,Write-In,0
Van Buren,"City of South Haven, Ward 2, Precinct 1",U.S. Senate,,REP,Justin Amash,34
Van Buren,"City of South Haven, Ward 2, Precinct 1",U.S. Senate,,REP,Sherry O'Donnell,12
Van Buren,"City of South Haven, Ward 2, Precinct 1",U.S. Senate,,REP,Sandy Pensler,8
Van Buren,"City of South Haven, Ward 2, Precinct 1",U.S. Senate,,REP,Mike Rogers,72
Van Buren,"City of South Haven, Ward 2, Precinct 1",U.S. Senate,,REP,Write-In,0
Van Buren,"City of South Haven, Ward 2, Precinct 1",U.S. House,4,REP,Bill Huizenga,104
Van Buren,"City of South Haven, Ward 2, Precinct 1",U.S. House,4,REP,Brendan Muir,19
Van Buren,"City of South Haven, Ward 2, Precinct 1",U.S. House,4,REP,Write-In,0
Van Buren,"City of South Haven, Ward 2, Precinct 1",State House,38,REP,George Lucas,45
Van Buren,"City of South Haven, Ward 2, Precinct 1",State House,38,REP,Kevin Whiteford,86
Van Buren,"City of South Haven, Ward 2, Precinct 1",State House,38,REP,Write-In,1
Van Buren,"City of South Haven, Ward 2, Precinct 1",Prosecuting Attorney,,REP,Susan Zuiderveen,110
Van Buren,"City of South Haven, Ward 2, Precinct 1",Prosecuting Attorney,,REP,Write-In,0
Van Buren,"City of South Haven, Ward 2, Precinct 1",Sheriff,,REP,Daniel E. Abbott,116
Van Buren,"City of South Haven, Ward 2, Precinct 1",Sheriff,,REP,Write-In,0
Van Buren,"City of South Haven, Ward 2, Precinct 1",County Clerk,,REP,Suzie Roehm,111
Van Buren,"City of South Haven, Ward 2, Precinct 1",County Clerk,,REP,Write-In,1
Van Buren,"City of South Haven, Ward 2, Precinct 1",County Treasurer,,REP,Trisha Nesbitt,113
Van Buren,"City of South Haven, Ward 2, Precinct 1",County Treasurer,,REP,Write-In,1
Van Buren,"City of South Haven, Ward 2, Precinct 1",Register of Deeds,,REP,Paul W. DeYoung,112
Van Buren,"City of South Haven, Ward 2, Precinct 1",Register of Deeds,,REP,Write-In,1
Van Buren,"City of South Haven, Ward 2, Precinct 1",Drain Commissioner,,REP,Joe Parman,109
Van Buren,"City of South Haven, Ward 2, Precinct 1",Drain Commissioner,,REP,Write-In,0
Van Buren,"City of South Haven, Ward 2, Precinct 1",Surveyor,,REP,Charles D. Lossie,109
Van Buren,"City of South Haven, Ward 2, Precinct 1",Surveyor,,REP,Write-In,0
Van Buren,"City of South Haven, Ward 2, Precinct 1",County Commissioner 1,,REP,Michael Matheny,106
Van Buren,"City of South Haven, Ward 2, Precinct 1",County Commissioner 1,,REP,Write-In,0
Van Buren,"City of South Haven, Ward 2, Precinct 1",South Haven City W2 Delegate to County Convention,,REP,Brian K. Sheehy,108
Van Buren,"City of South Haven, Ward 2, Precinct 1",South Haven City W2 Delegate to County Convention,,REP,Write-In,0
Van Buren,"City of South Haven, Ward 2, Precinct 1",County 9-1-1 Surcharge Renewal,,,Yes,283
Van Buren,"City of South Haven, Ward 2, Precinct 1",County 9-1-1 Surcharge Renewal,,,No,57
Van Buren,"City of South Haven, Ward 2, Precinct 1",County Road Millage Renewal,,,Yes,260
Van Buren,"City of South Haven, Ward 2, Precinct 1",County Road Millage Renewal,,,No,82
Van Buren,"City of South Haven, Ward 2, Precinct 1",County Public Transit Millage Renewal,,,Yes,261
Van Buren,"City of South Haven, Ward 2, Precinct 1",County Public Transit Millage Renewal,,,No,80
Van Buren,"City of South Haven, Ward 2, Precinct 1",County Veterans Services Millage Renewal,,,Yes,290
Van Buren,"City of South Haven, Ward 2, Precinct 1",County Veterans Services Millage Renewal,,,No,57
Van Buren,"City of South Haven, Ward 2, Precinct 1",City of South Haven Recreational Millage,,,Yes,199
Van Buren,"City of South Haven, Ward 2, Precinct 1",City of South Haven Recreational Millage,,,No,146
Van Buren,"City of South Haven, Ward 2, Precinct 1",VBISD Millage Renewal,,,Yes,270
Van Buren,"City of South Haven, Ward 2, Precinct 1",VBISD Millage Renewal,,,No,73
Van Buren,"City of South Haven, Ward 3, Precinct 1",U.S. Senate,,DEM,Hill Harper,29
Van Buren,"City of South Haven, Ward 3, Precinct 1",U.S. Senate,,DEM,Elissa Slotkin,182
Van Buren,"City of South Haven, Ward 3, Precinct 1",U.S. Senate,,DEM,Write-In,0
Van Buren,"City of South Haven, Ward 3, Precinct 1",U.S. House,4,DEM,Jessica Swartz,193
Van Buren,"City of South Haven, Ward 3, Precinct 1",U.S. House,4,DEM,Write-In,1
Van Buren,"City of South Haven, Ward 3, Precinct 1",State House,38,DEM,Joey Andrews,194
Van Buren,"City of South Haven, Ward 3, Precinct 1",State House,38,DEM,Write-In,1
Van Buren,"City of South Haven, Ward 3, Precinct 1",Prosecuting Attorney,,DEM,Write-In,38
Van Buren,"City of South Haven, Ward 3, Precinct 1",Sheriff,,DEM,Write-In,33
Van Buren,"City of South Haven, Ward 3, Precinct 1",County Clerk,,DEM,Write-In,30
Van Buren,"City of South Haven, Ward 3, Precinct 1",County Treasurer,,DEM,Write-In,30
Van Buren,"City of South Haven, Ward 3, Precinct 1",Register of Deeds,,DEM,Mia King,156
Van Buren,"City of South Haven, Ward 3, Precinct 1",Register of Deeds,,DEM,Write-In,0
Van Buren,"City of South Haven, Ward 3, Precinct 1",Drain Commissioner,,DEM,Write-In,30
Van Buren,"City of South Haven, Ward 3, Precinct 1",Surveyor,,DEM,Write-In,27
Van Buren,"City of South Haven, Ward 3, Precinct 1",County Commissioner 1,,DEM,Gail Lee Patterson-Gladney,186
Van Buren,"City of South Haven, Ward 3, Precinct 1",County Commissioner 1,,DEM,Write-In,1
Van Buren,"City of South Haven, Ward 3, Precinct 1",South Haven City W3P1 Delegate to County Convention,,DEM,Write-In,27
Van Buren,"City of South Haven, Ward 3, Precinct 1",U.S. Senate,,REP,Justin Amash,28
Van Buren,"City of South Haven, Ward 3, Precinct 1",U.S. Senate,,REP,Sherry O'Donnell,15
Van Buren,"City of South Haven, Ward 3, Precinct 1",U.S. Senate,,REP,Sandy Pensler,13
Van Buren,"City of South Haven, Ward 3, Precinct 1",U.S. Senate,,REP,Mike Rogers,84
Van Buren,"City of South Haven, Ward 3, Precinct 1",U.S. Senate,,REP,Write-In,2
Van Buren,"City of South Haven, Ward 3, Precinct 1",U.S. House,4,REP,Bill Huizenga,122
Van Buren,"City of South Haven, Ward 3, Precinct 1",U.S. House,4,REP,Brendan Muir,27
Van Buren,"City of South Haven, Ward 3, Precinct 1",U.S. House,4,REP,Write-In,0
Van Buren,"City of South Haven, Ward 3, Precinct 1",State House,38,REP,George Lucas,57
Van Buren,"City of South Haven, Ward 3, Precinct 1",State House,38,REP,Kevin Whiteford,94
Van Buren,"City of South Haven, Ward 3, Precinct 1",State House,38,REP,Write-In,1
Van Buren,"City of South Haven, Ward 3, Precinct 1",Prosecuting Attorney,,REP,Susan Zuiderveen,126
Van Buren,"City of South Haven, Ward 3, Precinct 1",Prosecuting Attorney,,REP,Write-In,1
Van Buren,"City of South Haven, Ward 3, Precinct 1",Sheriff,,REP,Daniel E. Abbott,130
Van Buren,"City of South Haven, Ward 3, Precinct 1",Sheriff,,REP,Write-In,0
Van Buren,"City of South Haven, Ward 3, Precinct 1",County Clerk,,REP,Suzie Roehm,127
Van Buren,"City of South Haven, Ward 3, Precinct 1",County Clerk,,REP,Write-In,0
Van Buren,"City of South Haven, Ward 3, Precinct 1",County Treasurer,,REP,Trisha Nesbitt,123
Van Buren,"City of South Haven, Ward 3, Precinct 1",County Treasurer,,REP,Write-In,1
Van Buren,"City of South Haven, Ward 3, Precinct 1",Register of Deeds,,REP,Paul W. DeYoung,126
Van Buren,"City of South Haven, Ward 3, Precinct 1",Register of Deeds,,REP,Write-In,0
Van Buren,"City of South Haven, Ward 3, Precinct 1",Drain Commissioner,,REP,Joe Parman,126
Van Buren,"City of South Haven, Ward 3, Precinct 1",Drain Commissioner,,REP,Write-In,0
Van Buren,"City of South Haven, Ward 3, Precinct 1",Surveyor,,REP,Charles D. Lossie,126
Van Buren,"City of South Haven, Ward 3, Precinct 1",Surveyor,,REP,Write-In,0
Van Buren,"City of South Haven, Ward 3, Precinct 1",County Commissioner 1,,REP,Michael Matheny,122
Van Buren,"City of South Haven, Ward 3, Precinct 1",County Commissioner 1,,REP,Write-In,0
Van Buren,"City of South Haven, Ward 3, Precinct 1",South Haven City W3P1 Delegate to County Convention,,REP,Write-In,20
Van Buren,"City of South Haven, Ward 3, Precinct 1",County 9-1-1 Surcharge Renewal,,,Yes,291
Van Buren,"City of South Haven, Ward 3, Precinct 1",County 9-1-1 Surcharge Renewal,,,No,64
Van Buren,"City of South Haven, Ward 3, Precinct 1",County Road Millage Renewal,,,Yes,268
Van Buren,"City of South Haven, Ward 3, Precinct 1",County Road Millage Renewal,,,No,83
Van Buren,"City of South Haven, Ward 3, Precinct 1",County Public Transit Millage Renewal,,,Yes,264
Van Buren,"City of South Haven, Ward 3, Precinct 1",County Public Transit Millage Renewal,,,No,91
Van Buren,"City of South Haven, Ward 3, Precinct 1",County Veterans Services Millage Renewal,,,Yes,298
Van Buren,"City of South Haven, Ward 3, Precinct 1",County Veterans Services Millage Renewal,,,No,71
Van Buren,"City of South Haven, Ward 3, Precinct 1",City of South Haven Recreational Millage,,,Yes,215
Van Buren,"City of South Haven, Ward 3, Precinct 1",City of South Haven Recreational Millage,,,No,156
Van Buren,"City of South Haven, Ward 3, Precinct 1",VBISD Millage Renewal,,,Yes,280
Van Buren,"City of South Haven, Ward 3, Precinct 1",VBISD Millage Renewal,,,No,90
Van Buren,"City of South Haven, Ward 3, Precinct 2",U.S. Senate,,DEM,Hill Harper,3
Van Buren,"City of South Haven, Ward 3, Precinct 2",U.S. Senate,,DEM,Elissa Slotkin,6
Van Buren,"City of South Haven, Ward 3, Precinct 2",U.S. Senate,,DEM,Write-In,0
Van Buren,"City of South Haven, Ward 3, Precinct 2",U.S. House,4,DEM,Jessica Swartz,9
Van Buren,"City of South Haven, Ward 3, Precinct 2",U.S. House,4,DEM,Write-In,0
Van Buren,"City of South Haven, Ward 3, Precinct 2",State House,38,DEM,Joey Andrews,9
Van Buren,"City of South Haven, Ward 3, Precinct 2",State House,38,DEM,Write-In,0
Van Buren,"City of South Haven, Ward 3, Precinct 2",Allegan Prosecuting Attorney,,DEM,Write-In,0
Van Buren,"City of South Haven, Ward 3, Precinct 2",Allegan Sheriff,,DEM,Write-In,0
Van Buren,"City of South Haven, Ward 3, Precinct 2",Allegan Clerk/Register of Deeds,,DEM,Write-In,0
Van Buren,"City of South Haven, Ward 3, Precinct 2",Allegan Treasurer,,DEM,Write-In,0
Van Buren,"City of South Haven, Ward 3, Precinct 2",Allegan Drain Commissioner,,DEM,Write-In,0
Van Buren,"City of South Haven, Ward 3, Precinct 2",Allegan Surveyor,,DEM,Write-In,0
Van Buren,"City of South Haven, Ward 3, Precinct 2",Allegan Commissioner District 3,,DEM,Write-In,0
Van Buren,"City of South Haven, Ward 3, Precinct 2",South Haven City W3P2 Delegate to County Convention,,DEM,Write-In,0
Van Buren,"City of South Haven, Ward 3, Precinct 2",U.S. Senate,,REP,Justin Amash,0
Van Buren,"City of South Haven, Ward 3, Precinct 2",U.S. Senate,,REP,Sherry O'Donnell,0
Van Buren,"City of South Haven, Ward 3, Precinct 2",U.S. Senate,,REP,Sandy Pensler,0
Van Buren,"City of South Haven, Ward 3, Precinct 2",U.S. Senate,,REP,Mike Rogers,0
Van Buren,"City of South Haven, Ward 3, Precinct 2",U.S. Senate,,REP,Write-In,0
Van Buren,"City of South Haven, Ward 3, Precinct 2",U.S. House,4,REP,Bill Huizenga,0
Van Buren,"City of South Haven, Ward 3, Precinct 2",U.S. House,4,REP,Brendan Muir,0
Van Buren,"City of South Haven, Ward 3, Precinct 2",U.S. House,4,REP,Write-In,0
Van Buren,"City of South Haven, Ward 3, Precinct 2",State House,38,REP,George Lucas,0
Van Buren,"City of South Haven, Ward 3, Precinct 2",State House,38,REP,Kevin Whiteford,0
Van Buren,"City of South Haven, Ward 3, Precinct 2",State House,38,REP,Write-In,0
Van Buren,"City of South Haven, Ward 3, Precinct 2",Allegan Prosecuting Attorney,,REP,Myrene Kay Koch,0
Van Buren,"City of South Haven, Ward 3, Precinct 2",Allegan Prosecuting Attorney,,REP,Michael Villar,0
Van Buren,"City of South Haven, Ward 3, Precinct 2",Allegan Prosecuting Attorney,,REP,Write-In,0
Van Buren,"City of South Haven, Ward 3, Precinct 2",Allegan Sheriff,,REP,Frank Baker,0
Van Buren,"City of South Haven, Ward 3, Precinct 2",Allegan Sheriff,,REP,Dean Brandt,0
Van Buren,"City of South Haven, Ward 3, Precinct 2",Allegan Sheriff,,REP,Write-In,0
Van Buren,"City of South Haven, Ward 3, Precinct 2",Allegan Clerk/Register of Deeds,,REP,Bob Genetski,0
Van Buren,"City of South Haven, Ward 3, Precinct 2",Allegan Clerk/Register of Deeds,,REP,Write-In,0
Van Buren,"City of South Haven, Ward 3, Precinct 2",Allegan Treasurer,,REP,Sally L. Brooks,0
Van Buren,"City of South Haven, Ward 3, Precinct 2",Allegan Treasurer,,REP,Write-In,0
Van Buren,"City of South Haven, Ward 3, Precinct 2",Allegan Drain Commissioner,,REP,Chris Machiela,0
Van Buren,"City of South Haven, Ward 3, Precinct 2",Allegan Drain Commissioner,,REP,Write-In,0
Van Buren,"City of South Haven, Ward 3, Precinct 2",Allegan Surveyor,,REP,Kevin D. Miedema,0
Van Buren,"City of South Haven, Ward 3, Precinct 2",Allegan Surveyor,,REP,Write-In,0
Van Buren,"City of South Haven, Ward 3, Precinct 2",Allegan Commissioner District 3,,REP,Dean Kapenga,0
Van Buren,"City of South Haven, Ward 3, Precinct 2",Allegan Commissioner District 3,,REP,Write-In,0
Van Buren,"City of South Haven, Ward 3, Precinct 2",South Haven City W3P2 Delegate to County Convention,,REP,Write-In,0
Van Buren,"City of South Haven, Ward 3, Precinct 2",48th Circuit Court Judge,,,Alice Bernal,0
Van Buren,"City of South Haven, Ward 3, Precinct 2",48th Circuit Court Judge,,,Emily Jipp,0
Van Buren,"City of South Haven, Ward 3, Precinct 2",48th Circuit Court Judge,,,Elizabeth Peterson,1
Van Buren,"City of South Haven, Ward 3, Precinct 2",48th Circuit Court Judge,,,Write-In,0
Van Buren,"City of South Haven, Ward 3, Precinct 2",Allegan County 9-1-1 Millage,,,Yes,7
Van Buren,"City of South Haven, Ward 3, Precinct 2",Allegan County 9-1-1 Millage,,,No,0
Van Buren,"City of South Haven, Ward 3, Precinct 2",Allegan County Road Renewal,,,Yes,7
Van Buren,"City of South Haven, Ward 3, Precinct 2",Allegan County Road Renewal,,,No,0
Van Buren,"City of South Haven, Ward 3, Precinct 2",City of South Haven Recreational Millage,,,Yes,4
Van Buren,"City of South Haven, Ward 3, Precinct 2",City of South Haven Recreational Millage,,,No,3
Van Buren,"City of South Haven, Ward 3, Precinct 2",VBISD Millage Renewal,,,Yes,7
Van Buren,"City of South Haven, Ward 3, Precinct 2",VBISD Millage Renewal,,,No,0
Van Buren,"Almena Township, Precinct 1",U.S. Senate,,DEM,Hill Harper,39
Van Buren,"Almena Township, Precinct 1",U.S. Senate,,DEM,Elissa Slotkin,245
Van Buren,"Almena Township, Precinct 1",U.S. Senate,,DEM,Write-In,0
Van Buren,"Almena Township, Precinct 1",U.S. House,4,DEM,Jessica Swartz,262
Van Buren,"Almena Township, Precinct 1",U.S. House,4,DEM,Write-In,0
Van Buren,"Almena Township, Precinct 1",State House,39,DEM,Jared Polonowski,77
Van Buren,"Almena Township, Precinct 1",State House,39,DEM,Kerry Tapper,198
Van Buren,"Almena Township, Precinct 1",State House,39,DEM,Write-In,0
Van Buren,"Almena Township, Precinct 1",Prosecuting Attorney,,DEM,Write-In,16
Van Buren,"Almena Township, Precinct 1",Sheriff,,DEM,Write-In,15
Van Buren,"Almena Township, Precinct 1",County Clerk,,DEM,Write-In,16
Van Buren,"Almena Township, Precinct 1",County Treasurer,,DEM,Write-In,15
Van Buren,"Almena Township, Precinct 1",Register of Deeds,,DEM,Mia King,227
Van Buren,"Almena Township, Precinct 1",Register of Deeds,,DEM,Write-In,0
Van Buren,"Almena Township, Precinct 1",Drain Commissioner,,DEM,Write-In,15
Van Buren,"Almena Township, Precinct 1",Surveyor,,DEM,Write-In,15
Van Buren,"Almena Township, Precinct 1",County Commissioner 4,,DEM,Write-In,16
Van Buren,"Almena Township, Precinct 1",Almena Township Supervisor,,DEM,Michael Seymoure,239
Van Buren,"Almena Township, Precinct 1",Almena Township Supervisor,,DEM,Write-In,1
Van Buren,"Almena Township, Precinct 1",Almena Township Clerk,,DEM,Write-In,15
Van Buren,"Almena Township, Precinct 1",Almena Township Treasurer,,DEM,Write-In,15
Van Buren,"Almena Township, Precinct 1",Almena Township Trustee,,DEM,John Wagner,233
Van Buren,"Almena Township, Precinct 1",Almena Township Trustee,,DEM,Write-In,0
Van Buren,"Almena Township, Precinct 1",Almena Township P1 Delegate to County Convention,,DEM,Write-In,12
Van Buren,"Almena Township, Precinct 1",U.S. Senate,,REP,Justin Amash,77
Van Buren,"Almena Township, Precinct 1",U.S. Senate,,REP,Sherry O'Donnell,34
Van Buren,"Almena Township, Precinct 1",U.S. Senate,,REP,Sandy Pensler,26
Van Buren,"Almena Township, Precinct 1",U.S. Senate,,REP,Mike Rogers,241
Van Buren,"Almena Township, Precinct 1",U.S. Senate,,REP,Write-In,2
Van Buren,"Almena Township, Precinct 1",U.S. House,4,REP,Bill Huizenga,300
Van Buren,"Almena Township, Precinct 1",U.S. House,4,REP,Brendan Muir,89
Van Buren,"Almena Township, Precinct 1",U.S. House,4,REP,Write-In,1
Van Buren,"Almena Township, Precinct 1",State House,39,REP,Richard Overton,77
Van Buren,"Almena Township, Precinct 1",State House,39,REP,Pauline Wendzel,295
Van Buren,"Almena Township, Precinct 1",State House,39,REP,Write-In,1
Van Buren,"Almena Township, Precinct 1",Prosecuting Attorney,,REP,Susan Zuiderveen,323
Van Buren,"Almena Township, Precinct 1",Prosecuting Attorney,,REP,Write-In,2
Van Buren,"Almena Township, Precinct 1",Sheriff,,REP,Daniel E. Abbott,349
Van Buren,"Almena Township, Precinct 1",Sheriff,,REP,Write-In,0
Van Buren,"Almena Township, Precinct 1",County Clerk,,REP,Suzie Roehm,324
Van Buren,"Almena Township, Precinct 1",County Clerk,,REP,Write-In,1
Van Buren,"Almena Township, Precinct 1",County Treasurer,,REP,Trisha Nesbitt,330
Van Buren,"Almena Township, Precinct 1",County Treasurer,,REP,Write-In,3
Van Buren,"Almena Township, Precinct 1",Register of Deeds,,REP,Paul W. DeYoung,337
Van Buren,"Almena Township, Precinct 1",Register of Deeds,,REP,Write-In,0
Van Buren,"Almena Township, Precinct 1",Drain Commissioner,,REP,Joe Parman,319
Van Buren,"Almena Township, Precinct 1",Drain Commissioner,,REP,Write-In,3
Van Buren,"Almena Township, Precinct 1",Surveyor,,REP,Charles D. Lossie,314
Van Buren,"Almena Township, Precinct 1",Surveyor,,REP,Write-In,2
Van Buren,"Almena Township, Precinct 1",County Commissioner 4,,REP,David J. DiStefano,140
Van Buren,"Almena Township, Precinct 1",County Commissioner 4,,REP,Bill Irwin,162
Van Buren,"Almena Township, Precinct 1",County Commissioner 4,,REP,Write-In,2
Van Buren,"Almena Township, Precinct 1",Almena Township Supervisor,,REP,Joe A. Leduc,262
Van Buren,"Almena Township, Precinct 1",Almena Township Supervisor,,REP,Scott Longshore,106
Van Buren,"Almena Township, Precinct 1",Almena Township Supervisor,,REP,Write-In,1
Van Buren,"Almena Township, Precinct 1",Almena Township Clerk,,REP,Sandra Rickli,337
Van Buren,"Almena Township, Precinct 1",Almena Township Clerk,,REP,Write-In,1
Van Buren,"Almena Township, Precinct 1",Almena Township Treasurer,,REP,Mark Roman,310
Van Buren,"Almena Township, Precinct 1",Almena Township Treasurer,,REP,Write-In,2
Van Buren,"Almena Township, Precinct 1",Almena Township Trustee,,REP,Patricia Denny-Diget,205
Van Buren,"Almena Township, Precinct 1",Almena Township Trustee,,REP,Tim Kloosterman,274
Van Buren,"Almena Township, Precinct 1",Almena Township Trustee,,REP,Kelly Redmond,229
Van Buren,"Almena Township, Precinct 1",Almena Township Trustee,,REP,Write-In,2
Van Buren,"Almena Township, Precinct 1",Almena Township P1 Delegate to County Convention,,REP,Mary M. Foster,168
Van Buren,"Almena Township, Precinct 1",Almena Township P1 Delegate to County Convention,,REP,Thomas S. Foster,177
Van Buren,"Almena Township, Precinct 1",Almena Township P1 Delegate to County Convention,,REP,Glenda Pietryga,129
Van Buren,"Almena Township, Precinct 1",Almena Township P1 Delegate to County Convention,,REP,Mark Roman,213
Van Buren,"Almena Township, Precinct 1",Almena Township P1 Delegate to County Convention,,REP,Write-In,3
Van Buren,"Almena Township, Precinct 1",County 9-1-1 Surcharge Renewal,,,Yes,517
Van Buren,"Almena Township, Precinct 1",County 9-1-1 Surcharge Renewal,,,No,183
Van Buren,"Almena Township, Precinct 1",County Road Millage Renewal,,,Yes,476
Van Buren,"Almena Township, Precinct 1",County Road Millage Renewal,,,No,222
Van Buren,"Almena Township, Precinct 1",County Public Transit Millage Renewal,,,Yes,436
Van Buren,"Almena Township, Precinct 1",County Public Transit Millage Renewal,,,No,262
Van Buren,"Almena Township, Precinct 1",County Veterans Services Millage Renewal,,,Yes,529
Van Buren,"Almena Township, Precinct 1",County Veterans Services Millage Renewal,,,No,179
Van Buren,"Almena Township, Precinct 1",Almena Township Fire Millage,,,Yes,475
Van Buren,"Almena Township, Precinct 1",Almena Township Fire Millage,,,No,233
Van Buren,"Almena Township, Precinct 1",Almena Township Road Millage,,,Yes,480
Van Buren,"Almena Township, Precinct 1",Almena Township Road Millage,,,No,219
Van Buren,"Almena Township, Precinct 1",VBISD Millage Renewal,,,Yes,490
Van Buren,"Almena Township, Precinct 1",VBISD Millage Renewal,,,No,220
Van Buren,"Almena Township, Precinct 2",U.S. Senate,,DEM,Hill Harper,17
Van Buren,"Almena Township, Precinct 2",U.S. Senate,,DEM,Elissa Slotkin,162
Van Buren,"Almena Township, Precinct 2",U.S. Senate,,DEM,Write-In,0
Van Buren,"Almena Township, Precinct 2",U.S. House,4,DEM,Jessica Swartz,165
Van Buren,"Almena Township, Precinct 2",U.S. House,4,DEM,Write-In,0
Van Buren,"Almena Township, Precinct 2",State House,39,DEM,Jared Polonowski,68
Van Buren,"Almena Township, Precinct 2",State House,39,DEM,Kerry Tapper,91
Van Buren,"Almena Township, Precinct 2",State House,39,DEM,Write-In,0
Van Buren,"Almena Township, Precinct 2",Prosecuting Attorney,,DEM,Write-In,9
Van Buren,"Almena Township, Precinct 2",Sheriff,,DEM,Write-In,9
Van Buren,"Almena Township, Precinct 2",County Clerk,,DEM,Write-In,9
Van Buren,"Almena Township, Precinct 2",County Treasurer,,DEM,Write-In,9
Van Buren,"Almena Township, Precinct 2",Register of Deeds,,DEM,Mia King,145
Van Buren,"Almena Township, Precinct 2",Register of Deeds,,DEM,Write-In,0
Van Buren,"Almena Township, Precinct 2",Drain Commissioner,,DEM,Write-In,9
Van Buren,"Almena Township, Precinct 2",Surveyor,,DEM,Write-In,9
Van Buren,"Almena Township, Precinct 2",County Commissioner 4,,DEM,Write-In,3
Van Buren,"Almena Township, Precinct 2",County Commissioner 7,,DEM,Douglas Cultra,105
Van Buren,"Almena Township, Precinct 2",County Commissioner 7,,DEM,Write-In,0
Van Buren,"Almena Township, Precinct 2",Almena Township Supervisor,,DEM,Michael Seymoure,149
Van Buren,"Almena Township, Precinct 2",Almena Township Supervisor,,DEM,Write-In,0
Van Buren,"Almena Township, Precinct 2",Almena Township Clerk,,DEM,Write-In,8
Van Buren,"Almena Township, Precinct 2",Almena Township Treasurer,,DEM,Write-In,9
Van Buren,"Almena Township, Precinct 2",Almena Township Trustee,,DEM,John Wagner,151
Van Buren,"Almena Township, Precinct 2",Almena Township Trustee,,DEM,Write-In,0
Van Buren,"Almena Township, Precinct 2",Almena Township P2 Delegate to County Convention,,DEM,John Wagner,143
Van Buren,"Almena Township, Precinct 2",Almena Township P2 Delegate to County Convention,,DEM,Write-In,0
Van Buren,"Almena Township, Precinct 2",U.S. Senate,,REP,Justin Amash,38
Van Buren,"Almena Township, Precinct 2",U.S. Senate,,REP,Sherry O'Donnell,26
Van Buren,"Almena Township, Precinct 2",U.S. Senate,,REP,Sandy Pensler,12
Van Buren,"Almena Township, Precinct 2",U.S. Senate,,REP,Mike Rogers,138
Van Buren,"Almena Township, Precinct 2",U.S. Senate,,REP,Write-In,0
Van Buren,"Almena Township, Precinct 2",U.S. House,4,REP,Bill Huizenga,181
Van Buren,"Almena Township, Precinct 2",U.S. House,4,REP,Brendan Muir,37
Van Buren,"Almena Township, Precinct 2",U.S. House,4,REP,Write-In,0
Van Buren,"Almena Township, Precinct 2",State House,39,REP,Richard Overton,75
Van Buren,"Almena Township, Precinct 2",State House,39,REP,Pauline Wendzel,137
Van Buren,"Almena Township, Precinct 2",State House,39,REP,Write-In,0
Van Buren,"Almena Township, Precinct 2",Prosecuting Attorney,,REP,Susan Zuiderveen,178
Van Buren,"Almena Township, Precinct 2",Prosecuting Attorney,,REP,Write-In,1
Van Buren,"Almena Township, Precinct 2",Sheriff,,REP,Daniel E. Abbott,187
Van Buren,"Almena Township, Precinct 2",Sheriff,,REP,Write-In,1
Van Buren,"Almena Township, Precinct 2",County Clerk,,REP,Suzie Roehm,177
Van Buren,"Almena Township, Precinct 2",County Clerk,,REP,Write-In,0
Van Buren,"Almena Township, Precinct 2",County Treasurer,,REP,Trisha Nesbitt,175
Van Buren,"Almena Township, Precinct 2",County Treasurer,,REP,Write-In,1
Van Buren,"Almena Township, Precinct 2",Register of Deeds,,REP,Paul W. DeYoung,182
Van Buren,"Almena Township, Precinct 2",Register of Deeds,,REP,Write-In,1
Van Buren,"Almena Township, Precinct 2",Drain Commissioner,,REP,Joe Parman,175
Van Buren,"Almena Township, Precinct 2",Drain Commissioner,,REP,Write-In,0
Van Buren,"Almena Township, Precinct 2",Surveyor,,REP,Charles D. Lossie,173
Van Buren,"Almena Township, Precinct 2",Surveyor,,REP,Write-In,2
Van Buren,"Almena Township, Precinct 2",County Commissioner 4,,REP,David J. DiStefano,59
Van Buren,"Almena Township, Precinct 2",County Commissioner 4,,REP,Bill Irwin,37
Van Buren,"Almena Township, Precinct 2",County Commissioner 4,,REP,Write-In,0
Van Buren,"Almena Township, Precinct 2",County Commissioner 7,,REP,Paul Schincariol,95
Van Buren,"Almena Township, Precinct 2",County Commissioner 7,,REP,Write-In,0
Van Buren,"Almena Township, Precinct 2",Almena Township Supervisor,,REP,Joe A. Leduc,139
Van Buren,"Almena Township, Precinct 2",Almena Township Supervisor,,REP,Scott Longshore,63
Van Buren,"Almena Township, Precinct 2",Almena Township Supervisor,,REP,Write-In,0
Van Buren,"Almena Township, Precinct 2",Almena Township Clerk,,REP,Sandra Rickli,171
Van Buren,"Almena Township, Precinct 2",Almena Township Clerk,,REP,Write-In,1
Van Buren,"Almena Township, Precinct 2",Almena Township Treasurer,,REP,Mark Roman,165
Van Buren,"Almena Township, Precinct 2",Almena Township Treasurer,,REP,Write-In,0
Van Buren,"Almena Township, Precinct 2",Almena Township Trustee,,REP,Patricia Denny-Diget,112
Van Buren,"Almena Township, Precinct 2",Almena Township Trustee,,REP,Tim Kloosterman,157
Van Buren,"Almena Township, Precinct 2",Almena Township Trustee,,REP,Kelly Redmond,125
Van Buren,"Almena Township, Precinct 2",Almena Township Trustee,,REP,Write-In,3
Van Buren,"Almena Township, Precinct 2",Almena Township P2 Delegate to County Convention,,REP,Write-In,6
Van Buren,"Almena Township, Precinct 2",Almena Township P2 Delegate to County Convention,,REP,Michael Adolph Winblad,1
Van Buren,"Almena Township, Precinct 2",County 9-1-1 Surcharge Renewal,,,Yes,288
Van Buren,"Almena Township, Precinct 2",County 9-1-1 Surcharge Renewal,,,No,124
Van Buren,"Almena Township, Precinct 2",County Road Millage Renewal,,,Yes,272
Van Buren,"Almena Township, Precinct 2",County Road Millage Renewal,,,No,137
Van Buren,"Almena Township, Precinct 2",County Public Transit Millage Renewal,,,Yes,244
Van Buren,"Almena Township, Precinct 2",County Public Transit Millage Renewal,,,No,169
Van Buren,"Almena Township, Precinct 2",County Veterans Services Millage Renewal,,,Yes,329
Van Buren,"Almena Township, Precinct 2",County Veterans Services Millage Renewal,,,No,83
Van Buren,"Almena Township, Precinct 2",Almena Township Fire Millage,,,Yes,269
Van Buren,"Almena Township, Precinct 2",Almena Township Fire Millage,,,No,140
Van Buren,"Almena Township, Precinct 2",Almena Township Road Millage,,,Yes,306
Van Buren,"Almena Township, Precinct 2",Almena Township Road Millage,,,No,95
Van Buren,"Almena Township, Precinct 2",VBISD Millage Renewal,,,Yes,261
Van Buren,"Almena Township, Precinct 2",VBISD Millage Renewal,,,No,148
Van Buren,"Antwerp Township, Precinct 1",U.S. Senate,,DEM,Hill Harper,15
Van Buren,"Antwerp Township, Precinct 1",U.S. Senate,,DEM,Elissa Slotkin,105
Van Buren,"Antwerp Township, Precinct 1",U.S. Senate,,DEM,Write-In,0
Van Buren,"Antwerp Township, Precinct 1",U.S. House,4,DEM,Jessica Swartz,111
Van Buren,"Antwerp Township, Precinct 1",U.S. House,4,DEM,Write-In,0
Van Buren,"Antwerp Township, Precinct 1",State House,39,DEM,Jared Polonowski,42
Van Buren,"Antwerp Township, Precinct 1",State House,39,DEM,Kerry Tapper,71
Van Buren,"Antwerp Township, Precinct 1",State House,39,DEM,Write-In,0
Van Buren,"Antwerp Township, Precinct 1",Prosecuting Attorney,,DEM,Write-In,11
Van Buren,"Antwerp Township, Precinct 1",Sheriff,,DEM,Write-In,10
Van Buren,"Antwerp Township, Precinct 1",County Clerk,,DEM,Write-In,9
Van Buren,"Antwerp Township, Precinct 1",County Treasurer,,DEM,Write-In,9
Van Buren,"Antwerp Township, Precinct 1",Register of Deeds,,DEM,Mia King,94
Van Buren,"Antwerp Township, Precinct 1",Register of Deeds,,DEM,Write-In,0
Van Buren,"Antwerp Township, Precinct 1",Drain Commissioner,,DEM,Write-In,9
Van Buren,"Antwerp Township, Precinct 1",Surveyor,,DEM,Write-In,9
Van Buren,"Antwerp Township, Precinct 1",County Commissioner 6,,DEM,Write-In,7
Van Buren,"Antwerp Township, Precinct 1",County Commissioner 7,,DEM,Douglas Cultra,26
Van Buren,"Antwerp Township, Precinct 1",County Commissioner 7,,DEM,Write-In,0
Van Buren,"Antwerp Township, Precinct 1",Antwerp Township Supervisor,,DEM,Write-In,9
Van Buren,"Antwerp Township, Precinct 1",Antwerp Township Clerk,,DEM,Write-In,9
Van Buren,"Antwerp Township, Precinct 1",Antwerp Township Treasurer,,DEM,Write-In,8
Van Buren,"Antwerp Township, Precinct 1",Antwerp Township Trustee,,DEM,Write-In,15
Van Buren,"Antwerp Township, Precinct 1",Antwerp Township P1 Delegate to County Convention,,DEM,Write-In,7
Van Buren,"Antwerp Township, Precinct 1",U.S. Senate,,REP,Justin Amash,25
Van Buren,"Antwerp Township, Precinct 1",U.S. Senate,,REP,Sherry O'Donnell,17
Van Buren,"Antwerp Township, Precinct 1",U.S. Senate,,REP,Sandy Pensler,19
Van Buren,"Antwerp Township, Precinct 1",U.S. Senate,,REP,Mike Rogers,74
Van Buren,"Antwerp Township, Precinct 1",U.S. Senate,,REP,Write-In,0
Van Buren,"Antwerp Township, Precinct 1",U.S. House,4,REP,Bill Huizenga,109
Van Buren,"Antwerp Township, Precinct 1",U.S. House,4,REP,Brendan Muir,26
Van Buren,"Antwerp Township, Precinct 1",U.S. House,4,REP,Write-In,1
Van Buren,"Antwerp Township, Precinct 1",State House,39,REP,Richard Overton,37
Van Buren,"Antwerp Township, Precinct 1",State House,39,REP,Pauline Wendzel,101
Van Buren,"Antwerp Township, Precinct 1",State House,39,REP,Write-In,0
Van Buren,"Antwerp Township, Precinct 1",Prosecuting Attorney,,REP,Susan Zuiderveen,121
Van Buren,"Antwerp Township, Precinct 1",Prosecuting Attorney,,REP,Write-In,1
Van Buren,"Antwerp Township, Precinct 1",Sheriff,,REP,Daniel E. Abbott,127
Van Buren,"Antwerp Township, Precinct 1",Sheriff,,REP,Write-In,0
Van Buren,"Antwerp Township, Precinct 1",County Clerk,,REP,Suzie Roehm,124
Van Buren,"Antwerp Township, Precinct 1",County Clerk,,REP,Write-In,1
Van Buren,"Antwerp Township, Precinct 1",County Treasurer,,REP,Trisha Nesbitt,124
Van Buren,"Antwerp Township, Precinct 1",County Treasurer,,REP,Write-In,1
Van Buren,"Antwerp Township, Precinct 1",Register of Deeds,,REP,Paul W. DeYoung,125
Van Buren,"Antwerp Township, Precinct 1",Register of Deeds,,REP,Write-In,0
Van Buren,"Antwerp Township, Precinct 1",Drain Commissioner,,REP,Joe Parman,123
Van Buren,"Antwerp Township, Precinct 1",Drain Commissioner,,REP,Write-In,0
Van Buren,"Antwerp Township, Precinct 1",Surveyor,,REP,Charles D. Lossie,120
Van Buren,"Antwerp Township, Precinct 1",Surveyor,,REP,Write-In,0
Van Buren,"Antwerp Township, Precinct 1",County Commissioner 6,,REP,Tina Leary,82
Van Buren,"Antwerp Township, Precinct 1",County Commissioner 6,,REP,Write-In,0
Van Buren,"Antwerp Township, Precinct 1",County Commissioner 7,,REP,Paul Schincariol,36
Van Buren,"Antwerp Township, Precinct 1",County Commissioner 7,,REP,Write-In,0
Van Buren,"Antwerp Township, Precinct 1",Antwerp Township Supervisor,,REP,Daniel J. Ruzick,122
Van Buren,"Antwerp Township, Precinct 1",Antwerp Township Supervisor,,REP,Write-In,0
Van Buren,"Antwerp Township, Precinct 1",Antwerp Township Clerk,,REP,Chantel Reyna,118
Van Buren,"Antwerp Township, Precinct 1",Antwerp Township Clerk,,REP,Write-In,0
Van Buren,"Antwerp Township, Precinct 1",Antwerp Township Treasurer,,REP,Bonnie Osborne,122
Van Buren,"Antwerp Township, Precinct 1",Antwerp Township Treasurer,,REP,Write-In,0
Van Buren,"Antwerp Township, Precinct 1",Antwerp Township Trustee,,REP,Bruce T. Cutting,102
Van Buren,"Antwerp Township, Precinct 1",Antwerp Township Trustee,,REP,Phil Tarchala,87
Van Buren,"Antwerp Township, Precinct 1",Antwerp Township Trustee,,REP,Write-In,1
Van Buren,"Antwerp Township, Precinct 1",Antwerp Township P1 Delegate to County Convention,,REP,Write-In,4
Van Buren,"Antwerp Township, Precinct 1",County 9-1-1 Surcharge Renewal,,,Yes,204
Van Buren,"Antwerp Township, Precinct 1",County 9-1-1 Surcharge Renewal,,,No,59
Van Buren,"Antwerp Township, Precinct 1",County Road Millage Renewal,,,Yes,198
Van Buren,"Antwerp Township, Precinct 1",County Road Millage Renewal,,,No,64
Van Buren,"Antwerp Township, Precinct 1",County Public Transit Millage Renewal,,,Yes,191
Van Buren,"Antwerp Township, Precinct 1",County Public Transit Millage Renewal,,,No,74
Van Buren,"Antwerp Township, Precinct 1",County Veterans Services Millage Renewal,,,Yes,214
Van Buren,"Antwerp Township, Precinct 1",County Veterans Services Millage Renewal,,,No,37
Van Buren,"Antwerp Township, Precinct 1",VBISD Millage Renewal,,,Yes,184
Van Buren,"Antwerp Township, Precinct 1",VBISD Millage Renewal,,,No,64
Van Buren,"Antwerp Township, Precinct 2",U.S. Senate,,DEM,Hill Harper,39
Van Buren,"Antwerp Township, Precinct 2",U.S. Senate,,DEM,Elissa Slotkin,216
Van Buren,"Antwerp Township, Precinct 2",U.S. Senate,,DEM,Write-In,0
Van Buren,"Antwerp Township, Precinct 2",U.S. House,4,DEM,Jessica Swartz,231
Van Buren,"Antwerp Township, Precinct 2",U.S. House,4,DEM,Write-In,0
Van Buren,"Antwerp Township, Precinct 2",State House,39,DEM,Jared Polonowski,90
Van Buren,"Antwerp Township, Precinct 2",State House,39,DEM,Kerry Tapper,147
Van Buren,"Antwerp Township, Precinct 2",State House,39,DEM,Write-In,0
Van Buren,"Antwerp Township, Precinct 2",Prosecuting Attorney,,DEM,Write-In,12
Van Buren,"Antwerp Township, Precinct 2",Sheriff,,DEM,Write-In,12
Van Buren,"Antwerp Township, Precinct 2",County Clerk,,DEM,Write-In,11
Van Buren,"Antwerp Township, Precinct 2",County Treasurer,,DEM,Write-In,11
Van Buren,"Antwerp Township, Precinct 2",Register of Deeds,,DEM,Mia King,190
Van Buren,"Antwerp Township, Precinct 2",Register of Deeds,,DEM,Write-In,1
Van Buren,"Antwerp Township, Precinct 2",Drain Commissioner,,DEM,Write-In,10
Van Buren,"Antwerp Township, Precinct 2",Surveyor,,DEM,Write-In,9
Van Buren,"Antwerp Township, Precinct 2",County Commissioner 7,,DEM,Douglas Cultra,217
Van Buren,"Antwerp Township, Precinct 2",County Commissioner 7,,DEM,Write-In,0
Van Buren,"Antwerp Township, Precinct 2",Antwerp Township Supervisor,,DEM,Write-In,12
Van Buren,"Antwerp Township, Precinct 2",Antwerp Township Clerk,,DEM,Write-In,11
Van Buren,"Antwerp Township, Precinct 2",Antwerp Township Treasurer,,DEM,Write-In,11
Van Buren,"Antwerp Township, Precinct 2",Antwerp Township Trustee,,DEM,Write-In,15
Van Buren,"Antwerp Township, Precinct 2",Antwerp Township P2 Delegate to County Convention,,DEM,Douglas Cultra,202
Van Buren,"Antwerp Township, Precinct 2",Antwerp Township P2 Delegate to County Convention,,DEM,Write-In,0
Van Buren,"Antwerp Township, Precinct 2",U.S. Senate,,REP,Justin Amash,38
Van Buren,"Antwerp Township, Precinct 2",U.S. Senate,,REP,Sherry O'Donnell,26
Van Buren,"Antwerp Township, Precinct 2",U.S. Senate,,REP,Sandy Pensler,40
Van Buren,"Antwerp Township, Precinct 2",U.S. Senate,,REP,Mike Rogers,153
Van Buren,"Antwerp Township, Precinct 2",U.S. Senate,,REP,Write-In,0
Van Buren,"Antwerp Township, Precinct 2",U.S. House,4,REP,Bill Huizenga,217
Van Buren,"Antwerp Township, Precinct 2",U.S. House,4,REP,Brendan Muir,42
Van Buren,"Antwerp Township, Precinct 2",U.S. House,4,REP,Write-In,0
Van Buren,"Antwerp Township, Precinct 2",State House,39,REP,Richard Overton,64
Van Buren,"Antwerp Township, Precinct 2",State House,39,REP,Pauline Wendzel,189
Van Buren,"Antwerp Township, Precinct 2",State House,39,REP,Write-In,0
Van Buren,"Antwerp Township, Precinct 2",Prosecuting Attorney,,REP,Susan Zuiderveen,225
Van Buren,"Antwerp Township, Precinct 2",Prosecuting Attorney,,REP,Write-In,1
Van Buren,"Antwerp Township, Precinct 2",Sheriff,,REP,Daniel E. Abbott,234
Van Buren,"Antwerp Township, Precinct 2",Sheriff,,REP,Write-In,0
Van Buren,"Antwerp Township, Precinct 2",County Clerk,,REP,Suzie Roehm,219
Van Buren,"Antwerp Township, Precinct 2",County Clerk,,REP,Write-In,1
Van Buren,"Antwerp Township, Precinct 2",County Treasurer,,REP,Trisha Nesbitt,222
Van Buren,"Antwerp Township, Precinct 2",County Treasurer,,REP,Write-In,1
Van Buren,"Antwerp Township, Precinct 2",Register of Deeds,,REP,Paul W. DeYoung,232
Van Buren,"Antwerp Township, Precinct 2",Register of Deeds,,REP,Write-In,0
Van Buren,"Antwerp Township, Precinct 2",Drain Commissioner,,REP,Joe Parman,214
Van Buren,"Antwerp Township, Precinct 2",Drain Commissioner,,REP,Write-In,1
Van Buren,"Antwerp Township, Precinct 2",Surveyor,,REP,Charles D. Lossie,213
Van Buren,"Antwerp Township, Precinct 2",Surveyor,,REP,Write-In,2
Van Buren,"Antwerp Township, Precinct 2",County Commissioner 7,,REP,Paul Schincariol,208
Van Buren,"Antwerp Township, Precinct 2",County Commissioner 7,,REP,Write-In,1
Van Buren,"Antwerp Township, Precinct 2",Antwerp Township Supervisor,,REP,Daniel J. Ruzick,213
Van Buren,"Antwerp Township, Precinct 2",Antwerp Township Supervisor,,REP,Write-In,3
Van Buren,"Antwerp Township, Precinct 2",Antwerp Township Clerk,,REP,Chantel Reyna,215
Van Buren,"Antwerp Township, Precinct 2",Antwerp Township Clerk,,REP,Write-In,1
Van Buren,"Antwerp Township, Precinct 2",Antwerp Township Treasurer,,REP,Bonnie Osborne,221
Van Buren,"Antwerp Township, Precinct 2",Antwerp Township Treasurer,,REP,Write-In,2
Van Buren,"Antwerp Township, Precinct 2",Antwerp Township Trustee,,REP,Bruce T. Cutting,181
Van Buren,"Antwerp Township, Precinct 2",Antwerp Township Trustee,,REP,Phil Tarchala,170
Van Buren,"Antwerp Township, Precinct 2",Antwerp Township Trustee,,REP,Write-In,2
Van Buren,"Antwerp Township, Precinct 2",Antwerp Township P2 Delegate to County Convention,,REP,Write-In,2
Van Buren,"Antwerp Township, Precinct 2",County 9-1-1 Surcharge Renewal,,,Yes,402
Van Buren,"Antwerp Township, Precinct 2",County 9-1-1 Surcharge Renewal,,,No,124
Van Buren,"Antwerp Township, Precinct 2",County Road Millage Renewal,,,Yes,381
Van Buren,"Antwerp Township, Precinct 2",County Road Millage Renewal,,,No,145
Van Buren,"Antwerp Township, Precinct 2",County Public Transit Millage Renewal,,,Yes,372
Van Buren,"Antwerp Township, Precinct 2",County Public Transit Millage Renewal,,,No,154
Van Buren,"Antwerp Township, Precinct 2",County Veterans Services Millage Renewal,,,Yes,418
Van Buren,"Antwerp Township, Precinct 2",County Veterans Services Millage Renewal,,,No,100
Van Buren,"Antwerp Township, Precinct 2",VBISD Millage Renewal,,,Yes,402
Van Buren,"Antwerp Township, Precinct 2",VBISD Millage Renewal,,,No,121
Van Buren,"Antwerp Township, Precinct 3",U.S. Senate,,DEM,Hill Harper,19
Van Buren,"Antwerp Township, Precinct 3",U.S. Senate,,DEM,Elissa Slotkin,144
Van Buren,"Antwerp Township, Precinct 3",U.S. Senate,,DEM,Write-In,0
Van Buren,"Antwerp Township, Precinct 3",U.S. House,4,DEM,Jessica Swartz,153
Van Buren,"Antwerp Township, Precinct 3",U.S. House,4,DEM,Write-In,0
Van Buren,"Antwerp Township, Precinct 3",State House,39,DEM,Jared Polonowski,43
Van Buren,"Antwerp Township, Precinct 3",State House,39,DEM,Kerry Tapper,121
Van Buren,"Antwerp Township, Precinct 3",State House,39,DEM,Write-In,0
Van Buren,"Antwerp Township, Precinct 3",Prosecuting Attorney,,DEM,Write-In,11
Van Buren,"Antwerp Township, Precinct 3",Sheriff,,DEM,Write-In,10
Van Buren,"Antwerp Township, Precinct 3",County Clerk,,DEM,Write-In,10
Van Buren,"Antwerp Township, Precinct 3",County Treasurer,,DEM,Write-In,11
Van Buren,"Antwerp Township, Precinct 3",Register of Deeds,,DEM,Mia King,131
Van Buren,"Antwerp Township, Precinct 3",Register of Deeds,,DEM,Write-In,0
Van Buren,"Antwerp Township, Precinct 3",Drain Commissioner,,DEM,Write-In,10
Van Buren,"Antwerp Township, Precinct 3",Surveyor,,DEM,Write-In,10
Van Buren,"Antwerp Township, Precinct 3",County Commissioner 5,,DEM,Write-In,12
Van Buren,"Antwerp Township, Precinct 3",Antwerp Township Supervisor,,DEM,Write-In,11
Van Buren,"Antwerp Township, Precinct 3",Antwerp Township Clerk,,DEM,Write-In,11
Van Buren,"Antwerp Township, Precinct 3",Antwerp Township Treasurer,,DEM,Write-In,10
Van Buren,"Antwerp Township, Precinct 3",Antwerp Township Trustee,,DEM,Write-In,14
Van Buren,"Antwerp Township, Precinct 3",Antwerp Township P3 Delegate to County Convention,,DEM,Write-In,8
Van Buren,"Antwerp Township, Precinct 3",U.S. Senate,,REP,Justin Amash,26
Van Buren,"Antwerp Township, Precinct 3",U.S. Senate,,REP,Sherry O'Donnell,24
Van Buren,"Antwerp Township, Precinct 3",U.S. Senate,,REP,Sandy Pensler,13
Van Buren,"Antwerp Township, Precinct 3",U.S. Senate,,REP,Mike Rogers,100
Van Buren,"Antwerp Township, Precinct 3",U.S. Senate,,REP,Write-In,0
Van Buren,"Antwerp Township, Precinct 3",U.S. House,4,REP,Bill Huizenga,128
Van Buren,"Antwerp Township, Precinct 3",U.S. House,4,REP,Brendan Muir,30
Van Buren,"Antwerp Township, Precinct 3",U.S. House,4,REP,Write-In,2
Van Buren,"Antwerp Township, Precinct 3",State House,39,REP,Richard Overton,54
Van Buren,"Antwerp Township, Precinct 3",State House,39,REP,Pauline Wendzel,106
Van Buren,"Antwerp Township, Precinct 3",State House,39,REP,Write-In,0
Van Buren,"Antwerp Township, Precinct 3",Prosecuting Attorney,,REP,Susan Zuiderveen,145
Van Buren,"Antwerp Township, Precinct 3",Prosecuting Attorney,,REP,Write-In,0
Van Buren,"Antwerp Township, Precinct 3",Sheriff,,REP,Daniel E. Abbott,152
Van Buren,"Antwerp Township, Precinct 3",Sheriff,,REP,Write-In,0
Van Buren,"Antwerp Township, Precinct 3",County Clerk,,REP,Suzie Roehm,145
Van Buren,"Antwerp Township, Precinct 3",County Clerk,,REP,Write-In,0
Van Buren,"Antwerp Township, Precinct 3",County Treasurer,,REP,Trisha Nesbitt,142
Van Buren,"Antwerp Township, Precinct 3",County Treasurer,,REP,Write-In,0
Van Buren,"Antwerp Township, Precinct 3",Register of Deeds,,REP,Paul W. DeYoung,146
Van Buren,"Antwerp Township, Precinct 3",Register of Deeds,,REP,Write-In,1
Van Buren,"Antwerp Township, Precinct 3",Drain Commissioner,,REP,Joe Parman,142
Van Buren,"Antwerp Township, Precinct 3",Drain Commissioner,,REP,Write-In,0
Van Buren,"Antwerp Township, Precinct 3",Surveyor,,REP,Charles D. Lossie,140
Van Buren,"Antwerp Township, Precinct 3",Surveyor,,REP,Write-In,0
Van Buren,"Antwerp Township, Precinct 3",County Commissioner 5,,REP,Randall Peat,136
Van Buren,"Antwerp Township, Precinct 3",County Commissioner 5,,REP,Write-In,0
Van Buren,"Antwerp Township, Precinct 3",Antwerp Township Supervisor,,REP,Daniel J. Ruzick,138
Van Buren,"Antwerp Township, Precinct 3",Antwerp Township Supervisor,,REP,Write-In,0
Van Buren,"Antwerp Township, Precinct 3",Antwerp Township Clerk,,REP,Chantel Reyna,138
Van Buren,"Antwerp Township, Precinct 3",Antwerp Township Clerk,,REP,Write-In,0
Van Buren,"Antwerp Township, Precinct 3",Antwerp Township Treasurer,,REP,Bonnie Osborne,137
Van Buren,"Antwerp Township, Precinct 3",Antwerp Township Treasurer,,REP,Write-In,0
Van Buren,"Antwerp Township, Precinct 3",Antwerp Township Trustee,,REP,Bruce T. Cutting,129
Van Buren,"Antwerp Township, Precinct 3",Antwerp Township Trustee,,REP,Phil Tarchala,98
Van Buren,"Antwerp Township, Precinct 3",Antwerp Township Trustee,,REP,Write-In,0
Van Buren,"Antwerp Township, Precinct 3",Antwerp Township P3 Delegate to County Convention,,REP,Robyn Peake,69
Van Buren,"Antwerp Township, Precinct 3",Antwerp Township P3 Delegate to County Convention,,REP,Tonya Schuitmaker,118
Van Buren,"Antwerp Township, Precinct 3",Antwerp Township P3 Delegate to County Convention,,REP,Sidney Sue Shank,64
Van Buren,"Antwerp Township, Precinct 3",Antwerp Township P3 Delegate to County Convention,,REP,Write-In,1
Van Buren,"Antwerp Township, Precinct 3",County 9-1-1 Surcharge Renewal,,,Yes,233
Van Buren,"Antwerp Township, Precinct 3",County 9-1-1 Surcharge Renewal,,,No,88
Van Buren,"Antwerp Township, Precinct 3",County Road Millage Renewal,,,Yes,220
Van Buren,"Antwerp Township, Precinct 3",County Road Millage Renewal,,,No,99
Van Buren,"Antwerp Township, Precinct 3",County Public Transit Millage Renewal,,,Yes,205
Van Buren,"Antwerp Township, Precinct 3",County Public Transit Millage Renewal,,,No,115
Van Buren,"Antwerp Township, Precinct 3",County Veterans Services Millage Renewal,,,Yes,241
Van Buren,"Antwerp Township, Precinct 3",County Veterans Services Millage Renewal,,,No,78
Van Buren,"Antwerp Township, Precinct 3",VBISD Millage Renewal,,,Yes,223
Van Buren,"Antwerp Township, Precinct 3",VBISD Millage Renewal,,,No,98
Van Buren,"Antwerp Township, Precinct 4",U.S. Senate,,DEM,Hill Harper,33
Van Buren,"Antwerp Township, Precinct 4",U.S. Senate,,DEM,Elissa Slotkin,127
Van Buren,"Antwerp Township, Precinct 4",U.S. Senate,,DEM,Write-In,0
Van Buren,"Antwerp Township, Precinct 4",U.S. House,4,DEM,Jessica Swartz,153
Van Buren,"Antwerp Township, Precinct 4",U.S. House,4,DEM,Write-In,0
Van Buren,"Antwerp Township, Precinct 4",State House,39,DEM,Jared Polonowski,62
Van Buren,"Antwerp Township, Precinct 4",State House,39,DEM,Kerry Tapper,88
Van Buren,"Antwerp Township, Precinct 4",State House,39,DEM,Write-In,1
Van Buren,"Antwerp Township, Precinct 4",Prosecuting Attorney,,DEM,Write-In,12
Van Buren,"Antwerp Township, Precinct 4",Sheriff,,DEM,Write-In,11
Van Buren,"Antwerp Township, Precinct 4",County Clerk,,DEM,Write-In,12
Van Buren,"Antwerp Township, Precinct 4",County Treasurer,,DEM,Write-In,11
Van Buren,"Antwerp Township, Precinct 4",Register of Deeds,,DEM,Mia King,126
Van Buren,"Antwerp Township, Precinct 4",Register of Deeds,,DEM,Write-In,0
Van Buren,"Antwerp Township, Precinct 4",Drain Commissioner,,DEM,Write-In,11
Van Buren,"Antwerp Township, Precinct 4",Surveyor,,DEM,Write-In,11
Van Buren,"Antwerp Township, Precinct 4",County Commissioner 7,,DEM,Douglas Cultra,142
Van Buren,"Antwerp Township, Precinct 4",County Commissioner 7,,DEM,Write-In,0
Van Buren,"Antwerp Township, Precinct 4",Antwerp Township Supervisor,,DEM,Write-In,10
Van Buren,"Antwerp Township, Precinct 4",Antwerp Township Clerk,,DEM,Write-In,10
Van Buren,"Antwerp Township, Precinct 4",Antwerp Township Treasurer,,DEM,Write-In,9
Van Buren,"Antwerp Township, Precinct 4",Antwerp Township Trustee,,DEM,Write-In,14
Van Buren,"Antwerp Township, Precinct 4",Antwerp Township P4 Delegate to County Convention,,DEM,Write-In,12
Van Buren,"Antwerp Township, Precinct 4",U.S. Senate,,REP,Justin Amash,34
Van Buren,"Antwerp Township, Precinct 4",U.S. Senate,,REP,Sherry O'Donnell,17
Van Buren,"Antwerp Township, Precinct 4",U.S. Senate,,REP,Sandy Pensler,15
Van Buren,"Antwerp Township, Precinct 4",U.S. Senate,,REP,Mike Rogers,99
Van Buren,"Antwerp Township, Precinct 4",U.S. Senate,,REP,Write-In,1
Van Buren,"Antwerp Township, Precinct 4",U.S. House,4,REP,Bill Huizenga,137
Van Buren,"Antwerp Township, Precinct 4",U.S. House,4,REP,Brendan Muir,31
Van Buren,"Antwerp Township, Precinct 4",U.S. House,4,REP,Write-In,1
Van Buren,"Antwerp Township, Precinct 4",State House,39,REP,Richard Overton,42
Van Buren,"Antwerp Township, Precinct 4",State House,39,REP,Pauline Wendzel,119
Van Buren,"Antwerp Township, Precinct 4",State House,39,REP,Write-In,1
Van Buren,"Antwerp Township, Precinct 4",Prosecuting Attorney,,REP,Susan Zuiderveen,138
Van Buren,"Antwerp Township, Precinct 4",Prosecuting Attorney,,REP,Write-In,2
Van Buren,"Antwerp Township, Precinct 4",Sheriff,,REP,Daniel E. Abbott,143
Van Buren,"Antwerp Township, Precinct 4",Sheriff,,REP,Write-In,1
Van Buren,"Antwerp Township, Precinct 4",County Clerk,,REP,Suzie Roehm,137
Van Buren,"Antwerp Township, Precinct 4",County Clerk,,REP,Write-In,1
Van Buren,"Antwerp Township, Precinct 4",County Treasurer,,REP,Trisha Nesbitt,140
Van Buren,"Antwerp Township, Precinct 4",County Treasurer,,REP,Write-In,2
Van Buren,"Antwerp Township, Precinct 4",Register of Deeds,,REP,Paul W. DeYoung,140
Van Buren,"Antwerp Township, Precinct 4",Register of Deeds,,REP,Write-In,3
Van Buren,"Antwerp Township, Precinct 4",Drain Commissioner,,REP,Joe Parman,133
Van Buren,"Antwerp Township, Precinct 4",Drain Commissioner,,REP,Write-In,3
Van Buren,"Antwerp Township, Precinct 4",Surveyor,,REP,Charles D. Lossie,134
Van Buren,"Antwerp Township, Precinct 4",Surveyor,,REP,Write-In,1
Van Buren,"Antwerp Township, Precinct 4",County Commissioner 7,,REP,Paul Schincariol,128
Van Buren,"Antwerp Township, Precinct 4",County Commissioner 7,,REP,Write-In,1
Van Buren,"Antwerp Township, Precinct 4",Antwerp Township Supervisor,,REP,Daniel J. Ruzick,135
Van Buren,"Antwerp Township, Precinct 4",Antwerp Township Supervisor,,REP,Write-In,1
Van Buren,"Antwerp Township, Precinct 4",Antwerp Township Clerk,,REP,Chantel Reyna,136
Van Buren,"Antwerp Township, Precinct 4",Antwerp Township Clerk,,REP,Write-In,0
Van Buren,"Antwerp Township, Precinct 4",Antwerp Township Treasurer,,REP,Bonnie Osborne,133
Van Buren,"Antwerp Township, Precinct 4",Antwerp Township Treasurer,,REP,Write-In,0
Van Buren,"Antwerp Township, Precinct 4",Antwerp Township Trustee,,REP,Bruce T. Cutting,106
Van Buren,"Antwerp Township, Precinct 4",Antwerp Township Trustee,,REP,Phil Tarchala,103
Van Buren,"Antwerp Township, Precinct 4",Antwerp Township Trustee,,REP,Write-In,0
Van Buren,"Antwerp Township, Precinct 4",Antwerp Township P4 Delegate to County Convention,,REP,Write-In,9
Van Buren,"Antwerp Township, Precinct 4",Antwerp Township P4 Delegate to County Convention,,REP,Anthony Joseph Longjohn,1
Van Buren,"Antwerp Township, Precinct 4",County 9-1-1 Surcharge Renewal,,,Yes,246
Van Buren,"Antwerp Township, Precinct 4",County 9-1-1 Surcharge Renewal,,,No,92
Van Buren,"Antwerp Township, Precinct 4",County Road Millage Renewal,,,Yes,246
Van Buren,"Antwerp Township, Precinct 4",County Road Millage Renewal,,,No,92
Van Buren,"Antwerp Township, Precinct 4",County Public Transit Millage Renewal,,,Yes,231
Van Buren,"Antwerp Township, Precinct 4",County Public Transit Millage Renewal,,,No,106
Van Buren,"Antwerp Township, Precinct 4",County Veterans Services Millage Renewal,,,Yes,271
Van Buren,"Antwerp Township, Precinct 4",County Veterans Services Millage Renewal,,,No,64
Van Buren,"Antwerp Township, Precinct 4",VBISD Millage Renewal,,,Yes,246
Van Buren,"Antwerp Township, Precinct 4",VBISD Millage Renewal,,,No,86
Van Buren,"Antwerp Township, Precinct 5",U.S. Senate,,DEM,Hill Harper,20
Van Buren,"Antwerp Township, Precinct 5",U.S. Senate,,DEM,Elissa Slotkin,188
Van Buren,"Antwerp Township, Precinct 5",U.S. Senate,,DEM,Write-In,0
Van Buren,"Antwerp Township, Precinct 5",U.S. House,4,DEM,Jessica Swartz,195
Van Buren,"Antwerp Township, Precinct 5",U.S. House,4,DEM,Write-In,0
Van Buren,"Antwerp Township, Precinct 5",State House,39,DEM,Jared Polonowski,69
Van Buren,"Antwerp Township, Precinct 5",State House,39,DEM,Kerry Tapper,136
Van Buren,"Antwerp Township, Precinct 5",State House,39,DEM,Write-In,0
Van Buren,"Antwerp Township, Precinct 5",Prosecuting Attorney,,DEM,Write-In,13
Van Buren,"Antwerp Township, Precinct 5",Sheriff,,DEM,Write-In,13
Van Buren,"Antwerp Township, Precinct 5",County Clerk,,DEM,Write-In,12
Van Buren,"Antwerp Township, Precinct 5",County Treasurer,,DEM,Write-In,11
Van Buren,"Antwerp Township, Precinct 5",Register of Deeds,,DEM,Mia King,158
Van Buren,"Antwerp Township, Precinct 5",Register of Deeds,,DEM,Write-In,0
Van Buren,"Antwerp Township, Precinct 5",Drain Commissioner,,DEM,Write-In,13
Van Buren,"Antwerp Township, Precinct 5",Surveyor,,DEM,Write-In,11
Van Buren,"Antwerp Township, Precinct 5",County Commissioner 7,,DEM,Douglas Cultra,183
Van Buren,"Antwerp Township, Precinct 5",County Commissioner 7,,DEM,Write-In,0
Van Buren,"Antwerp Township, Precinct 5",Antwerp Township Supervisor,,DEM,Write-In,9
Van Buren,"Antwerp Township, Precinct 5",Antwerp Township Clerk,,DEM,Write-In,9
Van Buren,"Antwerp Township, Precinct 5",Antwerp Township Treasurer,,DEM,Write-In,8
Van Buren,"Antwerp Township, Precinct 5",Antwerp Township Trustee,,DEM,Write-In,8
Van Buren,"Antwerp Township, Precinct 5",Antwerp Township P5 Delegate to County Convention,,DEM,David S. Goldenberg,167
Van Buren,"Antwerp Township, Precinct 5",Antwerp Township P5 Delegate to County Convention,,DEM,Write-In,0
Van Buren,"Antwerp Township, Precinct 5",U.S. Senate,,REP,Justin Amash,39
Van Buren,"Antwerp Township, Precinct 5",U.S. Senate,,REP,Sherry O'Donnell,49
Van Buren,"Antwerp Township, Precinct 5",U.S. Senate,,REP,Sandy Pensler,23
Van Buren,"Antwerp Township, Precinct 5",U.S. Senate,,REP,Mike Rogers,172
Van Buren,"Antwerp Township, Precinct 5",U.S. Senate,,REP,Write-In,0
Van Buren,"Antwerp Township, Precinct 5",U.S. House,4,REP,Bill Huizenga,242
Van Buren,"Antwerp Township, Precinct 5",U.S. House,4,REP,Brendan Muir,39
Van Buren,"Antwerp Township, Precinct 5",U.S. House,4,REP,Write-In,0
Van Buren,"Antwerp Township, Precinct 5",State House,39,REP,Richard Overton,71
Van Buren,"Antwerp Township, Precinct 5",State House,39,REP,Pauline Wendzel,207
Van Buren,"Antwerp Township, Precinct 5",State House,39,REP,Write-In,0
Van Buren,"Antwerp Township, Precinct 5",Prosecuting Attorney,,REP,Susan Zuiderveen,238
Van Buren,"Antwerp Township, Precinct 5",Prosecuting Attorney,,REP,Write-In,1
Van Buren,"Antwerp Township, Precinct 5",Sheriff,,REP,Daniel E. Abbott,244
Van Buren,"Antwerp Township, Precinct 5",Sheriff,,REP,Write-In,2
Van Buren,"Antwerp Township, Precinct 5",County Clerk,,REP,Suzie Roehm,238
Van Buren,"Antwerp Township, Precinct 5",County Clerk,,REP,Write-In,0
Van Buren,"Antwerp Township, Precinct 5",County Treasurer,,REP,Trisha Nesbitt,237
Van Buren,"Antwerp Township, Precinct 5",County Treasurer,,REP,Write-In,1
Van Buren,"Antwerp Township, Precinct 5",Register of Deeds,,REP,Paul W. DeYoung,244
Van Buren,"Antwerp Township, Precinct 5",Register of Deeds,,REP,Write-In,0
Van Buren,"Antwerp Township, Precinct 5",Drain Commissioner,,REP,Joe Parman,230
Van Buren,"Antwerp Township, Precinct 5",Drain Commissioner,,REP,Write-In,1
Van Buren,"Antwerp Township, Precinct 5",Surveyor,,REP,Charles D. Lossie,229
Van Buren,"Antwerp Township, Precinct 5",Surveyor,,REP,Write-In,1
Van Buren,"Antwerp Township, Precinct 5",County Commissioner 7,,REP,Paul Schincariol,234
Van Buren,"Antwerp Township, Precinct 5",County Commissioner 7,,REP,Write-In,0
Van Buren,"Antwerp Township, Precinct 5",Antwerp Township Supervisor,,REP,Daniel J. Ruzick,232
Van Buren,"Antwerp Township, Precinct 5",Antwerp Township Supervisor,,REP,Write-In,1
Van Buren,"Antwerp Township, Precinct 5",Antwerp Township Clerk,,REP,Chantel Reyna,226
Van Buren,"Antwerp Township, Precinct 5",Antwerp Township Clerk,,REP,Write-In,1
Van Buren,"Antwerp Township, Precinct 5",Antwerp Township Treasurer,,REP,Bonnie Osborne,233
Van Buren,"Antwerp Township, Precinct 5",Antwerp Township Treasurer,,REP,Write-In,1
Van Buren,"Antwerp Township, Precinct 5",Antwerp Township Trustee,,REP,Bruce T. Cutting,215
Van Buren,"Antwerp Township, Precinct 5",Antwerp Township Trustee,,REP,Phil Tarchala,167
Van Buren,"Antwerp Township, Precinct 5",Antwerp Township Trustee,,REP,Write-In,2
Van Buren,"Antwerp Township, Precinct 5",Antwerp Township P5 Delegate to County Convention,,REP,Bronwyn Haltom,158
Van Buren,"Antwerp Township, Precinct 5",Antwerp Township P5 Delegate to County Convention,,REP,Beth Griffin McDaniels,197
Van Buren,"Antwerp Township, Precinct 5",Antwerp Township P5 Delegate to County Convention,,REP,Thomas Midanek,162
Van Buren,"Antwerp Township, Precinct 5",Antwerp Township P5 Delegate to County Convention,,REP,Write-In,2
Van Buren,"Antwerp Township, Precinct 5",County 9-1-1 Surcharge Renewal,,,Yes,390
Van Buren,"Antwerp Township, Precinct 5",County 9-1-1 Surcharge Renewal,,,No,113
Van Buren,"Antwerp Township, Precinct 5",County Road Millage Renewal,,,Yes,360
Van Buren,"Antwerp Township, Precinct 5",County Road Millage Renewal,,,No,144
Van Buren,"Antwerp Township, Precinct 5",County Public Transit Millage Renewal,,,Yes,342
Van Buren,"Antwerp Township, Precinct 5",County Public Transit Millage Renewal,,,No,163
Van Buren,"Antwerp Township, Precinct 5",County Veterans Services Millage Renewal,,,Yes,403
Van Buren,"Antwerp Township, Precinct 5",County Veterans Services Millage Renewal,,,No,97
Van Buren,"Antwerp Township, Precinct 5",VBISD Millage Renewal,,,Yes,340
Van Buren,"Antwerp Township, Precinct 5",VBISD Millage Renewal,,,No,160
Van Buren,"Arlington Township, Precinct 1",U.S. Senate,,DEM,Hill Harper,14
Van Buren,"Arlington Township, Precinct 1",U.S. Senate,,DEM,Elissa Slotkin,71
Van Buren,"Arlington Township, Precinct 1",U.S. Senate,,DEM,Write-In,0
Van Buren,"Arlington Township, Precinct 1",U.S. House,4,DEM,Jessica Swartz,79
Van Buren,"Arlington Township, Precinct 1",U.S. House,4,DEM,Write-In,0
Van Buren,"Arlington Township, Precinct 1",State House,39,DEM,Jared Polonowski,35
Van Buren,"Arlington Township, Precinct 1",State House,39,DEM,Kerry Tapper,46
Van Buren,"Arlington Township, Precinct 1",State House,39,DEM,Write-In,1
Van Buren,"Arlington Township, Precinct 1",Prosecuting Attorney,,DEM,Write-In,13
Van Buren,"Arlington Township, Precinct 1",Sheriff,,DEM,Write-In,12
Van Buren,"Arlington Township, Precinct 1",County Clerk,,DEM,Write-In,12
Van Buren,"Arlington Township, Precinct 1",County Treasurer,,DEM,Write-In,12
Van Buren,"Arlington Township, Precinct 1",Register of Deeds,,DEM,Mia King,71
Van Buren,"Arlington Township, Precinct 1",Register of Deeds,,DEM,Write-In,1
Van Buren,"Arlington Township, Precinct 1",Drain Commissioner,,DEM,Write-In,12
Van Buren,"Arlington Township, Precinct 1",Surveyor,,DEM,Write-In,11
Van Buren,"Arlington Township, Precinct 1",County Commissioner 3,,DEM,Nancy Backas,80
Van Buren,"Arlington Township, Precinct 1",County Commissioner 3,,DEM,Write-In,0
Van Buren,"Arlington Township, Precinct 1",Arlington Township Supervior,,DEM,Write-In,10
Van Buren,"Arlington Township, Precinct 1",Arlington Township Clerk,,DEM,Write-In,8
Van Buren,"Arlington Township, Precinct 1",Arlington Township Treasurer,,DEM,Write-In,8
Van Buren,"Arlington Township, Precinct 1",Arlington Township Trustee,,DEM,Write-In,10
Van Buren,"Arlington Township, Precinct 1",Arlington Township Delegate to County Convention,,DEM,Write-In,7
Van Buren,"Arlington Township, Precinct 1",U.S. Senate,,REP,Justin Amash,40
Van Buren,"Arlington Township, Precinct 1",U.S. Senate,,REP,Sherry O'Donnell,18
Van Buren,"Arlington Township, Precinct 1",U.S. Senate,,REP,Sandy Pensler,43
Van Buren,"Arlington Township, Precinct 1",U.S. Senate,,REP,Mike Rogers,138
Van Buren,"Arlington Township, Precinct 1",U.S. Senate,,REP,Write-In,2
Van Buren,"Arlington Township, Precinct 1",U.S. House,4,REP,Bill Huizenga,201
Van Buren,"Arlington Township, Precinct 1",U.S. House,4,REP,Brendan Muir,47
Van Buren,"Arlington Township, Precinct 1",U.S. House,4,REP,Write-In,2
Van Buren,"Arlington Township, Precinct 1",State House,39,REP,Richard Overton,75
Van Buren,"Arlington Township, Precinct 1",State House,39,REP,Pauline Wendzel,172
Van Buren,"Arlington Township, Precinct 1",State House,39,REP,Write-In,2
Van Buren,"Arlington Township, Precinct 1",Prosecuting Attorney,,REP,Susan Zuiderveen,213
Van Buren,"Arlington Township, Precinct 1",Prosecuting Attorney,,REP,Write-In,5
Van Buren,"Arlington Township, Precinct 1",Sheriff,,REP,Daniel E. Abbott,244
Van Buren,"Arlington Township, Precinct 1",Sheriff,,REP,Write-In,0
Van Buren,"Arlington Township, Precinct 1",County Clerk,,REP,Suzie Roehm,218
Van Buren,"Arlington Township, Precinct 1",County Clerk,,REP,Write-In,3
Van Buren,"Arlington Township, Precinct 1",County Treasurer,,REP,Trisha Nesbitt,219
Van Buren,"Arlington Township, Precinct 1",County Treasurer,,REP,Write-In,5
Van Buren,"Arlington Township, Precinct 1",Register of Deeds,,REP,Paul W. DeYoung,229
Van Buren,"Arlington Township, Precinct 1",Register of Deeds,,REP,Write-In,1
Van Buren,"Arlington Township, Precinct 1",Drain Commissioner,,REP,Joe Parman,220
Van Buren,"Arlington Township, Precinct 1",Drain Commissioner,,REP,Write-In,4
Van Buren,"Arlington Township, Precinct 1",Surveyor,,REP,Charles D. Lossie,217
Van Buren,"Arlington Township, Precinct 1",Surveyor,,REP,Write-In,1
Van Buren,"Arlington Township, Precinct 1",County Commissioner 3,,REP,Kurt Doroh,229
Van Buren,"Arlington Township, Precinct 1",County Commissioner 3,,REP,Write-In,3
Van Buren,"Arlington Township, Precinct 1",Arlington Township Supervisor,,REP,David W. Holmes,98
Van Buren,"Arlington Township, Precinct 1",Arlington Township Supervisor,,REP,Georgette Peterson,155
Van Buren,"Arlington Township, Precinct 1",Arlington Township Supervisor,,REP,Write-In,0
Van Buren,"Arlington Township, Precinct 1",Arlington Township Clerk,,REP,Jacque Phillippe,72
Van Buren,"Arlington Township, Precinct 1",Arlington Township Clerk,,REP,LuAnn Sell,181
Van Buren,"Arlington Township, Precinct 1",Arlington Township Clerk,,REP,Write-In,0
Van Buren,"Arlington Township, Precinct 1",Arlington Township Treasurer,,REP,Jill Sanborn,233
Van Buren,"Arlington Township, Precinct 1",Arlington Township Treasurer,,REP,Write-In,0
Van Buren,"Arlington Township, Precinct 1",Arlington Township Trustee,,REP,Ron Klein,153
Van Buren,"Arlington Township, Precinct 1",Arlington Township Trustee,,REP,Theodore Swanson,141
Van Buren,"Arlington Township, Precinct 1",Arlington Township Trustee,,REP,Douglas Zantello,115
Van Buren,"Arlington Township, Precinct 1",Arlington Township Trustee,,REP,Write-In,0
Van Buren,"Arlington Township, Precinct 1",Arlington Township Delegate to County Convention,,REP,Karen Lynn Johnson,124
Van Buren,"Arlington Township, Precinct 1",Arlington Township Delegate to County Convention,,REP,Bonnie S. Parmelee,84
Van Buren,"Arlington Township, Precinct 1",Arlington Township Delegate to County Convention,,REP,Georgette Peterson,153
Van Buren,"Arlington Township, Precinct 1",Arlington Township Delegate to County Convention,,REP,Write-In,1
Van Buren,"Arlington Township, Precinct 1",County 9-1-1 Surcharge Renewal,,,Yes,232
Van Buren,"Arlington Township, Precinct 1",County 9-1-1 Surcharge Renewal,,,No,108
Van Buren,"Arlington Township, Precinct 1",County Road Millage Renewal,,,Yes,216
Van Buren,"Arlington Township, Precinct 1",County Road Millage Renewal,,,No,124
Van Buren,"Arlington Township, Precinct 1",County Public Transit Millage Renewal,,,Yes,206
Van Buren,"Arlington Township, Precinct 1",County Public Transit Millage Renewal,,,No,134
Van Buren,"Arlington Township, Precinct 1",County Veterans Services Millage Renewal,,,Yes,261
Van Buren,"Arlington Township, Precinct 1",County Veterans Services Millage Renewal,,,No,84
Van Buren,"Arlington Township, Precinct 1",Arlington Township Road Millage Renewal,,,Yes,227
Van Buren,"Arlington Township, Precinct 1",Arlington Township Road Millage Renewal,,,No,121
Van Buren,"Arlington Township, Precinct 1",Bangor Public Schools Operating Millage,,,Yes,149
Van Buren,"Arlington Township, Precinct 1",Bangor Public Schools Operating Millage,,,No,92
Van Buren,"Arlington Township, Precinct 1",VBISD Millage Renewal,,,Yes,215
Van Buren,"Arlington Township, Precinct 1",VBISD Millage Renewal,,,No,135
Van Buren,"Bangor Township, Precinct 1",U.S. Senate,,DEM,Hill Harper,16
Van Buren,"Bangor Township, Precinct 1",U.S. Senate,,DEM,Elissa Slotkin,52
Van Buren,"Bangor Township, Precinct 1",U.S. Senate,,DEM,Write-In,0
Van Buren,"Bangor Township, Precinct 1",U.S. House,4,DEM,Jessica Swartz,60
Van Buren,"Bangor Township, Precinct 1",U.S. House,4,DEM,Write-In,0
Van Buren,"Bangor Township, Precinct 1",State House,39,DEM,Jared Polonowski,19
Van Buren,"Bangor Township, Precinct 1",State House,39,DEM,Kerry Tapper,46
Van Buren,"Bangor Township, Precinct 1",State House,39,DEM,Write-In,0
Van Buren,"Bangor Township, Precinct 1",Prosecuting Attorney,,DEM,Write-In,9
Van Buren,"Bangor Township, Precinct 1",Sheriff,,DEM,Write-In,7
Van Buren,"Bangor Township, Precinct 1",County Clerk,,DEM,Write-In,8
Van Buren,"Bangor Township, Precinct 1",County Treasurer,,DEM,Write-In,7
Van Buren,"Bangor Township, Precinct 1",Register of Deeds,,DEM,Mia King,37
Van Buren,"Bangor Township, Precinct 1",Register of Deeds,,DEM,Write-In,0
Van Buren,"Bangor Township, Precinct 1",Drain Commissioner,,DEM,Write-In,6
Van Buren,"Bangor Township, Precinct 1",Surveyor,,DEM,Write-In,6
Van Buren,"Bangor Township, Precinct 1",County Commissioner 2,,DEM,Write-In,7
Van Buren,"Bangor Township, Precinct 1",Bangor Township Supervisor,,DEM,Write-In,7
Van Buren,"Bangor Township, Precinct 1",Bangor Township Clerk,,DEM,Write-In,7
Van Buren,"Bangor Township, Precinct 1",Bangor Township Treasurer,,DEM,Write-In,7
Van Buren,"Bangor Township, Precinct 1",Bangor Township Trustee,,DEM,Write-In,9
Van Buren,"Bangor Township, Precinct 1",Bangor Township Delegate to County Convention,,DEM,Write-In,6
Van Buren,"Bangor Township, Precinct 1",U.S. Senate,,REP,Justin Amash,39
Van Buren,"Bangor Township, Precinct 1",U.S. Senate,,REP,Sherry O'Donnell,25
Van Buren,"Bangor Township, Precinct 1",U.S. Senate,,REP,Sandy Pensler,9
Van Buren,"Bangor Township, Precinct 1",U.S. Senate,,REP,Mike Rogers,115
Van Buren,"Bangor Township, Precinct 1",U.S. Senate,,REP,Write-In,1
Van Buren,"Bangor Township, Precinct 1",U.S. House,4,REP,Bill Huizenga,160
Van Buren,"Bangor Township, Precinct 1",U.S. House,4,REP,Brendan Muir,32
Van Buren,"Bangor Township, Precinct 1",U.S. House,4,REP,Write-In,1
Van Buren,"Bangor Township, Precinct 1",State House,39,REP,Richard Overton,52
Van Buren,"Bangor Township, Precinct 1",State House,39,REP,Pauline Wendzel,144
Van Buren,"Bangor Township, Precinct 1",State House,39,REP,Write-In,1
Van Buren,"Bangor Township, Precinct 1",Prosecuting Attorney,,REP,Susan Zuiderveen,176
Van Buren,"Bangor Township, Precinct 1",Prosecuting Attorney,,REP,Write-In,0
Van Buren,"Bangor Township, Precinct 1",Sheriff,,REP,Daniel E. Abbott,189
Van Buren,"Bangor Township, Precinct 1",Sheriff,,REP,Write-In,0
Van Buren,"Bangor Township, Precinct 1",County Clerk,,REP,Suzie Roehm,178
Van Buren,"Bangor Township, Precinct 1",County Clerk,,REP,Write-In,0
Van Buren,"Bangor Township, Precinct 1",County Treasurer,,REP,Trisha Nesbitt,176
Van Buren,"Bangor Township, Precinct 1",County Treasurer,,REP,Write-In,0
Van Buren,"Bangor Township, Precinct 1",Register of Deeds,,REP,Paul W. DeYoung,177
Van Buren,"Bangor Township, Precinct 1",Register of Deeds,,REP,Write-In,0
Van Buren,"Bangor Township, Precinct 1",Drain Commissioner,,REP,Joe Parman,178
Van Buren,"Bangor Township, Precinct 1",Drain Commissioner,,REP,Write-In,0
Van Buren,"Bangor Township, Precinct 1",Surveyor,,REP,Charles D. Lossie,177
Van Buren,"Bangor Township, Precinct 1",Surveyor,,REP,Write-In,0
Van Buren,"Bangor Township, Precinct 1",County Commissioner 2,,REP,Mike Chappell,160
Van Buren,"Bangor Township, Precinct 1",County Commissioner 2,,REP,Write-In,0
Van Buren,"Bangor Township, Precinct 1",Bangor Township Supervisor,,REP,Mike Sullins,158
Van Buren,"Bangor Township, Precinct 1",Bangor Township Supervisor,,REP,Write-In,0
Van Buren,"Bangor Township, Precinct 1",Bangor Township Clerk,,REP,Tempest Sullins,155
Van Buren,"Bangor Township, Precinct 1",Bangor Township Clerk,,REP,Write-In,0
Van Buren,"Bangor Township, Precinct 1",Bangor Township Treasurer,,REP,Sandra Karr,159
Van Buren,"Bangor Township, Precinct 1",Bangor Township Treasurer,,REP,Write-In,0
Van Buren,"Bangor Township, Precinct 1",Bangor Township Trustee,,REP,Regina Hoover,136
Van Buren,"Bangor Township, Precinct 1",Bangor Township Trustee,,REP,David E. Houdek,131
Van Buren,"Bangor Township, Precinct 1",Bangor Township Trustee,,REP,Write-In,0
Van Buren,"Bangor Township, Precinct 1",Bangor Township Delegate to County Convention,,REP,Jeffrey T. Roe,153
Van Buren,"Bangor Township, Precinct 1",Bangor Township Delegate to County Convention,,REP,Write-In,1
Van Buren,"Bangor Township, Precinct 1",County 9-1-1 Surcharge Renewal,,,Yes,179
Van Buren,"Bangor Township, Precinct 1",County 9-1-1 Surcharge Renewal,,,No,93
Van Buren,"Bangor Township, Precinct 1",County Road Millage Renewal,,,Yes,160
Van Buren,"Bangor Township, Precinct 1",County Road Millage Renewal,,,No,109
Van Buren,"Bangor Township, Precinct 1",County Public Transit Millage Renewal,,,Yes,151
Van Buren,"Bangor Township, Precinct 1",County Public Transit Millage Renewal,,,No,121
Van Buren,"Bangor Township, Precinct 1",County Veterans Services Millage Renewal,,,Yes,180
Van Buren,"Bangor Township, Precinct 1",County Veterans Services Millage Renewal,,,No,71
Van Buren,"Bangor Township, Precinct 1",Bangor Public Schools Operating Millage,,,Yes,106
Van Buren,"Bangor Township, Precinct 1",Bangor Public Schools Operating Millage,,,No,78
Van Buren,"Bangor Township, Precinct 1",Bangor Wood District 8 Operating Millage,,,Yes,17
Van Buren,"Bangor Township, Precinct 1",Bangor Wood District 8 Operating Millage,,,No,4
Van Buren,"Bangor Township, Precinct 1",VBISD Millage Renewal,,,Yes,150
Van Buren,"Bangor Township, Precinct 1",VBISD Millage Renewal,,,No,99
Van Buren,"Bloomingdale Township, Precinct 1",U.S. Senate,,DEM,Hill Harper,18
Van Buren,"Bloomingdale Township, Precinct 1",U.S. Senate,,DEM,Elissa Slotkin,119
Van Buren,"Bloomingdale Township, Precinct 1",U.S. Senate,,DEM,Write-In,0
Van Buren,"Bloomingdale Township, Precinct 1",U.S. House,4,DEM,Jessica Swartz,120
Van Buren,"Bloomingdale Township, Precinct 1",U.S. House,4,DEM,Write-In,0
Van Buren,"Bloomingdale Township, Precinct 1",State House,39,DEM,Jared Polonowski,47
Van Buren,"Bloomingdale Township, Precinct 1",State House,39,DEM,Kerry Tapper,80
Van Buren,"Bloomingdale Township, Precinct 1",State House,39,DEM,Write-In,0
Van Buren,"Bloomingdale Township, Precinct 1",Prosecuting Attorney,,DEM,Write-In,25
Van Buren,"Bloomingdale Township, Precinct 1",Sheriff,,DEM,Write-In,23
Van Buren,"Bloomingdale Township, Precinct 1",County Clerk,,DEM,Write-In,22
Van Buren,"Bloomingdale Township, Precinct 1",County Treasurer,,DEM,Write-In,21
Van Buren,"Bloomingdale Township, Precinct 1",Register of Deeds,,DEM,Mia King,106
Van Buren,"Bloomingdale Township, Precinct 1",Register of Deeds,,DEM,Write-In,0
Van Buren,"Bloomingdale Township, Precinct 1",Drain Commissioner,,DEM,Write-In,23
Van Buren,"Bloomingdale Township, Precinct 1",Surveyor,,DEM,Write-In,22
Van Buren,"Bloomingdale Township, Precinct 1",County Commissioner 4,,DEM,Write-In,27
Van Buren,"Bloomingdale Township, Precinct 1",Bloomingdale Township Supervisor,,DEM,Write-In,22
Van Buren,"Bloomingdale Township, Precinct 1",Bloomingdale Township Clerk,,DEM,Write-In,21
Van Buren,"Bloomingdale Township, Precinct 1",Bloomingdale Township Treasurer,,DEM,Write-In,22
Van Buren,"Bloomingdale Township, Precinct 1",Bloomingdale Township Trustee,,DEM,Write-In,31
Van Buren,"Bloomingdale Township, Precinct 1",Bloomingdale Township Delegate to County Convention,,DEM,Write-In,22
Van Buren,"Bloomingdale Township, Precinct 1",U.S. Senate,,REP,Justin Amash,88
Van Buren,"Bloomingdale Township, Precinct 1",U.S. Senate,,REP,Sherry O'Donnell,35
Van Buren,"Bloomingdale Township, Precinct 1",U.S. Senate,,REP,Sandy Pensler,30
Van Buren,"Bloomingdale Township, Precinct 1",U.S. Senate,,REP,Mike Rogers,215
Van Buren,"Bloomingdale Township, Precinct 1",U.S. Senate,,REP,Write-In,2
Van Buren,"Bloomingdale Township, Precinct 1",U.S. House,4,REP,Bill Huizenga,315
Van Buren,"Bloomingdale Township, Precinct 1",U.S. House,4,REP,Brendan Muir,50
Van Buren,"Bloomingdale Township, Precinct 1",U.S. House,4,REP,Write-In,0
Van Buren,"Bloomingdale Township, Precinct 1",State House,39,REP,Richard Overton,95
Van Buren,"Bloomingdale Township, Precinct 1",State House,39,REP,Pauline Wendzel,265
Van Buren,"Bloomingdale Township, Precinct 1",State House,39,REP,Write-In,0
Van Buren,"Bloomingdale Township, Precinct 1",Prosecuting Attorney,,REP,Susan Zuiderveen,307
Van Buren,"Bloomingdale Township, Precinct 1",Prosecuting Attorney,,REP,Write-In,2
Van Buren,"Bloomingdale Township, Precinct 1",Sheriff,,REP,Daniel E. Abbott,336
Van Buren,"Bloomingdale Township, Precinct 1",Sheriff,,REP,Write-In,3
Van Buren,"Bloomingdale Township, Precinct 1",County Clerk,,REP,Suzie Roehm,313
Van Buren,"Bloomingdale Township, Precinct 1",County Clerk,,REP,Write-In,0
Van Buren,"Bloomingdale Township, Precinct 1",County Treasurer,,REP,Trisha Nesbitt,317
Van Buren,"Bloomingdale Township, Precinct 1",County Treasurer,,REP,Write-In,1
Van Buren,"Bloomingdale Township, Precinct 1",Register of Deeds,,REP,Paul W. DeYoung,316
Van Buren,"Bloomingdale Township, Precinct 1",Register of Deeds,,REP,Write-In,0
Van Buren,"Bloomingdale Township, Precinct 1",Drain Commissioner,,REP,Joe Parman,315
Van Buren,"Bloomingdale Township, Precinct 1",Drain Commissioner,,REP,Write-In,1
Van Buren,"Bloomingdale Township, Precinct 1",Surveyor,,REP,Charles D. Lossie,308
Van Buren,"Bloomingdale Township, Precinct 1",Surveyor,,REP,Write-In,1
Van Buren,"Bloomingdale Township, Precinct 1",County Commissioner 4,,REP,David J. DiStefano,200
Van Buren,"Bloomingdale Township, Precinct 1",County Commissioner 4,,REP,Bill Irwin,130
Van Buren,"Bloomingdale Township, Precinct 1",County Commissioner 4,,REP,Write-In,1
Van Buren,"Bloomingdale Township, Precinct 1",Bloomingdale Township Supervisor,,REP,Matthew L. Ashbrook,246
Van Buren,"Bloomingdale Township, Precinct 1",Bloomingdale Township Supervisor,,REP,James A. Lisowski,140
Van Buren,"Bloomingdale Township, Precinct 1",Bloomingdale Township Supervisor,,REP,Write-In,0
Van Buren,"Bloomingdale Township, Precinct 1",Bloomingdale Township Clerk,,REP,Melanie Kelly,316
Van Buren,"Bloomingdale Township, Precinct 1",Bloomingdale Township Clerk,,REP,Write-In,4
Van Buren,"Bloomingdale Township, Precinct 1",Bloomingdale Township Treasurer,,REP,Melissa Blackson,306
Van Buren,"Bloomingdale Township, Precinct 1",Bloomingdale Township Treasurer,,REP,Write-In,2
Van Buren,"Bloomingdale Township, Precinct 1",Bloomingdale Township Trustee,,REP,Brett D. Johnson,257
Van Buren,"Bloomingdale Township, Precinct 1",Bloomingdale Township Trustee,,REP,Lindsey Nelson,292
Van Buren,"Bloomingdale Township, Precinct 1",Bloomingdale Township Trustee,,REP,Write-In,1
Van Buren,"Bloomingdale Township, Precinct 1",Bloomingdale Township Delegate to County Convention,,REP,Leora D. Godfrey,228
Van Buren,"Bloomingdale Township, Precinct 1",Bloomingdale Township Delegate to County Convention,,REP,Richard D. Godfrey,254
Van Buren,"Bloomingdale Township, Precinct 1",Bloomingdale Township Delegate to County Convention,,REP,Terrence Jay Hammond,240
Van Buren,"Bloomingdale Township, Precinct 1",Bloomingdale Township Delegate to County Convention,,REP,Write-In,1
Van Buren,"Bloomingdale Township, Precinct 1",County 9-1-1 Surcharge Renewal,,,Yes,398
Van Buren,"Bloomingdale Township, Precinct 1",County 9-1-1 Surcharge Renewal,,,No,144
Van Buren,"Bloomingdale Township, Precinct 1",County Road Millage Renewal,,,Yes,358
Van Buren,"Bloomingdale Township, Precinct 1",County Road Millage Renewal,,,No,182
Van Buren,"Bloomingdale Township, Precinct 1",County Public Transit Millage Renewal,,,Yes,344
Van Buren,"Bloomingdale Township, Precinct 1",County Public Transit Millage Renewal,,,No,198
Van Buren,"Bloomingdale Township, Precinct 1",County Veterans Services Millage Renewal,,,Yes,429
Van Buren,"Bloomingdale Township, Precinct 1",County Veterans Services Millage Renewal,,,No,121
Van Buren,"Bloomingdale Township, Precinct 1",Bloomingdale Public School Operating Millage,,,Yes,224
Van Buren,"Bloomingdale Township, Precinct 1",Bloomingdale Public School Operating Millage,,,No,120
Van Buren,"Bloomingdale Township, Precinct 1",VBISD Millage Renewal,,,Yes,378
Van Buren,"Bloomingdale Township, Precinct 1",VBISD Millage Renewal,,,No,174
Van Buren,"Columbia Township, Precinct 1",U.S. Senate,,DEM,Hill Harper,15
Van Buren,"Columbia Township, Precinct 1",U.S. Senate,,DEM,Elissa Slotkin,104
Van Buren,"Columbia Township, Precinct 1",U.S. Senate,,DEM,Write-In,0
Van Buren,"Columbia Township, Precinct 1",U.S. House,4,DEM,Jessica Swartz,117
Van Buren,"Columbia Township, Precinct 1",U.S. House,4,DEM,Write-In,0
Van Buren,"Columbia Township, Precinct 1",State House,39,DEM,Jared Polonowski,43
Van Buren,"Columbia Township, Precinct 1",State House,39,DEM,Kerry Tapper,69
Van Buren,"Columbia Township, Precinct 1",State House,39,DEM,Write-In,0
Van Buren,"Columbia Township, Precinct 1",Prosecuting Attorney,,DEM,Write-In,8
Van Buren,"Columbia Township, Precinct 1",Sheriff,,DEM,Write-In,6
Van Buren,"Columbia Township, Precinct 1",County Clerk,,DEM,Write-In,6
Van Buren,"Columbia Township, Precinct 1",County Treasurer,,DEM,Write-In,6
Van Buren,"Columbia Township, Precinct 1",Register of Deeds,,DEM,Mia King,99
Van Buren,"Columbia Township, Precinct 1",Register of Deeds,,DEM,Write-In,1
Van Buren,"Columbia Township, Precinct 1",Drain Commissioner,,DEM,Write-In,8
Van Buren,"Columbia Township, Precinct 1",Surveyor,,DEM,Write-In,6
Van Buren,"Columbia Township, Precinct 1",County Commissioner 3,,DEM,Nancy Backas,110
Van Buren,"Columbia Township, Precinct 1",County Commissioner 3,,DEM,Write-In,0
Van Buren,"Columbia Township, Precinct 1",Columbia Township Supervisor,,DEM,Write-In,5
Van Buren,"Columbia Township, Precinct 1",Columbia Township Clerk,,DEM,Write-In,5
Van Buren,"Columbia Township, Precinct 1",Columbia Township Treasurer,,DEM,Write-In,5
Van Buren,"Columbia Township, Precinct 1",Columbia Township Trustee,,DEM,Write-In,5
Van Buren,"Columbia Township, Precinct 1",Columbia Township Delegate to County Convention,,DEM,Nancy Backas,105
Van Buren,"Columbia Township, Precinct 1",Columbia Township Delegate to County Convention,,DEM,Write-In,0
Van Buren,"Columbia Township, Precinct 1",U.S. Senate,,REP,Justin Amash,46
Van Buren,"Columbia Township, Precinct 1",U.S. Senate,,REP,Sherry O'Donnell,47
Van Buren,"Columbia Township, Precinct 1",U.S. Senate,,REP,Sandy Pensler,11
Van Buren,"Columbia Township, Precinct 1",U.S. Senate,,REP,Mike Rogers,115
Van Buren,"Columbia Township, Precinct 1",U.S. Senate,,REP,Write-In,0
Van Buren,"Columbia Township, Precinct 1",U.S. House,4,REP,Bill Huizenga,188
Van Buren,"Columbia Township, Precinct 1",U.S. House,4,REP,Brendan Muir,35
Van Buren,"Columbia Township, Precinct 1",U.S. House,4,REP,Write-In,0
Van Buren,"Columbia Township, Precinct 1",State House,39,REP,Richard Overton,57
Van Buren,"Columbia Township, Precinct 1",State House,39,REP,Pauline Wendzel,159
Van Buren,"Columbia Township, Precinct 1",State House,39,REP,Write-In,0
Van Buren,"Columbia Township, Precinct 1",Prosecuting Attorney,,REP,Susan Zuiderveen,189
Van Buren,"Columbia Township, Precinct 1",Prosecuting Attorney,,REP,Write-In,4
Van Buren,"Columbia Township, Precinct 1",Sheriff,,REP,Daniel E. Abbott,208
Van Buren,"Columbia Township, Precinct 1",Sheriff,,REP,Write-In,2
Van Buren,"Columbia Township, Precinct 1",County Clerk,,REP,Suzie Roehm,197
Van Buren,"Columbia Township, Precinct 1",County Clerk,,REP,Write-In,2
Van Buren,"Columbia Township, Precinct 1",County Treasurer,,REP,Trisha Nesbitt,190
Van Buren,"Columbia Township, Precinct 1",County Treasurer,,REP,Write-In,3
Van Buren,"Columbia Township, Precinct 1",Register of Deeds,,REP,Paul W. DeYoung,201
Van Buren,"Columbia Township, Precinct 1",Register of Deeds,,REP,Write-In,1
Van Buren,"Columbia Township, Precinct 1",Drain Commissioner,,REP,Joe Parman,191
Van Buren,"Columbia Township, Precinct 1",Drain Commissioner,,REP,Write-In,1
Van Buren,"Columbia Township, Precinct 1",Surveyor,,REP,Charles D. Lossie,192
Van Buren,"Columbia Township, Precinct 1",Surveyor,,REP,Write-In,1
Van Buren,"Columbia Township, Precinct 1",County Commissioner 3,,REP,Kurt Doroh,197
Van Buren,"Columbia Township, Precinct 1",County Commissioner 3,,REP,Write-In,1
Van Buren,"Columbia Township, Precinct 1",Columbia Township Supervisor,,REP,Kenneth James Speicher,174
Van Buren,"Columbia Township, Precinct 1",Columbia Township Supervisor,,REP,Write-In,7
Van Buren,"Columbia Township, Precinct 1",Columbia Township Clerk,,REP,Kara Lynn-Hartmann Laraway,195
Van Buren,"Columbia Township, Precinct 1",Columbia Township Clerk,,REP,Write-In,2
Van Buren,"Columbia Township, Precinct 1",Columbia Township Treasurer,,REP,Mary Phelps,191
Van Buren,"Columbia Township, Precinct 1",Columbia Township Treasurer,,REP,Write-In,3
Van Buren,"Columbia Township, Precinct 1",Columbia Township Trustee,,REP,Jason Bull,162
Van Buren,"Columbia Township, Precinct 1",Columbia Township Trustee,,REP,Gary Gruss,147
Van Buren,"Columbia Township, Precinct 1",Columbia Township Trustee,,REP,Write-In,1
Van Buren,"Columbia Township, Precinct 1",Columbia Township Delegate to County Convention,,REP,Linda Norton,135
Van Buren,"Columbia Township, Precinct 1",Columbia Township Delegate to County Convention,,REP,Steven Rogusta,128
Van Buren,"Columbia Township, Precinct 1",Columbia Township Delegate to County Convention,,REP,Write-In,3
Van Buren,"Columbia Township, Precinct 1",County 9-1-1 Surcharge Renewal,,,Yes,228
Van Buren,"Columbia Township, Precinct 1",County 9-1-1 Surcharge Renewal,,,No,111
Van Buren,"Columbia Township, Precinct 1",County Road Millage Renewal,,,Yes,204
Van Buren,"Columbia Township, Precinct 1",County Road Millage Renewal,,,No,138
Van Buren,"Columbia Township, Precinct 1",County Public Transit Millage Renewal,,,Yes,195
Van Buren,"Columbia Township, Precinct 1",County Public Transit Millage Renewal,,,No,150
Van Buren,"Columbia Township, Precinct 1",County Veterans Services Millage Renewal,,,Yes,247
Van Buren,"Columbia Township, Precinct 1",County Veterans Services Millage Renewal,,,No,93
Van Buren,"Columbia Township, Precinct 1",Bangor Public Schools Operating Millage,,,Yes,77
Van Buren,"Columbia Township, Precinct 1",Bangor Public Schools Operating Millage,,,No,67
Van Buren,"Columbia Township, Precinct 1",Bloomingdale Public School Operating Millage,,,Yes,100
Van Buren,"Columbia Township, Precinct 1",Bloomingdale Public School Operating Millage,,,No,97
Van Buren,"Columbia Township, Precinct 1",VBISD Millage Renewal,,,Yes,185
Van Buren,"Columbia Township, Precinct 1",VBISD Millage Renewal,,,No,158
Van Buren,"Covert Township, Precinct 1",U.S. Senate,,DEM,Hill Harper,98
Van Buren,"Covert Township, Precinct 1",U.S. Senate,,DEM,Elissa Slotkin,99
Van Buren,"Covert Township, Precinct 1",U.S. Senate,,DEM,Write-In,3
Van Buren,"Covert Township, Precinct 1",U.S. House,4,DEM,Jessica Swartz,186
Van Buren,"Covert Township, Precinct 1",U.S. House,4,DEM,Write-In,3
Van Buren,"Covert Township, Precinct 1",State House,38,DEM,Joey Andrews,192
Van Buren,"Covert Township, Precinct 1",State House,38,DEM,Write-In,3
Van Buren,"Covert Township, Precinct 1",Prosecuting Attorney,,DEM,Write-In,37
Van Buren,"Covert Township, Precinct 1",Sheriff,,DEM,Write-In,34
Van Buren,"Covert Township, Precinct 1",County Clerk,,DEM,Write-In,36
Van Buren,"Covert Township, Precinct 1",County Treasurer,,DEM,Write-In,32
Van Buren,"Covert Township, Precinct 1",Register of Deeds,,DEM,Mia King,165
Van Buren,"Covert Township, Precinct 1",Register of Deeds,,DEM,Write-In,1
Van Buren,"Covert Township, Precinct 1",Drain Commissioner,,DEM,Write-In,35
Van Buren,"Covert Township, Precinct 1",Surveyor,,DEM,Write-In,34
Van Buren,"Covert Township, Precinct 1",County Commissioner 1,,DEM,Gail Lee Patterson-Gladney,187
Van Buren,"Covert Township, Precinct 1",County Commissioner 1,,DEM,Write-In,3
Van Buren,"Covert Township, Precinct 1",Covert Township Supervisor,,DEM,Daywi Cook,157
Van Buren,"Covert Township, Precinct 1",Covert Township Supervisor,,DEM,Elizabeth Smaka,80
Van Buren,"Covert Township, Precinct 1",Covert Township Supervisor,,DEM,Write-In,0
Van Buren,"Covert Township, Precinct 1",Covert Township Clerk,,DEM,Wednesday Pritchard,196
Van Buren,"Covert Township, Precinct 1",Covert Township Clerk,,DEM,Write-In,4
Van Buren,"Covert Township, Precinct 1",Covert Township Treasurer,,DEM,Marilyn Rendell,203
Van Buren,"Covert Township, Precinct 1",Covert Township Treasurer,,DEM,Write-In,5
Van Buren,"Covert Township, Precinct 1",Covert Township Trustee,,DEM,Dennis Ryan Carr,34
Van Buren,"Covert Township, Precinct 1",Covert Township Trustee,,DEM,Jean Hartmann,111
Van Buren,"Covert Township, Precinct 1",Covert Township Trustee,,DEM,Barbara J. Rose,114
Van Buren,"Covert Township, Precinct 1",Covert Township Trustee,,DEM,Lonzey T. Taylor,149
Van Buren,"Covert Township, Precinct 1",Covert Township Trustee,,DEM,Write-In,1
Van Buren,"Covert Township, Precinct 1",Covert Township Delegate to County Convention,,DEM,Barbara J. Rose,151
Van Buren,"Covert Township, Precinct 1",Covert Township Delegate to County Convention,,DEM,Write-In,15
Van Buren,"Covert Township, Precinct 1",U.S. Senate,,REP,Justin Amash,8
Van Buren,"Covert Township, Precinct 1",U.S. Senate,,REP,Sherry O'Donnell,17
Van Buren,"Covert Township, Precinct 1",U.S. Senate,,REP,Sandy Pensler,9
Van Buren,"Covert Township, Precinct 1",U.S. Senate,,REP,Mike Rogers,50
Van Buren,"Covert Township, Precinct 1",U.S. Senate,,REP,Write-In,1
Van Buren,"Covert Township, Precinct 1",U.S. House,4,REP,Bill Huizenga,70
Van Buren,"Covert Township, Precinct 1",U.S. House,4,REP,Brendan Muir,17
Van Buren,"Covert Township, Precinct 1",U.S. House,4,REP,Write-In,1
Van Buren,"Covert Township, Precinct 1",State House,38,REP,George Lucas,35
Van Buren,"Covert Township, Precinct 1",State House,38,REP,Kevin Whiteford,53
Van Buren,"Covert Township, Precinct 1",State House,38,REP,Write-In,0
Van Buren,"Covert Township, Precinct 1",Prosecuting Attorney,,REP,Susan Zuiderveen,73
Van Buren,"Covert Township, Precinct 1",Prosecuting Attorney,,REP,Write-In,1
Van Buren,"Covert Township, Precinct 1",Sheriff,,REP,Daniel E. Abbott,76
Van Buren,"Covert Township, Precinct 1",Sheriff,,REP,Write-In,1
Van Buren,"Covert Township, Precinct 1",County Clerk,,REP,Suzie Roehm,74
Van Buren,"Covert Township, Precinct 1",County Clerk,,REP,Write-In,1
Van Buren,"Covert Township, Precinct 1",County Treasurer,,REP,Trisha Nesbitt,75
Van Buren,"Covert Township, Precinct 1",County Treasurer,,REP,Write-In,1
Van Buren,"Covert Township, Precinct 1",Register of Deeds,,REP,Paul W. DeYoung,74
Van Buren,"Covert Township, Precinct 1",Register of Deeds,,REP,Write-In,1
Van Buren,"Covert Township, Precinct 1",Drain Commissioner,,REP,Joe Parman,74
Van Buren,"Covert Township, Precinct 1",Drain Commissioner,,REP,Write-In,2
Van Buren,"Covert Township, Precinct 1",Surveyor,,REP,Charles D. Lossie,73
Van Buren,"Covert Township, Precinct 1",Surveyor,,REP,Write-In,1
Van Buren,"Covert Township, Precinct 1",County Commissioner 1,,REP,Michael Matheny,71
Van Buren,"Covert Township, Precinct 1",County Commissioner 1,,REP,Write-In,1
Van Buren,"Covert Township, Precinct 1",Covert Township Supervisor,,REP,Write-In,23
Van Buren,"Covert Township, Precinct 1",Covert Township Clerk,,REP,Write-In,19
Van Buren,"Covert Township, Precinct 1",Covert Township Treasurer,,REP,Write-In,16
Van Buren,"Covert Township, Precinct 1",Covert Township Trustee,,REP,Write-In,18
Van Buren,"Covert Township, Precinct 1",Covert Township Delegate to County Convention,,REP,Write-In,17
Van Buren,"Covert Township, Precinct 1",County 9-1-1 Surcharge Renewal,,,Yes,203
Van Buren,"Covert Township, Precinct 1",County 9-1-1 Surcharge Renewal,,,No,98
Van Buren,"Covert Township, Precinct 1",County Road Millage Renewal,,,Yes,202
Van Buren,"Covert Township, Precinct 1",County Road Millage Renewal,,,No,99
Van Buren,"Covert Township, Precinct 1",County Public Transit Millage Renewal,,,Yes,191
Van Buren,"Covert Township, Precinct 1",County Public Transit Millage Renewal,,,No,108
Van Buren,"Covert Township, Precinct 1",County Veterans Services Millage Renewal,,,Yes,237
Van Buren,"Covert Township, Precinct 1",County Veterans Services Millage Renewal,,,No,64
Van Buren,"Covert Township, Precinct 1",Bangor Public Schools Operating Millage,,,Yes,4
Van Buren,"Covert Township, Precinct 1",Bangor Public Schools Operating Millage,,,No,2
Van Buren,"Covert Township, Precinct 1",VBISD Millage Renewal,,,Yes,202
Van Buren,"Covert Township, Precinct 1",VBISD Millage Renewal,,,No,96
Van Buren,"Decatur Township, Precinct 1",U.S. Senate,,DEM,Hill Harper,11
Van Buren,"Decatur Township, Precinct 1",U.S. Senate,,DEM,Elissa Slotkin,139
Van Buren,"Decatur Township, Precinct 1",U.S. Senate,,DEM,Write-In,0
Van Buren,"Decatur Township, Precinct 1",U.S. House,4,DEM,Jessica Swartz,140
Van Buren,"Decatur Township, Precinct 1",U.S. House,4,DEM,Write-In,0
Van Buren,"Decatur Township, Precinct 1",State House,39,DEM,Jared Polonowski,57
Van Buren,"Decatur Township, Precinct 1",State House,39,DEM,Kerry Tapper,87
Van Buren,"Decatur Township, Precinct 1",State House,39,DEM,Write-In,0
Van Buren,"Decatur Township, Precinct 1",Prosecuting Attorney,,DEM,Write-In,7
Van Buren,"Decatur Township, Precinct 1",Sheriff,,DEM,Write-In,7
Van Buren,"Decatur Township, Precinct 1",County Clerk,,DEM,Write-In,7
Van Buren,"Decatur Township, Precinct 1",County Treasurer,,DEM,Write-In,7
Van Buren,"Decatur Township, Precinct 1",Register of Deeds,,DEM,Mia King,107
Van Buren,"Decatur Township, Precinct 1",Register of Deeds,,DEM,Write-In,1
Van Buren,"Decatur Township, Precinct 1",Drain Commissioner,,DEM,Write-In,7
Van Buren,"Decatur Township, Precinct 1",Surveyor,,DEM,Write-In,7
Van Buren,"Decatur Township, Precinct 1",County Commissioner 6,,DEM,Write-In,8
Van Buren,"Decatur Township, Precinct 1",Decatur Township Supervisor,,DEM,Write-In,7
Van Buren,"Decatur Township, Precinct 1",Decatur Township Clerk,,DEM,Write-In,8
Van Buren,"Decatur Township, Precinct 1",Decatur Township Treasurer,,DEM,Write-In,7
Van Buren,"Decatur Township, Precinct 1",Decatur Township Trustee,,DEM,Matthew Kusmack,105
Van Buren,"Decatur Township, Precinct 1",Decatur Township Trustee,,DEM,Tim N. Martin,89
Van Buren,"Decatur Township, Precinct 1",Decatur Township Trustee,,DEM,Write-In,0
Van Buren,"Decatur Township, Precinct 1",Decatur Township Delegate to County Convention,,DEM,Leonda Kessinger Shroyer,125
Van Buren,"Decatur Township, Precinct 1",Decatur Township Delegate to County Convention,,DEM,Write-In,0
Van Buren,"Decatur Township, Precinct 1",U.S. Senate,,REP,Justin Amash,68
Van Buren,"Decatur Township, Precinct 1",U.S. Senate,,REP,Sherry O'Donnell,73
Van Buren,"Decatur Township, Precinct 1",U.S. Senate,,REP,Sandy Pensler,31
Van Buren,"Decatur Township, Precinct 1",U.S. Senate,,REP,Mike Rogers,201
Van Buren,"Decatur Township, Precinct 1",U.S. Senate,,REP,Write-In,0
Van Buren,"Decatur Township, Precinct 1",U.S. House,4,REP,Bill Huizenga,282
Van Buren,"Decatur Township, Precinct 1",U.S. House,4,REP,Brendan Muir,100
Van Buren,"Decatur Township, Precinct 1",U.S. House,4,REP,Write-In,0
Van Buren,"Decatur Township, Precinct 1",State House,39,REP,Richard Overton,237
Van Buren,"Decatur Township, Precinct 1",State House,39,REP,Pauline Wendzel,167
Van Buren,"Decatur Township, Precinct 1",State House,39,REP,Write-In,0
Van Buren,"Decatur Township, Precinct 1",Prosecuting Attorney,,REP,Susan Zuiderveen,337
Van Buren,"Decatur Township, Precinct 1",Prosecuting Attorney,,REP,Write-In,1
Van Buren,"Decatur Township, Precinct 1",Sheriff,,REP,Daniel E. Abbott,363
Van Buren,"Decatur Township, Precinct 1",Sheriff,,REP,Write-In,1
Van Buren,"Decatur Township, Precinct 1",County Clerk,,REP,Suzie Roehm,358
Van Buren,"Decatur Township, Precinct 1",County Clerk,,REP,Write-In,1
Van Buren,"Decatur Township, Precinct 1",County Treasurer,,REP,Trisha Nesbitt,343
Van Buren,"Decatur Township, Precinct 1",County Treasurer,,REP,Write-In,4
Van Buren,"Decatur Township, Precinct 1",Register of Deeds,,REP,Paul W. DeYoung,347
Van Buren,"Decatur Township, Precinct 1",Register of Deeds,,REP,Write-In,1
Van Buren,"Decatur Township, Precinct 1",Drain Commissioner,,REP,Joe Parman,334
Van Buren,"Decatur Township, Precinct 1",Drain Commissioner,,REP,Write-In,3
Van Buren,"Decatur Township, Precinct 1",Surveyor,,REP,Charles D. Lossie,328
Van Buren,"Decatur Township, Precinct 1",Surveyor,,REP,Write-In,4
Van Buren,"Decatur Township, Precinct 1",County Commissioner 6,,REP,Tina Leary,342
Van Buren,"Decatur Township, Precinct 1",County Commissioner 6,,REP,Write-In,1
Van Buren,"Decatur Township, Precinct 1",Decatur Township Supervisor,,REP,Kevin K. Kusmack,171
Van Buren,"Decatur Township, Precinct 1",Decatur Township Supervisor,,REP,Tom Motycka,80
Van Buren,"Decatur Township, Precinct 1",Decatur Township Supervisor,,REP,Jason West,163
Van Buren,"Decatur Township, Precinct 1",Decatur Township Supervisor,,REP,Write-In,0
Van Buren,"Decatur Township, Precinct 1",Decatur Township Clerk,,REP,Julie McKee,346
Van Buren,"Decatur Township, Precinct 1",Decatur Township Clerk,,REP,Write-In,1
Van Buren,"Decatur Township, Precinct 1",Decatur Township Treasurer,,REP,Katelin Makay,340
Van Buren,"Decatur Township, Precinct 1",Decatur Township Treasurer,,REP,Write-In,2
Van Buren,"Decatur Township, Precinct 1",Decatur Township Trustee,,REP,Christina L. Eyre,118
Van Buren,"Decatur Township, Precinct 1",Decatur Township Trustee,,REP,Alyssa T. Hosbein,77
Van Buren,"Decatur Township, Precinct 1",Decatur Township Trustee,,REP,Josh Hunsberger,274
Van Buren,"Decatur Township, Precinct 1",Decatur Township Trustee,,REP,Zachary Polomcak,165
Van Buren,"Decatur Township, Precinct 1",Decatur Township Trustee,,REP,Write-In,0
Van Buren,"Decatur Township, Precinct 1",Decatur Township Delegate to County Convention,,REP,Michael Alaga,168
Van Buren,"Decatur Township, Precinct 1",Decatur Township Delegate to County Convention,,REP,Katelin Makay,259
Van Buren,"Decatur Township, Precinct 1",Decatur Township Delegate to County Convention,,REP,Ronald Reisterer,144
Van Buren,"Decatur Township, Precinct 1",Decatur Township Delegate to County Convention,,REP,Write-In,0
Van Buren,"Decatur Township, Precinct 1",County 9-1-1 Surcharge Renewal,,,Yes,351
Van Buren,"Decatur Township, Precinct 1",County 9-1-1 Surcharge Renewal,,,No,182
Van Buren,"Decatur Township, Precinct 1",County Road Millage Renewal,,,Yes,315
Van Buren,"Decatur Township, Precinct 1",County Road Millage Renewal,,,No,213
Van Buren,"Decatur Township, Precinct 1",County Public Transit Millage Renewal,,,Yes,300
Van Buren,"Decatur Township, Precinct 1",County Public Transit Millage Renewal,,,No,228
Van Buren,"Decatur Township, Precinct 1",County Veterans Services Millage Renewal,,,Yes,434
Van Buren,"Decatur Township, Precinct 1",County Veterans Services Millage Renewal,,,No,134
Van Buren,"Decatur Township, Precinct 1",Decatur Township Road Millage,,,Yes,316
Van Buren,"Decatur Township, Precinct 1",Decatur Township Road Millage,,,No,246
Van Buren,"Decatur Township, Precinct 1",VBISD Millage Renewal,,,Yes,348
Van Buren,"Decatur Township, Precinct 1",VBISD Millage Renewal,,,No,219
Van Buren,"Geneva Township, Precinct 1",U.S. Senate,,DEM,Hill Harper,38
Van Buren,"Geneva Township, Precinct 1",U.S. Senate,,DEM,Elissa Slotkin,159
Van Buren,"Geneva Township, Precinct 1",U.S. Senate,,DEM,Write-In,0
Van Buren,"Geneva Township, Precinct 1",U.S. House,4,DEM,Jessica Swartz,184
Van Buren,"Geneva Township, Precinct 1",U.S. House,4,DEM,Write-In,0
Van Buren,"Geneva Township, Precinct 1",State House,39,DEM,Jared Polonowski,64
Van Buren,"Geneva Township, Precinct 1",State House,39,DEM,Kerry Tapper,121
Van Buren,"Geneva Township, Precinct 1",State House,39,DEM,Write-In,0
Van Buren,"Geneva Township, Precinct 1",Prosecuting Attorney,,DEM,Write-In,18
Van Buren,"Geneva Township, Precinct 1",Sheriff,,DEM,Write-In,15
Van Buren,"Geneva Township, Precinct 1",County Clerk,,DEM,Write-In,14
Van Buren,"Geneva Township, Precinct 1",County Treasurer,,DEM,Write-In,14
Van Buren,"Geneva Township, Precinct 1",Register of Deeds,,DEM,Mia King,159
Van Buren,"Geneva Township, Precinct 1",Register of Deeds,,DEM,Write-In,0
Van Buren,"Geneva Township, Precinct 1",Drain Commissioner,,DEM,Write-In,14
Van Buren,"Geneva Township, Precinct 1",Surveyor,,DEM,Write-In,14
Van Buren,"Geneva Township, Precinct 1",County Commissioner 3,,DEM,Nancy Backas,173
Van Buren,"Geneva Township, Precinct 1",County Commissioner 3,,DEM,Write-In,0
Van Buren,"Geneva Township, Precinct 1",Geneva Township Supervisor,,DEM,Write-In,14
Van Buren,"Geneva Township, Precinct 1",Geneva Township Clerk,,DEM,Write-In,14
Van Buren,"Geneva Township, Precinct 1",Geneva Township Treasurer,,DEM,Write-In,14
Van Buren,"Geneva Township, Precinct 1",Geneva Township Trustee,,DEM,Write-In,14
Van Buren,"Geneva Township, Precinct 1",Geneva Township Delegate to County Convention,,DEM,Write-In,14
Van Buren,"Geneva Township, Precinct 1",U.S. Senate,,REP,Justin Amash,70
Van Buren,"Geneva Township, Precinct 1",U.S. Senate,,REP,Sherry O'Donnell,36
Van Buren,"Geneva Township, Precinct 1",U.S. Senate,,REP,Sandy Pensler,20
Van Buren,"Geneva Township, Precinct 1",U.S. Senate,,REP,Mike Rogers,137
Van Buren,"Geneva Township, Precinct 1",U.S. Senate,,REP,Write-In,1
Van Buren,"Geneva Township, Precinct 1",U.S. House,4,REP,Bill Huizenga,223
Van Buren,"Geneva Township, Precinct 1",U.S. House,4,REP,Brendan Muir,42
Van Buren,"Geneva Township, Precinct 1",U.S. House,4,REP,Write-In,0
Van Buren,"Geneva Township, Precinct 1",State House,39,REP,Richard Overton,57
Van Buren,"Geneva Township, Precinct 1",State House,39,REP,Pauline Wendzel,204
Van Buren,"Geneva Township, Precinct 1",State House,39,REP,Write-In,1
Van Buren,"Geneva Township, Precinct 1",Prosecuting Attorney,,REP,Susan Zuiderveen,238
Van Buren,"Geneva Township, Precinct 1",Prosecuting Attorney,,REP,Write-In,5
Van Buren,"Geneva Township, Precinct 1",Sheriff,,REP,Daniel E. Abbott,251
Van Buren,"Geneva Township, Precinct 1",Sheriff,,REP,Write-In,2
Van Buren,"Geneva Township, Precinct 1",County Clerk,,REP,Suzie Roehm,244
Van Buren,"Geneva Township, Precinct 1",County Clerk,,REP,Write-In,2
Van Buren,"Geneva Township, Precinct 1",County Treasurer,,REP,Trisha Nesbitt,246
Van Buren,"Geneva Township, Precinct 1",County Treasurer,,REP,Write-In,2
Van Buren,"Geneva Township, Precinct 1",Register of Deeds,,REP,Paul W. DeYoung,249
Van Buren,"Geneva Township, Precinct 1",Register of Deeds,,REP,Write-In,1
Van Buren,"Geneva Township, Precinct 1",Drain Commissioner,,REP,Joe Parman,245
Van Buren,"Geneva Township, Precinct 1",Drain Commissioner,,REP,Write-In,1
Van Buren,"Geneva Township, Precinct 1",Surveyor,,REP,Charles D. Lossie,240
Van Buren,"Geneva Township, Precinct 1",Surveyor,,REP,Write-In,1
Van Buren,"Geneva Township, Precinct 1",County Commissioner 3,,REP,Kurt Doroh,241
Van Buren,"Geneva Township, Precinct 1",County Commissioner 3,,REP,Write-In,3
Van Buren,"Geneva Township, Precinct 1",Geneva Township Supervisor,,REP,Nancy Whaley,245
Van Buren,"Geneva Township, Precinct 1",Geneva Township Supervisor,,REP,Write-In,4
Van Buren,"Geneva Township, Precinct 1",Geneva Township Clerk,,REP,Brandie Rainey,247
Van Buren,"Geneva Township, Precinct 1",Geneva Township Clerk,,REP,Write-In,1
Van Buren,"Geneva Township, Precinct 1",Geneva Township Treasurer,,REP,Patti Brinks,244
Van Buren,"Geneva Township, Precinct 1",Geneva Township Treasurer,,REP,Write-In,3
Van Buren,"Geneva Township, Precinct 1",Geneva Township Trustee,,REP,Clare Olney,220
Van Buren,"Geneva Township, Precinct 1",Geneva Township Trustee,,REP,Marty Pfaff,174
Van Buren,"Geneva Township, Precinct 1",Geneva Township Trustee,,REP,Write-In,5
Van Buren,"Geneva Township, Precinct 1",Geneva Township Delegate to County Convention,,REP,Write-In,18
Van Buren,"Geneva Township, Precinct 1",County 9-1-1 Surcharge Renewal,,,Yes,355
Van Buren,"Geneva Township, Precinct 1",County 9-1-1 Surcharge Renewal,,,No,122
Van Buren,"Geneva Township, Precinct 1",County Road Millage Renewal,,,Yes,326
Van Buren,"Geneva Township, Precinct 1",County Road Millage Renewal,,,No,152
Van Buren,"Geneva Township, Precinct 1",County Public Transit Millage Renewal,,,Yes,343
Van Buren,"Geneva Township, Precinct 1",County Public Transit Millage Renewal,,,No,134
Van Buren,"Geneva Township, Precinct 1",County Veterans Services Millage Renewal,,,Yes,385
Van Buren,"Geneva Township, Precinct 1",County Veterans Services Millage Renewal,,,No,86
Van Buren,"Geneva Township, Precinct 1",Geneva Township Road Millage,,,Yes,290
Van Buren,"Geneva Township, Precinct 1",Geneva Township Road Millage,,,No,175
Van Buren,"Geneva Township, Precinct 1",Bangor Public Schools Operating Millage,,,Yes,65
Van Buren,"Geneva Township, Precinct 1",Bangor Public Schools Operating Millage,,,No,50
Van Buren,"Geneva Township, Precinct 1",VBISD Millage Renewal,,,Yes,322
Van Buren,"Geneva Township, Precinct 1",VBISD Millage Renewal,,,No,148
Van Buren,"Hamilton Township, Precinct 1",U.S. Senate,,DEM,Hill Harper,7
Van Buren,"Hamilton Township, Precinct 1",U.S. Senate,,DEM,Elissa Slotkin,59
Van Buren,"Hamilton Township, Precinct 1",U.S. Senate,,DEM,Write-In,1
Van Buren,"Hamilton Township, Precinct 1",U.S. House,4,DEM,Jessica Swartz,61
Van Buren,"Hamilton Township, Precinct 1",U.S. House,4,DEM,Write-In,1
Van Buren,"Hamilton Township, Precinct 1",State House,39,DEM,Jared Polonowski,23
Van Buren,"Hamilton Township, Precinct 1",State House,39,DEM,Kerry Tapper,41
Van Buren,"Hamilton Township, Precinct 1",State House,39,DEM,Write-In,1
Van Buren,"Hamilton Township, Precinct 1",Prosecuting Attorney,,DEM,Write-In,7
Van Buren,"Hamilton Township, Precinct 1",Sheriff,,DEM,Write-In,5
Van Buren,"Hamilton Township, Precinct 1",County Clerk,,DEM,Write-In,5
Van Buren,"Hamilton Township, Precinct 1",County Treasurer,,DEM,Write-In,4
Van Buren,"Hamilton Township, Precinct 1",Register of Deeds,,DEM,Mia King,45
Van Buren,"Hamilton Township, Precinct 1",Register of Deeds,,DEM,Write-In,0
Van Buren,"Hamilton Township, Precinct 1",Drain Commissioner,,DEM,Write-In,4
Van Buren,"Hamilton Township, Precinct 1",Surveyor,,DEM,Write-In,4
Van Buren,"Hamilton Township, Precinct 1",County Commissioner 6,,DEM,Write-In,5
Van Buren,"Hamilton Township, Precinct 1",Hamilton Township Supervisor,,DEM,Write-In,5
Van Buren,"Hamilton Township, Precinct 1",Hamilton Township Clerk,,DEM,Write-In,5
Van Buren,"Hamilton Township, Precinct 1",Hamilton Township Treasurer,,DEM,Write-In,6
Van Buren,"Hamilton Township, Precinct 1",Hamilton Township Trustee,,DEM,Write-In,4
Van Buren,"Hamilton Township, Precinct 1",Hamilton Township Delegate to County Convention,,DEM,Write-In,6
Van Buren,"Hamilton Township, Precinct 1",U.S. Senate,,REP,Justin Amash,29
Van Buren,"Hamilton Township, Precinct 1",U.S. Senate,,REP,Sherry O'Donnell,18
Van Buren,"Hamilton Township, Precinct 1",U.S. Senate,,REP,Sandy Pensler,13
Van Buren,"Hamilton Township, Precinct 1",U.S. Senate,,REP,Mike Rogers,92
Van Buren,"Hamilton Township, Precinct 1",U.S. Senate,,REP,Write-In,1
Van Buren,"Hamilton Township, Precinct 1",U.S. House,4,REP,Bill Huizenga,127
Van Buren,"Hamilton Township, Precinct 1",U.S. House,4,REP,Brendan Muir,31
Van Buren,"Hamilton Township, Precinct 1",U.S. House,4,REP,Write-In,0
Van Buren,"Hamilton Township, Precinct 1",State House,39,REP,Richard Overton,79
Van Buren,"Hamilton Township, Precinct 1",State House,39,REP,Pauline Wendzel,82
Van Buren,"Hamilton Township, Precinct 1",State House,39,REP,Write-In,0
Van Buren,"Hamilton Township, Precinct 1",Prosecuting Attorney,,REP,Susan Zuiderveen,145
Van Buren,"Hamilton Township, Precinct 1",Prosecuting Attorney,,REP,Write-In,1
Van Buren,"Hamilton Township, Precinct 1",Sheriff,,REP,Daniel E. Abbott,150
Van Buren,"Hamilton Township, Precinct 1",Sheriff,,REP,Write-In,0
Van Buren,"Hamilton Township, Precinct 1",County Clerk,,REP,Suzie Roehm,152
Van Buren,"Hamilton Township, Precinct 1",County Clerk,,REP,Write-In,1
Van Buren,"Hamilton Township, Precinct 1",County Treasurer,,REP,Trisha Nesbitt,141
Van Buren,"Hamilton Township, Precinct 1",County Treasurer,,REP,Write-In,2
Van Buren,"Hamilton Township, Precinct 1",Register of Deeds,,REP,Paul W. DeYoung,148
Van Buren,"Hamilton Township, Precinct 1",Register of Deeds,,REP,Write-In,1
Van Buren,"Hamilton Township, Precinct 1",Drain Commissioner,,REP,Joe Parman,142
Van Buren,"Hamilton Township, Precinct 1",Drain Commissioner,,REP,Write-In,2
Van Buren,"Hamilton Township, Precinct 1",Surveyor,,REP,Charles D. Lossie,145
Van Buren,"Hamilton Township, Precinct 1",Surveyor,,REP,Write-In,1
Van Buren,"Hamilton Township, Precinct 1",County Commissioner 6,,REP,Tina Leary,144
Van Buren,"Hamilton Township, Precinct 1",County Commissioner 6,,REP,Write-In,1
Van Buren,"Hamilton Township, Precinct 1",Hamilton Township Supervisor,,REP,Richard T. Conway,138
Van Buren,"Hamilton Township, Precinct 1",Hamilton Township Supervisor,,REP,Write-In,4
Van Buren,"Hamilton Township, Precinct 1",Hamilton Township Clerk,,REP,Rebecca A. Mott,144
Van Buren,"Hamilton Township, Precinct 1",Hamilton Township Clerk,,REP,Write-In,1
Van Buren,"Hamilton Township, Precinct 1",Hamilton Township Treasurer,,REP,Sandra L. Hanson,141
Van Buren,"Hamilton Township, Precinct 1",Hamilton Township Treasurer,,REP,Write-In,1
Van Buren,"Hamilton Township, Precinct 1",Hamilton Township Trustee,,REP,Justin L. Klein,125
Van Buren,"Hamilton Township, Precinct 1",Hamilton Township Trustee,,REP,Karen Makay,113
Van Buren,"Hamilton Township, Precinct 1",Hamilton Township Trustee,,REP,Write-In,0
Van Buren,"Hamilton Township, Precinct 1",Hamilton Township Delegate to County Convention,,REP,Sandra L. Hanson,101
Van Buren,"Hamilton Township, Precinct 1",Hamilton Township Delegate to County Convention,,REP,Karen Makay,88
Van Buren,"Hamilton Township, Precinct 1",Hamilton Township Delegate to County Convention,,REP,John R. Young,65
Van Buren,"Hamilton Township, Precinct 1",Hamilton Township Delegate to County Convention,,REP,Write-In,0
Van Buren,"Hamilton Township, Precinct 1",County 9-1-1 Surcharge Renewal,,,Yes,162
Van Buren,"Hamilton Township, Precinct 1",County 9-1-1 Surcharge Renewal,,,No,70
Van Buren,"Hamilton Township, Precinct 1",County Road Millage Renewal,,,Yes,137
Van Buren,"Hamilton Township, Precinct 1",County Road Millage Renewal,,,No,95
Van Buren,"Hamilton Township, Precinct 1",County Public Transit Millage Renewal,,,Yes,135
Van Buren,"Hamilton Township, Precinct 1",County Public Transit Millage Renewal,,,No,100
Van Buren,"Hamilton Township, Precinct 1",County Veterans Services Millage Renewal,,,Yes,179
Van Buren,"Hamilton Township, Precinct 1",County Veterans Services Millage Renewal,,,No,64
Van Buren,"Hamilton Township, Precinct 1",Hamilton Township Road Millage,,,Yes,144
Van Buren,"Hamilton Township, Precinct 1",Hamilton Township Road Millage,,,No,96
Van Buren,"Hamilton Township, Precinct 1",Hamilton Township Senior Services Millage,,,Yes,163
Van Buren,"Hamilton Township, Precinct 1",Hamilton Township Senior Services Millage,,,No,75
Van Buren,"Hamilton Township, Precinct 1",VBISD Millage Renewal,,,Yes,138
Van Buren,"Hamilton Township, Precinct 1",VBISD Millage Renewal,,,No,102
Van Buren,"Hartford Township, Precinct 1",U.S. Senate,,DEM,Hill Harper,12
Van Buren,"Hartford Township, Precinct 1",U.S. Senate,,DEM,Elissa Slotkin,62
Van Buren,"Hartford Township, Precinct 1",U.S. Senate,,DEM,Write-In,0
Van Buren,"Hartford Township, Precinct 1",U.S. House,4,DEM,Jessica Swartz,69
Van Buren,"Hartford Township, Precinct 1",U.S. House,4,DEM,Write-In,0
Van Buren,"Hartford Township, Precinct 1",State House,39,DEM,Jared Polonowski,24
Van Buren,"Hartford Township, Precinct 1",State House,39,DEM,Kerry Tapper,45
Van Buren,"Hartford Township, Precinct 1",State House,39,DEM,Write-In,0
Van Buren,"Hartford Township, Precinct 1",Prosecuting Attorney,,DEM,Write-In,6
Van Buren,"Hartford Township, Precinct 1",Sheriff,,DEM,Write-In,6
Van Buren,"Hartford Township, Precinct 1",County Clerk,,DEM,Write-In,6
Van Buren,"Hartford Township, Precinct 1",County Treasurer,,DEM,Write-In,5
Van Buren,"Hartford Township, Precinct 1",Register of Deeds,,DEM,Mia King,60
Van Buren,"Hartford Township, Precinct 1",Register of Deeds,,DEM,Write-In,0
Van Buren,"Hartford Township, Precinct 1",Drain Commissioner,,DEM,Write-In,5
Van Buren,"Hartford Township, Precinct 1",Surveyor,,DEM,Write-In,5
Van Buren,"Hartford Township, Precinct 1",County Commissioner 2,,DEM,Write-In,4
Van Buren,"Hartford Township, Precinct 1",Hartford Township Supervisor,,DEM,Write-In,4
Van Buren,"Hartford Township, Precinct 1",Hartford Township Clerk,,DEM,Write-In,4
Van Buren,"Hartford Township, Precinct 1",Hartford Township Treasurer,,DEM,Write-In,4
Van Buren,"Hartford Township, Precinct 1",Hartford Township Trustee,,DEM,Write-In,5
Van Buren,"Hartford Township, Precinct 1",Hartford Township Delegate to County Convention,,DEM,Write-In,4
Van Buren,"Hartford Township, Precinct 1",U.S. Senate,,REP,Justin Amash,34
Van Buren,"Hartford Township, Precinct 1",U.S. Senate,,REP,Sherry O'Donnell,60
Van Buren,"Hartford Township, Precinct 1",U.S. Senate,,REP,Sandy Pensler,25
Van Buren,"Hartford Township, Precinct 1",U.S. Senate,,REP,Mike Rogers,160
Van Buren,"Hartford Township, Precinct 1",U.S. Senate,,REP,Write-In,0
Van Buren,"Hartford Township, Precinct 1",U.S. House,4,REP,Bill Huizenga,251
Van Buren,"Hartford Township, Precinct 1",U.S. House,4,REP,Brendan Muir,38
Van Buren,"Hartford Township, Precinct 1",U.S. House,4,REP,Write-In,0
Van Buren,"Hartford Township, Precinct 1",State House,39,REP,Richard Overton,72
Van Buren,"Hartford Township, Precinct 1",State House,39,REP,Pauline Wendzel,224
Van Buren,"Hartford Township, Precinct 1",State House,39,REP,Write-In,0
Van Buren,"Hartford Township, Precinct 1",Prosecuting Attorney,,REP,Susan Zuiderveen,244
Van Buren,"Hartford Township, Precinct 1",Prosecuting Attorney,,REP,Write-In,1
Van Buren,"Hartford Township, Precinct 1",Sheriff,,REP,Daniel E. Abbott,259
Van Buren,"Hartford Township, Precinct 1",Sheriff,,REP,Write-In,1
Van Buren,"Hartford Township, Precinct 1",County Clerk,,REP,Suzie Roehm,251
Van Buren,"Hartford Township, Precinct 1",County Clerk,,REP,Write-In,0
Van Buren,"Hartford Township, Precinct 1",County Treasurer,,REP,Trisha Nesbitt,249
Van Buren,"Hartford Township, Precinct 1",County Treasurer,,REP,Write-In,0
Van Buren,"Hartford Township, Precinct 1",Register of Deeds,,REP,Paul W. DeYoung,250
Van Buren,"Hartford Township, Precinct 1",Register of Deeds,,REP,Write-In,0
Van Buren,"Hartford Township, Precinct 1",Drain Commissioner,,REP,Joe Parman,246
Van Buren,"Hartford Township, Precinct 1",Drain Commissioner,,REP,Write-In,2
Van Buren,"Hartford Township, Precinct 1",Surveyor,,REP,Charles D. Lossie,242
Van Buren,"Hartford Township, Precinct 1",Surveyor,,REP,Write-In,3
Van Buren,"Hartford Township, Precinct 1",County Commissioner 2,,REP,Mike Chappell,254
Van Buren,"Hartford Township, Precinct 1",County Commissioner 2,,REP,Write-In,3
Van Buren,"Hartford Township, Precinct 1",Hartford Township Supervisor,,REP,Ron Sefcik,246
Van Buren,"Hartford Township, Precinct 1",Hartford Township Supervisor,,REP,Write-In,3
Van Buren,"Hartford Township, Precinct 1",Hartford Township Clerk,,REP,Julie Sweet,258
Van Buren,"Hartford Township, Precinct 1",Hartford Township Clerk,,REP,Write-In,1
Van Buren,"Hartford Township, Precinct 1",Hartford Township Treasurer,,REP,Susan L. Layer,242
Van Buren,"Hartford Township, Precinct 1",Hartford Township Treasurer,,REP,Write-In,1
Van Buren,"Hartford Township, Precinct 1",Hartford Township Trustee,,REP,John F. McLellan,124
Van Buren,"Hartford Township, Precinct 1",Hartford Township Trustee,,REP,Spencer Meachum,170
Van Buren,"Hartford Township, Precinct 1",Hartford Township Trustee,,REP,Mike Phillips,171
Van Buren,"Hartford Township, Precinct 1",Hartford Township Trustee,,REP,Write-In,0
Van Buren,"Hartford Township, Precinct 1",Hartford Township Delegate to County Convention,,REP,Mike Chappell,172
Van Buren,"Hartford Township, Precinct 1",Hartford Township Delegate to County Convention,,REP,Spencer Meachum,151
Van Buren,"Hartford Township, Precinct 1",Hartford Township Delegate to County Convention,,REP,Matthew Nilson,130
Van Buren,"Hartford Township, Precinct 1",Hartford Township Delegate to County Convention,,REP,Write-In,2
Van Buren,"Hartford Township, Precinct 1",County 9-1-1 Surcharge Renewal,,,Yes,243
Van Buren,"Hartford Township, Precinct 1",County 9-1-1 Surcharge Renewal,,,No,118
Van Buren,"Hartford Township, Precinct 1",County Road Millage Renewal,,,Yes,227
Van Buren,"Hartford Township, Precinct 1",County Road Millage Renewal,,,No,136
Van Buren,"Hartford Township, Precinct 1",County Public Transit Millage Renewal,,,Yes,206
Van Buren,"Hartford Township, Precinct 1",County Public Transit Millage Renewal,,,No,154
Van Buren,"Hartford Township, Precinct 1",County Veterans Services Millage Renewal,,,Yes,295
Van Buren,"Hartford Township, Precinct 1",County Veterans Services Millage Renewal,,,No,81
Van Buren,"Hartford Township, Precinct 1",Hartford Township Fire Millage,,,Yes,270
Van Buren,"Hartford Township, Precinct 1",Hartford Township Fire Millage,,,No,109
Van Buren,"Hartford Township, Precinct 1",Hartford Township Road Millage,,,Yes,238
Van Buren,"Hartford Township, Precinct 1",Hartford Township Road Millage,,,No,137
Van Buren,"Hartford Township, Precinct 1",VBISD Millage Renewal,,,Yes,223
Van Buren,"Hartford Township, Precinct 1",VBISD Millage Renewal,,,No,146
Van Buren,"Keeler Township, Precinct 1",U.S. Senate,,DEM,Hill Harper,14
Van Buren,"Keeler Township, Precinct 1",U.S. Senate,,DEM,Elissa Slotkin,79
Van Buren,"Keeler Township, Precinct 1",U.S. Senate,,DEM,Write-In,0
Van Buren,"Keeler Township, Precinct 1",U.S. House,4,DEM,Jessica Swartz,91
Van Buren,"Keeler Township, Precinct 1",U.S. House,4,DEM,Write-In,0
Van Buren,"Keeler Township, Precinct 1",State House,39,DEM,Jared Polonowski,44
Van Buren,"Keeler Township, Precinct 1",State House,39,DEM,Kerry Tapper,46
Van Buren,"Keeler Township, Precinct 1",State House,39,DEM,Write-In,0
Van Buren,"Keeler Township, Precinct 1",Prosecuting Attorney,,DEM,Write-In,16
Van Buren,"Keeler Township, Precinct 1",Sheriff,,DEM,Write-In,14
Van Buren,"Keeler Township, Precinct 1",County Clerk,,DEM,Write-In,13
Van Buren,"Keeler Township, Precinct 1",County Treasurer,,DEM,Write-In,13
Van Buren,"Keeler Township, Precinct 1",Register of Deeds,,DEM,Mia King,72
Van Buren,"Keeler Township, Precinct 1",Register of Deeds,,DEM,Write-In,1
Van Buren,"Keeler Township, Precinct 1",Drain Commissioner,,DEM,Write-In,13
Van Buren,"Keeler Township, Precinct 1",Surveyor,,DEM,Write-In,14
Van Buren,"Keeler Township, Precinct 1",County Commissioner 6,,DEM,Write-In,12
Van Buren,"Keeler Township, Precinct 1",Keeler Township Supervisor,,DEM,Write-In,13
Van Buren,"Keeler Township, Precinct 1",Keeler Township Clerk,,DEM,Write-In,12
Van Buren,"Keeler Township, Precinct 1",Keeler Township Treasurer,,DEM,Write-In,12
Van Buren,"Keeler Township, Precinct 1",Keeler Township Trustee,,DEM,Write-In,19
Van Buren,"Keeler Township, Precinct 1",Keeler Township Delegate to County Convention,,DEM,Write-In,11
Van Buren,"Keeler Township, Precinct 1",U.S. Senate,,REP,Justin Amash,23
Van Buren,"Keeler Township, Precinct 1",U.S. Senate,,REP,Sherry O'Donnell,52
Van Buren,"Keeler Township, Precinct 1",U.S. Senate,,REP,Sandy Pensler,26
Van Buren,"Keeler Township, Precinct 1",U.S. Senate,,REP,Mike Rogers,165
Van Buren,"Keeler Township, Precinct 1",U.S. Senate,,REP,Write-In,1
Van Buren,"Keeler Township, Precinct 1",U.S. House,4,REP,Bill Huizenga,225
Van Buren,"Keeler Township, Precinct 1",U.S. House,4,REP,Brendan Muir,53
Van Buren,"Keeler Township, Precinct 1",U.S. House,4,REP,Write-In,0
Van Buren,"Keeler Township, Precinct 1",State House,39,REP,Richard Overton,70
Van Buren,"Keeler Township, Precinct 1",State House,39,REP,Pauline Wendzel,207
Van Buren,"Keeler Township, Precinct 1",State House,39,REP,Write-In,0
Van Buren,"Keeler Township, Precinct 1",Prosecuting Attorney,,REP,Susan Zuiderveen,247
Van Buren,"Keeler Township, Precinct 1",Prosecuting Attorney,,REP,Write-In,3
Van Buren,"Keeler Township, Precinct 1",Sheriff,,REP,Daniel E. Abbott,258
Van Buren,"Keeler Township, Precinct 1",Sheriff,,REP,Write-In,1
Van Buren,"Keeler Township, Precinct 1",County Clerk,,REP,Suzie Roehm,251
Van Buren,"Keeler Township, Precinct 1",County Clerk,,REP,Write-In,1
Van Buren,"Keeler Township, Precinct 1",County Treasurer,,REP,Trisha Nesbitt,252
Van Buren,"Keeler Township, Precinct 1",County Treasurer,,REP,Write-In,1
Van Buren,"Keeler Township, Precinct 1",Register of Deeds,,REP,Paul W. DeYoung,250
Van Buren,"Keeler Township, Precinct 1",Register of Deeds,,REP,Write-In,1
Van Buren,"Keeler Township, Precinct 1",Drain Commissioner,,REP,Joe Parman,242
Van Buren,"Keeler Township, Precinct 1",Drain Commissioner,,REP,Write-In,1
Van Buren,"Keeler Township, Precinct 1",Surveyor,,REP,Charles D. Lossie,241
Van Buren,"Keeler Township, Precinct 1",Surveyor,,REP,Write-In,1
Van Buren,"Keeler Township, Precinct 1",County Commissioner 6,,REP,Tina Leary,252
Van Buren,"Keeler Township, Precinct 1",County Commissioner 6,,REP,Write-In,1
Van Buren,"Keeler Township, Precinct 1",Keeler Township Supervisor,,REP,Don Blackmond,253
Van Buren,"Keeler Township, Precinct 1",Keeler Township Supervisor,,REP,Write-In,3
Van Buren,"Keeler Township, Precinct 1",Keeler Township Clerk,,REP,Angie Sexton,262
Van Buren,"Keeler Township, Precinct 1",Keeler Township Clerk,,REP,Write-In,2
Van Buren,"Keeler Township, Precinct 1",Keeler Township Treasurer,,REP,Sharon K. Clupper,259
Van Buren,"Keeler Township, Precinct 1",Keeler Township Treasurer,,REP,Write-In,1
Van Buren,"Keeler Township, Precinct 1",Keeler Township Trustee,,REP,Carl F. Davis,155
Van Buren,"Keeler Township, Precinct 1",Keeler Township Trustee,,REP,Darren Lane,65
Van Buren,"Keeler Township, Precinct 1",Keeler Township Trustee,,REP,Jerry Morin,128
Van Buren,"Keeler Township, Precinct 1",Keeler Township Trustee,,REP,Matthew Sexton,174
Van Buren,"Keeler Township, Precinct 1",Keeler Township Trustee,,REP,Write-In,1
Van Buren,"Keeler Township, Precinct 1",Keeler Township Delegate to County Convention,,REP,Doris J. Jones,202
Van Buren,"Keeler Township, Precinct 1",Keeler Township Delegate to County Convention,,REP,Steven B. Jones,199
Van Buren,"Keeler Township, Precinct 1",Keeler Township Delegate to County Convention,,REP,Write-In,2
Van Buren,"Keeler Township, Precinct 1",County 9-1-1 Surcharge Renewal,,,Yes,279
Van Buren,"Keeler Township, Precinct 1",County 9-1-1 Surcharge Renewal,,,No,103
Van Buren,"Keeler Township, Precinct 1",County Road Millage Renewal,,,Yes,258
Van Buren,"Keeler Township, Precinct 1",County Road Millage Renewal,,,No,124
Van Buren,"Keeler Township, Precinct 1",County Public Transit Millage Renewal,,,Yes,205
Van Buren,"Keeler Township, Precinct 1",County Public Transit Millage Renewal,,,No,174
Van Buren,"Keeler Township, Precinct 1",County Veterans Services Millage Renewal,,,Yes,297
Van Buren,"Keeler Township, Precinct 1",County Veterans Services Millage Renewal,,,No,88
Van Buren,"Keeler Township, Precinct 1",Keeler Township Fire & Emergency Services Millage,,,Yes,286
Van Buren,"Keeler Township, Precinct 1",Keeler Township Fire & Emergency Services Millage,,,No,98
Van Buren,"Keeler Township, Precinct 1",VBISD Millage Renewal,,,Yes,58
Van Buren,"Keeler Township, Precinct 1",VBISD Millage Renewal,,,No,45
Van Buren,"Lawrence Township, Precinct 1",U.S. Senate,,DEM,Hill Harper,22
Van Buren,"Lawrence Township, Precinct 1",U.S. Senate,,DEM,Elissa Slotkin,139
Van Buren,"Lawrence Township, Precinct 1",U.S. Senate,,DEM,Write-In,0
Van Buren,"Lawrence Township, Precinct 1",U.S. House,4,DEM,Jessica Swartz,148
Van Buren,"Lawrence Township, Precinct 1",U.S. House,4,DEM,Write-In,2
Van Buren,"Lawrence Township, Precinct 1",State House,39,DEM,Jared Polonowski,38
Van Buren,"Lawrence Township, Precinct 1",State House,39,DEM,Kerry Tapper,115
Van Buren,"Lawrence Township, Precinct 1",State House,39,DEM,Write-In,0
Van Buren,"Lawrence Township, Precinct 1",Prosecuting Attorney,,DEM,Write-In,17
Van Buren,"Lawrence Township, Precinct 1",Sheriff,,DEM,Write-In,17
Van Buren,"Lawrence Township, Precinct 1",County Clerk,,DEM,Write-In,15
Van Buren,"Lawrence Township, Precinct 1",County Treasurer,,DEM,Write-In,15
Van Buren,"Lawrence Township, Precinct 1",Register of Deeds,,DEM,Mia King,123
Van Buren,"Lawrence Township, Precinct 1",Register of Deeds,,DEM,Write-In,1
Van Buren,"Lawrence Township, Precinct 1",Drain Commissioner,,DEM,Write-In,13
Van Buren,"Lawrence Township, Precinct 1",Surveyor,,DEM,Write-In,14
Van Buren,"Lawrence Township, Precinct 1",County Commissioner 2,,DEM,Write-In,13
Van Buren,"Lawrence Township, Precinct 1",Lawrence Township Supervisor,,DEM,Write-In,11
Van Buren,"Lawrence Township, Precinct 1",Lawrence Township Clerk,,DEM,Write-In,12
Van Buren,"Lawrence Township, Precinct 1",Lawrence Township Treasurer,,DEM,Write-In,11
Van Buren,"Lawrence Township, Precinct 1",Lawrence Township Trustee,,DEM,Write-In,12
Van Buren,"Lawrence Township, Precinct 1",Lawrence Township Delegate to County Convention,,DEM,Deborah L. Wild,109
Van Buren,"Lawrence Township, Precinct 1",Lawrence Township Delegate to County Convention,,DEM,Eric A. Wild,18
Van Buren,"Lawrence Township, Precinct 1",Lawrence Township Delegate to County Convention,,DEM,Write-In,1
Van Buren,"Lawrence Township, Precinct 1",U.S. Senate,,REP,Justin Amash,70
Van Buren,"Lawrence Township, Precinct 1",U.S. Senate,,REP,Sherry O'Donnell,43
Van Buren,"Lawrence Township, Precinct 1",U.S. Senate,,REP,Sandy Pensler,28
Van Buren,"Lawrence Township, Precinct 1",U.S. Senate,,REP,Mike Rogers,173
Van Buren,"Lawrence Township, Precinct 1",U.S. Senate,,REP,Write-In,1
Van Buren,"Lawrence Township, Precinct 1",U.S. House,4,REP,Bill Huizenga,265
Van Buren,"Lawrence Township, Precinct 1",U.S. House,4,REP,Brendan Muir,61
Van Buren,"Lawrence Township, Precinct 1",U.S. House,4,REP,Write-In,1
Van Buren,"Lawrence Township, Precinct 1",State House,39,REP,Richard Overton,85
Van Buren,"Lawrence Township, Precinct 1",State House,39,REP,Pauline Wendzel,236
Van Buren,"Lawrence Township, Precinct 1",State House,39,REP,Write-In,1
Van Buren,"Lawrence Township, Precinct 1",Prosecuting Attorney,,REP,Susan Zuiderveen,281
Van Buren,"Lawrence Township, Precinct 1",Prosecuting Attorney,,REP,Write-In,0
Van Buren,"Lawrence Township, Precinct 1",Sheriff,,REP,Daniel E. Abbott,294
Van Buren,"Lawrence Township, Precinct 1",Sheriff,,REP,Write-In,2
Van Buren,"Lawrence Township, Precinct 1",County Clerk,,REP,Suzie Roehm,288
Van Buren,"Lawrence Township, Precinct 1",County Clerk,,REP,Write-In,0
Van Buren,"Lawrence Township, Precinct 1",County Treasurer,,REP,Trisha Nesbitt,290
Van Buren,"Lawrence Township, Precinct 1",County Treasurer,,REP,Write-In,0
Van Buren,"Lawrence Township, Precinct 1",Register of Deeds,,REP,Paul W. DeYoung,292
Van Buren,"Lawrence Township, Precinct 1",Register of Deeds,,REP,Write-In,0
Van Buren,"Lawrence Township, Precinct 1",Drain Commissioner,,REP,Joe Parman,285
Van Buren,"Lawrence Township, Precinct 1",Drain Commissioner,,REP,Write-In,1
Van Buren,"Lawrence Township, Precinct 1",Surveyor,,REP,Charles D. Lossie,279
Van Buren,"Lawrence Township, Precinct 1",Surveyor,,REP,Write-In,1
Van Buren,"Lawrence Township, Precinct 1",County Commissioner 2,,REP,Mike Chappell,285
Van Buren,"Lawrence Township, Precinct 1",County Commissioner 2,,REP,Write-In,0
Van Buren,"Lawrence Township, Precinct 1",Lawrence Township Supervisor,,REP,Donna Lynn Spenner,278
Van Buren,"Lawrence Township, Precinct 1",Lawrence Township Supervisor,,REP,Write-In,4
Van Buren,"Lawrence Township, Precinct 1",Lawrence Township Clerk,,REP,Tracie Rindfield,283
Van Buren,"Lawrence Township, Precinct 1",Lawrence Township Clerk,,REP,Write-In,0
Van Buren,"Lawrence Township, Precinct 1",Lawrence Township Treasurer,,REP,Kimberly Kiley,285
Van Buren,"Lawrence Township, Precinct 1",Lawrence Township Treasurer,,REP,Write-In,1
Van Buren,"Lawrence Township, Precinct 1",Lawrence Township Trustee,,REP,Michael Carpp,243
Van Buren,"Lawrence Township, Precinct 1",Lawrence Township Trustee,,REP,Thomas Reynnells,245
Van Buren,"Lawrence Township, Precinct 1",Lawrence Township Trustee,,REP,Write-In,3
Van Buren,"Lawrence Township, Precinct 1",Lawrence Township Delegate to County Convention,,REP,Judy Janssen,210
Van Buren,"Lawrence Township, Precinct 1",Lawrence Township Delegate to County Convention,,REP,Gregory A. Kovacs,146
Van Buren,"Lawrence Township, Precinct 1",Lawrence Township Delegate to County Convention,,REP,Kathleen Moussalli,126
Van Buren,"Lawrence Township, Precinct 1",Lawrence Township Delegate to County Convention,,REP,Write-In,2
Van Buren,"Lawrence Township, Precinct 1",County 9-1-1 Surcharge Renewal,,,Yes,353
Van Buren,"Lawrence Township, Precinct 1",County 9-1-1 Surcharge Renewal,,,No,144
Van Buren,"Lawrence Township, Precinct 1",County Road Millage Renewal,,,Yes,340
Van Buren,"Lawrence Township, Precinct 1",County Road Millage Renewal,,,No,155
Van Buren,"Lawrence Township, Precinct 1",County Public Transit Millage Renewal,,,Yes,312
Van Buren,"Lawrence Township, Precinct 1",County Public Transit Millage Renewal,,,No,185
Van Buren,"Lawrence Township, Precinct 1",County Veterans Services Millage Renewal,,,Yes,411
Van Buren,"Lawrence Township, Precinct 1",County Veterans Services Millage Renewal,,,No,91
Van Buren,"Lawrence Township, Precinct 1",Lawrence Township Park Millage,,,Yes,197
Van Buren,"Lawrence Township, Precinct 1",Lawrence Township Park Millage,,,No,301
Van Buren,"Lawrence Township, Precinct 1",VBISD Millage Renewal,,,Yes,337
Van Buren,"Lawrence Township, Precinct 1",VBISD Millage Renewal,,,No,168
Van Buren,"Paw Paw Township, Precinct 1",U.S. Senate,,DEM,Hill Harper,43
Van Buren,"Paw Paw Township, Precinct 1",U.S. Senate,,DEM,Elissa Slotkin,199
Van Buren,"Paw Paw Township, Precinct 1",U.S. Senate,,DEM,Write-In,2
Van Buren,"Paw Paw Township, Precinct 1",U.S. House,4,DEM,Jessica Swartz,226
Van Buren,"Paw Paw Township, Precinct 1",U.S. House,4,DEM,Write-In,2
Van Buren,"Paw Paw Township, Precinct 1",State House,39,DEM,Jared Polonowski,92
Van Buren,"Paw Paw Township, Precinct 1",State House,39,DEM,Kerry Tapper,146
Van Buren,"Paw Paw Township, Precinct 1",State House,39,DEM,Write-In,3
Van Buren,"Paw Paw Township, Precinct 1",Prosecuting Attorney,,DEM,Write-In,25
Van Buren,"Paw Paw Township, Precinct 1",Sheriff,,DEM,Write-In,25
Van Buren,"Paw Paw Township, Precinct 1",County Clerk,,DEM,Write-In,23
Van Buren,"Paw Paw Township, Precinct 1",County Treasurer,,DEM,Write-In,23
Van Buren,"Paw Paw Township, Precinct 1",Register of Deeds,,DEM,Mia King,204
Van Buren,"Paw Paw Township, Precinct 1",Register of Deeds,,DEM,Write-In,1
Van Buren,"Paw Paw Township, Precinct 1",Drain Commissioner,,DEM,Write-In,23
Van Buren,"Paw Paw Township, Precinct 1",Surveyor,,DEM,Write-In,22
Van Buren,"Paw Paw Township, Precinct 1",County Commissioner 5,,DEM,Write-In,26
Van Buren,"Paw Paw Township, Precinct 1",Paw Paw Township Supervisor,,DEM,Write-In,25
Van Buren,"Paw Paw Township, Precinct 1",Paw Paw Township Clerk,,DEM,Rebecca Payne,199
Van Buren,"Paw Paw Township, Precinct 1",Paw Paw Township Clerk,,DEM,Write-In,1
Van Buren,"Paw Paw Township, Precinct 1",Paw Paw Township Treasurer,,DEM,Write-In,24
Van Buren,"Paw Paw Township, Precinct 1",Paw Paw Township Trustee,,DEM,E. Frances Sanders,194
Van Buren,"Paw Paw Township, Precinct 1",Paw Paw Township Trustee,,DEM,Write-In,9
Van Buren,"Paw Paw Township, Precinct 1",Paw Paw Township P1 Delegate to County Convention,,DEM,Marie Botchie,72
Van Buren,"Paw Paw Township, Precinct 1",Paw Paw Township P1 Delegate to County Convention,,DEM,Kathy A. Murphy,144
Van Buren,"Paw Paw Township, Precinct 1",Paw Paw Township P1 Delegate to County Convention,,DEM,Write-In,1
Van Buren,"Paw Paw Township, Precinct 1",U.S. Senate,,REP,Justin Amash,45
Van Buren,"Paw Paw Township, Precinct 1",U.S. Senate,,REP,Sherry O'Donnell,37
Van Buren,"Paw Paw Township, Precinct 1",U.S. Senate,,REP,Sandy Pensler,24
Van Buren,"Paw Paw Township, Precinct 1",U.S. Senate,,REP,Mike Rogers,137
Van Buren,"Paw Paw Township, Precinct 1",U.S. Senate,,REP,Write-In,0
Van Buren,"Paw Paw Township, Precinct 1",U.S. House,4,REP,Bill Huizenga,184
Van Buren,"Paw Paw Township, Precinct 1",U.S. House,4,REP,Brendan Muir,57
Van Buren,"Paw Paw Township, Precinct 1",U.S. House,4,REP,Write-In,0
Van Buren,"Paw Paw Township, Precinct 1",State House,39,REP,Richard Overton,93
Van Buren,"Paw Paw Township, Precinct 1",State House,39,REP,Pauline Wendzel,150
Van Buren,"Paw Paw Township, Precinct 1",State House,39,REP,Write-In,0
Van Buren,"Paw Paw Township, Precinct 1",Prosecuting Attorney,,REP,Susan Zuiderveen,225
Van Buren,"Paw Paw Township, Precinct 1",Prosecuting Attorney,,REP,Write-In,3
Van Buren,"Paw Paw Township, Precinct 1",Sheriff,,REP,Daniel E. Abbott,231
Van Buren,"Paw Paw Township, Precinct 1",Sheriff,,REP,Write-In,2
Van Buren,"Paw Paw Township, Precinct 1",County Clerk,,REP,Suzie Roehm,230
Van Buren,"Paw Paw Township, Precinct 1",County Clerk,,REP,Write-In,2
Van Buren,"Paw Paw Township, Precinct 1",County Treasurer,,REP,Trisha Nesbitt,227
Van Buren,"Paw Paw Township, Precinct 1",County Treasurer,,REP,Write-In,2
Van Buren,"Paw Paw Township, Precinct 1",Register of Deeds,,REP,Paul W. DeYoung,230
Van Buren,"Paw Paw Township, Precinct 1",Register of Deeds,,REP,Write-In,2
Van Buren,"Paw Paw Township, Precinct 1",Drain Commissioner,,REP,Joe Parman,221
Van Buren,"Paw Paw Township, Precinct 1",Drain Commissioner,,REP,Write-In,3
Van Buren,"Paw Paw Township, Precinct 1",Surveyor,,REP,Charles D. Lossie,220
Van Buren,"Paw Paw Township, Precinct 1",Surveyor,,REP,Write-In,1
Van Buren,"Paw Paw Township, Precinct 1",County Commissioner 5,,REP,Randall Peat,210
Van Buren,"Paw Paw Township, Precinct 1",County Commissioner 5,,REP,Write-In,0
Van Buren,"Paw Paw Township, Precinct 1",Paw Paw Township Supervisor,,REP,Thomas Palenick,208
Van Buren,"Paw Paw Township, Precinct 1",Paw Paw Township Supervisor,,REP,Write-In,2
Van Buren,"Paw Paw Township, Precinct 1",Paw Paw Township Clerk,,REP,Write-In,25
Van Buren,"Paw Paw Township, Precinct 1",Paw Paw Township Treasurer,,REP,Lisa Zinkil,205
Van Buren,"Paw Paw Township, Precinct 1",Paw Paw Township Treasurer,,REP,Write-In,3
Van Buren,"Paw Paw Township, Precinct 1",Paw Paw Township Trustee,,REP,James DeGroff,151
Van Buren,"Paw Paw Township, Precinct 1",Paw Paw Township Trustee,,REP,Brett Lehto,59
Van Buren,"Paw Paw Township, Precinct 1",Paw Paw Township Trustee,,REP,Matthew Miller,83
Van Buren,"Paw Paw Township, Precinct 1",Paw Paw Township Trustee,,REP,Dennis Reynolds,80
Van Buren,"Paw Paw Township, Precinct 1",Paw Paw Township Trustee,,REP,Write-In,3
Van Buren,"Paw Paw Township, Precinct 1",Paw Paw Township P1 Delegate to County Convention,,REP,Christopher Moraitis,164
Van Buren,"Paw Paw Township, Precinct 1",Paw Paw Township P1 Delegate to County Convention,,REP,Joyce L. Webster,165
Van Buren,"Paw Paw Township, Precinct 1",Paw Paw Township P1 Delegate to County Convention,,REP,Write-In,2
Van Buren,"Paw Paw Township, Precinct 1",County 9-1-1 Surcharge Renewal,,,Yes,345
Van Buren,"Paw Paw Township, Precinct 1",County 9-1-1 Surcharge Renewal,,,No,142
Van Buren,"Paw Paw Township, Precinct 1",County Road Millage Renewal,,,Yes,330
Van Buren,"Paw Paw Township, Precinct 1",County Road Millage Renewal,,,No,166
Van Buren,"Paw Paw Township, Precinct 1",County Public Transit Millage Renewal,,,Yes,350
Van Buren,"Paw Paw Township, Precinct 1",County Public Transit Millage Renewal,,,No,147
Van Buren,"Paw Paw Township, Precinct 1",County Veterans Services Millage Renewal,,,Yes,409
Van Buren,"Paw Paw Township, Precinct 1",County Veterans Services Millage Renewal,,,No,93
Van Buren,"Paw Paw Township, Precinct 1",Paw Paw Township Road Millage,,,Yes,252
Van Buren,"Paw Paw Township, Precinct 1",Paw Paw Township Road Millage,,,No,247
Van Buren,"Paw Paw Township, Precinct 1",Paw Paw Township Fire Millage,,,Yes,343
Van Buren,"Paw Paw Township, Precinct 1",Paw Paw Township Fire Millage,,,No,154
Van Buren,"Paw Paw Township, Precinct 1",VBISD Millage Renewal,,,Yes,350
Van Buren,"Paw Paw Township, Precinct 1",VBISD Millage Renewal,,,No,147
Van Buren,"Paw Paw Township, Precinct 2",U.S. Senate,,DEM,Hill Harper,22
Van Buren,"Paw Paw Township, Precinct 2",U.S. Senate,,DEM,Elissa Slotkin,136
Van Buren,"Paw Paw Township, Precinct 2",U.S. Senate,,DEM,Write-In,0
Van Buren,"Paw Paw Township, Precinct 2",U.S. House,4,DEM,Jessica Swartz,146
Van Buren,"Paw Paw Township, Precinct 2",U.S. House,4,DEM,Write-In,0
Van Buren,"Paw Paw Township, Precinct 2",State House,39,DEM,Jared Polonowski,21
Van Buren,"Paw Paw Township, Precinct 2",State House,39,DEM,Kerry Tapper,137
Van Buren,"Paw Paw Township, Precinct 2",State House,39,DEM,Write-In,0
Van Buren,"Paw Paw Township, Precinct 2",Prosecuting Attorney,,DEM,Write-In,16
Van Buren,"Paw Paw Township, Precinct 2",Sheriff,,DEM,Write-In,15
Van Buren,"Paw Paw Township, Precinct 2",County Clerk,,DEM,Write-In,16
Van Buren,"Paw Paw Township, Precinct 2",County Treasurer,,DEM,Write-In,15
Van Buren,"Paw Paw Township, Precinct 2",Register of Deeds,,DEM,Mia King,130
Van Buren,"Paw Paw Township, Precinct 2",Register of Deeds,,DEM,Write-In,1
Van Buren,"Paw Paw Township, Precinct 2",Drain Commissioner,,DEM,Write-In,15
Van Buren,"Paw Paw Township, Precinct 2",Surveyor,,DEM,Write-In,14
Van Buren,"Paw Paw Township, Precinct 2",County Commissioner 5,,DEM,Write-In,15
Van Buren,"Paw Paw Township, Precinct 2",Paw Paw Township Supervisor,,DEM,Write-In,15
Van Buren,"Paw Paw Township, Precinct 2",Paw Paw Township Clerk,,DEM,Rebecca Payne,129
Van Buren,"Paw Paw Township, Precinct 2",Paw Paw Township Clerk,,DEM,Write-In,0
Van Buren,"Paw Paw Township, Precinct 2",Paw Paw Township Treasurer,,DEM,Write-In,12
Van Buren,"Paw Paw Township, Precinct 2",Paw Paw Township Trustee,,DEM,E. Frances Sanders,131
Van Buren,"Paw Paw Township, Precinct 2",Paw Paw Township Trustee,,DEM,Write-In,0
Van Buren,"Paw Paw Township, Precinct 2",Paw Paw Township P2 Delegate to County Convention,,DEM,Write-In,10
Van Buren,"Paw Paw Township, Precinct 2",U.S. Senate,,REP,Justin Amash,28
Van Buren,"Paw Paw Township, Precinct 2",U.S. Senate,,REP,Sherry O'Donnell,20
Van Buren,"Paw Paw Township, Precinct 2",U.S. Senate,,REP,Sandy Pensler,17
Van Buren,"Paw Paw Township, Precinct 2",U.S. Senate,,REP,Mike Rogers,96
Van Buren,"Paw Paw Township, Precinct 2",U.S. Senate,,REP,Write-In,0
Van Buren,"Paw Paw Township, Precinct 2",U.S. House,4,REP,Bill Huizenga,128
Van Buren,"Paw Paw Township, Precinct 2",U.S. House,4,REP,Brendan Muir,31
Van Buren,"Paw Paw Township, Precinct 2",U.S. House,4,REP,Write-In,1
Van Buren,"Paw Paw Township, Precinct 2",State House,39,REP,Richard Overton,52
Van Buren,"Paw Paw Township, Precinct 2",State House,39,REP,Pauline Wendzel,106
Van Buren,"Paw Paw Township, Precinct 2",State House,39,REP,Write-In,1
Van Buren,"Paw Paw Township, Precinct 2",Prosecuting Attorney,,REP,Susan Zuiderveen,140
Van Buren,"Paw Paw Township, Precinct 2",Prosecuting Attorney,,REP,Write-In,0
Van Buren,"Paw Paw Township, Precinct 2",Sheriff,,REP,Daniel E. Abbott,150
Van Buren,"Paw Paw Township, Precinct 2",Sheriff,,REP,Write-In,0
Van Buren,"Paw Paw Township, Precinct 2",County Clerk,,REP,Suzie Roehm,144
Van Buren,"Paw Paw Township, Precinct 2",County Clerk,,REP,Write-In,0
Van Buren,"Paw Paw Township, Precinct 2",County Treasurer,,REP,Trisha Nesbitt,142
Van Buren,"Paw Paw Township, Precinct 2",County Treasurer,,REP,Write-In,0
Van Buren,"Paw Paw Township, Precinct 2",Register of Deeds,,REP,Paul W. DeYoung,147
Van Buren,"Paw Paw Township, Precinct 2",Register of Deeds,,REP,Write-In,0
Van Buren,"Paw Paw Township, Precinct 2",Drain Commissioner,,REP,Joe Parman,141
Van Buren,"Paw Paw Township, Precinct 2",Drain Commissioner,,REP,Write-In,0
Van Buren,"Paw Paw Township, Precinct 2",Surveyor,,REP,Charles D. Lossie,144
Van Buren,"Paw Paw Township, Precinct 2",Surveyor,,REP,Write-In,0
Van Buren,"Paw Paw Township, Precinct 2",County Commissioner 5,,REP,Randall Peat,138
Van Buren,"Paw Paw Township, Precinct 2",County Commissioner 5,,REP,Write-In,0
Van Buren,"Paw Paw Township, Precinct 2",Paw Paw Township Supervisor,,REP,Thomas Palenick,139
Van Buren,"Paw Paw Township, Precinct 2",Paw Paw Township Supervisor,,REP,Write-In,0
Van Buren,"Paw Paw Township, Precinct 2",Paw Paw Township Clerk,,REP,Write-In,16
Van Buren,"Paw Paw Township, Precinct 2",Paw Paw Township Treasurer,,REP,Lisa Zinkil,137
Van Buren,"Paw Paw Township, Precinct 2",Paw Paw Township Treasurer,,REP,Write-In,0
Van Buren,"Paw Paw Township, Precinct 2",Paw Paw Township Trustee,,REP,James DeGroff,108
Van Buren,"Paw Paw Township, Precinct 2",Paw Paw Township Trustee,,REP,Brett Lehto,34
Van Buren,"Paw Paw Township, Precinct 2",Paw Paw Township Trustee,,REP,Matthew Miller,59
Van Buren,"Paw Paw Township, Precinct 2",Paw Paw Township Trustee,,REP,Dennis Reynolds,66
Van Buren,"Paw Paw Township, Precinct 2",Paw Paw Township Trustee,,REP,Write-In,0
Van Buren,"Paw Paw Township, Precinct 2",Paw Paw Township P2 Delegate to County Convention,,REP,Kris Baldus,48
Van Buren,"Paw Paw Township, Precinct 2",Paw Paw Township P2 Delegate to County Convention,,REP,Steve Baldus,58
Van Buren,"Paw Paw Township, Precinct 2",Paw Paw Township P2 Delegate to County Convention,,REP,John W. Heidema,65
Van Buren,"Paw Paw Township, Precinct 2",Paw Paw Township P2 Delegate to County Convention,,REP,Niki Sill,61
Van Buren,"Paw Paw Township, Precinct 2",Paw Paw Township P2 Delegate to County Convention,,REP,Write-In,2
Van Buren,"Paw Paw Township, Precinct 2",County 9-1-1 Surcharge Renewal,,,Yes,249
Van Buren,"Paw Paw Township, Precinct 2",County 9-1-1 Surcharge Renewal,,,No,69
Van Buren,"Paw Paw Township, Precinct 2",County Road Millage Renewal,,,Yes,223
Van Buren,"Paw Paw Township, Precinct 2",County Road Millage Renewal,,,No,95
Van Buren,"Paw Paw Township, Precinct 2",County Public Transit Millage Renewal,,,Yes,233
Van Buren,"Paw Paw Township, Precinct 2",County Public Transit Millage Renewal,,,No,87
Van Buren,"Paw Paw Township, Precinct 2",County Veterans Services Millage Renewal,,,Yes,269
Van Buren,"Paw Paw Township, Precinct 2",County Veterans Services Millage Renewal,,,No,52
Van Buren,"Paw Paw Township, Precinct 2",Paw Paw Township Road Millage,,,Yes,184
Van Buren,"Paw Paw Township, Precinct 2",Paw Paw Township Road Millage,,,No,138
Van Buren,"Paw Paw Township, Precinct 2",Paw Paw Township Fire Millage,,,Yes,236
Van Buren,"Paw Paw Township, Precinct 2",Paw Paw Township Fire Millage,,,No,85
Van Buren,"Paw Paw Township, Precinct 2",VBISD Millage Renewal,,,Yes,218
Van Buren,"Paw Paw Township, Precinct 2",VBISD Millage Renewal,,,No,103
Van Buren,"Paw Paw Township, Precinct 3",U.S. Senate,,DEM,Hill Harper,23
Van Buren,"Paw Paw Township, Precinct 3",U.S. Senate,,DEM,Elissa Slotkin,160
Van Buren,"Paw Paw Township, Precinct 3",U.S. Senate,,DEM,Write-In,0
Van Buren,"Paw Paw Township, Precinct 3",U.S. House,4,DEM,Jessica Swartz,162
Van Buren,"Paw Paw Township, Precinct 3",U.S. House,4,DEM,Write-In,0
Van Buren,"Paw Paw Township, Precinct 3",State House,39,DEM,Jared Polonowski,53
Van Buren,"Paw Paw Township, Precinct 3",State House,39,DEM,Kerry Tapper,123
Van Buren,"Paw Paw Township, Precinct 3",State House,39,DEM,Write-In,0
Van Buren,"Paw Paw Township, Precinct 3",Prosecuting Attorney,,DEM,Write-In,14
Van Buren,"Paw Paw Township, Precinct 3",Sheriff,,DEM,Write-In,14
Van Buren,"Paw Paw Township, Precinct 3",County Clerk,,DEM,Write-In,14
Van Buren,"Paw Paw Township, Precinct 3",County Treasurer,,DEM,Write-In,13
Van Buren,"Paw Paw Township, Precinct 3",Register of Deeds,,DEM,Mia King,138
Van Buren,"Paw Paw Township, Precinct 3",Register of Deeds,,DEM,Write-In,0
Van Buren,"Paw Paw Township, Precinct 3",Drain Commissioner,,DEM,Write-In,13
Van Buren,"Paw Paw Township, Precinct 3",Surveyor,,DEM,Write-In,12
Van Buren,"Paw Paw Township, Precinct 3",County Commissioner 5,,DEM,Write-In,11
Van Buren,"Paw Paw Township, Precinct 3",Paw Paw Township Supervisor,,DEM,Write-In,9
Van Buren,"Paw Paw Township, Precinct 3",Paw Paw Township Clerk,,DEM,Rebecca Payne,140
Van Buren,"Paw Paw Township, Precinct 3",Paw Paw Township Clerk,,DEM,Write-In,0
Van Buren,"Paw Paw Township, Precinct 3",Paw Paw Township Treasurer,,DEM,Write-In,10
Van Buren,"Paw Paw Township, Precinct 3",Paw Paw Township Trustee,,DEM,E. Frances Sanders,142
Van Buren,"Paw Paw Township, Precinct 3",Paw Paw Township Trustee,,DEM,Write-In,2
Van Buren,"Paw Paw Township, Precinct 3",Paw Paw Township P3 Delegate to County Convention,,DEM,Write-In,9
Van Buren,"Paw Paw Township, Precinct 3",U.S. Senate,,REP,Justin Amash,34
Van Buren,"Paw Paw Township, Precinct 3",U.S. Senate,,REP,Sherry O'Donnell,25
Van Buren,"Paw Paw Township, Precinct 3",U.S. Senate,,REP,Sandy Pensler,29
Van Buren,"Paw Paw Township, Precinct 3",U.S. Senate,,REP,Mike Rogers,135
Van Buren,"Paw Paw Township, Precinct 3",U.S. Senate,,REP,Write-In,0
Van Buren,"Paw Paw Township, Precinct 3",U.S. House,4,REP,Bill Huizenga,195
Van Buren,"Paw Paw Township, Precinct 3",U.S. House,4,REP,Brendan Muir,36
Van Buren,"Paw Paw Township, Precinct 3",U.S. House,4,REP,Write-In,0
Van Buren,"Paw Paw Township, Precinct 3",State House,39,REP,Richard Overton,58
Van Buren,"Paw Paw Township, Precinct 3",State House,39,REP,Pauline Wendzel,173
Van Buren,"Paw Paw Township, Precinct 3",State House,39,REP,Write-In,0
Van Buren,"Paw Paw Township, Precinct 3",Prosecuting Attorney,,REP,Susan Zuiderveen,201
Van Buren,"Paw Paw Township, Precinct 3",Prosecuting Attorney,,REP,Write-In,0
Van Buren,"Paw Paw Township, Precinct 3",Sheriff,,REP,Daniel E. Abbott,215
Van Buren,"Paw Paw Township, Precinct 3",Sheriff,,REP,Write-In,0
Van Buren,"Paw Paw Township, Precinct 3",County Clerk,,REP,Suzie Roehm,206
Van Buren,"Paw Paw Township, Precinct 3",County Clerk,,REP,Write-In,0
Van Buren,"Paw Paw Township, Precinct 3",County Treasurer,,REP,Trisha Nesbitt,204
Van Buren,"Paw Paw Township, Precinct 3",County Treasurer,,REP,Write-In,0
Van Buren,"Paw Paw Township, Precinct 3",Register of Deeds,,REP,Paul W. DeYoung,217
Van Buren,"Paw Paw Township, Precinct 3",Register of Deeds,,REP,Write-In,0
Van Buren,"Paw Paw Township, Precinct 3",Drain Commissioner,,REP,Joe Parman,204
Van Buren,"Paw Paw Township, Precinct 3",Drain Commissioner,,REP,Write-In,0
Van Buren,"Paw Paw Township, Precinct 3",Surveyor,,REP,Charles D. Lossie,201
Van Buren,"Paw Paw Township, Precinct 3",Surveyor,,REP,Write-In,0
Van Buren,"Paw Paw Township, Precinct 3",County Commissioner 5,,REP,Randall Peat,195
Van Buren,"Paw Paw Township, Precinct 3",County Commissioner 5,,REP,Write-In,1
Van Buren,"Paw Paw Township, Precinct 3",Paw Paw Township Supervisor,,REP,Thomas Palenick,189
Van Buren,"Paw Paw Township, Precinct 3",Paw Paw Township Supervisor,,REP,Write-In,0
Van Buren,"Paw Paw Township, Precinct 3",Paw Paw Township Clerk,,REP,Write-In,11
Van Buren,"Paw Paw Township, Precinct 3",Paw Paw Township Treasurer,,REP,Lisa Zinkil,192
Van Buren,"Paw Paw Township, Precinct 3",Paw Paw Township Treasurer,,REP,Write-In,0
Van Buren,"Paw Paw Township, Precinct 3",Paw Paw Township Trustee,,REP,James DeGroff,166
Van Buren,"Paw Paw Township, Precinct 3",Paw Paw Township Trustee,,REP,Brett Lehto,51
Van Buren,"Paw Paw Township, Precinct 3",Paw Paw Township Trustee,,REP,Matthew Miller,74
Van Buren,"Paw Paw Township, Precinct 3",Paw Paw Township Trustee,,REP,Dennis Reynolds,77
Van Buren,"Paw Paw Township, Precinct 3",Paw Paw Township Trustee,,REP,Write-In,0
Van Buren,"Paw Paw Township, Precinct 3",Paw Paw Township P3 Delegate to County Convention,,REP,Mary Ann Middaugh,163
Van Buren,"Paw Paw Township, Precinct 3",Paw Paw Township P3 Delegate to County Convention,,REP,Lorraine A. Root,122
Van Buren,"Paw Paw Township, Precinct 3",Paw Paw Township P3 Delegate to County Convention,,REP,Heath K. Wall,62
Van Buren,"Paw Paw Township, Precinct 3",Paw Paw Township P3 Delegate to County Convention,,REP,Write-In,0
Van Buren,"Paw Paw Township, Precinct 3",County 9-1-1 Surcharge Renewal,,,Yes,313
Van Buren,"Paw Paw Township, Precinct 3",County 9-1-1 Surcharge Renewal,,,No,114
Van Buren,"Paw Paw Township, Precinct 3",County Road Millage Renewal,,,Yes,284
Van Buren,"Paw Paw Township, Precinct 3",County Road Millage Renewal,,,No,144
Van Buren,"Paw Paw Township, Precinct 3",County Public Transit Millage Renewal,,,Yes,278
Van Buren,"Paw Paw Township, Precinct 3",County Public Transit Millage Renewal,,,No,146
Van Buren,"Paw Paw Township, Precinct 3",County Veterans Services Millage Renewal,,,Yes,319
Van Buren,"Paw Paw Township, Precinct 3",County Veterans Services Millage Renewal,,,No,104
Van Buren,"Paw Paw Township, Precinct 3",Paw Paw Township Road Millage,,,Yes,219
Van Buren,"Paw Paw Township, Precinct 3",Paw Paw Township Road Millage,,,No,204
Van Buren,"Paw Paw Township, Precinct 3",Paw Paw Township Fire Millage,,,Yes,285
Van Buren,"Paw Paw Township, Precinct 3",Paw Paw Township Fire Millage,,,No,138
Van Buren,"Paw Paw Township, Precinct 3",VBISD Millage Renewal,,,Yes,278
Van Buren,"Paw Paw Township, Precinct 3",VBISD Millage Renewal,,,No,143
Van Buren,"Pine Grove Township, Precinct 1",U.S. Senate,,DEM,Hill Harper,31
Van Buren,"Pine Grove Township, Precinct 1",U.S. Senate,,DEM,Elissa Slotkin,153
Van Buren,"Pine Grove Township, Precinct 1",U.S. Senate,,DEM,Write-In,0
Van Buren,"Pine Grove Township, Precinct 1",U.S. House,4,DEM,Jessica Swartz,172
Van Buren,"Pine Grove Township, Precinct 1",U.S. House,4,DEM,Write-In,0
Van Buren,"Pine Grove Township, Precinct 1",State House,39,DEM,Jared Polonowski,60
Van Buren,"Pine Grove Township, Precinct 1",State House,39,DEM,Kerry Tapper,108
Van Buren,"Pine Grove Township, Precinct 1",State House,39,DEM,Write-In,1
Van Buren,"Pine Grove Township, Precinct 1",Prosecuting Attorney,,DEM,Write-In,20
Van Buren,"Pine Grove Township, Precinct 1",Sheriff,,DEM,Write-In,17
Van Buren,"Pine Grove Township, Precinct 1",County Clerk,,DEM,Write-In,17
Van Buren,"Pine Grove Township, Precinct 1",County Treasurer,,DEM,Write-In,17
Van Buren,"Pine Grove Township, Precinct 1",Register of Deeds,,DEM,Mia King,141
Van Buren,"Pine Grove Township, Precinct 1",Register of Deeds,,DEM,Write-In,0
Van Buren,"Pine Grove Township, Precinct 1",Drain Commissioner,,DEM,Write-In,17
Van Buren,"Pine Grove Township, Precinct 1",Surveyor,,DEM,Write-In,17
Van Buren,"Pine Grove Township, Precinct 1",County Commissioner 4,,DEM,Write-In,12
Van Buren,"Pine Grove Township, Precinct 1",Pine Grove Township Supervisor,,DEM,Write-In,11
Van Buren,"Pine Grove Township, Precinct 1",Pine Grove Township Clerk,,DEM,Write-In,12
Van Buren,"Pine Grove Township, Precinct 1",Pine Grove Township Treasurer,,DEM,Write-In,12
Van Buren,"Pine Grove Township, Precinct 1",Pine Grove Township Trustee,,DEM,Jesse J. Richardson,143
Van Buren,"Pine Grove Township, Precinct 1",Pine Grove Township Trustee,,DEM,Write-In,0
Van Buren,"Pine Grove Township, Precinct 1",Pine Grove Township Delegate to County Convention,,DEM,Blake Adams,56
Van Buren,"Pine Grove Township, Precinct 1",Pine Grove Township Delegate to County Convention,,DEM,Joan Baldermann,85
Van Buren,"Pine Grove Township, Precinct 1",Pine Grove Township Delegate to County Convention,,DEM,Write-In,0
Van Buren,"Pine Grove Township, Precinct 1",U.S. Senate,,REP,Justin Amash,76
Van Buren,"Pine Grove Township, Precinct 1",U.S. Senate,,REP,Sherry O'Donnell,49
Van Buren,"Pine Grove Township, Precinct 1",U.S. Senate,,REP,Sandy Pensler,45
Van Buren,"Pine Grove Township, Precinct 1",U.S. Senate,,REP,Mike Rogers,232
Van Buren,"Pine Grove Township, Precinct 1",U.S. Senate,,REP,Write-In,1
Van Buren,"Pine Grove Township, Precinct 1",U.S. House,4,REP,Bill Huizenga,331
Van Buren,"Pine Grove Township, Precinct 1",U.S. House,4,REP,Brendan Muir,78
Van Buren,"Pine Grove Township, Precinct 1",U.S. House,4,REP,Write-In,0
Van Buren,"Pine Grove Township, Precinct 1",State House,39,REP,Richard Overton,90
Van Buren,"Pine Grove Township, Precinct 1",State House,39,REP,Pauline Wendzel,305
Van Buren,"Pine Grove Township, Precinct 1",State House,39,REP,Write-In,1
Van Buren,"Pine Grove Township, Precinct 1",Prosecuting Attorney,,REP,Susan Zuiderveen,340
Van Buren,"Pine Grove Township, Precinct 1",Prosecuting Attorney,,REP,Write-In,5
Van Buren,"Pine Grove Township, Precinct 1",Sheriff,,REP,Daniel E. Abbott,359
Van Buren,"Pine Grove Township, Precinct 1",Sheriff,,REP,Write-In,6
Van Buren,"Pine Grove Township, Precinct 1",County Clerk,,REP,Suzie Roehm,349
Van Buren,"Pine Grove Township, Precinct 1",County Clerk,,REP,Write-In,2
Van Buren,"Pine Grove Township, Precinct 1",County Treasurer,,REP,Trisha Nesbitt,358
Van Buren,"Pine Grove Township, Precinct 1",County Treasurer,,REP,Write-In,4
Van Buren,"Pine Grove Township, Precinct 1",Register of Deeds,,REP,Paul W. DeYoung,356
Van Buren,"Pine Grove Township, Precinct 1",Register of Deeds,,REP,Write-In,3
Van Buren,"Pine Grove Township, Precinct 1",Drain Commissioner,,REP,Joe Parman,337
Van Buren,"Pine Grove Township, Precinct 1",Drain Commissioner,,REP,Write-In,3
Van Buren,"Pine Grove Township, Precinct 1",Surveyor,,REP,Charles D. Lossie,341
Van Buren,"Pine Grove Township, Precinct 1",Surveyor,,REP,Write-In,4
Van Buren,"Pine Grove Township, Precinct 1",County Commissioner 4,,REP,David J. DiStefano,251
Van Buren,"Pine Grove Township, Precinct 1",County Commissioner 4,,REP,Bill Irwin,115
Van Buren,"Pine Grove Township, Precinct 1",County Commissioner 4,,REP,Write-In,2
Van Buren,"Pine Grove Township, Precinct 1",Pine Grove Township Supervisor,,REP,Chris Chandler,156
Van Buren,"Pine Grove Township, Precinct 1",Pine Grove Township Supervisor,,REP,Pamela Visser,236
Van Buren,"Pine Grove Township, Precinct 1",Pine Grove Township Supervisor,,REP,Write-In,2
Van Buren,"Pine Grove Township, Precinct 1",Pine Grove Township Clerk,,REP,Michelle Meert,366
Van Buren,"Pine Grove Township, Precinct 1",Pine Grove Township Clerk,,REP,Write-In,3
Van Buren,"Pine Grove Township, Precinct 1",Pine Grove Township Treasurer,,REP,Dee Niemi,65
Van Buren,"Pine Grove Township, Precinct 1",Pine Grove Township Treasurer,,REP,Trena Sell,353
Van Buren,"Pine Grove Township, Precinct 1",Pine Grove Township Treasurer,,REP,Write-In,2
Van Buren,"Pine Grove Township, Precinct 1",Pine Grove Township Trustee,,REP,Donna L. Hephner,239
Van Buren,"Pine Grove Township, Precinct 1",Pine Grove Township Trustee,,REP,Ronald Dale Huston,218
Van Buren,"Pine Grove Township, Precinct 1",Pine Grove Township Trustee,,REP,Amy Moerman,150
Van Buren,"Pine Grove Township, Precinct 1",Pine Grove Township Trustee,,REP,Write-In,2
Van Buren,"Pine Grove Township, Precinct 1",Pine Grove Township Delegate to County Convention,,REP,Geoffrey Alan Hickok,249
Van Buren,"Pine Grove Township, Precinct 1",Pine Grove Township Delegate to County Convention,,REP,Noah Kitzman,235
Van Buren,"Pine Grove Township, Precinct 1",Pine Grove Township Delegate to County Convention,,REP,Write-In,5
Van Buren,"Pine Grove Township, Precinct 1",County 9-1-1 Surcharge Renewal,,,Yes,432
Van Buren,"Pine Grove Township, Precinct 1",County 9-1-1 Surcharge Renewal,,,No,198
Van Buren,"Pine Grove Township, Precinct 1",County Road Millage Renewal,,,Yes,352
Van Buren,"Pine Grove Township, Precinct 1",County Road Millage Renewal,,,No,275
Van Buren,"Pine Grove Township, Precinct 1",County Public Transit Millage Renewal,,,Yes,338
Van Buren,"Pine Grove Township, Precinct 1",County Public Transit Millage Renewal,,,No,291
Van Buren,"Pine Grove Township, Precinct 1",County Veterans Services Millage Renewal,,,Yes,479
Van Buren,"Pine Grove Township, Precinct 1",County Veterans Services Millage Renewal,,,No,167
Van Buren,"Pine Grove Township, Precinct 1",Pine Grove Township Fire Protection Renewal Millage,,,Yes,454
Van Buren,"Pine Grove Township, Precinct 1",Pine Grove Township Fire Protection Renewal Millage,,,No,190
Van Buren,"Pine Grove Township, Precinct 1",Pine Grove Township Fire Equipment Millage,,,Yes,379
Van Buren,"Pine Grove Township, Precinct 1",Pine Grove Township Fire Equipment Millage,,,No,262
Van Buren,"Pine Grove Township, Precinct 1",Pine Grove Township Road Millage,,,Yes,336
Van Buren,"Pine Grove Township, Precinct 1",Pine Grove Township Road Millage,,,No,306
Van Buren,"Pine Grove Township, Precinct 1",VBISD Millage Renewal,,,Yes,316
Van Buren,"Pine Grove Township, Precinct 1",VBISD Millage Renewal,,,No,244
Van Buren,"Porter Township, Precinct 1",U.S. Senate,,DEM,Hill Harper,19
Van Buren,"Porter Township, Precinct 1",U.S. Senate,,DEM,Elissa Slotkin,181
Van Buren,"Porter Township, Precinct 1",U.S. Senate,,DEM,Write-In,0
Van Buren,"Porter Township, Precinct 1",U.S. House,4,DEM,Jessica Swartz,183
Van Buren,"Porter Township, Precinct 1",U.S. House,4,DEM,Write-In,0
Van Buren,"Porter Township, Precinct 1",State House,39,DEM,Jared Polonowski,74
Van Buren,"Porter Township, Precinct 1",State House,39,DEM,Kerry Tapper,119
Van Buren,"Porter Township, Precinct 1",State House,39,DEM,Write-In,0
Van Buren,"Porter Township, Precinct 1",Prosecuting Attorney,,DEM,Write-In,10
Van Buren,"Porter Township, Precinct 1",Sheriff,,DEM,Write-In,10
Van Buren,"Porter Township, Precinct 1",County Clerk,,DEM,Write-In,9
Van Buren,"Porter Township, Precinct 1",County Treasurer,,DEM,Write-In,8
Van Buren,"Porter Township, Precinct 1",Register of Deeds,,DEM,Mia King,163
Van Buren,"Porter Township, Precinct 1",Register of Deeds,,DEM,Write-In,0
Van Buren,"Porter Township, Precinct 1",Drain Commissioner,,DEM,Write-In,8
Van Buren,"Porter Township, Precinct 1",Surveyor,,DEM,Write-In,8
Van Buren,"Porter Township, Precinct 1",County Commissioner 6,,DEM,Write-In,10
Van Buren,"Porter Township, Precinct 1",Porter Township Supervisor,,DEM,Write-In,13
Van Buren,"Porter Township, Precinct 1",Porter Township Clerk,,DEM,Write-In,11
Van Buren,"Porter Township, Precinct 1",Porter Township Treasurer,,DEM,Write-In,11
Van Buren,"Porter Township, Precinct 1",Porter Township Trustee,,DEM,Nathan Bitely,164
Van Buren,"Porter Township, Precinct 1",Porter Township Trustee,,DEM,Write-In,1
Van Buren,"Porter Township, Precinct 1",Porter Township Delegate to County Convention,,DEM,Wanda Keehbauch-Murphy,88
Van Buren,"Porter Township, Precinct 1",Porter Township Delegate to County Convention,,DEM,Phyllis Peterson,82
Van Buren,"Porter Township, Precinct 1",Porter Township Delegate to County Convention,,DEM,Write-In,1
Van Buren,"Porter Township, Precinct 1",U.S. Senate,,REP,Justin Amash,43
Van Buren,"Porter Township, Precinct 1",U.S. Senate,,REP,Sherry O'Donnell,32
Van Buren,"Porter Township, Precinct 1",U.S. Senate,,REP,Sandy Pensler,26
Van Buren,"Porter Township, Precinct 1",U.S. Senate,,REP,Mike Rogers,183
Van Buren,"Porter Township, Precinct 1",U.S. Senate,,REP,Write-In,0
Van Buren,"Porter Township, Precinct 1",U.S. House,4,REP,Bill Huizenga,231
Van Buren,"Porter Township, Precinct 1",U.S. House,4,REP,Brendan Muir,52
Van Buren,"Porter Township, Precinct 1",U.S. House,4,REP,Write-In,1
Van Buren,"Porter Township, Precinct 1",State House,39,REP,Richard Overton,70
Van Buren,"Porter Township, Precinct 1",State House,39,REP,Pauline Wendzel,214
Van Buren,"Porter Township, Precinct 1",State House,39,REP,Write-In,0
Van Buren,"Porter Township, Precinct 1",Prosecuting Attorney,,REP,Susan Zuiderveen,246
Van Buren,"Porter Township, Precinct 1",Prosecuting Attorney,,REP,Write-In,1
Van Buren,"Porter Township, Precinct 1",Sheriff,,REP,Daniel E. Abbott,257
Van Buren,"Porter Township, Precinct 1",Sheriff,,REP,Write-In,1
Van Buren,"Porter Township, Precinct 1",County Clerk,,REP,Suzie Roehm,250
Van Buren,"Porter Township, Precinct 1",County Clerk,,REP,Write-In,1
Van Buren,"Porter Township, Precinct 1",County Treasurer,,REP,Trisha Nesbitt,264
Van Buren,"Porter Township, Precinct 1",County Treasurer,,REP,Write-In,1
Van Buren,"Porter Township, Precinct 1",Register of Deeds,,REP,Paul W. DeYoung,251
Van Buren,"Porter Township, Precinct 1",Register of Deeds,,REP,Write-In,2
Van Buren,"Porter Township, Precinct 1",Drain Commissioner,,REP,Joe Parman,235
Van Buren,"Porter Township, Precinct 1",Drain Commissioner,,REP,Write-In,1
Van Buren,"Porter Township, Precinct 1",Surveyor,,REP,Charles D. Lossie,242
Van Buren,"Porter Township, Precinct 1",Surveyor,,REP,Write-In,0
Van Buren,"Porter Township, Precinct 1",County Commissioner 6,,REP,Tina Leary,239
Van Buren,"Porter Township, Precinct 1",County Commissioner 6,,REP,Write-In,0
Van Buren,"Porter Township, Precinct 1",Porter Township Supervisor,,REP,Chris E. Oxley,247
Van Buren,"Porter Township, Precinct 1",Porter Township Supervisor,,REP,Write-In,1
Van Buren,"Porter Township, Precinct 1",Porter Township Clerk,,REP,Heather L. Smith,244
Van Buren,"Porter Township, Precinct 1",Porter Township Clerk,,REP,Write-In,1
Van Buren,"Porter Township, Precinct 1",Porter Township Treasurer,,REP,Andrew G. Nesbitt,255
Van Buren,"Porter Township, Precinct 1",Porter Township Treasurer,,REP,Write-In,1
Van Buren,"Porter Township, Precinct 1",Porter Township Trustee,,REP,Laura Packer,235
Van Buren,"Porter Township, Precinct 1",Porter Township Trustee,,REP,Write-In,4
Van Buren,"Porter Township, Precinct 1",Porter Township Delegate to County Convention,,REP,Trisha Nesbitt,221
Van Buren,"Porter Township, Precinct 1",Porter Township Delegate to County Convention,,REP,Paul R. Reynolds,150
Van Buren,"Porter Township, Precinct 1",Porter Township Delegate to County Convention,,REP,Mary K. White,148
Van Buren,"Porter Township, Precinct 1",Porter Township Delegate to County Convention,,REP,Write-In,0
Van Buren,"Porter Township, Precinct 1",County 9-1-1 Surcharge Renewal,,,Yes,358
Van Buren,"Porter Township, Precinct 1",County 9-1-1 Surcharge Renewal,,,No,140
Van Buren,"Porter Township, Precinct 1",County Road Millage Renewal,,,Yes,344
Van Buren,"Porter Township, Precinct 1",County Road Millage Renewal,,,No,151
Van Buren,"Porter Township, Precinct 1",County Public Transit Millage Renewal,,,Yes,331
Van Buren,"Porter Township, Precinct 1",County Public Transit Millage Renewal,,,No,166
Van Buren,"Porter Township, Precinct 1",County Veterans Services Millage Renewal,,,Yes,410
Van Buren,"Porter Township, Precinct 1",County Veterans Services Millage Renewal,,,No,71
Van Buren,"Porter Township, Precinct 1",VBISD Millage Renewal,,,Yes,285
Van Buren,"Porter Township, Precinct 1",VBISD Millage Renewal,,,No,120
Van Buren,"South Haven Charter Township, Precinct 1",U.S. Senate,,DEM,Hill Harper,39
Van Buren,"South Haven Charter Township, Precinct 1",U.S. Senate,,DEM,Elissa Slotkin,141
Van Buren,"South Haven Charter Township, Precinct 1",U.S. Senate,,DEM,Write-In,0
Van Buren,"South Haven Charter Township, Precinct 1",U.S. House,4,DEM,Jessica Swartz,175
Van Buren,"South Haven Charter Township, Precinct 1",U.S. House,4,DEM,Write-In,1
Van Buren,"South Haven Charter Township, Precinct 1",State House,38,DEM,Joey Andrews,175
Van Buren,"South Haven Charter Township, Precinct 1",State House,38,DEM,Write-In,1
Van Buren,"South Haven Charter Township, Precinct 1",Prosecuting Attorney,,DEM,Write-In,40
Van Buren,"South Haven Charter Township, Precinct 1",Sheriff,,DEM,Write-In,35
Van Buren,"South Haven Charter Township, Precinct 1",County Clerk,,DEM,Write-In,36
Van Buren,"South Haven Charter Township, Precinct 1",County Treasurer,,DEM,Write-In,33
Van Buren,"South Haven Charter Township, Precinct 1",Register of Deeds,,DEM,Mia King,149
Van Buren,"South Haven Charter Township, Precinct 1",Register of Deeds,,DEM,Write-In,1
Van Buren,"South Haven Charter Township, Precinct 1",Drain Commissioner,,DEM,Write-In,35
Van Buren,"South Haven Charter Township, Precinct 1",Surveyor,,DEM,Write-In,32
Van Buren,"South Haven Charter Township, Precinct 1",County Commissioner 1,,DEM,Gail Lee Patterson-Gladney,172
Van Buren,"South Haven Charter Township, Precinct 1",County Commissioner 1,,DEM,Write-In,1
Van Buren,"South Haven Charter Township, Precinct 1",South Haven Charter Township Supervisor,,DEM,Write-In,31
Van Buren,"South Haven Charter Township, Precinct 1",South Haven Charter Township Clerk,,DEM,Brenda Bertorelli,172
Van Buren,"South Haven Charter Township, Precinct 1",South Haven Charter Township Clerk,,DEM,Write-In,0
Van Buren,"South Haven Charter Township, Precinct 1",South Haven Charter Township Treasurer,,DEM,Write-In,32
Van Buren,"South Haven Charter Township, Precinct 1",South Haven Charter Township Trustee,,DEM,Michael S. Saenz,172
Van Buren,"South Haven Charter Township, Precinct 1",South Haven Charter Township Trustee,,DEM,Write-In,0
Van Buren,"South Haven Charter Township, Precinct 1",South Haven Township P1 Delegate to County Convention,,DEM,Michael S. Saenz,163
Van Buren,"South Haven Charter Township, Precinct 1",South Haven Township P1 Delegate to County Convention,,DEM,Write-In,0
Van Buren,"South Haven Charter Township, Precinct 1",U.S. Senate,,REP,Justin Amash,44
Van Buren,"South Haven Charter Township, Precinct 1",U.S. Senate,,REP,Sherry O'Donnell,23
Van Buren,"South Haven Charter Township, Precinct 1",U.S. Senate,,REP,Sandy Pensler,27
Van Buren,"South Haven Charter Township, Precinct 1",U.S. Senate,,REP,Mike Rogers,130
Van Buren,"South Haven Charter Township, Precinct 1",U.S. Senate,,REP,Write-In,0
Van Buren,"South Haven Charter Township, Precinct 1",U.S. House,4,REP,Bill Huizenga,191
Van Buren,"South Haven Charter Township, Precinct 1",U.S. House,4,REP,Brendan Muir,44
Van Buren,"South Haven Charter Township, Precinct 1",U.S. House,4,REP,Write-In,0
Van Buren,"South Haven Charter Township, Precinct 1",State House,38,REP,George Lucas,75
Van Buren,"South Haven Charter Township, Precinct 1",State House,38,REP,Kevin Whiteford,159
Van Buren,"South Haven Charter Township, Precinct 1",State House,38,REP,Write-In,0
Van Buren,"South Haven Charter Township, Precinct 1",Prosecuting Attorney,,REP,Susan Zuiderveen,207
Van Buren,"South Haven Charter Township, Precinct 1",Prosecuting Attorney,,REP,Write-In,1
Van Buren,"South Haven Charter Township, Precinct 1",Sheriff,,REP,Daniel E. Abbott,216
Van Buren,"South Haven Charter Township, Precinct 1",Sheriff,,REP,Write-In,1
Van Buren,"South Haven Charter Township, Precinct 1",County Clerk,,REP,Suzie Roehm,208
Van Buren,"South Haven Charter Township, Precinct 1",County Clerk,,REP,Write-In,0
Van Buren,"South Haven Charter Township, Precinct 1",County Treasurer,,REP,Trisha Nesbitt,212
Van Buren,"South Haven Charter Township, Precinct 1",County Treasurer,,REP,Write-In,1
Van Buren,"South Haven Charter Township, Precinct 1",Register of Deeds,,REP,Paul W. DeYoung,207
Van Buren,"South Haven Charter Township, Precinct 1",Register of Deeds,,REP,Write-In,0
Van Buren,"South Haven Charter Township, Precinct 1",Drain Commissioner,,REP,Joe Parman,206
Van Buren,"South Haven Charter Township, Precinct 1",Drain Commissioner,,REP,Write-In,0
Van Buren,"South Haven Charter Township, Precinct 1",Surveyor,,REP,Charles D. Lossie,207
Van Buren,"South Haven Charter Township, Precinct 1",Surveyor,,REP,Write-In,0
Van Buren,"South Haven Charter Township, Precinct 1",County Commissioner 1,,REP,Michael Matheny,201
Van Buren,"South Haven Charter Township, Precinct 1",County Commissioner 1,,REP,Write-In,0
Van Buren,"South Haven Charter Township, Precinct 1",South Haven Charter Township Supervisor,,REP,C. Ross Stein,198
Van Buren,"South Haven Charter Township, Precinct 1",South Haven Charter Township Supervisor,,REP,Write-In,3
Van Buren,"South Haven Charter Township, Precinct 1",South Haven Charter Township Clerk,,REP,Write-In,19
Van Buren,"South Haven Charter Township, Precinct 1",South Haven Charter Township Treasurer,,REP,Hillary M. Fisher,203
Van Buren,"South Haven Charter Township, Precinct 1",South Haven Charter Township Treasurer,,REP,Write-In,1
Van Buren,"South Haven Charter Township, Precinct 1",South Haven Charter Township Trustee,,REP,Michael DeGrandchamp,198
Van Buren,"South Haven Charter Township, Precinct 1",South Haven Charter Township Trustee,,REP,Maureen Lewandowski,164
Van Buren,"South Haven Charter Township, Precinct 1",South Haven Charter Township Trustee,,REP,Phillip Poole,159
Van Buren,"South Haven Charter Township, Precinct 1",South Haven Charter Township Trustee,,REP,David Wiatrowski,170
Van Buren,"South Haven Charter Township, Precinct 1",South Haven Charter Township Trustee,,REP,Write-In,1
Van Buren,"South Haven Charter Township, Precinct 1",South Haven Township P1 Delegate to County Convention,,REP,Write-In,9
Van Buren,"South Haven Charter Township, Precinct 1",County 9-1-1 Surcharge Renewal,,,Yes,345
Van Buren,"South Haven Charter Township, Precinct 1",County 9-1-1 Surcharge Renewal,,,No,98
Van Buren,"South Haven Charter Township, Precinct 1",County Road Millage Renewal,,,Yes,317
Van Buren,"South Haven Charter Township, Precinct 1",County Road Millage Renewal,,,No,127
Van Buren,"South Haven Charter Township, Precinct 1",County Public Transit Millage Renewal,,,Yes,331
Van Buren,"South Haven Charter Township, Precinct 1",County Public Transit Millage Renewal,,,No,113
Van Buren,"South Haven Charter Township, Precinct 1",County Veterans Services Millage Renewal,,,Yes,370
Van Buren,"South Haven Charter Township, Precinct 1",County Veterans Services Millage Renewal,,,No,74
Van Buren,"South Haven Charter Township, Precinct 1",South Haven Township Recreational Millage,,,Yes,290
Van Buren,"South Haven Charter Township, Precinct 1",South Haven Township Recreational Millage,,,No,156
Van Buren,"South Haven Charter Township, Precinct 1",VBISD Millage Renewal,,,Yes,330
Van Buren,"South Haven Charter Township, Precinct 1",VBISD Millage Renewal,,,No,113
Van Buren,"South Haven Charter Township, Precinct 1",South Haven Memorial District Library Millage,,,Yes,273
Van Buren,"South Haven Charter Township, Precinct 1",South Haven Memorial District Library Millage,,,No,172
Van Buren,"South Haven Charter Township, Precinct 2",U.S. Senate,,DEM,Hill Harper,18
Van Buren,"South Haven Charter Township, Precinct 2",U.S. Senate,,DEM,Elissa Slotkin,125
Van Buren,"South Haven Charter Township, Precinct 2",U.S. Senate,,DEM,Write-In,0
Van Buren,"South Haven Charter Township, Precinct 2",U.S. House,4,DEM,Jessica Swartz,135
Van Buren,"South Haven Charter Township, Precinct 2",U.S. House,4,DEM,Write-In,0
Van Buren,"South Haven Charter Township, Precinct 2",State House,38,DEM,Joey Andrews,137
Van Buren,"South Haven Charter Township, Precinct 2",State House,38,DEM,Write-In,1
Van Buren,"South Haven Charter Township, Precinct 2",Prosecuting Attorney,,DEM,Write-In,19
Van Buren,"South Haven Charter Township, Precinct 2",Sheriff,,DEM,Write-In,17
Van Buren,"South Haven Charter Township, Precinct 2",County Clerk,,DEM,Write-In,14
Van Buren,"South Haven Charter Township, Precinct 2",County Treasurer,,DEM,Write-In,13
Van Buren,"South Haven Charter Township, Precinct 2",Register of Deeds,,DEM,Mia King,117
Van Buren,"South Haven Charter Township, Precinct 2",Register of Deeds,,DEM,Write-In,0
Van Buren,"South Haven Charter Township, Precinct 2",Drain Commissioner,,DEM,Write-In,12
Van Buren,"South Haven Charter Township, Precinct 2",Surveyor,,DEM,Write-In,12
Van Buren,"South Haven Charter Township, Precinct 2",County Commissioner 1,,DEM,Gail Lee Patterson-Gladney,131
Van Buren,"South Haven Charter Township, Precinct 2",County Commissioner 1,,DEM,Write-In,0
Van Buren,"South Haven Charter Township, Precinct 2",South Haven Charter Township Supervisor,,DEM,Write-In,16
Van Buren,"South Haven Charter Township, Precinct 2",South Haven Charter Township Clerk,,DEM,Brenda Bertorelli,124
Van Buren,"South Haven Charter Township, Precinct 2",South Haven Charter Township Clerk,,DEM,Write-In,0
Van Buren,"South Haven Charter Township, Precinct 2",South Haven Charter Township Treasurer,,DEM,Write-In,13
Van Buren,"South Haven Charter Township, Precinct 2",South Haven Charter Township Trustee,,DEM,Michael S. Saenz,123
Van Buren,"South Haven Charter Township, Precinct 2",South Haven Charter Township Trustee,,DEM,Write-In,3
Van Buren,"South Haven Charter Township, Precinct 2",South Haven Township P2 Delegate to County Convention,,DEM,Write-In,14
Van Buren,"South Haven Charter Township, Precinct 2",U.S. Senate,,REP,Justin Amash,25
Van Buren,"South Haven Charter Township, Precinct 2",U.S. Senate,,REP,Sherry O'Donnell,12
Van Buren,"South Haven Charter Township, Precinct 2",U.S. Senate,,REP,Sandy Pensler,14
Van Buren,"South Haven Charter Township, Precinct 2",U.S. Senate,,REP,Mike Rogers,68
Van Buren,"South Haven Charter Township, Precinct 2",U.S. Senate,,REP,Write-In,0
Van Buren,"South Haven Charter Township, Precinct 2",U.S. House,4,REP,Bill Huizenga,95
Van Buren,"South Haven Charter Township, Precinct 2",U.S. House,4,REP,Brendan Muir,27
Van Buren,"South Haven Charter Township, Precinct 2",U.S. House,4,REP,Write-In,0
Van Buren,"South Haven Charter Township, Precinct 2",State House,38,REP,George Lucas,55
Van Buren,"South Haven Charter Township, Precinct 2",State House,38,REP,Kevin Whiteford,69
Van Buren,"South Haven Charter Township, Precinct 2",State House,38,REP,Write-In,0
Van Buren,"South Haven Charter Township, Precinct 2",Prosecuting Attorney,,REP,Susan Zuiderveen,114
Van Buren,"South Haven Charter Township, Precinct 2",Prosecuting Attorney,,REP,Write-In,0
Van Buren,"South Haven Charter Township, Precinct 2",Sheriff,,REP,Daniel E. Abbott,112
Van Buren,"South Haven Charter Township, Precinct 2",Sheriff,,REP,Write-In,0
Van Buren,"South Haven Charter Township, Precinct 2",County Clerk,,REP,Suzie Roehm,112
Van Buren,"South Haven Charter Township, Precinct 2",County Clerk,,REP,Write-In,0
Van Buren,"South Haven Charter Township, Precinct 2",County Treasurer,,REP,Trisha Nesbitt,110
Van Buren,"South Haven Charter Township, Precinct 2",County Treasurer,,REP,Write-In,0
Van Buren,"South Haven Charter Township, Precinct 2",Register of Deeds,,REP,Paul W. DeYoung,114
Van Buren,"South Haven Charter Township, Precinct 2",Register of Deeds,,REP,Write-In,0
Van Buren,"South Haven Charter Township, Precinct 2",Drain Commissioner,,REP,Joe Parman,111
Van Buren,"South Haven Charter Township, Precinct 2",Drain Commissioner,,REP,Write-In,0
Van Buren,"South Haven Charter Township, Precinct 2",Surveyor,,REP,Charles D. Lossie,109
Van Buren,"South Haven Charter Township, Precinct 2",Surveyor,,REP,Write-In,0
Van Buren,"South Haven Charter Township, Precinct 2",County Commissioner 1,,REP,Michael Matheny,108
Van Buren,"South Haven Charter Township, Precinct 2",County Commissioner 1,,REP,Write-In,0
Van Buren,"South Haven Charter Township, Precinct 2",South Haven Charter Township Supervisor,,REP,C. Ross Stein,110
Van Buren,"South Haven Charter Township, Precinct 2",South Haven Charter Township Supervisor,,REP,Write-In,0
Van Buren,"South Haven Charter Township, Precinct 2",South Haven Charter Township Clerk,,REP,Write-In,9
Van Buren,"South Haven Charter Township, Precinct 2",South Haven Charter Township Treasurer,,REP,Hillary M. Fisher,108
Van Buren,"South Haven Charter Township, Precinct 2",South Haven Charter Township Treasurer,,REP,Write-In,0
Van Buren,"South Haven Charter Township, Precinct 2",South Haven Charter Township Trustee,,REP,Michael DeGrandchamp,107
Van Buren,"South Haven Charter Township, Precinct 2",South Haven Charter Township Trustee,,REP,Maureen Lewandowski,88
Van Buren,"South Haven Charter Township, Precinct 2",South Haven Charter Township Trustee,,REP,Phillip Poole,87
Van Buren,"South Haven Charter Township, Precinct 2",South Haven Charter Township Trustee,,REP,David Wiatrowski,92
Van Buren,"South Haven Charter Township, Precinct 2",South Haven Charter Township Trustee,,REP,Write-In,0
Van Buren,"South Haven Charter Township, Precinct 2",South Haven Township P2 Delegate to County Convention,,REP,Write-In,5
Van Buren,"South Haven Charter Township, Precinct 2",County 9-1-1 Surcharge Renewal,,,Yes,199
Van Buren,"South Haven Charter Township, Precinct 2",County 9-1-1 Surcharge Renewal,,,No,68
Van Buren,"South Haven Charter Township, Precinct 2",County Road Millage Renewal,,,Yes,190
Van Buren,"South Haven Charter Township, Precinct 2",County Road Millage Renewal,,,No,78
Van Buren,"South Haven Charter Township, Precinct 2",County Public Transit Millage Renewal,,,Yes,198
Van Buren,"South Haven Charter Township, Precinct 2",County Public Transit Millage Renewal,,,No,70
Van Buren,"South Haven Charter Township, Precinct 2",County Veterans Services Millage Renewal,,,Yes,219
Van Buren,"South Haven Charter Township, Precinct 2",County Veterans Services Millage Renewal,,,No,54
Van Buren,"South Haven Charter Township, Precinct 2",South Haven Township Recreational Millage,,,Yes,187
Van Buren,"South Haven Charter Township, Precinct 2",South Haven Township Recreational Millage,,,No,84
Van Buren,"South Haven Charter Township, Precinct 2",VBISD Millage Renewal,,,Yes,199
Van Buren,"South Haven Charter Township, Precinct 2",VBISD Millage Renewal,,,No,71
Van Buren,"South Haven Charter Township, Precinct 2",South Haven Memorial District Library Millage,,,Yes,175
Van Buren,"South Haven Charter Township, Precinct 2",South Haven Memorial District Library Millage,,,No,97
Van Buren,"Waverly Township, Precinct 1",U.S. Senate,,DEM,Hill Harper,21
Van Buren,"Waverly Township, Precinct 1",U.S. Senate,,DEM,Elissa Slotkin,122
Van Buren,"Waverly Township, Precinct 1",U.S. Senate,,DEM,Write-In,0
Van Buren,"Waverly Township, Precinct 1",U.S. House,4,DEM,Jessica Swartz,123
Van Buren,"Waverly Township, Precinct 1",U.S. House,4,DEM,Write-In,0
Van Buren,"Waverly Township, Precinct 1",State House,39,DEM,Jared Polonowski,51
Van Buren,"Waverly Township, Precinct 1",State House,39,DEM,Kerry Tapper,90
Van Buren,"Waverly Township, Precinct 1",State House,39,DEM,Write-In,0
Van Buren,"Waverly Township, Precinct 1",Prosecuting Attorney,,DEM,Write-In,12
Van Buren,"Waverly Township, Precinct 1",Sheriff,,DEM,Write-In,12
Van Buren,"Waverly Township, Precinct 1",County Clerk,,DEM,Write-In,12
Van Buren,"Waverly Township, Precinct 1",County Treasurer,,DEM,Write-In,11
Van Buren,"Waverly Township, Precinct 1",Register of Deeds,,DEM,Mia King,116
Van Buren,"Waverly Township, Precinct 1",Register of Deeds,,DEM,Write-In,1
Van Buren,"Waverly Township, Precinct 1",Drain Commissioner,,DEM,Write-In,11
Van Buren,"Waverly Township, Precinct 1",Surveyor,,DEM,Write-In,11
Van Buren,"Waverly Township, Precinct 1",County Commissioner 3,,DEM,Nancy Backas,11
Van Buren,"Waverly Township, Precinct 1",County Commissioner 3,,DEM,Write-In,0
Van Buren,"Waverly Township, Precinct 1",County Commissioner 5,,DEM,Write-In,12
Van Buren,"Waverly Township, Precinct 1",Waverly Township Supervisor,,DEM,Write-In,12
Van Buren,"Waverly Township, Precinct 1",Waverly Township Clerk,,DEM,Write-In,11
Van Buren,"Waverly Township, Precinct 1",Waverly Township Treasurer,,DEM,Jenna Millek-Bowers,110
Van Buren,"Waverly Township, Precinct 1",Waverly Township Treasurer,,DEM,Write-In,1
Van Buren,"Waverly Township, Precinct 1",Waverly Township Trustee,,DEM,Anthony Shumaker,111
Van Buren,"Waverly Township, Precinct 1",Waverly Township Trustee,,DEM,Write-In,1
Van Buren,"Waverly Township, Precinct 1",Waverly Township Delegate to County Convention,,DEM,Laura Asa,116
Van Buren,"Waverly Township, Precinct 1",Waverly Township Delegate to County Convention,,DEM,Write-In,0
Van Buren,"Waverly Township, Precinct 1",U.S. Senate,,REP,Justin Amash,72
Van Buren,"Waverly Township, Precinct 1",U.S. Senate,,REP,Sherry O'Donnell,33
Van Buren,"Waverly Township, Precinct 1",U.S. Senate,,REP,Sandy Pensler,35
Van Buren,"Waverly Township, Precinct 1",U.S. Senate,,REP,Mike Rogers,150
Van Buren,"Waverly Township, Precinct 1",U.S. Senate,,REP,Write-In,3
Van Buren,"Waverly Township, Precinct 1",U.S. House,4,REP,Bill Huizenga,242
Van Buren,"Waverly Township, Precinct 1",U.S. House,4,REP,Brendan Muir,56
Van Buren,"Waverly Township, Precinct 1",U.S. House,4,REP,Write-In,2
Van Buren,"Waverly Township, Precinct 1",State House,39,REP,Richard Overton,66
Van Buren,"Waverly Township, Precinct 1",State House,39,REP,Pauline Wendzel,230
Van Buren,"Waverly Township, Precinct 1",State House,39,REP,Write-In,2
Van Buren,"Waverly Township, Precinct 1",Prosecuting Attorney,,REP,Susan Zuiderveen,259
Van Buren,"Waverly Township, Precinct 1",Prosecuting Attorney,,REP,Write-In,3
Van Buren,"Waverly Township, Precinct 1",Sheriff,,REP,Daniel E. Abbott,285
Van Buren,"Waverly Township, Precinct 1",Sheriff,,REP,Write-In,3
Van Buren,"Waverly Township, Precinct 1",County Clerk,,REP,Suzie Roehm,267
Van Buren,"Waverly Township, Precinct 1",County Clerk,,REP,Write-In,3
Van Buren,"Waverly Township, Precinct 1",County Treasurer,,REP,Trisha Nesbitt,269
Van Buren,"Waverly Township, Precinct 1",County Treasurer,,REP,Write-In,1
Van Buren,"Waverly Township, Precinct 1",Register of Deeds,,REP,Paul W. DeYoung,278
Van Buren,"Waverly Township, Precinct 1",Register of Deeds,,REP,Write-In,1
Van Buren,"Waverly Township, Precinct 1",Drain Commissioner,,REP,Joe Parman,266
Van Buren,"Waverly Township, Precinct 1",Drain Commissioner,,REP,Write-In,2
Van Buren,"Waverly Township, Precinct 1",Surveyor,,REP,Charles D. Lossie,257
Van Buren,"Waverly Township, Precinct 1",Surveyor,,REP,Write-In,3
Van Buren,"Waverly Township, Precinct 1",County Commissioner 3,,REP,Kurt Doroh,14
Van Buren,"Waverly Township, Precinct 1",County Commissioner 3,,REP,Write-In,0
Van Buren,"Waverly Township, Precinct 1",County Commissioner 5,,REP,Randall Peat,246
Van Buren,"Waverly Township, Precinct 1",County Commissioner 5,,REP,Write-In,0
Van Buren,"Waverly Township, Precinct 1",Waverly Township Supervisor,,REP,Ricky Loper,125
Van Buren,"Waverly Township, Precinct 1",Waverly Township Supervisor,,REP,Tony Millek,192
Van Buren,"Waverly Township, Precinct 1",Waverly Township Supervisor,,REP,Write-In,1
Van Buren,"Waverly Township, Precinct 1",Waverly Township Clerk,,REP,Starr E. Houston,271
Van Buren,"Waverly Township, Precinct 1",Waverly Township Clerk,,REP,Write-In,0
Van Buren,"Waverly Township, Precinct 1",Waverly Township Treasurer,,REP,Write-In,14
Van Buren,"Waverly Township, Precinct 1",Waverly Township Trustee,,REP,Ernest M. Brown,195
Van Buren,"Waverly Township, Precinct 1",Waverly Township Trustee,,REP,Thomas Fleetwood,195
Van Buren,"Waverly Township, Precinct 1",Waverly Township Trustee,,REP,Write-In,1
Van Buren,"Waverly Township, Precinct 1",Waverly Township Delegate to County Convention,,REP,Paul W. DeYoung,241
Van Buren,"Waverly Township, Precinct 1",Waverly Township Delegate to County Convention,,REP,Nancy Thomas,150
Van Buren,"Waverly Township, Precinct 1",Waverly Township Delegate to County Convention,,REP,Write-In,2
Van Buren,"Waverly Township, Precinct 1",County 9-1-1 Surcharge Renewal,,,Yes,342
Van Buren,"Waverly Township, Precinct 1",County 9-1-1 Surcharge Renewal,,,No,126
Van Buren,"Waverly Township, Precinct 1",County Road Millage Renewal,,,Yes,312
Van Buren,"Waverly Township, Precinct 1",County Road Millage Renewal,,,No,159
Van Buren,"Waverly Township, Precinct 1",County Public Transit Millage Renewal,,,Yes,323
Van Buren,"Waverly Township, Precinct 1",County Public Transit Millage Renewal,,,No,146
Van Buren,"Waverly Township, Precinct 1",County Veterans Services Millage Renewal,,,Yes,382
Van Buren,"Waverly Township, Precinct 1",County Veterans Services Millage Renewal,,,No,101
Van Buren,"Waverly Township, Precinct 1",Bangor Public Schools Operating Millage,,,Yes,16
Van Buren,"Waverly Township, Precinct 1",Bangor Public Schools Operating Millage,,,No,14
Van Buren,"Waverly Township, Precinct 1",Bloomingdale Public School Operating Millage,,,Yes,45
Van Buren,"Waverly Township, Precinct 1",Bloomingdale Public School Operating Millage,,,No,37
Van Buren,"Waverly Township, Precinct 1",VBISD Millage Renewal,,,Yes,331
Van Buren,"Waverly Township, Precinct 1",VBISD Millage Renewal,,,No,150
Van Buren,"City of Bangor, Precinct 1",Ballots Cast,,,,176
Van Buren,"City of Gobles, Precinct 1",Ballots Cast,,,,118
Van Buren,"City of Hartford, Precinct 1",Ballots Cast,,,,238
Van Buren,"City of South Haven, Ward 1, Precinct 1",Ballots Cast,,,,391
Van Buren,"City of South Haven, Ward 2, Precinct 1",Ballots Cast,,,,363
Van Buren,"City of South Haven, Ward 3, Precinct 1",Ballots Cast,,,,390
Van Buren,"City of South Haven, Ward 3, Precinct 2",Ballots Cast,,,,9
Van Buren,"Almena Township, Precinct 1",Ballots Cast,,,,756
Van Buren,"Almena Township, Precinct 2",Ballots Cast,,,,434
Van Buren,"Antwerp Township, Precinct 1",Ballots Cast,,,,277
Van Buren,"Antwerp Township, Precinct 2",Ballots Cast,,,,569
Van Buren,"Antwerp Township, Precinct 3",Ballots Cast,,,,342
Van Buren,"Antwerp Township, Precinct 4",Ballots Cast,,,,368
Van Buren,"Antwerp Township, Precinct 5",Ballots Cast,,,,533
Van Buren,"Arlington Township, Precinct 1",Ballots Cast,,,,377
Van Buren,"Bangor Township, Precinct 1",Ballots Cast,,,,290
Van Buren,"Bloomingdale Township, Precinct 1",Ballots Cast,,,,588
Van Buren,"Columbia Township, Precinct 1",Ballots Cast,,,,360
Van Buren,"Covert Township, Precinct 1",Ballots Cast,,,,358
Van Buren,"Decatur Township, Precinct 1",Ballots Cast,,,,609
Van Buren,"Geneva Township, Precinct 1",Ballots Cast,,,,505
Van Buren,"Hamilton Township, Precinct 1",Ballots Cast,,,,253
Van Buren,"Hartford Township, Precinct 1",Ballots Cast,,,,395
Van Buren,"Keeler Township, Precinct 1",Ballots Cast,,,,409
Van Buren,"Lawrence Township, Precinct 1",Ballots Cast,,,,532
Van Buren,"Paw Paw Township, Precinct 1",Ballots Cast,,,,536
Van Buren,"Paw Paw Township, Precinct 2",Ballots Cast,,,,348
Van Buren,"Paw Paw Township, Precinct 3",Ballots Cast,,,,459
Van Buren,"Pine Grove Township, Precinct 1",Ballots Cast,,,,680
Van Buren,"Porter Township, Precinct 1",Ballots Cast,,,,531
Van Buren,"South Haven Charter Township, Precinct 1",Ballots Cast,,,,468
Van Buren,"South Haven Charter Township, Precinct 2",Ballots Cast,,,,287
Van Buren,"Waverly Township, Precinct 1",Ballots Cast,,,,517
