county,precinct,office,district,party,candidate,votes
Calhoun,"Albion Township, Precinct 1",Governor,,DEM,Christopher Robert Swanson,13
Calhoun,"Albion Township, Precinct 1",Governor,,DEM,Jocelyn Benson,86
Calhoun,"Albion Township, Precinct 1",Governor,,DEM,Ballots Cast,99
Calhoun,"Athens Township, Precinct 1",Governor,,DEM,Christopher Robert Swanson,26
Calhoun,"Athens Township, Precinct 1",Governor,,DEM,Jocelyn Benson,162
Calhoun,"Athens Township, Precinct 1",Governor,,DEM,Write-In,1
Calhoun,"Athens Township, Precinct 1",Governor,,DEM,Ballots Cast,189
Calhoun,"Bedford Charter Township, Precinct 1",Governor,,DEM,Christopher Robert Swanson,34
Calhoun,"Bedford Charter Township, Precinct 1",Governor,,DEM,Jocelyn Benson,237
Calhoun,"Bedford Charter Township, Precinct 1",Governor,,DEM,Ballots Cast,271
Calhoun,"Bedford Charter Township, Precinct 2",Governor,,DEM,Christopher Robert Swanson,37
Calhoun,"Bedford Charter Township, Precinct 2",Governor,,DEM,Jocelyn Benson,232
Calhoun,"Bedford Charter Township, Precinct 2",Governor,,DEM,Ballots Cast,269
Calhoun,"Bedford Charter Township, Precinct 3",Governor,,DEM,Christopher Robert Swanson,47
Calhoun,"Bedford Charter Township, Precinct 3",Governor,,DEM,Jocelyn Benson,377
Calhoun,"Bedford Charter Township, Precinct 3",Governor,,DEM,Write-In,1
Calhoun,"Bedford Charter Township, Precinct 3",Governor,,DEM,Ballots Cast,425
Calhoun,"Burlington Township, Precinct 1",Governor,,DEM,Christopher Robert Swanson,21
Calhoun,"Burlington Township, Precinct 1",Governor,,DEM,Jocelyn Benson,120
Calhoun,"Burlington Township, Precinct 1",Governor,,DEM,Ballots Cast,141
Calhoun,"City of Albion, Precinct 1",Governor,,DEM,Christopher Robert Swanson,14
Calhoun,"City of Albion, Precinct 1",Governor,,DEM,Jocelyn Benson,133
Calhoun,"City of Albion, Precinct 1",Governor,,DEM,Write-In,1
Calhoun,"City of Albion, Precinct 1",Governor,,DEM,Ballots Cast,148
Calhoun,"City of Albion, Precinct 2",Governor,,DEM,Christopher Robert Swanson,13
Calhoun,"City of Albion, Precinct 2",Governor,,DEM,Jocelyn Benson,106
Calhoun,"City of Albion, Precinct 2",Governor,,DEM,Ballots Cast,119
Calhoun,"City of Albion, Precinct 3",Governor,,DEM,Christopher Robert Swanson,13
Calhoun,"City of Albion, Precinct 3",Governor,,DEM,Jocelyn Benson,190
Calhoun,"City of Albion, Precinct 3",Governor,,DEM,Ballots Cast,203
Calhoun,"City of Albion, Precinct 4",Governor,,DEM,Christopher Robert Swanson,13
Calhoun,"City of Albion, Precinct 4",Governor,,DEM,Jocelyn Benson,91
Calhoun,"City of Albion, Precinct 4",Governor,,DEM,Ballots Cast,104
Calhoun,"City of Albion, Precinct 5",Governor,,DEM,Christopher Robert Swanson,16
Calhoun,"City of Albion, Precinct 5",Governor,,DEM,Jocelyn Benson,194
Calhoun,"City of Albion, Precinct 5",Governor,,DEM,Ballots Cast,210
Calhoun,"City of Albion, Precinct 6",Governor,,DEM,Christopher Robert Swanson,16
Calhoun,"City of Albion, Precinct 6",Governor,,DEM,Jocelyn Benson,112
Calhoun,"City of Albion, Precinct 6",Governor,,DEM,Ballots Cast,128
Calhoun,"City of Battle Creek, Precinct 1",Governor,,DEM,Christopher Robert Swanson,18
Calhoun,"City of Battle Creek, Precinct 1",Governor,,DEM,Jocelyn Benson,115
Calhoun,"City of Battle Creek, Precinct 1",Governor,,DEM,Write-In,1
Calhoun,"City of Battle Creek, Precinct 1",Governor,,DEM,Ballots Cast,134
Calhoun,"City of Battle Creek, Precinct 10",Governor,,DEM,Christopher Robert Swanson,91
Calhoun,"City of Battle Creek, Precinct 10",Governor,,DEM,Jocelyn Benson,485
Calhoun,"City of Battle Creek, Precinct 10",Governor,,DEM,Ballots Cast,576
Calhoun,"City of Battle Creek, Precinct 11",Governor,,DEM,Christopher Robert Swanson,38
Calhoun,"City of Battle Creek, Precinct 11",Governor,,DEM,Jocelyn Benson,262
Calhoun,"City of Battle Creek, Precinct 11",Governor,,DEM,Write-In,2
Calhoun,"City of Battle Creek, Precinct 11",Governor,,DEM,Ballots Cast,302
Calhoun,"City of Battle Creek, Precinct 12",Governor,,DEM,Christopher Robert Swanson,64
Calhoun,"City of Battle Creek, Precinct 12",Governor,,DEM,Jocelyn Benson,393
Calhoun,"City of Battle Creek, Precinct 12",Governor,,DEM,Write-In,3
Calhoun,"City of Battle Creek, Precinct 12",Governor,,DEM,Ballots Cast,460
Calhoun,"City of Battle Creek, Precinct 13",Governor,,DEM,Christopher Robert Swanson,50
Calhoun,"City of Battle Creek, Precinct 13",Governor,,DEM,Jocelyn Benson,319
Calhoun,"City of Battle Creek, Precinct 13",Governor,,DEM,Write-In,2
Calhoun,"City of Battle Creek, Precinct 13",Governor,,DEM,Ballots Cast,371
Calhoun,"City of Battle Creek, Precinct 2",Governor,,DEM,Christopher Robert Swanson,49
Calhoun,"City of Battle Creek, Precinct 2",Governor,,DEM,Jocelyn Benson,247
Calhoun,"City of Battle Creek, Precinct 2",Governor,,DEM,Write-In,1
Calhoun,"City of Battle Creek, Precinct 2",Governor,,DEM,Ballots Cast,297
Calhoun,"City of Battle Creek, Precinct 3",Governor,,DEM,Christopher Robert Swanson,47
Calhoun,"City of Battle Creek, Precinct 3",Governor,,DEM,Jocelyn Benson,274
Calhoun,"City of Battle Creek, Precinct 3",Governor,,DEM,Write-In,1
Calhoun,"City of Battle Creek, Precinct 3",Governor,,DEM,Ballots Cast,322
Calhoun,"City of Battle Creek, Precinct 4",Governor,,DEM,Christopher Robert Swanson,83
Calhoun,"City of Battle Creek, Precinct 4",Governor,,DEM,Jocelyn Benson,385
Calhoun,"City of Battle Creek, Precinct 4",Governor,,DEM,Write-In,1
Calhoun,"City of Battle Creek, Precinct 4",Governor,,DEM,Ballots Cast,469
Calhoun,"City of Battle Creek, Precinct 5",Governor,,DEM,Christopher Robert Swanson,78
Calhoun,"City of Battle Creek, Precinct 5",Governor,,DEM,Jocelyn Benson,620
Calhoun,"City of Battle Creek, Precinct 5",Governor,,DEM,Ballots Cast,698
Calhoun,"City of Battle Creek, Precinct 6",Governor,,DEM,Christopher Robert Swanson,68
Calhoun,"City of Battle Creek, Precinct 6",Governor,,DEM,Jocelyn Benson,403
Calhoun,"City of Battle Creek, Precinct 6",Governor,,DEM,Write-In,1
Calhoun,"City of Battle Creek, Precinct 6",Governor,,DEM,Ballots Cast,472
Calhoun,"City of Battle Creek, Precinct 7",Governor,,DEM,Christopher Robert Swanson,27
Calhoun,"City of Battle Creek, Precinct 7",Governor,,DEM,Jocelyn Benson,190
Calhoun,"City of Battle Creek, Precinct 7",Governor,,DEM,Write-In,1
Calhoun,"City of Battle Creek, Precinct 7",Governor,,DEM,Ballots Cast,218
Calhoun,"City of Battle Creek, Precinct 8",Governor,,DEM,Christopher Robert Swanson,66
Calhoun,"City of Battle Creek, Precinct 8",Governor,,DEM,Jocelyn Benson,433
Calhoun,"City of Battle Creek, Precinct 8",Governor,,DEM,Write-In,2
Calhoun,"City of Battle Creek, Precinct 8",Governor,,DEM,Ballots Cast,501
Calhoun,"City of Battle Creek, Precinct 9",Governor,,DEM,Christopher Robert Swanson,46
Calhoun,"City of Battle Creek, Precinct 9",Governor,,DEM,Jocelyn Benson,248
Calhoun,"City of Battle Creek, Precinct 9",Governor,,DEM,Write-In,1
Calhoun,"City of Battle Creek, Precinct 9",Governor,,DEM,Ballots Cast,295
Calhoun,"City of Marshall, Precinct 1",Governor,,DEM,Christopher Robert Swanson,82
Calhoun,"City of Marshall, Precinct 1",Governor,,DEM,Jocelyn Benson,464
Calhoun,"City of Marshall, Precinct 1",Governor,,DEM,Write-In,2
Calhoun,"City of Marshall, Precinct 1",Governor,,DEM,Ballots Cast,548
Calhoun,"City of Marshall, Precinct 2",Governor,,DEM,Christopher Robert Swanson,63
Calhoun,"City of Marshall, Precinct 2",Governor,,DEM,Jocelyn Benson,496
Calhoun,"City of Marshall, Precinct 2",Governor,,DEM,Write-In,1
Calhoun,"City of Marshall, Precinct 2",Governor,,DEM,Ballots Cast,560
Calhoun,"City of Springfield, Precinct 1",Governor,,DEM,Christopher Robert Swanson,75
Calhoun,"City of Springfield, Precinct 1",Governor,,DEM,Jocelyn Benson,285
Calhoun,"City of Springfield, Precinct 1",Governor,,DEM,Write-In,1
Calhoun,"City of Springfield, Precinct 1",Governor,,DEM,Ballots Cast,361
Calhoun,"Clarence Township, Precinct 1",Governor,,DEM,Christopher Robert Swanson,26
Calhoun,"Clarence Township, Precinct 1",Governor,,DEM,Jocelyn Benson,139
Calhoun,"Clarence Township, Precinct 1",Governor,,DEM,Ballots Cast,165
Calhoun,"Clarendon Township, Precinct 1",Governor,,DEM,Christopher Robert Swanson,10
Calhoun,"Clarendon Township, Precinct 1",Governor,,DEM,Jocelyn Benson,53
Calhoun,"Clarendon Township, Precinct 1",Governor,,DEM,Ballots Cast,63
Calhoun,"Convis Township, Precinct 1",Governor,,DEM,Christopher Robert Swanson,17
Calhoun,"Convis Township, Precinct 1",Governor,,DEM,Jocelyn Benson,108
Calhoun,"Convis Township, Precinct 1",Governor,,DEM,Write-In,1
Calhoun,"Convis Township, Precinct 1",Governor,,DEM,Ballots Cast,126
Calhoun,"Eckford Township, Precinct 1",Governor,,DEM,Christopher Robert Swanson,26
Calhoun,"Eckford Township, Precinct 1",Governor,,DEM,Jocelyn Benson,94
Calhoun,"Eckford Township, Precinct 1",Governor,,DEM,Ballots Cast,120
Calhoun,"Emmett Charter Township, Precinct 1",Governor,,DEM,Christopher Robert Swanson,31
Calhoun,"Emmett Charter Township, Precinct 1",Governor,,DEM,Jocelyn Benson,142
Calhoun,"Emmett Charter Township, Precinct 1",Governor,,DEM,Ballots Cast,173
Calhoun,"Emmett Charter Township, Precinct 2",Governor,,DEM,Christopher Robert Swanson,39
Calhoun,"Emmett Charter Township, Precinct 2",Governor,,DEM,Jocelyn Benson,272
Calhoun,"Emmett Charter Township, Precinct 2",Governor,,DEM,Write-In,1
Calhoun,"Emmett Charter Township, Precinct 2",Governor,,DEM,Ballots Cast,312
Calhoun,"Emmett Charter Township, Precinct 3",Governor,,DEM,Christopher Robert Swanson,45
Calhoun,"Emmett Charter Township, Precinct 3",Governor,,DEM,Jocelyn Benson,206
Calhoun,"Emmett Charter Township, Precinct 3",Governor,,DEM,Write-In,1
Calhoun,"Emmett Charter Township, Precinct 3",Governor,,DEM,Ballots Cast,252
Calhoun,"Emmett Charter Township, Precinct 4",Governor,,DEM,Christopher Robert Swanson,74
Calhoun,"Emmett Charter Township, Precinct 4",Governor,,DEM,Jocelyn Benson,356
Calhoun,"Emmett Charter Township, Precinct 4",Governor,,DEM,Write-In,1
Calhoun,"Emmett Charter Township, Precinct 4",Governor,,DEM,Ballots Cast,431
Calhoun,"Fredonia Township, Precinct 1",Governor,,DEM,Christopher Robert Swanson,29
Calhoun,"Fredonia Township, Precinct 1",Governor,,DEM,Jocelyn Benson,143
Calhoun,"Fredonia Township, Precinct 1",Governor,,DEM,Ballots Cast,172
Calhoun,"Homer Township, Precinct 1",Governor,,DEM,Christopher Robert Swanson,30
Calhoun,"Homer Township, Precinct 1",Governor,,DEM,Jocelyn Benson,124
Calhoun,"Homer Township, Precinct 1",Governor,,DEM,Write-In,1
Calhoun,"Homer Township, Precinct 1",Governor,,DEM,Ballots Cast,155
Calhoun,"Lee Township, Precinct 1",Governor,,DEM,Christopher Robert Swanson,11
Calhoun,"Lee Township, Precinct 1",Governor,,DEM,Jocelyn Benson,60
Calhoun,"Lee Township, Precinct 1",Governor,,DEM,Ballots Cast,71
Calhoun,"Leroy Township, Precinct 1",Governor,,DEM,Christopher Robert Swanson,68
Calhoun,"Leroy Township, Precinct 1",Governor,,DEM,Jocelyn Benson,422
Calhoun,"Leroy Township, Precinct 1",Governor,,DEM,Ballots Cast,490
Calhoun,"Marengo Township, Precinct 1",Governor,,DEM,Christopher Robert Swanson,37
Calhoun,"Marengo Township, Precinct 1",Governor,,DEM,Jocelyn Benson,154
Calhoun,"Marengo Township, Precinct 1",Governor,,DEM,Ballots Cast,191
Calhoun,"Marshall Township, Precinct 1",Governor,,DEM,Christopher Robert Swanson,43
Calhoun,"Marshall Township, Precinct 1",Governor,,DEM,Jocelyn Benson,344
Calhoun,"Marshall Township, Precinct 1",Governor,,DEM,Write-In,2
Calhoun,"Marshall Township, Precinct 1",Governor,,DEM,Ballots Cast,389
Calhoun,"Newton Township, Precinct 1",Governor,,DEM,Christopher Robert Swanson,39
Calhoun,"Newton Township, Precinct 1",Governor,,DEM,Jocelyn Benson,251
Calhoun,"Newton Township, Precinct 1",Governor,,DEM,Ballots Cast,290
Calhoun,"Pennfield Charter Township, Precinct 2",Governor,,DEM,Christopher Robert Swanson,66
Calhoun,"Pennfield Charter Township, Precinct 2",Governor,,DEM,Jocelyn Benson,423
Calhoun,"Pennfield Charter Township, Precinct 2",Governor,,DEM,Write-In,3
Calhoun,"Pennfield Charter Township, Precinct 2",Governor,,DEM,Ballots Cast,492
Calhoun,"Pennfield Charter Township, Precinct 3",Governor,,DEM,Christopher Robert Swanson,56
Calhoun,"Pennfield Charter Township, Precinct 3",Governor,,DEM,Jocelyn Benson,369
Calhoun,"Pennfield Charter Township, Precinct 3",Governor,,DEM,Write-In,2
Calhoun,"Pennfield Charter Township, Precinct 3",Governor,,DEM,Ballots Cast,427
Calhoun,"Sheridan Township, Precinct 1",Governor,,DEM,Christopher Robert Swanson,24
Calhoun,"Sheridan Township, Precinct 1",Governor,,DEM,Jocelyn Benson,123
Calhoun,"Sheridan Township, Precinct 1",Governor,,DEM,Ballots Cast,147
Calhoun,"Tekonsha Township, Precinct 1",Governor,,DEM,Christopher Robert Swanson,18
Calhoun,"Tekonsha Township, Precinct 1",Governor,,DEM,Jocelyn Benson,97
Calhoun,"Tekonsha Township, Precinct 1",Governor,,DEM,Ballots Cast,115
Calhoun,"Albion Township, Precinct 1",U.S. Senate,,DEM,Abdul El-Sayed,38
Calhoun,"Albion Township, Precinct 1",U.S. Senate,,DEM,Haley Stevens,58
Calhoun,"Albion Township, Precinct 1",U.S. Senate,,DEM,Mallory McMorrow,5
Calhoun,"Albion Township, Precinct 1",U.S. Senate,,DEM,Ballots Cast,101
Calhoun,"Athens Township, Precinct 1",U.S. Senate,,DEM,Abdul El-Sayed,75
Calhoun,"Athens Township, Precinct 1",U.S. Senate,,DEM,Haley Stevens,109
Calhoun,"Athens Township, Precinct 1",U.S. Senate,,DEM,Mallory McMorrow,10
Calhoun,"Athens Township, Precinct 1",U.S. Senate,,DEM,Ballots Cast,194
Calhoun,"Bedford Charter Township, Precinct 1",U.S. Senate,,DEM,Abdul El-Sayed,125
Calhoun,"Bedford Charter Township, Precinct 1",U.S. Senate,,DEM,Haley Stevens,129
Calhoun,"Bedford Charter Township, Precinct 1",U.S. Senate,,DEM,Mallory McMorrow,17
Calhoun,"Bedford Charter Township, Precinct 1",U.S. Senate,,DEM,Ballots Cast,271
Calhoun,"Bedford Charter Township, Precinct 2",U.S. Senate,,DEM,Abdul El-Sayed,117
Calhoun,"Bedford Charter Township, Precinct 2",U.S. Senate,,DEM,Haley Stevens,139
Calhoun,"Bedford Charter Township, Precinct 2",U.S. Senate,,DEM,Mallory McMorrow,19
Calhoun,"Bedford Charter Township, Precinct 2",U.S. Senate,,DEM,Ballots Cast,275
Calhoun,"Bedford Charter Township, Precinct 3",U.S. Senate,,DEM,Abdul El-Sayed,166
Calhoun,"Bedford Charter Township, Precinct 3",U.S. Senate,,DEM,Haley Stevens,250
Calhoun,"Bedford Charter Township, Precinct 3",U.S. Senate,,DEM,Mallory McMorrow,17
Calhoun,"Bedford Charter Township, Precinct 3",U.S. Senate,,DEM,Ballots Cast,433
Calhoun,"Burlington Township, Precinct 1",U.S. Senate,,DEM,Abdul El-Sayed,54
Calhoun,"Burlington Township, Precinct 1",U.S. Senate,,DEM,Haley Stevens,76
Calhoun,"Burlington Township, Precinct 1",U.S. Senate,,DEM,Mallory McMorrow,12
Calhoun,"Burlington Township, Precinct 1",U.S. Senate,,DEM,Ballots Cast,142
Calhoun,"City of Albion, Precinct 1",U.S. Senate,,DEM,Abdul El-Sayed,63
Calhoun,"City of Albion, Precinct 1",U.S. Senate,,DEM,Haley Stevens,78
Calhoun,"City of Albion, Precinct 1",U.S. Senate,,DEM,Mallory McMorrow,11
Calhoun,"City of Albion, Precinct 1",U.S. Senate,,DEM,Ballots Cast,152
Calhoun,"City of Albion, Precinct 2",U.S. Senate,,DEM,Abdul El-Sayed,48
Calhoun,"City of Albion, Precinct 2",U.S. Senate,,DEM,Haley Stevens,63
Calhoun,"City of Albion, Precinct 2",U.S. Senate,,DEM,Mallory McMorrow,8
Calhoun,"City of Albion, Precinct 2",U.S. Senate,,DEM,Ballots Cast,119
Calhoun,"City of Albion, Precinct 3",U.S. Senate,,DEM,Abdul El-Sayed,84
Calhoun,"City of Albion, Precinct 3",U.S. Senate,,DEM,Haley Stevens,113
Calhoun,"City of Albion, Precinct 3",U.S. Senate,,DEM,Mallory McMorrow,5
Calhoun,"City of Albion, Precinct 3",U.S. Senate,,DEM,Ballots Cast,202
Calhoun,"City of Albion, Precinct 4",U.S. Senate,,DEM,Abdul El-Sayed,44
Calhoun,"City of Albion, Precinct 4",U.S. Senate,,DEM,Haley Stevens,51
Calhoun,"City of Albion, Precinct 4",U.S. Senate,,DEM,Mallory McMorrow,8
Calhoun,"City of Albion, Precinct 4",U.S. Senate,,DEM,Ballots Cast,103
Calhoun,"City of Albion, Precinct 5",U.S. Senate,,DEM,Abdul El-Sayed,83
Calhoun,"City of Albion, Precinct 5",U.S. Senate,,DEM,Haley Stevens,115
Calhoun,"City of Albion, Precinct 5",U.S. Senate,,DEM,Mallory McMorrow,11
Calhoun,"City of Albion, Precinct 5",U.S. Senate,,DEM,Ballots Cast,209
Calhoun,"City of Albion, Precinct 6",U.S. Senate,,DEM,Abdul El-Sayed,68
Calhoun,"City of Albion, Precinct 6",U.S. Senate,,DEM,Haley Stevens,54
Calhoun,"City of Albion, Precinct 6",U.S. Senate,,DEM,Mallory McMorrow,7
Calhoun,"City of Albion, Precinct 6",U.S. Senate,,DEM,Ballots Cast,129
Calhoun,"City of Battle Creek, Precinct 1",U.S. Senate,,DEM,Abdul El-Sayed,67
Calhoun,"City of Battle Creek, Precinct 1",U.S. Senate,,DEM,Haley Stevens,64
Calhoun,"City of Battle Creek, Precinct 1",U.S. Senate,,DEM,Mallory McMorrow,5
Calhoun,"City of Battle Creek, Precinct 1",U.S. Senate,,DEM,Ballots Cast,136
Calhoun,"City of Battle Creek, Precinct 10",U.S. Senate,,DEM,Abdul El-Sayed,312
Calhoun,"City of Battle Creek, Precinct 10",U.S. Senate,,DEM,Haley Stevens,241
Calhoun,"City of Battle Creek, Precinct 10",U.S. Senate,,DEM,Mallory McMorrow,29
Calhoun,"City of Battle Creek, Precinct 10",U.S. Senate,,DEM,Write-In,1
Calhoun,"City of Battle Creek, Precinct 10",U.S. Senate,,DEM,Ballots Cast,583
Calhoun,"City of Battle Creek, Precinct 11",U.S. Senate,,DEM,Abdul El-Sayed,152
Calhoun,"City of Battle Creek, Precinct 11",U.S. Senate,,DEM,Haley Stevens,130
Calhoun,"City of Battle Creek, Precinct 11",U.S. Senate,,DEM,Mallory McMorrow,24
Calhoun,"City of Battle Creek, Precinct 11",U.S. Senate,,DEM,Write-In,1
Calhoun,"City of Battle Creek, Precinct 11",U.S. Senate,,DEM,Ballots Cast,307
Calhoun,"City of Battle Creek, Precinct 12",U.S. Senate,,DEM,Abdul El-Sayed,181
Calhoun,"City of Battle Creek, Precinct 12",U.S. Senate,,DEM,Haley Stevens,266
Calhoun,"City of Battle Creek, Precinct 12",U.S. Senate,,DEM,Mallory McMorrow,18
Calhoun,"City of Battle Creek, Precinct 12",U.S. Senate,,DEM,Write-In,1
Calhoun,"City of Battle Creek, Precinct 12",U.S. Senate,,DEM,Ballots Cast,466
Calhoun,"City of Battle Creek, Precinct 13",U.S. Senate,,DEM,Abdul El-Sayed,180
Calhoun,"City of Battle Creek, Precinct 13",U.S. Senate,,DEM,Haley Stevens,173
Calhoun,"City of Battle Creek, Precinct 13",U.S. Senate,,DEM,Mallory McMorrow,18
Calhoun,"City of Battle Creek, Precinct 13",U.S. Senate,,DEM,Write-In,3
Calhoun,"City of Battle Creek, Precinct 13",U.S. Senate,,DEM,Ballots Cast,374
Calhoun,"City of Battle Creek, Precinct 2",U.S. Senate,,DEM,Abdul El-Sayed,189
Calhoun,"City of Battle Creek, Precinct 2",U.S. Senate,,DEM,Haley Stevens,100
Calhoun,"City of Battle Creek, Precinct 2",U.S. Senate,,DEM,Mallory McMorrow,12
Calhoun,"City of Battle Creek, Precinct 2",U.S. Senate,,DEM,Ballots Cast,301
Calhoun,"City of Battle Creek, Precinct 3",U.S. Senate,,DEM,Abdul El-Sayed,156
Calhoun,"City of Battle Creek, Precinct 3",U.S. Senate,,DEM,Haley Stevens,155
Calhoun,"City of Battle Creek, Precinct 3",U.S. Senate,,DEM,Mallory McMorrow,14
Calhoun,"City of Battle Creek, Precinct 3",U.S. Senate,,DEM,Ballots Cast,325
Calhoun,"City of Battle Creek, Precinct 4",U.S. Senate,,DEM,Abdul El-Sayed,220
Calhoun,"City of Battle Creek, Precinct 4",U.S. Senate,,DEM,Haley Stevens,220
Calhoun,"City of Battle Creek, Precinct 4",U.S. Senate,,DEM,Mallory McMorrow,37
Calhoun,"City of Battle Creek, Precinct 4",U.S. Senate,,DEM,Ballots Cast,477
Calhoun,"City of Battle Creek, Precinct 5",U.S. Senate,,DEM,Abdul El-Sayed,306
Calhoun,"City of Battle Creek, Precinct 5",U.S. Senate,,DEM,Haley Stevens,348
Calhoun,"City of Battle Creek, Precinct 5",U.S. Senate,,DEM,Mallory McMorrow,48
Calhoun,"City of Battle Creek, Precinct 5",U.S. Senate,,DEM,Ballots Cast,702
Calhoun,"City of Battle Creek, Precinct 6",U.S. Senate,,DEM,Abdul El-Sayed,213
Calhoun,"City of Battle Creek, Precinct 6",U.S. Senate,,DEM,Haley Stevens,246
Calhoun,"City of Battle Creek, Precinct 6",U.S. Senate,,DEM,Mallory McMorrow,14
Calhoun,"City of Battle Creek, Precinct 6",U.S. Senate,,DEM,Ballots Cast,473
Calhoun,"City of Battle Creek, Precinct 7",U.S. Senate,,DEM,Abdul El-Sayed,113
Calhoun,"City of Battle Creek, Precinct 7",U.S. Senate,,DEM,Haley Stevens,97
Calhoun,"City of Battle Creek, Precinct 7",U.S. Senate,,DEM,Mallory McMorrow,10
Calhoun,"City of Battle Creek, Precinct 7",U.S. Senate,,DEM,Ballots Cast,220
Calhoun,"City of Battle Creek, Precinct 8",U.S. Senate,,DEM,Abdul El-Sayed,244
Calhoun,"City of Battle Creek, Precinct 8",U.S. Senate,,DEM,Haley Stevens,243
Calhoun,"City of Battle Creek, Precinct 8",U.S. Senate,,DEM,Mallory McMorrow,16
Calhoun,"City of Battle Creek, Precinct 8",U.S. Senate,,DEM,Ballots Cast,503
Calhoun,"City of Battle Creek, Precinct 9",U.S. Senate,,DEM,Abdul El-Sayed,166
Calhoun,"City of Battle Creek, Precinct 9",U.S. Senate,,DEM,Haley Stevens,116
Calhoun,"City of Battle Creek, Precinct 9",U.S. Senate,,DEM,Mallory McMorrow,13
Calhoun,"City of Battle Creek, Precinct 9",U.S. Senate,,DEM,Write-In,1
Calhoun,"City of Battle Creek, Precinct 9",U.S. Senate,,DEM,Ballots Cast,296
Calhoun,"City of Marshall, Precinct 1",U.S. Senate,,DEM,Abdul El-Sayed,300
Calhoun,"City of Marshall, Precinct 1",U.S. Senate,,DEM,Haley Stevens,219
Calhoun,"City of Marshall, Precinct 1",U.S. Senate,,DEM,Mallory McMorrow,31
Calhoun,"City of Marshall, Precinct 1",U.S. Senate,,DEM,Ballots Cast,550
Calhoun,"City of Marshall, Precinct 2",U.S. Senate,,DEM,Abdul El-Sayed,271
Calhoun,"City of Marshall, Precinct 2",U.S. Senate,,DEM,Haley Stevens,263
Calhoun,"City of Marshall, Precinct 2",U.S. Senate,,DEM,Mallory McMorrow,31
Calhoun,"City of Marshall, Precinct 2",U.S. Senate,,DEM,Write-In,1
Calhoun,"City of Marshall, Precinct 2",U.S. Senate,,DEM,Ballots Cast,566
Calhoun,"City of Springfield, Precinct 1",U.S. Senate,,DEM,Abdul El-Sayed,204
Calhoun,"City of Springfield, Precinct 1",U.S. Senate,,DEM,Haley Stevens,135
Calhoun,"City of Springfield, Precinct 1",U.S. Senate,,DEM,Mallory McMorrow,32
Calhoun,"City of Springfield, Precinct 1",U.S. Senate,,DEM,Write-In,1
Calhoun,"City of Springfield, Precinct 1",U.S. Senate,,DEM,Ballots Cast,372
Calhoun,"Clarence Township, Precinct 1",U.S. Senate,,DEM,Abdul El-Sayed,67
Calhoun,"Clarence Township, Precinct 1",U.S. Senate,,DEM,Haley Stevens,91
Calhoun,"Clarence Township, Precinct 1",U.S. Senate,,DEM,Mallory McMorrow,11
Calhoun,"Clarence Township, Precinct 1",U.S. Senate,,DEM,Ballots Cast,169
Calhoun,"Clarendon Township, Precinct 1",U.S. Senate,,DEM,Abdul El-Sayed,20
Calhoun,"Clarendon Township, Precinct 1",U.S. Senate,,DEM,Haley Stevens,41
Calhoun,"Clarendon Township, Precinct 1",U.S. Senate,,DEM,Mallory McMorrow,3
Calhoun,"Clarendon Township, Precinct 1",U.S. Senate,,DEM,Ballots Cast,64
Calhoun,"Convis Township, Precinct 1",U.S. Senate,,DEM,Abdul El-Sayed,50
Calhoun,"Convis Township, Precinct 1",U.S. Senate,,DEM,Haley Stevens,70
Calhoun,"Convis Township, Precinct 1",U.S. Senate,,DEM,Mallory McMorrow,6
Calhoun,"Convis Township, Precinct 1",U.S. Senate,,DEM,Ballots Cast,126
Calhoun,"Eckford Township, Precinct 1",U.S. Senate,,DEM,Abdul El-Sayed,38
Calhoun,"Eckford Township, Precinct 1",U.S. Senate,,DEM,Haley Stevens,71
Calhoun,"Eckford Township, Precinct 1",U.S. Senate,,DEM,Mallory McMorrow,10
Calhoun,"Eckford Township, Precinct 1",U.S. Senate,,DEM,Ballots Cast,119
Calhoun,"Emmett Charter Township, Precinct 1",U.S. Senate,,DEM,Abdul El-Sayed,88
Calhoun,"Emmett Charter Township, Precinct 1",U.S. Senate,,DEM,Haley Stevens,81
Calhoun,"Emmett Charter Township, Precinct 1",U.S. Senate,,DEM,Mallory McMorrow,7
Calhoun,"Emmett Charter Township, Precinct 1",U.S. Senate,,DEM,Ballots Cast,176
Calhoun,"Emmett Charter Township, Precinct 2",U.S. Senate,,DEM,Abdul El-Sayed,161
Calhoun,"Emmett Charter Township, Precinct 2",U.S. Senate,,DEM,Haley Stevens,138
Calhoun,"Emmett Charter Township, Precinct 2",U.S. Senate,,DEM,Mallory McMorrow,17
Calhoun,"Emmett Charter Township, Precinct 2",U.S. Senate,,DEM,Ballots Cast,316
Calhoun,"Emmett Charter Township, Precinct 3",U.S. Senate,,DEM,Abdul El-Sayed,134
Calhoun,"Emmett Charter Township, Precinct 3",U.S. Senate,,DEM,Haley Stevens,106
Calhoun,"Emmett Charter Township, Precinct 3",U.S. Senate,,DEM,Mallory McMorrow,16
Calhoun,"Emmett Charter Township, Precinct 3",U.S. Senate,,DEM,Ballots Cast,256
Calhoun,"Emmett Charter Township, Precinct 4",U.S. Senate,,DEM,Abdul El-Sayed,183
Calhoun,"Emmett Charter Township, Precinct 4",U.S. Senate,,DEM,Haley Stevens,228
Calhoun,"Emmett Charter Township, Precinct 4",U.S. Senate,,DEM,Mallory McMorrow,23
Calhoun,"Emmett Charter Township, Precinct 4",U.S. Senate,,DEM,Ballots Cast,434
Calhoun,"Fredonia Township, Precinct 1",U.S. Senate,,DEM,Abdul El-Sayed,75
Calhoun,"Fredonia Township, Precinct 1",U.S. Senate,,DEM,Haley Stevens,88
Calhoun,"Fredonia Township, Precinct 1",U.S. Senate,,DEM,Mallory McMorrow,9
Calhoun,"Fredonia Township, Precinct 1",U.S. Senate,,DEM,Ballots Cast,172
Calhoun,"Homer Township, Precinct 1",U.S. Senate,,DEM,Abdul El-Sayed,79
Calhoun,"Homer Township, Precinct 1",U.S. Senate,,DEM,Haley Stevens,70
Calhoun,"Homer Township, Precinct 1",U.S. Senate,,DEM,Mallory McMorrow,7
Calhoun,"Homer Township, Precinct 1",U.S. Senate,,DEM,Ballots Cast,156
Calhoun,"Lee Township, Precinct 1",U.S. Senate,,DEM,Abdul El-Sayed,25
Calhoun,"Lee Township, Precinct 1",U.S. Senate,,DEM,Haley Stevens,45
Calhoun,"Lee Township, Precinct 1",U.S. Senate,,DEM,Mallory McMorrow,2
Calhoun,"Lee Township, Precinct 1",U.S. Senate,,DEM,Ballots Cast,72
Calhoun,"Leroy Township, Precinct 1",U.S. Senate,,DEM,Abdul El-Sayed,188
Calhoun,"Leroy Township, Precinct 1",U.S. Senate,,DEM,Haley Stevens,271
Calhoun,"Leroy Township, Precinct 1",U.S. Senate,,DEM,Mallory McMorrow,37
Calhoun,"Leroy Township, Precinct 1",U.S. Senate,,DEM,Write-In,1
Calhoun,"Leroy Township, Precinct 1",U.S. Senate,,DEM,Ballots Cast,497
Calhoun,"Marengo Township, Precinct 1",U.S. Senate,,DEM,Abdul El-Sayed,70
Calhoun,"Marengo Township, Precinct 1",U.S. Senate,,DEM,Haley Stevens,111
Calhoun,"Marengo Township, Precinct 1",U.S. Senate,,DEM,Mallory McMorrow,14
Calhoun,"Marengo Township, Precinct 1",U.S. Senate,,DEM,Ballots Cast,195
Calhoun,"Marshall Township, Precinct 1",U.S. Senate,,DEM,Abdul El-Sayed,154
Calhoun,"Marshall Township, Precinct 1",U.S. Senate,,DEM,Haley Stevens,221
Calhoun,"Marshall Township, Precinct 1",U.S. Senate,,DEM,Mallory McMorrow,12
Calhoun,"Marshall Township, Precinct 1",U.S. Senate,,DEM,Write-In,1
Calhoun,"Marshall Township, Precinct 1",U.S. Senate,,DEM,Ballots Cast,388
Calhoun,"Newton Township, Precinct 1",U.S. Senate,,DEM,Abdul El-Sayed,113
Calhoun,"Newton Township, Precinct 1",U.S. Senate,,DEM,Haley Stevens,164
Calhoun,"Newton Township, Precinct 1",U.S. Senate,,DEM,Mallory McMorrow,14
Calhoun,"Newton Township, Precinct 1",U.S. Senate,,DEM,Ballots Cast,291
Calhoun,"Pennfield Charter Township, Precinct 2",U.S. Senate,,DEM,Abdul El-Sayed,235
Calhoun,"Pennfield Charter Township, Precinct 2",U.S. Senate,,DEM,Haley Stevens,238
Calhoun,"Pennfield Charter Township, Precinct 2",U.S. Senate,,DEM,Mallory McMorrow,25
Calhoun,"Pennfield Charter Township, Precinct 2",U.S. Senate,,DEM,Ballots Cast,498
Calhoun,"Pennfield Charter Township, Precinct 3",U.S. Senate,,DEM,Abdul El-Sayed,169
Calhoun,"Pennfield Charter Township, Precinct 3",U.S. Senate,,DEM,Haley Stevens,245
Calhoun,"Pennfield Charter Township, Precinct 3",U.S. Senate,,DEM,Mallory McMorrow,20
Calhoun,"Pennfield Charter Township, Precinct 3",U.S. Senate,,DEM,Ballots Cast,434
Calhoun,"Sheridan Township, Precinct 1",U.S. Senate,,DEM,Abdul El-Sayed,76
Calhoun,"Sheridan Township, Precinct 1",U.S. Senate,,DEM,Haley Stevens,67
Calhoun,"Sheridan Township, Precinct 1",U.S. Senate,,DEM,Mallory McMorrow,7
Calhoun,"Sheridan Township, Precinct 1",U.S. Senate,,DEM,Ballots Cast,150
Calhoun,"Tekonsha Township, Precinct 1",U.S. Senate,,DEM,Abdul El-Sayed,42
Calhoun,"Tekonsha Township, Precinct 1",U.S. Senate,,DEM,Haley Stevens,69
Calhoun,"Tekonsha Township, Precinct 1",U.S. Senate,,DEM,Mallory McMorrow,7
Calhoun,"Tekonsha Township, Precinct 1",U.S. Senate,,DEM,Ballots Cast,118
Calhoun,"Bedford Charter Township, Precinct 1",U.S. House,4,DEM,Diop Harris II,93
Calhoun,"Bedford Charter Township, Precinct 1",U.S. House,4,DEM,Sean McCann,163
Calhoun,"Bedford Charter Township, Precinct 1",U.S. House,4,DEM,Write-In,1
Calhoun,"Bedford Charter Township, Precinct 1",U.S. House,4,DEM,Ballots Cast,257
Calhoun,"Bedford Charter Township, Precinct 2",U.S. House,4,DEM,Diop Harris II,105
Calhoun,"Bedford Charter Township, Precinct 2",U.S. House,4,DEM,Sean McCann,163
Calhoun,"Bedford Charter Township, Precinct 2",U.S. House,4,DEM,Ballots Cast,268
Calhoun,"Bedford Charter Township, Precinct 3",U.S. House,4,DEM,Diop Harris II,235
Calhoun,"Bedford Charter Township, Precinct 3",U.S. House,4,DEM,Sean McCann,180
Calhoun,"Bedford Charter Township, Precinct 3",U.S. House,4,DEM,Write-In,1
Calhoun,"Bedford Charter Township, Precinct 3",U.S. House,4,DEM,Ballots Cast,416
Calhoun,"City of Battle Creek, Precinct 1",U.S. House,4,DEM,Diop Harris II,91
Calhoun,"City of Battle Creek, Precinct 1",U.S. House,4,DEM,Sean McCann,44
Calhoun,"City of Battle Creek, Precinct 1",U.S. House,4,DEM,Write-In,1
Calhoun,"City of Battle Creek, Precinct 1",U.S. House,4,DEM,Ballots Cast,136
Calhoun,"City of Battle Creek, Precinct 10",U.S. House,4,DEM,Diop Harris II,371
Calhoun,"City of Battle Creek, Precinct 10",U.S. House,4,DEM,Sean McCann,199
Calhoun,"City of Battle Creek, Precinct 10",U.S. House,4,DEM,Ballots Cast,570
Calhoun,"City of Battle Creek, Precinct 11",U.S. House,4,DEM,Diop Harris II,162
Calhoun,"City of Battle Creek, Precinct 11",U.S. House,4,DEM,Sean McCann,126
Calhoun,"City of Battle Creek, Precinct 11",U.S. House,4,DEM,Write-In,1
Calhoun,"City of Battle Creek, Precinct 11",U.S. House,4,DEM,Ballots Cast,289
Calhoun,"City of Battle Creek, Precinct 12",U.S. House,4,DEM,Diop Harris II,299
Calhoun,"City of Battle Creek, Precinct 12",U.S. House,4,DEM,Sean McCann,151
Calhoun,"City of Battle Creek, Precinct 12",U.S. House,4,DEM,Write-In,3
Calhoun,"City of Battle Creek, Precinct 12",U.S. House,4,DEM,Ballots Cast,453
Calhoun,"City of Battle Creek, Precinct 13",U.S. House,4,DEM,Diop Harris II,182
Calhoun,"City of Battle Creek, Precinct 13",U.S. House,4,DEM,Sean McCann,175
Calhoun,"City of Battle Creek, Precinct 13",U.S. House,4,DEM,Write-In,1
Calhoun,"City of Battle Creek, Precinct 13",U.S. House,4,DEM,Ballots Cast,358
Calhoun,"City of Battle Creek, Precinct 2",U.S. House,4,DEM,Diop Harris II,168
Calhoun,"City of Battle Creek, Precinct 2",U.S. House,4,DEM,Sean McCann,122
Calhoun,"City of Battle Creek, Precinct 2",U.S. House,4,DEM,Write-In,1
Calhoun,"City of Battle Creek, Precinct 2",U.S. House,4,DEM,Ballots Cast,291
Calhoun,"City of Battle Creek, Precinct 3",U.S. House,4,DEM,Diop Harris II,158
Calhoun,"City of Battle Creek, Precinct 3",U.S. House,4,DEM,Sean McCann,144
Calhoun,"City of Battle Creek, Precinct 3",U.S. House,4,DEM,Write-In,1
Calhoun,"City of Battle Creek, Precinct 3",U.S. House,4,DEM,Ballots Cast,303
Calhoun,"City of Battle Creek, Precinct 4",U.S. House,4,DEM,Diop Harris II,223
Calhoun,"City of Battle Creek, Precinct 4",U.S. House,4,DEM,Sean McCann,229
Calhoun,"City of Battle Creek, Precinct 4",U.S. House,4,DEM,Write-In,3
Calhoun,"City of Battle Creek, Precinct 4",U.S. House,4,DEM,Ballots Cast,455
Calhoun,"City of Battle Creek, Precinct 5",U.S. House,4,DEM,Diop Harris II,294
Calhoun,"City of Battle Creek, Precinct 5",U.S. House,4,DEM,Sean McCann,360
Calhoun,"City of Battle Creek, Precinct 5",U.S. House,4,DEM,Write-In,1
Calhoun,"City of Battle Creek, Precinct 5",U.S. House,4,DEM,Ballots Cast,655
Calhoun,"City of Battle Creek, Precinct 6",U.S. House,4,DEM,Diop Harris II,217
Calhoun,"City of Battle Creek, Precinct 6",U.S. House,4,DEM,Sean McCann,241
Calhoun,"City of Battle Creek, Precinct 6",U.S. House,4,DEM,Write-In,1
Calhoun,"City of Battle Creek, Precinct 6",U.S. House,4,DEM,Ballots Cast,459
Calhoun,"City of Battle Creek, Precinct 7",U.S. House,4,DEM,Diop Harris II,134
Calhoun,"City of Battle Creek, Precinct 7",U.S. House,4,DEM,Sean McCann,82
Calhoun,"City of Battle Creek, Precinct 7",U.S. House,4,DEM,Write-In,1
Calhoun,"City of Battle Creek, Precinct 7",U.S. House,4,DEM,Ballots Cast,217
Calhoun,"City of Battle Creek, Precinct 8",U.S. House,4,DEM,Diop Harris II,239
Calhoun,"City of Battle Creek, Precinct 8",U.S. House,4,DEM,Sean McCann,245
Calhoun,"City of Battle Creek, Precinct 8",U.S. House,4,DEM,Write-In,1
Calhoun,"City of Battle Creek, Precinct 8",U.S. House,4,DEM,Ballots Cast,485
Calhoun,"City of Battle Creek, Precinct 9",U.S. House,4,DEM,Diop Harris II,197
Calhoun,"City of Battle Creek, Precinct 9",U.S. House,4,DEM,Sean McCann,97
Calhoun,"City of Battle Creek, Precinct 9",U.S. House,4,DEM,Ballots Cast,294
Calhoun,"City of Springfield, Precinct 1",U.S. House,4,DEM,Diop Harris II,185
Calhoun,"City of Springfield, Precinct 1",U.S. House,4,DEM,Sean McCann,164
Calhoun,"City of Springfield, Precinct 1",U.S. House,4,DEM,Write-In,2
Calhoun,"City of Springfield, Precinct 1",U.S. House,4,DEM,Ballots Cast,351
Calhoun,"Emmett Charter Township, Precinct 1",U.S. House,4,DEM,Diop Harris II,77
Calhoun,"Emmett Charter Township, Precinct 1",U.S. House,4,DEM,Sean McCann,91
Calhoun,"Emmett Charter Township, Precinct 1",U.S. House,4,DEM,Ballots Cast,168
Calhoun,"Emmett Charter Township, Precinct 2",U.S. House,4,DEM,Diop Harris II,134
Calhoun,"Emmett Charter Township, Precinct 2",U.S. House,4,DEM,Sean McCann,152
Calhoun,"Emmett Charter Township, Precinct 2",U.S. House,4,DEM,Ballots Cast,286
Calhoun,"Emmett Charter Township, Precinct 3",U.S. House,4,DEM,Diop Harris II,122
Calhoun,"Emmett Charter Township, Precinct 3",U.S. House,4,DEM,Sean McCann,123
Calhoun,"Emmett Charter Township, Precinct 3",U.S. House,4,DEM,Ballots Cast,245
Calhoun,"Emmett Charter Township, Precinct 4",U.S. House,4,DEM,Diop Harris II,170
Calhoun,"Emmett Charter Township, Precinct 4",U.S. House,4,DEM,Sean McCann,227
Calhoun,"Emmett Charter Township, Precinct 4",U.S. House,4,DEM,Ballots Cast,397
Calhoun,"Pennfield Charter Township, Precinct 2",U.S. House,4,DEM,Diop Harris II,200
Calhoun,"Pennfield Charter Township, Precinct 2",U.S. House,4,DEM,Sean McCann,276
Calhoun,"Pennfield Charter Township, Precinct 2",U.S. House,4,DEM,Write-In,1
Calhoun,"Pennfield Charter Township, Precinct 2",U.S. House,4,DEM,Ballots Cast,477
Calhoun,"Pennfield Charter Township, Precinct 3",U.S. House,4,DEM,Diop Harris II,173
Calhoun,"Pennfield Charter Township, Precinct 3",U.S. House,4,DEM,Sean McCann,225
Calhoun,"Pennfield Charter Township, Precinct 3",U.S. House,4,DEM,Write-In,1
Calhoun,"Pennfield Charter Township, Precinct 3",U.S. House,4,DEM,Ballots Cast,399
Calhoun,"Albion Township, Precinct 1",U.S. House,5,DEM,Christian Vukasovich,84
Calhoun,"Albion Township, Precinct 1",U.S. House,5,DEM,Ballots Cast,84
Calhoun,"Athens Township, Precinct 1",U.S. House,5,DEM,Christian Vukasovich,163
Calhoun,"Athens Township, Precinct 1",U.S. House,5,DEM,Write-In,3
Calhoun,"Athens Township, Precinct 1",U.S. House,5,DEM,Ballots Cast,166
Calhoun,"Burlington Township, Precinct 1",U.S. House,5,DEM,Christian Vukasovich,124
Calhoun,"Burlington Township, Precinct 1",U.S. House,5,DEM,Ballots Cast,124
Calhoun,"City of Albion, Precinct 1",U.S. House,5,DEM,Christian Vukasovich,131
Calhoun,"City of Albion, Precinct 1",U.S. House,5,DEM,Write-In,6
Calhoun,"City of Albion, Precinct 1",U.S. House,5,DEM,Ballots Cast,137
Calhoun,"City of Albion, Precinct 2",U.S. House,5,DEM,Christian Vukasovich,102
Calhoun,"City of Albion, Precinct 2",U.S. House,5,DEM,Write-In,1
Calhoun,"City of Albion, Precinct 2",U.S. House,5,DEM,Ballots Cast,103
Calhoun,"City of Albion, Precinct 3",U.S. House,5,DEM,Christian Vukasovich,177
Calhoun,"City of Albion, Precinct 3",U.S. House,5,DEM,Write-In,1
Calhoun,"City of Albion, Precinct 3",U.S. House,5,DEM,Ballots Cast,178
Calhoun,"City of Albion, Precinct 4",U.S. House,5,DEM,Christian Vukasovich,92
Calhoun,"City of Albion, Precinct 4",U.S. House,5,DEM,Write-In,1
Calhoun,"City of Albion, Precinct 4",U.S. House,5,DEM,Ballots Cast,93
Calhoun,"City of Albion, Precinct 5",U.S. House,5,DEM,Christian Vukasovich,183
Calhoun,"City of Albion, Precinct 5",U.S. House,5,DEM,Ballots Cast,183
Calhoun,"City of Albion, Precinct 6",U.S. House,5,DEM,Christian Vukasovich,114
Calhoun,"City of Albion, Precinct 6",U.S. House,5,DEM,Write-In,1
Calhoun,"City of Albion, Precinct 6",U.S. House,5,DEM,Ballots Cast,115
Calhoun,"City of Marshall, Precinct 1",U.S. House,5,DEM,Christian Vukasovich,473
Calhoun,"City of Marshall, Precinct 1",U.S. House,5,DEM,Write-In,3
Calhoun,"City of Marshall, Precinct 1",U.S. House,5,DEM,Ballots Cast,476
Calhoun,"City of Marshall, Precinct 2",U.S. House,5,DEM,Christian Vukasovich,499
Calhoun,"City of Marshall, Precinct 2",U.S. House,5,DEM,Write-In,2
Calhoun,"City of Marshall, Precinct 2",U.S. House,5,DEM,Ballots Cast,501
Calhoun,"Clarence Township, Precinct 1",U.S. House,5,DEM,Christian Vukasovich,137
Calhoun,"Clarence Township, Precinct 1",U.S. House,5,DEM,Ballots Cast,137
Calhoun,"Clarendon Township, Precinct 1",U.S. House,5,DEM,Christian Vukasovich,53
Calhoun,"Clarendon Township, Precinct 1",U.S. House,5,DEM,Write-In,1
Calhoun,"Clarendon Township, Precinct 1",U.S. House,5,DEM,Ballots Cast,54
Calhoun,"Convis Township, Precinct 1",U.S. House,5,DEM,Christian Vukasovich,108
Calhoun,"Convis Township, Precinct 1",U.S. House,5,DEM,Ballots Cast,108
Calhoun,"Eckford Township, Precinct 1",U.S. House,5,DEM,Christian Vukasovich,90
Calhoun,"Eckford Township, Precinct 1",U.S. House,5,DEM,Ballots Cast,90
Calhoun,"Fredonia Township, Precinct 1",U.S. House,5,DEM,Christian Vukasovich,145
Calhoun,"Fredonia Township, Precinct 1",U.S. House,5,DEM,Ballots Cast,145
Calhoun,"Homer Township, Precinct 1",U.S. House,5,DEM,Christian Vukasovich,125
Calhoun,"Homer Township, Precinct 1",U.S. House,5,DEM,Write-In,2
Calhoun,"Homer Township, Precinct 1",U.S. House,5,DEM,Ballots Cast,127
Calhoun,"Lee Township, Precinct 1",U.S. House,5,DEM,Christian Vukasovich,62
Calhoun,"Lee Township, Precinct 1",U.S. House,5,DEM,Ballots Cast,62
Calhoun,"Leroy Township, Precinct 1",U.S. House,5,DEM,Christian Vukasovich,422
Calhoun,"Leroy Township, Precinct 1",U.S. House,5,DEM,Write-In,1
Calhoun,"Leroy Township, Precinct 1",U.S. House,5,DEM,Ballots Cast,423
Calhoun,"Marengo Township, Precinct 1",U.S. House,5,DEM,Christian Vukasovich,152
Calhoun,"Marengo Township, Precinct 1",U.S. House,5,DEM,Ballots Cast,152
Calhoun,"Marshall Township, Precinct 1",U.S. House,5,DEM,Christian Vukasovich,331
Calhoun,"Marshall Township, Precinct 1",U.S. House,5,DEM,Write-In,4
Calhoun,"Marshall Township, Precinct 1",U.S. House,5,DEM,Ballots Cast,335
Calhoun,"Newton Township, Precinct 1",U.S. House,5,DEM,Christian Vukasovich,246
Calhoun,"Newton Township, Precinct 1",U.S. House,5,DEM,Write-In,1
Calhoun,"Newton Township, Precinct 1",U.S. House,5,DEM,Ballots Cast,247
Calhoun,"Sheridan Township, Precinct 1",U.S. House,5,DEM,Christian Vukasovich,126
Calhoun,"Sheridan Township, Precinct 1",U.S. House,5,DEM,Ballots Cast,126
Calhoun,"Tekonsha Township, Precinct 1",U.S. House,5,DEM,Christian Vukasovich,98
Calhoun,"Tekonsha Township, Precinct 1",U.S. House,5,DEM,Ballots Cast,98
Calhoun,"Albion Township, Precinct 1",State Senate,17,DEM,Ashleigh Baker,53
Calhoun,"Albion Township, Precinct 1",State Senate,17,DEM,Brett Muchow,17
Calhoun,"Albion Township, Precinct 1",State Senate,17,DEM,Mike D. Jones,21
Calhoun,"Albion Township, Precinct 1",State Senate,17,DEM,Ballots Cast,91
Calhoun,"City of Albion, Precinct 1",State Senate,17,DEM,Ashleigh Baker,89
Calhoun,"City of Albion, Precinct 1",State Senate,17,DEM,Brett Muchow,7
Calhoun,"City of Albion, Precinct 1",State Senate,17,DEM,Mike D. Jones,43
Calhoun,"City of Albion, Precinct 1",State Senate,17,DEM,Write-In,3
Calhoun,"City of Albion, Precinct 1",State Senate,17,DEM,Ballots Cast,142
Calhoun,"City of Albion, Precinct 2",State Senate,17,DEM,Ashleigh Baker,62
Calhoun,"City of Albion, Precinct 2",State Senate,17,DEM,Brett Muchow,13
Calhoun,"City of Albion, Precinct 2",State Senate,17,DEM,Mike D. Jones,31
Calhoun,"City of Albion, Precinct 2",State Senate,17,DEM,Write-In,2
Calhoun,"City of Albion, Precinct 2",State Senate,17,DEM,Ballots Cast,108
Calhoun,"City of Albion, Precinct 3",State Senate,17,DEM,Ashleigh Baker,103
Calhoun,"City of Albion, Precinct 3",State Senate,17,DEM,Brett Muchow,38
Calhoun,"City of Albion, Precinct 3",State Senate,17,DEM,Mike D. Jones,39
Calhoun,"City of Albion, Precinct 3",State Senate,17,DEM,Write-In,1
Calhoun,"City of Albion, Precinct 3",State Senate,17,DEM,Ballots Cast,181
Calhoun,"City of Albion, Precinct 4",State Senate,17,DEM,Ashleigh Baker,61
Calhoun,"City of Albion, Precinct 4",State Senate,17,DEM,Brett Muchow,13
Calhoun,"City of Albion, Precinct 4",State Senate,17,DEM,Mike D. Jones,20
Calhoun,"City of Albion, Precinct 4",State Senate,17,DEM,Write-In,1
Calhoun,"City of Albion, Precinct 4",State Senate,17,DEM,Ballots Cast,95
Calhoun,"City of Albion, Precinct 5",State Senate,17,DEM,Ashleigh Baker,90
Calhoun,"City of Albion, Precinct 5",State Senate,17,DEM,Brett Muchow,30
Calhoun,"City of Albion, Precinct 5",State Senate,17,DEM,Mike D. Jones,66
Calhoun,"City of Albion, Precinct 5",State Senate,17,DEM,Ballots Cast,186
Calhoun,"City of Albion, Precinct 6",State Senate,17,DEM,Ashleigh Baker,62
Calhoun,"City of Albion, Precinct 6",State Senate,17,DEM,Brett Muchow,27
Calhoun,"City of Albion, Precinct 6",State Senate,17,DEM,Mike D. Jones,18
Calhoun,"City of Albion, Precinct 6",State Senate,17,DEM,Ballots Cast,107
Calhoun,"Clarence Township, Precinct 1",State Senate,17,DEM,Ashleigh Baker,68
Calhoun,"Clarence Township, Precinct 1",State Senate,17,DEM,Brett Muchow,33
Calhoun,"Clarence Township, Precinct 1",State Senate,17,DEM,Mike D. Jones,47
Calhoun,"Clarence Township, Precinct 1",State Senate,17,DEM,Ballots Cast,148
Calhoun,"Clarendon Township, Precinct 1",State Senate,17,DEM,Ashleigh Baker,34
Calhoun,"Clarendon Township, Precinct 1",State Senate,17,DEM,Brett Muchow,12
Calhoun,"Clarendon Township, Precinct 1",State Senate,17,DEM,Mike D. Jones,6
Calhoun,"Clarendon Township, Precinct 1",State Senate,17,DEM,Ballots Cast,52
Calhoun,"Eckford Township, Precinct 1",State Senate,17,DEM,Ashleigh Baker,63
Calhoun,"Eckford Township, Precinct 1",State Senate,17,DEM,Brett Muchow,16
Calhoun,"Eckford Township, Precinct 1",State Senate,17,DEM,Mike D. Jones,22
Calhoun,"Eckford Township, Precinct 1",State Senate,17,DEM,Ballots Cast,101
Calhoun,"Homer Township, Precinct 1",State Senate,17,DEM,Ashleigh Baker,69
Calhoun,"Homer Township, Precinct 1",State Senate,17,DEM,Brett Muchow,26
Calhoun,"Homer Township, Precinct 1",State Senate,17,DEM,Mike D. Jones,36
Calhoun,"Homer Township, Precinct 1",State Senate,17,DEM,Write-In,2
Calhoun,"Homer Township, Precinct 1",State Senate,17,DEM,Ballots Cast,133
Calhoun,"Lee Township, Precinct 1",State Senate,17,DEM,Ashleigh Baker,44
Calhoun,"Lee Township, Precinct 1",State Senate,17,DEM,Brett Muchow,11
Calhoun,"Lee Township, Precinct 1",State Senate,17,DEM,Mike D. Jones,7
Calhoun,"Lee Township, Precinct 1",State Senate,17,DEM,Ballots Cast,62
Calhoun,"Marengo Township, Precinct 1",State Senate,17,DEM,Ashleigh Baker,93
Calhoun,"Marengo Township, Precinct 1",State Senate,17,DEM,Brett Muchow,33
Calhoun,"Marengo Township, Precinct 1",State Senate,17,DEM,Mike D. Jones,38
Calhoun,"Marengo Township, Precinct 1",State Senate,17,DEM,Ballots Cast,164
Calhoun,"Sheridan Township, Precinct 1",State Senate,17,DEM,Ashleigh Baker,79
Calhoun,"Sheridan Township, Precinct 1",State Senate,17,DEM,Brett Muchow,22
Calhoun,"Sheridan Township, Precinct 1",State Senate,17,DEM,Mike D. Jones,31
Calhoun,"Sheridan Township, Precinct 1",State Senate,17,DEM,Ballots Cast,132
Calhoun,"Athens Township, Precinct 1",State Senate,18,DEM,Anthony Pennock,163
Calhoun,"Athens Township, Precinct 1",State Senate,18,DEM,Write-In,3
Calhoun,"Athens Township, Precinct 1",State Senate,18,DEM,Ballots Cast,166
Calhoun,"Bedford Charter Township, Precinct 1",State Senate,18,DEM,Anthony Pennock,244
Calhoun,"Bedford Charter Township, Precinct 1",State Senate,18,DEM,Write-In,1
Calhoun,"Bedford Charter Township, Precinct 1",State Senate,18,DEM,Ballots Cast,245
Calhoun,"Bedford Charter Township, Precinct 2",State Senate,18,DEM,Anthony Pennock,255
Calhoun,"Bedford Charter Township, Precinct 2",State Senate,18,DEM,Ballots Cast,255
Calhoun,"Bedford Charter Township, Precinct 3",State Senate,18,DEM,Anthony Pennock,397
Calhoun,"Bedford Charter Township, Precinct 3",State Senate,18,DEM,Write-In,1
Calhoun,"Bedford Charter Township, Precinct 3",State Senate,18,DEM,Ballots Cast,398
Calhoun,"Burlington Township, Precinct 1",State Senate,18,DEM,Anthony Pennock,124
Calhoun,"Burlington Township, Precinct 1",State Senate,18,DEM,Ballots Cast,124
Calhoun,"City of Battle Creek, Precinct 1",State Senate,18,DEM,Anthony Pennock,129
Calhoun,"City of Battle Creek, Precinct 1",State Senate,18,DEM,Write-In,3
Calhoun,"City of Battle Creek, Precinct 1",State Senate,18,DEM,Ballots Cast,132
Calhoun,"City of Battle Creek, Precinct 10",State Senate,18,DEM,Anthony Pennock,528
Calhoun,"City of Battle Creek, Precinct 10",State Senate,18,DEM,Write-In,3
Calhoun,"City of Battle Creek, Precinct 10",State Senate,18,DEM,Ballots Cast,531
Calhoun,"City of Battle Creek, Precinct 11",State Senate,18,DEM,Anthony Pennock,279
Calhoun,"City of Battle Creek, Precinct 11",State Senate,18,DEM,Write-In,3
Calhoun,"City of Battle Creek, Precinct 11",State Senate,18,DEM,Ballots Cast,282
Calhoun,"City of Battle Creek, Precinct 12",State Senate,18,DEM,Anthony Pennock,426
Calhoun,"City of Battle Creek, Precinct 12",State Senate,18,DEM,Write-In,10
Calhoun,"City of Battle Creek, Precinct 12",State Senate,18,DEM,Ballots Cast,436
Calhoun,"City of Battle Creek, Precinct 13",State Senate,18,DEM,Anthony Pennock,342
Calhoun,"City of Battle Creek, Precinct 13",State Senate,18,DEM,Write-In,2
Calhoun,"City of Battle Creek, Precinct 13",State Senate,18,DEM,Ballots Cast,344
Calhoun,"City of Battle Creek, Precinct 2",State Senate,18,DEM,Anthony Pennock,273
Calhoun,"City of Battle Creek, Precinct 2",State Senate,18,DEM,Write-In,3
Calhoun,"City of Battle Creek, Precinct 2",State Senate,18,DEM,Ballots Cast,276
Calhoun,"City of Battle Creek, Precinct 3",State Senate,18,DEM,Anthony Pennock,287
Calhoun,"City of Battle Creek, Precinct 3",State Senate,18,DEM,Write-In,2
Calhoun,"City of Battle Creek, Precinct 3",State Senate,18,DEM,Ballots Cast,289
Calhoun,"City of Battle Creek, Precinct 4",State Senate,18,DEM,Anthony Pennock,414
Calhoun,"City of Battle Creek, Precinct 4",State Senate,18,DEM,Write-In,6
Calhoun,"City of Battle Creek, Precinct 4",State Senate,18,DEM,Ballots Cast,420
Calhoun,"City of Battle Creek, Precinct 5",State Senate,18,DEM,Anthony Pennock,614
Calhoun,"City of Battle Creek, Precinct 5",State Senate,18,DEM,Write-In,3
Calhoun,"City of Battle Creek, Precinct 5",State Senate,18,DEM,Ballots Cast,617
Calhoun,"City of Battle Creek, Precinct 6",State Senate,18,DEM,Anthony Pennock,429
Calhoun,"City of Battle Creek, Precinct 6",State Senate,18,DEM,Write-In,3
Calhoun,"City of Battle Creek, Precinct 6",State Senate,18,DEM,Ballots Cast,432
Calhoun,"City of Battle Creek, Precinct 7",State Senate,18,DEM,Anthony Pennock,205
Calhoun,"City of Battle Creek, Precinct 7",State Senate,18,DEM,Write-In,3
Calhoun,"City of Battle Creek, Precinct 7",State Senate,18,DEM,Ballots Cast,208
Calhoun,"City of Battle Creek, Precinct 8",State Senate,18,DEM,Anthony Pennock,445
Calhoun,"City of Battle Creek, Precinct 8",State Senate,18,DEM,Write-In,4
Calhoun,"City of Battle Creek, Precinct 8",State Senate,18,DEM,Ballots Cast,449
Calhoun,"City of Battle Creek, Precinct 9",State Senate,18,DEM,Anthony Pennock,267
Calhoun,"City of Battle Creek, Precinct 9",State Senate,18,DEM,Write-In,2
Calhoun,"City of Battle Creek, Precinct 9",State Senate,18,DEM,Ballots Cast,269
Calhoun,"City of Marshall, Precinct 1",State Senate,18,DEM,Anthony Pennock,473
Calhoun,"City of Marshall, Precinct 1",State Senate,18,DEM,Write-In,3
Calhoun,"City of Marshall, Precinct 1",State Senate,18,DEM,Ballots Cast,476
Calhoun,"City of Marshall, Precinct 2",State Senate,18,DEM,Anthony Pennock,497
Calhoun,"City of Marshall, Precinct 2",State Senate,18,DEM,Write-In,1
Calhoun,"City of Marshall, Precinct 2",State Senate,18,DEM,Ballots Cast,498
Calhoun,"City of Springfield, Precinct 1",State Senate,18,DEM,Anthony Pennock,336
Calhoun,"City of Springfield, Precinct 1",State Senate,18,DEM,Write-In,4
Calhoun,"City of Springfield, Precinct 1",State Senate,18,DEM,Ballots Cast,340
Calhoun,"Convis Township, Precinct 1",State Senate,18,DEM,Anthony Pennock,108
Calhoun,"Convis Township, Precinct 1",State Senate,18,DEM,Write-In,2
Calhoun,"Convis Township, Precinct 1",State Senate,18,DEM,Ballots Cast,110
Calhoun,"Emmett Charter Township, Precinct 1",State Senate,18,DEM,Anthony Pennock,160
Calhoun,"Emmett Charter Township, Precinct 1",State Senate,18,DEM,Write-In,1
Calhoun,"Emmett Charter Township, Precinct 1",State Senate,18,DEM,Ballots Cast,161
Calhoun,"Emmett Charter Township, Precinct 2",State Senate,18,DEM,Anthony Pennock,266
Calhoun,"Emmett Charter Township, Precinct 2",State Senate,18,DEM,Write-In,1
Calhoun,"Emmett Charter Township, Precinct 2",State Senate,18,DEM,Ballots Cast,267
Calhoun,"Emmett Charter Township, Precinct 3",State Senate,18,DEM,Anthony Pennock,224
Calhoun,"Emmett Charter Township, Precinct 3",State Senate,18,DEM,Ballots Cast,224
Calhoun,"Emmett Charter Township, Precinct 4",State Senate,18,DEM,Anthony Pennock,366
Calhoun,"Emmett Charter Township, Precinct 4",State Senate,18,DEM,Write-In,3
Calhoun,"Emmett Charter Township, Precinct 4",State Senate,18,DEM,Ballots Cast,369
Calhoun,"Fredonia Township, Precinct 1",State Senate,18,DEM,Anthony Pennock,144
Calhoun,"Fredonia Township, Precinct 1",State Senate,18,DEM,Ballots Cast,144
Calhoun,"Leroy Township, Precinct 1",State Senate,18,DEM,Anthony Pennock,425
Calhoun,"Leroy Township, Precinct 1",State Senate,18,DEM,Write-In,1
Calhoun,"Leroy Township, Precinct 1",State Senate,18,DEM,Ballots Cast,426
Calhoun,"Marshall Township, Precinct 1",State Senate,18,DEM,Anthony Pennock,329
Calhoun,"Marshall Township, Precinct 1",State Senate,18,DEM,Write-In,3
Calhoun,"Marshall Township, Precinct 1",State Senate,18,DEM,Ballots Cast,332
Calhoun,"Newton Township, Precinct 1",State Senate,18,DEM,Anthony Pennock,246
Calhoun,"Newton Township, Precinct 1",State Senate,18,DEM,Write-In,1
Calhoun,"Newton Township, Precinct 1",State Senate,18,DEM,Ballots Cast,247
Calhoun,"Pennfield Charter Township, Precinct 2",State Senate,18,DEM,Anthony Pennock,442
Calhoun,"Pennfield Charter Township, Precinct 2",State Senate,18,DEM,Write-In,5
Calhoun,"Pennfield Charter Township, Precinct 2",State Senate,18,DEM,Ballots Cast,447
Calhoun,"Pennfield Charter Township, Precinct 3",State Senate,18,DEM,Anthony Pennock,359
Calhoun,"Pennfield Charter Township, Precinct 3",State Senate,18,DEM,Write-In,6
Calhoun,"Pennfield Charter Township, Precinct 3",State Senate,18,DEM,Ballots Cast,365
Calhoun,"Tekonsha Township, Precinct 1",State Senate,18,DEM,Anthony Pennock,96
Calhoun,"Tekonsha Township, Precinct 1",State Senate,18,DEM,Ballots Cast,96
Calhoun,"Bedford Charter Township, Precinct 1",State House,44,DEM,Jim Haadsma,247
Calhoun,"Bedford Charter Township, Precinct 1",State House,44,DEM,Write-In,2
Calhoun,"Bedford Charter Township, Precinct 1",State House,44,DEM,Ballots Cast,249
Calhoun,"Bedford Charter Township, Precinct 2",State House,44,DEM,Jim Haadsma,257
Calhoun,"Bedford Charter Township, Precinct 2",State House,44,DEM,Write-In,1
Calhoun,"Bedford Charter Township, Precinct 2",State House,44,DEM,Ballots Cast,258
Calhoun,"Bedford Charter Township, Precinct 3",State House,44,DEM,Jim Haadsma,403
Calhoun,"Bedford Charter Township, Precinct 3",State House,44,DEM,Write-In,5
Calhoun,"Bedford Charter Township, Precinct 3",State House,44,DEM,Ballots Cast,408
Calhoun,"City of Albion, Precinct 1",State House,44,DEM,Jim Haadsma,140
Calhoun,"City of Albion, Precinct 1",State House,44,DEM,Write-In,2
Calhoun,"City of Albion, Precinct 1",State House,44,DEM,Ballots Cast,142
Calhoun,"City of Albion, Precinct 2",State House,44,DEM,Jim Haadsma,103
Calhoun,"City of Albion, Precinct 2",State House,44,DEM,Write-In,3
Calhoun,"City of Albion, Precinct 2",State House,44,DEM,Ballots Cast,106
Calhoun,"City of Albion, Precinct 3",State House,44,DEM,Jim Haadsma,187
Calhoun,"City of Albion, Precinct 3",State House,44,DEM,Write-In,1
Calhoun,"City of Albion, Precinct 3",State House,44,DEM,Ballots Cast,188
Calhoun,"City of Albion, Precinct 4",State House,44,DEM,Jim Haadsma,99
Calhoun,"City of Albion, Precinct 4",State House,44,DEM,Write-In,1
Calhoun,"City of Albion, Precinct 4",State House,44,DEM,Ballots Cast,100
Calhoun,"City of Albion, Precinct 5",State House,44,DEM,Jim Haadsma,187
Calhoun,"City of Albion, Precinct 5",State House,44,DEM,Ballots Cast,187
Calhoun,"City of Albion, Precinct 6",State House,44,DEM,Jim Haadsma,126
Calhoun,"City of Albion, Precinct 6",State House,44,DEM,Ballots Cast,126
Calhoun,"City of Battle Creek, Precinct 1",State House,44,DEM,Jim Haadsma,131
Calhoun,"City of Battle Creek, Precinct 1",State House,44,DEM,Write-In,3
Calhoun,"City of Battle Creek, Precinct 1",State House,44,DEM,Ballots Cast,134
Calhoun,"City of Battle Creek, Precinct 10",State House,44,DEM,Jim Haadsma,547
Calhoun,"City of Battle Creek, Precinct 10",State House,44,DEM,Write-In,5
Calhoun,"City of Battle Creek, Precinct 10",State House,44,DEM,Ballots Cast,552
Calhoun,"City of Battle Creek, Precinct 11",State House,44,DEM,Jim Haadsma,279
Calhoun,"City of Battle Creek, Precinct 11",State House,44,DEM,Write-In,3
Calhoun,"City of Battle Creek, Precinct 11",State House,44,DEM,Ballots Cast,282
Calhoun,"City of Battle Creek, Precinct 12",State House,44,DEM,Jim Haadsma,448
Calhoun,"City of Battle Creek, Precinct 12",State House,44,DEM,Write-In,5
Calhoun,"City of Battle Creek, Precinct 12",State House,44,DEM,Ballots Cast,453
Calhoun,"City of Battle Creek, Precinct 13",State House,44,DEM,Jim Haadsma,347
Calhoun,"City of Battle Creek, Precinct 13",State House,44,DEM,Write-In,4
Calhoun,"City of Battle Creek, Precinct 13",State House,44,DEM,Ballots Cast,351
Calhoun,"City of Battle Creek, Precinct 2",State House,44,DEM,Jim Haadsma,278
Calhoun,"City of Battle Creek, Precinct 2",State House,44,DEM,Write-In,4
Calhoun,"City of Battle Creek, Precinct 2",State House,44,DEM,Ballots Cast,282
Calhoun,"City of Battle Creek, Precinct 3",State House,44,DEM,Jim Haadsma,297
Calhoun,"City of Battle Creek, Precinct 3",State House,44,DEM,Ballots Cast,297
Calhoun,"City of Battle Creek, Precinct 4",State House,44,DEM,Jim Haadsma,432
Calhoun,"City of Battle Creek, Precinct 4",State House,44,DEM,Write-In,8
Calhoun,"City of Battle Creek, Precinct 4",State House,44,DEM,Ballots Cast,440
Calhoun,"City of Battle Creek, Precinct 5",State House,44,DEM,Jim Haadsma,640
Calhoun,"City of Battle Creek, Precinct 5",State House,44,DEM,Write-In,6
Calhoun,"City of Battle Creek, Precinct 5",State House,44,DEM,Ballots Cast,646
Calhoun,"City of Battle Creek, Precinct 6",State House,44,DEM,Jim Haadsma,440
Calhoun,"City of Battle Creek, Precinct 6",State House,44,DEM,Write-In,6
Calhoun,"City of Battle Creek, Precinct 6",State House,44,DEM,Ballots Cast,446
Calhoun,"City of Battle Creek, Precinct 7",State House,44,DEM,Jim Haadsma,208
Calhoun,"City of Battle Creek, Precinct 7",State House,44,DEM,Write-In,5
Calhoun,"City of Battle Creek, Precinct 7",State House,44,DEM,Ballots Cast,213
Calhoun,"City of Battle Creek, Precinct 8",State House,44,DEM,Jim Haadsma,458
Calhoun,"City of Battle Creek, Precinct 8",State House,44,DEM,Write-In,3
Calhoun,"City of Battle Creek, Precinct 8",State House,44,DEM,Ballots Cast,461
Calhoun,"City of Battle Creek, Precinct 9",State House,44,DEM,Jim Haadsma,285
Calhoun,"City of Battle Creek, Precinct 9",State House,44,DEM,Ballots Cast,285
Calhoun,"City of Springfield, Precinct 1",State House,44,DEM,Jim Haadsma,337
Calhoun,"City of Springfield, Precinct 1",State House,44,DEM,Write-In,8
Calhoun,"City of Springfield, Precinct 1",State House,44,DEM,Ballots Cast,345
Calhoun,"Clarence Township, Precinct 1",State House,44,DEM,Jim Haadsma,143
Calhoun,"Clarence Township, Precinct 1",State House,44,DEM,Ballots Cast,143
Calhoun,"Convis Township, Precinct 1",State House,44,DEM,Jim Haadsma,110
Calhoun,"Convis Township, Precinct 1",State House,44,DEM,Ballots Cast,110
Calhoun,"Emmett Charter Township, Precinct 1",State House,44,DEM,Ballots Cast,0
Calhoun,"Emmett Charter Township, Precinct 3",State House,44,DEM,Ballots Cast,0
Calhoun,"Lee Township, Precinct 1",State House,44,DEM,Jim Haadsma,63
Calhoun,"Lee Township, Precinct 1",State House,44,DEM,Ballots Cast,63
Calhoun,"Pennfield Charter Township, Precinct 2",State House,44,DEM,Jim Haadsma,451
Calhoun,"Pennfield Charter Township, Precinct 2",State House,44,DEM,Write-In,10
Calhoun,"Pennfield Charter Township, Precinct 2",State House,44,DEM,Ballots Cast,461
Calhoun,"Pennfield Charter Township, Precinct 3",State House,44,DEM,Jim Haadsma,380
Calhoun,"Pennfield Charter Township, Precinct 3",State House,44,DEM,Write-In,3
Calhoun,"Pennfield Charter Township, Precinct 3",State House,44,DEM,Ballots Cast,383
Calhoun,"Sheridan Township, Precinct 1",State House,44,DEM,Jim Haadsma,133
Calhoun,"Sheridan Township, Precinct 1",State House,44,DEM,Ballots Cast,133
Calhoun,"Albion Township, Precinct 1",State House,45,DEM,Randy Davis,82
Calhoun,"Albion Township, Precinct 1",State House,45,DEM,Ballots Cast,82
Calhoun,"Athens Township, Precinct 1",State House,45,DEM,Randy Davis,166
Calhoun,"Athens Township, Precinct 1",State House,45,DEM,Write-In,2
Calhoun,"Athens Township, Precinct 1",State House,45,DEM,Ballots Cast,168
Calhoun,"Burlington Township, Precinct 1",State House,45,DEM,Randy Davis,126
Calhoun,"Burlington Township, Precinct 1",State House,45,DEM,Ballots Cast,126
Calhoun,"City of Marshall, Precinct 1",State House,45,DEM,Randy Davis,457
Calhoun,"City of Marshall, Precinct 1",State House,45,DEM,Write-In,6
Calhoun,"City of Marshall, Precinct 1",State House,45,DEM,Ballots Cast,463
Calhoun,"City of Marshall, Precinct 2",State House,45,DEM,Randy Davis,483
Calhoun,"City of Marshall, Precinct 2",State House,45,DEM,Write-In,3
Calhoun,"City of Marshall, Precinct 2",State House,45,DEM,Ballots Cast,486
Calhoun,"Clarendon Township, Precinct 1",State House,45,DEM,Randy Davis,51
Calhoun,"Clarendon Township, Precinct 1",State House,45,DEM,Ballots Cast,51
Calhoun,"Eckford Township, Precinct 1",State House,45,DEM,Randy Davis,85
Calhoun,"Eckford Township, Precinct 1",State House,45,DEM,Ballots Cast,85
Calhoun,"Emmett Charter Township, Precinct 1",State House,45,DEM,Randy Davis,158
Calhoun,"Emmett Charter Township, Precinct 1",State House,45,DEM,Write-In,1
Calhoun,"Emmett Charter Township, Precinct 1",State House,45,DEM,Ballots Cast,159
Calhoun,"Emmett Charter Township, Precinct 2",State House,45,DEM,Randy Davis,267
Calhoun,"Emmett Charter Township, Precinct 2",State House,45,DEM,Ballots Cast,267
Calhoun,"Emmett Charter Township, Precinct 3",State House,45,DEM,Randy Davis,222
Calhoun,"Emmett Charter Township, Precinct 3",State House,45,DEM,Write-In,1
Calhoun,"Emmett Charter Township, Precinct 3",State House,45,DEM,Ballots Cast,223
Calhoun,"Emmett Charter Township, Precinct 4",State House,45,DEM,Randy Davis,362
Calhoun,"Emmett Charter Township, Precinct 4",State House,45,DEM,Write-In,2
Calhoun,"Emmett Charter Township, Precinct 4",State House,45,DEM,Ballots Cast,364
Calhoun,"Fredonia Township, Precinct 1",State House,45,DEM,Randy Davis,138
Calhoun,"Fredonia Township, Precinct 1",State House,45,DEM,Write-In,2
Calhoun,"Fredonia Township, Precinct 1",State House,45,DEM,Ballots Cast,140
Calhoun,"Homer Township, Precinct 1",State House,45,DEM,Randy Davis,127
Calhoun,"Homer Township, Precinct 1",State House,45,DEM,Write-In,3
Calhoun,"Homer Township, Precinct 1",State House,45,DEM,Ballots Cast,130
Calhoun,"Leroy Township, Precinct 1",State House,45,DEM,Randy Davis,419
Calhoun,"Leroy Township, Precinct 1",State House,45,DEM,Write-In,2
Calhoun,"Leroy Township, Precinct 1",State House,45,DEM,Ballots Cast,421
Calhoun,"Marengo Township, Precinct 1",State House,45,DEM,Randy Davis,150
Calhoun,"Marengo Township, Precinct 1",State House,45,DEM,Write-In,1
Calhoun,"Marengo Township, Precinct 1",State House,45,DEM,Ballots Cast,151
Calhoun,"Marshall Township, Precinct 1",State House,45,DEM,Randy Davis,315
Calhoun,"Marshall Township, Precinct 1",State House,45,DEM,Write-In,6
Calhoun,"Marshall Township, Precinct 1",State House,45,DEM,Ballots Cast,321
Calhoun,"Newton Township, Precinct 1",State House,45,DEM,Randy Davis,245
Calhoun,"Newton Township, Precinct 1",State House,45,DEM,Write-In,2
Calhoun,"Newton Township, Precinct 1",State House,45,DEM,Ballots Cast,247
Calhoun,"Tekonsha Township, Precinct 1",State House,45,DEM,Randy Davis,93
Calhoun,"Tekonsha Township, Precinct 1",State House,45,DEM,Ballots Cast,93
Calhoun,"Albion Township, Precinct 1",County Treasurer Partial Term Ending 12/31/2028,,DEM,Nat Spurr,81
Calhoun,"Albion Township, Precinct 1",County Treasurer Partial Term Ending 12/31/2028,,DEM,Ballots Cast,81
Calhoun,"Athens Township, Precinct 1",County Treasurer Partial Term Ending 12/31/2028,,DEM,Nat Spurr,160
Calhoun,"Athens Township, Precinct 1",County Treasurer Partial Term Ending 12/31/2028,,DEM,Write-In,5
Calhoun,"Athens Township, Precinct 1",County Treasurer Partial Term Ending 12/31/2028,,DEM,Ballots Cast,165
Calhoun,"Bedford Charter Township, Precinct 1",County Treasurer Partial Term Ending 12/31/2028,,DEM,Nat Spurr,240
Calhoun,"Bedford Charter Township, Precinct 1",County Treasurer Partial Term Ending 12/31/2028,,DEM,Write-In,1
Calhoun,"Bedford Charter Township, Precinct 1",County Treasurer Partial Term Ending 12/31/2028,,DEM,Ballots Cast,241
Calhoun,"Bedford Charter Township, Precinct 2",County Treasurer Partial Term Ending 12/31/2028,,DEM,Nat Spurr,252
Calhoun,"Bedford Charter Township, Precinct 2",County Treasurer Partial Term Ending 12/31/2028,,DEM,Write-In,2
Calhoun,"Bedford Charter Township, Precinct 2",County Treasurer Partial Term Ending 12/31/2028,,DEM,Ballots Cast,254
Calhoun,"Bedford Charter Township, Precinct 3",County Treasurer Partial Term Ending 12/31/2028,,DEM,Nat Spurr,394
Calhoun,"Bedford Charter Township, Precinct 3",County Treasurer Partial Term Ending 12/31/2028,,DEM,Write-In,2
Calhoun,"Bedford Charter Township, Precinct 3",County Treasurer Partial Term Ending 12/31/2028,,DEM,Ballots Cast,396
Calhoun,"Burlington Township, Precinct 1",County Treasurer Partial Term Ending 12/31/2028,,DEM,Nat Spurr,123
Calhoun,"Burlington Township, Precinct 1",County Treasurer Partial Term Ending 12/31/2028,,DEM,Ballots Cast,123
Calhoun,"City of Albion, Precinct 1",County Treasurer Partial Term Ending 12/31/2028,,DEM,Nat Spurr,135
Calhoun,"City of Albion, Precinct 1",County Treasurer Partial Term Ending 12/31/2028,,DEM,Write-In,5
Calhoun,"City of Albion, Precinct 1",County Treasurer Partial Term Ending 12/31/2028,,DEM,Ballots Cast,140
Calhoun,"City of Albion, Precinct 2",County Treasurer Partial Term Ending 12/31/2028,,DEM,Nat Spurr,104
Calhoun,"City of Albion, Precinct 2",County Treasurer Partial Term Ending 12/31/2028,,DEM,Ballots Cast,104
Calhoun,"City of Albion, Precinct 3",County Treasurer Partial Term Ending 12/31/2028,,DEM,Nat Spurr,171
Calhoun,"City of Albion, Precinct 3",County Treasurer Partial Term Ending 12/31/2028,,DEM,Write-In,3
Calhoun,"City of Albion, Precinct 3",County Treasurer Partial Term Ending 12/31/2028,,DEM,Ballots Cast,174
Calhoun,"City of Albion, Precinct 4",County Treasurer Partial Term Ending 12/31/2028,,DEM,Nat Spurr,95
Calhoun,"City of Albion, Precinct 4",County Treasurer Partial Term Ending 12/31/2028,,DEM,Write-In,1
Calhoun,"City of Albion, Precinct 4",County Treasurer Partial Term Ending 12/31/2028,,DEM,Ballots Cast,96
Calhoun,"City of Albion, Precinct 5",County Treasurer Partial Term Ending 12/31/2028,,DEM,Nat Spurr,177
Calhoun,"City of Albion, Precinct 5",County Treasurer Partial Term Ending 12/31/2028,,DEM,Ballots Cast,177
Calhoun,"City of Albion, Precinct 6",County Treasurer Partial Term Ending 12/31/2028,,DEM,Nat Spurr,111
Calhoun,"City of Albion, Precinct 6",County Treasurer Partial Term Ending 12/31/2028,,DEM,Ballots Cast,111
Calhoun,"City of Battle Creek, Precinct 1",County Treasurer Partial Term Ending 12/31/2028,,DEM,Nat Spurr,127
Calhoun,"City of Battle Creek, Precinct 1",County Treasurer Partial Term Ending 12/31/2028,,DEM,Write-In,3
Calhoun,"City of Battle Creek, Precinct 1",County Treasurer Partial Term Ending 12/31/2028,,DEM,Ballots Cast,130
Calhoun,"City of Battle Creek, Precinct 10",County Treasurer Partial Term Ending 12/31/2028,,DEM,Nat Spurr,520
Calhoun,"City of Battle Creek, Precinct 10",County Treasurer Partial Term Ending 12/31/2028,,DEM,Write-In,4
Calhoun,"City of Battle Creek, Precinct 10",County Treasurer Partial Term Ending 12/31/2028,,DEM,Ballots Cast,524
Calhoun,"City of Battle Creek, Precinct 11",County Treasurer Partial Term Ending 12/31/2028,,DEM,Nat Spurr,273
Calhoun,"City of Battle Creek, Precinct 11",County Treasurer Partial Term Ending 12/31/2028,,DEM,Write-In,6
Calhoun,"City of Battle Creek, Precinct 11",County Treasurer Partial Term Ending 12/31/2028,,DEM,Ballots Cast,279
Calhoun,"City of Battle Creek, Precinct 12",County Treasurer Partial Term Ending 12/31/2028,,DEM,Nat Spurr,413
Calhoun,"City of Battle Creek, Precinct 12",County Treasurer Partial Term Ending 12/31/2028,,DEM,Write-In,15
Calhoun,"City of Battle Creek, Precinct 12",County Treasurer Partial Term Ending 12/31/2028,,DEM,Ballots Cast,428
Calhoun,"City of Battle Creek, Precinct 13",County Treasurer Partial Term Ending 12/31/2028,,DEM,Nat Spurr,330
Calhoun,"City of Battle Creek, Precinct 13",County Treasurer Partial Term Ending 12/31/2028,,DEM,Write-In,5
Calhoun,"City of Battle Creek, Precinct 13",County Treasurer Partial Term Ending 12/31/2028,,DEM,Ballots Cast,335
Calhoun,"City of Battle Creek, Precinct 2",County Treasurer Partial Term Ending 12/31/2028,,DEM,Nat Spurr,269
Calhoun,"City of Battle Creek, Precinct 2",County Treasurer Partial Term Ending 12/31/2028,,DEM,Write-In,5
Calhoun,"City of Battle Creek, Precinct 2",County Treasurer Partial Term Ending 12/31/2028,,DEM,Ballots Cast,274
Calhoun,"City of Battle Creek, Precinct 3",County Treasurer Partial Term Ending 12/31/2028,,DEM,Nat Spurr,282
Calhoun,"City of Battle Creek, Precinct 3",County Treasurer Partial Term Ending 12/31/2028,,DEM,Write-In,1
Calhoun,"City of Battle Creek, Precinct 3",County Treasurer Partial Term Ending 12/31/2028,,DEM,Ballots Cast,283
Calhoun,"City of Battle Creek, Precinct 4",County Treasurer Partial Term Ending 12/31/2028,,DEM,Nat Spurr,407
Calhoun,"City of Battle Creek, Precinct 4",County Treasurer Partial Term Ending 12/31/2028,,DEM,Write-In,6
Calhoun,"City of Battle Creek, Precinct 4",County Treasurer Partial Term Ending 12/31/2028,,DEM,Ballots Cast,413
Calhoun,"City of Battle Creek, Precinct 5",County Treasurer Partial Term Ending 12/31/2028,,DEM,Nat Spurr,612
Calhoun,"City of Battle Creek, Precinct 5",County Treasurer Partial Term Ending 12/31/2028,,DEM,Write-In,4
Calhoun,"City of Battle Creek, Precinct 5",County Treasurer Partial Term Ending 12/31/2028,,DEM,Ballots Cast,616
Calhoun,"City of Battle Creek, Precinct 6",County Treasurer Partial Term Ending 12/31/2028,,DEM,Nat Spurr,422
Calhoun,"City of Battle Creek, Precinct 6",County Treasurer Partial Term Ending 12/31/2028,,DEM,Write-In,4
Calhoun,"City of Battle Creek, Precinct 6",County Treasurer Partial Term Ending 12/31/2028,,DEM,Ballots Cast,426
Calhoun,"City of Battle Creek, Precinct 7",County Treasurer Partial Term Ending 12/31/2028,,DEM,Nat Spurr,200
Calhoun,"City of Battle Creek, Precinct 7",County Treasurer Partial Term Ending 12/31/2028,,DEM,Write-In,3
Calhoun,"City of Battle Creek, Precinct 7",County Treasurer Partial Term Ending 12/31/2028,,DEM,Ballots Cast,203
Calhoun,"City of Battle Creek, Precinct 8",County Treasurer Partial Term Ending 12/31/2028,,DEM,Nat Spurr,446
Calhoun,"City of Battle Creek, Precinct 8",County Treasurer Partial Term Ending 12/31/2028,,DEM,Write-In,2
Calhoun,"City of Battle Creek, Precinct 8",County Treasurer Partial Term Ending 12/31/2028,,DEM,Ballots Cast,448
Calhoun,"City of Battle Creek, Precinct 9",County Treasurer Partial Term Ending 12/31/2028,,DEM,Nat Spurr,266
Calhoun,"City of Battle Creek, Precinct 9",County Treasurer Partial Term Ending 12/31/2028,,DEM,Write-In,2
Calhoun,"City of Battle Creek, Precinct 9",County Treasurer Partial Term Ending 12/31/2028,,DEM,Ballots Cast,268
Calhoun,"City of Marshall, Precinct 1",County Treasurer Partial Term Ending 12/31/2028,,DEM,Nat Spurr,464
Calhoun,"City of Marshall, Precinct 1",County Treasurer Partial Term Ending 12/31/2028,,DEM,Write-In,2
Calhoun,"City of Marshall, Precinct 1",County Treasurer Partial Term Ending 12/31/2028,,DEM,Ballots Cast,466
Calhoun,"City of Marshall, Precinct 2",County Treasurer Partial Term Ending 12/31/2028,,DEM,Nat Spurr,487
Calhoun,"City of Marshall, Precinct 2",County Treasurer Partial Term Ending 12/31/2028,,DEM,Write-In,1
Calhoun,"City of Marshall, Precinct 2",County Treasurer Partial Term Ending 12/31/2028,,DEM,Ballots Cast,488
Calhoun,"City of Springfield, Precinct 1",County Treasurer Partial Term Ending 12/31/2028,,DEM,Nat Spurr,334
Calhoun,"City of Springfield, Precinct 1",County Treasurer Partial Term Ending 12/31/2028,,DEM,Write-In,4
Calhoun,"City of Springfield, Precinct 1",County Treasurer Partial Term Ending 12/31/2028,,DEM,Ballots Cast,338
Calhoun,"Clarence Township, Precinct 1",County Treasurer Partial Term Ending 12/31/2028,,DEM,Nat Spurr,135
Calhoun,"Clarence Township, Precinct 1",County Treasurer Partial Term Ending 12/31/2028,,DEM,Ballots Cast,135
Calhoun,"Clarendon Township, Precinct 1",County Treasurer Partial Term Ending 12/31/2028,,DEM,Nat Spurr,48
Calhoun,"Clarendon Township, Precinct 1",County Treasurer Partial Term Ending 12/31/2028,,DEM,Ballots Cast,48
Calhoun,"Convis Township, Precinct 1",County Treasurer Partial Term Ending 12/31/2028,,DEM,Nat Spurr,109
Calhoun,"Convis Township, Precinct 1",County Treasurer Partial Term Ending 12/31/2028,,DEM,Ballots Cast,109
Calhoun,"Eckford Township, Precinct 1",County Treasurer Partial Term Ending 12/31/2028,,DEM,Nat Spurr,86
Calhoun,"Eckford Township, Precinct 1",County Treasurer Partial Term Ending 12/31/2028,,DEM,Ballots Cast,86
Calhoun,"Emmett Charter Township, Precinct 1",County Treasurer Partial Term Ending 12/31/2028,,DEM,Nat Spurr,156
Calhoun,"Emmett Charter Township, Precinct 1",County Treasurer Partial Term Ending 12/31/2028,,DEM,Write-In,2
Calhoun,"Emmett Charter Township, Precinct 1",County Treasurer Partial Term Ending 12/31/2028,,DEM,Ballots Cast,158
Calhoun,"Emmett Charter Township, Precinct 2",County Treasurer Partial Term Ending 12/31/2028,,DEM,Nat Spurr,262
Calhoun,"Emmett Charter Township, Precinct 2",County Treasurer Partial Term Ending 12/31/2028,,DEM,Write-In,1
Calhoun,"Emmett Charter Township, Precinct 2",County Treasurer Partial Term Ending 12/31/2028,,DEM,Ballots Cast,263
Calhoun,"Emmett Charter Township, Precinct 3",County Treasurer Partial Term Ending 12/31/2028,,DEM,Nat Spurr,222
Calhoun,"Emmett Charter Township, Precinct 3",County Treasurer Partial Term Ending 12/31/2028,,DEM,Ballots Cast,222
Calhoun,"Emmett Charter Township, Precinct 4",County Treasurer Partial Term Ending 12/31/2028,,DEM,Nat Spurr,361
Calhoun,"Emmett Charter Township, Precinct 4",County Treasurer Partial Term Ending 12/31/2028,,DEM,Write-In,2
Calhoun,"Emmett Charter Township, Precinct 4",County Treasurer Partial Term Ending 12/31/2028,,DEM,Ballots Cast,363
Calhoun,"Fredonia Township, Precinct 1",County Treasurer Partial Term Ending 12/31/2028,,DEM,Nat Spurr,136
Calhoun,"Fredonia Township, Precinct 1",County Treasurer Partial Term Ending 12/31/2028,,DEM,Write-In,2
Calhoun,"Fredonia Township, Precinct 1",County Treasurer Partial Term Ending 12/31/2028,,DEM,Ballots Cast,138
Calhoun,"Homer Township, Precinct 1",County Treasurer Partial Term Ending 12/31/2028,,DEM,Nat Spurr,127
Calhoun,"Homer Township, Precinct 1",County Treasurer Partial Term Ending 12/31/2028,,DEM,Write-In,2
Calhoun,"Homer Township, Precinct 1",County Treasurer Partial Term Ending 12/31/2028,,DEM,Ballots Cast,129
Calhoun,"Lee Township, Precinct 1",County Treasurer Partial Term Ending 12/31/2028,,DEM,Nat Spurr,58
Calhoun,"Lee Township, Precinct 1",County Treasurer Partial Term Ending 12/31/2028,,DEM,Ballots Cast,58
Calhoun,"Leroy Township, Precinct 1",County Treasurer Partial Term Ending 12/31/2028,,DEM,Nat Spurr,413
Calhoun,"Leroy Township, Precinct 1",County Treasurer Partial Term Ending 12/31/2028,,DEM,Write-In,1
Calhoun,"Leroy Township, Precinct 1",County Treasurer Partial Term Ending 12/31/2028,,DEM,Ballots Cast,414
Calhoun,"Marengo Township, Precinct 1",County Treasurer Partial Term Ending 12/31/2028,,DEM,Nat Spurr,150
Calhoun,"Marengo Township, Precinct 1",County Treasurer Partial Term Ending 12/31/2028,,DEM,Ballots Cast,150
Calhoun,"Marshall Township, Precinct 1",County Treasurer Partial Term Ending 12/31/2028,,DEM,Nat Spurr,321
Calhoun,"Marshall Township, Precinct 1",County Treasurer Partial Term Ending 12/31/2028,,DEM,Write-In,5
Calhoun,"Marshall Township, Precinct 1",County Treasurer Partial Term Ending 12/31/2028,,DEM,Ballots Cast,326
Calhoun,"Newton Township, Precinct 1",County Treasurer Partial Term Ending 12/31/2028,,DEM,Nat Spurr,243
Calhoun,"Newton Township, Precinct 1",County Treasurer Partial Term Ending 12/31/2028,,DEM,Ballots Cast,243
Calhoun,"Pennfield Charter Township, Precinct 2",County Treasurer Partial Term Ending 12/31/2028,,DEM,Nat Spurr,433
Calhoun,"Pennfield Charter Township, Precinct 2",County Treasurer Partial Term Ending 12/31/2028,,DEM,Write-In,5
Calhoun,"Pennfield Charter Township, Precinct 2",County Treasurer Partial Term Ending 12/31/2028,,DEM,Ballots Cast,438
Calhoun,"Pennfield Charter Township, Precinct 3",County Treasurer Partial Term Ending 12/31/2028,,DEM,Nat Spurr,363
Calhoun,"Pennfield Charter Township, Precinct 3",County Treasurer Partial Term Ending 12/31/2028,,DEM,Write-In,3
Calhoun,"Pennfield Charter Township, Precinct 3",County Treasurer Partial Term Ending 12/31/2028,,DEM,Ballots Cast,366
Calhoun,"Sheridan Township, Precinct 1",County Treasurer Partial Term Ending 12/31/2028,,DEM,Nat Spurr,120
Calhoun,"Sheridan Township, Precinct 1",County Treasurer Partial Term Ending 12/31/2028,,DEM,Ballots Cast,120
Calhoun,"Tekonsha Township, Precinct 1",County Treasurer Partial Term Ending 12/31/2028,,DEM,Nat Spurr,92
Calhoun,"Tekonsha Township, Precinct 1",County Treasurer Partial Term Ending 12/31/2028,,DEM,Ballots Cast,92
Calhoun,"Bedford Charter Township, Precinct 1",Bedford Charter Township Supervisor Partial Term Ending 11/20/2028,,DEM,Rande Johnson,232
Calhoun,"Bedford Charter Township, Precinct 1",Bedford Charter Township Supervisor Partial Term Ending 11/20/2028,,DEM,Ballots Cast,232
Calhoun,"Bedford Charter Township, Precinct 2",Bedford Charter Township Supervisor Partial Term Ending 11/20/2028,,DEM,Rande Johnson,236
Calhoun,"Bedford Charter Township, Precinct 2",Bedford Charter Township Supervisor Partial Term Ending 11/20/2028,,DEM,Write-In,2
Calhoun,"Bedford Charter Township, Precinct 2",Bedford Charter Township Supervisor Partial Term Ending 11/20/2028,,DEM,Ballots Cast,238
Calhoun,"Bedford Charter Township, Precinct 3",Bedford Charter Township Supervisor Partial Term Ending 11/20/2028,,DEM,Rande Johnson,371
Calhoun,"Bedford Charter Township, Precinct 3",Bedford Charter Township Supervisor Partial Term Ending 11/20/2028,,DEM,Write-In,2
Calhoun,"Bedford Charter Township, Precinct 3",Bedford Charter Township Supervisor Partial Term Ending 11/20/2028,,DEM,Ballots Cast,373
Calhoun,"Emmett Charter Township, Precinct 1",Emmett Charter Township Clerk Partial Term Ending 11/20/2028,,DEM,Write-In,49
Calhoun,"Emmett Charter Township, Precinct 1",Emmett Charter Township Clerk Partial Term Ending 11/20/2028,,DEM,Ballots Cast,49
Calhoun,"Emmett Charter Township, Precinct 2",Emmett Charter Township Clerk Partial Term Ending 11/20/2028,,DEM,Write-In,61
Calhoun,"Emmett Charter Township, Precinct 2",Emmett Charter Township Clerk Partial Term Ending 11/20/2028,,DEM,Ballots Cast,61
Calhoun,"Emmett Charter Township, Precinct 3",Emmett Charter Township Clerk Partial Term Ending 11/20/2028,,DEM,Write-In,54
Calhoun,"Emmett Charter Township, Precinct 3",Emmett Charter Township Clerk Partial Term Ending 11/20/2028,,DEM,Ballots Cast,54
Calhoun,"Emmett Charter Township, Precinct 4",Emmett Charter Township Clerk Partial Term Ending 11/20/2028,,DEM,Write-In,46
Calhoun,"Emmett Charter Township, Precinct 4",Emmett Charter Township Clerk Partial Term Ending 11/20/2028,,DEM,Ballots Cast,46
Calhoun,"Marshall Township, Precinct 1",Marshall Township Clerk Partial Term Ending 11/20/2028,,DEM,Write-In,74
Calhoun,"Marshall Township, Precinct 1",Marshall Township Clerk Partial Term Ending 11/20/2028,,DEM,Ballots Cast,74
Calhoun,"Tekonsha Township, Precinct 1",Tekonsha Township Clerk Partial Term Ending 11/20/2028,,DEM,Write-In,27
Calhoun,"Tekonsha Township, Precinct 1",Tekonsha Township Clerk Partial Term Ending 11/20/2028,,DEM,Ballots Cast,27
Calhoun,"Bedford Charter Township, Precinct 1",Bedford Charter Township Trustee Partial Term Ending 11/20/2028,,DEM,Peter VanGoethem,228
Calhoun,"Bedford Charter Township, Precinct 1",Bedford Charter Township Trustee Partial Term Ending 11/20/2028,,DEM,Ballots Cast,228
Calhoun,"Bedford Charter Township, Precinct 2",Bedford Charter Township Trustee Partial Term Ending 11/20/2028,,DEM,Peter VanGoethem,236
Calhoun,"Bedford Charter Township, Precinct 2",Bedford Charter Township Trustee Partial Term Ending 11/20/2028,,DEM,Write-In,3
Calhoun,"Bedford Charter Township, Precinct 2",Bedford Charter Township Trustee Partial Term Ending 11/20/2028,,DEM,Ballots Cast,239
Calhoun,"Bedford Charter Township, Precinct 3",Bedford Charter Township Trustee Partial Term Ending 11/20/2028,,DEM,Peter VanGoethem,362
Calhoun,"Bedford Charter Township, Precinct 3",Bedford Charter Township Trustee Partial Term Ending 11/20/2028,,DEM,Write-In,1
Calhoun,"Bedford Charter Township, Precinct 3",Bedford Charter Township Trustee Partial Term Ending 11/20/2028,,DEM,Ballots Cast,363
Calhoun,"Marshall Township, Precinct 1",Marshall Township Trustee Partial Term Ending 11/20/2028,,DEM,Donald Marx,292
Calhoun,"Marshall Township, Precinct 1",Marshall Township Trustee Partial Term Ending 11/20/2028,,DEM,Write-In,4
Calhoun,"Marshall Township, Precinct 1",Marshall Township Trustee Partial Term Ending 11/20/2028,,DEM,Ballots Cast,296
Calhoun,"City of Albion, Precinct 1","City of Albion, Precinct 1 Delegate",,DEM,Write-In,81
Calhoun,"City of Albion, Precinct 1","City of Albion, Precinct 1 Delegate",,DEM,Ballots Cast,81
Calhoun,"City of Albion, Precinct 2","City of Albion, Precinct 2 Delegate",,DEM,Write-In,27
Calhoun,"City of Albion, Precinct 2","City of Albion, Precinct 2 Delegate",,DEM,Ballots Cast,27
Calhoun,"City of Albion, Precinct 3","City of Albion, Precinct 3 Delegate",,DEM,Garrett Brown,136
Calhoun,"City of Albion, Precinct 3","City of Albion, Precinct 3 Delegate",,DEM,Write-In,8
Calhoun,"City of Albion, Precinct 3","City of Albion, Precinct 3 Delegate",,DEM,Ballots Cast,144
Calhoun,"City of Albion, Precinct 4","City of Albion, Precinct 4 Delegate",,DEM,Write-In,47
Calhoun,"City of Albion, Precinct 4","City of Albion, Precinct 4 Delegate",,DEM,Ballots Cast,47
Calhoun,"City of Albion, Precinct 5","City of Albion, Precinct 5 Delegate",,DEM,Lois McCullen Parr,158
Calhoun,"City of Albion, Precinct 5","City of Albion, Precinct 5 Delegate",,DEM,Ballots Cast,158
Calhoun,"City of Albion, Precinct 6","City of Albion, Precinct 6 Delegate",,DEM,Ellen S. Wilch,116
Calhoun,"City of Albion, Precinct 6","City of Albion, Precinct 6 Delegate",,DEM,Write-In,2
Calhoun,"City of Albion, Precinct 6","City of Albion, Precinct 6 Delegate",,DEM,Ballots Cast,118
Calhoun,"City of Battle Creek, Precinct 1","City of Battle Creek, Precinct 1 Delegate",,DEM,"Terry Burleson, Jr.",111
Calhoun,"City of Battle Creek, Precinct 1","City of Battle Creek, Precinct 1 Delegate",,DEM,Write-In,5
Calhoun,"City of Battle Creek, Precinct 1","City of Battle Creek, Precinct 1 Delegate",,DEM,Ballots Cast,116
Calhoun,"City of Battle Creek, Precinct 2","City of Battle Creek, Precinct 2 Delegate",,DEM,Anthony Pennock,159
Calhoun,"City of Battle Creek, Precinct 2","City of Battle Creek, Precinct 2 Delegate",,DEM,Elaine L. Hadley,188
Calhoun,"City of Battle Creek, Precinct 2","City of Battle Creek, Precinct 2 Delegate",,DEM,Write-In,3
Calhoun,"City of Battle Creek, Precinct 2","City of Battle Creek, Precinct 2 Delegate",,DEM,Ballots Cast,350
Calhoun,"City of Battle Creek, Precinct 3","City of Battle Creek, Precinct 3 Delegate",,DEM,Karen Weideman,179
Calhoun,"City of Battle Creek, Precinct 3","City of Battle Creek, Precinct 3 Delegate",,DEM,Susan Ann Anderson,201
Calhoun,"City of Battle Creek, Precinct 3","City of Battle Creek, Precinct 3 Delegate",,DEM,Write-In,9
Calhoun,"City of Battle Creek, Precinct 3","City of Battle Creek, Precinct 3 Delegate",,DEM,Ballots Cast,389
Calhoun,"City of Battle Creek, Precinct 4","City of Battle Creek, Precinct 4 Delegate",,DEM,Roger D. Ballard,386
Calhoun,"City of Battle Creek, Precinct 4","City of Battle Creek, Precinct 4 Delegate",,DEM,Write-In,7
Calhoun,"City of Battle Creek, Precinct 4","City of Battle Creek, Precinct 4 Delegate",,DEM,Ballots Cast,393
Calhoun,"City of Battle Creek, Precinct 5","City of Battle Creek, Precinct 5 Delegate",,DEM,Cayley Winters,432
Calhoun,"City of Battle Creek, Precinct 5","City of Battle Creek, Precinct 5 Delegate",,DEM,Christi Tobin Barrett,430
Calhoun,"City of Battle Creek, Precinct 5","City of Battle Creek, Precinct 5 Delegate",,DEM,Lisa Ryan,464
Calhoun,"City of Battle Creek, Precinct 5","City of Battle Creek, Precinct 5 Delegate",,DEM,Write-In,6
Calhoun,"City of Battle Creek, Precinct 5","City of Battle Creek, Precinct 5 Delegate",,DEM,Ballots Cast,1332
Calhoun,"City of Battle Creek, Precinct 6","City of Battle Creek, Precinct 6 Delegate",,DEM,Chuck Asher,282
Calhoun,"City of Battle Creek, Precinct 6","City of Battle Creek, Precinct 6 Delegate",,DEM,Linn D. Kracht,333
Calhoun,"City of Battle Creek, Precinct 6","City of Battle Creek, Precinct 6 Delegate",,DEM,Write-In,1
Calhoun,"City of Battle Creek, Precinct 6","City of Battle Creek, Precinct 6 Delegate",,DEM,Ballots Cast,616
Calhoun,"City of Battle Creek, Precinct 7","City of Battle Creek, Precinct 7 Delegate",,DEM,Mary Fields,166
Calhoun,"City of Battle Creek, Precinct 7","City of Battle Creek, Precinct 7 Delegate",,DEM,Write-In,1
Calhoun,"City of Battle Creek, Precinct 7","City of Battle Creek, Precinct 7 Delegate",,DEM,Ballots Cast,167
Calhoun,"City of Battle Creek, Precinct 8","City of Battle Creek, Precinct 8 Delegate",,DEM,Betsy Haadsma,338
Calhoun,"City of Battle Creek, Precinct 8","City of Battle Creek, Precinct 8 Delegate",,DEM,Diane J. Erwin,277
Calhoun,"City of Battle Creek, Precinct 8","City of Battle Creek, Precinct 8 Delegate",,DEM,Franklin Ballard,279
Calhoun,"City of Battle Creek, Precinct 8","City of Battle Creek, Precinct 8 Delegate",,DEM,Katie Reasons,287
Calhoun,"City of Battle Creek, Precinct 8","City of Battle Creek, Precinct 8 Delegate",,DEM,Richard Heeres,262
Calhoun,"City of Battle Creek, Precinct 8","City of Battle Creek, Precinct 8 Delegate",,DEM,Robert Erwin,257
Calhoun,"City of Battle Creek, Precinct 8","City of Battle Creek, Precinct 8 Delegate",,DEM,Susan Heeres,287
Calhoun,"City of Battle Creek, Precinct 8","City of Battle Creek, Precinct 8 Delegate",,DEM,Write-In,3
Calhoun,"City of Battle Creek, Precinct 8","City of Battle Creek, Precinct 8 Delegate",,DEM,Ballots Cast,1990
Calhoun,"City of Battle Creek, Precinct 9","City of Battle Creek, Precinct 9 Delegate",,DEM,Jill M. Anderson,224
Calhoun,"City of Battle Creek, Precinct 9","City of Battle Creek, Precinct 9 Delegate",,DEM,Write-In,3
Calhoun,"City of Battle Creek, Precinct 9","City of Battle Creek, Precinct 9 Delegate",,DEM,Ballots Cast,227
Calhoun,"City of Battle Creek, Precinct 10","City of Battle Creek, Precinct 10 Delegate",,DEM,Anne F. Stanfield,321
Calhoun,"City of Battle Creek, Precinct 10","City of Battle Creek, Precinct 10 Delegate",,DEM,Dennis Hunt,303
Calhoun,"City of Battle Creek, Precinct 10","City of Battle Creek, Precinct 10 Delegate",,DEM,Nathan Grajek,336
Calhoun,"City of Battle Creek, Precinct 10","City of Battle Creek, Precinct 10 Delegate",,DEM,Robert P. Walsh,290
Calhoun,"City of Battle Creek, Precinct 10","City of Battle Creek, Precinct 10 Delegate",,DEM,Sandra Jo Calderone,358
Calhoun,"City of Battle Creek, Precinct 10","City of Battle Creek, Precinct 10 Delegate",,DEM,Tricha Grajek,358
Calhoun,"City of Battle Creek, Precinct 10","City of Battle Creek, Precinct 10 Delegate",,DEM,Write-In,10
Calhoun,"City of Battle Creek, Precinct 10","City of Battle Creek, Precinct 10 Delegate",,DEM,Ballots Cast,1976
Calhoun,"City of Battle Creek, Precinct 11","City of Battle Creek, Precinct 11 Delegate",,DEM,Write-In,57
Calhoun,"City of Battle Creek, Precinct 11","City of Battle Creek, Precinct 11 Delegate",,DEM,Ballots Cast,57
Calhoun,"City of Battle Creek, Precinct 12","City of Battle Creek, Precinct 12 Delegate",,DEM,Lynn Ward Gray,313
Calhoun,"City of Battle Creek, Precinct 12","City of Battle Creek, Precinct 12 Delegate",,DEM,Monique French,239
Calhoun,"City of Battle Creek, Precinct 12","City of Battle Creek, Precinct 12 Delegate",,DEM,Patty Pointer,180
Calhoun,"City of Battle Creek, Precinct 12","City of Battle Creek, Precinct 12 Delegate",,DEM,Write-In,4
Calhoun,"City of Battle Creek, Precinct 12","City of Battle Creek, Precinct 12 Delegate",,DEM,Ballots Cast,736
Calhoun,"City of Battle Creek, Precinct 13","City of Battle Creek, Precinct 13 Delegate",,DEM,Adele L. Denison,253
Calhoun,"City of Battle Creek, Precinct 13","City of Battle Creek, Precinct 13 Delegate",,DEM,Jackson Bredehoft,196
Calhoun,"City of Battle Creek, Precinct 13","City of Battle Creek, Precinct 13 Delegate",,DEM,Write-In,10
Calhoun,"City of Battle Creek, Precinct 13","City of Battle Creek, Precinct 13 Delegate",,DEM,Ballots Cast,459
Calhoun,"City of Marshall, Precinct 1","City of Marshall, Precinct 1 Delegate",,DEM,Ben Arvoy,285
Calhoun,"City of Marshall, Precinct 1","City of Marshall, Precinct 1 Delegate",,DEM,Jon Koteles,265
Calhoun,"City of Marshall, Precinct 1","City of Marshall, Precinct 1 Delegate",,DEM,Miriam Holbrook,374
Calhoun,"City of Marshall, Precinct 1","City of Marshall, Precinct 1 Delegate",,DEM,Write-In,8
Calhoun,"City of Marshall, Precinct 1","City of Marshall, Precinct 1 Delegate",,DEM,Ballots Cast,932
Calhoun,"City of Marshall, Precinct 2","City of Marshall, Precinct 2 Delegate",,DEM,Christian Brown,356
Calhoun,"City of Marshall, Precinct 2","City of Marshall, Precinct 2 Delegate",,DEM,Claudia Murch,398
Calhoun,"City of Marshall, Precinct 2","City of Marshall, Precinct 2 Delegate",,DEM,Derek Allen,376
Calhoun,"City of Marshall, Precinct 2","City of Marshall, Precinct 2 Delegate",,DEM,Doug Murch,382
Calhoun,"City of Marshall, Precinct 2","City of Marshall, Precinct 2 Delegate",,DEM,Write-In,7
Calhoun,"City of Marshall, Precinct 2","City of Marshall, Precinct 2 Delegate",,DEM,Ballots Cast,1519
Calhoun,"City of Springfield, Precinct 1","City of Springfield, Precinct 1 Delegate",,DEM,Write-In,71
Calhoun,"City of Springfield, Precinct 1","City of Springfield, Precinct 1 Delegate",,DEM,Ballots Cast,71
Calhoun,"Albion Township, Precinct 1","Albion Township, Precinct 1 Delegate",,DEM,Write-In,30
Calhoun,"Albion Township, Precinct 1","Albion Township, Precinct 1 Delegate",,DEM,Ballots Cast,30
Calhoun,"Athens Township, Precinct 1","Athens Township, Precinct 1 Delegate",,DEM,Write-In,20
Calhoun,"Athens Township, Precinct 1","Athens Township, Precinct 1 Delegate",,DEM,Ballots Cast,20
Calhoun,"Bedford Charter Township, Precinct 1","Bedford Charter Township, Precinct 1 Delegate",,DEM,Tabitha T. Young Mingus,229
Calhoun,"Bedford Charter Township, Precinct 1","Bedford Charter Township, Precinct 1 Delegate",,DEM,Ballots Cast,229
Calhoun,"Bedford Charter Township, Precinct 2","Bedford Charter Township, Precinct 2 Delegate",,DEM,Jim Haadsma,241
Calhoun,"Bedford Charter Township, Precinct 2","Bedford Charter Township, Precinct 2 Delegate",,DEM,Write-In,2
Calhoun,"Bedford Charter Township, Precinct 2","Bedford Charter Township, Precinct 2 Delegate",,DEM,Ballots Cast,243
Calhoun,"Bedford Charter Township, Precinct 3","Bedford Charter Township, Precinct 3 Delegate",,DEM,Joe Hooper,209
Calhoun,"Bedford Charter Township, Precinct 3","Bedford Charter Township, Precinct 3 Delegate",,DEM,Shirley A. Tuggle,338
Calhoun,"Bedford Charter Township, Precinct 3","Bedford Charter Township, Precinct 3 Delegate",,DEM,Write-In,2
Calhoun,"Bedford Charter Township, Precinct 3","Bedford Charter Township, Precinct 3 Delegate",,DEM,Ballots Cast,549
Calhoun,"Burlington Township, Precinct 1","Burlington Township, Precinct 1 Delegate",,DEM,Write-In,11
Calhoun,"Burlington Township, Precinct 1","Burlington Township, Precinct 1 Delegate",,DEM,Ballots Cast,11
Calhoun,"Clarence Township, Precinct 1","Clarence Township, Precinct 1 Delegate",,DEM,Write-In,32
Calhoun,"Clarence Township, Precinct 1","Clarence Township, Precinct 1 Delegate",,DEM,Ballots Cast,32
Calhoun,"Clarendon Township, Precinct 1","Clarendon Township, Precinct 1 Delegate",,DEM,Write-In,13
Calhoun,"Clarendon Township, Precinct 1","Clarendon Township, Precinct 1 Delegate",,DEM,Ballots Cast,13
Calhoun,"Convis Township, Precinct 1","Convis Township, Precinct 1 Delegate",,DEM,Dal A. Pell,105
Calhoun,"Convis Township, Precinct 1","Convis Township, Precinct 1 Delegate",,DEM,Ballots Cast,105
Calhoun,"Eckford Township, Precinct 1","Eckford Township, Precinct 1 Delegate",,DEM,Write-In,34
Calhoun,"Eckford Township, Precinct 1","Eckford Township, Precinct 1 Delegate",,DEM,Ballots Cast,34
Calhoun,"Emmett Charter Township, Precinct 1","Emmett Township, Precinct 1 Delegate",,DEM,Write-In,45
Calhoun,"Emmett Charter Township, Precinct 1","Emmett Township, Precinct 1 Delegate",,DEM,Ballots Cast,45
Calhoun,"Emmett Charter Township, Precinct 2","Emmett Township, Precinct 2 Delegate",,DEM,Write-In,69
Calhoun,"Emmett Charter Township, Precinct 2","Emmett Township, Precinct 2 Delegate",,DEM,Ballots Cast,69
Calhoun,"Emmett Charter Township, Precinct 3","Emmett Township, Precinct 3 Delegate",,DEM,Kayla McCarthy,194
Calhoun,"Emmett Charter Township, Precinct 3","Emmett Township, Precinct 3 Delegate",,DEM,Write-In,2
Calhoun,"Emmett Charter Township, Precinct 3","Emmett Township, Precinct 3 Delegate",,DEM,Ballots Cast,196
Calhoun,"Emmett Charter Township, Precinct 4","Emmett Township, Precinct 4 Delegate",,DEM,Write-In,34
Calhoun,"Emmett Charter Township, Precinct 4","Emmett Township, Precinct 4 Delegate",,DEM,Ballots Cast,34
Calhoun,"Fredonia Township, Precinct 1","Fredonia Township, Precinct 1 Delegate",,DEM,Write-In,19
Calhoun,"Fredonia Township, Precinct 1","Fredonia Township, Precinct 1 Delegate",,DEM,Ballots Cast,19
Calhoun,"Homer Township, Precinct 1","Homer Township, Precinct 1 Delegate",,DEM,David B. Miller,85
Calhoun,"Homer Township, Precinct 1","Homer Township, Precinct 1 Delegate",,DEM,Isabell Nazar,122
Calhoun,"Homer Township, Precinct 1","Homer Township, Precinct 1 Delegate",,DEM,Ballots Cast,207
Calhoun,"Lee Township, Precinct 1","Lee Township, Precinct 1 Delegate",,DEM,Write-In,23
Calhoun,"Lee Township, Precinct 1","Lee Township, Precinct 1 Delegate",,DEM,Ballots Cast,23
Calhoun,"Leroy Township, Precinct 1","Leroy Township, Precinct 1 Delegate",,DEM,Christine Kosmowski,391
Calhoun,"Leroy Township, Precinct 1","Leroy Township, Precinct 1 Delegate",,DEM,Wayne W. Kukuk,280
Calhoun,"Leroy Township, Precinct 1","Leroy Township, Precinct 1 Delegate",,DEM,Write-In,2
Calhoun,"Leroy Township, Precinct 1","Leroy Township, Precinct 1 Delegate",,DEM,Ballots Cast,673
Calhoun,"Marengo Township, Precinct 1","Marengo Township, Precinct 1 Delegate",,DEM,Write-In,19
Calhoun,"Marengo Township, Precinct 1","Marengo Township, Precinct 1 Delegate",,DEM,Ballots Cast,19
Calhoun,"Marshall Township, Precinct 1","Marshall Township, Precinct 1 Delegate",,DEM,Donald Marx,291
Calhoun,"Marshall Township, Precinct 1","Marshall Township, Precinct 1 Delegate",,DEM,Write-In,5
Calhoun,"Marshall Township, Precinct 1","Marshall Township, Precinct 1 Delegate",,DEM,Ballots Cast,296
Calhoun,"Newton Township, Precinct 1","Newton Township, Precinct 1 Delegate",,DEM,Lisa Froehlich,220
Calhoun,"Newton Township, Precinct 1","Newton Township, Precinct 1 Delegate",,DEM,Write-In,2
Calhoun,"Newton Township, Precinct 1","Newton Township, Precinct 1 Delegate",,DEM,Ballots Cast,222
Calhoun,"Pennfield Charter Township, Precinct 2","Pennfield Township, Precinct 2 Delegate",,DEM,Write-In,40
Calhoun,"Pennfield Charter Township, Precinct 2","Pennfield Township, Precinct 2 Delegate",,DEM,Ballots Cast,40
Calhoun,"Pennfield Charter Township, Precinct 3","Pennfield Township, Precinct 3 Delegate",,DEM,Write-In,34
Calhoun,"Pennfield Charter Township, Precinct 3","Pennfield Township, Precinct 3 Delegate",,DEM,Ballots Cast,34
Calhoun,"Sheridan Township, Precinct 1","Sheridan Township, Precinct 1 Delegate",,DEM,Write-In,7
Calhoun,"Sheridan Township, Precinct 1","Sheridan Township, Precinct 1 Delegate",,DEM,Ballots Cast,7
Calhoun,"Tekonsha Township, Precinct 1","Tekonsha Township, Precinct 1 Delegate",,DEM,Write-In,23
Calhoun,"Tekonsha Township, Precinct 1","Tekonsha Township, Precinct 1 Delegate",,DEM,Ballots Cast,23
Calhoun,"Albion Township, Precinct 1",Governor,,REP,Aric Nesbitt,6
Calhoun,"Albion Township, Precinct 1",Governor,,REP,John James,73
Calhoun,"Albion Township, Precinct 1",Governor,,REP,Mike Cox,12
Calhoun,"Albion Township, Precinct 1",Governor,,REP,Perry Johnson,59
Calhoun,"Albion Township, Precinct 1",Governor,,REP,Ballots Cast,150
Calhoun,"Athens Township, Precinct 1",Governor,,REP,Aric Nesbitt,10
Calhoun,"Athens Township, Precinct 1",Governor,,REP,John James,155
Calhoun,"Athens Township, Precinct 1",Governor,,REP,Mike Cox,28
Calhoun,"Athens Township, Precinct 1",Governor,,REP,Perry Johnson,77
Calhoun,"Athens Township, Precinct 1",Governor,,REP,Ballots Cast,270
Calhoun,"Bedford Charter Township, Precinct 1",Governor,,REP,Aric Nesbitt,13
Calhoun,"Bedford Charter Township, Precinct 1",Governor,,REP,John James,167
Calhoun,"Bedford Charter Township, Precinct 1",Governor,,REP,Mike Cox,49
Calhoun,"Bedford Charter Township, Precinct 1",Governor,,REP,Perry Johnson,118
Calhoun,"Bedford Charter Township, Precinct 1",Governor,,REP,Ballots Cast,347
Calhoun,"Bedford Charter Township, Precinct 2",Governor,,REP,Aric Nesbitt,6
Calhoun,"Bedford Charter Township, Precinct 2",Governor,,REP,John James,120
Calhoun,"Bedford Charter Township, Precinct 2",Governor,,REP,Mike Cox,26
Calhoun,"Bedford Charter Township, Precinct 2",Governor,,REP,Perry Johnson,104
Calhoun,"Bedford Charter Township, Precinct 2",Governor,,REP,Ballots Cast,256
Calhoun,"Bedford Charter Township, Precinct 3",Governor,,REP,Aric Nesbitt,7
Calhoun,"Bedford Charter Township, Precinct 3",Governor,,REP,John James,121
Calhoun,"Bedford Charter Township, Precinct 3",Governor,,REP,Mike Cox,33
Calhoun,"Bedford Charter Township, Precinct 3",Governor,,REP,Perry Johnson,105
Calhoun,"Bedford Charter Township, Precinct 3",Governor,,REP,Ballots Cast,266
Calhoun,"Burlington Township, Precinct 1",Governor,,REP,Aric Nesbitt,4
Calhoun,"Burlington Township, Precinct 1",Governor,,REP,John James,88
Calhoun,"Burlington Township, Precinct 1",Governor,,REP,Mike Cox,38
Calhoun,"Burlington Township, Precinct 1",Governor,,REP,Perry Johnson,90
Calhoun,"Burlington Township, Precinct 1",Governor,,REP,Write-In,1
Calhoun,"Burlington Township, Precinct 1",Governor,,REP,Ballots Cast,221
Calhoun,"City of Albion, Precinct 1",Governor,,REP,Aric Nesbitt,1
Calhoun,"City of Albion, Precinct 1",Governor,,REP,John James,14
Calhoun,"City of Albion, Precinct 1",Governor,,REP,Mike Cox,7
Calhoun,"City of Albion, Precinct 1",Governor,,REP,Perry Johnson,6
Calhoun,"City of Albion, Precinct 1",Governor,,REP,Write-In,1
Calhoun,"City of Albion, Precinct 1",Governor,,REP,Ballots Cast,29
Calhoun,"City of Albion, Precinct 2",Governor,,REP,John James,11
Calhoun,"City of Albion, Precinct 2",Governor,,REP,Perry Johnson,9
Calhoun,"City of Albion, Precinct 2",Governor,,REP,Ballots Cast,20
Calhoun,"City of Albion, Precinct 3",Governor,,REP,Aric Nesbitt,2
Calhoun,"City of Albion, Precinct 3",Governor,,REP,John James,37
Calhoun,"City of Albion, Precinct 3",Governor,,REP,Mike Cox,13
Calhoun,"City of Albion, Precinct 3",Governor,,REP,Perry Johnson,17
Calhoun,"City of Albion, Precinct 3",Governor,,REP,Ballots Cast,69
Calhoun,"City of Albion, Precinct 4",Governor,,REP,Aric Nesbitt,2
Calhoun,"City of Albion, Precinct 4",Governor,,REP,John James,29
Calhoun,"City of Albion, Precinct 4",Governor,,REP,Mike Cox,10
Calhoun,"City of Albion, Precinct 4",Governor,,REP,Perry Johnson,14
Calhoun,"City of Albion, Precinct 4",Governor,,REP,Ballots Cast,55
Calhoun,"City of Albion, Precinct 5",Governor,,REP,Aric Nesbitt,1
Calhoun,"City of Albion, Precinct 5",Governor,,REP,John James,27
Calhoun,"City of Albion, Precinct 5",Governor,,REP,Mike Cox,9
Calhoun,"City of Albion, Precinct 5",Governor,,REP,Perry Johnson,24
Calhoun,"City of Albion, Precinct 5",Governor,,REP,Write-In,1
Calhoun,"City of Albion, Precinct 5",Governor,,REP,Ballots Cast,62
Calhoun,"City of Albion, Precinct 6",Governor,,REP,Aric Nesbitt,1
Calhoun,"City of Albion, Precinct 6",Governor,,REP,John James,16
Calhoun,"City of Albion, Precinct 6",Governor,,REP,Mike Cox,7
Calhoun,"City of Albion, Precinct 6",Governor,,REP,Perry Johnson,14
Calhoun,"City of Albion, Precinct 6",Governor,,REP,Ballots Cast,38
Calhoun,"City of Battle Creek, Precinct 1",Governor,,REP,Aric Nesbitt,1
Calhoun,"City of Battle Creek, Precinct 1",Governor,,REP,John James,25
Calhoun,"City of Battle Creek, Precinct 1",Governor,,REP,Mike Cox,7
Calhoun,"City of Battle Creek, Precinct 1",Governor,,REP,Perry Johnson,21
Calhoun,"City of Battle Creek, Precinct 1",Governor,,REP,Write-In,1
Calhoun,"City of Battle Creek, Precinct 1",Governor,,REP,Ballots Cast,55
Calhoun,"City of Battle Creek, Precinct 10",Governor,,REP,Aric Nesbitt,7
Calhoun,"City of Battle Creek, Precinct 10",Governor,,REP,John James,138
Calhoun,"City of Battle Creek, Precinct 10",Governor,,REP,Mike Cox,23
Calhoun,"City of Battle Creek, Precinct 10",Governor,,REP,Perry Johnson,70
Calhoun,"City of Battle Creek, Precinct 10",Governor,,REP,Write-In,1
Calhoun,"City of Battle Creek, Precinct 10",Governor,,REP,Ballots Cast,239
Calhoun,"City of Battle Creek, Precinct 11",Governor,,REP,Aric Nesbitt,7
Calhoun,"City of Battle Creek, Precinct 11",Governor,,REP,John James,84
Calhoun,"City of Battle Creek, Precinct 11",Governor,,REP,Mike Cox,24
Calhoun,"City of Battle Creek, Precinct 11",Governor,,REP,Perry Johnson,48
Calhoun,"City of Battle Creek, Precinct 11",Governor,,REP,Ballots Cast,163
Calhoun,"City of Battle Creek, Precinct 12",Governor,,REP,Aric Nesbitt,3
Calhoun,"City of Battle Creek, Precinct 12",Governor,,REP,John James,34
Calhoun,"City of Battle Creek, Precinct 12",Governor,,REP,Mike Cox,12
Calhoun,"City of Battle Creek, Precinct 12",Governor,,REP,Perry Johnson,29
Calhoun,"City of Battle Creek, Precinct 12",Governor,,REP,Ballots Cast,78
Calhoun,"City of Battle Creek, Precinct 13",Governor,,REP,Aric Nesbitt,12
Calhoun,"City of Battle Creek, Precinct 13",Governor,,REP,John James,127
Calhoun,"City of Battle Creek, Precinct 13",Governor,,REP,Mike Cox,33
Calhoun,"City of Battle Creek, Precinct 13",Governor,,REP,Perry Johnson,85
Calhoun,"City of Battle Creek, Precinct 13",Governor,,REP,Ballots Cast,257
Calhoun,"City of Battle Creek, Precinct 2",Governor,,REP,Aric Nesbitt,6
Calhoun,"City of Battle Creek, Precinct 2",Governor,,REP,John James,60
Calhoun,"City of Battle Creek, Precinct 2",Governor,,REP,Mike Cox,23
Calhoun,"City of Battle Creek, Precinct 2",Governor,,REP,Perry Johnson,53
Calhoun,"City of Battle Creek, Precinct 2",Governor,,REP,Ballots Cast,142
Calhoun,"City of Battle Creek, Precinct 3",Governor,,REP,Aric Nesbitt,2
Calhoun,"City of Battle Creek, Precinct 3",Governor,,REP,John James,145
Calhoun,"City of Battle Creek, Precinct 3",Governor,,REP,Mike Cox,36
Calhoun,"City of Battle Creek, Precinct 3",Governor,,REP,Perry Johnson,65
Calhoun,"City of Battle Creek, Precinct 3",Governor,,REP,Write-In,2
Calhoun,"City of Battle Creek, Precinct 3",Governor,,REP,Ballots Cast,250
Calhoun,"City of Battle Creek, Precinct 4",Governor,,REP,Aric Nesbitt,2
Calhoun,"City of Battle Creek, Precinct 4",Governor,,REP,John James,95
Calhoun,"City of Battle Creek, Precinct 4",Governor,,REP,Mike Cox,15
Calhoun,"City of Battle Creek, Precinct 4",Governor,,REP,Perry Johnson,90
Calhoun,"City of Battle Creek, Precinct 4",Governor,,REP,Ballots Cast,202
Calhoun,"City of Battle Creek, Precinct 5",Governor,,REP,Aric Nesbitt,23
Calhoun,"City of Battle Creek, Precinct 5",Governor,,REP,John James,291
Calhoun,"City of Battle Creek, Precinct 5",Governor,,REP,Mike Cox,38
Calhoun,"City of Battle Creek, Precinct 5",Governor,,REP,Perry Johnson,127
Calhoun,"City of Battle Creek, Precinct 5",Governor,,REP,Ballots Cast,479
Calhoun,"City of Battle Creek, Precinct 6",Governor,,REP,Aric Nesbitt,3
Calhoun,"City of Battle Creek, Precinct 6",Governor,,REP,John James,122
Calhoun,"City of Battle Creek, Precinct 6",Governor,,REP,Mike Cox,34
Calhoun,"City of Battle Creek, Precinct 6",Governor,,REP,Perry Johnson,95
Calhoun,"City of Battle Creek, Precinct 6",Governor,,REP,Ballots Cast,254
Calhoun,"City of Battle Creek, Precinct 7",Governor,,REP,Aric Nesbitt,1
Calhoun,"City of Battle Creek, Precinct 7",Governor,,REP,John James,30
Calhoun,"City of Battle Creek, Precinct 7",Governor,,REP,Mike Cox,10
Calhoun,"City of Battle Creek, Precinct 7",Governor,,REP,Perry Johnson,19
Calhoun,"City of Battle Creek, Precinct 7",Governor,,REP,Write-In,1
Calhoun,"City of Battle Creek, Precinct 7",Governor,,REP,Ballots Cast,61
Calhoun,"City of Battle Creek, Precinct 8",Governor,,REP,Aric Nesbitt,3
Calhoun,"City of Battle Creek, Precinct 8",Governor,,REP,John James,161
Calhoun,"City of Battle Creek, Precinct 8",Governor,,REP,Mike Cox,41
Calhoun,"City of Battle Creek, Precinct 8",Governor,,REP,Perry Johnson,96
Calhoun,"City of Battle Creek, Precinct 8",Governor,,REP,Ballots Cast,301
Calhoun,"City of Battle Creek, Precinct 9",Governor,,REP,John James,52
Calhoun,"City of Battle Creek, Precinct 9",Governor,,REP,Mike Cox,9
Calhoun,"City of Battle Creek, Precinct 9",Governor,,REP,Perry Johnson,19
Calhoun,"City of Battle Creek, Precinct 9",Governor,,REP,Ballots Cast,80
Calhoun,"City of Marshall, Precinct 1",Governor,,REP,Aric Nesbitt,16
Calhoun,"City of Marshall, Precinct 1",Governor,,REP,John James,141
Calhoun,"City of Marshall, Precinct 1",Governor,,REP,Mike Cox,25
Calhoun,"City of Marshall, Precinct 1",Governor,,REP,Perry Johnson,85
Calhoun,"City of Marshall, Precinct 1",Governor,,REP,Ballots Cast,267
Calhoun,"City of Marshall, Precinct 2",Governor,,REP,Aric Nesbitt,4
Calhoun,"City of Marshall, Precinct 2",Governor,,REP,John James,152
Calhoun,"City of Marshall, Precinct 2",Governor,,REP,Mike Cox,46
Calhoun,"City of Marshall, Precinct 2",Governor,,REP,Perry Johnson,98
Calhoun,"City of Marshall, Precinct 2",Governor,,REP,Ballots Cast,300
Calhoun,"City of Springfield, Precinct 1",Governor,,REP,Aric Nesbitt,2
Calhoun,"City of Springfield, Precinct 1",Governor,,REP,John James,121
Calhoun,"City of Springfield, Precinct 1",Governor,,REP,Mike Cox,28
Calhoun,"City of Springfield, Precinct 1",Governor,,REP,Perry Johnson,76
Calhoun,"City of Springfield, Precinct 1",Governor,,REP,Ballots Cast,227
Calhoun,"Clarence Township, Precinct 1",Governor,,REP,Aric Nesbitt,3
Calhoun,"Clarence Township, Precinct 1",Governor,,REP,John James,108
Calhoun,"Clarence Township, Precinct 1",Governor,,REP,Mike Cox,42
Calhoun,"Clarence Township, Precinct 1",Governor,,REP,Perry Johnson,127
Calhoun,"Clarence Township, Precinct 1",Governor,,REP,Ballots Cast,280
Calhoun,"Clarendon Township, Precinct 1",Governor,,REP,Aric Nesbitt,1
Calhoun,"Clarendon Township, Precinct 1",Governor,,REP,John James,73
Calhoun,"Clarendon Township, Precinct 1",Governor,,REP,Mike Cox,21
Calhoun,"Clarendon Township, Precinct 1",Governor,,REP,Perry Johnson,46
Calhoun,"Clarendon Township, Precinct 1",Governor,,REP,Write-In,1
Calhoun,"Clarendon Township, Precinct 1",Governor,,REP,Ballots Cast,142
Calhoun,"Convis Township, Precinct 1",Governor,,REP,Aric Nesbitt,4
Calhoun,"Convis Township, Precinct 1",Governor,,REP,John James,91
Calhoun,"Convis Township, Precinct 1",Governor,,REP,Mike Cox,10
Calhoun,"Convis Township, Precinct 1",Governor,,REP,Perry Johnson,72
Calhoun,"Convis Township, Precinct 1",Governor,,REP,Ballots Cast,177
Calhoun,"Eckford Township, Precinct 1",Governor,,REP,Aric Nesbitt,6
Calhoun,"Eckford Township, Precinct 1",Governor,,REP,John James,110
Calhoun,"Eckford Township, Precinct 1",Governor,,REP,Mike Cox,32
Calhoun,"Eckford Township, Precinct 1",Governor,,REP,Perry Johnson,96
Calhoun,"Eckford Township, Precinct 1",Governor,,REP,Ballots Cast,244
Calhoun,"Emmett Charter Township, Precinct 1",Governor,,REP,Aric Nesbitt,4
Calhoun,"Emmett Charter Township, Precinct 1",Governor,,REP,John James,88
Calhoun,"Emmett Charter Township, Precinct 1",Governor,,REP,Mike Cox,24
Calhoun,"Emmett Charter Township, Precinct 1",Governor,,REP,Perry Johnson,49
Calhoun,"Emmett Charter Township, Precinct 1",Governor,,REP,Write-In,1
Calhoun,"Emmett Charter Township, Precinct 1",Governor,,REP,Ballots Cast,166
Calhoun,"Emmett Charter Township, Precinct 2",Governor,,REP,Aric Nesbitt,4
Calhoun,"Emmett Charter Township, Precinct 2",Governor,,REP,John James,203
Calhoun,"Emmett Charter Township, Precinct 2",Governor,,REP,Mike Cox,49
Calhoun,"Emmett Charter Township, Precinct 2",Governor,,REP,Perry Johnson,123
Calhoun,"Emmett Charter Township, Precinct 2",Governor,,REP,Write-In,2
Calhoun,"Emmett Charter Township, Precinct 2",Governor,,REP,Ballots Cast,381
Calhoun,"Emmett Charter Township, Precinct 3",Governor,,REP,Aric Nesbitt,11
Calhoun,"Emmett Charter Township, Precinct 3",Governor,,REP,John James,100
Calhoun,"Emmett Charter Township, Precinct 3",Governor,,REP,Mike Cox,27
Calhoun,"Emmett Charter Township, Precinct 3",Governor,,REP,Perry Johnson,73
Calhoun,"Emmett Charter Township, Precinct 3",Governor,,REP,Write-In,1
Calhoun,"Emmett Charter Township, Precinct 3",Governor,,REP,Ballots Cast,212
Calhoun,"Emmett Charter Township, Precinct 4",Governor,,REP,Aric Nesbitt,19
Calhoun,"Emmett Charter Township, Precinct 4",Governor,,REP,John James,266
Calhoun,"Emmett Charter Township, Precinct 4",Governor,,REP,Mike Cox,67
Calhoun,"Emmett Charter Township, Precinct 4",Governor,,REP,Perry Johnson,189
Calhoun,"Emmett Charter Township, Precinct 4",Governor,,REP,Write-In,1
Calhoun,"Emmett Charter Township, Precinct 4",Governor,,REP,Ballots Cast,542
Calhoun,"Fredonia Township, Precinct 1",Governor,,REP,Aric Nesbitt,4
Calhoun,"Fredonia Township, Precinct 1",Governor,,REP,John James,120
Calhoun,"Fredonia Township, Precinct 1",Governor,,REP,Mike Cox,44
Calhoun,"Fredonia Township, Precinct 1",Governor,,REP,Perry Johnson,79
Calhoun,"Fredonia Township, Precinct 1",Governor,,REP,Ballots Cast,247
Calhoun,"Homer Township, Precinct 1",Governor,,REP,Aric Nesbitt,3
Calhoun,"Homer Township, Precinct 1",Governor,,REP,John James,132
Calhoun,"Homer Township, Precinct 1",Governor,,REP,Mike Cox,41
Calhoun,"Homer Township, Precinct 1",Governor,,REP,Perry Johnson,108
Calhoun,"Homer Township, Precinct 1",Governor,,REP,Write-In,2
Calhoun,"Homer Township, Precinct 1",Governor,,REP,Ballots Cast,286
Calhoun,"Lee Township, Precinct 1",Governor,,REP,Aric Nesbitt,1
Calhoun,"Lee Township, Precinct 1",Governor,,REP,John James,72
Calhoun,"Lee Township, Precinct 1",Governor,,REP,Mike Cox,17
Calhoun,"Lee Township, Precinct 1",Governor,,REP,Perry Johnson,53
Calhoun,"Lee Township, Precinct 1",Governor,,REP,Write-In,1
Calhoun,"Lee Township, Precinct 1",Governor,,REP,Ballots Cast,144
Calhoun,"Leroy Township, Precinct 1",Governor,,REP,Aric Nesbitt,12
Calhoun,"Leroy Township, Precinct 1",Governor,,REP,John James,331
Calhoun,"Leroy Township, Precinct 1",Governor,,REP,Mike Cox,92
Calhoun,"Leroy Township, Precinct 1",Governor,,REP,Perry Johnson,227
Calhoun,"Leroy Township, Precinct 1",Governor,,REP,Write-In,1
Calhoun,"Leroy Township, Precinct 1",Governor,,REP,Ballots Cast,663
Calhoun,"Marengo Township, Precinct 1",Governor,,REP,Aric Nesbitt,5
Calhoun,"Marengo Township, Precinct 1",Governor,,REP,John James,152
Calhoun,"Marengo Township, Precinct 1",Governor,,REP,Mike Cox,37
Calhoun,"Marengo Township, Precinct 1",Governor,,REP,Perry Johnson,69
Calhoun,"Marengo Township, Precinct 1",Governor,,REP,Ballots Cast,263
Calhoun,"Marshall Township, Precinct 1",Governor,,REP,Aric Nesbitt,9
Calhoun,"Marshall Township, Precinct 1",Governor,,REP,John James,223
Calhoun,"Marshall Township, Precinct 1",Governor,,REP,Mike Cox,49
Calhoun,"Marshall Township, Precinct 1",Governor,,REP,Perry Johnson,154
Calhoun,"Marshall Township, Precinct 1",Governor,,REP,Ballots Cast,435
Calhoun,"Newton Township, Precinct 1",Governor,,REP,Aric Nesbitt,14
Calhoun,"Newton Township, Precinct 1",Governor,,REP,John James,255
Calhoun,"Newton Township, Precinct 1",Governor,,REP,Mike Cox,46
Calhoun,"Newton Township, Precinct 1",Governor,,REP,Perry Johnson,173
Calhoun,"Newton Township, Precinct 1",Governor,,REP,Write-In,3
Calhoun,"Newton Township, Precinct 1",Governor,,REP,Ballots Cast,491
Calhoun,"Pennfield Charter Township, Precinct 2",Governor,,REP,Aric Nesbitt,7
Calhoun,"Pennfield Charter Township, Precinct 2",Governor,,REP,John James,199
Calhoun,"Pennfield Charter Township, Precinct 2",Governor,,REP,Mike Cox,76
Calhoun,"Pennfield Charter Township, Precinct 2",Governor,,REP,Perry Johnson,112
Calhoun,"Pennfield Charter Township, Precinct 2",Governor,,REP,Ballots Cast,394
Calhoun,"Pennfield Charter Township, Precinct 3",Governor,,REP,Aric Nesbitt,20
Calhoun,"Pennfield Charter Township, Precinct 3",Governor,,REP,John James,301
Calhoun,"Pennfield Charter Township, Precinct 3",Governor,,REP,Mike Cox,91
Calhoun,"Pennfield Charter Township, Precinct 3",Governor,,REP,Perry Johnson,178
Calhoun,"Pennfield Charter Township, Precinct 3",Governor,,REP,Write-In,3
Calhoun,"Pennfield Charter Township, Precinct 3",Governor,,REP,Ballots Cast,593
Calhoun,"Sheridan Township, Precinct 1",Governor,,REP,Aric Nesbitt,2
Calhoun,"Sheridan Township, Precinct 1",Governor,,REP,John James,74
Calhoun,"Sheridan Township, Precinct 1",Governor,,REP,Mike Cox,14
Calhoun,"Sheridan Township, Precinct 1",Governor,,REP,Perry Johnson,52
Calhoun,"Sheridan Township, Precinct 1",Governor,,REP,Ballots Cast,142
Calhoun,"Tekonsha Township, Precinct 1",Governor,,REP,Aric Nesbitt,8
Calhoun,"Tekonsha Township, Precinct 1",Governor,,REP,John James,84
Calhoun,"Tekonsha Township, Precinct 1",Governor,,REP,Mike Cox,17
Calhoun,"Tekonsha Township, Precinct 1",Governor,,REP,Perry Johnson,64
Calhoun,"Tekonsha Township, Precinct 1",Governor,,REP,Ballots Cast,173
Calhoun,"Albion Township, Precinct 1",U.S. Senate,,REP,Mike Rogers,149
Calhoun,"Albion Township, Precinct 1",U.S. Senate,,REP,Ballots Cast,149
Calhoun,"Athens Township, Precinct 1",U.S. Senate,,REP,Mike Rogers,261
Calhoun,"Athens Township, Precinct 1",U.S. Senate,,REP,Write-In,1
Calhoun,"Athens Township, Precinct 1",U.S. Senate,,REP,Ballots Cast,262
Calhoun,"Bedford Charter Township, Precinct 1",U.S. Senate,,REP,Mike Rogers,328
Calhoun,"Bedford Charter Township, Precinct 1",U.S. Senate,,REP,Write-In,2
Calhoun,"Bedford Charter Township, Precinct 1",U.S. Senate,,REP,Ballots Cast,330
Calhoun,"Bedford Charter Township, Precinct 2",U.S. Senate,,REP,Mike Rogers,248
Calhoun,"Bedford Charter Township, Precinct 2",U.S. Senate,,REP,Write-In,1
Calhoun,"Bedford Charter Township, Precinct 2",U.S. Senate,,REP,Ballots Cast,249
Calhoun,"Bedford Charter Township, Precinct 3",U.S. Senate,,REP,Mike Rogers,252
Calhoun,"Bedford Charter Township, Precinct 3",U.S. Senate,,REP,Ballots Cast,252
Calhoun,"Burlington Township, Precinct 1",U.S. Senate,,REP,Mike Rogers,211
Calhoun,"Burlington Township, Precinct 1",U.S. Senate,,REP,Ballots Cast,211
Calhoun,"City of Albion, Precinct 1",U.S. Senate,,REP,Mike Rogers,28
Calhoun,"City of Albion, Precinct 1",U.S. Senate,,REP,Ballots Cast,28
Calhoun,"City of Albion, Precinct 2",U.S. Senate,,REP,Mike Rogers,17
Calhoun,"City of Albion, Precinct 2",U.S. Senate,,REP,Write-In,1
Calhoun,"City of Albion, Precinct 2",U.S. Senate,,REP,Ballots Cast,18
Calhoun,"City of Albion, Precinct 3",U.S. Senate,,REP,Mike Rogers,69
Calhoun,"City of Albion, Precinct 3",U.S. Senate,,REP,Ballots Cast,69
Calhoun,"City of Albion, Precinct 4",U.S. Senate,,REP,Mike Rogers,53
Calhoun,"City of Albion, Precinct 4",U.S. Senate,,REP,Ballots Cast,53
Calhoun,"City of Albion, Precinct 5",U.S. Senate,,REP,Mike Rogers,61
Calhoun,"City of Albion, Precinct 5",U.S. Senate,,REP,Write-In,1
Calhoun,"City of Albion, Precinct 5",U.S. Senate,,REP,Ballots Cast,62
Calhoun,"City of Albion, Precinct 6",U.S. Senate,,REP,Mike Rogers,37
Calhoun,"City of Albion, Precinct 6",U.S. Senate,,REP,Ballots Cast,37
Calhoun,"City of Battle Creek, Precinct 1",U.S. Senate,,REP,Mike Rogers,53
Calhoun,"City of Battle Creek, Precinct 1",U.S. Senate,,REP,Ballots Cast,53
Calhoun,"City of Battle Creek, Precinct 10",U.S. Senate,,REP,Mike Rogers,234
Calhoun,"City of Battle Creek, Precinct 10",U.S. Senate,,REP,Write-In,2
Calhoun,"City of Battle Creek, Precinct 10",U.S. Senate,,REP,Ballots Cast,236
Calhoun,"City of Battle Creek, Precinct 11",U.S. Senate,,REP,Mike Rogers,153
Calhoun,"City of Battle Creek, Precinct 11",U.S. Senate,,REP,Ballots Cast,153
Calhoun,"City of Battle Creek, Precinct 12",U.S. Senate,,REP,Mike Rogers,67
Calhoun,"City of Battle Creek, Precinct 12",U.S. Senate,,REP,Write-In,3
Calhoun,"City of Battle Creek, Precinct 12",U.S. Senate,,REP,Ballots Cast,70
Calhoun,"City of Battle Creek, Precinct 13",U.S. Senate,,REP,Mike Rogers,252
Calhoun,"City of Battle Creek, Precinct 13",U.S. Senate,,REP,Write-In,1
Calhoun,"City of Battle Creek, Precinct 13",U.S. Senate,,REP,Ballots Cast,253
Calhoun,"City of Battle Creek, Precinct 2",U.S. Senate,,REP,Mike Rogers,135
Calhoun,"City of Battle Creek, Precinct 2",U.S. Senate,,REP,Write-In,1
Calhoun,"City of Battle Creek, Precinct 2",U.S. Senate,,REP,Ballots Cast,136
Calhoun,"City of Battle Creek, Precinct 3",U.S. Senate,,REP,Mike Rogers,237
Calhoun,"City of Battle Creek, Precinct 3",U.S. Senate,,REP,Write-In,2
Calhoun,"City of Battle Creek, Precinct 3",U.S. Senate,,REP,Ballots Cast,239
Calhoun,"City of Battle Creek, Precinct 4",U.S. Senate,,REP,Mike Rogers,199
Calhoun,"City of Battle Creek, Precinct 4",U.S. Senate,,REP,Write-In,1
Calhoun,"City of Battle Creek, Precinct 4",U.S. Senate,,REP,Ballots Cast,200
Calhoun,"City of Battle Creek, Precinct 5",U.S. Senate,,REP,Mike Rogers,467
Calhoun,"City of Battle Creek, Precinct 5",U.S. Senate,,REP,Write-In,2
Calhoun,"City of Battle Creek, Precinct 5",U.S. Senate,,REP,Ballots Cast,469
Calhoun,"City of Battle Creek, Precinct 6",U.S. Senate,,REP,Mike Rogers,249
Calhoun,"City of Battle Creek, Precinct 6",U.S. Senate,,REP,Ballots Cast,249
Calhoun,"City of Battle Creek, Precinct 7",U.S. Senate,,REP,Mike Rogers,56
Calhoun,"City of Battle Creek, Precinct 7",U.S. Senate,,REP,Write-In,2
Calhoun,"City of Battle Creek, Precinct 7",U.S. Senate,,REP,Ballots Cast,58
Calhoun,"City of Battle Creek, Precinct 8",U.S. Senate,,REP,Mike Rogers,291
Calhoun,"City of Battle Creek, Precinct 8",U.S. Senate,,REP,Ballots Cast,291
Calhoun,"City of Battle Creek, Precinct 9",U.S. Senate,,REP,Mike Rogers,73
Calhoun,"City of Battle Creek, Precinct 9",U.S. Senate,,REP,Ballots Cast,73
Calhoun,"City of Marshall, Precinct 1",U.S. Senate,,REP,Mike Rogers,257
Calhoun,"City of Marshall, Precinct 1",U.S. Senate,,REP,Ballots Cast,257
Calhoun,"City of Marshall, Precinct 2",U.S. Senate,,REP,Mike Rogers,295
Calhoun,"City of Marshall, Precinct 2",U.S. Senate,,REP,Write-In,1
Calhoun,"City of Marshall, Precinct 2",U.S. Senate,,REP,Ballots Cast,296
Calhoun,"City of Springfield, Precinct 1",U.S. Senate,,REP,Mike Rogers,225
Calhoun,"City of Springfield, Precinct 1",U.S. Senate,,REP,Ballots Cast,225
Calhoun,"Clarence Township, Precinct 1",U.S. Senate,,REP,Mike Rogers,266
Calhoun,"Clarence Township, Precinct 1",U.S. Senate,,REP,Ballots Cast,266
Calhoun,"Clarendon Township, Precinct 1",U.S. Senate,,REP,Mike Rogers,133
Calhoun,"Clarendon Township, Precinct 1",U.S. Senate,,REP,Ballots Cast,133
Calhoun,"Convis Township, Precinct 1",U.S. Senate,,REP,Mike Rogers,168
Calhoun,"Convis Township, Precinct 1",U.S. Senate,,REP,Ballots Cast,168
Calhoun,"Eckford Township, Precinct 1",U.S. Senate,,REP,Mike Rogers,230
Calhoun,"Eckford Township, Precinct 1",U.S. Senate,,REP,Ballots Cast,230
Calhoun,"Emmett Charter Township, Precinct 1",U.S. Senate,,REP,Mike Rogers,160
Calhoun,"Emmett Charter Township, Precinct 1",U.S. Senate,,REP,Ballots Cast,160
Calhoun,"Emmett Charter Township, Precinct 2",U.S. Senate,,REP,Mike Rogers,366
Calhoun,"Emmett Charter Township, Precinct 2",U.S. Senate,,REP,Write-In,3
Calhoun,"Emmett Charter Township, Precinct 2",U.S. Senate,,REP,Ballots Cast,369
Calhoun,"Emmett Charter Township, Precinct 3",U.S. Senate,,REP,Mike Rogers,205
Calhoun,"Emmett Charter Township, Precinct 3",U.S. Senate,,REP,Write-In,1
Calhoun,"Emmett Charter Township, Precinct 3",U.S. Senate,,REP,Ballots Cast,206
Calhoun,"Emmett Charter Township, Precinct 4",U.S. Senate,,REP,Mike Rogers,514
Calhoun,"Emmett Charter Township, Precinct 4",U.S. Senate,,REP,Write-In,3
Calhoun,"Emmett Charter Township, Precinct 4",U.S. Senate,,REP,Ballots Cast,517
Calhoun,"Fredonia Township, Precinct 1",U.S. Senate,,REP,Mike Rogers,231
Calhoun,"Fredonia Township, Precinct 1",U.S. Senate,,REP,Ballots Cast,231
Calhoun,"Homer Township, Precinct 1",U.S. Senate,,REP,Mike Rogers,274
Calhoun,"Homer Township, Precinct 1",U.S. Senate,,REP,Ballots Cast,274
Calhoun,"Lee Township, Precinct 1",U.S. Senate,,REP,Mike Rogers,138
Calhoun,"Lee Township, Precinct 1",U.S. Senate,,REP,Ballots Cast,138
Calhoun,"Leroy Township, Precinct 1",U.S. Senate,,REP,Mike Rogers,644
Calhoun,"Leroy Township, Precinct 1",U.S. Senate,,REP,Write-In,1
Calhoun,"Leroy Township, Precinct 1",U.S. Senate,,REP,Ballots Cast,645
Calhoun,"Marengo Township, Precinct 1",U.S. Senate,,REP,Mike Rogers,254
Calhoun,"Marengo Township, Precinct 1",U.S. Senate,,REP,Ballots Cast,254
Calhoun,"Marshall Township, Precinct 1",U.S. Senate,,REP,Mike Rogers,405
Calhoun,"Marshall Township, Precinct 1",U.S. Senate,,REP,Ballots Cast,405
Calhoun,"Newton Township, Precinct 1",U.S. Senate,,REP,Mike Rogers,469
Calhoun,"Newton Township, Precinct 1",U.S. Senate,,REP,Write-In,3
Calhoun,"Newton Township, Precinct 1",U.S. Senate,,REP,Ballots Cast,472
Calhoun,"Pennfield Charter Township, Precinct 2",U.S. Senate,,REP,Mike Rogers,377
Calhoun,"Pennfield Charter Township, Precinct 2",U.S. Senate,,REP,Write-In,1
Calhoun,"Pennfield Charter Township, Precinct 2",U.S. Senate,,REP,Ballots Cast,378
Calhoun,"Pennfield Charter Township, Precinct 3",U.S. Senate,,REP,Mike Rogers,565
Calhoun,"Pennfield Charter Township, Precinct 3",U.S. Senate,,REP,Write-In,1
Calhoun,"Pennfield Charter Township, Precinct 3",U.S. Senate,,REP,Ballots Cast,566
Calhoun,"Sheridan Township, Precinct 1",U.S. Senate,,REP,Mike Rogers,130
Calhoun,"Sheridan Township, Precinct 1",U.S. Senate,,REP,Write-In,1
Calhoun,"Sheridan Township, Precinct 1",U.S. Senate,,REP,Ballots Cast,131
Calhoun,"Tekonsha Township, Precinct 1",U.S. Senate,,REP,Mike Rogers,158
Calhoun,"Tekonsha Township, Precinct 1",U.S. Senate,,REP,Write-In,2
Calhoun,"Tekonsha Township, Precinct 1",U.S. Senate,,REP,Ballots Cast,160
Calhoun,"Bedford Charter Township, Precinct 1",U.S. House,4,REP,Bill Huizenga,300
Calhoun,"Bedford Charter Township, Precinct 1",U.S. House,4,REP,Philip Tanis,39
Calhoun,"Bedford Charter Township, Precinct 1",U.S. House,4,REP,Write-In,1
Calhoun,"Bedford Charter Township, Precinct 1",U.S. House,4,REP,Ballots Cast,340
Calhoun,"Bedford Charter Township, Precinct 2",U.S. House,4,REP,Bill Huizenga,206
Calhoun,"Bedford Charter Township, Precinct 2",U.S. House,4,REP,Philip Tanis,45
Calhoun,"Bedford Charter Township, Precinct 2",U.S. House,4,REP,Ballots Cast,251
Calhoun,"Bedford Charter Township, Precinct 3",U.S. House,4,REP,Bill Huizenga,218
Calhoun,"Bedford Charter Township, Precinct 3",U.S. House,4,REP,Philip Tanis,44
Calhoun,"Bedford Charter Township, Precinct 3",U.S. House,4,REP,Ballots Cast,262
Calhoun,"City of Battle Creek, Precinct 1",U.S. House,4,REP,Bill Huizenga,42
Calhoun,"City of Battle Creek, Precinct 1",U.S. House,4,REP,Philip Tanis,10
Calhoun,"City of Battle Creek, Precinct 1",U.S. House,4,REP,Ballots Cast,52
Calhoun,"City of Battle Creek, Precinct 10",U.S. House,4,REP,Bill Huizenga,198
Calhoun,"City of Battle Creek, Precinct 10",U.S. House,4,REP,Philip Tanis,36
Calhoun,"City of Battle Creek, Precinct 10",U.S. House,4,REP,Write-In,1
Calhoun,"City of Battle Creek, Precinct 10",U.S. House,4,REP,Ballots Cast,235
Calhoun,"City of Battle Creek, Precinct 11",U.S. House,4,REP,Bill Huizenga,135
Calhoun,"City of Battle Creek, Precinct 11",U.S. House,4,REP,Philip Tanis,24
Calhoun,"City of Battle Creek, Precinct 11",U.S. House,4,REP,Ballots Cast,159
Calhoun,"City of Battle Creek, Precinct 12",U.S. House,4,REP,Bill Huizenga,53
Calhoun,"City of Battle Creek, Precinct 12",U.S. House,4,REP,Philip Tanis,21
Calhoun,"City of Battle Creek, Precinct 12",U.S. House,4,REP,Write-In,1
Calhoun,"City of Battle Creek, Precinct 12",U.S. House,4,REP,Ballots Cast,75
Calhoun,"City of Battle Creek, Precinct 13",U.S. House,4,REP,Bill Huizenga,223
Calhoun,"City of Battle Creek, Precinct 13",U.S. House,4,REP,Philip Tanis,31
Calhoun,"City of Battle Creek, Precinct 13",U.S. House,4,REP,Ballots Cast,254
Calhoun,"City of Battle Creek, Precinct 2",U.S. House,4,REP,Bill Huizenga,121
Calhoun,"City of Battle Creek, Precinct 2",U.S. House,4,REP,Philip Tanis,21
Calhoun,"City of Battle Creek, Precinct 2",U.S. House,4,REP,Ballots Cast,142
Calhoun,"City of Battle Creek, Precinct 3",U.S. House,4,REP,Bill Huizenga,224
Calhoun,"City of Battle Creek, Precinct 3",U.S. House,4,REP,Philip Tanis,22
Calhoun,"City of Battle Creek, Precinct 3",U.S. House,4,REP,Write-In,2
Calhoun,"City of Battle Creek, Precinct 3",U.S. House,4,REP,Ballots Cast,248
Calhoun,"City of Battle Creek, Precinct 4",U.S. House,4,REP,Bill Huizenga,160
Calhoun,"City of Battle Creek, Precinct 4",U.S. House,4,REP,Philip Tanis,37
Calhoun,"City of Battle Creek, Precinct 4",U.S. House,4,REP,Write-In,2
Calhoun,"City of Battle Creek, Precinct 4",U.S. House,4,REP,Ballots Cast,199
Calhoun,"City of Battle Creek, Precinct 5",U.S. House,4,REP,Bill Huizenga,431
Calhoun,"City of Battle Creek, Precinct 5",U.S. House,4,REP,Philip Tanis,38
Calhoun,"City of Battle Creek, Precinct 5",U.S. House,4,REP,Ballots Cast,469
Calhoun,"City of Battle Creek, Precinct 6",U.S. House,4,REP,Bill Huizenga,220
Calhoun,"City of Battle Creek, Precinct 6",U.S. House,4,REP,Philip Tanis,30
Calhoun,"City of Battle Creek, Precinct 6",U.S. House,4,REP,Write-In,1
Calhoun,"City of Battle Creek, Precinct 6",U.S. House,4,REP,Ballots Cast,251
Calhoun,"City of Battle Creek, Precinct 7",U.S. House,4,REP,Bill Huizenga,45
Calhoun,"City of Battle Creek, Precinct 7",U.S. House,4,REP,Philip Tanis,12
Calhoun,"City of Battle Creek, Precinct 7",U.S. House,4,REP,Write-In,2
Calhoun,"City of Battle Creek, Precinct 7",U.S. House,4,REP,Ballots Cast,59
Calhoun,"City of Battle Creek, Precinct 8",U.S. House,4,REP,Bill Huizenga,260
Calhoun,"City of Battle Creek, Precinct 8",U.S. House,4,REP,Philip Tanis,33
Calhoun,"City of Battle Creek, Precinct 8",U.S. House,4,REP,Write-In,1
Calhoun,"City of Battle Creek, Precinct 8",U.S. House,4,REP,Ballots Cast,294
Calhoun,"City of Battle Creek, Precinct 9",U.S. House,4,REP,Bill Huizenga,65
Calhoun,"City of Battle Creek, Precinct 9",U.S. House,4,REP,Philip Tanis,13
Calhoun,"City of Battle Creek, Precinct 9",U.S. House,4,REP,Ballots Cast,78
Calhoun,"City of Springfield, Precinct 1",U.S. House,4,REP,Bill Huizenga,179
Calhoun,"City of Springfield, Precinct 1",U.S. House,4,REP,Philip Tanis,44
Calhoun,"City of Springfield, Precinct 1",U.S. House,4,REP,Write-In,2
Calhoun,"City of Springfield, Precinct 1",U.S. House,4,REP,Ballots Cast,225
Calhoun,"Emmett Charter Township, Precinct 1",U.S. House,4,REP,Bill Huizenga,130
Calhoun,"Emmett Charter Township, Precinct 1",U.S. House,4,REP,Philip Tanis,35
Calhoun,"Emmett Charter Township, Precinct 1",U.S. House,4,REP,Write-In,1
Calhoun,"Emmett Charter Township, Precinct 1",U.S. House,4,REP,Ballots Cast,166
Calhoun,"Emmett Charter Township, Precinct 2",U.S. House,4,REP,Bill Huizenga,322
Calhoun,"Emmett Charter Township, Precinct 2",U.S. House,4,REP,Philip Tanis,49
Calhoun,"Emmett Charter Township, Precinct 2",U.S. House,4,REP,Write-In,1
Calhoun,"Emmett Charter Township, Precinct 2",U.S. House,4,REP,Ballots Cast,372
Calhoun,"Emmett Charter Township, Precinct 3",U.S. House,4,REP,Bill Huizenga,171
Calhoun,"Emmett Charter Township, Precinct 3",U.S. House,4,REP,Philip Tanis,38
Calhoun,"Emmett Charter Township, Precinct 3",U.S. House,4,REP,Write-In,1
Calhoun,"Emmett Charter Township, Precinct 3",U.S. House,4,REP,Ballots Cast,210
Calhoun,"Emmett Charter Township, Precinct 4",U.S. House,4,REP,Bill Huizenga,456
Calhoun,"Emmett Charter Township, Precinct 4",U.S. House,4,REP,Philip Tanis,65
Calhoun,"Emmett Charter Township, Precinct 4",U.S. House,4,REP,Write-In,1
Calhoun,"Emmett Charter Township, Precinct 4",U.S. House,4,REP,Ballots Cast,522
Calhoun,"Pennfield Charter Township, Precinct 2",U.S. House,4,REP,Bill Huizenga,311
Calhoun,"Pennfield Charter Township, Precinct 2",U.S. House,4,REP,Philip Tanis,70
Calhoun,"Pennfield Charter Township, Precinct 2",U.S. House,4,REP,Write-In,2
Calhoun,"Pennfield Charter Township, Precinct 2",U.S. House,4,REP,Ballots Cast,383
Calhoun,"Pennfield Charter Township, Precinct 3",U.S. House,4,REP,Bill Huizenga,511
Calhoun,"Pennfield Charter Township, Precinct 3",U.S. House,4,REP,Philip Tanis,71
Calhoun,"Pennfield Charter Township, Precinct 3",U.S. House,4,REP,Write-In,2
Calhoun,"Pennfield Charter Township, Precinct 3",U.S. House,4,REP,Ballots Cast,584
Calhoun,"Albion Township, Precinct 1",U.S. House,5,REP,Tim Walberg,147
Calhoun,"Albion Township, Precinct 1",U.S. House,5,REP,Ballots Cast,147
Calhoun,"Athens Township, Precinct 1",U.S. House,5,REP,Tim Walberg,255
Calhoun,"Athens Township, Precinct 1",U.S. House,5,REP,Write-In,1
Calhoun,"Athens Township, Precinct 1",U.S. House,5,REP,Ballots Cast,256
Calhoun,"Burlington Township, Precinct 1",U.S. House,5,REP,Tim Walberg,215
Calhoun,"Burlington Township, Precinct 1",U.S. House,5,REP,Ballots Cast,215
Calhoun,"City of Albion, Precinct 1",U.S. House,5,REP,Tim Walberg,29
Calhoun,"City of Albion, Precinct 1",U.S. House,5,REP,Ballots Cast,29
Calhoun,"City of Albion, Precinct 2",U.S. House,5,REP,Tim Walberg,17
Calhoun,"City of Albion, Precinct 2",U.S. House,5,REP,Ballots Cast,17
Calhoun,"City of Albion, Precinct 3",U.S. House,5,REP,Tim Walberg,69
Calhoun,"City of Albion, Precinct 3",U.S. House,5,REP,Ballots Cast,69
Calhoun,"City of Albion, Precinct 4",U.S. House,5,REP,Tim Walberg,53
Calhoun,"City of Albion, Precinct 4",U.S. House,5,REP,Ballots Cast,53
Calhoun,"City of Albion, Precinct 5",U.S. House,5,REP,Tim Walberg,59
Calhoun,"City of Albion, Precinct 5",U.S. House,5,REP,Write-In,1
Calhoun,"City of Albion, Precinct 5",U.S. House,5,REP,Ballots Cast,60
Calhoun,"City of Albion, Precinct 6",U.S. House,5,REP,Tim Walberg,32
Calhoun,"City of Albion, Precinct 6",U.S. House,5,REP,Write-In,1
Calhoun,"City of Albion, Precinct 6",U.S. House,5,REP,Ballots Cast,33
Calhoun,"City of Marshall, Precinct 1",U.S. House,5,REP,Tim Walberg,251
Calhoun,"City of Marshall, Precinct 1",U.S. House,5,REP,Write-In,3
Calhoun,"City of Marshall, Precinct 1",U.S. House,5,REP,Ballots Cast,254
Calhoun,"City of Marshall, Precinct 2",U.S. House,5,REP,Tim Walberg,293
Calhoun,"City of Marshall, Precinct 2",U.S. House,5,REP,Write-In,2
Calhoun,"City of Marshall, Precinct 2",U.S. House,5,REP,Ballots Cast,295
Calhoun,"Clarence Township, Precinct 1",U.S. House,5,REP,Tim Walberg,261
Calhoun,"Clarence Township, Precinct 1",U.S. House,5,REP,Ballots Cast,261
Calhoun,"Clarendon Township, Precinct 1",U.S. House,5,REP,Tim Walberg,130
Calhoun,"Clarendon Township, Precinct 1",U.S. House,5,REP,Write-In,1
Calhoun,"Clarendon Township, Precinct 1",U.S. House,5,REP,Ballots Cast,131
Calhoun,"Convis Township, Precinct 1",U.S. House,5,REP,Tim Walberg,168
Calhoun,"Convis Township, Precinct 1",U.S. House,5,REP,Ballots Cast,168
Calhoun,"Eckford Township, Precinct 1",U.S. House,5,REP,Tim Walberg,223
Calhoun,"Eckford Township, Precinct 1",U.S. House,5,REP,Ballots Cast,223
Calhoun,"Fredonia Township, Precinct 1",U.S. House,5,REP,Tim Walberg,232
Calhoun,"Fredonia Township, Precinct 1",U.S. House,5,REP,Ballots Cast,232
Calhoun,"Homer Township, Precinct 1",U.S. House,5,REP,Tim Walberg,276
Calhoun,"Homer Township, Precinct 1",U.S. House,5,REP,Ballots Cast,276
Calhoun,"Lee Township, Precinct 1",U.S. House,5,REP,Tim Walberg,137
Calhoun,"Lee Township, Precinct 1",U.S. House,5,REP,Ballots Cast,137
Calhoun,"Leroy Township, Precinct 1",U.S. House,5,REP,Tim Walberg,632
Calhoun,"Leroy Township, Precinct 1",U.S. House,5,REP,Ballots Cast,632
Calhoun,"Marengo Township, Precinct 1",U.S. House,5,REP,Tim Walberg,247
Calhoun,"Marengo Township, Precinct 1",U.S. House,5,REP,Ballots Cast,247
Calhoun,"Marshall Township, Precinct 1",U.S. House,5,REP,Tim Walberg,396
Calhoun,"Marshall Township, Precinct 1",U.S. House,5,REP,Write-In,1
Calhoun,"Marshall Township, Precinct 1",U.S. House,5,REP,Ballots Cast,397
Calhoun,"Newton Township, Precinct 1",U.S. House,5,REP,Tim Walberg,468
Calhoun,"Newton Township, Precinct 1",U.S. House,5,REP,Write-In,3
Calhoun,"Newton Township, Precinct 1",U.S. House,5,REP,Ballots Cast,471
Calhoun,"Sheridan Township, Precinct 1",U.S. House,5,REP,Tim Walberg,132
Calhoun,"Sheridan Township, Precinct 1",U.S. House,5,REP,Ballots Cast,132
Calhoun,"Tekonsha Township, Precinct 1",U.S. House,5,REP,Tim Walberg,157
Calhoun,"Tekonsha Township, Precinct 1",U.S. House,5,REP,Write-In,1
Calhoun,"Tekonsha Township, Precinct 1",U.S. House,5,REP,Ballots Cast,158
Calhoun,"Albion Township, Precinct 1",State Senate,17,REP,Jonathan Lindsey,139
Calhoun,"Albion Township, Precinct 1",State Senate,17,REP,Write-In,1
Calhoun,"Albion Township, Precinct 1",State Senate,17,REP,Ballots Cast,140
Calhoun,"City of Albion, Precinct 1",State Senate,17,REP,Jonathan Lindsey,26
Calhoun,"City of Albion, Precinct 1",State Senate,17,REP,Ballots Cast,26
Calhoun,"City of Albion, Precinct 2",State Senate,17,REP,Jonathan Lindsey,18
Calhoun,"City of Albion, Precinct 2",State Senate,17,REP,Ballots Cast,18
Calhoun,"City of Albion, Precinct 3",State Senate,17,REP,Jonathan Lindsey,67
Calhoun,"City of Albion, Precinct 3",State Senate,17,REP,Ballots Cast,67
Calhoun,"City of Albion, Precinct 4",State Senate,17,REP,Jonathan Lindsey,52
Calhoun,"City of Albion, Precinct 4",State Senate,17,REP,Ballots Cast,52
Calhoun,"City of Albion, Precinct 5",State Senate,17,REP,Jonathan Lindsey,61
Calhoun,"City of Albion, Precinct 5",State Senate,17,REP,Ballots Cast,61
Calhoun,"City of Albion, Precinct 6",State Senate,17,REP,Jonathan Lindsey,37
Calhoun,"City of Albion, Precinct 6",State Senate,17,REP,Ballots Cast,37
Calhoun,"Clarence Township, Precinct 1",State Senate,17,REP,Jonathan Lindsey,264
Calhoun,"Clarence Township, Precinct 1",State Senate,17,REP,Ballots Cast,264
Calhoun,"Clarendon Township, Precinct 1",State Senate,17,REP,Jonathan Lindsey,129
Calhoun,"Clarendon Township, Precinct 1",State Senate,17,REP,Ballots Cast,129
Calhoun,"Eckford Township, Precinct 1",State Senate,17,REP,Jonathan Lindsey,223
Calhoun,"Eckford Township, Precinct 1",State Senate,17,REP,Ballots Cast,223
Calhoun,"Homer Township, Precinct 1",State Senate,17,REP,Jonathan Lindsey,268
Calhoun,"Homer Township, Precinct 1",State Senate,17,REP,Write-In,2
Calhoun,"Homer Township, Precinct 1",State Senate,17,REP,Ballots Cast,270
Calhoun,"Lee Township, Precinct 1",State Senate,17,REP,Jonathan Lindsey,133
Calhoun,"Lee Township, Precinct 1",State Senate,17,REP,Write-In,1
Calhoun,"Lee Township, Precinct 1",State Senate,17,REP,Ballots Cast,134
Calhoun,"Marengo Township, Precinct 1",State Senate,17,REP,Jonathan Lindsey,239
Calhoun,"Marengo Township, Precinct 1",State Senate,17,REP,Write-In,1
Calhoun,"Marengo Township, Precinct 1",State Senate,17,REP,Ballots Cast,240
Calhoun,"Sheridan Township, Precinct 1",State Senate,17,REP,Jonathan Lindsey,131
Calhoun,"Sheridan Township, Precinct 1",State Senate,17,REP,Ballots Cast,131
Calhoun,"Athens Township, Precinct 1",State Senate,18,REP,Thomas A. Albert,253
Calhoun,"Athens Township, Precinct 1",State Senate,18,REP,Ballots Cast,253
Calhoun,"Bedford Charter Township, Precinct 1",State Senate,18,REP,Thomas A. Albert,315
Calhoun,"Bedford Charter Township, Precinct 1",State Senate,18,REP,Write-In,3
Calhoun,"Bedford Charter Township, Precinct 1",State Senate,18,REP,Ballots Cast,318
Calhoun,"Bedford Charter Township, Precinct 2",State Senate,18,REP,Thomas A. Albert,234
Calhoun,"Bedford Charter Township, Precinct 2",State Senate,18,REP,Write-In,1
Calhoun,"Bedford Charter Township, Precinct 2",State Senate,18,REP,Ballots Cast,235
Calhoun,"Bedford Charter Township, Precinct 3",State Senate,18,REP,Thomas A. Albert,247
Calhoun,"Bedford Charter Township, Precinct 3",State Senate,18,REP,Ballots Cast,247
Calhoun,"Burlington Township, Precinct 1",State Senate,18,REP,Thomas A. Albert,206
Calhoun,"Burlington Township, Precinct 1",State Senate,18,REP,Write-In,3
Calhoun,"Burlington Township, Precinct 1",State Senate,18,REP,Ballots Cast,209
Calhoun,"City of Battle Creek, Precinct 1",State Senate,18,REP,Thomas A. Albert,51
Calhoun,"City of Battle Creek, Precinct 1",State Senate,18,REP,Write-In,1
Calhoun,"City of Battle Creek, Precinct 1",State Senate,18,REP,Ballots Cast,52
Calhoun,"City of Battle Creek, Precinct 10",State Senate,18,REP,Thomas A. Albert,226
Calhoun,"City of Battle Creek, Precinct 10",State Senate,18,REP,Write-In,2
Calhoun,"City of Battle Creek, Precinct 10",State Senate,18,REP,Ballots Cast,228
Calhoun,"City of Battle Creek, Precinct 11",State Senate,18,REP,Thomas A. Albert,152
Calhoun,"City of Battle Creek, Precinct 11",State Senate,18,REP,Ballots Cast,152
Calhoun,"City of Battle Creek, Precinct 12",State Senate,18,REP,Thomas A. Albert,64
Calhoun,"City of Battle Creek, Precinct 12",State Senate,18,REP,Write-In,2
Calhoun,"City of Battle Creek, Precinct 12",State Senate,18,REP,Ballots Cast,66
Calhoun,"City of Battle Creek, Precinct 13",State Senate,18,REP,Thomas A. Albert,248
Calhoun,"City of Battle Creek, Precinct 13",State Senate,18,REP,Ballots Cast,248
Calhoun,"City of Battle Creek, Precinct 2",State Senate,18,REP,Thomas A. Albert,133
Calhoun,"City of Battle Creek, Precinct 2",State Senate,18,REP,Write-In,2
Calhoun,"City of Battle Creek, Precinct 2",State Senate,18,REP,Ballots Cast,135
Calhoun,"City of Battle Creek, Precinct 3",State Senate,18,REP,Thomas A. Albert,227
Calhoun,"City of Battle Creek, Precinct 3",State Senate,18,REP,Write-In,3
Calhoun,"City of Battle Creek, Precinct 3",State Senate,18,REP,Ballots Cast,230
Calhoun,"City of Battle Creek, Precinct 4",State Senate,18,REP,Thomas A. Albert,193
Calhoun,"City of Battle Creek, Precinct 4",State Senate,18,REP,Write-In,3
Calhoun,"City of Battle Creek, Precinct 4",State Senate,18,REP,Ballots Cast,196
Calhoun,"City of Battle Creek, Precinct 5",State Senate,18,REP,Thomas A. Albert,454
Calhoun,"City of Battle Creek, Precinct 5",State Senate,18,REP,Write-In,2
Calhoun,"City of Battle Creek, Precinct 5",State Senate,18,REP,Ballots Cast,456
Calhoun,"City of Battle Creek, Precinct 6",State Senate,18,REP,Thomas A. Albert,241
Calhoun,"City of Battle Creek, Precinct 6",State Senate,18,REP,Write-In,1
Calhoun,"City of Battle Creek, Precinct 6",State Senate,18,REP,Ballots Cast,242
Calhoun,"City of Battle Creek, Precinct 7",State Senate,18,REP,Thomas A. Albert,55
Calhoun,"City of Battle Creek, Precinct 7",State Senate,18,REP,Write-In,2
Calhoun,"City of Battle Creek, Precinct 7",State Senate,18,REP,Ballots Cast,57
Calhoun,"City of Battle Creek, Precinct 8",State Senate,18,REP,Thomas A. Albert,285
Calhoun,"City of Battle Creek, Precinct 8",State Senate,18,REP,Ballots Cast,285
Calhoun,"City of Battle Creek, Precinct 9",State Senate,18,REP,Thomas A. Albert,71
Calhoun,"City of Battle Creek, Precinct 9",State Senate,18,REP,Ballots Cast,71
Calhoun,"City of Marshall, Precinct 1",State Senate,18,REP,Thomas A. Albert,246
Calhoun,"City of Marshall, Precinct 1",State Senate,18,REP,Write-In,2
Calhoun,"City of Marshall, Precinct 1",State Senate,18,REP,Ballots Cast,248
Calhoun,"City of Marshall, Precinct 2",State Senate,18,REP,Thomas A. Albert,291
Calhoun,"City of Marshall, Precinct 2",State Senate,18,REP,Write-In,1
Calhoun,"City of Marshall, Precinct 2",State Senate,18,REP,Ballots Cast,292
Calhoun,"City of Springfield, Precinct 1",State Senate,18,REP,Thomas A. Albert,216
Calhoun,"City of Springfield, Precinct 1",State Senate,18,REP,Write-In,2
Calhoun,"City of Springfield, Precinct 1",State Senate,18,REP,Ballots Cast,218
Calhoun,"Convis Township, Precinct 1",State Senate,18,REP,Thomas A. Albert,167
Calhoun,"Convis Township, Precinct 1",State Senate,18,REP,Ballots Cast,167
Calhoun,"Emmett Charter Township, Precinct 1",State Senate,18,REP,Thomas A. Albert,153
Calhoun,"Emmett Charter Township, Precinct 1",State Senate,18,REP,Ballots Cast,153
Calhoun,"Emmett Charter Township, Precinct 2",State Senate,18,REP,Thomas A. Albert,346
Calhoun,"Emmett Charter Township, Precinct 2",State Senate,18,REP,Write-In,3
Calhoun,"Emmett Charter Township, Precinct 2",State Senate,18,REP,Ballots Cast,349
Calhoun,"Emmett Charter Township, Precinct 3",State Senate,18,REP,Thomas A. Albert,202
Calhoun,"Emmett Charter Township, Precinct 3",State Senate,18,REP,Write-In,1
Calhoun,"Emmett Charter Township, Precinct 3",State Senate,18,REP,Ballots Cast,203
Calhoun,"Emmett Charter Township, Precinct 4",State Senate,18,REP,Thomas A. Albert,485
Calhoun,"Emmett Charter Township, Precinct 4",State Senate,18,REP,Write-In,4
Calhoun,"Emmett Charter Township, Precinct 4",State Senate,18,REP,Ballots Cast,489
Calhoun,"Fredonia Township, Precinct 1",State Senate,18,REP,Thomas A. Albert,225
Calhoun,"Fredonia Township, Precinct 1",State Senate,18,REP,Write-In,1
Calhoun,"Fredonia Township, Precinct 1",State Senate,18,REP,Ballots Cast,226
Calhoun,"Leroy Township, Precinct 1",State Senate,18,REP,Thomas A. Albert,625
Calhoun,"Leroy Township, Precinct 1",State Senate,18,REP,Write-In,1
Calhoun,"Leroy Township, Precinct 1",State Senate,18,REP,Ballots Cast,626
Calhoun,"Marshall Township, Precinct 1",State Senate,18,REP,Thomas A. Albert,390
Calhoun,"Marshall Township, Precinct 1",State Senate,18,REP,Ballots Cast,390
Calhoun,"Newton Township, Precinct 1",State Senate,18,REP,Thomas A. Albert,448
Calhoun,"Newton Township, Precinct 1",State Senate,18,REP,Write-In,2
Calhoun,"Newton Township, Precinct 1",State Senate,18,REP,Ballots Cast,450
Calhoun,"Pennfield Charter Township, Precinct 2",State Senate,18,REP,Thomas A. Albert,364
Calhoun,"Pennfield Charter Township, Precinct 2",State Senate,18,REP,Write-In,1
Calhoun,"Pennfield Charter Township, Precinct 2",State Senate,18,REP,Ballots Cast,365
Calhoun,"Pennfield Charter Township, Precinct 3",State Senate,18,REP,Thomas A. Albert,535
Calhoun,"Pennfield Charter Township, Precinct 3",State Senate,18,REP,Write-In,2
Calhoun,"Pennfield Charter Township, Precinct 3",State Senate,18,REP,Ballots Cast,537
Calhoun,"Tekonsha Township, Precinct 1",State Senate,18,REP,Thomas A. Albert,155
Calhoun,"Tekonsha Township, Precinct 1",State Senate,18,REP,Write-In,2
Calhoun,"Tekonsha Township, Precinct 1",State Senate,18,REP,Ballots Cast,157
Calhoun,"Bedford Charter Township, Precinct 1",State House,44,REP,Steve Frisbie,322
Calhoun,"Bedford Charter Township, Precinct 1",State House,44,REP,Write-In,3
Calhoun,"Bedford Charter Township, Precinct 1",State House,44,REP,Ballots Cast,325
Calhoun,"Bedford Charter Township, Precinct 2",State House,44,REP,Steve Frisbie,248
Calhoun,"Bedford Charter Township, Precinct 2",State House,44,REP,Write-In,1
Calhoun,"Bedford Charter Township, Precinct 2",State House,44,REP,Ballots Cast,249
Calhoun,"Bedford Charter Township, Precinct 3",State House,44,REP,Steve Frisbie,250
Calhoun,"Bedford Charter Township, Precinct 3",State House,44,REP,Write-In,2
Calhoun,"Bedford Charter Township, Precinct 3",State House,44,REP,Ballots Cast,252
Calhoun,"City of Albion, Precinct 1",State House,44,REP,Steve Frisbie,24
Calhoun,"City of Albion, Precinct 1",State House,44,REP,Write-In,2
Calhoun,"City of Albion, Precinct 1",State House,44,REP,Ballots Cast,26
Calhoun,"City of Albion, Precinct 2",State House,44,REP,Steve Frisbie,18
Calhoun,"City of Albion, Precinct 2",State House,44,REP,Ballots Cast,18
Calhoun,"City of Albion, Precinct 3",State House,44,REP,Steve Frisbie,68
Calhoun,"City of Albion, Precinct 3",State House,44,REP,Ballots Cast,68
Calhoun,"City of Albion, Precinct 4",State House,44,REP,Steve Frisbie,53
Calhoun,"City of Albion, Precinct 4",State House,44,REP,Ballots Cast,53
Calhoun,"City of Albion, Precinct 5",State House,44,REP,Steve Frisbie,59
Calhoun,"City of Albion, Precinct 5",State House,44,REP,Write-In,1
Calhoun,"City of Albion, Precinct 5",State House,44,REP,Ballots Cast,60
Calhoun,"City of Albion, Precinct 6",State House,44,REP,Steve Frisbie,34
Calhoun,"City of Albion, Precinct 6",State House,44,REP,Write-In,1
Calhoun,"City of Albion, Precinct 6",State House,44,REP,Ballots Cast,35
Calhoun,"City of Battle Creek, Precinct 1",State House,44,REP,Steve Frisbie,53
Calhoun,"City of Battle Creek, Precinct 1",State House,44,REP,Ballots Cast,53
Calhoun,"City of Battle Creek, Precinct 10",State House,44,REP,Steve Frisbie,231
Calhoun,"City of Battle Creek, Precinct 10",State House,44,REP,Ballots Cast,231
Calhoun,"City of Battle Creek, Precinct 11",State House,44,REP,Steve Frisbie,154
Calhoun,"City of Battle Creek, Precinct 11",State House,44,REP,Write-In,1
Calhoun,"City of Battle Creek, Precinct 11",State House,44,REP,Ballots Cast,155
Calhoun,"City of Battle Creek, Precinct 12",State House,44,REP,Steve Frisbie,68
Calhoun,"City of Battle Creek, Precinct 12",State House,44,REP,Ballots Cast,68
Calhoun,"City of Battle Creek, Precinct 13",State House,44,REP,Steve Frisbie,250
Calhoun,"City of Battle Creek, Precinct 13",State House,44,REP,Ballots Cast,250
Calhoun,"City of Battle Creek, Precinct 2",State House,44,REP,Steve Frisbie,137
Calhoun,"City of Battle Creek, Precinct 2",State House,44,REP,Write-In,2
Calhoun,"City of Battle Creek, Precinct 2",State House,44,REP,Ballots Cast,139
Calhoun,"City of Battle Creek, Precinct 3",State House,44,REP,Steve Frisbie,230
Calhoun,"City of Battle Creek, Precinct 3",State House,44,REP,Write-In,3
Calhoun,"City of Battle Creek, Precinct 3",State House,44,REP,Ballots Cast,233
Calhoun,"City of Battle Creek, Precinct 4",State House,44,REP,Steve Frisbie,196
Calhoun,"City of Battle Creek, Precinct 4",State House,44,REP,Write-In,1
Calhoun,"City of Battle Creek, Precinct 4",State House,44,REP,Ballots Cast,197
Calhoun,"City of Battle Creek, Precinct 5",State House,44,REP,Steve Frisbie,461
Calhoun,"City of Battle Creek, Precinct 5",State House,44,REP,Write-In,2
Calhoun,"City of Battle Creek, Precinct 5",State House,44,REP,Ballots Cast,463
Calhoun,"City of Battle Creek, Precinct 6",State House,44,REP,Steve Frisbie,248
Calhoun,"City of Battle Creek, Precinct 6",State House,44,REP,Ballots Cast,248
Calhoun,"City of Battle Creek, Precinct 7",State House,44,REP,Steve Frisbie,55
Calhoun,"City of Battle Creek, Precinct 7",State House,44,REP,Write-In,1
Calhoun,"City of Battle Creek, Precinct 7",State House,44,REP,Ballots Cast,56
Calhoun,"City of Battle Creek, Precinct 8",State House,44,REP,Steve Frisbie,295
Calhoun,"City of Battle Creek, Precinct 8",State House,44,REP,Write-In,1
Calhoun,"City of Battle Creek, Precinct 8",State House,44,REP,Ballots Cast,296
Calhoun,"City of Battle Creek, Precinct 9",State House,44,REP,Steve Frisbie,75
Calhoun,"City of Battle Creek, Precinct 9",State House,44,REP,Ballots Cast,75
Calhoun,"City of Springfield, Precinct 1",State House,44,REP,Steve Frisbie,220
Calhoun,"City of Springfield, Precinct 1",State House,44,REP,Write-In,2
Calhoun,"City of Springfield, Precinct 1",State House,44,REP,Ballots Cast,222
Calhoun,"Clarence Township, Precinct 1",State House,44,REP,Steve Frisbie,261
Calhoun,"Clarence Township, Precinct 1",State House,44,REP,Ballots Cast,261
Calhoun,"Convis Township, Precinct 1",State House,44,REP,Steve Frisbie,168
Calhoun,"Convis Township, Precinct 1",State House,44,REP,Ballots Cast,168
Calhoun,"Emmett Charter Township, Precinct 1",State House,44,REP,Steve Frisbie,1
Calhoun,"Emmett Charter Township, Precinct 1",State House,44,REP,Ballots Cast,1
Calhoun,"Emmett Charter Township, Precinct 3",State House,44,REP,Ballots Cast,0
Calhoun,"Lee Township, Precinct 1",State House,44,REP,Steve Frisbie,133
Calhoun,"Lee Township, Precinct 1",State House,44,REP,Write-In,2
Calhoun,"Lee Township, Precinct 1",State House,44,REP,Ballots Cast,135
Calhoun,"Pennfield Charter Township, Precinct 2",State House,44,REP,Steve Frisbie,379
Calhoun,"Pennfield Charter Township, Precinct 2",State House,44,REP,Write-In,1
Calhoun,"Pennfield Charter Township, Precinct 2",State House,44,REP,Ballots Cast,380
Calhoun,"Pennfield Charter Township, Precinct 3",State House,44,REP,Steve Frisbie,564
Calhoun,"Pennfield Charter Township, Precinct 3",State House,44,REP,Write-In,1
Calhoun,"Pennfield Charter Township, Precinct 3",State House,44,REP,Ballots Cast,565
Calhoun,"Sheridan Township, Precinct 1",State House,44,REP,Steve Frisbie,127
Calhoun,"Sheridan Township, Precinct 1",State House,44,REP,Ballots Cast,127
Calhoun,"Albion Township, Precinct 1",State House,45,REP,Sarah Lightner,143
Calhoun,"Albion Township, Precinct 1",State House,45,REP,Write-In,1
Calhoun,"Albion Township, Precinct 1",State House,45,REP,Ballots Cast,144
Calhoun,"Athens Township, Precinct 1",State House,45,REP,Sarah Lightner,250
Calhoun,"Athens Township, Precinct 1",State House,45,REP,Write-In,3
Calhoun,"Athens Township, Precinct 1",State House,45,REP,Ballots Cast,253
Calhoun,"Burlington Township, Precinct 1",State House,45,REP,Sarah Lightner,207
Calhoun,"Burlington Township, Precinct 1",State House,45,REP,Write-In,2
Calhoun,"Burlington Township, Precinct 1",State House,45,REP,Ballots Cast,209
Calhoun,"City of Marshall, Precinct 1",State House,45,REP,Sarah Lightner,249
Calhoun,"City of Marshall, Precinct 1",State House,45,REP,Write-In,2
Calhoun,"City of Marshall, Precinct 1",State House,45,REP,Ballots Cast,251
Calhoun,"City of Marshall, Precinct 2",State House,45,REP,Sarah Lightner,287
Calhoun,"City of Marshall, Precinct 2",State House,45,REP,Write-In,1
Calhoun,"City of Marshall, Precinct 2",State House,45,REP,Ballots Cast,288
Calhoun,"Clarendon Township, Precinct 1",State House,45,REP,Sarah Lightner,125
Calhoun,"Clarendon Township, Precinct 1",State House,45,REP,Write-In,1
Calhoun,"Clarendon Township, Precinct 1",State House,45,REP,Ballots Cast,126
Calhoun,"Eckford Township, Precinct 1",State House,45,REP,Sarah Lightner,224
Calhoun,"Eckford Township, Precinct 1",State House,45,REP,Ballots Cast,224
Calhoun,"Emmett Charter Township, Precinct 1",State House,45,REP,Sarah Lightner,149
Calhoun,"Emmett Charter Township, Precinct 1",State House,45,REP,Write-In,1
Calhoun,"Emmett Charter Township, Precinct 1",State House,45,REP,Ballots Cast,150
Calhoun,"Emmett Charter Township, Precinct 2",State House,45,REP,Sarah Lightner,350
Calhoun,"Emmett Charter Township, Precinct 2",State House,45,REP,Write-In,3
Calhoun,"Emmett Charter Township, Precinct 2",State House,45,REP,Ballots Cast,353
Calhoun,"Emmett Charter Township, Precinct 3",State House,45,REP,Sarah Lightner,206
Calhoun,"Emmett Charter Township, Precinct 3",State House,45,REP,Ballots Cast,206
Calhoun,"Emmett Charter Township, Precinct 4",State House,45,REP,Sarah Lightner,488
Calhoun,"Emmett Charter Township, Precinct 4",State House,45,REP,Write-In,4
Calhoun,"Emmett Charter Township, Precinct 4",State House,45,REP,Ballots Cast,492
Calhoun,"Fredonia Township, Precinct 1",State House,45,REP,Sarah Lightner,222
Calhoun,"Fredonia Township, Precinct 1",State House,45,REP,Write-In,1
Calhoun,"Fredonia Township, Precinct 1",State House,45,REP,Ballots Cast,223
Calhoun,"Homer Township, Precinct 1",State House,45,REP,Sarah Lightner,271
Calhoun,"Homer Township, Precinct 1",State House,45,REP,Ballots Cast,271
Calhoun,"Leroy Township, Precinct 1",State House,45,REP,Sarah Lightner,628
Calhoun,"Leroy Township, Precinct 1",State House,45,REP,Ballots Cast,628
Calhoun,"Marengo Township, Precinct 1",State House,45,REP,Sarah Lightner,241
Calhoun,"Marengo Township, Precinct 1",State House,45,REP,Write-In,1
Calhoun,"Marengo Township, Precinct 1",State House,45,REP,Ballots Cast,242
Calhoun,"Marshall Township, Precinct 1",State House,45,REP,Sarah Lightner,393
Calhoun,"Marshall Township, Precinct 1",State House,45,REP,Write-In,1
Calhoun,"Marshall Township, Precinct 1",State House,45,REP,Ballots Cast,394
Calhoun,"Newton Township, Precinct 1",State House,45,REP,Sarah Lightner,449
Calhoun,"Newton Township, Precinct 1",State House,45,REP,Write-In,2
Calhoun,"Newton Township, Precinct 1",State House,45,REP,Ballots Cast,451
Calhoun,"Tekonsha Township, Precinct 1",State House,45,REP,Sarah Lightner,157
Calhoun,"Tekonsha Township, Precinct 1",State House,45,REP,Write-In,1
Calhoun,"Tekonsha Township, Precinct 1",State House,45,REP,Ballots Cast,158
Calhoun,"Albion Township, Precinct 1",County Treasurer Partial Term Ending 12/31/2028,,REP,Melinda S. Weaver,140
Calhoun,"Albion Township, Precinct 1",County Treasurer Partial Term Ending 12/31/2028,,REP,Ballots Cast,140
Calhoun,"Athens Township, Precinct 1",County Treasurer Partial Term Ending 12/31/2028,,REP,Melinda S. Weaver,255
Calhoun,"Athens Township, Precinct 1",County Treasurer Partial Term Ending 12/31/2028,,REP,Write-In,1
Calhoun,"Athens Township, Precinct 1",County Treasurer Partial Term Ending 12/31/2028,,REP,Ballots Cast,256
Calhoun,"Bedford Charter Township, Precinct 1",County Treasurer Partial Term Ending 12/31/2028,,REP,Melinda S. Weaver,316
Calhoun,"Bedford Charter Township, Precinct 1",County Treasurer Partial Term Ending 12/31/2028,,REP,Write-In,1
Calhoun,"Bedford Charter Township, Precinct 1",County Treasurer Partial Term Ending 12/31/2028,,REP,Ballots Cast,317
Calhoun,"Bedford Charter Township, Precinct 2",County Treasurer Partial Term Ending 12/31/2028,,REP,Melinda S. Weaver,240
Calhoun,"Bedford Charter Township, Precinct 2",County Treasurer Partial Term Ending 12/31/2028,,REP,Write-In,1
Calhoun,"Bedford Charter Township, Precinct 2",County Treasurer Partial Term Ending 12/31/2028,,REP,Ballots Cast,241
Calhoun,"Bedford Charter Township, Precinct 3",County Treasurer Partial Term Ending 12/31/2028,,REP,Melinda S. Weaver,251
Calhoun,"Bedford Charter Township, Precinct 3",County Treasurer Partial Term Ending 12/31/2028,,REP,Ballots Cast,251
Calhoun,"Burlington Township, Precinct 1",County Treasurer Partial Term Ending 12/31/2028,,REP,Melinda S. Weaver,203
Calhoun,"Burlington Township, Precinct 1",County Treasurer Partial Term Ending 12/31/2028,,REP,Write-In,1
Calhoun,"Burlington Township, Precinct 1",County Treasurer Partial Term Ending 12/31/2028,,REP,Ballots Cast,204
Calhoun,"City of Albion, Precinct 1",County Treasurer Partial Term Ending 12/31/2028,,REP,Melinda S. Weaver,26
Calhoun,"City of Albion, Precinct 1",County Treasurer Partial Term Ending 12/31/2028,,REP,Ballots Cast,26
Calhoun,"City of Albion, Precinct 2",County Treasurer Partial Term Ending 12/31/2028,,REP,Melinda S. Weaver,18
Calhoun,"City of Albion, Precinct 2",County Treasurer Partial Term Ending 12/31/2028,,REP,Ballots Cast,18
Calhoun,"City of Albion, Precinct 3",County Treasurer Partial Term Ending 12/31/2028,,REP,Melinda S. Weaver,69
Calhoun,"City of Albion, Precinct 3",County Treasurer Partial Term Ending 12/31/2028,,REP,Ballots Cast,69
Calhoun,"City of Albion, Precinct 4",County Treasurer Partial Term Ending 12/31/2028,,REP,Melinda S. Weaver,53
Calhoun,"City of Albion, Precinct 4",County Treasurer Partial Term Ending 12/31/2028,,REP,Ballots Cast,53
Calhoun,"City of Albion, Precinct 5",County Treasurer Partial Term Ending 12/31/2028,,REP,Melinda S. Weaver,57
Calhoun,"City of Albion, Precinct 5",County Treasurer Partial Term Ending 12/31/2028,,REP,Write-In,1
Calhoun,"City of Albion, Precinct 5",County Treasurer Partial Term Ending 12/31/2028,,REP,Ballots Cast,58
Calhoun,"City of Albion, Precinct 6",County Treasurer Partial Term Ending 12/31/2028,,REP,Melinda S. Weaver,36
Calhoun,"City of Albion, Precinct 6",County Treasurer Partial Term Ending 12/31/2028,,REP,Ballots Cast,36
Calhoun,"City of Battle Creek, Precinct 1",County Treasurer Partial Term Ending 12/31/2028,,REP,Melinda S. Weaver,51
Calhoun,"City of Battle Creek, Precinct 1",County Treasurer Partial Term Ending 12/31/2028,,REP,Write-In,1
Calhoun,"City of Battle Creek, Precinct 1",County Treasurer Partial Term Ending 12/31/2028,,REP,Ballots Cast,52
Calhoun,"City of Battle Creek, Precinct 10",County Treasurer Partial Term Ending 12/31/2028,,REP,Melinda S. Weaver,221
Calhoun,"City of Battle Creek, Precinct 10",County Treasurer Partial Term Ending 12/31/2028,,REP,Write-In,2
Calhoun,"City of Battle Creek, Precinct 10",County Treasurer Partial Term Ending 12/31/2028,,REP,Ballots Cast,223
Calhoun,"City of Battle Creek, Precinct 11",County Treasurer Partial Term Ending 12/31/2028,,REP,Melinda S. Weaver,149
Calhoun,"City of Battle Creek, Precinct 11",County Treasurer Partial Term Ending 12/31/2028,,REP,Ballots Cast,149
Calhoun,"City of Battle Creek, Precinct 12",County Treasurer Partial Term Ending 12/31/2028,,REP,Melinda S. Weaver,64
Calhoun,"City of Battle Creek, Precinct 12",County Treasurer Partial Term Ending 12/31/2028,,REP,Write-In,3
Calhoun,"City of Battle Creek, Precinct 12",County Treasurer Partial Term Ending 12/31/2028,,REP,Ballots Cast,67
Calhoun,"City of Battle Creek, Precinct 13",County Treasurer Partial Term Ending 12/31/2028,,REP,Melinda S. Weaver,247
Calhoun,"City of Battle Creek, Precinct 13",County Treasurer Partial Term Ending 12/31/2028,,REP,Ballots Cast,247
Calhoun,"City of Battle Creek, Precinct 2",County Treasurer Partial Term Ending 12/31/2028,,REP,Melinda S. Weaver,134
Calhoun,"City of Battle Creek, Precinct 2",County Treasurer Partial Term Ending 12/31/2028,,REP,Write-In,1
Calhoun,"City of Battle Creek, Precinct 2",County Treasurer Partial Term Ending 12/31/2028,,REP,Ballots Cast,135
Calhoun,"City of Battle Creek, Precinct 3",County Treasurer Partial Term Ending 12/31/2028,,REP,Melinda S. Weaver,227
Calhoun,"City of Battle Creek, Precinct 3",County Treasurer Partial Term Ending 12/31/2028,,REP,Write-In,4
Calhoun,"City of Battle Creek, Precinct 3",County Treasurer Partial Term Ending 12/31/2028,,REP,Ballots Cast,231
Calhoun,"City of Battle Creek, Precinct 4",County Treasurer Partial Term Ending 12/31/2028,,REP,Melinda S. Weaver,192
Calhoun,"City of Battle Creek, Precinct 4",County Treasurer Partial Term Ending 12/31/2028,,REP,Write-In,4
Calhoun,"City of Battle Creek, Precinct 4",County Treasurer Partial Term Ending 12/31/2028,,REP,Ballots Cast,196
Calhoun,"City of Battle Creek, Precinct 5",County Treasurer Partial Term Ending 12/31/2028,,REP,Melinda S. Weaver,451
Calhoun,"City of Battle Creek, Precinct 5",County Treasurer Partial Term Ending 12/31/2028,,REP,Write-In,1
Calhoun,"City of Battle Creek, Precinct 5",County Treasurer Partial Term Ending 12/31/2028,,REP,Ballots Cast,452
Calhoun,"City of Battle Creek, Precinct 6",County Treasurer Partial Term Ending 12/31/2028,,REP,Melinda S. Weaver,241
Calhoun,"City of Battle Creek, Precinct 6",County Treasurer Partial Term Ending 12/31/2028,,REP,Ballots Cast,241
Calhoun,"City of Battle Creek, Precinct 7",County Treasurer Partial Term Ending 12/31/2028,,REP,Melinda S. Weaver,55
Calhoun,"City of Battle Creek, Precinct 7",County Treasurer Partial Term Ending 12/31/2028,,REP,Write-In,2
Calhoun,"City of Battle Creek, Precinct 7",County Treasurer Partial Term Ending 12/31/2028,,REP,Ballots Cast,57
Calhoun,"City of Battle Creek, Precinct 8",County Treasurer Partial Term Ending 12/31/2028,,REP,Melinda S. Weaver,280
Calhoun,"City of Battle Creek, Precinct 8",County Treasurer Partial Term Ending 12/31/2028,,REP,Ballots Cast,280
Calhoun,"City of Battle Creek, Precinct 9",County Treasurer Partial Term Ending 12/31/2028,,REP,Melinda S. Weaver,70
Calhoun,"City of Battle Creek, Precinct 9",County Treasurer Partial Term Ending 12/31/2028,,REP,Ballots Cast,70
Calhoun,"City of Marshall, Precinct 1",County Treasurer Partial Term Ending 12/31/2028,,REP,Melinda S. Weaver,249
Calhoun,"City of Marshall, Precinct 1",County Treasurer Partial Term Ending 12/31/2028,,REP,Ballots Cast,249
Calhoun,"City of Marshall, Precinct 2",County Treasurer Partial Term Ending 12/31/2028,,REP,Melinda S. Weaver,286
Calhoun,"City of Marshall, Precinct 2",County Treasurer Partial Term Ending 12/31/2028,,REP,Ballots Cast,286
Calhoun,"City of Springfield, Precinct 1",County Treasurer Partial Term Ending 12/31/2028,,REP,Melinda S. Weaver,218
Calhoun,"City of Springfield, Precinct 1",County Treasurer Partial Term Ending 12/31/2028,,REP,Write-In,2
Calhoun,"City of Springfield, Precinct 1",County Treasurer Partial Term Ending 12/31/2028,,REP,Ballots Cast,220
Calhoun,"Clarence Township, Precinct 1",County Treasurer Partial Term Ending 12/31/2028,,REP,Melinda S. Weaver,262
Calhoun,"Clarence Township, Precinct 1",County Treasurer Partial Term Ending 12/31/2028,,REP,Ballots Cast,262
Calhoun,"Clarendon Township, Precinct 1",County Treasurer Partial Term Ending 12/31/2028,,REP,Melinda S. Weaver,126
Calhoun,"Clarendon Township, Precinct 1",County Treasurer Partial Term Ending 12/31/2028,,REP,Ballots Cast,126
Calhoun,"Convis Township, Precinct 1",County Treasurer Partial Term Ending 12/31/2028,,REP,Melinda S. Weaver,165
Calhoun,"Convis Township, Precinct 1",County Treasurer Partial Term Ending 12/31/2028,,REP,Ballots Cast,165
Calhoun,"Eckford Township, Precinct 1",County Treasurer Partial Term Ending 12/31/2028,,REP,Melinda S. Weaver,221
Calhoun,"Eckford Township, Precinct 1",County Treasurer Partial Term Ending 12/31/2028,,REP,Ballots Cast,221
Calhoun,"Emmett Charter Township, Precinct 1",County Treasurer Partial Term Ending 12/31/2028,,REP,Melinda S. Weaver,152
Calhoun,"Emmett Charter Township, Precinct 1",County Treasurer Partial Term Ending 12/31/2028,,REP,Ballots Cast,152
Calhoun,"Emmett Charter Township, Precinct 2",County Treasurer Partial Term Ending 12/31/2028,,REP,Melinda S. Weaver,347
Calhoun,"Emmett Charter Township, Precinct 2",County Treasurer Partial Term Ending 12/31/2028,,REP,Write-In,2
Calhoun,"Emmett Charter Township, Precinct 2",County Treasurer Partial Term Ending 12/31/2028,,REP,Ballots Cast,349
Calhoun,"Emmett Charter Township, Precinct 3",County Treasurer Partial Term Ending 12/31/2028,,REP,Melinda S. Weaver,203
Calhoun,"Emmett Charter Township, Precinct 3",County Treasurer Partial Term Ending 12/31/2028,,REP,Write-In,1
Calhoun,"Emmett Charter Township, Precinct 3",County Treasurer Partial Term Ending 12/31/2028,,REP,Ballots Cast,204
Calhoun,"Emmett Charter Township, Precinct 4",County Treasurer Partial Term Ending 12/31/2028,,REP,Melinda S. Weaver,481
Calhoun,"Emmett Charter Township, Precinct 4",County Treasurer Partial Term Ending 12/31/2028,,REP,Write-In,2
Calhoun,"Emmett Charter Township, Precinct 4",County Treasurer Partial Term Ending 12/31/2028,,REP,Ballots Cast,483
Calhoun,"Fredonia Township, Precinct 1",County Treasurer Partial Term Ending 12/31/2028,,REP,Melinda S. Weaver,220
Calhoun,"Fredonia Township, Precinct 1",County Treasurer Partial Term Ending 12/31/2028,,REP,Ballots Cast,220
Calhoun,"Homer Township, Precinct 1",County Treasurer Partial Term Ending 12/31/2028,,REP,Melinda S. Weaver,272
Calhoun,"Homer Township, Precinct 1",County Treasurer Partial Term Ending 12/31/2028,,REP,Ballots Cast,272
Calhoun,"Lee Township, Precinct 1",County Treasurer Partial Term Ending 12/31/2028,,REP,Melinda S. Weaver,134
Calhoun,"Lee Township, Precinct 1",County Treasurer Partial Term Ending 12/31/2028,,REP,Write-In,3
Calhoun,"Lee Township, Precinct 1",County Treasurer Partial Term Ending 12/31/2028,,REP,Ballots Cast,137
Calhoun,"Leroy Township, Precinct 1",County Treasurer Partial Term Ending 12/31/2028,,REP,Melinda S. Weaver,630
Calhoun,"Leroy Township, Precinct 1",County Treasurer Partial Term Ending 12/31/2028,,REP,Ballots Cast,630
Calhoun,"Marengo Township, Precinct 1",County Treasurer Partial Term Ending 12/31/2028,,REP,Melinda S. Weaver,248
Calhoun,"Marengo Township, Precinct 1",County Treasurer Partial Term Ending 12/31/2028,,REP,Ballots Cast,248
Calhoun,"Marshall Township, Precinct 1",County Treasurer Partial Term Ending 12/31/2028,,REP,Melinda S. Weaver,393
Calhoun,"Marshall Township, Precinct 1",County Treasurer Partial Term Ending 12/31/2028,,REP,Ballots Cast,393
Calhoun,"Newton Township, Precinct 1",County Treasurer Partial Term Ending 12/31/2028,,REP,Melinda S. Weaver,452
Calhoun,"Newton Township, Precinct 1",County Treasurer Partial Term Ending 12/31/2028,,REP,Write-In,2
Calhoun,"Newton Township, Precinct 1",County Treasurer Partial Term Ending 12/31/2028,,REP,Ballots Cast,454
Calhoun,"Pennfield Charter Township, Precinct 2",County Treasurer Partial Term Ending 12/31/2028,,REP,Melinda S. Weaver,368
Calhoun,"Pennfield Charter Township, Precinct 2",County Treasurer Partial Term Ending 12/31/2028,,REP,Write-In,1
Calhoun,"Pennfield Charter Township, Precinct 2",County Treasurer Partial Term Ending 12/31/2028,,REP,Ballots Cast,369
Calhoun,"Pennfield Charter Township, Precinct 3",County Treasurer Partial Term Ending 12/31/2028,,REP,Melinda S. Weaver,536
Calhoun,"Pennfield Charter Township, Precinct 3",County Treasurer Partial Term Ending 12/31/2028,,REP,Write-In,4
Calhoun,"Pennfield Charter Township, Precinct 3",County Treasurer Partial Term Ending 12/31/2028,,REP,Ballots Cast,540
Calhoun,"Sheridan Township, Precinct 1",County Treasurer Partial Term Ending 12/31/2028,,REP,Melinda S. Weaver,126
Calhoun,"Sheridan Township, Precinct 1",County Treasurer Partial Term Ending 12/31/2028,,REP,Ballots Cast,126
Calhoun,"Tekonsha Township, Precinct 1",County Treasurer Partial Term Ending 12/31/2028,,REP,Melinda S. Weaver,147
Calhoun,"Tekonsha Township, Precinct 1",County Treasurer Partial Term Ending 12/31/2028,,REP,Write-In,2
Calhoun,"Tekonsha Township, Precinct 1",County Treasurer Partial Term Ending 12/31/2028,,REP,Ballots Cast,149
Calhoun,"Bedford Charter Township, Precinct 1",Bedford Charter Township Supervisor Partial Term Ending 11/20/2028,,REP,Brian A. Mohlman,282
Calhoun,"Bedford Charter Township, Precinct 1",Bedford Charter Township Supervisor Partial Term Ending 11/20/2028,,REP,Write-In,3
Calhoun,"Bedford Charter Township, Precinct 1",Bedford Charter Township Supervisor Partial Term Ending 11/20/2028,,REP,Ballots Cast,285
Calhoun,"Bedford Charter Township, Precinct 2",Bedford Charter Township Supervisor Partial Term Ending 11/20/2028,,REP,Brian A. Mohlman,221
Calhoun,"Bedford Charter Township, Precinct 2",Bedford Charter Township Supervisor Partial Term Ending 11/20/2028,,REP,Write-In,1
Calhoun,"Bedford Charter Township, Precinct 2",Bedford Charter Township Supervisor Partial Term Ending 11/20/2028,,REP,Ballots Cast,222
Calhoun,"Bedford Charter Township, Precinct 3",Bedford Charter Township Supervisor Partial Term Ending 11/20/2028,,REP,Brian A. Mohlman,231
Calhoun,"Bedford Charter Township, Precinct 3",Bedford Charter Township Supervisor Partial Term Ending 11/20/2028,,REP,Ballots Cast,231
Calhoun,"Emmett Charter Township, Precinct 1",Emmett Charter Township Clerk Partial Term Ending 11/20/2028,,REP,Write-In,29
Calhoun,"Emmett Charter Township, Precinct 1",Emmett Charter Township Clerk Partial Term Ending 11/20/2028,,REP,Ballots Cast,29
Calhoun,"Emmett Charter Township, Precinct 2",Emmett Charter Township Clerk Partial Term Ending 11/20/2028,,REP,Write-In,99
Calhoun,"Emmett Charter Township, Precinct 2",Emmett Charter Township Clerk Partial Term Ending 11/20/2028,,REP,Ballots Cast,99
Calhoun,"Emmett Charter Township, Precinct 3",Emmett Charter Township Clerk Partial Term Ending 11/20/2028,,REP,Write-In,69
Calhoun,"Emmett Charter Township, Precinct 3",Emmett Charter Township Clerk Partial Term Ending 11/20/2028,,REP,Ballots Cast,69
Calhoun,"Emmett Charter Township, Precinct 4",Emmett Charter Township Clerk Partial Term Ending 11/20/2028,,REP,Write-In,117
Calhoun,"Emmett Charter Township, Precinct 4",Emmett Charter Township Clerk Partial Term Ending 11/20/2028,,REP,Ballots Cast,117
Calhoun,"Marshall Township, Precinct 1",Marshall Township Clerk Partial Term Ending 11/20/2028,,REP,Wayne Wright,381
Calhoun,"Marshall Township, Precinct 1",Marshall Township Clerk Partial Term Ending 11/20/2028,,REP,Write-In,3
Calhoun,"Marshall Township, Precinct 1",Marshall Township Clerk Partial Term Ending 11/20/2028,,REP,Ballots Cast,384
Calhoun,"Tekonsha Township, Precinct 1",Tekonsha Township Clerk Partial Term Ending 11/20/2028,,REP,Diane Deevers-Wood,21
Calhoun,"Tekonsha Township, Precinct 1",Tekonsha Township Clerk Partial Term Ending 11/20/2028,,REP,Write-In,47
Calhoun,"Tekonsha Township, Precinct 1",Tekonsha Township Clerk Partial Term Ending 11/20/2028,,REP,Ballots Cast,68
Calhoun,"Bedford Charter Township, Precinct 1",Bedford Charter Township Trustee Partial Term Ending 11/20/2028,,REP,Scott Blanchard,282
Calhoun,"Bedford Charter Township, Precinct 1",Bedford Charter Township Trustee Partial Term Ending 11/20/2028,,REP,Write-In,2
Calhoun,"Bedford Charter Township, Precinct 1",Bedford Charter Township Trustee Partial Term Ending 11/20/2028,,REP,Ballots Cast,284
Calhoun,"Bedford Charter Township, Precinct 2",Bedford Charter Township Trustee Partial Term Ending 11/20/2028,,REP,Scott Blanchard,224
Calhoun,"Bedford Charter Township, Precinct 2",Bedford Charter Township Trustee Partial Term Ending 11/20/2028,,REP,Ballots Cast,224
Calhoun,"Bedford Charter Township, Precinct 3",Bedford Charter Township Trustee Partial Term Ending 11/20/2028,,REP,Scott Blanchard,229
Calhoun,"Bedford Charter Township, Precinct 3",Bedford Charter Township Trustee Partial Term Ending 11/20/2028,,REP,Write-In,1
Calhoun,"Bedford Charter Township, Precinct 3",Bedford Charter Township Trustee Partial Term Ending 11/20/2028,,REP,Ballots Cast,230
Calhoun,"Marshall Township, Precinct 1",Marshall Township Trustee Partial Term Ending 11/20/2028,,REP,Christina Markunas,116
Calhoun,"Marshall Township, Precinct 1",Marshall Township Trustee Partial Term Ending 11/20/2028,,REP,Joanna I. Johnson,247
Calhoun,"Marshall Township, Precinct 1",Marshall Township Trustee Partial Term Ending 11/20/2028,,REP,Write-In,1
Calhoun,"Marshall Township, Precinct 1",Marshall Township Trustee Partial Term Ending 11/20/2028,,REP,Ballots Cast,364
Calhoun,"City of Albion, Precinct 1","City of Albion, Precinct 1 Delegate",,REP,Write-In,18
Calhoun,"City of Albion, Precinct 1","City of Albion, Precinct 1 Delegate",,REP,Ballots Cast,18
Calhoun,"City of Albion, Precinct 2","City of Albion, Precinct 2 Delegate",,REP,Olivia Brenner,11
Calhoun,"City of Albion, Precinct 2","City of Albion, Precinct 2 Delegate",,REP,Write-In,2
Calhoun,"City of Albion, Precinct 2","City of Albion, Precinct 2 Delegate",,REP,Ballots Cast,13
Calhoun,"City of Albion, Precinct 3","City of Albion, Precinct 3 Delegate",,REP,Write-In,21
Calhoun,"City of Albion, Precinct 3","City of Albion, Precinct 3 Delegate",,REP,Ballots Cast,21
Calhoun,"City of Albion, Precinct 4","City of Albion, Precinct 4 Delegate",,REP,Write-In,22
Calhoun,"City of Albion, Precinct 4","City of Albion, Precinct 4 Delegate",,REP,Ballots Cast,22
Calhoun,"City of Albion, Precinct 5","City of Albion, Precinct 5 Delegate",,REP,Kim Johnson,48
Calhoun,"City of Albion, Precinct 5","City of Albion, Precinct 5 Delegate",,REP,Ballots Cast,48
Calhoun,"City of Albion, Precinct 6","City of Albion, Precinct 6 Delegate",,REP,Write-In,16
Calhoun,"City of Albion, Precinct 6","City of Albion, Precinct 6 Delegate",,REP,Ballots Cast,16
Calhoun,"City of Battle Creek, Precinct 1","City of Battle Creek, Precinct 1 Delegate",,REP,Write-In,30
Calhoun,"City of Battle Creek, Precinct 1","City of Battle Creek, Precinct 1 Delegate",,REP,Ballots Cast,30
Calhoun,"City of Battle Creek, Precinct 2","City of Battle Creek, Precinct 2 Delegate",,REP,Sonja Patrick,127
Calhoun,"City of Battle Creek, Precinct 2","City of Battle Creek, Precinct 2 Delegate",,REP,Write-In,7
Calhoun,"City of Battle Creek, Precinct 2","City of Battle Creek, Precinct 2 Delegate",,REP,Ballots Cast,134
Calhoun,"City of Battle Creek, Precinct 3","City of Battle Creek, Precinct 3 Delegate",,REP,Write-In,9
Calhoun,"City of Battle Creek, Precinct 3","City of Battle Creek, Precinct 3 Delegate",,REP,Ballots Cast,9
Calhoun,"City of Battle Creek, Precinct 4","City of Battle Creek, Precinct 4 Delegate",,REP,Write-In,46
Calhoun,"City of Battle Creek, Precinct 4","City of Battle Creek, Precinct 4 Delegate",,REP,Ballots Cast,46
Calhoun,"City of Battle Creek, Precinct 5","City of Battle Creek, Precinct 5 Delegate",,REP,Barbara Runels,321
Calhoun,"City of Battle Creek, Precinct 5","City of Battle Creek, Precinct 5 Delegate",,REP,Joe Colyn,337
Calhoun,"City of Battle Creek, Precinct 5","City of Battle Creek, Precinct 5 Delegate",,REP,Thomas L. Runels,318
Calhoun,"City of Battle Creek, Precinct 5","City of Battle Creek, Precinct 5 Delegate",,REP,Write-In,3
Calhoun,"City of Battle Creek, Precinct 5","City of Battle Creek, Precinct 5 Delegate",,REP,Ballots Cast,979
Calhoun,"City of Battle Creek, Precinct 6","City of Battle Creek, Precinct 6 Delegate",,REP,Hermann Chip Spranger,227
Calhoun,"City of Battle Creek, Precinct 6","City of Battle Creek, Precinct 6 Delegate",,REP,Write-In,5
Calhoun,"City of Battle Creek, Precinct 6","City of Battle Creek, Precinct 6 Delegate",,REP,Ballots Cast,232
Calhoun,"City of Battle Creek, Precinct 7","City of Battle Creek, Precinct 7 Delegate",,REP,Write-In,13
Calhoun,"City of Battle Creek, Precinct 7","City of Battle Creek, Precinct 7 Delegate",,REP,Ballots Cast,13
Calhoun,"City of Battle Creek, Precinct 8","City of Battle Creek, Precinct 8 Delegate",,REP,Connie Fullerton,225
Calhoun,"City of Battle Creek, Precinct 8","City of Battle Creek, Precinct 8 Delegate",,REP,Larry J. Fullerton,224
Calhoun,"City of Battle Creek, Precinct 8","City of Battle Creek, Precinct 8 Delegate",,REP,Write-In,5
Calhoun,"City of Battle Creek, Precinct 8","City of Battle Creek, Precinct 8 Delegate",,REP,Ballots Cast,454
Calhoun,"City of Battle Creek, Precinct 9","City of Battle Creek, Precinct 9 Delegate",,REP,Write-In,17
Calhoun,"City of Battle Creek, Precinct 9","City of Battle Creek, Precinct 9 Delegate",,REP,Ballots Cast,17
Calhoun,"City of Battle Creek, Precinct 10","City of Battle Creek, Precinct 10 Delegate",,REP,Patrick A. O'Donnell,209
Calhoun,"City of Battle Creek, Precinct 10","City of Battle Creek, Precinct 10 Delegate",,REP,Write-In,1
Calhoun,"City of Battle Creek, Precinct 10","City of Battle Creek, Precinct 10 Delegate",,REP,Ballots Cast,210
Calhoun,"City of Battle Creek, Precinct 11","City of Battle Creek, Precinct 11 Delegate",,REP,Write-In,36
Calhoun,"City of Battle Creek, Precinct 11","City of Battle Creek, Precinct 11 Delegate",,REP,Ballots Cast,36
Calhoun,"City of Battle Creek, Precinct 12","City of Battle Creek, Precinct 12 Delegate",,REP,Write-In,25
Calhoun,"City of Battle Creek, Precinct 12","City of Battle Creek, Precinct 12 Delegate",,REP,Ballots Cast,25
Calhoun,"City of Battle Creek, Precinct 13","City of Battle Creek, Precinct 13 Delegate",,REP,Paige Katsarsky-Smith,215
Calhoun,"City of Battle Creek, Precinct 13","City of Battle Creek, Precinct 13 Delegate",,REP,Write-In,1
Calhoun,"City of Battle Creek, Precinct 13","City of Battle Creek, Precinct 13 Delegate",,REP,Ballots Cast,216
Calhoun,"City of Marshall, Precinct 1","City of Marshall, Precinct 1 Delegate",,REP,Write-In,40
Calhoun,"City of Marshall, Precinct 1","City of Marshall, Precinct 1 Delegate",,REP,Ballots Cast,40
Calhoun,"City of Marshall, Precinct 2","City of Marshall, Precinct 2 Delegate",,REP,Casey Swinson,264
Calhoun,"City of Marshall, Precinct 2","City of Marshall, Precinct 2 Delegate",,REP,Write-In,3
Calhoun,"City of Marshall, Precinct 2","City of Marshall, Precinct 2 Delegate",,REP,Ballots Cast,267
Calhoun,"City of Springfield, Precinct 1","City of Springfield, Precinct 1 Delegate",,REP,Write-In,39
Calhoun,"City of Springfield, Precinct 1","City of Springfield, Precinct 1 Delegate",,REP,Ballots Cast,39
Calhoun,"Albion Township, Precinct 1","Albion Township, Precinct 1 Delegate",,REP,Write-In,26
Calhoun,"Albion Township, Precinct 1","Albion Township, Precinct 1 Delegate",,REP,Ballots Cast,26
Calhoun,"Athens Township, Precinct 1","Athens Township, Precinct 1 Delegate",,REP,Greg Moore,242
Calhoun,"Athens Township, Precinct 1","Athens Township, Precinct 1 Delegate",,REP,Ballots Cast,242
Calhoun,"Bedford Charter Township, Precinct 1","Bedford Charter Township, Precinct 1 Delegate",,REP,Write-In,32
Calhoun,"Bedford Charter Township, Precinct 1","Bedford Charter Township, Precinct 1 Delegate",,REP,Ballots Cast,32
Calhoun,"Bedford Charter Township, Precinct 2","Bedford Charter Township, Precinct 2 Delegate",,REP,Write-In,19
Calhoun,"Bedford Charter Township, Precinct 2","Bedford Charter Township, Precinct 2 Delegate",,REP,Ballots Cast,19
Calhoun,"Bedford Charter Township, Precinct 3","Bedford Charter Township, Precinct 3 Delegate",,REP,Write-In,10
Calhoun,"Bedford Charter Township, Precinct 3","Bedford Charter Township, Precinct 3 Delegate",,REP,Ballots Cast,10
Calhoun,"Burlington Township, Precinct 1","Burlington Township, Precinct 1 Delegate",,REP,Write-In,25
Calhoun,"Burlington Township, Precinct 1","Burlington Township, Precinct 1 Delegate",,REP,Ballots Cast,25
Calhoun,"Clarence Township, Precinct 1","Clarence Township, Precinct 1 Delegate",,REP,Grover Nulf,158
Calhoun,"Clarence Township, Precinct 1","Clarence Township, Precinct 1 Delegate",,REP,Rachel Warner,159
Calhoun,"Clarence Township, Precinct 1","Clarence Township, Precinct 1 Delegate",,REP,Tim Warner,177
Calhoun,"Clarence Township, Precinct 1","Clarence Township, Precinct 1 Delegate",,REP,Ballots Cast,494
Calhoun,"Clarendon Township, Precinct 1","Clarendon Township, Precinct 1 Delegate",,REP,Dale R. Vincent,101
Calhoun,"Clarendon Township, Precinct 1","Clarendon Township, Precinct 1 Delegate",,REP,David Moore,88
Calhoun,"Clarendon Township, Precinct 1","Clarendon Township, Precinct 1 Delegate",,REP,Write-In,1
Calhoun,"Clarendon Township, Precinct 1","Clarendon Township, Precinct 1 Delegate",,REP,Ballots Cast,190
Calhoun,"Convis Township, Precinct 1","Convis Township, Precinct 1 Delegate",,REP,Write-In,27
Calhoun,"Convis Township, Precinct 1","Convis Township, Precinct 1 Delegate",,REP,Ballots Cast,27
Calhoun,"Eckford Township, Precinct 1","Eckford Township, Precinct 1 Delegate",,REP,Write-In,54
Calhoun,"Eckford Township, Precinct 1","Eckford Township, Precinct 1 Delegate",,REP,Ballots Cast,54
Calhoun,"Emmett Charter Township, Precinct 1","Emmett Township, Precinct 1 Delegate",,REP,Write-In,22
Calhoun,"Emmett Charter Township, Precinct 1","Emmett Township, Precinct 1 Delegate",,REP,Ballots Cast,22
Calhoun,"Emmett Charter Township, Precinct 2","Emmett Township, Precinct 2 Delegate",,REP,Write-In,105
Calhoun,"Emmett Charter Township, Precinct 2","Emmett Township, Precinct 2 Delegate",,REP,Ballots Cast,105
Calhoun,"Emmett Charter Township, Precinct 3","Emmett Township, Precinct 3 Delegate",,REP,Keith Beyke,152
Calhoun,"Emmett Charter Township, Precinct 3","Emmett Township, Precinct 3 Delegate",,REP,Richard Veenkant,126
Calhoun,"Emmett Charter Township, Precinct 3","Emmett Township, Precinct 3 Delegate",,REP,Write-In,1
Calhoun,"Emmett Charter Township, Precinct 3","Emmett Township, Precinct 3 Delegate",,REP,Ballots Cast,279
Calhoun,"Emmett Charter Township, Precinct 4","Emmett Township, Precinct 4 Delegate",,REP,Esther Leonard,314
Calhoun,"Emmett Charter Township, Precinct 4","Emmett Township, Precinct 4 Delegate",,REP,Ryan Leonard,345
Calhoun,"Emmett Charter Township, Precinct 4","Emmett Township, Precinct 4 Delegate",,REP,Write-In,6
Calhoun,"Emmett Charter Township, Precinct 4","Emmett Township, Precinct 4 Delegate",,REP,Ballots Cast,665
Calhoun,"Fredonia Township, Precinct 1","Fredonia Township, Precinct 1 Delegate",,REP,Write-In,20
Calhoun,"Fredonia Township, Precinct 1","Fredonia Township, Precinct 1 Delegate",,REP,Ballots Cast,20
Calhoun,"Homer Township, Precinct 1","Homer Township, Precinct 1 Delegate",,REP,Victoria Overholt,262
Calhoun,"Homer Township, Precinct 1","Homer Township, Precinct 1 Delegate",,REP,Write-In,1
Calhoun,"Homer Township, Precinct 1","Homer Township, Precinct 1 Delegate",,REP,Ballots Cast,263
Calhoun,"Lee Township, Precinct 1","Lee Township, Precinct 1 Delegate",,REP,Write-In,36
Calhoun,"Lee Township, Precinct 1","Lee Township, Precinct 1 Delegate",,REP,Ballots Cast,36
Calhoun,"Leroy Township, Precinct 1","Leroy Township, Precinct 1 Delegate",,REP,Glin A. Winsor,605
Calhoun,"Leroy Township, Precinct 1","Leroy Township, Precinct 1 Delegate",,REP,Write-In,7
Calhoun,"Leroy Township, Precinct 1","Leroy Township, Precinct 1 Delegate",,REP,Ballots Cast,612
Calhoun,"Marengo Township, Precinct 1","Marengo Township, Precinct 1 Delegate",,REP,Charles Kazmar,194
Calhoun,"Marengo Township, Precinct 1","Marengo Township, Precinct 1 Delegate",,REP,Justin Kazmar,182
Calhoun,"Marengo Township, Precinct 1","Marengo Township, Precinct 1 Delegate",,REP,Write-In,3
Calhoun,"Marengo Township, Precinct 1","Marengo Township, Precinct 1 Delegate",,REP,Ballots Cast,379
Calhoun,"Marshall Township, Precinct 1","Marshall Township, Precinct 1 Delegate",,REP,Write-In,10
Calhoun,"Marshall Township, Precinct 1","Marshall Township, Precinct 1 Delegate",,REP,Ballots Cast,10
Calhoun,"Newton Township, Precinct 1","Newton Township, Precinct 1 Delegate",,REP,Kathleen Scarlata,381
Calhoun,"Newton Township, Precinct 1","Newton Township, Precinct 1 Delegate",,REP,Write-In,7
Calhoun,"Newton Township, Precinct 1","Newton Township, Precinct 1 Delegate",,REP,Ballots Cast,388
Calhoun,"Pennfield Charter Township, Precinct 2","Pennfield Township, Precinct 2 Delegate",,REP,Mary Anne Charron,237
Calhoun,"Pennfield Charter Township, Precinct 2","Pennfield Township, Precinct 2 Delegate",,REP,Thomas V. Charron,251
Calhoun,"Pennfield Charter Township, Precinct 2","Pennfield Township, Precinct 2 Delegate",,REP,Write-In,8
Calhoun,"Pennfield Charter Township, Precinct 2","Pennfield Township, Precinct 2 Delegate",,REP,Ballots Cast,496
Calhoun,"Pennfield Charter Township, Precinct 3","Pennfield Township, Precinct 3 Delegate",,REP,Tony Goodman,458
Calhoun,"Pennfield Charter Township, Precinct 3","Pennfield Township, Precinct 3 Delegate",,REP,Write-In,9
Calhoun,"Pennfield Charter Township, Precinct 3","Pennfield Township, Precinct 3 Delegate",,REP,Ballots Cast,467
Calhoun,"Sheridan Township, Precinct 1","Sheridan Township, Precinct 1 Delegate",,REP,Diana L. Kidder,116
Calhoun,"Sheridan Township, Precinct 1","Sheridan Township, Precinct 1 Delegate",,REP,Ballots Cast,116
Calhoun,"Tekonsha Township, Precinct 1","Tekonsha Township, Precinct 1 Delegate",,REP,Write-In,56
Calhoun,"Tekonsha Township, Precinct 1","Tekonsha Township, Precinct 1 Delegate",,REP,Ballots Cast,56
Calhoun,"Burlington Township, Precinct 1",Marshall Area Fire Fighters Ambulance Authority Capital Equipment Millage Renewal Proposal,,,No,60
Calhoun,"Burlington Township, Precinct 1",Marshall Area Fire Fighters Ambulance Authority Capital Equipment Millage Renewal Proposal,,,Yes,242
Calhoun,"Burlington Township, Precinct 1",Marshall Area Fire Fighters Ambulance Authority Capital Equipment Millage Renewal Proposal,,,Ballots Cast,302
Calhoun,"City of Marshall, Precinct 1",Marshall Area Fire Fighters Ambulance Authority Capital Equipment Millage Renewal Proposal,,,No,67
Calhoun,"City of Marshall, Precinct 1",Marshall Area Fire Fighters Ambulance Authority Capital Equipment Millage Renewal Proposal,,,Yes,639
Calhoun,"City of Marshall, Precinct 1",Marshall Area Fire Fighters Ambulance Authority Capital Equipment Millage Renewal Proposal,,,Ballots Cast,706
Calhoun,"City of Marshall, Precinct 2",Marshall Area Fire Fighters Ambulance Authority Capital Equipment Millage Renewal Proposal,,,No,77
Calhoun,"City of Marshall, Precinct 2",Marshall Area Fire Fighters Ambulance Authority Capital Equipment Millage Renewal Proposal,,,Yes,642
Calhoun,"City of Marshall, Precinct 2",Marshall Area Fire Fighters Ambulance Authority Capital Equipment Millage Renewal Proposal,,,Ballots Cast,719
Calhoun,"Clarendon Township, Precinct 1",Marshall Area Fire Fighters Ambulance Authority Capital Equipment Millage Renewal Proposal,,,No,48
Calhoun,"Clarendon Township, Precinct 1",Marshall Area Fire Fighters Ambulance Authority Capital Equipment Millage Renewal Proposal,,,Yes,135
Calhoun,"Clarendon Township, Precinct 1",Marshall Area Fire Fighters Ambulance Authority Capital Equipment Millage Renewal Proposal,,,Ballots Cast,183
Calhoun,"Convis Township, Precinct 1",Marshall Area Fire Fighters Ambulance Authority Capital Equipment Millage Renewal Proposal,,,No,45
Calhoun,"Convis Township, Precinct 1",Marshall Area Fire Fighters Ambulance Authority Capital Equipment Millage Renewal Proposal,,,Yes,223
Calhoun,"Convis Township, Precinct 1",Marshall Area Fire Fighters Ambulance Authority Capital Equipment Millage Renewal Proposal,,,Ballots Cast,268
Calhoun,"Eckford Township, Precinct 1",Marshall Area Fire Fighters Ambulance Authority Capital Equipment Millage Renewal Proposal,,,No,49
Calhoun,"Eckford Township, Precinct 1",Marshall Area Fire Fighters Ambulance Authority Capital Equipment Millage Renewal Proposal,,,Yes,261
Calhoun,"Eckford Township, Precinct 1",Marshall Area Fire Fighters Ambulance Authority Capital Equipment Millage Renewal Proposal,,,Ballots Cast,310
Calhoun,"Fredonia Township, Precinct 1",Marshall Area Fire Fighters Ambulance Authority Capital Equipment Millage Renewal Proposal,,,No,84
Calhoun,"Fredonia Township, Precinct 1",Marshall Area Fire Fighters Ambulance Authority Capital Equipment Millage Renewal Proposal,,,Yes,316
Calhoun,"Fredonia Township, Precinct 1",Marshall Area Fire Fighters Ambulance Authority Capital Equipment Millage Renewal Proposal,,,Ballots Cast,400
Calhoun,"Lee Township, Precinct 1",Marshall Area Fire Fighters Ambulance Authority Capital Equipment Millage Renewal Proposal,,,No,35
Calhoun,"Lee Township, Precinct 1",Marshall Area Fire Fighters Ambulance Authority Capital Equipment Millage Renewal Proposal,,,Yes,144
Calhoun,"Lee Township, Precinct 1",Marshall Area Fire Fighters Ambulance Authority Capital Equipment Millage Renewal Proposal,,,Ballots Cast,179
Calhoun,"Marengo Township, Precinct 1",Marshall Area Fire Fighters Ambulance Authority Capital Equipment Millage Renewal Proposal,,,No,81
Calhoun,"Marengo Township, Precinct 1",Marshall Area Fire Fighters Ambulance Authority Capital Equipment Millage Renewal Proposal,,,Yes,347
Calhoun,"Marengo Township, Precinct 1",Marshall Area Fire Fighters Ambulance Authority Capital Equipment Millage Renewal Proposal,,,Ballots Cast,428
Calhoun,"Marshall Township, Precinct 1",Marshall Area Fire Fighters Ambulance Authority Capital Equipment Millage Renewal Proposal,,,No,135
Calhoun,"Marshall Township, Precinct 1",Marshall Area Fire Fighters Ambulance Authority Capital Equipment Millage Renewal Proposal,,,Yes,643
Calhoun,"Marshall Township, Precinct 1",Marshall Area Fire Fighters Ambulance Authority Capital Equipment Millage Renewal Proposal,,,Ballots Cast,778
Calhoun,"Tekonsha Township, Precinct 1",Marshall Area Fire Fighters Ambulance Authority Capital Equipment Millage Renewal Proposal,,,No,49
Calhoun,"Tekonsha Township, Precinct 1",Marshall Area Fire Fighters Ambulance Authority Capital Equipment Millage Renewal Proposal,,,Yes,211
Calhoun,"Tekonsha Township, Precinct 1",Marshall Area Fire Fighters Ambulance Authority Capital Equipment Millage Renewal Proposal,,,Ballots Cast,260
Calhoun,"Clarendon Township, Precinct 1",Clarendon Township Fire Protection Millage Renewal,,,No,48
Calhoun,"Clarendon Township, Precinct 1",Clarendon Township Fire Protection Millage Renewal,,,Yes,144
Calhoun,"Clarendon Township, Precinct 1",Clarendon Township Fire Protection Millage Renewal,,,Ballots Cast,192
Calhoun,"Fredonia Township, Precinct 1",Fredonia Township Millage To Fund Fire Protection Services,,,No,135
Calhoun,"Fredonia Township, Precinct 1",Fredonia Township Millage To Fund Fire Protection Services,,,Yes,268
Calhoun,"Fredonia Township, Precinct 1",Fredonia Township Millage To Fund Fire Protection Services,,,Ballots Cast,403
Calhoun,"Marengo Township, Precinct 1",Marengo Township Operating Millage Renewal Proposal,,,No,147
Calhoun,"Marengo Township, Precinct 1",Marengo Township Operating Millage Renewal Proposal,,,Yes,272
Calhoun,"Marengo Township, Precinct 1",Marengo Township Operating Millage Renewal Proposal,,,Ballots Cast,419
Calhoun,"Marshall Township, Precinct 1",Marshall Township Fire Protection Services Millage Renewal,,,No,230
Calhoun,"Marshall Township, Precinct 1",Marshall Township Fire Protection Services Millage Renewal,,,Yes,558
Calhoun,"Marshall Township, Precinct 1",Marshall Township Fire Protection Services Millage Renewal,,,Ballots Cast,788
Calhoun,"Pennfield Charter Township, Precinct 2",Pennfield Charter Township Public Safety Millage,,,No,338
Calhoun,"Pennfield Charter Township, Precinct 2",Pennfield Charter Township Public Safety Millage,,,Yes,407
Calhoun,"Pennfield Charter Township, Precinct 2",Pennfield Charter Township Public Safety Millage,,,Ballots Cast,745
Calhoun,"Pennfield Charter Township, Precinct 3",Pennfield Charter Township Public Safety Millage,,,No,441
Calhoun,"Pennfield Charter Township, Precinct 3",Pennfield Charter Township Public Safety Millage,,,Yes,507
Calhoun,"Pennfield Charter Township, Precinct 3",Pennfield Charter Township Public Safety Millage,,,Ballots Cast,948
Calhoun,"Athens Township, Precinct 1",Athens Area Schools Operating Millage Proposal,,,No,128
Calhoun,"Athens Township, Precinct 1",Athens Area Schools Operating Millage Proposal,,,Yes,216
Calhoun,"Athens Township, Precinct 1",Athens Area Schools Operating Millage Proposal,,,Ballots Cast,344
Calhoun,"Burlington Township, Precinct 1",Athens Area Schools Operating Millage Proposal,,,No,4
Calhoun,"Burlington Township, Precinct 1",Athens Area Schools Operating Millage Proposal,,,Yes,7
Calhoun,"Burlington Township, Precinct 1",Athens Area Schools Operating Millage Proposal,,,Ballots Cast,11
Calhoun,"Leroy Township, Precinct 1",Athens Area Schools Operating Millage Proposal,,,No,182
Calhoun,"Leroy Township, Precinct 1",Athens Area Schools Operating Millage Proposal,,,Yes,232
Calhoun,"Leroy Township, Precinct 1",Athens Area Schools Operating Millage Proposal,,,Ballots Cast,414
Calhoun,"Newton Township, Precinct 1",Athens Area Schools Operating Millage Proposal,,,No,2
Calhoun,"Newton Township, Precinct 1",Athens Area Schools Operating Millage Proposal,,,Ballots Cast,2
Calhoun,"City of Battle Creek, Precinct 11",Harper Creek Community Schools Bond Proposal,,,No,9
Calhoun,"City of Battle Creek, Precinct 11",Harper Creek Community Schools Bond Proposal,,,Yes,14
Calhoun,"City of Battle Creek, Precinct 11",Harper Creek Community Schools Bond Proposal,,,Ballots Cast,23
Calhoun,"Emmett Charter Township, Precinct 1",Harper Creek Community Schools Bond Proposal,,,No,109
Calhoun,"Emmett Charter Township, Precinct 1",Harper Creek Community Schools Bond Proposal,,,Yes,115
Calhoun,"Emmett Charter Township, Precinct 1",Harper Creek Community Schools Bond Proposal,,,Ballots Cast,224
Calhoun,"Emmett Charter Township, Precinct 2",Harper Creek Community Schools Bond Proposal,,,No,298
Calhoun,"Emmett Charter Township, Precinct 2",Harper Creek Community Schools Bond Proposal,,,Yes,327
Calhoun,"Emmett Charter Township, Precinct 2",Harper Creek Community Schools Bond Proposal,,,Ballots Cast,625
Calhoun,"Emmett Charter Township, Precinct 3",Harper Creek Community Schools Bond Proposal,,,No,161
Calhoun,"Emmett Charter Township, Precinct 3",Harper Creek Community Schools Bond Proposal,,,Yes,176
Calhoun,"Emmett Charter Township, Precinct 3",Harper Creek Community Schools Bond Proposal,,,Ballots Cast,337
Calhoun,"Emmett Charter Township, Precinct 4",Harper Creek Community Schools Bond Proposal,,,No,420
Calhoun,"Emmett Charter Township, Precinct 4",Harper Creek Community Schools Bond Proposal,,,Yes,429
Calhoun,"Emmett Charter Township, Precinct 4",Harper Creek Community Schools Bond Proposal,,,Ballots Cast,849
Calhoun,"Fredonia Township, Precinct 1",Harper Creek Community Schools Bond Proposal,,,No,20
Calhoun,"Fredonia Township, Precinct 1",Harper Creek Community Schools Bond Proposal,,,Yes,14
Calhoun,"Fredonia Township, Precinct 1",Harper Creek Community Schools Bond Proposal,,,Ballots Cast,34
Calhoun,"Leroy Township, Precinct 1",Harper Creek Community Schools Bond Proposal,,,No,274
Calhoun,"Leroy Township, Precinct 1",Harper Creek Community Schools Bond Proposal,,,Yes,253
Calhoun,"Leroy Township, Precinct 1",Harper Creek Community Schools Bond Proposal,,,Ballots Cast,527
Calhoun,"Marshall Township, Precinct 1",Harper Creek Community Schools Bond Proposal,,,No,25
Calhoun,"Marshall Township, Precinct 1",Harper Creek Community Schools Bond Proposal,,,Yes,18
Calhoun,"Marshall Township, Precinct 1",Harper Creek Community Schools Bond Proposal,,,Ballots Cast,43
Calhoun,"Newton Township, Precinct 1",Harper Creek Community Schools Bond Proposal,,,No,413
Calhoun,"Newton Township, Precinct 1",Harper Creek Community Schools Bond Proposal,,,Yes,273
Calhoun,"Newton Township, Precinct 1",Harper Creek Community Schools Bond Proposal,,,Ballots Cast,686
Calhoun,"Pennfield Charter Township, Precinct 2",Harper Creek Community Schools Bond Proposal,,,No,27
Calhoun,"Pennfield Charter Township, Precinct 2",Harper Creek Community Schools Bond Proposal,,,Yes,24
Calhoun,"Pennfield Charter Township, Precinct 2",Harper Creek Community Schools Bond Proposal,,,Ballots Cast,51
Calhoun,"Albion Township, Precinct 1",Homer Community School District Bond Proposal,,,No,27
Calhoun,"Albion Township, Precinct 1",Homer Community School District Bond Proposal,,,Yes,39
Calhoun,"Albion Township, Precinct 1",Homer Community School District Bond Proposal,,,Ballots Cast,66
Calhoun,"Clarendon Township, Precinct 1",Homer Community School District Bond Proposal,,,No,79
Calhoun,"Clarendon Township, Precinct 1",Homer Community School District Bond Proposal,,,Yes,87
Calhoun,"Clarendon Township, Precinct 1",Homer Community School District Bond Proposal,,,Ballots Cast,166
Calhoun,"Eckford Township, Precinct 1",Homer Community School District Bond Proposal,,,No,51
Calhoun,"Eckford Township, Precinct 1",Homer Community School District Bond Proposal,,,Yes,54
Calhoun,"Eckford Township, Precinct 1",Homer Community School District Bond Proposal,,,Ballots Cast,105
Calhoun,"Fredonia Township, Precinct 1",Homer Community School District Bond Proposal,,,No,5
Calhoun,"Fredonia Township, Precinct 1",Homer Community School District Bond Proposal,,,Yes,3
Calhoun,"Fredonia Township, Precinct 1",Homer Community School District Bond Proposal,,,Ballots Cast,8
Calhoun,"Homer Township, Precinct 1",Homer Community School District Bond Proposal,,,No,172
Calhoun,"Homer Township, Precinct 1",Homer Community School District Bond Proposal,,,Yes,247
Calhoun,"Homer Township, Precinct 1",Homer Community School District Bond Proposal,,,Ballots Cast,419
Calhoun,"Tekonsha Township, Precinct 1",Homer Community School District Bond Proposal,,,Ballots Cast,0
Calhoun,"Homer Township, Precinct 1",Litchfield Community Schools Operating Millage Renewal Proposal,,,No,1
Calhoun,"Homer Township, Precinct 1",Litchfield Community Schools Operating Millage Renewal Proposal,,,Yes,9
Calhoun,"Homer Township, Precinct 1",Litchfield Community Schools Operating Millage Renewal Proposal,,,Ballots Cast,10
Calhoun,"Homer Township, Precinct 1",Litchfield Community Schools Sinking Fund Millage Renewal Proposal,,,No,1
Calhoun,"Homer Township, Precinct 1",Litchfield Community Schools Sinking Fund Millage Renewal Proposal,,,Yes,9
Calhoun,"Homer Township, Precinct 1",Litchfield Community Schools Sinking Fund Millage Renewal Proposal,,,Ballots Cast,10
Calhoun,"Burlington Township, Precinct 1",Tekonsha Community Schools Operating Millage Proposal,,,No,8
Calhoun,"Burlington Township, Precinct 1",Tekonsha Community Schools Operating Millage Proposal,,,Yes,1
Calhoun,"Burlington Township, Precinct 1",Tekonsha Community Schools Operating Millage Proposal,,,Ballots Cast,9
Calhoun,"Clarendon Township, Precinct 1",Tekonsha Community Schools Operating Millage Proposal,,,No,19
Calhoun,"Clarendon Township, Precinct 1",Tekonsha Community Schools Operating Millage Proposal,,,Yes,14
Calhoun,"Clarendon Township, Precinct 1",Tekonsha Community Schools Operating Millage Proposal,,,Ballots Cast,33
Calhoun,"Fredonia Township, Precinct 1",Tekonsha Community Schools Operating Millage Proposal,,,No,5
Calhoun,"Fredonia Township, Precinct 1",Tekonsha Community Schools Operating Millage Proposal,,,Yes,12
Calhoun,"Fredonia Township, Precinct 1",Tekonsha Community Schools Operating Millage Proposal,,,Ballots Cast,17
Calhoun,"Tekonsha Township, Precinct 1",Tekonsha Community Schools Operating Millage Proposal,,,No,95
Calhoun,"Tekonsha Township, Precinct 1",Tekonsha Community Schools Operating Millage Proposal,,,Yes,165
Calhoun,"Tekonsha Township, Precinct 1",Tekonsha Community Schools Operating Millage Proposal,,,Ballots Cast,260
Calhoun,"Albion Township, Precinct 1",Albion District Library Millage Renewal Proposal,,,No,72
Calhoun,"Albion Township, Precinct 1",Albion District Library Millage Renewal Proposal,,,Yes,154
Calhoun,"Albion Township, Precinct 1",Albion District Library Millage Renewal Proposal,,,Ballots Cast,226
Calhoun,"City of Albion, Precinct 1",Albion District Library Millage Renewal Proposal,,,No,35
Calhoun,"City of Albion, Precinct 1",Albion District Library Millage Renewal Proposal,,,Yes,111
Calhoun,"City of Albion, Precinct 1",Albion District Library Millage Renewal Proposal,,,Ballots Cast,146
Calhoun,"City of Albion, Precinct 2",Albion District Library Millage Renewal Proposal,,,No,11
Calhoun,"City of Albion, Precinct 2",Albion District Library Millage Renewal Proposal,,,Yes,107
Calhoun,"City of Albion, Precinct 2",Albion District Library Millage Renewal Proposal,,,Ballots Cast,118
Calhoun,"City of Albion, Precinct 3",Albion District Library Millage Renewal Proposal,,,No,43
Calhoun,"City of Albion, Precinct 3",Albion District Library Millage Renewal Proposal,,,Yes,199
Calhoun,"City of Albion, Precinct 3",Albion District Library Millage Renewal Proposal,,,Ballots Cast,242
Calhoun,"City of Albion, Precinct 4",Albion District Library Millage Renewal Proposal,,,No,33
Calhoun,"City of Albion, Precinct 4",Albion District Library Millage Renewal Proposal,,,Yes,118
Calhoun,"City of Albion, Precinct 4",Albion District Library Millage Renewal Proposal,,,Ballots Cast,151
Calhoun,"City of Albion, Precinct 5",Albion District Library Millage Renewal Proposal,,,No,45
Calhoun,"City of Albion, Precinct 5",Albion District Library Millage Renewal Proposal,,,Yes,202
Calhoun,"City of Albion, Precinct 5",Albion District Library Millage Renewal Proposal,,,Ballots Cast,247
Calhoun,"City of Albion, Precinct 6",Albion District Library Millage Renewal Proposal,,,No,17
Calhoun,"City of Albion, Precinct 6",Albion District Library Millage Renewal Proposal,,,Yes,141
Calhoun,"City of Albion, Precinct 6",Albion District Library Millage Renewal Proposal,,,Ballots Cast,158
Calhoun,"Sheridan Township, Precinct 1",Albion District Library Millage Renewal Proposal,,,No,113
Calhoun,"Sheridan Township, Precinct 1",Albion District Library Millage Renewal Proposal,,,Yes,134
Calhoun,"Sheridan Township, Precinct 1",Albion District Library Millage Renewal Proposal,,,Ballots Cast,247
