county,precinct,office,district,party,candidate,votes,election_day,absentee,early_voting,ev_county,ev_local
Muskegon,"Blue Lake Township, Precinct 1",Governor,,DEM,Jocelyn Benson,276,267,0,9,9,0
Muskegon,"Blue Lake Township, Precinct 1",Governor,,DEM,Christopher Robert Swanson,28,28,0,0,0,0
Muskegon,"Blue Lake Township, Precinct 1",Governor,,DEM,Justin Blackburn,0,0,0,0,0,0
Muskegon,"Blue Lake Township, Precinct 1",Governor,,DEM,Ballots Cast,304,295,0,9,9,0
Muskegon,"Blue Lake Township, Precinct 1",U.S. Senate,,DEM,Abdul El-Sayed,141,134,0,7,7,0
Muskegon,"Blue Lake Township, Precinct 1",U.S. Senate,,DEM,Mallory McMorrow,12,12,0,0,0,0
Muskegon,"Blue Lake Township, Precinct 1",U.S. Senate,,DEM,Haley Stevens,156,154,0,2,2,0
Muskegon,"Blue Lake Township, Precinct 1",U.S. Senate,,DEM,Ballots Cast,309,300,0,9,9,0
Muskegon,"Blue Lake Township, Precinct 1",U.S. House,2,DEM,Ben Ambrose,136,131,0,5,5,0
Muskegon,"Blue Lake Township, Precinct 1",U.S. House,2,DEM,Jamie Hill,113,110,0,3,3,0
Muskegon,"Blue Lake Township, Precinct 1",U.S. House,2,DEM,Clyde Welford,27,27,0,0,0,0
Muskegon,"Blue Lake Township, Precinct 1",U.S. House,2,DEM,Ballots Cast,276,268,0,8,8,0
Muskegon,"Blue Lake Township, Precinct 1",State Senate,32,DEM,Rebecca Amidon,253,245,0,8,8,0
Muskegon,"Blue Lake Township, Precinct 1",State Senate,32,DEM,Ballots Cast,253,245,0,8,8,0
Muskegon,"Blue Lake Township, Precinct 1",State House,102,DEM,Angel Coon,248,241,0,7,7,0
Muskegon,"Blue Lake Township, Precinct 1",State House,102,DEM,Ballots Cast,248,241,0,7,7,0
Muskegon,"Blue Lake Township, Precinct 1",Governor,,REP,Mike Cox,54,54,0,0,0,0
Muskegon,"Blue Lake Township, Precinct 1",Governor,,REP,John James,172,172,0,0,0,0
Muskegon,"Blue Lake Township, Precinct 1",Governor,,REP,Perry Johnson,119,119,0,0,0,0
Muskegon,"Blue Lake Township, Precinct 1",Governor,,REP,Aric Nesbitt,4,4,0,0,0,0
Muskegon,"Blue Lake Township, Precinct 1",Governor,,REP,Ballots Cast,349,349,0,0,0,0
Muskegon,"Blue Lake Township, Precinct 1",U.S. Senate,,REP,Mike Rogers,325,325,0,0,0,0
Muskegon,"Blue Lake Township, Precinct 1",U.S. Senate,,REP,Ballots Cast,325,325,0,0,0,0
Muskegon,"Blue Lake Township, Precinct 1",U.S. House,2,REP,John Moolenaar,320,320,0,0,0,0
Muskegon,"Blue Lake Township, Precinct 1",U.S. House,2,REP,Ballots Cast,320,320,0,0,0,0
Muskegon,"Blue Lake Township, Precinct 1",State Senate,32,REP,Kim Cole,269,269,0,0,0,0
Muskegon,"Blue Lake Township, Precinct 1",State Senate,32,REP,Max Riekse,69,69,0,0,0,0
Muskegon,"Blue Lake Township, Precinct 1",State Senate,32,REP,Ballots Cast,338,338,0,0,0,0
Muskegon,"Blue Lake Township, Precinct 1",State House,102,REP,Curt VanderWall,317,317,0,0,0,0
Muskegon,"Blue Lake Township, Precinct 1",State House,102,REP,Ballots Cast,317,317,0,0,0,0
Muskegon,"Blue Lake Township, Precinct 1",Muskegon Community College District Operating Millage Restoration,,,Yes,240,231,0,9,9,0
Muskegon,"Blue Lake Township, Precinct 1",Muskegon Community College District Operating Millage Restoration,,,No,368,368,0,0,0,0
Muskegon,"Blue Lake Township, Precinct 1",Muskegon Community College District Operating Millage Restoration,,,Ballots Cast,608,599,0,9,9,0
Muskegon,"Blue Lake Township, Precinct 1","Blue Lake Township, Precinct 1 Delegate to County Convention",,DEM,Jeanne Day-LaBo,186,180,0,6,6,0
Muskegon,"Blue Lake Township, Precinct 1","Blue Lake Township, Precinct 1 Delegate to County Convention",,DEM,Jan C. Erkenbrack,167,162,0,5,5,0
Muskegon,"Blue Lake Township, Precinct 1","Blue Lake Township, Precinct 1 Delegate to County Convention",,DEM,Ballots Cast,353,342,0,11,11,0
Muskegon,"Blue Lake Township, Precinct 1","Blue Lake Township, Precinct 1 Delegate to County Convention",,REP,Kim L. Cyr,258,258,0,0,0,0
Muskegon,"Blue Lake Township, Precinct 1","Blue Lake Township, Precinct 1 Delegate to County Convention",,REP,Eric Rothoff,169,169,0,0,0,0
Muskegon,"Blue Lake Township, Precinct 1","Blue Lake Township, Precinct 1 Delegate to County Convention",,REP,Ballots Cast,427,427,0,0,0,0
Muskegon,"Casnovia Township, Precinct 1",Governor,,DEM,Jocelyn Benson,143,141,0,2,2,0
Muskegon,"Casnovia Township, Precinct 1",Governor,,DEM,Christopher Robert Swanson,38,37,0,1,1,0
Muskegon,"Casnovia Township, Precinct 1",Governor,,DEM,Justin Blackburn,0,0,0,0,0,0
Muskegon,"Casnovia Township, Precinct 1",Governor,,DEM,Ballots Cast,181,178,0,3,3,0
Muskegon,"Casnovia Township, Precinct 1",U.S. Senate,,DEM,Abdul El-Sayed,84,82,0,2,2,0
Muskegon,"Casnovia Township, Precinct 1",U.S. Senate,,DEM,Mallory McMorrow,7,7,0,0,0,0
Muskegon,"Casnovia Township, Precinct 1",U.S. Senate,,DEM,Haley Stevens,93,92,0,1,1,0
Muskegon,"Casnovia Township, Precinct 1",U.S. Senate,,DEM,Ballots Cast,184,181,0,3,3,0
Muskegon,"Casnovia Township, Precinct 1",U.S. House,2,DEM,Ben Ambrose,70,69,0,1,1,0
Muskegon,"Casnovia Township, Precinct 1",U.S. House,2,DEM,Jamie Hill,64,62,0,2,2,0
Muskegon,"Casnovia Township, Precinct 1",U.S. House,2,DEM,Clyde Welford,30,30,0,0,0,0
Muskegon,"Casnovia Township, Precinct 1",U.S. House,2,DEM,Ballots Cast,164,161,0,3,3,0
Muskegon,"Casnovia Township, Precinct 1",State Senate,33,DEM,Stan Opal,149,146,0,3,3,0
Muskegon,"Casnovia Township, Precinct 1",State Senate,33,DEM,Ballots Cast,149,146,0,3,3,0
Muskegon,"Casnovia Township, Precinct 1",State House,89,DEM,Meegan Zickus,148,145,0,3,3,0
Muskegon,"Casnovia Township, Precinct 1",State House,89,DEM,Ballots Cast,148,145,0,3,3,0
Muskegon,"Casnovia Township, Precinct 1",Casnovia Township Trustee Partial Term Ending 11/20/2028,,DEM,Ballots Cast,0,0,0,0,0,0
Muskegon,"Casnovia Township, Precinct 1",Governor,,REP,Mike Cox,48,48,0,0,0,0
Muskegon,"Casnovia Township, Precinct 1",Governor,,REP,John James,226,226,0,0,0,0
Muskegon,"Casnovia Township, Precinct 1",Governor,,REP,Perry Johnson,223,221,0,2,2,0
Muskegon,"Casnovia Township, Precinct 1",Governor,,REP,Aric Nesbitt,6,6,0,0,0,0
Muskegon,"Casnovia Township, Precinct 1",Governor,,REP,Ballots Cast,503,501,0,2,2,0
Muskegon,"Casnovia Township, Precinct 1",U.S. Senate,,REP,Mike Rogers,463,461,0,2,2,0
Muskegon,"Casnovia Township, Precinct 1",U.S. Senate,,REP,Ballots Cast,463,461,0,2,2,0
Muskegon,"Casnovia Township, Precinct 1",U.S. House,2,REP,John Moolenaar,453,451,0,2,2,0
Muskegon,"Casnovia Township, Precinct 1",U.S. House,2,REP,Ballots Cast,453,451,0,2,2,0
Muskegon,"Casnovia Township, Precinct 1",State Senate,33,REP,Katie DeBoer,113,113,0,0,0,0
Muskegon,"Casnovia Township, Precinct 1",State Senate,33,REP,Joseph D. Fox,214,213,0,1,1,0
Muskegon,"Casnovia Township, Precinct 1",State Senate,33,REP,Gina Johnsen,87,86,0,1,1,0
Muskegon,"Casnovia Township, Precinct 1",State Senate,33,REP,Thomas J. Norton,68,68,0,0,0,0
Muskegon,"Casnovia Township, Precinct 1",State Senate,33,REP,Ballots Cast,482,480,0,2,2,0
Muskegon,"Casnovia Township, Precinct 1",State House,89,REP,Patrick Kapenga,191,191,0,0,0,0
Muskegon,"Casnovia Township, Precinct 1",State House,89,REP,Joe Moss,276,274,0,2,2,0
Muskegon,"Casnovia Township, Precinct 1",State House,89,REP,Ballots Cast,467,465,0,2,2,0
Muskegon,"Casnovia Township, Precinct 1",Casnovia Township Trustee Partial Term Ending 11/20/2028,,REP,Jason Jorgensen,348,348,0,0,0,0
Muskegon,"Casnovia Township, Precinct 1",Casnovia Township Trustee Partial Term Ending 11/20/2028,,REP,Dave VerSluis,196,194,0,2,2,0
Muskegon,"Casnovia Township, Precinct 1",Casnovia Township Trustee Partial Term Ending 11/20/2028,,REP,Todd Willick,309,309,0,0,0,0
Muskegon,"Casnovia Township, Precinct 1",Casnovia Township Trustee Partial Term Ending 11/20/2028,,REP,Ballots Cast,853,851,0,2,2,0
Muskegon,"Casnovia Township, Precinct 1",Grant Public Schools Operating Millage Renewal Proposal,,,Yes,191,187,0,4,4,0
Muskegon,"Casnovia Township, Precinct 1",Grant Public Schools Operating Millage Renewal Proposal,,,No,158,158,0,0,0,0
Muskegon,"Casnovia Township, Precinct 1",Grant Public Schools Operating Millage Renewal Proposal,,,Ballots Cast,349,345,0,4,4,0
Muskegon,"Casnovia Township, Precinct 1",Muskegon Community College District Operating Millage Restoration,,,Yes,219,215,0,4,4,0
Muskegon,"Casnovia Township, Precinct 1",Muskegon Community College District Operating Millage Restoration,,,No,451,451,0,0,0,0
Muskegon,"Casnovia Township, Precinct 1",Muskegon Community College District Operating Millage Restoration,,,Ballots Cast,670,666,0,4,4,0
Muskegon,"Casnovia Township, Precinct 1","Casnovia Township, Precinct 1 Delegate to County Convention",,DEM,Ballots Cast,0,0,0,0,0,0
Muskegon,"Casnovia Township, Precinct 1","Casnovia Township, Precinct 1 Delegate to County Convention",,REP,Paul D. Black,215,213,0,2,2,0
Muskegon,"Casnovia Township, Precinct 1","Casnovia Township, Precinct 1 Delegate to County Convention",,REP,Ralph Blurton,201,199,0,2,2,0
Muskegon,"Casnovia Township, Precinct 1","Casnovia Township, Precinct 1 Delegate to County Convention",,REP,Tara Blurton,188,186,0,2,2,0
Muskegon,"Casnovia Township, Precinct 1","Casnovia Township, Precinct 1 Delegate to County Convention",,REP,Rick L. Sible,232,230,0,2,2,0
Muskegon,"Casnovia Township, Precinct 1","Casnovia Township, Precinct 1 Delegate to County Convention",,REP,David VerSluis,200,198,0,2,2,0
Muskegon,"Casnovia Township, Precinct 1","Casnovia Township, Precinct 1 Delegate to County Convention",,REP,Mary VerSluis,169,167,0,2,2,0
Muskegon,"Casnovia Township, Precinct 1","Casnovia Township, Precinct 1 Delegate to County Convention",,REP,Aaron Young,199,197,0,2,2,0
Muskegon,"Casnovia Township, Precinct 1","Casnovia Township, Precinct 1 Delegate to County Convention",,REP,Liesbeth Young,183,181,0,2,2,0
Muskegon,"Casnovia Township, Precinct 1","Casnovia Township, Precinct 1 Delegate to County Convention",,REP,Ballots Cast,1587,1571,0,16,16,0
Muskegon,"Cedar Creek Township, Precinct 1",Governor,,DEM,Jocelyn Benson,315,93,218,4,4,0
Muskegon,"Cedar Creek Township, Precinct 1",Governor,,DEM,Christopher Robert Swanson,51,27,23,1,1,0
Muskegon,"Cedar Creek Township, Precinct 1",Governor,,DEM,Justin Blackburn,0,0,0,0,0,0
Muskegon,"Cedar Creek Township, Precinct 1",Governor,,DEM,Ballots Cast,366,120,241,5,5,0
Muskegon,"Cedar Creek Township, Precinct 1",U.S. Senate,,DEM,Abdul El-Sayed,130,70,55,5,5,0
Muskegon,"Cedar Creek Township, Precinct 1",U.S. Senate,,DEM,Mallory McMorrow,13,7,6,0,0,0
Muskegon,"Cedar Creek Township, Precinct 1",U.S. Senate,,DEM,Haley Stevens,226,45,181,0,0,0
Muskegon,"Cedar Creek Township, Precinct 1",U.S. Senate,,DEM,Ballots Cast,369,122,242,5,5,0
Muskegon,"Cedar Creek Township, Precinct 1",U.S. House,2,DEM,Ben Ambrose,128,41,87,0,0,0
Muskegon,"Cedar Creek Township, Precinct 1",U.S. House,2,DEM,Jamie Hill,130,47,80,3,3,0
Muskegon,"Cedar Creek Township, Precinct 1",U.S. House,2,DEM,Clyde Welford,75,21,53,1,1,0
Muskegon,"Cedar Creek Township, Precinct 1",U.S. House,2,DEM,Ballots Cast,333,109,220,4,4,0
Muskegon,"Cedar Creek Township, Precinct 1",State Senate,32,DEM,Rebecca Amidon,313,102,208,3,3,0
Muskegon,"Cedar Creek Township, Precinct 1",State Senate,32,DEM,Ballots Cast,313,102,208,3,3,0
Muskegon,"Cedar Creek Township, Precinct 1",State House,102,DEM,Angel Coon,302,97,202,3,3,0
Muskegon,"Cedar Creek Township, Precinct 1",State House,102,DEM,Ballots Cast,302,97,202,3,3,0
Muskegon,"Cedar Creek Township, Precinct 1",Cedar Creek Township Treasurer Partial Term Ending 11/20/2028,,DEM,Swenja Tanner,305,99,203,3,3,0
Muskegon,"Cedar Creek Township, Precinct 1",Cedar Creek Township Treasurer Partial Term Ending 11/20/2028,,DEM,Ballots Cast,305,99,203,3,3,0
Muskegon,"Cedar Creek Township, Precinct 1",Governor,,REP,Mike Cox,49,17,32,0,0,0
Muskegon,"Cedar Creek Township, Precinct 1",Governor,,REP,John James,180,106,72,2,2,0
Muskegon,"Cedar Creek Township, Precinct 1",Governor,,REP,Perry Johnson,152,76,72,4,4,0
Muskegon,"Cedar Creek Township, Precinct 1",Governor,,REP,Aric Nesbitt,13,2,11,0,0,0
Muskegon,"Cedar Creek Township, Precinct 1",Governor,,REP,Ballots Cast,394,201,187,6,6,0
Muskegon,"Cedar Creek Township, Precinct 1",U.S. Senate,,REP,Mike Rogers,367,190,171,6,6,0
Muskegon,"Cedar Creek Township, Precinct 1",U.S. Senate,,REP,Ballots Cast,367,190,171,6,6,0
Muskegon,"Cedar Creek Township, Precinct 1",U.S. House,2,REP,John Moolenaar,364,189,169,6,6,0
Muskegon,"Cedar Creek Township, Precinct 1",U.S. House,2,REP,Ballots Cast,364,189,169,6,6,0
Muskegon,"Cedar Creek Township, Precinct 1",State Senate,32,REP,Kim Cole,225,119,103,3,3,0
Muskegon,"Cedar Creek Township, Precinct 1",State Senate,32,REP,Max Riekse,152,78,71,3,3,0
Muskegon,"Cedar Creek Township, Precinct 1",State Senate,32,REP,Ballots Cast,377,197,174,6,6,0
Muskegon,"Cedar Creek Township, Precinct 1",State House,102,REP,Curt VanderWall,361,187,168,6,6,0
Muskegon,"Cedar Creek Township, Precinct 1",State House,102,REP,Ballots Cast,361,187,168,6,6,0
Muskegon,"Cedar Creek Township, Precinct 1",Cedar Creek Township Treasurer Partial Term Ending 11/20/2028,,REP,Kris Jefferies,356,186,164,6,6,0
Muskegon,"Cedar Creek Township, Precinct 1",Cedar Creek Township Treasurer Partial Term Ending 11/20/2028,,REP,Ballots Cast,356,186,164,6,6,0
Muskegon,"Cedar Creek Township, Precinct 1",Reeths-Puffer Schools Operating Millage Proposal,,,Yes,16,5,11,0,0,0
Muskegon,"Cedar Creek Township, Precinct 1",Reeths-Puffer Schools Operating Millage Proposal,,,No,41,11,29,1,1,0
Muskegon,"Cedar Creek Township, Precinct 1",Reeths-Puffer Schools Operating Millage Proposal,,,Ballots Cast,57,16,40,1,1,0
Muskegon,"Cedar Creek Township, Precinct 1",Muskegon Community College District Operating Millage Restoration,,,Yes,269,106,158,5,5,0
Muskegon,"Cedar Creek Township, Precinct 1",Muskegon Community College District Operating Millage Restoration,,,No,477,186,286,5,5,0
Muskegon,"Cedar Creek Township, Precinct 1",Muskegon Community College District Operating Millage Restoration,,,Ballots Cast,746,292,444,10,10,0
Muskegon,"Cedar Creek Township, Precinct 1","Cedar Creek Township, Precinct 1 Delegate to County Convention",,DEM,Patricia Wright,273,89,181,3,3,0
Muskegon,"Cedar Creek Township, Precinct 1","Cedar Creek Township, Precinct 1 Delegate to County Convention",,DEM,Robert H. Wright,208,48,158,2,2,0
Muskegon,"Cedar Creek Township, Precinct 1","Cedar Creek Township, Precinct 1 Delegate to County Convention",,DEM,Ballots Cast,481,137,339,5,5,0
Muskegon,"Cedar Creek Township, Precinct 1","Cedar Creek Township, Precinct 1 Delegate to County Convention",,REP,Ballots Cast,0,0,0,0,0,0
Muskegon,"Dalton Township, Precinct 1",Governor,,DEM,Jocelyn Benson,299,75,219,5,5,0
Muskegon,"Dalton Township, Precinct 1",Governor,,DEM,Christopher Robert Swanson,46,18,27,1,1,0
Muskegon,"Dalton Township, Precinct 1",Governor,,DEM,Justin Blackburn,0,0,0,0,0,0
Muskegon,"Dalton Township, Precinct 1",Governor,,DEM,Ballots Cast,345,93,246,6,6,0
Muskegon,"Dalton Township, Precinct 1",U.S. Senate,,DEM,Abdul El-Sayed,130,51,76,3,3,0
Muskegon,"Dalton Township, Precinct 1",U.S. Senate,,DEM,Mallory McMorrow,16,2,14,0,0,0
Muskegon,"Dalton Township, Precinct 1",U.S. Senate,,DEM,Haley Stevens,204,47,154,3,3,0
Muskegon,"Dalton Township, Precinct 1",U.S. Senate,,DEM,Ballots Cast,350,100,244,6,6,0
Muskegon,"Dalton Township, Precinct 1",U.S. House,2,DEM,Ben Ambrose,132,25,106,1,1,0
Muskegon,"Dalton Township, Precinct 1",U.S. House,2,DEM,Jamie Hill,159,55,100,4,4,0
Muskegon,"Dalton Township, Precinct 1",U.S. House,2,DEM,Clyde Welford,33,11,22,0,0,0
Muskegon,"Dalton Township, Precinct 1",U.S. House,2,DEM,Ballots Cast,324,91,228,5,5,0
Muskegon,"Dalton Township, Precinct 1",State Senate,32,DEM,Rebecca Amidon,309,83,221,5,5,0
Muskegon,"Dalton Township, Precinct 1",State Senate,32,DEM,Ballots Cast,309,83,221,5,5,0
Muskegon,"Dalton Township, Precinct 1",State House,87,DEM,Will Snyder,310,85,220,5,5,0
Muskegon,"Dalton Township, Precinct 1",State House,87,DEM,Ballots Cast,310,85,220,5,5,0
Muskegon,"Dalton Township, Precinct 1",Dalton Township Clerk Partial Term Ending 11/20/2028,,DEM,Ballots Cast,0,0,0,0,0,0
Muskegon,"Dalton Township, Precinct 1",Governor,,REP,Mike Cox,48,16,32,0,0,0
Muskegon,"Dalton Township, Precinct 1",Governor,,REP,John James,167,85,78,4,4,0
Muskegon,"Dalton Township, Precinct 1",Governor,,REP,Perry Johnson,118,68,50,0,0,0
Muskegon,"Dalton Township, Precinct 1",Governor,,REP,Aric Nesbitt,3,2,1,0,0,0
Muskegon,"Dalton Township, Precinct 1",Governor,,REP,Ballots Cast,336,171,161,4,4,0
Muskegon,"Dalton Township, Precinct 1",U.S. Senate,,REP,Mike Rogers,311,158,151,2,2,0
Muskegon,"Dalton Township, Precinct 1",U.S. Senate,,REP,Ballots Cast,311,158,151,2,2,0
Muskegon,"Dalton Township, Precinct 1",U.S. House,2,REP,John Moolenaar,301,152,147,2,2,0
Muskegon,"Dalton Township, Precinct 1",U.S. House,2,REP,Ballots Cast,301,152,147,2,2,0
Muskegon,"Dalton Township, Precinct 1",State Senate,32,REP,Kim Cole,220,118,98,4,4,0
Muskegon,"Dalton Township, Precinct 1",State Senate,32,REP,Max Riekse,96,45,51,0,0,0
Muskegon,"Dalton Township, Precinct 1",State Senate,32,REP,Ballots Cast,316,163,149,4,4,0
Muskegon,"Dalton Township, Precinct 1",State House,87,REP,Cody A. Chipman,288,146,140,2,2,0
Muskegon,"Dalton Township, Precinct 1",State House,87,REP,Ballots Cast,288,146,140,2,2,0
Muskegon,"Dalton Township, Precinct 1",Dalton Township Clerk Partial Term Ending 11/20/202/,,REP,Amy L. Brown,288,145,141,2,2,0
Muskegon,"Dalton Township, Precinct 1",Dalton Township Clerk Partial Term Ending 11/20/202/,,REP,Ballots Cast,288,145,141,2,2,0
Muskegon,"Dalton Township, Precinct 1",Reeths-Puffer Schools Operating Millage Proposal,,,Yes,319,111,203,5,5,0
Muskegon,"Dalton Township, Precinct 1",Reeths-Puffer Schools Operating Millage Proposal,,,No,374,156,214,4,4,0
Muskegon,"Dalton Township, Precinct 1",Reeths-Puffer Schools Operating Millage Proposal,,,Ballots Cast,693,267,417,9,9,0
Muskegon,"Dalton Township, Precinct 1",Muskegon Community College District Operating Millage Restoration,,,Yes,257,93,158,6,6,0
Muskegon,"Dalton Township, Precinct 1",Muskegon Community College District Operating Millage Restoration,,,No,436,174,258,4,4,0
Muskegon,"Dalton Township, Precinct 1",Muskegon Community College District Operating Millage Restoration,,,Ballots Cast,693,267,416,10,10,0
Muskegon,"Dalton Township, Precinct 1","Dalton Township, Precinct 1 Delegate to County Convention",,DEM,Ballots Cast,0,0,0,0,0,0
Muskegon,"Dalton Township, Precinct 1","Dalton Township, Precinct 1 Delegate to County Convention",,REP,Ballots Cast,0,0,0,0,0,0
Muskegon,"Dalton Township, Precinct 2",Governor,,DEM,Jocelyn Benson,172,78,92,2,2,0
Muskegon,"Dalton Township, Precinct 2",Governor,,DEM,Christopher Robert Swanson,31,19,12,0,0,0
Muskegon,"Dalton Township, Precinct 2",Governor,,DEM,Justin Blackburn,0,0,0,0,0,0
Muskegon,"Dalton Township, Precinct 2",Governor,,DEM,Ballots Cast,203,97,104,2,2,0
Muskegon,"Dalton Township, Precinct 2",U.S. Senate,,DEM,Abdul El-Sayed,92,52,38,2,2,0
Muskegon,"Dalton Township, Precinct 2",U.S. Senate,,DEM,Mallory McMorrow,7,5,2,0,0,0
Muskegon,"Dalton Township, Precinct 2",U.S. Senate,,DEM,Haley Stevens,110,44,66,0,0,0
Muskegon,"Dalton Township, Precinct 2",U.S. Senate,,DEM,Ballots Cast,209,101,106,2,2,0
Muskegon,"Dalton Township, Precinct 2",U.S. House,2,DEM,Ben Ambrose,78,39,39,0,0,0
Muskegon,"Dalton Township, Precinct 2",U.S. House,2,DEM,Jamie Hill,81,45,34,2,2,0
Muskegon,"Dalton Township, Precinct 2",U.S. House,2,DEM,Clyde Welford,30,6,24,0,0,0
Muskegon,"Dalton Township, Precinct 2",U.S. House,2,DEM,Ballots Cast,189,90,97,2,2,0
Muskegon,"Dalton Township, Precinct 2",State Senate,32,DEM,Rebecca Amidon,171,81,88,2,2,0
Muskegon,"Dalton Township, Precinct 2",State Senate,32,DEM,Ballots Cast,171,81,88,2,2,0
Muskegon,"Dalton Township, Precinct 2",State House,102,DEM,Angel Coon,176,85,89,2,2,0
Muskegon,"Dalton Township, Precinct 2",State House,102,DEM,Ballots Cast,176,85,89,2,2,0
Muskegon,"Dalton Township, Precinct 2",Dalton Township Clerk Partial Term Ending 11/20/2028,,DEM,Ballots Cast,0,0,0,0,0,0
Muskegon,"Dalton Township, Precinct 2",Governor,,REP,Mike Cox,31,12,19,0,0,0
Muskegon,"Dalton Township, Precinct 2",Governor,,REP,John James,98,68,28,2,2,0
Muskegon,"Dalton Township, Precinct 2",Governor,,REP,Perry Johnson,35,28,7,0,0,0
Muskegon,"Dalton Township, Precinct 2",Governor,,REP,Aric Nesbitt,3,1,2,0,0,0
Muskegon,"Dalton Township, Precinct 2",Governor,,REP,Ballots Cast,167,109,56,2,2,0
Muskegon,"Dalton Township, Precinct 2",U.S. Senate,,REP,Mike Rogers,153,98,53,2,2,0
Muskegon,"Dalton Township, Precinct 2",U.S. Senate,,REP,Ballots Cast,153,98,53,2,2,0
Muskegon,"Dalton Township, Precinct 2",U.S. House,2,REP,John Moolenaar,149,95,52,2,2,0
Muskegon,"Dalton Township, Precinct 2",U.S. House,2,REP,Ballots Cast,149,95,52,2,2,0
Muskegon,"Dalton Township, Precinct 2",State Senate,32,REP,Kim Cole,117,85,30,2,2,0
Muskegon,"Dalton Township, Precinct 2",State Senate,32,REP,Max Riekse,40,18,22,0,0,0
Muskegon,"Dalton Township, Precinct 2",State Senate,32,REP,Ballots Cast,157,103,52,2,2,0
Muskegon,"Dalton Township, Precinct 2",State House,102,REP,Curt VanderWall,143,89,52,2,2,0
Muskegon,"Dalton Township, Precinct 2",State House,102,REP,Ballots Cast,143,89,52,2,2,0
Muskegon,"Dalton Township, Precinct 2",Dalton Township Clerk Partial Term Ending 11/20/202/,,REP,Amy L. Brown,144,90,52,2,2,0
Muskegon,"Dalton Township, Precinct 2",Dalton Township Clerk Partial Term Ending 11/20/202/,,REP,Ballots Cast,144,90,52,2,2,0
Muskegon,"Dalton Township, Precinct 2",Muskegon Community College District Operating Millage Restoration,,,Yes,147,76,70,1,1,0
Muskegon,"Dalton Township, Precinct 2",Muskegon Community College District Operating Millage Restoration,,,No,215,120,93,2,2,0
Muskegon,"Dalton Township, Precinct 2",Muskegon Community College District Operating Millage Restoration,,,Ballots Cast,362,196,163,3,3,0
Muskegon,"Dalton Township, Precinct 2","Dalton Township, Precinct 2 Delegate to County Convention",,DEM,Ballots Cast,0,0,0,0,0,0
Muskegon,"Dalton Township, Precinct 2","Dalton Township, Precinct 2 Delegate to County Convention",,REP,Ballots Cast,0,0,0,0,0,0
Muskegon,"Dalton Township, Precinct 3",Governor,,DEM,Jocelyn Benson,394,119,263,12,12,0
Muskegon,"Dalton Township, Precinct 3",Governor,,DEM,Christopher Robert Swanson,67,41,25,1,1,0
Muskegon,"Dalton Township, Precinct 3",Governor,,DEM,Justin Blackburn,0,0,0,0,0,0
Muskegon,"Dalton Township, Precinct 3",Governor,,DEM,Ballots Cast,461,160,288,13,13,0
Muskegon,"Dalton Township, Precinct 3",U.S. Senate,,DEM,Abdul El-Sayed,198,104,88,6,6,0
Muskegon,"Dalton Township, Precinct 3",U.S. Senate,,DEM,Mallory McMorrow,19,3,16,0,0,0
Muskegon,"Dalton Township, Precinct 3",U.S. Senate,,DEM,Haley Stevens,249,59,183,7,7,0
Muskegon,"Dalton Township, Precinct 3",U.S. Senate,,DEM,Ballots Cast,466,166,287,13,13,0
Muskegon,"Dalton Township, Precinct 3",U.S. House,2,DEM,Ben Ambrose,184,72,105,7,7,0
Muskegon,"Dalton Township, Precinct 3",U.S. House,2,DEM,Jamie Hill,153,54,97,2,2,0
Muskegon,"Dalton Township, Precinct 3",U.S. House,2,DEM,Clyde Welford,66,15,47,4,4,0
Muskegon,"Dalton Township, Precinct 3",U.S. House,2,DEM,Ballots Cast,403,141,249,13,13,0
Muskegon,"Dalton Township, Precinct 3",State Senate,32,DEM,Rebecca Amidon,402,140,250,12,12,0
Muskegon,"Dalton Township, Precinct 3",State Senate,32,DEM,Ballots Cast,402,140,250,12,12,0
Muskegon,"Dalton Township, Precinct 3",State House,87,DEM,Will Snyder,400,135,253,12,12,0
Muskegon,"Dalton Township, Precinct 3",State House,87,DEM,Ballots Cast,400,135,253,12,12,0
Muskegon,"Dalton Township, Precinct 3",Dalton Township Clerk Partial Term Ending 11/20/2028,,DEM,Ballots Cast,0,0,0,0,0,0
Muskegon,"Dalton Township, Precinct 3",Governor,,REP,Mike Cox,50,15,35,0,0,0
Muskegon,"Dalton Township, Precinct 3",Governor,,REP,John James,207,116,88,3,3,0
Muskegon,"Dalton Township, Precinct 3",Governor,,REP,Perry Johnson,159,75,80,4,4,0
Muskegon,"Dalton Township, Precinct 3",Governor,,REP,Aric Nesbitt,11,3,8,0,0,0
Muskegon,"Dalton Township, Precinct 3",Governor,,REP,Ballots Cast,427,209,211,7,7,0
Muskegon,"Dalton Township, Precinct 3",U.S. Senate,,REP,Mike Rogers,399,197,197,5,5,0
Muskegon,"Dalton Township, Precinct 3",U.S. Senate,,REP,Ballots Cast,399,197,197,5,5,0
Muskegon,"Dalton Township, Precinct 3",U.S. House,2,REP,John Moolenaar,393,194,194,5,5,0
Muskegon,"Dalton Township, Precinct 3",U.S. House,2,REP,Ballots Cast,393,194,194,5,5,0
Muskegon,"Dalton Township, Precinct 3",State Senate,32,REP,Kim Cole,298,150,144,4,4,0
Muskegon,"Dalton Township, Precinct 3",State Senate,32,REP,Max Riekse,106,48,57,1,1,0
Muskegon,"Dalton Township, Precinct 3",State Senate,32,REP,Ballots Cast,404,198,201,5,5,0
Muskegon,"Dalton Township, Precinct 3",State House,87,REP,Cody A. Chipman,368,177,186,5,5,0
Muskegon,"Dalton Township, Precinct 3",State House,87,REP,Ballots Cast,368,177,186,5,5,0
Muskegon,"Dalton Township, Precinct 3",Dalton Township Clerk Partial Term Ending 11/20/202/,,REP,Amy L. Brown,374,182,187,5,5,0
Muskegon,"Dalton Township, Precinct 3",Dalton Township Clerk Partial Term Ending 11/20/202/,,REP,Ballots Cast,374,182,187,5,5,0
Muskegon,"Dalton Township, Precinct 3",Reeths-Puffer Schools Operating Millage Proposal,,,Yes,428,184,233,11,11,0
Muskegon,"Dalton Township, Precinct 3",Reeths-Puffer Schools Operating Millage Proposal,,,No,470,178,284,8,8,0
Muskegon,"Dalton Township, Precinct 3",Reeths-Puffer Schools Operating Millage Proposal,,,Ballots Cast,898,362,517,19,19,0
Muskegon,"Dalton Township, Precinct 3",Muskegon Community College District Operating Millage Restoration,,,Yes,343,160,174,9,9,0
Muskegon,"Dalton Township, Precinct 3",Muskegon Community College District Operating Millage Restoration,,,No,546,202,335,9,9,0
Muskegon,"Dalton Township, Precinct 3",Muskegon Community College District Operating Millage Restoration,,,Ballots Cast,889,362,509,18,18,0
Muskegon,"Dalton Township, Precinct 3","Dalton Township, Precinct 3 Delegate to County Convention",,DEM,Ballots Cast,0,0,0,0,0,0
Muskegon,"Dalton Township, Precinct 3","Dalton Township, Precinct 3 Delegate to County Convention",,REP,Bonnie J. Jones,264,120,139,5,5,0
Muskegon,"Dalton Township, Precinct 3","Dalton Township, Precinct 3 Delegate to County Convention",,REP,Dakota Jones,265,125,135,5,5,0
Muskegon,"Dalton Township, Precinct 3","Dalton Township, Precinct 3 Delegate to County Convention",,REP,Ballots Cast,529,245,274,10,10,0
Muskegon,"Egelston Township, Precinct 1",Governor,,DEM,Jocelyn Benson,342,323,0,19,19,0
Muskegon,"Egelston Township, Precinct 1",Governor,,DEM,Christopher Robert Swanson,46,44,0,2,2,0
Muskegon,"Egelston Township, Precinct 1",Governor,,DEM,Justin Blackburn,0,0,0,0,0,0
Muskegon,"Egelston Township, Precinct 1",Governor,,DEM,Ballots Cast,388,367,0,21,21,0
Muskegon,"Egelston Township, Precinct 1",U.S. Senate,,DEM,Abdul El-Sayed,175,158,0,17,17,0
Muskegon,"Egelston Township, Precinct 1",U.S. Senate,,DEM,Mallory McMorrow,22,22,0,0,0,0
Muskegon,"Egelston Township, Precinct 1",U.S. Senate,,DEM,Haley Stevens,202,198,0,4,4,0
Muskegon,"Egelston Township, Precinct 1",U.S. Senate,,DEM,Ballots Cast,399,378,0,21,21,0
Muskegon,"Egelston Township, Precinct 1",U.S. House,2,DEM,Ben Ambrose,182,167,0,15,15,0
Muskegon,"Egelston Township, Precinct 1",U.S. House,2,DEM,Jamie Hill,149,144,0,5,5,0
Muskegon,"Egelston Township, Precinct 1",U.S. House,2,DEM,Clyde Welford,37,36,0,1,1,0
Muskegon,"Egelston Township, Precinct 1",U.S. House,2,DEM,Ballots Cast,368,347,0,21,21,0
Muskegon,"Egelston Township, Precinct 1",State Senate,32,DEM,Rebecca Amidon,346,328,0,18,18,0
Muskegon,"Egelston Township, Precinct 1",State Senate,32,DEM,Ballots Cast,346,328,0,18,18,0
Muskegon,"Egelston Township, Precinct 1",State House,89,DEM,Meegan Zickus,339,322,0,17,17,0
Muskegon,"Egelston Township, Precinct 1",State House,89,DEM,Ballots Cast,339,322,0,17,17,0
Muskegon,"Egelston Township, Precinct 1",Governor,,REP,Mike Cox,35,34,0,1,1,0
Muskegon,"Egelston Township, Precinct 1",Governor,,REP,John James,133,122,0,11,11,0
Muskegon,"Egelston Township, Precinct 1",Governor,,REP,Perry Johnson,132,130,0,2,2,0
Muskegon,"Egelston Township, Precinct 1",Governor,,REP,Aric Nesbitt,8,8,0,0,0,0
Muskegon,"Egelston Township, Precinct 1",Governor,,REP,Ballots Cast,308,294,0,14,14,0
Muskegon,"Egelston Township, Precinct 1",U.S. Senate,,REP,Mike Rogers,298,284,0,14,14,0
Muskegon,"Egelston Township, Precinct 1",U.S. Senate,,REP,Ballots Cast,298,284,0,14,14,0
Muskegon,"Egelston Township, Precinct 1",U.S. House,2,REP,John Moolenaar,284,271,0,13,13,0
Muskegon,"Egelston Township, Precinct 1",U.S. House,2,REP,Ballots Cast,284,271,0,13,13,0
Muskegon,"Egelston Township, Precinct 1",State Senate,32,REP,Kim Cole,186,176,0,10,10,0
Muskegon,"Egelston Township, Precinct 1",State Senate,32,REP,Max Riekse,108,104,0,4,4,0
Muskegon,"Egelston Township, Precinct 1",State Senate,32,REP,Ballots Cast,294,280,0,14,14,0
Muskegon,"Egelston Township, Precinct 1",State House,89,REP,Patrick Kapenga,122,118,0,4,4,0
Muskegon,"Egelston Township, Precinct 1",State House,89,REP,Joe Moss,181,171,0,10,10,0
Muskegon,"Egelston Township, Precinct 1",State House,89,REP,Ballots Cast,303,289,0,14,14,0
Muskegon,"Egelston Township, Precinct 1",Muskegon Community College District Operating Millage Restoration,,,Yes,256,231,0,25,25,0
Muskegon,"Egelston Township, Precinct 1",Muskegon Community College District Operating Millage Restoration,,,No,426,419,0,7,7,0
Muskegon,"Egelston Township, Precinct 1",Muskegon Community College District Operating Millage Restoration,,,Ballots Cast,682,650,0,32,32,0
Muskegon,"Egelston Township, Precinct 1","Egelston Township, Precinct 1 Delegate to County Convention",,DEM,Ballots Cast,0,0,0,0,0,0
Muskegon,"Egelston Township, Precinct 1","Egelston Township, Precinct 1 Delegate to County Convention",,REP,Amanda Marie Fiano,1,1,0,0,0,0
Muskegon,"Egelston Township, Precinct 1","Egelston Township, Precinct 1 Delegate to County Convention",,REP,Ballots Cast,1,1,0,0,0,0
Muskegon,"Egelston Township, Precinct 2",Governor,,DEM,Jocelyn Benson,322,313,0,9,9,0
Muskegon,"Egelston Township, Precinct 2",Governor,,DEM,Christopher Robert Swanson,51,50,0,1,1,0
Muskegon,"Egelston Township, Precinct 2",Governor,,DEM,Justin Blackburn,0,0,0,0,0,0
Muskegon,"Egelston Township, Precinct 2",Governor,,DEM,Ballots Cast,373,363,0,10,10,0
Muskegon,"Egelston Township, Precinct 2",U.S. Senate,,DEM,Abdul El-Sayed,170,165,0,5,5,0
Muskegon,"Egelston Township, Precinct 2",U.S. Senate,,DEM,Mallory McMorrow,14,14,0,0,0,0
Muskegon,"Egelston Township, Precinct 2",U.S. Senate,,DEM,Haley Stevens,190,185,0,5,5,0
Muskegon,"Egelston Township, Precinct 2",U.S. Senate,,DEM,Ballots Cast,374,364,0,10,10,0
Muskegon,"Egelston Township, Precinct 2",U.S. House,2,DEM,Ben Ambrose,118,113,0,5,5,0
Muskegon,"Egelston Township, Precinct 2",U.S. House,2,DEM,Jamie Hill,180,175,0,5,5,0
Muskegon,"Egelston Township, Precinct 2",U.S. House,2,DEM,Clyde Welford,34,34,0,0,0,0
Muskegon,"Egelston Township, Precinct 2",U.S. House,2,DEM,Ballots Cast,332,322,0,10,10,0
Muskegon,"Egelston Township, Precinct 2",State Senate,32,DEM,Rebecca Amidon,318,312,0,6,6,0
Muskegon,"Egelston Township, Precinct 2",State Senate,32,DEM,Ballots Cast,318,312,0,6,6,0
Muskegon,"Egelston Township, Precinct 2",State House,89,DEM,Meegan Zickus,315,310,0,5,5,0
Muskegon,"Egelston Township, Precinct 2",State House,89,DEM,Ballots Cast,315,310,0,5,5,0
Muskegon,"Egelston Township, Precinct 2",Governor,,REP,Mike Cox,51,51,0,0,0,0
Muskegon,"Egelston Township, Precinct 2",Governor,,REP,John James,158,158,0,0,0,0
Muskegon,"Egelston Township, Precinct 2",Governor,,REP,Perry Johnson,108,106,0,2,2,0
Muskegon,"Egelston Township, Precinct 2",Governor,,REP,Aric Nesbitt,21,21,0,0,0,0
Muskegon,"Egelston Township, Precinct 2",Governor,,REP,Ballots Cast,338,336,0,2,2,0
Muskegon,"Egelston Township, Precinct 2",U.S. Senate,,REP,Mike Rogers,325,323,0,2,2,0
Muskegon,"Egelston Township, Precinct 2",U.S. Senate,,REP,Ballots Cast,325,323,0,2,2,0
Muskegon,"Egelston Township, Precinct 2",U.S. House,2,REP,John Moolenaar,316,314,0,2,2,0
Muskegon,"Egelston Township, Precinct 2",U.S. House,2,REP,Ballots Cast,316,314,0,2,2,0
Muskegon,"Egelston Township, Precinct 2",State Senate,32,REP,Kim Cole,215,213,0,2,2,0
Muskegon,"Egelston Township, Precinct 2",State Senate,32,REP,Max Riekse,108,108,0,0,0,0
Muskegon,"Egelston Township, Precinct 2",State Senate,32,REP,Ballots Cast,323,321,0,2,2,0
Muskegon,"Egelston Township, Precinct 2",State House,89,REP,Patrick Kapenga,144,143,0,1,1,0
Muskegon,"Egelston Township, Precinct 2",State House,89,REP,Joe Moss,182,181,0,1,1,0
Muskegon,"Egelston Township, Precinct 2",State House,89,REP,Ballots Cast,326,324,0,2,2,0
Muskegon,"Egelston Township, Precinct 2",Muskegon Community College District Operating Millage Restoration,,,Yes,268,262,0,6,6,0
Muskegon,"Egelston Township, Precinct 2",Muskegon Community College District Operating Millage Restoration,,,No,406,400,0,6,6,0
Muskegon,"Egelston Township, Precinct 2",Muskegon Community College District Operating Millage Restoration,,,Ballots Cast,674,662,0,12,12,0
Muskegon,"Egelston Township, Precinct 2","Egelston Township, Precinct 2 Delegate to County Convention",,DEM,Ballots Cast,0,0,0,0,0,0
Muskegon,"Egelston Township, Precinct 2","Egelston Township, Precinct 2 Delegate to County Convention",,REP,Mark W. Hickmott,278,276,0,2,2,0
Muskegon,"Egelston Township, Precinct 2","Egelston Township, Precinct 2 Delegate to County Convention",,REP,Ballots Cast,278,276,0,2,2,0
Muskegon,"Egelston Township, Precinct 3",Governor,,DEM,Jocelyn Benson,258,248,0,10,10,0
Muskegon,"Egelston Township, Precinct 3",Governor,,DEM,Christopher Robert Swanson,38,37,1,0,0,0
Muskegon,"Egelston Township, Precinct 3",Governor,,DEM,Justin Blackburn,0,0,0,0,0,0
Muskegon,"Egelston Township, Precinct 3",Governor,,DEM,Ballots Cast,296,285,1,10,10,0
Muskegon,"Egelston Township, Precinct 3",U.S. Senate,,DEM,Abdul El-Sayed,121,112,1,8,8,0
Muskegon,"Egelston Township, Precinct 3",U.S. Senate,,DEM,Mallory McMorrow,10,10,0,0,0,0
Muskegon,"Egelston Township, Precinct 3",U.S. Senate,,DEM,Haley Stevens,170,168,0,2,2,0
Muskegon,"Egelston Township, Precinct 3",U.S. Senate,,DEM,Ballots Cast,301,290,1,10,10,0
Muskegon,"Egelston Township, Precinct 3",U.S. House,2,DEM,Ben Ambrose,135,129,1,5,5,0
Muskegon,"Egelston Township, Precinct 3",U.S. House,2,DEM,Jamie Hill,95,92,0,3,3,0
Muskegon,"Egelston Township, Precinct 3",U.S. House,2,DEM,Clyde Welford,43,41,0,2,2,0
Muskegon,"Egelston Township, Precinct 3",U.S. House,2,DEM,Ballots Cast,273,262,1,10,10,0
Muskegon,"Egelston Township, Precinct 3",State Senate,32,DEM,Rebecca Amidon,257,247,1,9,9,0
Muskegon,"Egelston Township, Precinct 3",State Senate,32,DEM,Ballots Cast,257,247,1,9,9,0
Muskegon,"Egelston Township, Precinct 3",State House,89,DEM,Meegan Zickus,257,247,1,9,9,0
Muskegon,"Egelston Township, Precinct 3",State House,89,DEM,Ballots Cast,257,247,1,9,9,0
Muskegon,"Egelston Township, Precinct 3",Governor,,REP,Mike Cox,32,31,0,1,1,0
Muskegon,"Egelston Township, Precinct 3",Governor,,REP,John James,82,80,0,2,2,0
Muskegon,"Egelston Township, Precinct 3",Governor,,REP,Perry Johnson,61,61,0,0,0,0
Muskegon,"Egelston Township, Precinct 3",Governor,,REP,Aric Nesbitt,4,3,0,1,1,0
Muskegon,"Egelston Township, Precinct 3",Governor,,REP,Ballots Cast,179,175,0,4,4,0
Muskegon,"Egelston Township, Precinct 3",U.S. Senate,,REP,Mike Rogers,173,169,0,4,4,0
Muskegon,"Egelston Township, Precinct 3",U.S. Senate,,REP,Ballots Cast,173,169,0,4,4,0
Muskegon,"Egelston Township, Precinct 3",U.S. House,2,REP,John Moolenaar,170,166,0,4,4,0
Muskegon,"Egelston Township, Precinct 3",U.S. House,2,REP,Ballots Cast,170,166,0,4,4,0
Muskegon,"Egelston Township, Precinct 3",State Senate,32,REP,Kim Cole,102,100,0,2,2,0
Muskegon,"Egelston Township, Precinct 3",State Senate,32,REP,Max Riekse,67,66,0,1,1,0
Muskegon,"Egelston Township, Precinct 3",State Senate,32,REP,Ballots Cast,169,166,0,3,3,0
Muskegon,"Egelston Township, Precinct 3",State House,89,REP,Patrick Kapenga,82,81,0,1,1,0
Muskegon,"Egelston Township, Precinct 3",State House,89,REP,Joe Moss,89,87,0,2,2,0
Muskegon,"Egelston Township, Precinct 3",State House,89,REP,Ballots Cast,171,168,0,3,3,0
Muskegon,"Egelston Township, Precinct 3",Muskegon Community College District Operating Millage Restoration,,,Yes,225,218,1,6,6,0
Muskegon,"Egelston Township, Precinct 3",Muskegon Community College District Operating Millage Restoration,,,No,228,224,0,4,4,0
Muskegon,"Egelston Township, Precinct 3",Muskegon Community College District Operating Millage Restoration,,,Ballots Cast,453,442,1,10,10,0
Muskegon,"Egelston Township, Precinct 3","Egelston Township, Precinct 3 Delegate to County Convention",,DEM,Ballots Cast,0,0,0,0,0,0
Muskegon,"Egelston Township, Precinct 3","Egelston Township, Precinct 3 Delegate to County Convention",,REP,Ballots Cast,0,0,0,0,0,0
Muskegon,"Fruitland Township, Precinct 1",Governor,,DEM,Jocelyn Benson,433,133,292,8,8,0
Muskegon,"Fruitland Township, Precinct 1",Governor,,DEM,Christopher Robert Swanson,61,24,33,4,4,0
Muskegon,"Fruitland Township, Precinct 1",Governor,,DEM,Justin Blackburn,0,0,0,0,0,0
Muskegon,"Fruitland Township, Precinct 1",Governor,,DEM,Ballots Cast,494,157,325,12,12,0
Muskegon,"Fruitland Township, Precinct 1",U.S. Senate,,DEM,Abdul El-Sayed,226,95,124,7,7,0
Muskegon,"Fruitland Township, Precinct 1",U.S. Senate,,DEM,Mallory McMorrow,25,3,22,0,0,0
Muskegon,"Fruitland Township, Precinct 1",U.S. Senate,,DEM,Haley Stevens,252,65,182,5,5,0
Muskegon,"Fruitland Township, Precinct 1",U.S. Senate,,DEM,Ballots Cast,503,163,328,12,12,0
Muskegon,"Fruitland Township, Precinct 1",U.S. House,2,DEM,Ben Ambrose,232,65,161,6,6,0
Muskegon,"Fruitland Township, Precinct 1",U.S. House,2,DEM,Jamie Hill,160,60,96,4,4,0
Muskegon,"Fruitland Township, Precinct 1",U.S. House,2,DEM,Clyde Welford,38,14,24,0,0,0
Muskegon,"Fruitland Township, Precinct 1",U.S. House,2,DEM,Ballots Cast,430,139,281,10,10,0
Muskegon,"Fruitland Township, Precinct 1",State Senate,32,DEM,Rebecca Amidon,410,132,270,8,8,0
Muskegon,"Fruitland Township, Precinct 1",State Senate,32,DEM,Ballots Cast,410,132,270,8,8,0
Muskegon,"Fruitland Township, Precinct 1",State House,102,DEM,Angel Coon,405,131,266,8,8,0
Muskegon,"Fruitland Township, Precinct 1",State House,102,DEM,Ballots Cast,405,131,266,8,8,0
Muskegon,"Fruitland Township, Precinct 1",Fruitland Township Park Commissioner Partial Term Ending 11/20/2028,,DEM,Douglas Lee Potts,397,131,258,8,8,0
Muskegon,"Fruitland Township, Precinct 1",Fruitland Township Park Commissioner Partial Term Ending 11/20/2028,,DEM,Ballots Cast,397,131,258,8,8,0
Muskegon,"Fruitland Township, Precinct 1",Governor,,REP,Mike Cox,51,23,28,0,0,0
Muskegon,"Fruitland Township, Precinct 1",Governor,,REP,John James,230,113,113,4,4,0
Muskegon,"Fruitland Township, Precinct 1",Governor,,REP,Perry Johnson,128,59,69,0,0,0
Muskegon,"Fruitland Township, Precinct 1",Governor,,REP,Aric Nesbitt,7,4,3,0,0,0
Muskegon,"Fruitland Township, Precinct 1",Governor,,REP,Ballots Cast,416,199,213,4,4,0
Muskegon,"Fruitland Township, Precinct 1",U.S. Senate,,REP,Mike Rogers,385,190,191,4,4,0
Muskegon,"Fruitland Township, Precinct 1",U.S. Senate,,REP,Ballots Cast,385,190,191,4,4,0
Muskegon,"Fruitland Township, Precinct 1",U.S. House,2,REP,John Moolenaar,377,186,187,4,4,0
Muskegon,"Fruitland Township, Precinct 1",U.S. House,2,REP,Ballots Cast,377,186,187,4,4,0
Muskegon,"Fruitland Township, Precinct 1",State Senate,32,REP,Kim Cole,288,147,137,4,4,0
Muskegon,"Fruitland Township, Precinct 1",State Senate,32,REP,Max Riekse,96,39,57,0,0,0
Muskegon,"Fruitland Township, Precinct 1",State Senate,32,REP,Ballots Cast,384,186,194,4,4,0
Muskegon,"Fruitland Township, Precinct 1",State House,102,REP,Curt VanderWall,374,182,188,4,4,0
Muskegon,"Fruitland Township, Precinct 1",State House,102,REP,Ballots Cast,374,182,188,4,4,0
Muskegon,"Fruitland Township, Precinct 1",Fruitland Township Park Commissioner Partial Term Ending 11/20/2028,,REP,Ballots Cast,0,0,0,0,0,0
Muskegon,"Fruitland Township, Precinct 1",Fruitland Township White Lake Ambulance Authority Millage Proposal,,,Yes,411,137,263,11,11,0
Muskegon,"Fruitland Township, Precinct 1",Fruitland Township White Lake Ambulance Authority Millage Proposal,,,No,536,226,305,5,5,0
Muskegon,"Fruitland Township, Precinct 1",Fruitland Township White Lake Ambulance Authority Millage Proposal,,,Ballots Cast,947,363,568,16,16,0
Muskegon,"Fruitland Township, Precinct 1",Muskegon Community College District Operating Millage Restoration,,,Yes,430,145,275,10,10,0
Muskegon,"Fruitland Township, Precinct 1",Muskegon Community College District Operating Millage Restoration,,,No,519,219,294,6,6,0
Muskegon,"Fruitland Township, Precinct 1",Muskegon Community College District Operating Millage Restoration,,,Ballots Cast,949,364,569,16,16,0
Muskegon,"Fruitland Township, Precinct 1","Fruitland Township, Precinct 1 Delegate to County Convention",,DEM,Stephanie Barrett,310,100,201,9,9,0
Muskegon,"Fruitland Township, Precinct 1","Fruitland Township, Precinct 1 Delegate to County Convention",,DEM,Jeff Beegle,278,83,188,7,7,0
Muskegon,"Fruitland Township, Precinct 1","Fruitland Township, Precinct 1 Delegate to County Convention",,DEM,Gary E. Greiner,248,72,169,7,7,0
Muskegon,"Fruitland Township, Precinct 1","Fruitland Township, Precinct 1 Delegate to County Convention",,DEM,Laura Hollister,303,85,210,8,8,0
Muskegon,"Fruitland Township, Precinct 1","Fruitland Township, Precinct 1 Delegate to County Convention",,DEM,Melanie C. Schaafsma,258,73,177,8,8,0
Muskegon,"Fruitland Township, Precinct 1","Fruitland Township, Precinct 1 Delegate to County Convention",,DEM,Wietse Schaafsma,245,70,167,8,8,0
Muskegon,"Fruitland Township, Precinct 1","Fruitland Township, Precinct 1 Delegate to County Convention",,DEM,M. Kay Williams,250,69,174,7,7,0
Muskegon,"Fruitland Township, Precinct 1","Fruitland Township, Precinct 1 Delegate to County Convention",,DEM,Shelley V. Williams,272,79,185,8,8,0
Muskegon,"Fruitland Township, Precinct 1","Fruitland Township, Precinct 1 Delegate to County Convention",,DEM,Thomas H. Williams,242,69,167,6,6,0
Muskegon,"Fruitland Township, Precinct 1","Fruitland Township, Precinct 1 Delegate to County Convention",,DEM,Ballots Cast,2406,700,1638,68,68,0
Muskegon,"Fruitland Township, Precinct 1","Fruitland Township, Precinct 1 Delegate to County Convention",,REP,Sondra Cross,247,118,126,3,3,0
Muskegon,"Fruitland Township, Precinct 1","Fruitland Township, Precinct 1 Delegate to County Convention",,REP,Timothy Cross,260,131,127,2,2,0
Muskegon,"Fruitland Township, Precinct 1","Fruitland Township, Precinct 1 Delegate to County Convention",,REP,Scott W. Erdman,275,133,141,1,1,0
Muskegon,"Fruitland Township, Precinct 1","Fruitland Township, Precinct 1 Delegate to County Convention",,REP,Karolyn Rillema,280,126,153,1,1,0
Muskegon,"Fruitland Township, Precinct 1","Fruitland Township, Precinct 1 Delegate to County Convention",,REP,Ballots Cast,1062,508,547,7,7,0
Muskegon,"Fruitland Township, Precinct 2",Governor,,DEM,Jocelyn Benson,479,132,344,3,3,0
Muskegon,"Fruitland Township, Precinct 2",Governor,,DEM,Christopher Robert Swanson,73,39,31,3,3,0
Muskegon,"Fruitland Township, Precinct 2",Governor,,DEM,Justin Blackburn,0,0,0,0,0,0
Muskegon,"Fruitland Township, Precinct 2",Governor,,DEM,Ballots Cast,552,171,375,6,6,0
Muskegon,"Fruitland Township, Precinct 2",U.S. Senate,,DEM,Abdul El-Sayed,251,113,134,4,4,0
Muskegon,"Fruitland Township, Precinct 2",U.S. Senate,,DEM,Mallory McMorrow,22,2,18,2,2,0
Muskegon,"Fruitland Township, Precinct 2",U.S. Senate,,DEM,Haley Stevens,283,62,220,1,1,0
Muskegon,"Fruitland Township, Precinct 2",U.S. Senate,,DEM,Ballots Cast,556,177,372,7,7,0
Muskegon,"Fruitland Township, Precinct 2",U.S. House,2,DEM,Ben Ambrose,241,67,171,3,3,0
Muskegon,"Fruitland Township, Precinct 2",U.S. House,2,DEM,Jamie Hill,215,65,147,3,3,0
Muskegon,"Fruitland Township, Precinct 2",U.S. House,2,DEM,Clyde Welford,47,21,26,0,0,0
Muskegon,"Fruitland Township, Precinct 2",U.S. House,2,DEM,Ballots Cast,503,153,344,6,6,0
Muskegon,"Fruitland Township, Precinct 2",State Senate,32,DEM,Rebecca Amidon,474,140,328,6,6,0
Muskegon,"Fruitland Township, Precinct 2",State Senate,32,DEM,Ballots Cast,474,140,328,6,6,0
Muskegon,"Fruitland Township, Precinct 2",State House,102,DEM,Angel Coon,468,139,323,6,6,0
Muskegon,"Fruitland Township, Precinct 2",State House,102,DEM,Ballots Cast,468,139,323,6,6,0
Muskegon,"Fruitland Township, Precinct 2",Fruitland Township Park Commissioner Partial Term Ending 11/20/2028,,DEM,Douglas Lee Potts,467,138,324,5,5,0
Muskegon,"Fruitland Township, Precinct 2",Fruitland Township Park Commissioner Partial Term Ending 11/20/2028,,DEM,Ballots Cast,467,138,324,5,5,0
Muskegon,"Fruitland Township, Precinct 2",Governor,,REP,Mike Cox,52,23,29,0,0,0
Muskegon,"Fruitland Township, Precinct 2",Governor,,REP,John James,234,131,103,0,0,0
Muskegon,"Fruitland Township, Precinct 2",Governor,,REP,Perry Johnson,161,93,66,2,2,0
Muskegon,"Fruitland Township, Precinct 2",Governor,,REP,Aric Nesbitt,9,5,4,0,0,0
Muskegon,"Fruitland Township, Precinct 2",Governor,,REP,Ballots Cast,456,252,202,2,2,0
Muskegon,"Fruitland Township, Precinct 2",U.S. Senate,,REP,Mike Rogers,413,237,174,2,2,0
Muskegon,"Fruitland Township, Precinct 2",U.S. Senate,,REP,Ballots Cast,413,237,174,2,2,0
Muskegon,"Fruitland Township, Precinct 2",U.S. House,2,REP,John Moolenaar,406,235,169,2,2,0
Muskegon,"Fruitland Township, Precinct 2",U.S. House,2,REP,Ballots Cast,406,235,169,2,2,0
Muskegon,"Fruitland Township, Precinct 2",State Senate,32,REP,Kim Cole,281,154,125,2,2,0
Muskegon,"Fruitland Township, Precinct 2",State Senate,32,REP,Max Riekse,140,87,53,0,0,0
Muskegon,"Fruitland Township, Precinct 2",State Senate,32,REP,Ballots Cast,421,241,178,2,2,0
Muskegon,"Fruitland Township, Precinct 2",State House,102,REP,Curt VanderWall,394,229,163,2,2,0
Muskegon,"Fruitland Township, Precinct 2",State House,102,REP,Ballots Cast,394,229,163,2,2,0
Muskegon,"Fruitland Township, Precinct 2",Fruitland Township Park Commissioner Partial Term Ending 11/20/2028,,REP,Ballots Cast,0,0,0,0,0,0
Muskegon,"Fruitland Township, Precinct 2",Fruitland Township White Lake Ambulance Authority Millage Proposal,,,Yes,335,102,231,2,2,0
Muskegon,"Fruitland Township, Precinct 2",Fruitland Township White Lake Ambulance Authority Millage Proposal,,,No,694,315,372,7,7,0
Muskegon,"Fruitland Township, Precinct 2",Fruitland Township White Lake Ambulance Authority Millage Proposal,,,Ballots Cast,1029,417,603,9,9,0
Muskegon,"Fruitland Township, Precinct 2",Reeths-Puffer Schools Operating Millage Proposal,,,Yes,172,71,100,1,1,0
Muskegon,"Fruitland Township, Precinct 2",Reeths-Puffer Schools Operating Millage Proposal,,,No,301,134,166,1,1,0
Muskegon,"Fruitland Township, Precinct 2",Reeths-Puffer Schools Operating Millage Proposal,,,Ballots Cast,473,205,266,2,2,0
Muskegon,"Fruitland Township, Precinct 2",Muskegon Community College District Operating Millage Restoration,,,Yes,213,62,146,5,5,0
Muskegon,"Fruitland Township, Precinct 2",Muskegon Community College District Operating Millage Restoration,,,No,337,146,189,2,2,0
Muskegon,"Fruitland Township, Precinct 2",Muskegon Community College District Operating Millage Restoration,,,Ballots Cast,550,208,335,7,7,0
Muskegon,"Fruitland Township, Precinct 2","Fruitland Township, Precinct 2 Delegate to County Convention",,DEM,Debra Gianetti,366,97,264,5,5,0
Muskegon,"Fruitland Township, Precinct 2","Fruitland Township, Precinct 2 Delegate to County Convention",,DEM,Tyler Robert Grove,284,79,202,3,3,0
Muskegon,"Fruitland Township, Precinct 2","Fruitland Township, Precinct 2 Delegate to County Convention",,DEM,Steve Serkaian,273,72,197,4,4,0
Muskegon,"Fruitland Township, Precinct 2","Fruitland Township, Precinct 2 Delegate to County Convention",,DEM,Ballots Cast,923,248,663,12,12,0
Muskegon,"Fruitland Township, Precinct 2","Fruitland Township, Precinct 2 Delegate to County Convention",,REP,Brent Brower,280,158,121,1,1,0
Muskegon,"Fruitland Township, Precinct 2","Fruitland Township, Precinct 2 Delegate to County Convention",,REP,Melissa Brower,224,113,110,1,1,0
Muskegon,"Fruitland Township, Precinct 2","Fruitland Township, Precinct 2 Delegate to County Convention",,REP,Alene J. Miller,234,118,116,0,0,0
Muskegon,"Fruitland Township, Precinct 2","Fruitland Township, Precinct 2 Delegate to County Convention",,REP,Ballots Cast,738,389,347,2,2,0
Muskegon,"Fruitland Township, Precinct 2",Muskegon Community College District Operating Millage Restoration,,,Yes,161,64,96,1,1,0
Muskegon,"Fruitland Township, Precinct 2",Muskegon Community College District Operating Millage Restoration,,,No,301,139,162,0,0,0
Muskegon,"Fruitland Township, Precinct 2",Muskegon Community College District Operating Millage Restoration,,,Ballots Cast,462,203,258,1,1,0
Muskegon,"Fruitport Charter Township, Precinct 1",Governor,,DEM,Jocelyn Benson,294,87,205,2,2,0
Muskegon,"Fruitport Charter Township, Precinct 1",Governor,,DEM,Christopher Robert Swanson,38,19,16,3,3,0
Muskegon,"Fruitport Charter Township, Precinct 1",Governor,,DEM,Justin Blackburn,0,0,0,0,0,0
Muskegon,"Fruitport Charter Township, Precinct 1",Governor,,DEM,Ballots Cast,332,106,221,5,5,0
Muskegon,"Fruitport Charter Township, Precinct 1",U.S. Senate,,DEM,Abdul El-Sayed,132,64,63,5,5,0
Muskegon,"Fruitport Charter Township, Precinct 1",U.S. Senate,,DEM,Mallory McMorrow,16,3,13,0,0,0
Muskegon,"Fruitport Charter Township, Precinct 1",U.S. Senate,,DEM,Haley Stevens,185,40,145,0,0,0
Muskegon,"Fruitport Charter Township, Precinct 1",U.S. Senate,,DEM,Ballots Cast,333,107,221,5,5,0
Muskegon,"Fruitport Charter Township, Precinct 1",U.S. House,3,DEM,Hillary Scholten,303,98,200,5,5,0
Muskegon,"Fruitport Charter Township, Precinct 1",U.S. House,3,DEM,Ballots Cast,303,98,200,5,5,0
Muskegon,"Fruitport Charter Township, Precinct 1",State Senate,32,DEM,Rebecca Amidon,287,97,185,5,5,0
Muskegon,"Fruitport Charter Township, Precinct 1",State Senate,32,DEM,Ballots Cast,287,97,185,5,5,0
Muskegon,"Fruitport Charter Township, Precinct 1",State House,89,DEM,Meegan Zickus,284,96,183,5,5,0
Muskegon,"Fruitport Charter Township, Precinct 1",State House,89,DEM,Ballots Cast,284,96,183,5,5,0
Muskegon,"Fruitport Charter Township, Precinct 1",Fruitport Charter Township Trustee Partial Term Ending 11/20/2028,,DEM,Ballots Cast,0,0,0,0,0,0
Muskegon,"Fruitport Charter Township, Precinct 1",Governor,,REP,Mike Cox,52,26,26,0,0,0
Muskegon,"Fruitport Charter Township, Precinct 1",Governor,,REP,John James,271,140,126,5,5,0
Muskegon,"Fruitport Charter Township, Precinct 1",Governor,,REP,Perry Johnson,202,113,89,0,0,0
Muskegon,"Fruitport Charter Township, Precinct 1",Governor,,REP,Aric Nesbitt,11,4,6,1,1,0
Muskegon,"Fruitport Charter Township, Precinct 1",Governor,,REP,Ballots Cast,536,283,247,6,6,0
Muskegon,"Fruitport Charter Township, Precinct 1",U.S. Senate,,REP,Mike Rogers,488,263,220,5,5,0
Muskegon,"Fruitport Charter Township, Precinct 1",U.S. Senate,,REP,Ballots Cast,488,263,220,5,5,0
Muskegon,"Fruitport Charter Township, Precinct 1",U.S. House,3,REP,Ryan Cushman,135,86,48,1,1,0
Muskegon,"Fruitport Charter Township, Precinct 1",U.S. House,3,REP,Terri DeBoer,387,191,191,5,5,0
Muskegon,"Fruitport Charter Township, Precinct 1",U.S. House,3,REP,Ballots Cast,522,277,239,6,6,0
Muskegon,"Fruitport Charter Township, Precinct 1",State Senate,32,REP,Kim Cole,272,144,125,3,3,0
Muskegon,"Fruitport Charter Township, Precinct 1",State Senate,32,REP,Max Riekse,231,121,107,3,3,0
Muskegon,"Fruitport Charter Township, Precinct 1",State Senate,32,REP,Ballots Cast,503,265,232,6,6,0
Muskegon,"Fruitport Charter Township, Precinct 1",State House,89,REP,Patrick Kapenga,301,148,151,2,2,0
Muskegon,"Fruitport Charter Township, Precinct 1",State House,89,REP,Joe Moss,189,120,65,4,4,0
Muskegon,"Fruitport Charter Township, Precinct 1",State House,89,REP,Ballots Cast,490,268,216,6,6,0
Muskegon,"Fruitport Charter Township, Precinct 1",Fruitport Charter Township Trustee Partial Term Ending 11/20/2028,,REP,Lela Miller,217,114,100,3,3,0
Muskegon,"Fruitport Charter Township, Precinct 1",Fruitport Charter Township Trustee Partial Term Ending 11/20/2028,,REP,Michael Wolffis,261,143,115,3,3,0
Muskegon,"Fruitport Charter Township, Precinct 1",Fruitport Charter Township Trustee Partial Term Ending 11/20/2028,,REP,Ballots Cast,478,257,215,6,6,0
Muskegon,"Fruitport Charter Township, Precinct 1",Fruitport Charter Township Public Safety Renewal Millage Proposition,,,Yes,441,168,269,4,4,0
Muskegon,"Fruitport Charter Township, Precinct 1",Fruitport Charter Township Public Safety Renewal Millage Proposition,,,No,440,216,217,7,7,0
Muskegon,"Fruitport Charter Township, Precinct 1",Fruitport Charter Township Public Safety Renewal Millage Proposition,,,Ballots Cast,881,384,486,11,11,0
Muskegon,"Fruitport Charter Township, Precinct 1",Fruitport Charter Township Police Department Renewal Millage Proposition,,,Yes,468,178,284,6,6,0
Muskegon,"Fruitport Charter Township, Precinct 1",Fruitport Charter Township Police Department Renewal Millage Proposition,,,No,415,206,204,5,5,0
Muskegon,"Fruitport Charter Township, Precinct 1",Fruitport Charter Township Police Department Renewal Millage Proposition,,,Ballots Cast,883,384,488,11,11,0
Muskegon,"Fruitport Charter Township, Precinct 1",Muskegon Community College District Operating Millage Restoration,,,Yes,298,122,172,4,4,0
Muskegon,"Fruitport Charter Township, Precinct 1",Muskegon Community College District Operating Millage Restoration,,,No,580,261,312,7,7,0
Muskegon,"Fruitport Charter Township, Precinct 1",Muskegon Community College District Operating Millage Restoration,,,Ballots Cast,878,383,484,11,11,0
Muskegon,"Fruitport Charter Township, Precinct 1","Fruitport Charter Township, Precinct 1 Delegate to County Convention",,DEM,Sherri L. Hart,270,84,182,4,4,0
Muskegon,"Fruitport Charter Township, Precinct 1","Fruitport Charter Township, Precinct 1 Delegate to County Convention",,DEM,Ballots Cast,270,84,182,4,4,0
Muskegon,"Fruitport Charter Township, Precinct 1","Fruitport Charter Township, Precinct 1 Delegate to County Convention",,REP,Kent Boersema,245,126,118,1,1,0
Muskegon,"Fruitport Charter Township, Precinct 1","Fruitport Charter Township, Precinct 1 Delegate to County Convention",,REP,Mariann E. Cooper,267,130,132,5,5,0
Muskegon,"Fruitport Charter Township, Precinct 1","Fruitport Charter Township, Precinct 1 Delegate to County Convention",,REP,Max Riekse,273,150,119,4,4,0
Muskegon,"Fruitport Charter Township, Precinct 1","Fruitport Charter Township, Precinct 1 Delegate to County Convention",,REP,Julie Sanderson,218,104,109,5,5,0
Muskegon,"Fruitport Charter Township, Precinct 1","Fruitport Charter Township, Precinct 1 Delegate to County Convention",,REP,Roger J. Smead,202,100,101,1,1,0
Muskegon,"Fruitport Charter Township, Precinct 1","Fruitport Charter Township, Precinct 1 Delegate to County Convention",,REP,Sandy L. Smead,189,95,93,1,1,0
Muskegon,"Fruitport Charter Township, Precinct 1","Fruitport Charter Township, Precinct 1 Delegate to County Convention",,REP,Ballots Cast,1394,705,672,17,17,0
Muskegon,"Fruitport Charter Township, Precinct 2",Governor,,DEM,Jocelyn Benson,319,90,218,11,11,0
Muskegon,"Fruitport Charter Township, Precinct 2",Governor,,DEM,Christopher Robert Swanson,51,29,21,1,1,0
Muskegon,"Fruitport Charter Township, Precinct 2",Governor,,DEM,Justin Blackburn,0,0,0,0,0,0
Muskegon,"Fruitport Charter Township, Precinct 2",Governor,,DEM,Ballots Cast,370,119,239,12,12,0
Muskegon,"Fruitport Charter Township, Precinct 2",U.S. Senate,,DEM,Abdul El-Sayed,162,81,73,8,8,0
Muskegon,"Fruitport Charter Township, Precinct 2",U.S. Senate,,DEM,Mallory McMorrow,20,0,20,0,0,0
Muskegon,"Fruitport Charter Township, Precinct 2",U.S. Senate,,DEM,Haley Stevens,195,44,147,4,4,0
Muskegon,"Fruitport Charter Township, Precinct 2",U.S. Senate,,DEM,Ballots Cast,377,125,240,12,12,0
Muskegon,"Fruitport Charter Township, Precinct 2",U.S. House,3,DEM,Hillary Scholten,348,110,227,11,11,0
Muskegon,"Fruitport Charter Township, Precinct 2",U.S. House,3,DEM,Ballots Cast,348,110,227,11,11,0
Muskegon,"Fruitport Charter Township, Precinct 2",State Senate,32,DEM,Rebecca Amidon,325,105,210,10,10,0
Muskegon,"Fruitport Charter Township, Precinct 2",State Senate,32,DEM,Ballots Cast,325,105,210,10,10,0
Muskegon,"Fruitport Charter Township, Precinct 2",State House,89,DEM,Meegan Zickus,323,106,207,10,10,0
Muskegon,"Fruitport Charter Township, Precinct 2",State House,89,DEM,Ballots Cast,323,106,207,10,10,0
Muskegon,"Fruitport Charter Township, Precinct 2",Fruitport Charter Township Trustee Partial Term Ending 11/20/2028,,DEM,Ballots Cast,0,0,0,0,0,0
Muskegon,"Fruitport Charter Township, Precinct 2",Governor,,REP,Mike Cox,39,15,24,0,0,0
Muskegon,"Fruitport Charter Township, Precinct 2",Governor,,REP,John James,162,89,67,6,6,0
Muskegon,"Fruitport Charter Township, Precinct 2",Governor,,REP,Perry Johnson,145,75,70,0,0,0
Muskegon,"Fruitport Charter Township, Precinct 2",Governor,,REP,Aric Nesbitt,7,1,6,0,0,0
Muskegon,"Fruitport Charter Township, Precinct 2",Governor,,REP,Ballots Cast,353,180,167,6,6,0
Muskegon,"Fruitport Charter Township, Precinct 2",U.S. Senate,,REP,Mike Rogers,330,170,155,5,5,0
Muskegon,"Fruitport Charter Township, Precinct 2",U.S. Senate,,REP,Ballots Cast,330,170,155,5,5,0
Muskegon,"Fruitport Charter Township, Precinct 2",U.S. House,3,REP,Ryan Cushman,74,36,35,3,3,0
Muskegon,"Fruitport Charter Township, Precinct 2",U.S. House,3,REP,Terri DeBoer,271,140,128,3,3,0
Muskegon,"Fruitport Charter Township, Precinct 2",U.S. House,3,REP,Ballots Cast,345,176,163,6,6,0
Muskegon,"Fruitport Charter Township, Precinct 2",State Senate,32,REP,Kim Cole,233,125,102,6,6,0
Muskegon,"Fruitport Charter Township, Precinct 2",State Senate,32,REP,Max Riekse,107,52,55,0,0,0
Muskegon,"Fruitport Charter Township, Precinct 2",State Senate,32,REP,Ballots Cast,340,177,157,6,6,0
Muskegon,"Fruitport Charter Township, Precinct 2",State House,89,REP,Patrick Kapenga,187,89,93,5,5,0
Muskegon,"Fruitport Charter Township, Precinct 2",State House,89,REP,Joe Moss,144,78,66,0,0,0
Muskegon,"Fruitport Charter Township, Precinct 2",State House,89,REP,Ballots Cast,331,167,159,5,5,0
Muskegon,"Fruitport Charter Township, Precinct 2",Fruitport Charter Township Trustee Partial Term Ending 11/20/2028,,REP,Lela Miller,126,62,61,3,3,0
Muskegon,"Fruitport Charter Township, Precinct 2",Fruitport Charter Township Trustee Partial Term Ending 11/20/2028,,REP,Michael Wolffis,196,107,87,2,2,0
Muskegon,"Fruitport Charter Township, Precinct 2",Fruitport Charter Township Trustee Partial Term Ending 11/20/2028,,REP,Ballots Cast,322,169,148,5,5,0
Muskegon,"Fruitport Charter Township, Precinct 2",Fruitport Charter Township Public Safety Renewal Millage Proposition,,,Yes,383,152,223,8,8,0
Muskegon,"Fruitport Charter Township, Precinct 2",Fruitport Charter Township Public Safety Renewal Millage Proposition,,,No,375,157,209,9,9,0
Muskegon,"Fruitport Charter Township, Precinct 2",Fruitport Charter Township Public Safety Renewal Millage Proposition,,,Ballots Cast,758,309,432,17,17,0
Muskegon,"Fruitport Charter Township, Precinct 2",Fruitport Charter Township Police Department Renewal Millage Proposition,,,Yes,400,157,235,8,8,0
Muskegon,"Fruitport Charter Township, Precinct 2",Fruitport Charter Township Police Department Renewal Millage Proposition,,,No,357,152,196,9,9,0
Muskegon,"Fruitport Charter Township, Precinct 2",Fruitport Charter Township Police Department Renewal Millage Proposition,,,Ballots Cast,757,309,431,17,17,0
Muskegon,"Fruitport Charter Township, Precinct 2",Muskegon Community College District Operating Millage Restoration,,,Yes,316,142,165,9,9,0
Muskegon,"Fruitport Charter Township, Precinct 2",Muskegon Community College District Operating Millage Restoration,,,No,442,167,267,8,8,0
Muskegon,"Fruitport Charter Township, Precinct 2",Muskegon Community College District Operating Millage Restoration,,,Ballots Cast,758,309,432,17,17,0
Muskegon,"Fruitport Charter Township, Precinct 2","Fruitport Charter Township, Precinct 2 Delegate to County Convention",,DEM,Jeniffer Matthews,281,97,176,8,8,0
Muskegon,"Fruitport Charter Township, Precinct 2","Fruitport Charter Township, Precinct 2 Delegate to County Convention",,DEM,Sonny Franks Miller,167,51,112,4,4,0
Muskegon,"Fruitport Charter Township, Precinct 2","Fruitport Charter Township, Precinct 2 Delegate to County Convention",,DEM,Ballots Cast,448,148,288,12,12,0
Muskegon,"Fruitport Charter Township, Precinct 2","Fruitport Charter Township, Precinct 2 Delegate to County Convention",,REP,Donna Esch,302,163,134,5,5,0
Muskegon,"Fruitport Charter Township, Precinct 2","Fruitport Charter Township, Precinct 2 Delegate to County Convention",,REP,Ballots Cast,302,163,134,5,5,0
Muskegon,"Fruitport Charter Township, Precinct 3",Governor,,DEM,Jocelyn Benson,356,96,257,3,3,0
Muskegon,"Fruitport Charter Township, Precinct 3",Governor,,DEM,Christopher Robert Swanson,64,39,24,1,1,0
Muskegon,"Fruitport Charter Township, Precinct 3",Governor,,DEM,Justin Blackburn,0,0,0,0,0,0
Muskegon,"Fruitport Charter Township, Precinct 3",Governor,,DEM,Ballots Cast,420,135,281,4,4,0
Muskegon,"Fruitport Charter Township, Precinct 3",U.S. Senate,,DEM,Abdul El-Sayed,190,85,101,4,4,0
Muskegon,"Fruitport Charter Township, Precinct 3",U.S. Senate,,DEM,Mallory McMorrow,20,2,18,0,0,0
Muskegon,"Fruitport Charter Township, Precinct 3",U.S. Senate,,DEM,Haley Stevens,215,49,165,1,1,0
Muskegon,"Fruitport Charter Township, Precinct 3",U.S. Senate,,DEM,Ballots Cast,425,136,284,5,5,0
Muskegon,"Fruitport Charter Township, Precinct 3",U.S. House,3,DEM,Hillary Scholten,401,124,272,5,5,0
Muskegon,"Fruitport Charter Township, Precinct 3",U.S. House,3,DEM,Ballots Cast,401,124,272,5,5,0
Muskegon,"Fruitport Charter Township, Precinct 3",State Senate,32,DEM,Rebecca Amidon,381,119,257,5,5,0
Muskegon,"Fruitport Charter Township, Precinct 3",State Senate,32,DEM,Ballots Cast,381,119,257,5,5,0
Muskegon,"Fruitport Charter Township, Precinct 3",State House,89,DEM,Meegan Zickus,378,118,256,4,4,0
Muskegon,"Fruitport Charter Township, Precinct 3",State House,89,DEM,Ballots Cast,378,118,256,4,4,0
Muskegon,"Fruitport Charter Township, Precinct 3",Fruitport Charter Township Trustee Partial Term Ending 11/20/2028,,DEM,Ballots Cast,0,0,0,0,0,0
Muskegon,"Fruitport Charter Township, Precinct 3",Governor,,REP,Mike Cox,57,30,26,1,1,0
Muskegon,"Fruitport Charter Township, Precinct 3",Governor,,REP,John James,204,124,78,2,2,0
Muskegon,"Fruitport Charter Township, Precinct 3",Governor,,REP,Perry Johnson,136,75,58,3,3,0
Muskegon,"Fruitport Charter Township, Precinct 3",Governor,,REP,Aric Nesbitt,11,7,4,0,0,0
Muskegon,"Fruitport Charter Township, Precinct 3",Governor,,REP,Ballots Cast,408,236,166,6,6,0
Muskegon,"Fruitport Charter Township, Precinct 3",U.S. Senate,,REP,Mike Rogers,368,216,147,5,5,0
Muskegon,"Fruitport Charter Township, Precinct 3",U.S. Senate,,REP,Ballots Cast,368,216,147,5,5,0
Muskegon,"Fruitport Charter Township, Precinct 3",U.S. House,3,REP,Ryan Cushman,96,65,30,1,1,0
Muskegon,"Fruitport Charter Township, Precinct 3",U.S. House,3,REP,Terri DeBoer,297,164,129,4,4,0
Muskegon,"Fruitport Charter Township, Precinct 3",U.S. House,3,REP,Ballots Cast,393,229,159,5,5,0
Muskegon,"Fruitport Charter Township, Precinct 3",State Senate,32,REP,Kim Cole,274,158,112,4,4,0
Muskegon,"Fruitport Charter Township, Precinct 3",State Senate,32,REP,Max Riekse,116,70,45,1,1,0
Muskegon,"Fruitport Charter Township, Precinct 3",State Senate,32,REP,Ballots Cast,390,228,157,5,5,0
Muskegon,"Fruitport Charter Township, Precinct 3",State House,89,REP,Patrick Kapenga,218,121,92,5,5,0
Muskegon,"Fruitport Charter Township, Precinct 3",State House,89,REP,Joe Moss,151,95,55,1,1,0
Muskegon,"Fruitport Charter Township, Precinct 3",State House,89,REP,Ballots Cast,369,216,147,6,6,0
Muskegon,"Fruitport Charter Township, Precinct 3",Fruitport Charter Township Trustee Partial Term Ending 11/20/2028,,REP,Lela Miller,167,87,78,2,2,0
Muskegon,"Fruitport Charter Township, Precinct 3",Fruitport Charter Township Trustee Partial Term Ending 11/20/2028,,REP,Michael Wolffis,193,117,72,4,4,0
Muskegon,"Fruitport Charter Township, Precinct 3",Fruitport Charter Township Trustee Partial Term Ending 11/20/2028,,REP,Ballots Cast,360,204,150,6,6,0
Muskegon,"Fruitport Charter Township, Precinct 3",Fruitport Charter Township Public Safety Renewal Millage Proposition,,,Yes,437,172,259,6,6,0
Muskegon,"Fruitport Charter Township, Precinct 3",Fruitport Charter Township Public Safety Renewal Millage Proposition,,,No,431,198,229,4,4,0
Muskegon,"Fruitport Charter Township, Precinct 3",Fruitport Charter Township Public Safety Renewal Millage Proposition,,,Ballots Cast,868,370,488,10,10,0
Muskegon,"Fruitport Charter Township, Precinct 3",Fruitport Charter Township Police Department Renewal Millage Proposition,,,Yes,463,175,283,5,5,0
Muskegon,"Fruitport Charter Township, Precinct 3",Fruitport Charter Township Police Department Renewal Millage Proposition,,,No,405,196,205,4,4,0
Muskegon,"Fruitport Charter Township, Precinct 3",Fruitport Charter Township Police Department Renewal Millage Proposition,,,Ballots Cast,868,371,488,9,9,0
Muskegon,"Fruitport Charter Township, Precinct 3",Muskegon Community College District Operating Millage Restoration,,,Yes,348,133,210,5,5,0
Muskegon,"Fruitport Charter Township, Precinct 3",Muskegon Community College District Operating Millage Restoration,,,No,510,233,272,5,5,0
Muskegon,"Fruitport Charter Township, Precinct 3",Muskegon Community College District Operating Millage Restoration,,,Ballots Cast,858,366,482,10,10,0
Muskegon,"Fruitport Charter Township, Precinct 3","Fruitport Charter Township, Precinct 3 Delegate to County Convention",,DEM,Joel Engel,372,118,250,4,4,0
Muskegon,"Fruitport Charter Township, Precinct 3","Fruitport Charter Township, Precinct 3 Delegate to County Convention",,DEM,Ballots Cast,372,118,250,4,4,0
Muskegon,"Fruitport Charter Township, Precinct 3","Fruitport Charter Township, Precinct 3 Delegate to County Convention",,REP,Aaron Kleinheksel,335,200,131,4,4,0
Muskegon,"Fruitport Charter Township, Precinct 3","Fruitport Charter Township, Precinct 3 Delegate to County Convention",,REP,Ballots Cast,335,200,131,4,4,0
Muskegon,"Fruitport Charter Township, Precinct 4",Governor,,DEM,Jocelyn Benson,473,112,356,5,5,0
Muskegon,"Fruitport Charter Township, Precinct 4",Governor,,DEM,Christopher Robert Swanson,66,42,23,1,1,0
Muskegon,"Fruitport Charter Township, Precinct 4",Governor,,DEM,Justin Blackburn,0,0,0,0,0,0
Muskegon,"Fruitport Charter Township, Precinct 4",Governor,,DEM,Ballots Cast,539,154,379,6,6,0
Muskegon,"Fruitport Charter Township, Precinct 4",U.S. Senate,,DEM,Abdul El-Sayed,194,106,86,2,2,0
Muskegon,"Fruitport Charter Township, Precinct 4",U.S. Senate,,DEM,Mallory McMorrow,17,3,14,0,0,0
Muskegon,"Fruitport Charter Township, Precinct 4",U.S. Senate,,DEM,Haley Stevens,330,49,277,4,4,0
Muskegon,"Fruitport Charter Township, Precinct 4",U.S. Senate,,DEM,Ballots Cast,541,158,377,6,6,0
Muskegon,"Fruitport Charter Township, Precinct 4",U.S. House,3,DEM,Hillary Scholten,508,137,365,6,6,0
Muskegon,"Fruitport Charter Township, Precinct 4",U.S. House,3,DEM,Ballots Cast,508,137,365,6,6,0
Muskegon,"Fruitport Charter Township, Precinct 4",State Senate,32,DEM,Rebecca Amidon,484,134,344,6,6,0
Muskegon,"Fruitport Charter Township, Precinct 4",State Senate,32,DEM,Ballots Cast,484,134,344,6,6,0
Muskegon,"Fruitport Charter Township, Precinct 4",State House,89,DEM,Meegan Zickus,480,131,343,6,6,0
Muskegon,"Fruitport Charter Township, Precinct 4",State House,89,DEM,Ballots Cast,480,131,343,6,6,0
Muskegon,"Fruitport Charter Township, Precinct 4",Fruitport Charter Township Trustee Partial Term Ending 11/20/2028,,DEM,Ballots Cast,0,0,0,0,0,0
Muskegon,"Fruitport Charter Township, Precinct 4",Governor,,REP,Mike Cox,73,21,52,0,0,0
Muskegon,"Fruitport Charter Township, Precinct 4",Governor,,REP,John James,196,97,97,2,2,0
Muskegon,"Fruitport Charter Township, Precinct 4",Governor,,REP,Perry Johnson,177,79,98,0,0,0
Muskegon,"Fruitport Charter Township, Precinct 4",Governor,,REP,Aric Nesbitt,10,0,10,0,0,0
Muskegon,"Fruitport Charter Township, Precinct 4",Governor,,REP,Ballots Cast,456,197,257,2,2,0
Muskegon,"Fruitport Charter Township, Precinct 4",U.S. Senate,,REP,Mike Rogers,412,186,224,2,2,0
Muskegon,"Fruitport Charter Township, Precinct 4",U.S. Senate,,REP,Ballots Cast,412,186,224,2,2,0
Muskegon,"Fruitport Charter Township, Precinct 4",U.S. House,3,REP,Ryan Cushman,95,36,58,1,1,0
Muskegon,"Fruitport Charter Township, Precinct 4",U.S. House,3,REP,Terri DeBoer,338,155,182,1,1,0
Muskegon,"Fruitport Charter Township, Precinct 4",U.S. House,3,REP,Ballots Cast,433,191,240,2,2,0
Muskegon,"Fruitport Charter Township, Precinct 4",State Senate,32,REP,Kim Cole,288,118,168,2,2,0
Muskegon,"Fruitport Charter Township, Precinct 4",State Senate,32,REP,Max Riekse,137,68,69,0,0,0
Muskegon,"Fruitport Charter Township, Precinct 4",State Senate,32,REP,Ballots Cast,425,186,237,2,2,0
Muskegon,"Fruitport Charter Township, Precinct 4",State House,89,REP,Patrick Kapenga,217,84,133,0,0,0
Muskegon,"Fruitport Charter Township, Precinct 4",State House,89,REP,Joe Moss,203,97,104,2,2,0
Muskegon,"Fruitport Charter Township, Precinct 4",State House,89,REP,Ballots Cast,420,181,237,2,2,0
Muskegon,"Fruitport Charter Township, Precinct 4",Fruitport Charter Township Trustee Partial Term Ending 11/20/2028,,REP,Lela Miller,153,64,87,2,2,0
Muskegon,"Fruitport Charter Township, Precinct 4",Fruitport Charter Township Trustee Partial Term Ending 11/20/2028,,REP,Michael Wolffis,242,114,128,0,0,0
Muskegon,"Fruitport Charter Township, Precinct 4",Fruitport Charter Township Trustee Partial Term Ending 11/20/2028,,REP,Ballots Cast,395,178,215,2,2,0
Muskegon,"Fruitport Charter Township, Precinct 4",Fruitport Charter Township Public Safety Renewal Millage Proposition,,,Yes,537,157,375,5,5,0
Muskegon,"Fruitport Charter Township, Precinct 4",Fruitport Charter Township Public Safety Renewal Millage Proposition,,,No,463,182,278,3,3,0
Muskegon,"Fruitport Charter Township, Precinct 4",Fruitport Charter Township Public Safety Renewal Millage Proposition,,,Ballots Cast,1000,339,653,8,8,0
Muskegon,"Fruitport Charter Township, Precinct 4",Fruitport Charter Township Police Department Renewal Millage Proposition,,,Yes,595,181,409,5,5,0
Muskegon,"Fruitport Charter Township, Precinct 4",Fruitport Charter Township Police Department Renewal Millage Proposition,,,No,403,158,242,3,3,0
Muskegon,"Fruitport Charter Township, Precinct 4",Fruitport Charter Township Police Department Renewal Millage Proposition,,,Ballots Cast,998,339,651,8,8,0
Muskegon,"Fruitport Charter Township, Precinct 4",Muskegon Community College District Operating Millage Restoration,,,Yes,444,146,295,3,3,0
Muskegon,"Fruitport Charter Township, Precinct 4",Muskegon Community College District Operating Millage Restoration,,,No,543,190,349,4,4,0
Muskegon,"Fruitport Charter Township, Precinct 4",Muskegon Community College District Operating Millage Restoration,,,Ballots Cast,987,336,644,7,7,0
Muskegon,"Fruitport Charter Township, Precinct 4","Fruitport Charter Township, Precinct 4 Delegate to County Convention",,DEM,Shirley Albers,453,116,332,5,5,0
Muskegon,"Fruitport Charter Township, Precinct 4","Fruitport Charter Township, Precinct 4 Delegate to County Convention",,DEM,Ballots Cast,453,116,332,5,5,0
Muskegon,"Fruitport Charter Township, Precinct 4","Fruitport Charter Township, Precinct 4 Delegate to County Convention",,REP,Judith A. Schalk,251,111,138,2,2,0
Muskegon,"Fruitport Charter Township, Precinct 4","Fruitport Charter Township, Precinct 4 Delegate to County Convention",,REP,Kathy Six,245,99,144,2,2,0
Muskegon,"Fruitport Charter Township, Precinct 4","Fruitport Charter Township, Precinct 4 Delegate to County Convention",,REP,Scott Six,253,114,137,2,2,0
Muskegon,"Fruitport Charter Township, Precinct 4","Fruitport Charter Township, Precinct 4 Delegate to County Convention",,REP,Ballots Cast,749,324,419,6,6,0
Muskegon,"Fruitport Charter Township, Precinct 5",Governor,,DEM,Jocelyn Benson,344,101,235,8,8,0
Muskegon,"Fruitport Charter Township, Precinct 5",Governor,,DEM,Christopher Robert Swanson,68,34,29,5,5,0
Muskegon,"Fruitport Charter Township, Precinct 5",Governor,,DEM,Justin Blackburn,0,0,0,0,0,0
Muskegon,"Fruitport Charter Township, Precinct 5",Governor,,DEM,Ballots Cast,412,135,264,13,13,0
Muskegon,"Fruitport Charter Township, Precinct 5",U.S. Senate,,DEM,Abdul El-Sayed,189,83,99,7,7,0
Muskegon,"Fruitport Charter Township, Precinct 5",U.S. Senate,,DEM,Mallory McMorrow,14,1,13,0,0,0
Muskegon,"Fruitport Charter Township, Precinct 5",U.S. Senate,,DEM,Haley Stevens,213,51,155,7,7,0
Muskegon,"Fruitport Charter Township, Precinct 5",U.S. Senate,,DEM,Ballots Cast,416,135,267,14,14,0
Muskegon,"Fruitport Charter Township, Precinct 5",U.S. House,3,DEM,Hillary Scholten,387,120,254,13,13,0
Muskegon,"Fruitport Charter Township, Precinct 5",U.S. House,3,DEM,Ballots Cast,387,120,254,13,13,0
Muskegon,"Fruitport Charter Township, Precinct 5",State Senate,32,DEM,Rebecca Amidon,362,118,234,10,10,0
Muskegon,"Fruitport Charter Township, Precinct 5",State Senate,32,DEM,Ballots Cast,362,118,234,10,10,0
Muskegon,"Fruitport Charter Township, Precinct 5",State House,89,DEM,Meegan Zickus,360,118,233,9,9,0
Muskegon,"Fruitport Charter Township, Precinct 5",State House,89,DEM,Ballots Cast,360,118,233,9,9,0
Muskegon,"Fruitport Charter Township, Precinct 5",Fruitport Charter Township Trustee Partial Term Ending 11/20/2028,,DEM,Ballots Cast,0,0,0,0,0,0
Muskegon,"Fruitport Charter Township, Precinct 5",Governor,,REP,Mike Cox,56,13,43,0,0,0
Muskegon,"Fruitport Charter Township, Precinct 5",Governor,,REP,John James,211,101,103,7,7,0
Muskegon,"Fruitport Charter Township, Precinct 5",Governor,,REP,Perry Johnson,126,75,51,0,0,0
Muskegon,"Fruitport Charter Township, Precinct 5",Governor,,REP,Aric Nesbitt,18,6,12,0,0,0
Muskegon,"Fruitport Charter Township, Precinct 5",Governor,,REP,Ballots Cast,411,195,209,7,7,0
Muskegon,"Fruitport Charter Township, Precinct 5",U.S. Senate,,REP,Mike Rogers,373,179,187,7,7,0
Muskegon,"Fruitport Charter Township, Precinct 5",U.S. Senate,,REP,Ballots Cast,373,179,187,7,7,0
Muskegon,"Fruitport Charter Township, Precinct 5",U.S. House,3,REP,Ryan Cushman,84,34,47,3,3,0
Muskegon,"Fruitport Charter Township, Precinct 5",U.S. House,3,REP,Terri DeBoer,317,156,157,4,4,0
Muskegon,"Fruitport Charter Township, Precinct 5",U.S. House,3,REP,Ballots Cast,401,190,204,7,7,0
Muskegon,"Fruitport Charter Township, Precinct 5",State Senate,32,REP,Kim Cole,265,128,131,6,6,0
Muskegon,"Fruitport Charter Township, Precinct 5",State Senate,32,REP,Max Riekse,124,55,68,1,1,0
Muskegon,"Fruitport Charter Township, Precinct 5",State Senate,32,REP,Ballots Cast,389,183,199,7,7,0
Muskegon,"Fruitport Charter Township, Precinct 5",State House,89,REP,Patrick Kapenga,200,83,116,1,1,0
Muskegon,"Fruitport Charter Township, Precinct 5",State House,89,REP,Joe Moss,185,99,80,6,6,0
Muskegon,"Fruitport Charter Township, Precinct 5",State House,89,REP,Ballots Cast,385,182,196,7,7,0
Muskegon,"Fruitport Charter Township, Precinct 5",Fruitport Charter Township Trustee Partial Term Ending 11/20/2028,,REP,Lela Miller,158,69,86,3,3,0
Muskegon,"Fruitport Charter Township, Precinct 5",Fruitport Charter Township Trustee Partial Term Ending 11/20/2028,,REP,Michael Wolffis,199,97,99,3,3,0
Muskegon,"Fruitport Charter Township, Precinct 5",Fruitport Charter Township Trustee Partial Term Ending 11/20/2028,,REP,Ballots Cast,357,166,185,6,6,0
Muskegon,"Fruitport Charter Township, Precinct 5",Fruitport Charter Township Public Safety Renewal Millage Proposition,,,Yes,464,163,291,10,10,0
Muskegon,"Fruitport Charter Township, Precinct 5",Fruitport Charter Township Public Safety Renewal Millage Proposition,,,No,365,158,199,8,8,0
Muskegon,"Fruitport Charter Township, Precinct 5",Fruitport Charter Township Public Safety Renewal Millage Proposition,,,Ballots Cast,829,321,490,18,18,0
Muskegon,"Fruitport Charter Township, Precinct 5",Fruitport Charter Township Police Department Renewal Millage Proposition,,,Yes,482,168,303,11,11,0
Muskegon,"Fruitport Charter Township, Precinct 5",Fruitport Charter Township Police Department Renewal Millage Proposition,,,No,350,154,189,7,7,0
Muskegon,"Fruitport Charter Township, Precinct 5",Fruitport Charter Township Police Department Renewal Millage Proposition,,,Ballots Cast,832,322,492,18,18,0
Muskegon,"Fruitport Charter Township, Precinct 5",Muskegon Community College District Operating Millage Restoration,,,Yes,369,132,225,12,12,0
Muskegon,"Fruitport Charter Township, Precinct 5",Muskegon Community College District Operating Millage Restoration,,,No,452,188,257,7,7,0
Muskegon,"Fruitport Charter Township, Precinct 5",Muskegon Community College District Operating Millage Restoration,,,Ballots Cast,821,320,482,19,19,0
Muskegon,"Fruitport Charter Township, Precinct 5","Fruitport Charter Township, Precinct 5 Delegate to County Convention",,DEM,Sandra Boone-Thomas,330,100,221,9,9,0
Muskegon,"Fruitport Charter Township, Precinct 5","Fruitport Charter Township, Precinct 5 Delegate to County Convention",,DEM,Ballots Cast,330,100,221,9,9,0
Muskegon,"Fruitport Charter Township, Precinct 5","Fruitport Charter Township, Precinct 5 Delegate to County Convention",,REP,Diana Kay Piotrowski,256,128,122,6,6,0
Muskegon,"Fruitport Charter Township, Precinct 5","Fruitport Charter Township, Precinct 5 Delegate to County Convention",,REP,Stanley Francis Piotrowski,252,113,133,6,6,0
Muskegon,"Fruitport Charter Township, Precinct 5","Fruitport Charter Township, Precinct 5 Delegate to County Convention",,REP,Ballots Cast,508,241,255,12,12,0
Muskegon,"Holton Township, Precinct 1",Governor,,DEM,Jocelyn Benson,194,193,0,1,1,0
Muskegon,"Holton Township, Precinct 1",Governor,,DEM,Christopher Robert Swanson,26,26,0,0,0,0
Muskegon,"Holton Township, Precinct 1",Governor,,DEM,Justin Blackburn,0,0,0,0,0,0
Muskegon,"Holton Township, Precinct 1",Governor,,DEM,Ballots Cast,220,219,0,1,1,0
Muskegon,"Holton Township, Precinct 1",U.S. Senate,,DEM,Abdul El-Sayed,81,80,0,1,1,0
Muskegon,"Holton Township, Precinct 1",U.S. Senate,,DEM,Mallory McMorrow,11,11,0,0,0,0
Muskegon,"Holton Township, Precinct 1",U.S. Senate,,DEM,Haley Stevens,132,132,0,0,0,0
Muskegon,"Holton Township, Precinct 1",U.S. Senate,,DEM,Ballots Cast,224,223,0,1,1,0
Muskegon,"Holton Township, Precinct 1",U.S. House,2,DEM,Ben Ambrose,93,93,0,0,0,0
Muskegon,"Holton Township, Precinct 1",U.S. House,2,DEM,Jamie Hill,69,68,0,1,1,0
Muskegon,"Holton Township, Precinct 1",U.S. House,2,DEM,Clyde Welford,30,30,0,0,0,0
Muskegon,"Holton Township, Precinct 1",U.S. House,2,DEM,Ballots Cast,192,191,0,1,1,0
Muskegon,"Holton Township, Precinct 1",State Senate,32,DEM,Rebecca Amidon,180,179,0,1,1,0
Muskegon,"Holton Township, Precinct 1",State Senate,32,DEM,Ballots Cast,180,179,0,1,1,0
Muskegon,"Holton Township, Precinct 1",State House,102,DEM,Angel Coon,178,177,0,1,1,0
Muskegon,"Holton Township, Precinct 1",State House,102,DEM,Ballots Cast,178,177,0,1,1,0
Muskegon,"Holton Township, Precinct 1",Governor,,REP,Mike Cox,38,38,0,0,0,0
Muskegon,"Holton Township, Precinct 1",Governor,,REP,John James,124,124,0,0,0,0
Muskegon,"Holton Township, Precinct 1",Governor,,REP,Perry Johnson,105,104,0,1,1,0
Muskegon,"Holton Township, Precinct 1",Governor,,REP,Aric Nesbitt,6,6,0,0,0,0
Muskegon,"Holton Township, Precinct 1",Governor,,REP,Ballots Cast,273,272,0,1,1,0
Muskegon,"Holton Township, Precinct 1",U.S. Senate,,REP,Mike Rogers,260,259,0,1,1,0
Muskegon,"Holton Township, Precinct 1",U.S. Senate,,REP,Ballots Cast,260,259,0,1,1,0
Muskegon,"Holton Township, Precinct 1",U.S. House,2,REP,John Moolenaar,251,250,0,1,1,0
Muskegon,"Holton Township, Precinct 1",U.S. House,2,REP,Ballots Cast,251,250,0,1,1,0
Muskegon,"Holton Township, Precinct 1",State Senate,32,REP,Kim Cole,153,153,0,0,0,0
Muskegon,"Holton Township, Precinct 1",State Senate,32,REP,Max Riekse,103,102,0,1,1,0
Muskegon,"Holton Township, Precinct 1",State Senate,32,REP,Ballots Cast,256,255,0,1,1,0
Muskegon,"Holton Township, Precinct 1",State House,102,REP,Curt VanderWall,249,248,0,1,1,0
Muskegon,"Holton Township, Precinct 1",State House,102,REP,Ballots Cast,249,248,0,1,1,0
Muskegon,"Holton Township, Precinct 1",Muskegon Community College District Operating Millage Restoration,,,Yes,169,167,0,2,2,0
Muskegon,"Holton Township, Precinct 1",Muskegon Community College District Operating Millage Restoration,,,No,305,305,0,0,0,0
Muskegon,"Holton Township, Precinct 1",Muskegon Community College District Operating Millage Restoration,,,Ballots Cast,474,472,0,2,2,0
Muskegon,"Holton Township, Precinct 1","Holton Township, Precinct 1 Delegate to County Convention",,DEM,Ballots Cast,0,0,0,0,0,0
Muskegon,"Holton Township, Precinct 1","Holton Township, Precinct 1 Delegate to County Convention",,REP,Jeff Pego,193,192,0,1,1,0
Muskegon,"Holton Township, Precinct 1","Holton Township, Precinct 1 Delegate to County Convention",,REP,Malinda Pego,161,161,0,0,0,0
Muskegon,"Holton Township, Precinct 1","Holton Township, Precinct 1 Delegate to County Convention",,REP,Ballots Cast,354,353,0,1,1,0
Muskegon,"Laketon Township, Precinct 1",Governor,,DEM,Jocelyn Benson,681,222,432,27,27,0
Muskegon,"Laketon Township, Precinct 1",Governor,,DEM,Christopher Robert Swanson,83,40,41,2,2,0
Muskegon,"Laketon Township, Precinct 1",Governor,,DEM,Justin Blackburn,0,0,0,0,0,0
Muskegon,"Laketon Township, Precinct 1",Governor,,DEM,Ballots Cast,764,262,473,29,29,0
Muskegon,"Laketon Township, Precinct 1",U.S. Senate,,DEM,Abdul El-Sayed,352,161,177,14,14,0
Muskegon,"Laketon Township, Precinct 1",U.S. Senate,,DEM,Mallory McMorrow,14,4,8,2,2,0
Muskegon,"Laketon Township, Precinct 1",U.S. Senate,,DEM,Haley Stevens,413,105,295,13,13,0
Muskegon,"Laketon Township, Precinct 1",U.S. Senate,,DEM,Ballots Cast,779,270,480,29,29,0
Muskegon,"Laketon Township, Precinct 1",U.S. House,2,DEM,Ben Ambrose,324,103,208,13,13,0
Muskegon,"Laketon Township, Precinct 1",U.S. House,2,DEM,Jamie Hill,259,89,158,12,12,0
Muskegon,"Laketon Township, Precinct 1",U.S. House,2,DEM,Clyde Welford,84,34,49,1,1,0
Muskegon,"Laketon Township, Precinct 1",U.S. House,2,DEM,Ballots Cast,667,226,415,26,26,0
Muskegon,"Laketon Township, Precinct 1",State Senate,32,DEM,Rebecca Amidon,620,218,378,24,24,0
Muskegon,"Laketon Township, Precinct 1",State Senate,32,DEM,Ballots Cast,620,218,378,24,24,0
Muskegon,"Laketon Township, Precinct 1",State House,87,DEM,Will Snyder,640,222,392,26,26,0
Muskegon,"Laketon Township, Precinct 1",State House,87,DEM,Ballots Cast,640,222,392,26,26,0
Muskegon,"Laketon Township, Precinct 1",Laketon Township Treasurer Partial Term Ending 11/20/2028,,DEM,Ballots Cast,0,0,0,0,0,0
Muskegon,"Laketon Township, Precinct 1",Governor,,REP,Mike Cox,73,28,45,0,0,0
Muskegon,"Laketon Township, Precinct 1",Governor,,REP,John James,316,188,122,6,6,0
Muskegon,"Laketon Township, Precinct 1",Governor,,REP,Perry Johnson,215,93,119,3,3,0
Muskegon,"Laketon Township, Precinct 1",Governor,,REP,Aric Nesbitt,10,0,10,0,0,0
Muskegon,"Laketon Township, Precinct 1",Governor,,REP,Ballots Cast,614,309,296,9,9,0
Muskegon,"Laketon Township, Precinct 1",U.S. Senate,,REP,Mike Rogers,578,294,275,9,9,0
Muskegon,"Laketon Township, Precinct 1",U.S. Senate,,REP,Ballots Cast,578,294,275,9,9,0
Muskegon,"Laketon Township, Precinct 1",U.S. House,2,REP,John Moolenaar,562,286,268,8,8,0
Muskegon,"Laketon Township, Precinct 1",U.S. House,2,REP,Ballots Cast,562,286,268,8,8,0
Muskegon,"Laketon Township, Precinct 1",State Senate,32,REP,Kim Cole,443,221,215,7,7,0
Muskegon,"Laketon Township, Precinct 1",State Senate,32,REP,Max Riekse,138,73,64,1,1,0
Muskegon,"Laketon Township, Precinct 1",State Senate,32,REP,Ballots Cast,581,294,279,8,8,0
Muskegon,"Laketon Township, Precinct 1",State House,87,REP,Cody A. Chipman,538,281,251,6,6,0
Muskegon,"Laketon Township, Precinct 1",State House,87,REP,Ballots Cast,538,281,251,6,6,0
Muskegon,"Laketon Township, Precinct 1",Laketon Township Treasurer Partial Term Ending 11/20/2028,,REP,Veronica S. West,555,282,265,8,8,0
Muskegon,"Laketon Township, Precinct 1",Laketon Township Treasurer Partial Term Ending 11/20/2028,,REP,Ballots Cast,555,282,265,8,8,0
Muskegon,"Laketon Township, Precinct 1",Reeths-Puffer Schools Operating Millage Proposal,,,Yes,796,321,454,21,21,0
Muskegon,"Laketon Township, Precinct 1",Reeths-Puffer Schools Operating Millage Proposal,,,No,586,229,341,16,16,0
Muskegon,"Laketon Township, Precinct 1",Reeths-Puffer Schools Operating Millage Proposal,,,Ballots Cast,1382,550,795,37,37,0
Muskegon,"Laketon Township, Precinct 1",Muskegon Community College District Operating Millage Restoration,,,Yes,705,297,387,21,21,0
Muskegon,"Laketon Township, Precinct 1",Muskegon Community College District Operating Millage Restoration,,,No,669,251,403,15,15,0
Muskegon,"Laketon Township, Precinct 1",Muskegon Community College District Operating Millage Restoration,,,Ballots Cast,1374,548,790,36,36,0
Muskegon,"Laketon Township, Precinct 1","Laketon Township, Precinct 1 Delegate to County Convention",,DEM,Lindsey O'Leary,391,130,250,11,11,0
Muskegon,"Laketon Township, Precinct 1","Laketon Township, Precinct 1 Delegate to County Convention",,DEM,Denise A. Sabo,527,163,342,22,22,0
Muskegon,"Laketon Township, Precinct 1","Laketon Township, Precinct 1 Delegate to County Convention",,DEM,Ballots Cast,918,293,592,33,33,0
Muskegon,"Laketon Township, Precinct 1","Laketon Township, Precinct 1 Delegate to County Convention",,REP,Sandra Kempf,369,183,182,4,4,0
Muskegon,"Laketon Township, Precinct 1","Laketon Township, Precinct 1 Delegate to County Convention",,REP,Kathy Richardson,402,195,201,6,6,0
Muskegon,"Laketon Township, Precinct 1","Laketon Township, Precinct 1 Delegate to County Convention",,REP,Ballots Cast,771,378,383,10,10,0
Muskegon,"Laketon Township, Precinct 2",Governor,,DEM,Jocelyn Benson,505,167,327,11,11,0
Muskegon,"Laketon Township, Precinct 2",Governor,,DEM,Christopher Robert Swanson,44,31,12,1,1,0
Muskegon,"Laketon Township, Precinct 2",Governor,,DEM,Justin Blackburn,0,0,0,0,0,0
Muskegon,"Laketon Township, Precinct 2",Governor,,DEM,Ballots Cast,549,198,339,12,12,0
Muskegon,"Laketon Township, Precinct 2",U.S. Senate,,DEM,Abdul El-Sayed,251,128,114,9,9,0
Muskegon,"Laketon Township, Precinct 2",U.S. Senate,,DEM,Mallory McMorrow,10,4,6,0,0,0
Muskegon,"Laketon Township, Precinct 2",U.S. Senate,,DEM,Haley Stevens,297,74,220,3,3,0
Muskegon,"Laketon Township, Precinct 2",U.S. Senate,,DEM,Ballots Cast,558,206,340,12,12,0
Muskegon,"Laketon Township, Precinct 2",U.S. House,2,DEM,Ben Ambrose,208,70,132,6,6,0
Muskegon,"Laketon Township, Precinct 2",U.S. House,2,DEM,Jamie Hill,180,77,99,4,4,0
Muskegon,"Laketon Township, Precinct 2",U.S. House,2,DEM,Clyde Welford,48,14,33,1,1,0
Muskegon,"Laketon Township, Precinct 2",U.S. House,2,DEM,Ballots Cast,436,161,264,11,11,0
Muskegon,"Laketon Township, Precinct 2",U.S. House,3,DEM,Hillary Scholten,54,21,33,0,0,0
Muskegon,"Laketon Township, Precinct 2",U.S. House,3,DEM,Ballots Cast,54,21,33,0,0,0
Muskegon,"Laketon Township, Precinct 2",State Senate,32,DEM,Rebecca Amidon,462,165,286,11,11,0
Muskegon,"Laketon Township, Precinct 2",State Senate,32,DEM,Ballots Cast,462,165,286,11,11,0
Muskegon,"Laketon Township, Precinct 2",State House,87,DEM,Will Snyder,474,168,298,8,8,0
Muskegon,"Laketon Township, Precinct 2",State House,87,DEM,Ballots Cast,474,168,298,8,8,0
Muskegon,"Laketon Township, Precinct 2",Laketon Township Treasurer Partial Term Ending 11/20/2028,,DEM,Ballots Cast,0,0,0,0,0,0
Muskegon,"Laketon Township, Precinct 2",Governor,,REP,Mike Cox,72,32,40,0,0,0
Muskegon,"Laketon Township, Precinct 2",Governor,,REP,John James,205,126,78,1,1,0
Muskegon,"Laketon Township, Precinct 2",Governor,,REP,Perry Johnson,121,70,51,0,0,0
Muskegon,"Laketon Township, Precinct 2",Governor,,REP,Aric Nesbitt,7,3,4,0,0,0
Muskegon,"Laketon Township, Precinct 2",Governor,,REP,Ballots Cast,405,231,173,1,1,0
Muskegon,"Laketon Township, Precinct 2",U.S. Senate,,REP,Mike Rogers,370,215,154,1,1,0
Muskegon,"Laketon Township, Precinct 2",U.S. Senate,,REP,Ballots Cast,370,215,154,1,1,0
Muskegon,"Laketon Township, Precinct 2",U.S. House,2,REP,John Moolenaar,314,190,123,1,1,0
Muskegon,"Laketon Township, Precinct 2",U.S. House,2,REP,Ballots Cast,314,190,123,1,1,0
Muskegon,"Laketon Township, Precinct 2",U.S. House,3,REP,Ryan Cushman,7,3,4,0,0,0
Muskegon,"Laketon Township, Precinct 2",U.S. House,3,REP,Terri DeBoer,49,22,27,0,0,0
Muskegon,"Laketon Township, Precinct 2",U.S. House,3,REP,Ballots Cast,56,25,31,0,0,0
Muskegon,"Laketon Township, Precinct 2",State Senate,32,REP,Kim Cole,257,155,101,1,1,0
Muskegon,"Laketon Township, Precinct 2",State Senate,32,REP,Max Riekse,124,65,59,0,0,0
Muskegon,"Laketon Township, Precinct 2",State Senate,32,REP,Ballots Cast,381,220,160,1,1,0
Muskegon,"Laketon Township, Precinct 2",State House,87,REP,Cody A. Chipman,344,202,141,1,1,0
Muskegon,"Laketon Township, Precinct 2",State House,87,REP,Ballots Cast,344,202,141,1,1,0
Muskegon,"Laketon Township, Precinct 2",Laketon Township Treasurer Partial Term Ending 11/20/2028,,REP,Veronica S. West,359,206,152,1,1,0
Muskegon,"Laketon Township, Precinct 2",Laketon Township Treasurer Partial Term Ending 11/20/2028,,REP,Ballots Cast,359,206,152,1,1,0
Muskegon,"Laketon Township, Precinct 2",Reeths-Puffer Schools Operating Millage Proposal,,,Yes,514,197,306,11,11,0
Muskegon,"Laketon Township, Precinct 2",Reeths-Puffer Schools Operating Millage Proposal,,,No,454,226,225,3,3,0
Muskegon,"Laketon Township, Precinct 2",Reeths-Puffer Schools Operating Millage Proposal,,,Ballots Cast,968,423,531,14,14,0
Muskegon,"Laketon Township, Precinct 2",Muskegon Community College District Operating Millage Restoration,,,Yes,466,188,266,12,12,0
Muskegon,"Laketon Township, Precinct 2",Muskegon Community College District Operating Millage Restoration,,,No,497,236,259,2,2,0
Muskegon,"Laketon Township, Precinct 2",Muskegon Community College District Operating Millage Restoration,,,Ballots Cast,963,424,525,14,14,0
Muskegon,"Laketon Township, Precinct 2","Laketon Township, Precinct 2 Delegate to County Convention",,DEM,Ballots Cast,0,0,0,0,0,0
Muskegon,"Laketon Township, Precinct 2","Laketon Township, Precinct 2 Delegate to County Convention",,REP,Robert G. Baker,270,145,124,1,1,0
Muskegon,"Laketon Township, Precinct 2","Laketon Township, Precinct 2 Delegate to County Convention",,REP,David Race,192,93,98,1,1,0
Muskegon,"Laketon Township, Precinct 2","Laketon Township, Precinct 2 Delegate to County Convention",,REP,Ballots Cast,462,238,222,2,2,0
Muskegon,"Montague Township, Precinct 1",Governor,,DEM,Jocelyn Benson,173,171,0,2,2,0
Muskegon,"Montague Township, Precinct 1",Governor,,DEM,Christopher Robert Swanson,18,18,0,0,0,0
Muskegon,"Montague Township, Precinct 1",Governor,,DEM,Justin Blackburn,0,0,0,0,0,0
Muskegon,"Montague Township, Precinct 1",Governor,,DEM,Ballots Cast,191,189,0,2,2,0
Muskegon,"Montague Township, Precinct 1",U.S. Senate,,DEM,Abdul El-Sayed,79,77,0,2,2,0
Muskegon,"Montague Township, Precinct 1",U.S. Senate,,DEM,Mallory McMorrow,4,4,0,0,0,0
Muskegon,"Montague Township, Precinct 1",U.S. Senate,,DEM,Haley Stevens,113,112,0,1,1,0
Muskegon,"Montague Township, Precinct 1",U.S. Senate,,DEM,Ballots Cast,196,193,0,3,3,0
Muskegon,"Montague Township, Precinct 1",U.S. House,2,DEM,Ben Ambrose,84,83,0,1,1,0
Muskegon,"Montague Township, Precinct 1",U.S. House,2,DEM,Jamie Hill,63,62,0,1,1,0
Muskegon,"Montague Township, Precinct 1",U.S. House,2,DEM,Clyde Welford,23,23,0,0,0,0
Muskegon,"Montague Township, Precinct 1",U.S. House,2,DEM,Ballots Cast,170,168,0,2,2,0
Muskegon,"Montague Township, Precinct 1",State Senate,32,DEM,Rebecca Amidon,163,161,0,2,2,0
Muskegon,"Montague Township, Precinct 1",State Senate,32,DEM,Ballots Cast,163,161,0,2,2,0
Muskegon,"Montague Township, Precinct 1",State House,102,DEM,Angel Coon,161,159,0,2,2,0
Muskegon,"Montague Township, Precinct 1",State House,102,DEM,Ballots Cast,161,159,0,2,2,0
Muskegon,"Montague Township, Precinct 1",Governor,,REP,Mike Cox,12,12,0,0,0,0
Muskegon,"Montague Township, Precinct 1",Governor,,REP,John James,84,83,0,1,1,0
Muskegon,"Montague Township, Precinct 1",Governor,,REP,Perry Johnson,79,79,0,0,0,0
Muskegon,"Montague Township, Precinct 1",Governor,,REP,Aric Nesbitt,3,3,0,0,0,0
Muskegon,"Montague Township, Precinct 1",Governor,,REP,Ballots Cast,178,177,0,1,1,0
Muskegon,"Montague Township, Precinct 1",U.S. Senate,,REP,Mike Rogers,171,170,0,1,1,0
Muskegon,"Montague Township, Precinct 1",U.S. Senate,,REP,Ballots Cast,171,170,0,1,1,0
Muskegon,"Montague Township, Precinct 1",U.S. House,2,REP,John Moolenaar,167,166,0,1,1,0
Muskegon,"Montague Township, Precinct 1",U.S. House,2,REP,Ballots Cast,167,166,0,1,1,0
Muskegon,"Montague Township, Precinct 1",State Senate,32,REP,Kim Cole,139,138,0,1,1,0
Muskegon,"Montague Township, Precinct 1",State Senate,32,REP,Max Riekse,31,31,0,0,0,0
Muskegon,"Montague Township, Precinct 1",State Senate,32,REP,Ballots Cast,170,169,0,1,1,0
Muskegon,"Montague Township, Precinct 1",State House,102,REP,Curt VanderWall,167,166,0,1,1,0
Muskegon,"Montague Township, Precinct 1",State House,102,REP,Ballots Cast,167,166,0,1,1,0
Muskegon,"Montague Township, Precinct 1",Muskegon Community College District Operating Millage Restoration,,,Yes,173,173,0,0,0,0
Muskegon,"Montague Township, Precinct 1",Muskegon Community College District Operating Millage Restoration,,,No,179,176,0,3,3,0
Muskegon,"Montague Township, Precinct 1",Muskegon Community College District Operating Millage Restoration,,,Ballots Cast,352,349,0,3,3,0
Muskegon,"Montague Township, Precinct 1","Montague Township, Precinct 1 Delegate to County Convention",,DEM,Julie L. Essenberg,135,134,0,1,1,0
Muskegon,"Montague Township, Precinct 1","Montague Township, Precinct 1 Delegate to County Convention",,DEM,Patricia A. Kelly,108,106,0,2,2,0
Muskegon,"Montague Township, Precinct 1","Montague Township, Precinct 1 Delegate to County Convention",,DEM,Ballots Cast,243,240,0,3,3,0
Muskegon,"Montague Township, Precinct 1","Montague Township, Precinct 1 Delegate to County Convention",,REP,Ballots Cast,0,0,0,0,0,0
Muskegon,"Moorland Township, Precinct 1",Governor,,DEM,Jocelyn Benson,99,99,0,0,0,0
Muskegon,"Moorland Township, Precinct 1",Governor,,DEM,Christopher Robert Swanson,21,19,0,2,2,0
Muskegon,"Moorland Township, Precinct 1",Governor,,DEM,Justin Blackburn,0,0,0,0,0,0
Muskegon,"Moorland Township, Precinct 1",Governor,,DEM,Ballots Cast,120,118,0,2,2,0
Muskegon,"Moorland Township, Precinct 1",U.S. Senate,,DEM,Abdul El-Sayed,46,44,0,2,2,0
Muskegon,"Moorland Township, Precinct 1",U.S. Senate,,DEM,Mallory McMorrow,6,6,0,0,0,0
Muskegon,"Moorland Township, Precinct 1",U.S. Senate,,DEM,Haley Stevens,69,69,0,0,0,0
Muskegon,"Moorland Township, Precinct 1",U.S. Senate,,DEM,Ballots Cast,121,119,0,2,2,0
Muskegon,"Moorland Township, Precinct 1",U.S. House,2,DEM,Ben Ambrose,57,57,0,0,0,0
Muskegon,"Moorland Township, Precinct 1",U.S. House,2,DEM,Jamie Hill,45,43,0,2,2,0
Muskegon,"Moorland Township, Precinct 1",U.S. House,2,DEM,Clyde Welford,9,9,0,0,0,0
Muskegon,"Moorland Township, Precinct 1",U.S. House,2,DEM,Ballots Cast,111,109,0,2,2,0
Muskegon,"Moorland Township, Precinct 1",State Senate,33,DEM,Stan Opal,98,96,0,2,2,0
Muskegon,"Moorland Township, Precinct 1",State Senate,33,DEM,Ballots Cast,98,96,0,2,2,0
Muskegon,"Moorland Township, Precinct 1",State House,89,DEM,Meegan Zickus,92,90,0,2,2,0
Muskegon,"Moorland Township, Precinct 1",State House,89,DEM,Ballots Cast,92,90,0,2,2,0
Muskegon,"Moorland Township, Precinct 1",Governor,,REP,Mike Cox,35,35,0,0,0,0
Muskegon,"Moorland Township, Precinct 1",Governor,,REP,John James,102,102,0,0,0,0
Muskegon,"Moorland Township, Precinct 1",Governor,,REP,Perry Johnson,92,92,0,0,0,0
Muskegon,"Moorland Township, Precinct 1",Governor,,REP,Aric Nesbitt,4,4,0,0,0,0
Muskegon,"Moorland Township, Precinct 1",Governor,,REP,Ballots Cast,233,233,0,0,0,0
Muskegon,"Moorland Township, Precinct 1",U.S. Senate,,REP,Mike Rogers,223,223,0,0,0,0
Muskegon,"Moorland Township, Precinct 1",U.S. Senate,,REP,Ballots Cast,223,223,0,0,0,0
Muskegon,"Moorland Township, Precinct 1",U.S. House,2,REP,John Moolenaar,219,219,0,0,0,0
Muskegon,"Moorland Township, Precinct 1",U.S. House,2,REP,Ballots Cast,219,219,0,0,0,0
Muskegon,"Moorland Township, Precinct 1",State Senate,33,REP,Katie DeBoer,64,64,0,0,0,0
Muskegon,"Moorland Township, Precinct 1",State Senate,33,REP,Joseph D. Fox,72,72,0,0,0,0
Muskegon,"Moorland Township, Precinct 1",State Senate,33,REP,Gina Johnsen,40,40,0,0,0,0
Muskegon,"Moorland Township, Precinct 1",State Senate,33,REP,Thomas J. Norton,45,45,0,0,0,0
Muskegon,"Moorland Township, Precinct 1",State Senate,33,REP,Ballots Cast,221,221,0,0,0,0
Muskegon,"Moorland Township, Precinct 1",State House,89,REP,Patrick Kapenga,97,97,0,0,0,0
Muskegon,"Moorland Township, Precinct 1",State House,89,REP,Joe Moss,131,131,0,0,0,0
Muskegon,"Moorland Township, Precinct 1",State House,89,REP,Ballots Cast,228,228,0,0,0,0
Muskegon,"Moorland Township, Precinct 1",Grant Public Schools Operating Millage Renewal Proposal,,,Yes,0,0,0,0,0,0
Muskegon,"Moorland Township, Precinct 1",Grant Public Schools Operating Millage Renewal Proposal,,,No,4,4,0,0,0,0
Muskegon,"Moorland Township, Precinct 1",Grant Public Schools Operating Millage Renewal Proposal,,,Ballots Cast,4,4,0,0,0,0
Muskegon,"Moorland Township, Precinct 1",Muskegon Community College District Operating Millage Restoration,,,Yes,90,88,0,2,2,0
Muskegon,"Moorland Township, Precinct 1",Muskegon Community College District Operating Millage Restoration,,,No,260,260,0,0,0,0
Muskegon,"Moorland Township, Precinct 1",Muskegon Community College District Operating Millage Restoration,,,Ballots Cast,350,348,0,2,2,0
Muskegon,"Moorland Township, Precinct 1","Moorland Township, Precinct 1 Delegate to County Convention",,DEM,Ballots Cast,0,0,0,0,0,0
Muskegon,"Moorland Township, Precinct 1","Moorland Township, Precinct 1 Delegate to County Convention",,REP,Todd M. Jones,199,199,0,0,0,0
Muskegon,"Moorland Township, Precinct 1","Moorland Township, Precinct 1 Delegate to County Convention",,REP,Ballots Cast,199,199,0,0,0,0
Muskegon,"Muskegon Charter Township, Precinct 1",Governor,,DEM,Jocelyn Benson,405,134,250,21,21,0
Muskegon,"Muskegon Charter Township, Precinct 1",Governor,,DEM,Christopher Robert Swanson,82,46,34,2,2,0
Muskegon,"Muskegon Charter Township, Precinct 1",Governor,,DEM,Justin Blackburn,0,0,0,0,0,0
Muskegon,"Muskegon Charter Township, Precinct 1",Governor,,DEM,Ballots Cast,487,180,284,23,23,0
Muskegon,"Muskegon Charter Township, Precinct 1",U.S. Senate,,DEM,Abdul El-Sayed,182,103,63,16,16,0
Muskegon,"Muskegon Charter Township, Precinct 1",U.S. Senate,,DEM,Mallory McMorrow,25,4,19,2,2,0
Muskegon,"Muskegon Charter Township, Precinct 1",U.S. Senate,,DEM,Haley Stevens,289,82,202,5,5,0
Muskegon,"Muskegon Charter Township, Precinct 1",U.S. Senate,,DEM,Ballots Cast,496,189,284,23,23,0
Muskegon,"Muskegon Charter Township, Precinct 1",U.S. House,3,DEM,Hillary Scholten,444,154,268,22,22,0
Muskegon,"Muskegon Charter Township, Precinct 1",U.S. House,3,DEM,Ballots Cast,444,154,268,22,22,0
Muskegon,"Muskegon Charter Township, Precinct 1",State Senate,32,DEM,Rebecca Amidon,417,146,251,20,20,0
Muskegon,"Muskegon Charter Township, Precinct 1",State Senate,32,DEM,Ballots Cast,417,146,251,20,20,0
Muskegon,"Muskegon Charter Township, Precinct 1",State House,87,DEM,Will Snyder,414,141,252,21,21,0
Muskegon,"Muskegon Charter Township, Precinct 1",State House,87,DEM,Ballots Cast,414,141,252,21,21,0
Muskegon,"Muskegon Charter Township, Precinct 1",Muskegon Charter Township Partial Term Ending 11/20/2028,,DEM,Greg Bouwman,195,71,113,11,11,0
Muskegon,"Muskegon Charter Township, Precinct 1",Muskegon Charter Township Partial Term Ending 11/20/2028,,DEM,Cynthia Rachelle Green,220,85,124,11,11,0
Muskegon,"Muskegon Charter Township, Precinct 1",Muskegon Charter Township Partial Term Ending 11/20/2028,,DEM,Dave Kieft Jr.,164,59,101,4,4,0
Muskegon,"Muskegon Charter Township, Precinct 1",Muskegon Charter Township Partial Term Ending 11/20/2028,,DEM,Shawn Roberson,107,26,74,7,7,0
Muskegon,"Muskegon Charter Township, Precinct 1",Muskegon Charter Township Partial Term Ending 11/20/2028,,DEM,Ballots Cast,686,241,412,33,33,0
Muskegon,"Muskegon Charter Township, Precinct 1",Governor,,REP,Mike Cox,31,11,20,0,0,0
Muskegon,"Muskegon Charter Township, Precinct 1",Governor,,REP,John James,103,58,44,1,1,0
Muskegon,"Muskegon Charter Township, Precinct 1",Governor,,REP,Perry Johnson,105,36,67,2,2,0
Muskegon,"Muskegon Charter Township, Precinct 1",Governor,,REP,Aric Nesbitt,5,5,0,0,0,0
Muskegon,"Muskegon Charter Township, Precinct 1",Governor,,REP,Ballots Cast,244,110,131,3,3,0
Muskegon,"Muskegon Charter Township, Precinct 1",U.S. Senate,,REP,Mike Rogers,234,108,123,3,3,0
Muskegon,"Muskegon Charter Township, Precinct 1",U.S. Senate,,REP,Ballots Cast,234,108,123,3,3,0
Muskegon,"Muskegon Charter Township, Precinct 1",U.S. House,3,REP,Ryan Cushman,76,45,29,2,2,0
Muskegon,"Muskegon Charter Township, Precinct 1",U.S. House,3,REP,Terri DeBoer,159,61,97,1,1,0
Muskegon,"Muskegon Charter Township, Precinct 1",U.S. House,3,REP,Ballots Cast,235,106,126,3,3,0
Muskegon,"Muskegon Charter Township, Precinct 1",State Senate,32,REP,Kim Cole,151,70,79,2,2,0
Muskegon,"Muskegon Charter Township, Precinct 1",State Senate,32,REP,Max Riekse,79,36,42,1,1,0
Muskegon,"Muskegon Charter Township, Precinct 1",State Senate,32,REP,Ballots Cast,230,106,121,3,3,0
Muskegon,"Muskegon Charter Township, Precinct 1",State House,87,REP,Cody A. Chipman,207,95,109,3,3,0
Muskegon,"Muskegon Charter Township, Precinct 1",State House,87,REP,Ballots Cast,207,95,109,3,3,0
Muskegon,"Muskegon Charter Township, Precinct 1",Muskegon Charter Township Trustee Partial Term Ending 11/20/2028,,REP,Ballots Cast,0,0,0,0,0,0
Muskegon,"Muskegon Charter Township, Precinct 1",Muskegon Community College District Operating Millage Restoration,,,Yes,331,127,187,17,17,0
Muskegon,"Muskegon Charter Township, Precinct 1",Muskegon Community College District Operating Millage Restoration,,,No,388,146,235,7,7,0
Muskegon,"Muskegon Charter Township, Precinct 1",Muskegon Community College District Operating Millage Restoration,,,Ballots Cast,719,273,422,24,24,0
Muskegon,"Muskegon Charter Township, Precinct 1","Muskegon Charter Township, Precinct 1 Delegate to County Convention",,DEM,Ballots Cast,0,0,0,0,0,0
Muskegon,"Muskegon Charter Township, Precinct 1","Muskegon Charter Township, Precinct 1 Delegate to County Convention",,REP,Ballots Cast,0,0,0,0,0,0
Muskegon,"Muskegon Charter Township, Precinct 2",Governor,,DEM,Jocelyn Benson,589,223,342,24,24,0
Muskegon,"Muskegon Charter Township, Precinct 2",Governor,,DEM,Christopher Robert Swanson,76,39,30,7,7,0
Muskegon,"Muskegon Charter Township, Precinct 2",Governor,,DEM,Justin Blackburn,0,0,0,0,0,0
Muskegon,"Muskegon Charter Township, Precinct 2",Governor,,DEM,Ballots Cast,665,262,372,31,31,0
Muskegon,"Muskegon Charter Township, Precinct 2",U.S. Senate,,DEM,Abdul El-Sayed,330,178,136,16,16,0
Muskegon,"Muskegon Charter Township, Precinct 2",U.S. Senate,,DEM,Mallory McMorrow,34,7,27,0,0,0
Muskegon,"Muskegon Charter Township, Precinct 2",U.S. Senate,,DEM,Haley Stevens,309,83,210,16,16,0
Muskegon,"Muskegon Charter Township, Precinct 2",U.S. Senate,,DEM,Ballots Cast,673,268,373,32,32,0
Muskegon,"Muskegon Charter Township, Precinct 2",U.S. House,2,DEM,Ben Ambrose,244,86,148,10,10,0
Muskegon,"Muskegon Charter Township, Precinct 2",U.S. House,2,DEM,Jamie Hill,250,119,115,16,16,0
Muskegon,"Muskegon Charter Township, Precinct 2",U.S. House,2,DEM,Clyde Welford,86,23,62,1,1,0
Muskegon,"Muskegon Charter Township, Precinct 2",U.S. House,2,DEM,Ballots Cast,580,228,325,27,27,0
Muskegon,"Muskegon Charter Township, Precinct 2",State Senate,32,DEM,Rebecca Amidon,569,220,321,28,28,0
Muskegon,"Muskegon Charter Township, Precinct 2",State Senate,32,DEM,Ballots Cast,569,220,321,28,28,0
Muskegon,"Muskegon Charter Township, Precinct 2",State House,87,DEM,Will Snyder,574,225,320,29,29,0
Muskegon,"Muskegon Charter Township, Precinct 2",State House,87,DEM,Ballots Cast,574,225,320,29,29,0
Muskegon,"Muskegon Charter Township, Precinct 2",Muskegon Charter Township Partial Term Ending 11/20/2028,,DEM,Greg Bouwman,287,120,158,9,9,0
Muskegon,"Muskegon Charter Township, Precinct 2",Muskegon Charter Township Partial Term Ending 11/20/2028,,DEM,Cynthia Rachelle Green,280,110,155,15,15,0
Muskegon,"Muskegon Charter Township, Precinct 2",Muskegon Charter Township Partial Term Ending 11/20/2028,,DEM,Dave Kieft Jr.,270,76,190,4,4,0
Muskegon,"Muskegon Charter Township, Precinct 2",Muskegon Charter Township Partial Term Ending 11/20/2028,,DEM,Shawn Roberson,151,58,78,15,15,0
Muskegon,"Muskegon Charter Township, Precinct 2",Muskegon Charter Township Partial Term Ending 11/20/2028,,DEM,Ballots Cast,988,364,581,43,43,0
Muskegon,"Muskegon Charter Township, Precinct 2",Governor,,REP,Mike Cox,56,23,32,1,1,0
Muskegon,"Muskegon Charter Township, Precinct 2",Governor,,REP,John James,205,137,64,4,4,0
Muskegon,"Muskegon Charter Township, Precinct 2",Governor,,REP,Perry Johnson,163,97,61,5,5,0
Muskegon,"Muskegon Charter Township, Precinct 2",Governor,,REP,Aric Nesbitt,11,4,6,1,1,0
Muskegon,"Muskegon Charter Township, Precinct 2",Governor,,REP,Ballots Cast,435,261,163,11,11,0
Muskegon,"Muskegon Charter Township, Precinct 2",U.S. Senate,,REP,Mike Rogers,413,251,151,11,11,0
Muskegon,"Muskegon Charter Township, Precinct 2",U.S. Senate,,REP,Ballots Cast,413,251,151,11,11,0
Muskegon,"Muskegon Charter Township, Precinct 2",U.S. House,2,REP,John Moolenaar,401,243,147,11,11,0
Muskegon,"Muskegon Charter Township, Precinct 2",U.S. House,2,REP,Ballots Cast,401,243,147,11,11,0
Muskegon,"Muskegon Charter Township, Precinct 2",State Senate,32,REP,Kim Cole,277,179,94,4,4,0
Muskegon,"Muskegon Charter Township, Precinct 2",State Senate,32,REP,Max Riekse,136,70,59,7,7,0
Muskegon,"Muskegon Charter Township, Precinct 2",State Senate,32,REP,Ballots Cast,413,249,153,11,11,0
Muskegon,"Muskegon Charter Township, Precinct 2",State House,87,REP,Cody A. Chipman,373,225,138,10,10,0
Muskegon,"Muskegon Charter Township, Precinct 2",State House,87,REP,Ballots Cast,373,225,138,10,10,0
Muskegon,"Muskegon Charter Township, Precinct 2",Muskegon Charter Township Trustee Partial Term Ending 11/20/2028,,REP,Ballots Cast,0,0,0,0,0,0
Muskegon,"Muskegon Charter Township, Precinct 2",Reeths-Puffer Schools Operating Millage Proposal,,,Yes,643,270,346,27,27,0
Muskegon,"Muskegon Charter Township, Precinct 2",Reeths-Puffer Schools Operating Millage Proposal,,,No,477,224,238,15,15,0
Muskegon,"Muskegon Charter Township, Precinct 2",Reeths-Puffer Schools Operating Millage Proposal,,,Ballots Cast,1120,494,584,42,42,0
Muskegon,"Muskegon Charter Township, Precinct 2",Muskegon Community College District Operating Millage Restoration,,,Yes,551,244,278,29,29,0
Muskegon,"Muskegon Charter Township, Precinct 2",Muskegon Community College District Operating Millage Restoration,,,No,569,251,305,13,13,0
Muskegon,"Muskegon Charter Township, Precinct 2",Muskegon Community College District Operating Millage Restoration,,,Ballots Cast,1120,495,583,42,42,0
Muskegon,"Muskegon Charter Township, Precinct 2","Muskegon Charter Township, Precinct 2 Delegate to County Convention",,DEM,Jennifer Ayre,557,220,308,29,29,0
Muskegon,"Muskegon Charter Township, Precinct 2","Muskegon Charter Township, Precinct 2 Delegate to County Convention",,DEM,Ballots Cast,557,220,308,29,29,0
Muskegon,"Muskegon Charter Township, Precinct 2","Muskegon Charter Township, Precinct 2 Delegate to County Convention",,REP,Holly S. Nolan,297,168,124,5,5,0
Muskegon,"Muskegon Charter Township, Precinct 2","Muskegon Charter Township, Precinct 2 Delegate to County Convention",,REP,Robert J. Nolan,321,188,125,8,8,0
Muskegon,"Muskegon Charter Township, Precinct 2","Muskegon Charter Township, Precinct 2 Delegate to County Convention",,REP,Ballots Cast,618,356,249,13,13,0
Muskegon,"Muskegon Charter Township, Precinct 3",Governor,,DEM,Jocelyn Benson,403,118,270,15,15,0
Muskegon,"Muskegon Charter Township, Precinct 3",Governor,,DEM,Christopher Robert Swanson,63,30,32,1,1,0
Muskegon,"Muskegon Charter Township, Precinct 3",Governor,,DEM,Justin Blackburn,0,0,0,0,0,0
Muskegon,"Muskegon Charter Township, Precinct 3",Governor,,DEM,Ballots Cast,466,148,302,16,16,0
Muskegon,"Muskegon Charter Township, Precinct 3",U.S. Senate,,DEM,Abdul El-Sayed,166,80,75,11,11,0
Muskegon,"Muskegon Charter Township, Precinct 3",U.S. Senate,,DEM,Mallory McMorrow,11,0,11,0,0,0
Muskegon,"Muskegon Charter Township, Precinct 3",U.S. Senate,,DEM,Haley Stevens,299,73,219,7,7,0
Muskegon,"Muskegon Charter Township, Precinct 3",U.S. Senate,,DEM,Ballots Cast,476,153,305,18,18,0
Muskegon,"Muskegon Charter Township, Precinct 3",U.S. House,3,DEM,Hillary Scholten,442,136,289,17,17,0
Muskegon,"Muskegon Charter Township, Precinct 3",U.S. House,3,DEM,Ballots Cast,442,136,289,17,17,0
Muskegon,"Muskegon Charter Township, Precinct 3",State Senate,32,DEM,Rebecca Amidon,432,134,284,14,14,0
Muskegon,"Muskegon Charter Township, Precinct 3",State Senate,32,DEM,Ballots Cast,432,134,284,14,14,0
Muskegon,"Muskegon Charter Township, Precinct 3",State House,87,DEM,Will Snyder,432,131,287,14,14,0
Muskegon,"Muskegon Charter Township, Precinct 3",State House,87,DEM,Ballots Cast,432,131,287,14,14,0
Muskegon,"Muskegon Charter Township, Precinct 3",Muskegon Charter Township Partial Term Ending 11/20/2028,,DEM,Greg Bouwman,163,43,114,6,6,0
Muskegon,"Muskegon Charter Township, Precinct 3",Muskegon Charter Township Partial Term Ending 11/20/2028,,DEM,Cynthia Rachelle Green,220,76,138,6,6,0
Muskegon,"Muskegon Charter Township, Precinct 3",Muskegon Charter Township Partial Term Ending 11/20/2028,,DEM,Dave Kieft Jr.,231,57,167,7,7,0
Muskegon,"Muskegon Charter Township, Precinct 3",Muskegon Charter Township Partial Term Ending 11/20/2028,,DEM,Shawn Roberson,114,33,77,4,4,0
Muskegon,"Muskegon Charter Township, Precinct 3",Muskegon Charter Township Partial Term Ending 11/20/2028,,DEM,Ballots Cast,728,209,496,23,23,0
Muskegon,"Muskegon Charter Township, Precinct 3",Governor,,REP,Mike Cox,31,13,16,2,2,0
Muskegon,"Muskegon Charter Township, Precinct 3",Governor,,REP,John James,126,79,40,7,7,0
Muskegon,"Muskegon Charter Township, Precinct 3",Governor,,REP,Perry Johnson,92,55,37,0,0,0
Muskegon,"Muskegon Charter Township, Precinct 3",Governor,,REP,Aric Nesbitt,11,5,5,1,1,0
Muskegon,"Muskegon Charter Township, Precinct 3",Governor,,REP,Ballots Cast,260,152,98,10,10,0
Muskegon,"Muskegon Charter Township, Precinct 3",U.S. Senate,,REP,Mike Rogers,252,145,97,10,10,0
Muskegon,"Muskegon Charter Township, Precinct 3",U.S. Senate,,REP,Ballots Cast,252,145,97,10,10,0
Muskegon,"Muskegon Charter Township, Precinct 3",U.S. House,3,REP,Ryan Cushman,57,39,16,2,2,0
Muskegon,"Muskegon Charter Township, Precinct 3",U.S. House,3,REP,Terri DeBoer,190,102,81,7,7,0
Muskegon,"Muskegon Charter Township, Precinct 3",U.S. House,3,REP,Ballots Cast,247,141,97,9,9,0
Muskegon,"Muskegon Charter Township, Precinct 3",State Senate,32,REP,Kim Cole,164,100,61,3,3,0
Muskegon,"Muskegon Charter Township, Precinct 3",State Senate,32,REP,Max Riekse,86,46,33,7,7,0
Muskegon,"Muskegon Charter Township, Precinct 3",State Senate,32,REP,Ballots Cast,250,146,94,10,10,0
Muskegon,"Muskegon Charter Township, Precinct 3",State House,87,REP,Cody A. Chipman,226,128,89,9,9,0
Muskegon,"Muskegon Charter Township, Precinct 3",State House,87,REP,Ballots Cast,226,128,89,9,9,0
Muskegon,"Muskegon Charter Township, Precinct 3",Muskegon Charter Township Trustee Partial Term Ending 11/20/2028,,REP,Ballots Cast,0,0,0,0,0,0
Muskegon,"Muskegon Charter Township, Precinct 3",Muskegon Community College District Operating Millage Restoration,,,Yes,260,94,154,12,12,0
Muskegon,"Muskegon Charter Township, Precinct 3",Muskegon Community College District Operating Millage Restoration,,,No,412,175,223,14,14,0
Muskegon,"Muskegon Charter Township, Precinct 3",Muskegon Community College District Operating Millage Restoration,,,Ballots Cast,672,269,377,26,26,0
Muskegon,"Muskegon Charter Township, Precinct 3","Muskegon Charter Township, Precinct 3 Delegate to County Convention",,DEM,Reynolds (Allen) Stone,393,119,259,15,15,0
Muskegon,"Muskegon Charter Township, Precinct 3","Muskegon Charter Township, Precinct 3 Delegate to County Convention",,DEM,Ballots Cast,393,119,259,15,15,0
Muskegon,"Muskegon Charter Township, Precinct 3","Muskegon Charter Township, Precinct 3 Delegate to County Convention",,REP,Darrell M. Fuglseth,219,129,81,9,9,0
Muskegon,"Muskegon Charter Township, Precinct 3","Muskegon Charter Township, Precinct 3 Delegate to County Convention",,REP,Ballots Cast,219,129,81,9,9,0
Muskegon,"Muskegon Charter Township, Precinct 4",Governor,,DEM,Jocelyn Benson,404,126,258,20,20,0
Muskegon,"Muskegon Charter Township, Precinct 4",Governor,,DEM,Christopher Robert Swanson,57,30,25,2,2,0
Muskegon,"Muskegon Charter Township, Precinct 4",Governor,,DEM,Justin Blackburn,0,0,0,0,0,0
Muskegon,"Muskegon Charter Township, Precinct 4",Governor,,DEM,Ballots Cast,461,156,283,22,22,0
Muskegon,"Muskegon Charter Township, Precinct 4",U.S. Senate,,DEM,Abdul El-Sayed,189,97,80,12,12,0
Muskegon,"Muskegon Charter Township, Precinct 4",U.S. Senate,,DEM,Mallory McMorrow,24,6,18,0,0,0
Muskegon,"Muskegon Charter Township, Precinct 4",U.S. Senate,,DEM,Haley Stevens,259,60,189,10,10,0
Muskegon,"Muskegon Charter Township, Precinct 4",U.S. Senate,,DEM,Ballots Cast,472,163,287,22,22,0
Muskegon,"Muskegon Charter Township, Precinct 4",U.S. House,2,DEM,Ben Ambrose,182,52,124,6,6,0
Muskegon,"Muskegon Charter Township, Precinct 4",U.S. House,2,DEM,Jamie Hill,157,62,86,9,9,0
Muskegon,"Muskegon Charter Township, Precinct 4",U.S. House,2,DEM,Clyde Welford,71,22,44,5,5,0
Muskegon,"Muskegon Charter Township, Precinct 4",U.S. House,2,DEM,Ballots Cast,410,136,254,20,20,0
Muskegon,"Muskegon Charter Township, Precinct 4",State Senate,32,DEM,Rebecca Amidon,401,135,245,21,21,0
Muskegon,"Muskegon Charter Township, Precinct 4",State Senate,32,DEM,Ballots Cast,401,135,245,21,21,0
Muskegon,"Muskegon Charter Township, Precinct 4",State House,87,DEM,Will Snyder,390,132,240,18,18,0
Muskegon,"Muskegon Charter Township, Precinct 4",State House,87,DEM,Ballots Cast,390,132,240,18,18,0
Muskegon,"Muskegon Charter Township, Precinct 4",Muskegon Charter Township Partial Term Ending 11/20/2028,,DEM,Greg Bouwman,214,60,141,13,13,0
Muskegon,"Muskegon Charter Township, Precinct 4",Muskegon Charter Township Partial Term Ending 11/20/2028,,DEM,Cynthia Rachelle Green,203,83,112,8,8,0
Muskegon,"Muskegon Charter Township, Precinct 4",Muskegon Charter Township Partial Term Ending 11/20/2028,,DEM,Dave Kieft Jr.,187,45,133,9,9,0
Muskegon,"Muskegon Charter Township, Precinct 4",Muskegon Charter Township Partial Term Ending 11/20/2028,,DEM,Shawn Roberson,112,33,76,3,3,0
Muskegon,"Muskegon Charter Township, Precinct 4",Muskegon Charter Township Partial Term Ending 11/20/2028,,DEM,Ballots Cast,716,221,462,33,33,0
Muskegon,"Muskegon Charter Township, Precinct 4",Governor,,REP,Mike Cox,31,16,13,2,2,0
Muskegon,"Muskegon Charter Township, Precinct 4",Governor,,REP,John James,106,72,21,13,13,0
Muskegon,"Muskegon Charter Township, Precinct 4",Governor,,REP,Perry Johnson,109,59,46,4,4,0
Muskegon,"Muskegon Charter Township, Precinct 4",Governor,,REP,Aric Nesbitt,3,3,0,0,0,0
Muskegon,"Muskegon Charter Township, Precinct 4",Governor,,REP,Ballots Cast,249,150,80,19,19,0
Muskegon,"Muskegon Charter Township, Precinct 4",U.S. Senate,,REP,Mike Rogers,241,145,77,19,19,0
Muskegon,"Muskegon Charter Township, Precinct 4",U.S. Senate,,REP,Ballots Cast,241,145,77,19,19,0
Muskegon,"Muskegon Charter Township, Precinct 4",U.S. House,2,REP,John Moolenaar,234,139,77,18,18,0
Muskegon,"Muskegon Charter Township, Precinct 4",U.S. House,2,REP,Ballots Cast,234,139,77,18,18,0
Muskegon,"Muskegon Charter Township, Precinct 4",State Senate,32,REP,Kim Cole,175,109,53,13,13,0
Muskegon,"Muskegon Charter Township, Precinct 4",State Senate,32,REP,Max Riekse,65,33,26,6,6,0
Muskegon,"Muskegon Charter Township, Precinct 4",State Senate,32,REP,Ballots Cast,240,142,79,19,19,0
Muskegon,"Muskegon Charter Township, Precinct 4",State House,87,REP,Cody A. Chipman,214,127,69,18,18,0
Muskegon,"Muskegon Charter Township, Precinct 4",State House,87,REP,Ballots Cast,214,127,69,18,18,0
Muskegon,"Muskegon Charter Township, Precinct 4",Muskegon Charter Township Trustee Partial Term Ending 11/20/2028,,REP,Ballots Cast,0,0,0,0,0,0
Muskegon,"Muskegon Charter Township, Precinct 4",Muskegon Community College District Operating Millage Restoration,,,Yes,250,113,119,18,18,0
Muskegon,"Muskegon Charter Township, Precinct 4",Muskegon Community College District Operating Millage Restoration,,,No,439,179,235,25,25,0
Muskegon,"Muskegon Charter Township, Precinct 4",Muskegon Community College District Operating Millage Restoration,,,Ballots Cast,689,292,354,43,43,0
Muskegon,"Muskegon Charter Township, Precinct 4","Muskegon Charter Township, Precinct 4 Delegate to County Convention",,DEM,Melody Lane,355,115,221,19,19,0
Muskegon,"Muskegon Charter Township, Precinct 4","Muskegon Charter Township, Precinct 4 Delegate to County Convention",,DEM,L. Kip Smith,250,71,171,8,8,0
Muskegon,"Muskegon Charter Township, Precinct 4","Muskegon Charter Township, Precinct 4 Delegate to County Convention",,DEM,Ballots Cast,605,186,392,27,27,0
Muskegon,"Muskegon Charter Township, Precinct 4","Muskegon Charter Township, Precinct 4 Delegate to County Convention",,REP,Jean R. Foster,144,81,50,13,13,0
Muskegon,"Muskegon Charter Township, Precinct 4","Muskegon Charter Township, Precinct 4 Delegate to County Convention",,REP,Robert B. Foster,165,97,56,12,12,0
Muskegon,"Muskegon Charter Township, Precinct 4","Muskegon Charter Township, Precinct 4 Delegate to County Convention",,REP,Jericho Gonzales,136,76,51,9,9,0
Muskegon,"Muskegon Charter Township, Precinct 4","Muskegon Charter Township, Precinct 4 Delegate to County Convention",,REP,Christopher Kaijala,121,64,48,9,9,0
Muskegon,"Muskegon Charter Township, Precinct 4","Muskegon Charter Township, Precinct 4 Delegate to County Convention",,REP,Ballots Cast,566,318,205,43,43,0
Muskegon,"Ravenna Township, Precinct 1",Governor,,DEM,Jocelyn Benson,188,55,133,0,0,0
Muskegon,"Ravenna Township, Precinct 1",Governor,,DEM,Christopher Robert Swanson,34,17,16,1,1,0
Muskegon,"Ravenna Township, Precinct 1",Governor,,DEM,Justin Blackburn,0,0,0,0,0,0
Muskegon,"Ravenna Township, Precinct 1",Governor,,DEM,Ballots Cast,222,72,149,1,1,0
Muskegon,"Ravenna Township, Precinct 1",U.S. Senate,,DEM,Abdul El-Sayed,93,42,50,1,1,0
Muskegon,"Ravenna Township, Precinct 1",U.S. Senate,,DEM,Mallory McMorrow,17,2,15,0,0,0
Muskegon,"Ravenna Township, Precinct 1",U.S. Senate,,DEM,Haley Stevens,108,28,80,0,0,0
Muskegon,"Ravenna Township, Precinct 1",U.S. Senate,,DEM,Ballots Cast,218,72,145,1,1,0
Muskegon,"Ravenna Township, Precinct 1",U.S. House,3,DEM,Hillary Scholten,203,66,136,1,1,0
Muskegon,"Ravenna Township, Precinct 1",U.S. House,3,DEM,Ballots Cast,203,66,136,1,1,0
Muskegon,"Ravenna Township, Precinct 1",State Senate,33,DEM,Stan Opal,189,63,125,1,1,0
Muskegon,"Ravenna Township, Precinct 1",State Senate,33,DEM,Ballots Cast,189,63,125,1,1,0
Muskegon,"Ravenna Township, Precinct 1",State House,89,DEM,Meegan Zickus,186,63,122,1,1,0
Muskegon,"Ravenna Township, Precinct 1",State House,89,DEM,Ballots Cast,186,63,122,1,1,0
Muskegon,"Ravenna Township, Precinct 1",Governor,,REP,Mike Cox,56,21,35,0,0,0
Muskegon,"Ravenna Township, Precinct 1",Governor,,REP,John James,223,106,117,0,0,0
Muskegon,"Ravenna Township, Precinct 1",Governor,,REP,Perry Johnson,212,96,116,0,0,0
Muskegon,"Ravenna Township, Precinct 1",Governor,,REP,Aric Nesbitt,9,3,6,0,0,0
Muskegon,"Ravenna Township, Precinct 1",Governor,,REP,Ballots Cast,500,226,274,0,0,0
Muskegon,"Ravenna Township, Precinct 1",U.S. Senate,,REP,Mike Rogers,456,212,244,0,0,0
Muskegon,"Ravenna Township, Precinct 1",U.S. Senate,,REP,Ballots Cast,456,212,244,0,0,0
Muskegon,"Ravenna Township, Precinct 1",U.S. House,3,REP,Ryan Cushman,87,39,48,0,0,0
Muskegon,"Ravenna Township, Precinct 1",U.S. House,3,REP,Terri DeBoer,405,184,221,0,0,0
Muskegon,"Ravenna Township, Precinct 1",U.S. House,3,REP,Ballots Cast,492,223,269,0,0,0
Muskegon,"Ravenna Township, Precinct 1",State Senate,33,REP,Katie DeBoer,76,30,46,0,0,0
Muskegon,"Ravenna Township, Precinct 1",State Senate,33,REP,Joseph D. Fox,83,41,42,0,0,0
Muskegon,"Ravenna Township, Precinct 1",State Senate,33,REP,Gina Johnsen,155,69,86,0,0,0
Muskegon,"Ravenna Township, Precinct 1",State Senate,33,REP,Thomas J. Norton,146,69,77,0,0,0
Muskegon,"Ravenna Township, Precinct 1",State Senate,33,REP,Ballots Cast,460,209,251,0,0,0
Muskegon,"Ravenna Township, Precinct 1",State House,89,REP,Patrick Kapenga,236,91,145,0,0,0
Muskegon,"Ravenna Township, Precinct 1",State House,89,REP,Joe Moss,234,131,103,0,0,0
Muskegon,"Ravenna Township, Precinct 1",State House,89,REP,Ballots Cast,470,222,248,0,0,0
Muskegon,"Ravenna Township, Precinct 1",Muskegon Community College District Operating Millage Restoration,,,Yes,235,88,146,1,1,0
Muskegon,"Ravenna Township, Precinct 1",Muskegon Community College District Operating Millage Restoration,,,No,468,198,270,0,0,0
Muskegon,"Ravenna Township, Precinct 1",Muskegon Community College District Operating Millage Restoration,,,Ballots Cast,703,286,416,1,1,0
Muskegon,"Ravenna Township, Precinct 1","Ravenna Township, Precinct 1 Delegate to County Convention",,DEM,Ballots Cast,0,0,0,0,0,0
Muskegon,"Ravenna Township, Precinct 1","Ravenna Township, Precinct 1 Delegate to County Convention",,REP,J. Brett Herman,410,197,213,0,0,0
Muskegon,"Ravenna Township, Precinct 1","Ravenna Township, Precinct 1 Delegate to County Convention",,REP,Ballots Cast,410,197,213,0,0,0
Muskegon,"Sullivan Township, Precinct 1",Governor,,DEM,Jocelyn Benson,229,68,158,3,3,0
Muskegon,"Sullivan Township, Precinct 1",Governor,,DEM,Christopher Robert Swanson,41,27,13,1,1,0
Muskegon,"Sullivan Township, Precinct 1",Governor,,DEM,Justin Blackburn,0,0,0,0,0,0
Muskegon,"Sullivan Township, Precinct 1",Governor,,DEM,Ballots Cast,270,95,171,4,4,0
Muskegon,"Sullivan Township, Precinct 1",U.S. Senate,,DEM,Abdul El-Sayed,116,59,53,4,4,0
Muskegon,"Sullivan Township, Precinct 1",U.S. Senate,,DEM,Mallory McMorrow,6,0,6,0,0,0
Muskegon,"Sullivan Township, Precinct 1",U.S. Senate,,DEM,Haley Stevens,146,38,108,0,0,0
Muskegon,"Sullivan Township, Precinct 1",U.S. Senate,,DEM,Ballots Cast,268,97,167,4,4,0
Muskegon,"Sullivan Township, Precinct 1",U.S. House,3,DEM,Hillary Scholten,246,90,152,4,4,0
Muskegon,"Sullivan Township, Precinct 1",U.S. House,3,DEM,Ballots Cast,246,90,152,4,4,0
Muskegon,"Sullivan Township, Precinct 1",State Senate,32,DEM,Rebecca Amidon,237,88,145,4,4,0
Muskegon,"Sullivan Township, Precinct 1",State Senate,32,DEM,Ballots Cast,237,88,145,4,4,0
Muskegon,"Sullivan Township, Precinct 1",State House,89,DEM,Meegan Zickus,231,85,142,4,4,0
Muskegon,"Sullivan Township, Precinct 1",State House,89,DEM,Ballots Cast,231,85,142,4,4,0
Muskegon,"Sullivan Township, Precinct 1",Governor,,REP,Mike Cox,35,9,25,1,1,0
Muskegon,"Sullivan Township, Precinct 1",Governor,,REP,John James,169,97,67,5,5,0
Muskegon,"Sullivan Township, Precinct 1",Governor,,REP,Perry Johnson,161,83,78,0,0,0
Muskegon,"Sullivan Township, Precinct 1",Governor,,REP,Aric Nesbitt,12,4,8,0,0,0
Muskegon,"Sullivan Township, Precinct 1",Governor,,REP,Ballots Cast,377,193,178,6,6,0
Muskegon,"Sullivan Township, Precinct 1",U.S. Senate,,REP,Mike Rogers,359,186,167,6,6,0
Muskegon,"Sullivan Township, Precinct 1",U.S. Senate,,REP,Ballots Cast,359,186,167,6,6,0
Muskegon,"Sullivan Township, Precinct 1",U.S. House,3,REP,Ryan Cushman,106,58,48,0,0,0
Muskegon,"Sullivan Township, Precinct 1",U.S. House,3,REP,Terri DeBoer,259,128,125,6,6,0
Muskegon,"Sullivan Township, Precinct 1",U.S. House,3,REP,Ballots Cast,365,186,173,6,6,0
Muskegon,"Sullivan Township, Precinct 1",State Senate,32,REP,Kim Cole,206,104,97,5,5,0
Muskegon,"Sullivan Township, Precinct 1",State Senate,32,REP,Max Riekse,157,82,74,1,1,0
Muskegon,"Sullivan Township, Precinct 1",State Senate,32,REP,Ballots Cast,363,186,171,6,6,0
Muskegon,"Sullivan Township, Precinct 1",State House,89,REP,Patrick Kapenga,161,74,84,3,3,0
Muskegon,"Sullivan Township, Precinct 1",State House,89,REP,Joe Moss,197,113,81,3,3,0
Muskegon,"Sullivan Township, Precinct 1",State House,89,REP,Ballots Cast,358,187,165,6,6,0
Muskegon,"Sullivan Township, Precinct 1",Muskegon Community College District Operating Millage Restoration,,,Yes,176,79,94,3,3,0
Muskegon,"Sullivan Township, Precinct 1",Muskegon Community College District Operating Millage Restoration,,,No,444,192,245,7,7,0
Muskegon,"Sullivan Township, Precinct 1",Muskegon Community College District Operating Millage Restoration,,,Ballots Cast,620,271,339,10,10,0
Muskegon,"Sullivan Township, Precinct 1","Sullivan Township, Precinct 1 Delegate to County Convention",,DEM,Ballots Cast,0,0,0,0,0,0
Muskegon,"Sullivan Township, Precinct 1","Sullivan Township, Precinct 1 Delegate to County Convention",,REP,Michelle Hazekamp,333,180,147,6,6,0
Muskegon,"Sullivan Township, Precinct 1","Sullivan Township, Precinct 1 Delegate to County Convention",,REP,Ballots Cast,333,180,147,6,6,0
Muskegon,"White River Township, Precinct 1",Governor,,DEM,Jocelyn Benson,238,234,0,4,4,0
Muskegon,"White River Township, Precinct 1",Governor,,DEM,Christopher Robert Swanson,31,29,0,2,2,0
Muskegon,"White River Township, Precinct 1",Governor,,DEM,Justin Blackburn,0,0,0,0,0,0
Muskegon,"White River Township, Precinct 1",Governor,,DEM,Ballots Cast,269,263,0,6,6,0
Muskegon,"White River Township, Precinct 1",U.S. Senate,,DEM,Abdul El-Sayed,134,129,0,5,5,0
Muskegon,"White River Township, Precinct 1",U.S. Senate,,DEM,Mallory McMorrow,17,17,0,0,0,0
Muskegon,"White River Township, Precinct 1",U.S. Senate,,DEM,Haley Stevens,124,123,0,1,1,0
Muskegon,"White River Township, Precinct 1",U.S. Senate,,DEM,Ballots Cast,275,269,0,6,6,0
Muskegon,"White River Township, Precinct 1",U.S. House,2,DEM,Ben Ambrose,141,139,0,2,2,0
Muskegon,"White River Township, Precinct 1",U.S. House,2,DEM,Jamie Hill,82,81,0,1,1,0
Muskegon,"White River Township, Precinct 1",U.S. House,2,DEM,Clyde Welford,23,23,0,0,0,0
Muskegon,"White River Township, Precinct 1",U.S. House,2,DEM,Ballots Cast,246,243,0,3,3,0
Muskegon,"White River Township, Precinct 1",State Senate,32,DEM,Rebecca Amidon,242,238,0,4,4,0
Muskegon,"White River Township, Precinct 1",State Senate,32,DEM,Ballots Cast,242,238,0,4,4,0
Muskegon,"White River Township, Precinct 1",State House,102,DEM,Angel Coon,239,235,0,4,4,0
Muskegon,"White River Township, Precinct 1",State House,102,DEM,Ballots Cast,239,235,0,4,4,0
Muskegon,"White River Township, Precinct 1",Governor,,REP,Mike Cox,33,33,0,0,0,0
Muskegon,"White River Township, Precinct 1",Governor,,REP,John James,116,116,0,0,0,0
Muskegon,"White River Township, Precinct 1",Governor,,REP,Perry Johnson,46,46,0,0,0,0
Muskegon,"White River Township, Precinct 1",Governor,,REP,Aric Nesbitt,3,3,0,0,0,0
Muskegon,"White River Township, Precinct 1",Governor,,REP,Ballots Cast,198,198,0,0,0,0
Muskegon,"White River Township, Precinct 1",U.S. Senate,,REP,Mike Rogers,193,193,0,0,0,0
Muskegon,"White River Township, Precinct 1",U.S. Senate,,REP,Ballots Cast,193,193,0,0,0,0
Muskegon,"White River Township, Precinct 1",U.S. House,2,REP,John Moolenaar,191,191,0,0,0,0
Muskegon,"White River Township, Precinct 1",U.S. House,2,REP,Ballots Cast,191,191,0,0,0,0
Muskegon,"White River Township, Precinct 1",State Senate,32,REP,Kim Cole,156,156,0,0,0,0
Muskegon,"White River Township, Precinct 1",State Senate,32,REP,Max Riekse,35,35,0,0,0,0
Muskegon,"White River Township, Precinct 1",State Senate,32,REP,Ballots Cast,191,191,0,0,0,0
Muskegon,"White River Township, Precinct 1",State House,102,REP,Curt VanderWall,185,185,0,0,0,0
Muskegon,"White River Township, Precinct 1",State House,102,REP,Ballots Cast,185,185,0,0,0,0
Muskegon,"White River Township, Precinct 1",Muskegon Community College District Operating Millage Restoration,,,Yes,232,228,0,4,4,0
Muskegon,"White River Township, Precinct 1",Muskegon Community College District Operating Millage Restoration,,,No,201,199,0,2,2,0
Muskegon,"White River Township, Precinct 1",Muskegon Community College District Operating Millage Restoration,,,Ballots Cast,433,427,0,6,6,0
Muskegon,"White River Township, Precinct 1","White River Township, Precinct 1 Delegate to County Convention",,DEM,Tracy Dobson,190,188,0,2,2,0
Muskegon,"White River Township, Precinct 1","White River Township, Precinct 1 Delegate to County Convention",,DEM,Troy Elliott,167,164,0,3,3,0
Muskegon,"White River Township, Precinct 1","White River Township, Precinct 1 Delegate to County Convention",,DEM,Kimberley A. Franke,171,169,0,2,2,0
Muskegon,"White River Township, Precinct 1","White River Township, Precinct 1 Delegate to County Convention",,DEM,Judy Hayes,172,170,0,2,2,0
Muskegon,"White River Township, Precinct 1","White River Township, Precinct 1 Delegate to County Convention",,DEM,Matt Hayes,158,157,0,1,1,0
Muskegon,"White River Township, Precinct 1","White River Township, Precinct 1 Delegate to County Convention",,DEM,Oscar Kent,177,175,0,2,2,0
Muskegon,"White River Township, Precinct 1","White River Township, Precinct 1 Delegate to County Convention",,DEM,James Q. Rose,184,182,0,2,2,0
Muskegon,"White River Township, Precinct 1","White River Township, Precinct 1 Delegate to County Convention",,DEM,Ballots Cast,1219,1205,0,14,14,0
Muskegon,"White River Township, Precinct 1","White River Township, Precinct 1 Delegate to County Convention",,REP,Holly Hughes,161,161,0,0,0,0
Muskegon,"White River Township, Precinct 1","White River Township, Precinct 1 Delegate to County Convention",,REP,Rick Hughes,152,152,0,0,0,0
Muskegon,"White River Township, Precinct 1","White River Township, Precinct 1 Delegate to County Convention",,REP,Ballots Cast,313,313,0,0,0,0
Muskegon,"Whitehall Township, Precinct 1",Governor,,DEM,Jocelyn Benson,227,220,0,7,7,0
Muskegon,"Whitehall Township, Precinct 1",Governor,,DEM,Christopher Robert Swanson,27,27,0,0,0,0
Muskegon,"Whitehall Township, Precinct 1",Governor,,DEM,Justin Blackburn,0,0,0,0,0,0
Muskegon,"Whitehall Township, Precinct 1",Governor,,DEM,Ballots Cast,254,247,0,7,7,0
Muskegon,"Whitehall Township, Precinct 1",U.S. Senate,,DEM,Abdul El-Sayed,100,96,0,4,4,0
Muskegon,"Whitehall Township, Precinct 1",U.S. Senate,,DEM,Mallory McMorrow,10,9,0,1,1,0
Muskegon,"Whitehall Township, Precinct 1",U.S. Senate,,DEM,Haley Stevens,145,143,0,2,2,0
Muskegon,"Whitehall Township, Precinct 1",U.S. Senate,,DEM,Ballots Cast,255,248,0,7,7,0
Muskegon,"Whitehall Township, Precinct 1",U.S. House,2,DEM,Ben Ambrose,88,86,0,2,2,0
Muskegon,"Whitehall Township, Precinct 1",U.S. House,2,DEM,Jamie Hill,101,98,0,3,3,0
Muskegon,"Whitehall Township, Precinct 1",U.S. House,2,DEM,Clyde Welford,26,25,0,1,1,0
Muskegon,"Whitehall Township, Precinct 1",U.S. House,2,DEM,Ballots Cast,215,209,0,6,6,0
Muskegon,"Whitehall Township, Precinct 1",State Senate,32,DEM,Rebecca Amidon,207,200,0,7,7,0
Muskegon,"Whitehall Township, Precinct 1",State Senate,32,DEM,Ballots Cast,207,200,0,7,7,0
Muskegon,"Whitehall Township, Precinct 1",State House,102,DEM,Angel Coon,204,197,0,7,7,0
Muskegon,"Whitehall Township, Precinct 1",State House,102,DEM,Ballots Cast,204,197,0,7,7,0
Muskegon,"Whitehall Township, Precinct 1",Whitehall Township Treasurer Partial Term Ending 11/20/2028,,DEM,Ballots Cast,0,0,0,0,0,0
Muskegon,"Whitehall Township, Precinct 1",Governor,,REP,Mike Cox,42,41,0,1,1,0
Muskegon,"Whitehall Township, Precinct 1",Governor,,REP,John James,108,107,0,1,1,0
Muskegon,"Whitehall Township, Precinct 1",Governor,,REP,Perry Johnson,66,66,0,0,0,0
Muskegon,"Whitehall Township, Precinct 1",Governor,,REP,Aric Nesbitt,4,4,0,0,0,0
Muskegon,"Whitehall Township, Precinct 1",Governor,,REP,Ballots Cast,220,218,0,2,2,0
Muskegon,"Whitehall Township, Precinct 1",U.S. Senate,,REP,Mike Rogers,209,207,0,2,2,0
Muskegon,"Whitehall Township, Precinct 1",U.S. Senate,,REP,Ballots Cast,209,207,0,2,2,0
Muskegon,"Whitehall Township, Precinct 1",U.S. House,2,REP,John Moolenaar,202,200,0,2,2,0
Muskegon,"Whitehall Township, Precinct 1",U.S. House,2,REP,Ballots Cast,202,200,0,2,2,0
Muskegon,"Whitehall Township, Precinct 1",State Senate,32,REP,Kim Cole,158,156,0,2,2,0
Muskegon,"Whitehall Township, Precinct 1",State Senate,32,REP,Max Riekse,54,54,0,0,0,0
Muskegon,"Whitehall Township, Precinct 1",State Senate,32,REP,Ballots Cast,212,210,0,2,2,0
Muskegon,"Whitehall Township, Precinct 1",State House,102,REP,Curt VanderWall,199,197,0,2,2,0
Muskegon,"Whitehall Township, Precinct 1",State House,102,REP,Ballots Cast,199,197,0,2,2,0
Muskegon,"Whitehall Township, Precinct 1",Whitehall Township Treasurer Partial Term Ending 11/20/2028,,REP,Rhonda L. Boyd,200,198,0,2,2,0
Muskegon,"Whitehall Township, Precinct 1",Whitehall Township Treasurer Partial Term Ending 11/20/2028,,REP,Ballots Cast,200,198,0,2,2,0
Muskegon,"Whitehall Township, Precinct 1",Whitehall Township Extra-Voted Millage for Township Operations,,,Yes,142,137,0,5,5,0
Muskegon,"Whitehall Township, Precinct 1",Whitehall Township Extra-Voted Millage for Township Operations,,,No,344,340,0,4,4,0
Muskegon,"Whitehall Township, Precinct 1",Whitehall Township Extra-Voted Millage for Township Operations,,,Ballots Cast,486,477,0,9,9,0
Muskegon,"Whitehall Township, Precinct 1",Whitehall Township Extra-Voted Millage to Maintain and/or Improve Public Roads,,,Yes,217,211,0,6,6,0
Muskegon,"Whitehall Township, Precinct 1",Whitehall Township Extra-Voted Millage to Maintain and/or Improve Public Roads,,,No,274,271,0,3,3,0
Muskegon,"Whitehall Township, Precinct 1",Whitehall Township Extra-Voted Millage to Maintain and/or Improve Public Roads,,,Ballots Cast,491,482,0,9,9,0
Muskegon,"Whitehall Township, Precinct 1",Muskegon Community College District Operating Millage Restoration,,,Yes,171,165,0,6,6,0
Muskegon,"Whitehall Township, Precinct 1",Muskegon Community College District Operating Millage Restoration,,,No,314,311,0,3,3,0
Muskegon,"Whitehall Township, Precinct 1",Muskegon Community College District Operating Millage Restoration,,,Ballots Cast,485,476,0,9,9,0
Muskegon,"Whitehall Township, Precinct 1","Whitehall Township, Precinct 1 Delegate to County Convention",,DEM,Ballots Cast,0,0,0,0,0,0
Muskegon,"Whitehall Township, Precinct 1","Whitehall Township, Precinct 1 Delegate to County Convention",,REP,James B. Bolger,198,196,0,2,2,0
Muskegon,"Whitehall Township, Precinct 1","Whitehall Township, Precinct 1 Delegate to County Convention",,REP,Ballots Cast,198,196,0,2,2,0
Muskegon,"City of Montague, Precinct 1",Governor,,DEM,Jocelyn Benson,359,128,226,5,5,0
Muskegon,"City of Montague, Precinct 1",Governor,,DEM,Christopher Robert Swanson,47,28,18,1,1,0
Muskegon,"City of Montague, Precinct 1",Governor,,DEM,Justin Blackburn,0,0,0,0,0,0
Muskegon,"City of Montague, Precinct 1",Governor,,DEM,Ballots Cast,406,156,244,6,6,0
Muskegon,"City of Montague, Precinct 1",U.S. Senate,,DEM,Abdul El-Sayed,204,104,94,6,6,0
Muskegon,"City of Montague, Precinct 1",U.S. Senate,,DEM,Mallory McMorrow,11,3,8,0,0,0
Muskegon,"City of Montague, Precinct 1",U.S. Senate,,DEM,Haley Stevens,192,50,142,0,0,0
Muskegon,"City of Montague, Precinct 1",U.S. Senate,,DEM,Ballots Cast,407,157,244,6,6,0
Muskegon,"City of Montague, Precinct 1",U.S. House,2,DEM,Ben Ambrose,154,56,97,1,1,0
Muskegon,"City of Montague, Precinct 1",U.S. House,2,DEM,Jamie Hill,147,66,79,2,2,0
Muskegon,"City of Montague, Precinct 1",U.S. House,2,DEM,Clyde Welford,56,16,38,2,2,0
Muskegon,"City of Montague, Precinct 1",U.S. House,2,DEM,Ballots Cast,357,138,214,5,5,0
Muskegon,"City of Montague, Precinct 1",State Senate,32,DEM,Rebecca Amidon,347,133,210,4,4,0
Muskegon,"City of Montague, Precinct 1",State Senate,32,DEM,Ballots Cast,347,133,210,4,4,0
Muskegon,"City of Montague, Precinct 1",State House,102,DEM,Angel Coon,343,130,209,4,4,0
Muskegon,"City of Montague, Precinct 1",State House,102,DEM,Ballots Cast,343,130,209,4,4,0
Muskegon,"City of Montague, Precinct 1",Governor,,REP,Mike Cox,39,16,23,0,0,0
Muskegon,"City of Montague, Precinct 1",Governor,,REP,John James,175,112,62,1,1,0
Muskegon,"City of Montague, Precinct 1",Governor,,REP,Perry Johnson,83,41,42,0,0,0
Muskegon,"City of Montague, Precinct 1",Governor,,REP,Aric Nesbitt,4,0,4,0,0,0
Muskegon,"City of Montague, Precinct 1",Governor,,REP,Ballots Cast,301,169,131,1,1,0
Muskegon,"City of Montague, Precinct 1",U.S. Senate,,REP,Mike Rogers,284,156,127,1,1,0
Muskegon,"City of Montague, Precinct 1",U.S. Senate,,REP,Ballots Cast,284,156,127,1,1,0
Muskegon,"City of Montague, Precinct 1",U.S. House,2,REP,John Moolenaar,280,156,123,1,1,0
Muskegon,"City of Montague, Precinct 1",U.S. House,2,REP,Ballots Cast,280,156,123,1,1,0
Muskegon,"City of Montague, Precinct 1",State Senate,32,REP,Kim Cole,233,126,106,1,1,0
Muskegon,"City of Montague, Precinct 1",State Senate,32,REP,Max Riekse,59,39,20,0,0,0
Muskegon,"City of Montague, Precinct 1",State Senate,32,REP,Ballots Cast,292,165,126,1,1,0
Muskegon,"City of Montague, Precinct 1",State House,102,REP,Curt VanderWall,281,156,124,1,1,0
Muskegon,"City of Montague, Precinct 1",State House,102,REP,Ballots Cast,281,156,124,1,1,0
Muskegon,"City of Montague, Precinct 1",Muskegon Community College District Operating Millage Restoration,,,Yes,306,131,171,4,4,0
Muskegon,"City of Montague, Precinct 1",Muskegon Community College District Operating Millage Restoration,,,No,352,167,183,2,2,0
Muskegon,"City of Montague, Precinct 1",Muskegon Community College District Operating Millage Restoration,,,Ballots Cast,658,298,354,6,6,0
Muskegon,"City of Montague, Precinct 1","City of Montague, Precinct 1 Delegate to County Convention",,DEM,Cindy L. Degen,269,98,167,4,4,0
Muskegon,"City of Montague, Precinct 1","City of Montague, Precinct 1 Delegate to County Convention",,DEM,Bruce E. Froelich,228,79,146,3,3,0
Muskegon,"City of Montague, Precinct 1","City of Montague, Precinct 1 Delegate to County Convention",,DEM,Margaret E. Haynes,213,69,140,4,4,0
Muskegon,"City of Montague, Precinct 1","City of Montague, Precinct 1 Delegate to County Convention",,DEM,Kenneth Mahoney,261,89,169,3,3,0
Muskegon,"City of Montague, Precinct 1","City of Montague, Precinct 1 Delegate to County Convention",,DEM,Kathy G. Pelleran-Mahoney,227,71,152,4,4,0
Muskegon,"City of Montague, Precinct 1","City of Montague, Precinct 1 Delegate to County Convention",,DEM,Susan M. VanSlyke,226,85,137,4,4,0
Muskegon,"City of Montague, Precinct 1","City of Montague, Precinct 1 Delegate to County Convention",,DEM,Ballots Cast,1424,491,911,22,22,0
Muskegon,"City of Montague, Precinct 1","City of Montague, Precinct 1 Delegate to County Convention",,REP,Neal Alan Barncard,186,106,79,1,1,0
Muskegon,"City of Montague, Precinct 1","City of Montague, Precinct 1 Delegate to County Convention",,REP,Isaac Falk,156,83,72,1,1,0
Muskegon,"City of Montague, Precinct 1","City of Montague, Precinct 1 Delegate to County Convention",,REP,Elizabeth T. LeVasseur,197,104,92,1,1,0
Muskegon,"City of Montague, Precinct 1","City of Montague, Precinct 1 Delegate to County Convention",,REP,Ballots Cast,539,293,243,3,3,0
Muskegon,"City of Muskegon, Precinct 1",Governor,,DEM,Jocelyn Benson,505,187,288,30,17,13
Muskegon,"City of Muskegon, Precinct 1",Governor,,DEM,Christopher Robert Swanson,61,25,33,3,0,3
Muskegon,"City of Muskegon, Precinct 1",Governor,,DEM,Justin Blackburn,0,0,0,0,0,0
Muskegon,"City of Muskegon, Precinct 1",Governor,,DEM,Ballots Cast,566,212,321,33,17,16
Muskegon,"City of Muskegon, Precinct 1",U.S. Senate,,DEM,Abdul El-Sayed,205,109,82,14,8,6
Muskegon,"City of Muskegon, Precinct 1",U.S. Senate,,DEM,Mallory McMorrow,25,11,14,0,0,0
Muskegon,"City of Muskegon, Precinct 1",U.S. Senate,,DEM,Haley Stevens,343,97,226,20,9,11
Muskegon,"City of Muskegon, Precinct 1",U.S. Senate,,DEM,Ballots Cast,573,217,322,34,17,17
Muskegon,"City of Muskegon, Precinct 1",U.S. House,3,DEM,Hillary Scholten,550,202,318,30,15,15
Muskegon,"City of Muskegon, Precinct 1",U.S. House,3,DEM,Ballots Cast,550,202,318,30,15,15
Muskegon,"City of Muskegon, Precinct 1",State Senate,32,DEM,Rebecca Amidon,529,202,298,29,15,14
Muskegon,"City of Muskegon, Precinct 1",State Senate,32,DEM,Ballots Cast,529,202,298,29,15,14
Muskegon,"City of Muskegon, Precinct 1",State House,87,DEM,Will Snyder,529,199,303,27,15,12
Muskegon,"City of Muskegon, Precinct 1",State House,87,DEM,Ballots Cast,529,199,303,27,15,12
Muskegon,"City of Muskegon, Precinct 1",Governor,,REP,Mike Cox,24,13,11,0,0,0
Muskegon,"City of Muskegon, Precinct 1",Governor,,REP,John James,60,40,19,1,1,0
Muskegon,"City of Muskegon, Precinct 1",Governor,,REP,Perry Johnson,28,15,13,0,0,0
Muskegon,"City of Muskegon, Precinct 1",Governor,,REP,Aric Nesbitt,3,1,2,0,0,0
Muskegon,"City of Muskegon, Precinct 1",Governor,,REP,Ballots Cast,115,69,45,1,1,0
Muskegon,"City of Muskegon, Precinct 1",U.S. Senate,,REP,Mike Rogers,113,68,44,1,1,0
Muskegon,"City of Muskegon, Precinct 1",U.S. Senate,,REP,Ballots Cast,113,68,44,1,1,0
Muskegon,"City of Muskegon, Precinct 1",U.S. House,3,REP,Ryan Cushman,40,26,14,0,0,0
Muskegon,"City of Muskegon, Precinct 1",U.S. House,3,REP,Terri DeBoer,70,39,30,1,1,0
Muskegon,"City of Muskegon, Precinct 1",U.S. House,3,REP,Ballots Cast,110,65,44,1,1,0
Muskegon,"City of Muskegon, Precinct 1",State Senate,32,REP,Kim Cole,65,39,25,1,1,0
Muskegon,"City of Muskegon, Precinct 1",State Senate,32,REP,Max Riekse,44,25,19,0,0,0
Muskegon,"City of Muskegon, Precinct 1",State Senate,32,REP,Ballots Cast,109,64,44,1,1,0
Muskegon,"City of Muskegon, Precinct 1",State House,87,REP,Cody A. Chipman,103,62,40,1,1,0
Muskegon,"City of Muskegon, Precinct 1",State House,87,REP,Ballots Cast,103,62,40,1,1,0
Muskegon,"City of Muskegon, Precinct 1",Muskegon Community College District Operating Millage Restoration,,,Yes,393,154,218,21,11,10
Muskegon,"City of Muskegon, Precinct 1",Muskegon Community College District Operating Millage Restoration,,,No,258,114,136,8,3,5
Muskegon,"City of Muskegon, Precinct 1",Muskegon Community College District Operating Millage Restoration,,,Ballots Cast,651,268,354,29,14,15
Muskegon,"City of Muskegon, Precinct 1","City of Muskegon, Precinct 1 Delegate to County Convention",,DEM,Gloria M. Nash-Blackmon,496,186,281,29,15,14
Muskegon,"City of Muskegon, Precinct 1","City of Muskegon, Precinct 1 Delegate to County Convention",,DEM,Ballots Cast,496,186,281,29,15,14
Muskegon,"City of Muskegon, Precinct 1","City of Muskegon, Precinct 1 Delegate to County Convention",,REP,Ballots Cast,0,0,0,0,0,0
Muskegon,"City of Muskegon, Precinct 2",Governor,,DEM,Jocelyn Benson,459,165,269,25,7,18
Muskegon,"City of Muskegon, Precinct 2",Governor,,DEM,Christopher Robert Swanson,64,31,31,2,1,1
Muskegon,"City of Muskegon, Precinct 2",Governor,,DEM,Justin Blackburn,0,0,0,0,0,0
Muskegon,"City of Muskegon, Precinct 2",Governor,,DEM,Ballots Cast,523,196,300,27,8,19
Muskegon,"City of Muskegon, Precinct 2",U.S. Senate,,DEM,Abdul El-Sayed,189,93,86,10,3,7
Muskegon,"City of Muskegon, Precinct 2",U.S. Senate,,DEM,Mallory McMorrow,11,1,10,0,0,0
Muskegon,"City of Muskegon, Precinct 2",U.S. Senate,,DEM,Haley Stevens,333,111,205,17,5,12
Muskegon,"City of Muskegon, Precinct 2",U.S. Senate,,DEM,Ballots Cast,533,205,301,27,8,19
Muskegon,"City of Muskegon, Precinct 2",U.S. House,3,DEM,Hillary Scholten,505,190,290,25,7,18
Muskegon,"City of Muskegon, Precinct 2",U.S. House,3,DEM,Ballots Cast,505,190,290,25,7,18
Muskegon,"City of Muskegon, Precinct 2",State Senate,32,DEM,Rebecca Amidon,492,188,282,22,7,15
Muskegon,"City of Muskegon, Precinct 2",State Senate,32,DEM,Ballots Cast,492,188,282,22,7,15
Muskegon,"City of Muskegon, Precinct 2",State House,87,DEM,Will Snyder,490,182,284,24,7,17
Muskegon,"City of Muskegon, Precinct 2",State House,87,DEM,Ballots Cast,490,182,284,24,7,17
Muskegon,"City of Muskegon, Precinct 2",Governor,,REP,Mike Cox,12,3,9,0,0,0
Muskegon,"City of Muskegon, Precinct 2",Governor,,REP,John James,39,26,12,1,0,1
Muskegon,"City of Muskegon, Precinct 2",Governor,,REP,Perry Johnson,46,13,31,2,0,2
Muskegon,"City of Muskegon, Precinct 2",Governor,,REP,Aric Nesbitt,4,2,2,0,0,0
Muskegon,"City of Muskegon, Precinct 2",Governor,,REP,Ballots Cast,101,44,54,3,0,3
Muskegon,"City of Muskegon, Precinct 2",U.S. Senate,,REP,Mike Rogers,98,43,52,3,0,3
Muskegon,"City of Muskegon, Precinct 2",U.S. Senate,,REP,Ballots Cast,98,43,52,3,0,3
Muskegon,"City of Muskegon, Precinct 2",U.S. House,3,REP,Ryan Cushman,27,17,10,0,0,0
Muskegon,"City of Muskegon, Precinct 2",U.S. House,3,REP,Terri DeBoer,75,27,45,3,0,3
Muskegon,"City of Muskegon, Precinct 2",U.S. House,3,REP,Ballots Cast,102,44,55,3,0,3
Muskegon,"City of Muskegon, Precinct 2",State Senate,32,REP,Kim Cole,59,23,35,1,0,1
Muskegon,"City of Muskegon, Precinct 2",State Senate,32,REP,Max Riekse,43,21,20,2,0,2
Muskegon,"City of Muskegon, Precinct 2",State Senate,32,REP,Ballots Cast,102,44,55,3,0,3
Muskegon,"City of Muskegon, Precinct 2",State House,87,REP,Cody A. Chipman,90,39,48,3,0,3
Muskegon,"City of Muskegon, Precinct 2",State House,87,REP,Ballots Cast,90,39,48,3,0,3
Muskegon,"City of Muskegon, Precinct 2",Muskegon Community College District Operating Millage Restoration,,,Yes,342,136,187,19,6,13
Muskegon,"City of Muskegon, Precinct 2",Muskegon Community College District Operating Millage Restoration,,,No,260,92,159,9,2,7
Muskegon,"City of Muskegon, Precinct 2",Muskegon Community College District Operating Millage Restoration,,,Ballots Cast,602,228,346,28,8,20
Muskegon,"City of Muskegon, Precinct 2","City of Muskegon, Precinct 2 Delegate to County Convention",,DEM,Jay Kilgo,298,104,176,18,5,13
Muskegon,"City of Muskegon, Precinct 2","City of Muskegon, Precinct 2 Delegate to County Convention",,DEM,Beverly Ann Wells,342,130,194,18,5,13
Muskegon,"City of Muskegon, Precinct 2","City of Muskegon, Precinct 2 Delegate to County Convention",,DEM,Ballots Cast,640,234,370,36,10,26
Muskegon,"City of Muskegon, Precinct 2","City of Muskegon, Precinct 2 Delegate to County Convention",,REP,Ballots Cast,0,0,0,0,0,0
Muskegon,"City of Muskegon, Precinct 3",Governor,,DEM,Jocelyn Benson,280,117,151,12,0,12
Muskegon,"City of Muskegon, Precinct 3",Governor,,DEM,Christopher Robert Swanson,32,19,13,0,0,0
Muskegon,"City of Muskegon, Precinct 3",Governor,,DEM,Justin Blackburn,0,0,0,0,0,0
Muskegon,"City of Muskegon, Precinct 3",Governor,,DEM,Ballots Cast,312,136,164,12,0,12
Muskegon,"City of Muskegon, Precinct 3",U.S. Senate,,DEM,Abdul El-Sayed,118,53,58,7,0,7
Muskegon,"City of Muskegon, Precinct 3",U.S. Senate,,DEM,Mallory McMorrow,6,1,5,0,0,0
Muskegon,"City of Muskegon, Precinct 3",U.S. Senate,,DEM,Haley Stevens,189,84,100,5,0,5
Muskegon,"City of Muskegon, Precinct 3",U.S. Senate,,DEM,Ballots Cast,313,138,163,12,0,12
Muskegon,"City of Muskegon, Precinct 3",U.S. House,3,DEM,Hillary Scholten,296,133,154,9,0,9
Muskegon,"City of Muskegon, Precinct 3",U.S. House,3,DEM,Ballots Cast,296,133,154,9,0,9
Muskegon,"City of Muskegon, Precinct 3",State Senate,32,DEM,Rebecca Amidon,288,127,151,10,0,10
Muskegon,"City of Muskegon, Precinct 3",State Senate,32,DEM,Ballots Cast,288,127,151,10,0,10
Muskegon,"City of Muskegon, Precinct 3",State House,87,DEM,Will Snyder,291,128,154,9,0,9
Muskegon,"City of Muskegon, Precinct 3",State House,87,DEM,Ballots Cast,291,128,154,9,0,9
Muskegon,"City of Muskegon, Precinct 3",Governor,,REP,Mike Cox,11,2,9,0,0,0
Muskegon,"City of Muskegon, Precinct 3",Governor,,REP,John James,21,11,8,2,0,2
Muskegon,"City of Muskegon, Precinct 3",Governor,,REP,Perry Johnson,14,4,10,0,0,0
Muskegon,"City of Muskegon, Precinct 3",Governor,,REP,Aric Nesbitt,1,0,1,0,0,0
Muskegon,"City of Muskegon, Precinct 3",Governor,,REP,Ballots Cast,47,17,28,2,0,2
Muskegon,"City of Muskegon, Precinct 3",U.S. Senate,,REP,Mike Rogers,41,14,25,2,0,2
Muskegon,"City of Muskegon, Precinct 3",U.S. Senate,,REP,Ballots Cast,41,14,25,2,0,2
Muskegon,"City of Muskegon, Precinct 3",U.S. House,3,REP,Ryan Cushman,16,7,8,1,0,1
Muskegon,"City of Muskegon, Precinct 3",U.S. House,3,REP,Terri DeBoer,27,9,17,1,0,1
Muskegon,"City of Muskegon, Precinct 3",U.S. House,3,REP,Ballots Cast,43,16,25,2,0,2
Muskegon,"City of Muskegon, Precinct 3",State Senate,32,REP,Kim Cole,26,11,14,1,0,1
Muskegon,"City of Muskegon, Precinct 3",State Senate,32,REP,Max Riekse,17,4,12,1,0,1
Muskegon,"City of Muskegon, Precinct 3",State Senate,32,REP,Ballots Cast,43,15,26,2,0,2
Muskegon,"City of Muskegon, Precinct 3",State House,87,REP,Cody A. Chipman,41,15,24,2,0,2
Muskegon,"City of Muskegon, Precinct 3",State House,87,REP,Ballots Cast,41,15,24,2,0,2
Muskegon,"City of Muskegon, Precinct 3",Reeths-Puffer Schools Operating Millage Proposal,,,Yes,0,0,0,0,0,0
Muskegon,"City of Muskegon, Precinct 3",Reeths-Puffer Schools Operating Millage Proposal,,,No,1,0,1,0,0,0
Muskegon,"City of Muskegon, Precinct 3",Reeths-Puffer Schools Operating Millage Proposal,,,Ballots Cast,1,0,1,0,0,0
Muskegon,"City of Muskegon, Precinct 3",Muskegon Community College District Operating Millage Restoration,,,Yes,216,85,123,8,0,8
Muskegon,"City of Muskegon, Precinct 3",Muskegon Community College District Operating Millage Restoration,,,No,123,47,70,6,0,6
Muskegon,"City of Muskegon, Precinct 3",Muskegon Community College District Operating Millage Restoration,,,Ballots Cast,339,132,193,14,0,14
Muskegon,"City of Muskegon, Precinct 3","City of Muskegon, Precinct 3 Delegate to County Convention",,DEM,Marge R. Kelley,279,133,136,10,0,10
Muskegon,"City of Muskegon, Precinct 3","City of Muskegon, Precinct 3 Delegate to County Convention",,DEM,Annie King,5,4,1,0,0,0
Muskegon,"City of Muskegon, Precinct 3","City of Muskegon, Precinct 3 Delegate to County Convention",,DEM,Ballots Cast,284,137,137,10,0,10
Muskegon,"City of Muskegon, Precinct 3","City of Muskegon, Precinct 3 Delegate to County Convention",,REP,Cody A. Chipman,29,11,16,2,0,2
Muskegon,"City of Muskegon, Precinct 3","City of Muskegon, Precinct 3 Delegate to County Convention",,REP,Gail Eichorst,24,7,16,1,0,1
Muskegon,"City of Muskegon, Precinct 3","City of Muskegon, Precinct 3 Delegate to County Convention",,REP,Sandy J. Glore,23,6,16,1,0,1
Muskegon,"City of Muskegon, Precinct 3","City of Muskegon, Precinct 3 Delegate to County Convention",,REP,Ballots Cast,76,24,48,4,0,4
Muskegon,"City of Muskegon, Precinct 4",Governor,,DEM,Jocelyn Benson,704,292,374,38,1,37
Muskegon,"City of Muskegon, Precinct 4",Governor,,DEM,Christopher Robert Swanson,103,55,43,5,0,5
Muskegon,"City of Muskegon, Precinct 4",Governor,,DEM,Justin Blackburn,0,0,0,0,0,0
Muskegon,"City of Muskegon, Precinct 4",Governor,,DEM,Ballots Cast,807,347,417,43,1,42
Muskegon,"City of Muskegon, Precinct 4",U.S. Senate,,DEM,Abdul El-Sayed,446,241,170,35,1,34
Muskegon,"City of Muskegon, Precinct 4",U.S. Senate,,DEM,Mallory McMorrow,28,9,19,0,0,0
Muskegon,"City of Muskegon, Precinct 4",U.S. Senate,,DEM,Haley Stevens,354,110,233,11,0,11
Muskegon,"City of Muskegon, Precinct 4",U.S. Senate,,DEM,Ballots Cast,828,360,422,46,1,45
Muskegon,"City of Muskegon, Precinct 4",U.S. House,3,DEM,Hillary Scholten,761,326,396,39,1,38
Muskegon,"City of Muskegon, Precinct 4",U.S. House,3,DEM,Ballots Cast,761,326,396,39,1,38
Muskegon,"City of Muskegon, Precinct 4",State Senate,32,DEM,Rebecca Amidon,745,314,390,41,1,40
Muskegon,"City of Muskegon, Precinct 4",State Senate,32,DEM,Ballots Cast,745,314,390,41,1,40
Muskegon,"City of Muskegon, Precinct 4",State House,87,DEM,Will Snyder,750,320,391,39,1,38
Muskegon,"City of Muskegon, Precinct 4",State House,87,DEM,Ballots Cast,750,320,391,39,1,38
Muskegon,"City of Muskegon, Precinct 4",Muskegon County Commissioner 7th District,,DEM,Kim Sims,226,122,93,11,1,10
Muskegon,"City of Muskegon, Precinct 4",Muskegon County Commissioner 7th District,,DEM,Ballots Cast,226,122,93,11,1,10
Muskegon,"City of Muskegon, Precinct 4",Governor,,REP,Mike Cox,24,10,14,0,0,0
Muskegon,"City of Muskegon, Precinct 4",Governor,,REP,John James,82,41,38,3,0,3
Muskegon,"City of Muskegon, Precinct 4",Governor,,REP,Perry Johnson,29,11,15,3,0,3
Muskegon,"City of Muskegon, Precinct 4",Governor,,REP,Aric Nesbitt,2,0,2,0,0,0
Muskegon,"City of Muskegon, Precinct 4",Governor,,REP,Ballots Cast,137,62,69,6,0,6
Muskegon,"City of Muskegon, Precinct 4",U.S. Senate,,REP,Mike Rogers,132,59,67,6,0,6
Muskegon,"City of Muskegon, Precinct 4",U.S. Senate,,REP,Ballots Cast,132,59,67,6,0,6
Muskegon,"City of Muskegon, Precinct 4",U.S. House,3,REP,Ryan Cushman,36,15,20,1,0,1
Muskegon,"City of Muskegon, Precinct 4",U.S. House,3,REP,Terri DeBoer,101,48,48,5,0,5
Muskegon,"City of Muskegon, Precinct 4",U.S. House,3,REP,Ballots Cast,137,63,68,6,0,6
Muskegon,"City of Muskegon, Precinct 4",State Senate,32,REP,Kim Cole,85,38,42,5,0,5
Muskegon,"City of Muskegon, Precinct 4",State Senate,32,REP,Max Riekse,47,23,24,0,0,0
Muskegon,"City of Muskegon, Precinct 4",State Senate,32,REP,Ballots Cast,132,61,66,5,0,5
Muskegon,"City of Muskegon, Precinct 4",State House,87,REP,Cody A. Chipman,123,52,65,6,0,6
Muskegon,"City of Muskegon, Precinct 4",State House,87,REP,Ballots Cast,123,52,65,6,0,6
Muskegon,"City of Muskegon, Precinct 4",Muskegon County Commissioner 7th District,,REP,Ballots Cast,0,0,0,0,0,0
Muskegon,"City of Muskegon, Precinct 4",Muskegon Community College District Operating Millage Restoration,,,Yes,628,260,326,42,0,42
Muskegon,"City of Muskegon, Precinct 4",Muskegon Community College District Operating Millage Restoration,,,No,257,96,152,9,0,9
Muskegon,"City of Muskegon, Precinct 4",Muskegon Community College District Operating Millage Restoration,,,Ballots Cast,885,356,478,51,0,51
Muskegon,"City of Muskegon, Precinct 4","City of Muskegon, Precinct 4 Delegate to County Convention",,DEM,Mary E. Hendon,481,201,251,29,0,29
Muskegon,"City of Muskegon, Precinct 4","City of Muskegon, Precinct 4 Delegate to County Convention",,DEM,John Patten,392,137,233,22,1,21
Muskegon,"City of Muskegon, Precinct 4","City of Muskegon, Precinct 4 Delegate to County Convention",,DEM,Donna Secor Pennington,421,152,243,26,0,26
Muskegon,"City of Muskegon, Precinct 4","City of Muskegon, Precinct 4 Delegate to County Convention",,DEM,Pamela R. Redd,465,176,265,24,0,24
Muskegon,"City of Muskegon, Precinct 4","City of Muskegon, Precinct 4 Delegate to County Convention",,DEM,Ballots Cast,1759,666,992,101,1,100
Muskegon,"City of Muskegon, Precinct 4","City of Muskegon, Precinct 4 Delegate to County Convention",,REP,Ballots Cast,0,0,0,0,0,0
Muskegon,"City of Muskegon, Precinct 5",Governor,,DEM,Jocelyn Benson,169,67,96,6,0,6
Muskegon,"City of Muskegon, Precinct 5",Governor,,DEM,Christopher Robert Swanson,17,4,10,3,2,1
Muskegon,"City of Muskegon, Precinct 5",Governor,,DEM,Justin Blackburn,0,0,0,0,0,0
Muskegon,"City of Muskegon, Precinct 5",Governor,,DEM,Ballots Cast,186,71,106,9,2,7
Muskegon,"City of Muskegon, Precinct 5",U.S. Senate,,DEM,Abdul El-Sayed,62,25,32,5,2,3
Muskegon,"City of Muskegon, Precinct 5",U.S. Senate,,DEM,Mallory McMorrow,12,2,9,1,0,1
Muskegon,"City of Muskegon, Precinct 5",U.S. Senate,,DEM,Haley Stevens,117,47,67,3,0,3
Muskegon,"City of Muskegon, Precinct 5",U.S. Senate,,DEM,Ballots Cast,191,74,108,9,2,7
Muskegon,"City of Muskegon, Precinct 5",U.S. House,3,DEM,Hillary Scholten,180,68,103,9,2,7
Muskegon,"City of Muskegon, Precinct 5",U.S. House,3,DEM,Ballots Cast,180,68,103,9,2,7
Muskegon,"City of Muskegon, Precinct 5",State Senate,32,DEM,Rebecca Amidon,171,61,101,9,2,7
Muskegon,"City of Muskegon, Precinct 5",State Senate,32,DEM,Ballots Cast,171,61,101,9,2,7
Muskegon,"City of Muskegon, Precinct 5",State House,87,DEM,Will Snyder,173,62,102,9,2,7
Muskegon,"City of Muskegon, Precinct 5",State House,87,DEM,Ballots Cast,173,62,102,9,2,7
Muskegon,"City of Muskegon, Precinct 5",Muskegon County Commissioner 7th District,,DEM,Kim Sims,176,66,101,9,2,7
Muskegon,"City of Muskegon, Precinct 5",Muskegon County Commissioner 7th District,,DEM,Ballots Cast,176,66,101,9,2,7
Muskegon,"City of Muskegon, Precinct 5",Governor,,REP,Mike Cox,5,2,3,0,0,0
Muskegon,"City of Muskegon, Precinct 5",Governor,,REP,John James,21,15,6,0,0,0
Muskegon,"City of Muskegon, Precinct 5",Governor,,REP,Perry Johnson,12,5,6,1,1,0
Muskegon,"City of Muskegon, Precinct 5",Governor,,REP,Aric Nesbitt,1,0,1,0,0,0
Muskegon,"City of Muskegon, Precinct 5",Governor,,REP,Ballots Cast,39,22,16,1,1,0
Muskegon,"City of Muskegon, Precinct 5",U.S. Senate,,REP,Mike Rogers,41,23,17,1,1,0
Muskegon,"City of Muskegon, Precinct 5",U.S. Senate,,REP,Ballots Cast,41,23,17,1,1,0
Muskegon,"City of Muskegon, Precinct 5",U.S. House,3,REP,Ryan Cushman,13,9,4,0,0,0
Muskegon,"City of Muskegon, Precinct 5",U.S. House,3,REP,Terri DeBoer,28,14,13,1,1,0
Muskegon,"City of Muskegon, Precinct 5",U.S. House,3,REP,Ballots Cast,41,23,17,1,1,0
Muskegon,"City of Muskegon, Precinct 5",State Senate,32,REP,Kim Cole,22,10,11,1,1,0
Muskegon,"City of Muskegon, Precinct 5",State Senate,32,REP,Max Riekse,17,11,6,0,0,0
Muskegon,"City of Muskegon, Precinct 5",State Senate,32,REP,Ballots Cast,39,21,17,1,1,0
Muskegon,"City of Muskegon, Precinct 5",State House,87,REP,Cody A. Chipman,38,22,16,0,0,0
Muskegon,"City of Muskegon, Precinct 5",State House,87,REP,Ballots Cast,38,22,16,0,0,0
Muskegon,"City of Muskegon, Precinct 5",Muskegon County Commissioner 7th District,,REP,Ballots Cast,0,0,0,0,0,0
Muskegon,"City of Muskegon, Precinct 5",Muskegon Community College District Operating Millage Restoration,,,Yes,104,49,51,4,0,4
Muskegon,"City of Muskegon, Precinct 5",Muskegon Community College District Operating Millage Restoration,,,No,106,40,62,4,3,1
Muskegon,"City of Muskegon, Precinct 5",Muskegon Community College District Operating Millage Restoration,,,Ballots Cast,210,89,113,8,3,5
Muskegon,"City of Muskegon, Precinct 5","City of Muskegon, Precinct 5 Delegate to County Convention",,DEM,Ballots Cast,0,0,0,0,0,0
Muskegon,"City of Muskegon, Precinct 5","City of Muskegon, Precinct 5 Delegate to County Convention",,REP,Ballots Cast,0,0,0,0,0,0
Muskegon,"City of Muskegon, Precinct 6",Governor,,DEM,Jocelyn Benson,276,114,155,7,0,7
Muskegon,"City of Muskegon, Precinct 6",Governor,,DEM,Christopher Robert Swanson,44,24,19,1,0,1
Muskegon,"City of Muskegon, Precinct 6",Governor,,DEM,Justin Blackburn,0,0,0,0,0,0
Muskegon,"City of Muskegon, Precinct 6",Governor,,DEM,Ballots Cast,320,138,174,8,0,8
Muskegon,"City of Muskegon, Precinct 6",U.S. Senate,,DEM,Abdul El-Sayed,146,87,55,4,0,4
Muskegon,"City of Muskegon, Precinct 6",U.S. Senate,,DEM,Mallory McMorrow,3,2,1,0,0,0
Muskegon,"City of Muskegon, Precinct 6",U.S. Senate,,DEM,Haley Stevens,178,51,123,4,0,4
Muskegon,"City of Muskegon, Precinct 6",U.S. Senate,,DEM,Ballots Cast,327,140,179,8,0,8
Muskegon,"City of Muskegon, Precinct 6",U.S. House,3,DEM,Hillary Scholten,301,119,175,7,0,7
Muskegon,"City of Muskegon, Precinct 6",U.S. House,3,DEM,Ballots Cast,301,119,175,7,0,7
Muskegon,"City of Muskegon, Precinct 6",State Senate,32,DEM,Rebecca Amidon,294,119,168,7,0,7
Muskegon,"City of Muskegon, Precinct 6",State Senate,32,DEM,Ballots Cast,294,119,168,7,0,7
Muskegon,"City of Muskegon, Precinct 6",State House,87,DEM,Will Snyder,291,112,173,6,0,6
Muskegon,"City of Muskegon, Precinct 6",State House,87,DEM,Ballots Cast,291,112,173,6,0,6
Muskegon,"City of Muskegon, Precinct 6",Muskegon County Commissioner 7th District,,DEM,Kim Sims,297,119,170,8,0,8
Muskegon,"City of Muskegon, Precinct 6",Muskegon County Commissioner 7th District,,DEM,Ballots Cast,297,119,170,8,0,8
Muskegon,"City of Muskegon, Precinct 6",Governor,,REP,Mike Cox,13,10,2,1,0,1
Muskegon,"City of Muskegon, Precinct 6",Governor,,REP,John James,24,13,9,2,0,2
Muskegon,"City of Muskegon, Precinct 6",Governor,,REP,Perry Johnson,23,9,13,1,0,1
Muskegon,"City of Muskegon, Precinct 6",Governor,,REP,Aric Nesbitt,2,0,2,0,0,0
Muskegon,"City of Muskegon, Precinct 6",Governor,,REP,Ballots Cast,62,32,26,4,0,4
Muskegon,"City of Muskegon, Precinct 6",U.S. Senate,,REP,Mike Rogers,57,32,21,4,0,4
Muskegon,"City of Muskegon, Precinct 6",U.S. Senate,,REP,Ballots Cast,57,32,21,4,0,4
Muskegon,"City of Muskegon, Precinct 6",U.S. House,3,REP,Ryan Cushman,18,7,7,4,0,4
Muskegon,"City of Muskegon, Precinct 6",U.S. House,3,REP,Terri DeBoer,42,24,18,0,0,0
Muskegon,"City of Muskegon, Precinct 6",U.S. House,3,REP,Ballots Cast,60,31,25,4,0,4
Muskegon,"City of Muskegon, Precinct 6",State Senate,32,REP,Kim Cole,31,19,12,0,0,0
Muskegon,"City of Muskegon, Precinct 6",State Senate,32,REP,Max Riekse,28,12,12,4,0,4
Muskegon,"City of Muskegon, Precinct 6",State Senate,32,REP,Ballots Cast,59,31,24,4,0,4
Muskegon,"City of Muskegon, Precinct 6",State House,87,REP,Cody A. Chipman,53,30,20,3,0,3
Muskegon,"City of Muskegon, Precinct 6",State House,87,REP,Ballots Cast,53,30,20,3,0,3
Muskegon,"City of Muskegon, Precinct 6",Muskegon County Commissioner 7th District,,REP,Ballots Cast,0,0,0,0,0,0
Muskegon,"City of Muskegon, Precinct 6",Muskegon Community College District Operating Millage Restoration,,,Yes,217,95,115,7,0,7
Muskegon,"City of Muskegon, Precinct 6",Muskegon Community College District Operating Millage Restoration,,,No,125,48,73,4,0,4
Muskegon,"City of Muskegon, Precinct 6",Muskegon Community College District Operating Millage Restoration,,,Ballots Cast,342,143,188,11,0,11
Muskegon,"City of Muskegon, Precinct 6","City of Muskegon, Precinct 6 Delegate to County Convention",,DEM,Delores Crosby,267,107,153,7,0,7
Muskegon,"City of Muskegon, Precinct 6","City of Muskegon, Precinct 6 Delegate to County Convention",,DEM,Ballots Cast,267,107,153,7,0,7
Muskegon,"City of Muskegon, Precinct 6","City of Muskegon, Precinct 6 Delegate to County Convention",,REP,Ballots Cast,0,0,0,0,0,0
Muskegon,"City of Muskegon, Precinct 7",Governor,,DEM,Jocelyn Benson,420,153,245,22,4,18
Muskegon,"City of Muskegon, Precinct 7",Governor,,DEM,Christopher Robert Swanson,38,23,9,6,3,3
Muskegon,"City of Muskegon, Precinct 7",Governor,,DEM,Justin Blackburn,0,0,0,0,0,0
Muskegon,"City of Muskegon, Precinct 7",Governor,,DEM,Ballots Cast,458,176,254,28,7,21
Muskegon,"City of Muskegon, Precinct 7",U.S. Senate,,DEM,Abdul El-Sayed,291,143,126,22,3,19
Muskegon,"City of Muskegon, Precinct 7",U.S. Senate,,DEM,Mallory McMorrow,10,2,8,0,0,0
Muskegon,"City of Muskegon, Precinct 7",U.S. Senate,,DEM,Haley Stevens,172,39,127,6,4,2
Muskegon,"City of Muskegon, Precinct 7",U.S. Senate,,DEM,Ballots Cast,473,184,261,28,7,21
Muskegon,"City of Muskegon, Precinct 7",U.S. House,3,DEM,Hillary Scholten,424,164,234,26,7,19
Muskegon,"City of Muskegon, Precinct 7",U.S. House,3,DEM,Ballots Cast,424,164,234,26,7,19
Muskegon,"City of Muskegon, Precinct 7",State Senate,32,DEM,Rebecca Amidon,417,164,227,26,7,19
Muskegon,"City of Muskegon, Precinct 7",State Senate,32,DEM,Ballots Cast,417,164,227,26,7,19
Muskegon,"City of Muskegon, Precinct 7",State House,87,DEM,Will Snyder,416,161,230,25,7,18
Muskegon,"City of Muskegon, Precinct 7",State House,87,DEM,Ballots Cast,416,161,230,25,7,18
Muskegon,"City of Muskegon, Precinct 7",Governor,,REP,Mike Cox,18,6,10,2,0,2
Muskegon,"City of Muskegon, Precinct 7",Governor,,REP,John James,72,35,33,4,0,4
Muskegon,"City of Muskegon, Precinct 7",Governor,,REP,Perry Johnson,48,18,29,1,0,1
Muskegon,"City of Muskegon, Precinct 7",Governor,,REP,Aric Nesbitt,4,0,4,0,0,0
Muskegon,"City of Muskegon, Precinct 7",Governor,,REP,Ballots Cast,142,59,76,7,0,7
Muskegon,"City of Muskegon, Precinct 7",U.S. Senate,,REP,Mike Rogers,137,59,73,5,0,5
Muskegon,"City of Muskegon, Precinct 7",U.S. Senate,,REP,Ballots Cast,137,59,73,5,0,5
Muskegon,"City of Muskegon, Precinct 7",U.S. House,3,REP,Ryan Cushman,37,15,20,2,0,2
Muskegon,"City of Muskegon, Precinct 7",U.S. House,3,REP,Terri DeBoer,103,44,55,4,0,4
Muskegon,"City of Muskegon, Precinct 7",U.S. House,3,REP,Ballots Cast,140,59,75,6,0,6
Muskegon,"City of Muskegon, Precinct 7",State Senate,32,REP,Kim Cole,79,33,43,3,0,3
Muskegon,"City of Muskegon, Precinct 7",State Senate,32,REP,Max Riekse,57,24,31,2,0,2
Muskegon,"City of Muskegon, Precinct 7",State Senate,32,REP,Ballots Cast,136,57,74,5,0,5
Muskegon,"City of Muskegon, Precinct 7",State House,87,REP,Cody A. Chipman,125,53,69,3,0,3
Muskegon,"City of Muskegon, Precinct 7",State House,87,REP,Ballots Cast,125,53,69,3,0,3
Muskegon,"City of Muskegon, Precinct 7",Muskegon Community College District Operating Millage Restoration,,,Yes,380,163,193,24,4,20
Muskegon,"City of Muskegon, Precinct 7",Muskegon Community College District Operating Millage Restoration,,,No,222,73,143,6,3,3
Muskegon,"City of Muskegon, Precinct 7",Muskegon Community College District Operating Millage Restoration,,,Ballots Cast,602,236,336,30,7,23
Muskegon,"City of Muskegon, Precinct 7","City of Muskegon, Precinct 7 Delegate to County Convention",,DEM,Barbara Sue Termaat,2,0,1,1,0,1
Muskegon,"City of Muskegon, Precinct 7","City of Muskegon, Precinct 7 Delegate to County Convention",,DEM,Lynn Carol Armentrout,3,1,1,1,0,1
Muskegon,"City of Muskegon, Precinct 7","City of Muskegon, Precinct 7 Delegate to County Convention",,DEM,Ballots Cast,5,1,2,2,0,2
Muskegon,"City of Muskegon, Precinct 7","City of Muskegon, Precinct 7 Delegate to County Convention",,REP,Ann Derouin,89,36,48,5,0,5
Muskegon,"City of Muskegon, Precinct 7","City of Muskegon, Precinct 7 Delegate to County Convention",,REP,Mitchell J. Derouin,93,40,49,4,0,4
Muskegon,"City of Muskegon, Precinct 7","City of Muskegon, Precinct 7 Delegate to County Convention",,REP,Ballots Cast,182,76,97,9,0,9
Muskegon,"City of Muskegon, Precinct 8",Governor,,DEM,Jocelyn Benson,808,289,487,32,4,28
Muskegon,"City of Muskegon, Precinct 8",Governor,,DEM,Christopher Robert Swanson,83,40,40,3,2,1
Muskegon,"City of Muskegon, Precinct 8",Governor,,DEM,Justin Blackburn,0,0,0,0,0,0
Muskegon,"City of Muskegon, Precinct 8",Governor,,DEM,Ballots Cast,891,329,527,35,6,29
Muskegon,"City of Muskegon, Precinct 8",U.S. Senate,,DEM,Abdul El-Sayed,458,242,191,25,4,21
Muskegon,"City of Muskegon, Precinct 8",U.S. Senate,,DEM,Mallory McMorrow,30,8,22,0,0,0
Muskegon,"City of Muskegon, Precinct 8",U.S. Senate,,DEM,Haley Stevens,419,91,317,11,2,9
Muskegon,"City of Muskegon, Precinct 8",U.S. Senate,,DEM,Ballots Cast,907,341,530,36,6,30
Muskegon,"City of Muskegon, Precinct 8",U.S. House,3,DEM,Hillary Scholten,826,285,510,31,6,25
Muskegon,"City of Muskegon, Precinct 8",U.S. House,3,DEM,Ballots Cast,826,285,510,31,6,25
Muskegon,"City of Muskegon, Precinct 8",State Senate,32,DEM,Rebecca Amidon,810,288,490,32,6,26
Muskegon,"City of Muskegon, Precinct 8",State Senate,32,DEM,Ballots Cast,810,288,490,32,6,26
Muskegon,"City of Muskegon, Precinct 8",State House,87,DEM,Will Snyder,809,292,485,32,6,26
Muskegon,"City of Muskegon, Precinct 8",State House,87,DEM,Ballots Cast,809,292,485,32,6,26
Muskegon,"City of Muskegon, Precinct 8",Muskegon County Commissioner 7th District,,DEM,Kim Sims,360,107,235,18,4,14
Muskegon,"City of Muskegon, Precinct 8",Muskegon County Commissioner 7th District,,DEM,Ballots Cast,360,107,235,18,4,14
Muskegon,"City of Muskegon, Precinct 8",Governor,,REP,Mike Cox,52,18,31,3,0,3
Muskegon,"City of Muskegon, Precinct 8",Governor,,REP,John James,127,68,54,5,0,5
Muskegon,"City of Muskegon, Precinct 8",Governor,,REP,Perry Johnson,97,36,58,3,0,3
Muskegon,"City of Muskegon, Precinct 8",Governor,,REP,Aric Nesbitt,7,1,5,1,0,1
Muskegon,"City of Muskegon, Precinct 8",Governor,,REP,Ballots Cast,283,123,148,12,0,12
Muskegon,"City of Muskegon, Precinct 8",U.S. Senate,,REP,Mike Rogers,266,118,138,10,0,10
Muskegon,"City of Muskegon, Precinct 8",U.S. Senate,,REP,Ballots Cast,266,118,138,10,0,10
Muskegon,"City of Muskegon, Precinct 8",U.S. House,3,REP,Ryan Cushman,59,26,29,4,0,4
Muskegon,"City of Muskegon, Precinct 8",U.S. House,3,REP,Terri DeBoer,207,88,111,8,0,8
Muskegon,"City of Muskegon, Precinct 8",U.S. House,3,REP,Ballots Cast,266,114,140,12,0,12
Muskegon,"City of Muskegon, Precinct 8",State Senate,32,REP,Kim Cole,173,68,98,7,0,7
Muskegon,"City of Muskegon, Precinct 8",State Senate,32,REP,Max Riekse,95,51,40,4,0,4
Muskegon,"City of Muskegon, Precinct 8",State Senate,32,REP,Ballots Cast,268,119,138,11,0,11
Muskegon,"City of Muskegon, Precinct 8",State House,87,REP,Cody A. Chipman,228,106,113,9,0,9
Muskegon,"City of Muskegon, Precinct 8",State House,87,REP,Ballots Cast,228,106,113,9,0,9
Muskegon,"City of Muskegon, Precinct 8",Muskegon County Commissioner 7th District,,REP,Ballots Cast,0,0,0,0,0,0
Muskegon,"City of Muskegon, Precinct 8",Muskegon Community College District Operating Millage Restoration,,,Yes,651,249,377,25,4,21
Muskegon,"City of Muskegon, Precinct 8",Muskegon Community College District Operating Millage Restoration,,,No,446,171,259,16,1,15
Muskegon,"City of Muskegon, Precinct 8",Muskegon Community College District Operating Millage Restoration,,,Ballots Cast,1097,420,636,41,5,36
Muskegon,"City of Muskegon, Precinct 8","City of Muskegon, Precinct 8 Delegate to County Convention",,DEM,John Dennis,425,132,273,20,3,17
Muskegon,"City of Muskegon, Precinct 8","City of Muskegon, Precinct 8 Delegate to County Convention",,DEM,Maggie Doyle,510,171,317,22,3,19
Muskegon,"City of Muskegon, Precinct 8","City of Muskegon, Precinct 8 Delegate to County Convention",,DEM,Susan Fabrick,466,155,287,24,2,22
Muskegon,"City of Muskegon, Precinct 8","City of Muskegon, Precinct 8 Delegate to County Convention",,DEM,Gail Helen Koch,421,128,272,21,2,19
Muskegon,"City of Muskegon, Precinct 8","City of Muskegon, Precinct 8 Delegate to County Convention",,DEM,Will Snyder,598,206,368,24,4,20
Muskegon,"City of Muskegon, Precinct 8","City of Muskegon, Precinct 8 Delegate to County Convention",,DEM,Georgia Moss,8,0,7,1,1,0
Muskegon,"City of Muskegon, Precinct 8","City of Muskegon, Precinct 8 Delegate to County Convention",,DEM,Gerald Kuester,1,0,1,0,0,0
Muskegon,"City of Muskegon, Precinct 8","City of Muskegon, Precinct 8 Delegate to County Convention",,DEM,Ballots Cast,2429,792,1525,112,15,97
Muskegon,"City of Muskegon, Precinct 8","City of Muskegon, Precinct 8 Delegate to County Convention",,REP,Mike Glancy,189,90,89,10,0,10
Muskegon,"City of Muskegon, Precinct 8","City of Muskegon, Precinct 8 Delegate to County Convention",,REP,Kimberly Fiorenzo,132,52,75,5,0,5
Muskegon,"City of Muskegon, Precinct 8","City of Muskegon, Precinct 8 Delegate to County Convention",,REP,Ballots Cast,321,142,164,15,0,15
Muskegon,"City of Muskegon, Precinct 9",Governor,,DEM,Jocelyn Benson,754,248,486,20,2,18
Muskegon,"City of Muskegon, Precinct 9",Governor,,DEM,Christopher Robert Swanson,95,48,42,5,2,3
Muskegon,"City of Muskegon, Precinct 9",Governor,,DEM,Justin Blackburn,0,0,0,0,0,0
Muskegon,"City of Muskegon, Precinct 9",Governor,,DEM,Ballots Cast,849,296,528,25,4,21
Muskegon,"City of Muskegon, Precinct 9",U.S. Senate,,DEM,Abdul El-Sayed,445,186,240,19,4,15
Muskegon,"City of Muskegon, Precinct 9",U.S. Senate,,DEM,Mallory McMorrow,12,2,10,0,0,0
Muskegon,"City of Muskegon, Precinct 9",U.S. Senate,,DEM,Haley Stevens,413,120,285,8,0,8
Muskegon,"City of Muskegon, Precinct 9",U.S. Senate,,DEM,Ballots Cast,870,308,535,27,4,23
Muskegon,"City of Muskegon, Precinct 9",U.S. House,3,DEM,Hillary Scholten,779,261,496,22,4,18
Muskegon,"City of Muskegon, Precinct 9",U.S. House,3,DEM,Ballots Cast,779,261,496,22,4,18
Muskegon,"City of Muskegon, Precinct 9",State Senate,32,DEM,Rebecca Amidon,749,257,469,23,4,19
Muskegon,"City of Muskegon, Precinct 9",State Senate,32,DEM,Ballots Cast,749,257,469,23,4,19
Muskegon,"City of Muskegon, Precinct 9",State House,87,DEM,Will Snyder,754,257,473,24,4,20
Muskegon,"City of Muskegon, Precinct 9",State House,87,DEM,Ballots Cast,754,257,473,24,4,20
Muskegon,"City of Muskegon, Precinct 9",Governor,,REP,Mike Cox,56,12,43,1,0,1
Muskegon,"City of Muskegon, Precinct 9",Governor,,REP,John James,156,77,72,7,2,5
Muskegon,"City of Muskegon, Precinct 9",Governor,,REP,Perry Johnson,138,61,69,8,2,6
Muskegon,"City of Muskegon, Precinct 9",Governor,,REP,Aric Nesbitt,8,4,3,1,1,0
Muskegon,"City of Muskegon, Precinct 9",Governor,,REP,Ballots Cast,358,154,187,17,5,12
Muskegon,"City of Muskegon, Precinct 9",U.S. Senate,,REP,Mike Rogers,328,147,166,15,4,11
Muskegon,"City of Muskegon, Precinct 9",U.S. Senate,,REP,Ballots Cast,328,147,166,15,4,11
Muskegon,"City of Muskegon, Precinct 9",U.S. House,3,REP,Ryan Cushman,79,44,31,4,1,3
Muskegon,"City of Muskegon, Precinct 9",U.S. House,3,REP,Terri DeBoer,267,109,146,12,3,9
Muskegon,"City of Muskegon, Precinct 9",U.S. House,3,REP,Ballots Cast,346,153,177,16,4,12
Muskegon,"City of Muskegon, Precinct 9",State Senate,32,REP,Kim Cole,187,81,99,7,3,4
Muskegon,"City of Muskegon, Precinct 9",State Senate,32,REP,Max Riekse,144,63,72,9,1,8
Muskegon,"City of Muskegon, Precinct 9",State Senate,32,REP,Ballots Cast,331,144,171,16,4,12
Muskegon,"City of Muskegon, Precinct 9",State House,87,REP,Cody A. Chipman,289,128,149,12,3,9
Muskegon,"City of Muskegon, Precinct 9",State House,87,REP,Ballots Cast,289,128,149,12,3,9
Muskegon,"City of Muskegon, Precinct 9",Muskegon Community College District Operating Millage Restoration,,,Yes,672,256,395,21,3,18
Muskegon,"City of Muskegon, Precinct 9",Muskegon Community College District Operating Millage Restoration,,,No,486,173,295,18,4,14
Muskegon,"City of Muskegon, Precinct 9",Muskegon Community College District Operating Millage Restoration,,,Ballots Cast,1158,429,690,39,7,32
Muskegon,"City of Muskegon, Precinct 9","City of Muskegon, Precinct 9 Delegate to County Convention",,DEM,Susan Hoekenga,479,161,303,15,2,13
Muskegon,"City of Muskegon, Precinct 9","City of Muskegon, Precinct 9 Delegate to County Convention",,DEM,Marcia Hovey-Wright,603,203,378,22,4,18
Muskegon,"City of Muskegon, Precinct 9","City of Muskegon, Precinct 9 Delegate to County Convention",,DEM,Emily B. Oudsema,446,154,279,13,2,11
Muskegon,"City of Muskegon, Precinct 9","City of Muskegon, Precinct 9 Delegate to County Convention",,DEM,Joanne M. Ramon,411,132,267,12,2,10
Muskegon,"City of Muskegon, Precinct 9","City of Muskegon, Precinct 9 Delegate to County Convention",,DEM,Jeff Witcher,408,132,265,11,1,10
Muskegon,"City of Muskegon, Precinct 9","City of Muskegon, Precinct 9 Delegate to County Convention",,DEM,Ballots Cast,2347,782,1492,73,11,62
Muskegon,"City of Muskegon, Precinct 9","City of Muskegon, Precinct 9 Delegate to County Convention",,REP,Brad Doriot,292,138,140,14,3,11
Muskegon,"City of Muskegon, Precinct 9","City of Muskegon, Precinct 9 Delegate to County Convention",,REP,Ballots Cast,292,138,140,14,3,11
Muskegon,"City of Muskegon Heights, Precinct 1",Governor,,DEM,Jocelyn Benson,227,224,0,3,3,0
Muskegon,"City of Muskegon Heights, Precinct 1",Governor,,DEM,Christopher Robert Swanson,25,24,0,1,1,0
Muskegon,"City of Muskegon Heights, Precinct 1",Governor,,DEM,Justin Blackburn,0,0,0,0,0,0
Muskegon,"City of Muskegon Heights, Precinct 1",Governor,,DEM,Ballots Cast,252,248,0,4,4,0
Muskegon,"City of Muskegon Heights, Precinct 1",U.S. Senate,,DEM,Abdul El-Sayed,46,42,0,4,4,0
Muskegon,"City of Muskegon Heights, Precinct 1",U.S. Senate,,DEM,Mallory McMorrow,15,15,0,0,0,0
Muskegon,"City of Muskegon Heights, Precinct 1",U.S. Senate,,DEM,Haley Stevens,198,198,0,0,0,0
Muskegon,"City of Muskegon Heights, Precinct 1",U.S. Senate,,DEM,Ballots Cast,259,255,0,4,4,0
Muskegon,"City of Muskegon Heights, Precinct 1",U.S. House,3,DEM,Hillary Scholten,248,245,0,3,3,0
Muskegon,"City of Muskegon Heights, Precinct 1",U.S. House,3,DEM,Ballots Cast,248,245,0,3,3,0
Muskegon,"City of Muskegon Heights, Precinct 1",State Senate,32,DEM,Rebecca Amidon,240,237,0,3,3,0
Muskegon,"City of Muskegon Heights, Precinct 1",State Senate,32,DEM,Ballots Cast,240,237,0,3,3,0
Muskegon,"City of Muskegon Heights, Precinct 1",State House,87,DEM,Will Snyder,245,242,0,3,3,0
Muskegon,"City of Muskegon Heights, Precinct 1",State House,87,DEM,Ballots Cast,245,242,0,3,3,0
Muskegon,"City of Muskegon Heights, Precinct 1",Muskegon County Commissioner 7th District,,DEM,Kim Sims,242,239,0,3,3,0
Muskegon,"City of Muskegon Heights, Precinct 1",Muskegon County Commissioner 7th District,,DEM,Ballots Cast,242,239,0,3,3,0
Muskegon,"City of Muskegon Heights, Precinct 1",Governor,,REP,Mike Cox,0,0,0,0,0,0
Muskegon,"City of Muskegon Heights, Precinct 1",Governor,,REP,John James,4,4,0,0,0,0
Muskegon,"City of Muskegon Heights, Precinct 1",Governor,,REP,Perry Johnson,5,5,0,0,0,0
Muskegon,"City of Muskegon Heights, Precinct 1",Governor,,REP,Aric Nesbitt,0,0,0,0,0,0
Muskegon,"City of Muskegon Heights, Precinct 1",Governor,,REP,Ballots Cast,9,9,0,0,0,0
Muskegon,"City of Muskegon Heights, Precinct 1",U.S. Senate,,REP,Mike Rogers,6,6,0,0,0,0
Muskegon,"City of Muskegon Heights, Precinct 1",U.S. Senate,,REP,Ballots Cast,6,6,0,0,0,0
Muskegon,"City of Muskegon Heights, Precinct 1",U.S. House,3,REP,Ryan Cushman,2,2,0,0,0,0
Muskegon,"City of Muskegon Heights, Precinct 1",U.S. House,3,REP,Terri DeBoer,5,5,0,0,0,0
Muskegon,"City of Muskegon Heights, Precinct 1",U.S. House,3,REP,Ballots Cast,7,7,0,0,0,0
Muskegon,"City of Muskegon Heights, Precinct 1",State Senate,32,REP,Kim Cole,5,5,0,0,0,0
Muskegon,"City of Muskegon Heights, Precinct 1",State Senate,32,REP,Max Riekse,2,2,0,0,0,0
Muskegon,"City of Muskegon Heights, Precinct 1",State Senate,32,REP,Ballots Cast,7,7,0,0,0,0
Muskegon,"City of Muskegon Heights, Precinct 1",State House,87,REP,Cody A. Chipman,6,6,0,0,0,0
Muskegon,"City of Muskegon Heights, Precinct 1",State House,87,REP,Ballots Cast,6,6,0,0,0,0
Muskegon,"City of Muskegon Heights, Precinct 1",Muskegon County Commissioner 7th District,,REP,Ballots Cast,0,0,0,0,0,0
Muskegon,"City of Muskegon Heights, Precinct 1",Muskegon Community College District Operating Millage Restoration,,,Yes,142,140,0,2,2,0
Muskegon,"City of Muskegon Heights, Precinct 1",Muskegon Community College District Operating Millage Restoration,,,No,90,88,0,2,2,0
Muskegon,"City of Muskegon Heights, Precinct 1",Muskegon Community College District Operating Millage Restoration,,,Ballots Cast,232,228,0,4,4,0
Muskegon,"City of Muskegon Heights, Precinct 1","City of Muskegon Heights, Precinct 1 Delegate to County Convention",,DEM,Mr. Ronald C. Bailey,235,232,0,3,3,0
Muskegon,"City of Muskegon Heights, Precinct 1","City of Muskegon Heights, Precinct 1 Delegate to County Convention",,DEM,Ballots Cast,235,232,0,3,3,0
Muskegon,"City of Muskegon Heights, Precinct 1","City of Muskegon Heights, Precinct 1 Delegate to County Convention",,REP,Ballots Cast,0,0,0,0,0,0
Muskegon,"City of Muskegon Heights, Precinct 2",Governor,,DEM,Jocelyn Benson,207,203,0,4,4,0
Muskegon,"City of Muskegon Heights, Precinct 2",Governor,,DEM,Christopher Robert Swanson,8,8,0,0,0,0
Muskegon,"City of Muskegon Heights, Precinct 2",Governor,,DEM,Justin Blackburn,0,0,0,0,0,0
Muskegon,"City of Muskegon Heights, Precinct 2",Governor,,DEM,Ballots Cast,215,211,0,4,4,0
Muskegon,"City of Muskegon Heights, Precinct 2",U.S. Senate,,DEM,Abdul El-Sayed,33,31,0,2,2,0
Muskegon,"City of Muskegon Heights, Precinct 2",U.S. Senate,,DEM,Mallory McMorrow,6,6,0,0,0,0
Muskegon,"City of Muskegon Heights, Precinct 2",U.S. Senate,,DEM,Haley Stevens,176,174,0,2,2,0
Muskegon,"City of Muskegon Heights, Precinct 2",U.S. Senate,,DEM,Ballots Cast,215,211,0,4,4,0
Muskegon,"City of Muskegon Heights, Precinct 2",U.S. House,3,DEM,Hillary Scholten,211,207,0,4,4,0
Muskegon,"City of Muskegon Heights, Precinct 2",U.S. House,3,DEM,Ballots Cast,211,207,0,4,4,0
Muskegon,"City of Muskegon Heights, Precinct 2",State Senate,32,DEM,Rebecca Amidon,198,194,0,4,4,0
Muskegon,"City of Muskegon Heights, Precinct 2",State Senate,32,DEM,Ballots Cast,198,194,0,4,4,0
Muskegon,"City of Muskegon Heights, Precinct 2",State House,87,DEM,Will Snyder,201,197,0,4,4,0
Muskegon,"City of Muskegon Heights, Precinct 2",State House,87,DEM,Ballots Cast,201,197,0,4,4,0
Muskegon,"City of Muskegon Heights, Precinct 2",Muskegon County Commissioner 7th District,,DEM,Kim Sims,204,201,0,3,3,0
Muskegon,"City of Muskegon Heights, Precinct 2",Muskegon County Commissioner 7th District,,DEM,Ballots Cast,204,201,0,3,3,0
Muskegon,"City of Muskegon Heights, Precinct 2",Governor,,REP,Mike Cox,3,3,0,0,0,0
Muskegon,"City of Muskegon Heights, Precinct 2",Governor,,REP,John James,4,4,0,0,0,0
Muskegon,"City of Muskegon Heights, Precinct 2",Governor,,REP,Perry Johnson,1,1,0,0,0,0
Muskegon,"City of Muskegon Heights, Precinct 2",Governor,,REP,Aric Nesbitt,0,0,0,0,0,0
Muskegon,"City of Muskegon Heights, Precinct 2",Governor,,REP,Ballots Cast,8,8,0,0,0,0
Muskegon,"City of Muskegon Heights, Precinct 2",U.S. Senate,,REP,Mike Rogers,8,8,0,0,0,0
Muskegon,"City of Muskegon Heights, Precinct 2",U.S. Senate,,REP,Ballots Cast,8,8,0,0,0,0
Muskegon,"City of Muskegon Heights, Precinct 2",U.S. House,3,REP,Ryan Cushman,5,5,0,0,0,0
Muskegon,"City of Muskegon Heights, Precinct 2",U.S. House,3,REP,Terri DeBoer,3,3,0,0,0,0
Muskegon,"City of Muskegon Heights, Precinct 2",U.S. House,3,REP,Ballots Cast,8,8,0,0,0,0
Muskegon,"City of Muskegon Heights, Precinct 2",State Senate,32,REP,Kim Cole,4,4,0,0,0,0
Muskegon,"City of Muskegon Heights, Precinct 2",State Senate,32,REP,Max Riekse,4,4,0,0,0,0
Muskegon,"City of Muskegon Heights, Precinct 2",State Senate,32,REP,Ballots Cast,8,8,0,0,0,0
Muskegon,"City of Muskegon Heights, Precinct 2",State House,87,REP,Cody A. Chipman,7,7,0,0,0,0
Muskegon,"City of Muskegon Heights, Precinct 2",State House,87,REP,Ballots Cast,7,7,0,0,0,0
Muskegon,"City of Muskegon Heights, Precinct 2",Muskegon County Commissioner 7th District,,REP,Ballots Cast,0,0,0,0,0,0
Muskegon,"City of Muskegon Heights, Precinct 2",Muskegon Community College District Operating Millage Restoration,,,Yes,99,98,0,1,1,0
Muskegon,"City of Muskegon Heights, Precinct 2",Muskegon Community College District Operating Millage Restoration,,,No,86,85,0,1,1,0
Muskegon,"City of Muskegon Heights, Precinct 2",Muskegon Community College District Operating Millage Restoration,,,Ballots Cast,185,183,0,2,2,0
Muskegon,"City of Muskegon Heights, Precinct 2","City of Muskegon Heights, Precinct 2 Delegate to County Convention",,DEM,Michelle Elizabeth Tyson,3,3,0,0,0,0
Muskegon,"City of Muskegon Heights, Precinct 2","City of Muskegon Heights, Precinct 2 Delegate to County Convention",,DEM,Ballots Cast,3,3,0,0,0,0
Muskegon,"City of Muskegon Heights, Precinct 2","City of Muskegon Heights, Precinct 2 Delegate to County Convention",,REP,Ballots Cast,0,0,0,0,0,0
Muskegon,"City of Muskegon Heights, Precinct 3",Governor,,DEM,Jocelyn Benson,159,157,0,2,2,0
Muskegon,"City of Muskegon Heights, Precinct 3",Governor,,DEM,Christopher Robert Swanson,19,19,0,0,0,0
Muskegon,"City of Muskegon Heights, Precinct 3",Governor,,DEM,Justin Blackburn,0,0,0,0,0,0
Muskegon,"City of Muskegon Heights, Precinct 3",Governor,,DEM,Ballots Cast,178,176,0,2,2,0
Muskegon,"City of Muskegon Heights, Precinct 3",U.S. Senate,,DEM,Abdul El-Sayed,56,55,0,1,1,0
Muskegon,"City of Muskegon Heights, Precinct 3",U.S. Senate,,DEM,Mallory McMorrow,4,4,0,0,0,0
Muskegon,"City of Muskegon Heights, Precinct 3",U.S. Senate,,DEM,Haley Stevens,124,123,0,1,1,0
Muskegon,"City of Muskegon Heights, Precinct 3",U.S. Senate,,DEM,Ballots Cast,184,182,0,2,2,0
Muskegon,"City of Muskegon Heights, Precinct 3",U.S. House,3,DEM,Hillary Scholten,170,168,0,2,2,0
Muskegon,"City of Muskegon Heights, Precinct 3",U.S. House,3,DEM,Ballots Cast,170,168,0,2,2,0
Muskegon,"City of Muskegon Heights, Precinct 3",State Senate,32,DEM,Rebecca Amidon,162,160,0,2,2,0
Muskegon,"City of Muskegon Heights, Precinct 3",State Senate,32,DEM,Ballots Cast,162,160,0,2,2,0
Muskegon,"City of Muskegon Heights, Precinct 3",State House,87,DEM,Will Snyder,164,162,0,2,2,0
Muskegon,"City of Muskegon Heights, Precinct 3",State House,87,DEM,Ballots Cast,164,162,0,2,2,0
Muskegon,"City of Muskegon Heights, Precinct 3",Muskegon County Commissioner 7th District,,DEM,Kim Sims,167,165,0,2,2,0
Muskegon,"City of Muskegon Heights, Precinct 3",Muskegon County Commissioner 7th District,,DEM,Ballots Cast,167,165,0,2,2,0
Muskegon,"City of Muskegon Heights, Precinct 3",Governor,,REP,Mike Cox,5,5,0,0,0,0
Muskegon,"City of Muskegon Heights, Precinct 3",Governor,,REP,John James,16,16,0,0,0,0
Muskegon,"City of Muskegon Heights, Precinct 3",Governor,,REP,Perry Johnson,12,11,0,1,1,0
Muskegon,"City of Muskegon Heights, Precinct 3",Governor,,REP,Aric Nesbitt,1,1,0,0,0,0
Muskegon,"City of Muskegon Heights, Precinct 3",Governor,,REP,Ballots Cast,34,33,0,1,1,0
Muskegon,"City of Muskegon Heights, Precinct 3",U.S. Senate,,REP,Mike Rogers,34,33,0,1,1,0
Muskegon,"City of Muskegon Heights, Precinct 3",U.S. Senate,,REP,Ballots Cast,34,33,0,1,1,0
Muskegon,"City of Muskegon Heights, Precinct 3",U.S. House,3,REP,Ryan Cushman,8,7,0,1,1,0
Muskegon,"City of Muskegon Heights, Precinct 3",U.S. House,3,REP,Terri DeBoer,26,26,0,0,0,0
Muskegon,"City of Muskegon Heights, Precinct 3",U.S. House,3,REP,Ballots Cast,34,33,0,1,1,0
Muskegon,"City of Muskegon Heights, Precinct 3",State Senate,32,REP,Kim Cole,23,22,0,1,1,0
Muskegon,"City of Muskegon Heights, Precinct 3",State Senate,32,REP,Max Riekse,10,10,0,0,0,0
Muskegon,"City of Muskegon Heights, Precinct 3",State Senate,32,REP,Ballots Cast,33,32,0,1,1,0
Muskegon,"City of Muskegon Heights, Precinct 3",State House,87,REP,Cody A. Chipman,33,32,0,1,1,0
Muskegon,"City of Muskegon Heights, Precinct 3",State House,87,REP,Ballots Cast,33,32,0,1,1,0
Muskegon,"City of Muskegon Heights, Precinct 3",Muskegon County Commissioner 7th District,,REP,Ballots Cast,0,0,0,0,0,0
Muskegon,"City of Muskegon Heights, Precinct 3",Muskegon Community College District Operating Millage Restoration,,,Yes,118,116,0,2,2,0
Muskegon,"City of Muskegon Heights, Precinct 3",Muskegon Community College District Operating Millage Restoration,,,No,92,91,0,1,1,0
Muskegon,"City of Muskegon Heights, Precinct 3",Muskegon Community College District Operating Millage Restoration,,,Ballots Cast,210,207,0,3,3,0
Muskegon,"City of Muskegon Heights, Precinct 3","City of Muskegon Heights, Precinct 3 Delegate to County Convention",,DEM,Ballots Cast,0,0,0,0,0,0
Muskegon,"City of Muskegon Heights, Precinct 3","City of Muskegon Heights, Precinct 3 Delegate to County Convention",,REP,William C. Stauter,31,30,0,1,1,0
Muskegon,"City of Muskegon Heights, Precinct 3","City of Muskegon Heights, Precinct 3 Delegate to County Convention",,REP,Ballots Cast,31,30,0,1,1,0
Muskegon,"City of Muskegon Heights, Precinct 4",Governor,,DEM,Jocelyn Benson,269,266,0,3,3,0
Muskegon,"City of Muskegon Heights, Precinct 4",Governor,,DEM,Christopher Robert Swanson,19,19,0,0,0,0
Muskegon,"City of Muskegon Heights, Precinct 4",Governor,,DEM,Justin Blackburn,0,0,0,0,0,0
Muskegon,"City of Muskegon Heights, Precinct 4",Governor,,DEM,Ballots Cast,288,285,0,3,3,0
Muskegon,"City of Muskegon Heights, Precinct 4",U.S. Senate,,DEM,Abdul El-Sayed,70,70,0,0,0,0
Muskegon,"City of Muskegon Heights, Precinct 4",U.S. Senate,,DEM,Mallory McMorrow,17,17,0,0,0,0
Muskegon,"City of Muskegon Heights, Precinct 4",U.S. Senate,,DEM,Haley Stevens,203,200,0,3,3,0
Muskegon,"City of Muskegon Heights, Precinct 4",U.S. Senate,,DEM,Ballots Cast,290,287,0,3,3,0
Muskegon,"City of Muskegon Heights, Precinct 4",U.S. House,3,DEM,Hillary Scholten,278,275,0,3,3,0
Muskegon,"City of Muskegon Heights, Precinct 4",U.S. House,3,DEM,Ballots Cast,278,275,0,3,3,0
Muskegon,"City of Muskegon Heights, Precinct 4",State Senate,32,DEM,Rebecca Amidon,269,266,0,3,3,0
Muskegon,"City of Muskegon Heights, Precinct 4",State Senate,32,DEM,Ballots Cast,269,266,0,3,3,0
Muskegon,"City of Muskegon Heights, Precinct 4",State House,87,DEM,Will Snyder,272,269,0,3,3,0
Muskegon,"City of Muskegon Heights, Precinct 4",State House,87,DEM,Ballots Cast,272,269,0,3,3,0
Muskegon,"City of Muskegon Heights, Precinct 4",Muskegon County Commissioner 7th District,,DEM,Kim Sims,268,265,0,3,3,0
Muskegon,"City of Muskegon Heights, Precinct 4",Muskegon County Commissioner 7th District,,DEM,Ballots Cast,268,265,0,3,3,0
Muskegon,"City of Muskegon Heights, Precinct 4",Governor,,REP,Mike Cox,3,3,0,0,0,0
Muskegon,"City of Muskegon Heights, Precinct 4",Governor,,REP,John James,6,6,0,0,0,0
Muskegon,"City of Muskegon Heights, Precinct 4",Governor,,REP,Perry Johnson,5,5,0,0,0,0
Muskegon,"City of Muskegon Heights, Precinct 4",Governor,,REP,Aric Nesbitt,1,0,0,1,1,0
Muskegon,"City of Muskegon Heights, Precinct 4",Governor,,REP,Ballots Cast,15,14,0,1,1,0
Muskegon,"City of Muskegon Heights, Precinct 4",U.S. Senate,,REP,Mike Rogers,15,14,0,1,1,0
Muskegon,"City of Muskegon Heights, Precinct 4",U.S. Senate,,REP,Ballots Cast,15,14,0,1,1,0
Muskegon,"City of Muskegon Heights, Precinct 4",U.S. House,3,REP,Ryan Cushman,6,5,0,1,1,0
Muskegon,"City of Muskegon Heights, Precinct 4",U.S. House,3,REP,Terri DeBoer,9,9,0,0,0,0
Muskegon,"City of Muskegon Heights, Precinct 4",U.S. House,3,REP,Ballots Cast,15,14,0,1,1,0
Muskegon,"City of Muskegon Heights, Precinct 4",State Senate,32,REP,Kim Cole,6,6,0,0,0,0
Muskegon,"City of Muskegon Heights, Precinct 4",State Senate,32,REP,Max Riekse,8,7,0,1,1,0
Muskegon,"City of Muskegon Heights, Precinct 4",State Senate,32,REP,Ballots Cast,14,13,0,1,1,0
Muskegon,"City of Muskegon Heights, Precinct 4",State House,87,REP,Cody A. Chipman,15,14,0,1,1,0
Muskegon,"City of Muskegon Heights, Precinct 4",State House,87,REP,Ballots Cast,15,14,0,1,1,0
Muskegon,"City of Muskegon Heights, Precinct 4",Muskegon County Commissioner 7th District,,REP,Ballots Cast,0,0,0,0,0,0
Muskegon,"City of Muskegon Heights, Precinct 4",Muskegon Community College District Operating Millage Restoration,,,Yes,158,155,0,3,3,0
Muskegon,"City of Muskegon Heights, Precinct 4",Muskegon Community College District Operating Millage Restoration,,,No,95,94,0,1,1,0
Muskegon,"City of Muskegon Heights, Precinct 4",Muskegon Community College District Operating Millage Restoration,,,Ballots Cast,253,249,0,4,4,0
Muskegon,"City of Muskegon Heights, Precinct 4","City of Muskegon Heights, Precinct 4 Delegate to County Convention",,DEM,Shontea Bell-Jenkins,176,174,0,2,2,0
Muskegon,"City of Muskegon Heights, Precinct 4","City of Muskegon Heights, Precinct 4 Delegate to County Convention",,DEM,Darwin L. Smith,193,191,0,2,2,0
Muskegon,"City of Muskegon Heights, Precinct 4","City of Muskegon Heights, Precinct 4 Delegate to County Convention",,DEM,Ballots Cast,369,365,0,4,4,0
Muskegon,"City of Muskegon Heights, Precinct 4","City of Muskegon Heights, Precinct 4 Delegate to County Convention",,REP,Ballots Cast,0,0,0,0,0,0
Muskegon,"City of North Muskegon, Precinct 1",Governor,,DEM,Jocelyn Benson,645,258,364,23,23,0
Muskegon,"City of North Muskegon, Precinct 1",Governor,,DEM,Christopher Robert Swanson,120,83,34,3,3,0
Muskegon,"City of North Muskegon, Precinct 1",Governor,,DEM,Justin Blackburn,0,0,0,0,0,0
Muskegon,"City of North Muskegon, Precinct 1",Governor,,DEM,Ballots Cast,765,341,398,26,26,0
Muskegon,"City of North Muskegon, Precinct 1",U.S. Senate,,DEM,Abdul El-Sayed,428,241,172,15,15,0
Muskegon,"City of North Muskegon, Precinct 1",U.S. Senate,,DEM,Mallory McMorrow,30,7,22,1,1,0
Muskegon,"City of North Muskegon, Precinct 1",U.S. Senate,,DEM,Haley Stevens,325,105,210,10,10,0
Muskegon,"City of North Muskegon, Precinct 1",U.S. Senate,,DEM,Ballots Cast,783,353,404,26,26,0
Muskegon,"City of North Muskegon, Precinct 1",U.S. House,2,DEM,Ben Ambrose,194,85,104,5,5,0
Muskegon,"City of North Muskegon, Precinct 1",U.S. House,2,DEM,Jamie Hill,157,77,71,9,9,0
Muskegon,"City of North Muskegon, Precinct 1",U.S. House,2,DEM,Clyde Welford,38,16,21,1,1,0
Muskegon,"City of North Muskegon, Precinct 1",U.S. House,2,DEM,Ballots Cast,389,178,196,15,15,0
Muskegon,"City of North Muskegon, Precinct 1",U.S. House,3,DEM,Hillary Scholten,283,121,151,11,11,0
Muskegon,"City of North Muskegon, Precinct 1",U.S. House,3,DEM,Ballots Cast,283,121,151,11,11,0
Muskegon,"City of North Muskegon, Precinct 1",State Senate,32,DEM,Rebecca Amidon,660,294,342,24,24,0
Muskegon,"City of North Muskegon, Precinct 1",State Senate,32,DEM,Ballots Cast,660,294,342,24,24,0
Muskegon,"City of North Muskegon, Precinct 1",State House,87,DEM,Will Snyder,660,292,344,24,24,0
Muskegon,"City of North Muskegon, Precinct 1",State House,87,DEM,Ballots Cast,660,292,344,24,24,0
Muskegon,"City of North Muskegon, Precinct 1",Governor,,REP,Mike Cox,68,24,44,0,0,0
Muskegon,"City of North Muskegon, Precinct 1",Governor,,REP,John James,265,137,127,1,1,0
Muskegon,"City of North Muskegon, Precinct 1",Governor,,REP,Perry Johnson,172,82,85,5,5,0
Muskegon,"City of North Muskegon, Precinct 1",Governor,,REP,Aric Nesbitt,7,2,5,0,0,0
Muskegon,"City of North Muskegon, Precinct 1",Governor,,REP,Ballots Cast,512,245,261,6,6,0
Muskegon,"City of North Muskegon, Precinct 1",U.S. Senate,,REP,Mike Rogers,472,228,238,6,6,0
Muskegon,"City of North Muskegon, Precinct 1",U.S. Senate,,REP,Ballots Cast,472,228,238,6,6,0
Muskegon,"City of North Muskegon, Precinct 1",U.S. House,2,REP,John Moolenaar,220,101,114,5,5,0
Muskegon,"City of North Muskegon, Precinct 1",U.S. House,2,REP,Ballots Cast,220,101,114,5,5,0
Muskegon,"City of North Muskegon, Precinct 1",U.S. House,3,REP,Ryan Cushman,48,31,17,0,0,0
Muskegon,"City of North Muskegon, Precinct 1",U.S. House,3,REP,Terri DeBoer,201,87,113,1,1,0
Muskegon,"City of North Muskegon, Precinct 1",U.S. House,3,REP,Ballots Cast,249,118,130,1,1,0
Muskegon,"City of North Muskegon, Precinct 1",State Senate,32,REP,Kim Cole,324,147,171,6,6,0
Muskegon,"City of North Muskegon, Precinct 1",State Senate,32,REP,Max Riekse,148,79,69,0,0,0
Muskegon,"City of North Muskegon, Precinct 1",State Senate,32,REP,Ballots Cast,472,226,240,6,6,0
Muskegon,"City of North Muskegon, Precinct 1",State House,87,REP,Cody A. Chipman,425,198,222,5,5,0
Muskegon,"City of North Muskegon, Precinct 1",State House,87,REP,Ballots Cast,425,198,222,5,5,0
Muskegon,"City of North Muskegon, Precinct 1",Muskegon Community College District Operating Millage Restoration,,,Yes,682,326,337,19,19,0
Muskegon,"City of North Muskegon, Precinct 1",Muskegon Community College District Operating Millage Restoration,,,No,510,213,289,8,8,0
Muskegon,"City of North Muskegon, Precinct 1",Muskegon Community College District Operating Millage Restoration,,,Ballots Cast,1192,539,626,27,27,0
Muskegon,"City of North Muskegon, Precinct 1","City of North Muskegon, Precinct 1 Delegate to County Convention",,DEM,Karla Bates,631,286,322,23,23,0
Muskegon,"City of North Muskegon, Precinct 1","City of North Muskegon, Precinct 1 Delegate to County Convention",,DEM,Ballots Cast,631,286,322,23,23,0
Muskegon,"City of North Muskegon, Precinct 1","City of North Muskegon, Precinct 1 Delegate to County Convention",,REP,Thomas Walter Lack,269,122,143,4,4,0
Muskegon,"City of North Muskegon, Precinct 1","City of North Muskegon, Precinct 1 Delegate to County Convention",,REP,Julie C. Reynolds,310,138,167,5,5,0
Muskegon,"City of North Muskegon, Precinct 1","City of North Muskegon, Precinct 1 Delegate to County Convention",,REP,Richard E. Strach,266,121,140,5,5,0
Muskegon,"City of North Muskegon, Precinct 1","City of North Muskegon, Precinct 1 Delegate to County Convention",,REP,Ballots Cast,845,381,450,14,14,0
Muskegon,"City of Norton Shores, Precinct 1",Governor,,DEM,Jocelyn Benson,1034,337,683,14,14,0
Muskegon,"City of Norton Shores, Precinct 1",Governor,,DEM,Christopher Robert Swanson,109,61,44,4,4,0
Muskegon,"City of Norton Shores, Precinct 1",Governor,,DEM,Justin Blackburn,0,0,0,0,0,0
Muskegon,"City of Norton Shores, Precinct 1",Governor,,DEM,Ballots Cast,1143,398,727,18,18,0
Muskegon,"City of Norton Shores, Precinct 1",U.S. Senate,,DEM,Abdul El-Sayed,620,289,317,14,14,0
Muskegon,"City of Norton Shores, Precinct 1",U.S. Senate,,DEM,Mallory McMorrow,42,5,37,0,0,0
Muskegon,"City of Norton Shores, Precinct 1",U.S. Senate,,DEM,Haley Stevens,495,115,376,4,4,0
Muskegon,"City of Norton Shores, Precinct 1",U.S. Senate,,DEM,Ballots Cast,1157,409,730,18,18,0
Muskegon,"City of Norton Shores, Precinct 1",U.S. House,3,DEM,Hillary Scholten,1069,374,681,14,14,0
Muskegon,"City of Norton Shores, Precinct 1",U.S. House,3,DEM,Ballots Cast,1069,374,681,14,14,0
Muskegon,"City of Norton Shores, Precinct 1",State Senate,32,DEM,Rebecca Amidon,1033,365,652,16,16,0
Muskegon,"City of Norton Shores, Precinct 1",State Senate,32,DEM,Ballots Cast,1033,365,652,16,16,0
Muskegon,"City of Norton Shores, Precinct 1",State House,88,DEM,Kiel Reid,1018,360,642,16,16,0
Muskegon,"City of Norton Shores, Precinct 1",State House,88,DEM,Ballots Cast,1018,360,642,16,16,0
Muskegon,"City of Norton Shores, Precinct 1",Governor,,REP,Mike Cox,92,32,59,1,1,0
Muskegon,"City of Norton Shores, Precinct 1",Governor,,REP,John James,277,142,132,3,3,0
Muskegon,"City of Norton Shores, Precinct 1",Governor,,REP,Perry Johnson,199,82,117,0,0,0
Muskegon,"City of Norton Shores, Precinct 1",Governor,,REP,Aric Nesbitt,9,1,7,1,1,0
Muskegon,"City of Norton Shores, Precinct 1",Governor,,REP,Ballots Cast,577,257,315,5,5,0
Muskegon,"City of Norton Shores, Precinct 1",U.S. Senate,,REP,Mike Rogers,547,244,299,4,4,0
Muskegon,"City of Norton Shores, Precinct 1",U.S. Senate,,REP,Ballots Cast,547,244,299,4,4,0
Muskegon,"City of Norton Shores, Precinct 1",U.S. House,3,REP,Ryan Cushman,133,59,72,2,2,0
Muskegon,"City of Norton Shores, Precinct 1",U.S. House,3,REP,Terri DeBoer,436,189,244,3,3,0
Muskegon,"City of Norton Shores, Precinct 1",U.S. House,3,REP,Ballots Cast,569,248,316,5,5,0
Muskegon,"City of Norton Shores, Precinct 1",State Senate,32,REP,Kim Cole,344,148,193,3,3,0
Muskegon,"City of Norton Shores, Precinct 1",State Senate,32,REP,Max Riekse,198,84,112,2,2,0
Muskegon,"City of Norton Shores, Precinct 1",State Senate,32,REP,Ballots Cast,542,232,305,5,5,0
Muskegon,"City of Norton Shores, Precinct 1",State House,88,REP,Ethan Frasier,60,35,25,0,0,0
Muskegon,"City of Norton Shores, Precinct 1",State House,88,REP,Greg VanWoerkom,511,213,293,5,5,0
Muskegon,"City of Norton Shores, Precinct 1",State House,88,REP,Ballots Cast,571,248,318,5,5,0
Muskegon,"City of Norton Shores, Precinct 1",Muskegon Community College District Operating Millage Restoration,,,Yes,945,368,562,15,15,0
Muskegon,"City of Norton Shores, Precinct 1",Muskegon Community College District Operating Millage Restoration,,,No,670,234,431,5,5,0
Muskegon,"City of Norton Shores, Precinct 1",Muskegon Community College District Operating Millage Restoration,,,Ballots Cast,1615,602,993,20,20,0
Muskegon,"City of Norton Shores, Precinct 1","City of Norton Shores, Precinct 1 Delegate to County Convention",,DEM,Jason Colella,702,219,473,10,10,0
Muskegon,"City of Norton Shores, Precinct 1","City of Norton Shores, Precinct 1 Delegate to County Convention",,DEM,Kimberly Fisher,714,229,476,9,9,0
Muskegon,"City of Norton Shores, Precinct 1","City of Norton Shores, Precinct 1 Delegate to County Convention",,DEM,Kenneth B. McNeill,626,198,419,9,9,0
Muskegon,"City of Norton Shores, Precinct 1","City of Norton Shores, Precinct 1 Delegate to County Convention",,DEM,Frank Michels,603,183,411,9,9,0
Muskegon,"City of Norton Shores, Precinct 1","City of Norton Shores, Precinct 1 Delegate to County Convention",,DEM,Sheila E. Molenkamp,660,215,436,9,9,0
Muskegon,"City of Norton Shores, Precinct 1","City of Norton Shores, Precinct 1 Delegate to County Convention",,DEM,Kiel Reid,739,256,472,11,11,0
Muskegon,"City of Norton Shores, Precinct 1","City of Norton Shores, Precinct 1 Delegate to County Convention",,DEM,Asaline Scott,679,216,454,9,9,0
Muskegon,"City of Norton Shores, Precinct 1","City of Norton Shores, Precinct 1 Delegate to County Convention",,DEM,Ballots Cast,4723,1516,3141,66,66,0
Muskegon,"City of Norton Shores, Precinct 1","City of Norton Shores, Precinct 1 Delegate to County Convention",,REP,John VanWyck,518,241,273,4,4,0
Muskegon,"City of Norton Shores, Precinct 1","City of Norton Shores, Precinct 1 Delegate to County Convention",,REP,Ballots Cast,518,241,273,4,4,0
Muskegon,"City of Norton Shores, Precinct 2",Governor,,DEM,Jocelyn Benson,541,168,364,9,9,0
Muskegon,"City of Norton Shores, Precinct 2",Governor,,DEM,Christopher Robert Swanson,59,26,28,5,5,0
Muskegon,"City of Norton Shores, Precinct 2",Governor,,DEM,Justin Blackburn,0,0,0,0,0,0
Muskegon,"City of Norton Shores, Precinct 2",Governor,,DEM,Ballots Cast,600,194,392,14,14,0
Muskegon,"City of Norton Shores, Precinct 2",U.S. Senate,,DEM,Abdul El-Sayed,297,136,147,14,14,0
Muskegon,"City of Norton Shores, Precinct 2",U.S. Senate,,DEM,Mallory McMorrow,27,2,25,0,0,0
Muskegon,"City of Norton Shores, Precinct 2",U.S. Senate,,DEM,Haley Stevens,284,60,224,0,0,0
Muskegon,"City of Norton Shores, Precinct 2",U.S. Senate,,DEM,Ballots Cast,608,198,396,14,14,0
Muskegon,"City of Norton Shores, Precinct 2",U.S. House,3,DEM,Hillary Scholten,569,185,374,10,10,0
Muskegon,"City of Norton Shores, Precinct 2",U.S. House,3,DEM,Ballots Cast,569,185,374,10,10,0
Muskegon,"City of Norton Shores, Precinct 2",State Senate,32,DEM,Rebecca Amidon,547,184,352,11,11,0
Muskegon,"City of Norton Shores, Precinct 2",State Senate,32,DEM,Ballots Cast,547,184,352,11,11,0
Muskegon,"City of Norton Shores, Precinct 2",State House,88,DEM,Kiel Reid,537,182,344,11,11,0
Muskegon,"City of Norton Shores, Precinct 2",State House,88,DEM,Ballots Cast,537,182,344,11,11,0
Muskegon,"City of Norton Shores, Precinct 2",Governor,,REP,Mike Cox,67,12,55,0,0,0
Muskegon,"City of Norton Shores, Precinct 2",Governor,,REP,John James,225,103,122,0,0,0
Muskegon,"City of Norton Shores, Precinct 2",Governor,,REP,Perry Johnson,160,50,108,2,2,0
Muskegon,"City of Norton Shores, Precinct 2",Governor,,REP,Aric Nesbitt,3,1,2,0,0,0
Muskegon,"City of Norton Shores, Precinct 2",Governor,,REP,Ballots Cast,455,166,287,2,2,0
Muskegon,"City of Norton Shores, Precinct 2",U.S. Senate,,REP,Mike Rogers,429,156,271,2,2,0
Muskegon,"City of Norton Shores, Precinct 2",U.S. Senate,,REP,Ballots Cast,429,156,271,2,2,0
Muskegon,"City of Norton Shores, Precinct 2",U.S. House,3,REP,Ryan Cushman,76,24,51,1,1,0
Muskegon,"City of Norton Shores, Precinct 2",U.S. House,3,REP,Terri DeBoer,360,134,225,1,1,0
Muskegon,"City of Norton Shores, Precinct 2",U.S. House,3,REP,Ballots Cast,436,158,276,2,2,0
Muskegon,"City of Norton Shores, Precinct 2",State Senate,32,REP,Kim Cole,293,113,179,1,1,0
Muskegon,"City of Norton Shores, Precinct 2",State Senate,32,REP,Max Riekse,140,46,93,1,1,0
Muskegon,"City of Norton Shores, Precinct 2",State Senate,32,REP,Ballots Cast,433,159,272,2,2,0
Muskegon,"City of Norton Shores, Precinct 2",State House,88,REP,Ethan Frasier,33,10,22,1,1,0
Muskegon,"City of Norton Shores, Precinct 2",State House,88,REP,Greg VanWoerkom,408,150,257,1,1,0
Muskegon,"City of Norton Shores, Precinct 2",State House,88,REP,Ballots Cast,441,160,279,2,2,0
Muskegon,"City of Norton Shores, Precinct 2",Muskegon Community College District Operating Millage Restoration,,,Yes,552,206,333,13,13,0
Muskegon,"City of Norton Shores, Precinct 2",Muskegon Community College District Operating Millage Restoration,,,No,447,139,306,2,2,0
Muskegon,"City of Norton Shores, Precinct 2",Muskegon Community College District Operating Millage Restoration,,,Ballots Cast,999,345,639,15,15,0
Muskegon,"City of Norton Shores, Precinct 2","City of Norton Shores, Precinct 2 Delegate to County Convention",,DEM,John B. Lester,320,77,236,7,7,0
Muskegon,"City of Norton Shores, Precinct 2","City of Norton Shores, Precinct 2 Delegate to County Convention",,DEM,Victoria Schneider,434,147,277,10,10,0
Muskegon,"City of Norton Shores, Precinct 2","City of Norton Shores, Precinct 2 Delegate to County Convention",,DEM,Ballots Cast,754,224,513,17,17,0
Muskegon,"City of Norton Shores, Precinct 2","City of Norton Shores, Precinct 2 Delegate to County Convention",,REP,June Cook,226,78,147,1,1,0
Muskegon,"City of Norton Shores, Precinct 2","City of Norton Shores, Precinct 2 Delegate to County Convention",,REP,Cathy C. Melrose,220,75,144,1,1,0
Muskegon,"City of Norton Shores, Precinct 2","City of Norton Shores, Precinct 2 Delegate to County Convention",,REP,James G. Riley,292,104,187,1,1,0
Muskegon,"City of Norton Shores, Precinct 2","City of Norton Shores, Precinct 2 Delegate to County Convention",,REP,Ballots Cast,738,257,478,3,3,0
Muskegon,"City of Norton Shores, Precinct 3",Governor,,DEM,Jocelyn Benson,222,80,139,3,3,0
Muskegon,"City of Norton Shores, Precinct 3",Governor,,DEM,Christopher Robert Swanson,25,15,7,3,3,0
Muskegon,"City of Norton Shores, Precinct 3",Governor,,DEM,Justin Blackburn,0,0,0,0,0,0
Muskegon,"City of Norton Shores, Precinct 3",Governor,,DEM,Ballots Cast,247,95,146,6,6,0
Muskegon,"City of Norton Shores, Precinct 3",U.S. Senate,,DEM,Abdul El-Sayed,129,75,48,6,6,0
Muskegon,"City of Norton Shores, Precinct 3",U.S. Senate,,DEM,Mallory McMorrow,12,0,12,0,0,0
Muskegon,"City of Norton Shores, Precinct 3",U.S. Senate,,DEM,Haley Stevens,111,24,87,0,0,0
Muskegon,"City of Norton Shores, Precinct 3",U.S. Senate,,DEM,Ballots Cast,252,99,147,6,6,0
Muskegon,"City of Norton Shores, Precinct 3",U.S. House,3,DEM,Hillary Scholten,228,86,138,4,4,0
Muskegon,"City of Norton Shores, Precinct 3",U.S. House,3,DEM,Ballots Cast,228,86,138,4,4,0
Muskegon,"City of Norton Shores, Precinct 3",State Senate,32,DEM,Rebecca Amidon,223,85,134,4,4,0
Muskegon,"City of Norton Shores, Precinct 3",State Senate,32,DEM,Ballots Cast,223,85,134,4,4,0
Muskegon,"City of Norton Shores, Precinct 3",State House,87,DEM,Will Snyder,165,63,99,3,3,0
Muskegon,"City of Norton Shores, Precinct 3",State House,87,DEM,Ballots Cast,165,63,99,3,3,0
Muskegon,"City of Norton Shores, Precinct 3",State House,88,DEM,Kiel Reid,61,25,35,1,1,0
Muskegon,"City of Norton Shores, Precinct 3",State House,88,DEM,Ballots Cast,61,25,35,1,1,0
Muskegon,"City of Norton Shores, Precinct 3",Muskegon County Commissioner 7th District,,DEM,Kim Sims,219,84,131,4,4,0
Muskegon,"City of Norton Shores, Precinct 3",Muskegon County Commissioner 7th District,,DEM,Ballots Cast,219,84,131,4,4,0
Muskegon,"City of Norton Shores, Precinct 3",Governor,,REP,Mike Cox,22,11,11,0,0,0
Muskegon,"City of Norton Shores, Precinct 3",Governor,,REP,John James,57,38,18,1,1,0
Muskegon,"City of Norton Shores, Precinct 3",Governor,,REP,Perry Johnson,55,28,25,2,2,0
Muskegon,"City of Norton Shores, Precinct 3",Governor,,REP,Aric Nesbitt,0,0,0,0,0,0
Muskegon,"City of Norton Shores, Precinct 3",Governor,,REP,Ballots Cast,134,77,54,3,3,0
Muskegon,"City of Norton Shores, Precinct 3",U.S. Senate,,REP,Mike Rogers,132,76,53,3,3,0
Muskegon,"City of Norton Shores, Precinct 3",U.S. Senate,,REP,Ballots Cast,132,76,53,3,3,0
Muskegon,"City of Norton Shores, Precinct 3",U.S. House,3,REP,Ryan Cushman,42,20,19,3,3,0
Muskegon,"City of Norton Shores, Precinct 3",U.S. House,3,REP,Terri DeBoer,87,55,32,0,0,0
Muskegon,"City of Norton Shores, Precinct 3",U.S. House,3,REP,Ballots Cast,129,75,51,3,3,0
Muskegon,"City of Norton Shores, Precinct 3",State Senate,32,REP,Kim Cole,69,46,22,1,1,0
Muskegon,"City of Norton Shores, Precinct 3",State Senate,32,REP,Max Riekse,62,28,32,2,2,0
Muskegon,"City of Norton Shores, Precinct 3",State Senate,32,REP,Ballots Cast,131,74,54,3,3,0
Muskegon,"City of Norton Shores, Precinct 3",State House,87,REP,Cody A. Chipman,82,50,31,1,1,0
Muskegon,"City of Norton Shores, Precinct 3",State House,87,REP,Ballots Cast,82,50,31,1,1,0
Muskegon,"City of Norton Shores, Precinct 3",State House,88,REP,Ethan Frasier,5,3,2,0,0,0
Muskegon,"City of Norton Shores, Precinct 3",State House,88,REP,Greg VanWoerkom,37,18,17,2,2,0
Muskegon,"City of Norton Shores, Precinct 3",State House,88,REP,Ballots Cast,42,21,19,2,2,0
Muskegon,"City of Norton Shores, Precinct 3",Muskegon County Commissioner 7th District,,REP,Ballots Cast,0,0,0,0,0,0
Muskegon,"City of Norton Shores, Precinct 3",Muskegon Community College District Operating Millage Restoration,,,Yes,177,76,97,4,4,0
Muskegon,"City of Norton Shores, Precinct 3",Muskegon Community College District Operating Millage Restoration,,,No,176,75,97,4,4,0
Muskegon,"City of Norton Shores, Precinct 3",Muskegon Community College District Operating Millage Restoration,,,Ballots Cast,353,151,194,8,8,0
Muskegon,"City of Norton Shores, Precinct 3","City of Norton Shores, Precinct 3 Delegate to County Convention",,DEM,Ballots Cast,0,0,0,0,0,0
Muskegon,"City of Norton Shores, Precinct 3","City of Norton Shores, Precinct 3 Delegate to County Convention",,REP,Debra S. Null,86,48,38,0,0,0
Muskegon,"City of Norton Shores, Precinct 3","City of Norton Shores, Precinct 3 Delegate to County Convention",,REP,Steven M. Null,85,46,36,3,3,0
Muskegon,"City of Norton Shores, Precinct 3","City of Norton Shores, Precinct 3 Delegate to County Convention",,REP,Ballots Cast,171,94,74,3,3,0
Muskegon,"City of Norton Shores, Precinct 4",Governor,,DEM,Jocelyn Benson,679,169,495,15,15,0
Muskegon,"City of Norton Shores, Precinct 4",Governor,,DEM,Christopher Robert Swanson,87,40,46,1,1,0
Muskegon,"City of Norton Shores, Precinct 4",Governor,,DEM,Justin Blackburn,0,0,0,0,0,0
Muskegon,"City of Norton Shores, Precinct 4",Governor,,DEM,Ballots Cast,766,209,541,16,16,0
Muskegon,"City of Norton Shores, Precinct 4",U.S. Senate,,DEM,Abdul El-Sayed,380,150,218,12,12,0
Muskegon,"City of Norton Shores, Precinct 4",U.S. Senate,,DEM,Mallory McMorrow,40,5,35,0,0,0
Muskegon,"City of Norton Shores, Precinct 4",U.S. Senate,,DEM,Haley Stevens,358,58,296,4,4,0
Muskegon,"City of Norton Shores, Precinct 4",U.S. Senate,,DEM,Ballots Cast,778,213,549,16,16,0
Muskegon,"City of Norton Shores, Precinct 4",U.S. House,3,DEM,Hillary Scholten,728,186,526,16,16,0
Muskegon,"City of Norton Shores, Precinct 4",U.S. House,3,DEM,Ballots Cast,728,186,526,16,16,0
Muskegon,"City of Norton Shores, Precinct 4",State Senate,32,DEM,Rebecca Amidon,700,183,501,16,16,0
Muskegon,"City of Norton Shores, Precinct 4",State Senate,32,DEM,Ballots Cast,700,183,501,16,16,0
Muskegon,"City of Norton Shores, Precinct 4",State House,88,DEM,Kiel Reid,692,182,494,16,16,0
Muskegon,"City of Norton Shores, Precinct 4",State House,88,DEM,Ballots Cast,692,182,494,16,16,0
Muskegon,"City of Norton Shores, Precinct 4",Governor,,REP,Mike Cox,100,27,72,1,1,0
Muskegon,"City of Norton Shores, Precinct 4",Governor,,REP,John James,303,151,147,5,5,0
Muskegon,"City of Norton Shores, Precinct 4",Governor,,REP,Perry Johnson,181,78,101,2,2,0
Muskegon,"City of Norton Shores, Precinct 4",Governor,,REP,Aric Nesbitt,11,4,7,0,0,0
Muskegon,"City of Norton Shores, Precinct 4",Governor,,REP,Ballots Cast,595,260,327,8,8,0
Muskegon,"City of Norton Shores, Precinct 4",U.S. Senate,,REP,Mike Rogers,554,248,298,8,8,0
Muskegon,"City of Norton Shores, Precinct 4",U.S. Senate,,REP,Ballots Cast,554,248,298,8,8,0
Muskegon,"City of Norton Shores, Precinct 4",U.S. House,3,REP,Ryan Cushman,143,62,81,0,0,0
Muskegon,"City of Norton Shores, Precinct 4",U.S. House,3,REP,Terri DeBoer,431,192,232,7,7,0
Muskegon,"City of Norton Shores, Precinct 4",U.S. House,3,REP,Ballots Cast,574,254,313,7,7,0
Muskegon,"City of Norton Shores, Precinct 4",State Senate,32,REP,Kim Cole,360,159,194,7,7,0
Muskegon,"City of Norton Shores, Precinct 4",State Senate,32,REP,Max Riekse,201,87,113,1,1,0
Muskegon,"City of Norton Shores, Precinct 4",State Senate,32,REP,Ballots Cast,561,246,307,8,8,0
Muskegon,"City of Norton Shores, Precinct 4",State House,88,REP,Ethan Frasier,56,29,27,0,0,0
Muskegon,"City of Norton Shores, Precinct 4",State House,88,REP,Greg VanWoerkom,522,226,289,7,7,0
Muskegon,"City of Norton Shores, Precinct 4",State House,88,REP,Ballots Cast,578,255,316,7,7,0
Muskegon,"City of Norton Shores, Precinct 4",Muskegon Community College District Operating Millage Restoration,,,Yes,679,236,430,13,13,0
Muskegon,"City of Norton Shores, Precinct 4",Muskegon Community College District Operating Millage Restoration,,,No,610,198,404,8,8,0
Muskegon,"City of Norton Shores, Precinct 4",Muskegon Community College District Operating Millage Restoration,,,Ballots Cast,1289,434,834,21,21,0
Muskegon,"City of Norton Shores, Precinct 4","City of Norton Shores, Precinct 4 Delegate to County Convention",,DEM,Mary Valentine,682,183,484,15,15,0
Muskegon,"City of Norton Shores, Precinct 4","City of Norton Shores, Precinct 4 Delegate to County Convention",,DEM,Ballots Cast,682,183,484,15,15,0
Muskegon,"City of Norton Shores, Precinct 4","City of Norton Shores, Precinct 4 Delegate to County Convention",,REP,James C. Anton,364,162,195,7,7,0
Muskegon,"City of Norton Shores, Precinct 4","City of Norton Shores, Precinct 4 Delegate to County Convention",,REP,Nathan Bair,335,154,176,5,5,0
Muskegon,"City of Norton Shores, Precinct 4","City of Norton Shores, Precinct 4 Delegate to County Convention",,REP,Ballots Cast,699,316,371,12,12,0
Muskegon,"City of Norton Shores, Precinct 5",Governor,,DEM,Jocelyn Benson,333,89,236,8,8,0
Muskegon,"City of Norton Shores, Precinct 5",Governor,,DEM,Christopher Robert Swanson,44,28,15,1,1,0
Muskegon,"City of Norton Shores, Precinct 5",Governor,,DEM,Justin Blackburn,0,0,0,0,0,0
Muskegon,"City of Norton Shores, Precinct 5",Governor,,DEM,Ballots Cast,377,117,251,9,9,0
Muskegon,"City of Norton Shores, Precinct 5",U.S. Senate,,DEM,Abdul El-Sayed,208,81,122,5,5,0
Muskegon,"City of Norton Shores, Precinct 5",U.S. Senate,,DEM,Mallory McMorrow,20,2,18,0,0,0
Muskegon,"City of Norton Shores, Precinct 5",U.S. Senate,,DEM,Haley Stevens,154,35,114,5,5,0
Muskegon,"City of Norton Shores, Precinct 5",U.S. Senate,,DEM,Ballots Cast,382,118,254,10,10,0
Muskegon,"City of Norton Shores, Precinct 5",U.S. House,3,DEM,Hillary Scholten,337,96,234,7,7,0
Muskegon,"City of Norton Shores, Precinct 5",U.S. House,3,DEM,Ballots Cast,337,96,234,7,7,0
Muskegon,"City of Norton Shores, Precinct 5",State Senate,32,DEM,Rebecca Amidon,327,96,223,8,8,0
Muskegon,"City of Norton Shores, Precinct 5",State Senate,32,DEM,Ballots Cast,327,96,223,8,8,0
Muskegon,"City of Norton Shores, Precinct 5",State House,88,DEM,Kiel Reid,329,96,225,8,8,0
Muskegon,"City of Norton Shores, Precinct 5",State House,88,DEM,Ballots Cast,329,96,225,8,8,0
Muskegon,"City of Norton Shores, Precinct 5",Governor,,REP,Mike Cox,42,14,28,0,0,0
Muskegon,"City of Norton Shores, Precinct 5",Governor,,REP,John James,123,59,64,0,0,0
Muskegon,"City of Norton Shores, Precinct 5",Governor,,REP,Perry Johnson,89,48,40,1,1,0
Muskegon,"City of Norton Shores, Precinct 5",Governor,,REP,Aric Nesbitt,7,0,7,0,0,0
Muskegon,"City of Norton Shores, Precinct 5",Governor,,REP,Ballots Cast,261,121,139,1,1,0
Muskegon,"City of Norton Shores, Precinct 5",U.S. Senate,,REP,Mike Rogers,247,115,131,1,1,0
Muskegon,"City of Norton Shores, Precinct 5",U.S. Senate,,REP,Ballots Cast,247,115,131,1,1,0
Muskegon,"City of Norton Shores, Precinct 5",U.S. House,3,REP,Ryan Cushman,76,33,43,0,0,0
Muskegon,"City of Norton Shores, Precinct 5",U.S. House,3,REP,Terri DeBoer,180,87,92,1,1,0
Muskegon,"City of Norton Shores, Precinct 5",U.S. House,3,REP,Ballots Cast,256,120,135,1,1,0
Muskegon,"City of Norton Shores, Precinct 5",State Senate,32,REP,Kim Cole,135,64,70,1,1,0
Muskegon,"City of Norton Shores, Precinct 5",State Senate,32,REP,Max Riekse,109,51,58,0,0,0
Muskegon,"City of Norton Shores, Precinct 5",State Senate,32,REP,Ballots Cast,244,115,128,1,1,0
Muskegon,"City of Norton Shores, Precinct 5",State House,88,REP,Ethan Frasier,28,13,15,0,0,0
Muskegon,"City of Norton Shores, Precinct 5",State House,88,REP,Greg VanWoerkom,227,105,121,1,1,0
Muskegon,"City of Norton Shores, Precinct 5",State House,88,REP,Ballots Cast,255,118,136,1,1,0
Muskegon,"City of Norton Shores, Precinct 5",Muskegon Community College District Operating Millage Restoration,,,Yes,353,114,233,6,6,0
Muskegon,"City of Norton Shores, Precinct 5",Muskegon Community College District Operating Millage Restoration,,,No,260,113,145,2,2,0
Muskegon,"City of Norton Shores, Precinct 5",Muskegon Community College District Operating Millage Restoration,,,Ballots Cast,613,227,378,8,8,0
Muskegon,"City of Norton Shores, Precinct 5","City of Norton Shores, Precinct 5 Delegate to County Convention",,DEM,Blanche M. Smith,227,60,164,3,3,0
Muskegon,"City of Norton Shores, Precinct 5","City of Norton Shores, Precinct 5 Delegate to County Convention",,DEM,Joyce Walker-Tyson,230,72,154,4,4,0
Muskegon,"City of Norton Shores, Precinct 5","City of Norton Shores, Precinct 5 Delegate to County Convention",,DEM,Ballots Cast,457,132,318,7,7,0
Muskegon,"City of Norton Shores, Precinct 5","City of Norton Shores, Precinct 5 Delegate to County Convention",,REP,Ballots Cast,0,0,0,0,0,0
Muskegon,"City of Norton Shores, Precinct 6",Governor,,DEM,Jocelyn Benson,900,234,660,6,6,0
Muskegon,"City of Norton Shores, Precinct 6",Governor,,DEM,Christopher Robert Swanson,92,40,50,2,2,0
Muskegon,"City of Norton Shores, Precinct 6",Governor,,DEM,Justin Blackburn,0,0,0,0,0,0
Muskegon,"City of Norton Shores, Precinct 6",Governor,,DEM,Ballots Cast,992,274,710,8,8,0
Muskegon,"City of Norton Shores, Precinct 6",U.S. Senate,,DEM,Abdul El-Sayed,489,184,302,3,3,0
Muskegon,"City of Norton Shores, Precinct 6",U.S. Senate,,DEM,Mallory McMorrow,59,11,48,0,0,0
Muskegon,"City of Norton Shores, Precinct 6",U.S. Senate,,DEM,Haley Stevens,464,92,367,5,5,0
Muskegon,"City of Norton Shores, Precinct 6",U.S. Senate,,DEM,Ballots Cast,1012,287,717,8,8,0
Muskegon,"City of Norton Shores, Precinct 6",U.S. House,3,DEM,Hillary Scholten,909,247,654,8,8,0
Muskegon,"City of Norton Shores, Precinct 6",U.S. House,3,DEM,Ballots Cast,909,247,654,8,8,0
Muskegon,"City of Norton Shores, Precinct 6",State Senate,32,DEM,Rebecca Amidon,872,236,629,7,7,0
Muskegon,"City of Norton Shores, Precinct 6",State Senate,32,DEM,Ballots Cast,872,236,629,7,7,0
Muskegon,"City of Norton Shores, Precinct 6",State House,88,DEM,Kiel Reid,874,241,626,7,7,0
Muskegon,"City of Norton Shores, Precinct 6",State House,88,DEM,Ballots Cast,874,241,626,7,7,0
Muskegon,"City of Norton Shores, Precinct 6",Governor,,REP,Mike Cox,80,22,58,0,0,0
Muskegon,"City of Norton Shores, Precinct 6",Governor,,REP,John James,397,157,236,4,4,0
Muskegon,"City of Norton Shores, Precinct 6",Governor,,REP,Perry Johnson,236,102,132,2,2,0
Muskegon,"City of Norton Shores, Precinct 6",Governor,,REP,Aric Nesbitt,11,2,9,0,0,0
Muskegon,"City of Norton Shores, Precinct 6",Governor,,REP,Ballots Cast,724,283,435,6,6,0
Muskegon,"City of Norton Shores, Precinct 6",U.S. Senate,,REP,Mike Rogers,671,266,399,6,6,0
Muskegon,"City of Norton Shores, Precinct 6",U.S. Senate,,REP,Ballots Cast,671,266,399,6,6,0
Muskegon,"City of Norton Shores, Precinct 6",U.S. House,3,REP,Ryan Cushman,124,56,68,0,0,0
Muskegon,"City of Norton Shores, Precinct 6",U.S. House,3,REP,Terri DeBoer,570,214,350,6,6,0
Muskegon,"City of Norton Shores, Precinct 6",U.S. House,3,REP,Ballots Cast,694,270,418,6,6,0
Muskegon,"City of Norton Shores, Precinct 6",State Senate,32,REP,Kim Cole,475,195,276,4,4,0
Muskegon,"City of Norton Shores, Precinct 6",State Senate,32,REP,Max Riekse,192,72,119,1,1,0
Muskegon,"City of Norton Shores, Precinct 6",State Senate,32,REP,Ballots Cast,667,267,395,5,5,0
Muskegon,"City of Norton Shores, Precinct 6",State House,88,REP,Ethan Frasier,67,36,31,0,0,0
Muskegon,"City of Norton Shores, Precinct 6",State House,88,REP,Greg VanWoerkom,640,238,397,5,5,0
Muskegon,"City of Norton Shores, Precinct 6",State House,88,REP,Ballots Cast,707,274,428,5,5,0
Muskegon,"City of Norton Shores, Precinct 6",Muskegon Community College District Operating Millage Restoration,,,Yes,941,288,646,7,7,0
Muskegon,"City of Norton Shores, Precinct 6",Muskegon Community College District Operating Millage Restoration,,,No,736,257,474,5,5,0
Muskegon,"City of Norton Shores, Precinct 6",Muskegon Community College District Operating Millage Restoration,,,Ballots Cast,1677,545,1120,12,12,0
Muskegon,"City of Norton Shores, Precinct 6","City of Norton Shores, Precinct 6 Delegate to County Convention",,DEM,Patricia E. Gaiser,565,149,409,7,7,0
Muskegon,"City of Norton Shores, Precinct 6","City of Norton Shores, Precinct 6 Delegate to County Convention",,DEM,Elizabeth McGough,604,168,430,6,6,0
Muskegon,"City of Norton Shores, Precinct 6","City of Norton Shores, Precinct 6 Delegate to County Convention",,DEM,James Stier,536,119,411,6,6,0
Muskegon,"City of Norton Shores, Precinct 6","City of Norton Shores, Precinct 6 Delegate to County Convention",,DEM,Nancy Stier,559,127,425,7,7,0
Muskegon,"City of Norton Shores, Precinct 6","City of Norton Shores, Precinct 6 Delegate to County Convention",,DEM,Ballots Cast,2264,563,1675,26,26,0
Muskegon,"City of Norton Shores, Precinct 6","City of Norton Shores, Precinct 6 Delegate to County Convention",,REP,Ballots Cast,0,0,0,0,0,0
Muskegon,"City of Roosevelt Park, Precinct 1",Governor,,DEM,Jocelyn Benson,604,260,330,14,14,0
Muskegon,"City of Roosevelt Park, Precinct 1",Governor,,DEM,Christopher Robert Swanson,74,37,29,8,8,0
Muskegon,"City of Roosevelt Park, Precinct 1",Governor,,DEM,Justin Blackburn,0,0,0,0,0,0
Muskegon,"City of Roosevelt Park, Precinct 1",Governor,,DEM,Ballots Cast,678,297,359,22,22,0
Muskegon,"City of Roosevelt Park, Precinct 1",U.S. Senate,,DEM,Abdul El-Sayed,409,231,160,18,18,0
Muskegon,"City of Roosevelt Park, Precinct 1",U.S. Senate,,DEM,Mallory McMorrow,13,2,11,0,0,0
Muskegon,"City of Roosevelt Park, Precinct 1",U.S. Senate,,DEM,Haley Stevens,268,75,189,4,4,0
Muskegon,"City of Roosevelt Park, Precinct 1",U.S. Senate,,DEM,Ballots Cast,690,308,360,22,22,0
Muskegon,"City of Roosevelt Park, Precinct 1",U.S. House,3,DEM,Hillary Scholten,626,266,342,18,18,0
Muskegon,"City of Roosevelt Park, Precinct 1",U.S. House,3,DEM,Ballots Cast,626,266,342,18,18,0
Muskegon,"City of Roosevelt Park, Precinct 1",State Senate,32,DEM,Rebecca Amidon,622,271,332,19,19,0
Muskegon,"City of Roosevelt Park, Precinct 1",State Senate,32,DEM,Ballots Cast,622,271,332,19,19,0
Muskegon,"City of Roosevelt Park, Precinct 1",State House,87,DEM,Will Snyder,609,263,330,16,16,0
Muskegon,"City of Roosevelt Park, Precinct 1",State House,87,DEM,Ballots Cast,609,263,330,16,16,0
Muskegon,"City of Roosevelt Park, Precinct 1",Governor,,REP,Mike Cox,30,16,14,0,0,0
Muskegon,"City of Roosevelt Park, Precinct 1",Governor,,REP,John James,130,71,58,1,1,0
Muskegon,"City of Roosevelt Park, Precinct 1",Governor,,REP,Perry Johnson,113,57,52,4,4,0
Muskegon,"City of Roosevelt Park, Precinct 1",Governor,,REP,Aric Nesbitt,7,2,5,0,0,0
Muskegon,"City of Roosevelt Park, Precinct 1",Governor,,REP,Ballots Cast,280,146,129,5,5,0
Muskegon,"City of Roosevelt Park, Precinct 1",U.S. Senate,,REP,Mike Rogers,257,134,118,5,5,0
Muskegon,"City of Roosevelt Park, Precinct 1",U.S. Senate,,REP,Ballots Cast,257,134,118,5,5,0
Muskegon,"City of Roosevelt Park, Precinct 1",U.S. House,3,REP,Ryan Cushman,68,37,31,0,0,0
Muskegon,"City of Roosevelt Park, Precinct 1",U.S. House,3,REP,Terri DeBoer,205,107,93,5,5,0
Muskegon,"City of Roosevelt Park, Precinct 1",U.S. House,3,REP,Ballots Cast,273,144,124,5,5,0
Muskegon,"City of Roosevelt Park, Precinct 1",State Senate,32,REP,Kim Cole,172,97,71,4,4,0
Muskegon,"City of Roosevelt Park, Precinct 1",State Senate,32,REP,Max Riekse,91,42,49,0,0,0
Muskegon,"City of Roosevelt Park, Precinct 1",State Senate,32,REP,Ballots Cast,263,139,120,4,4,0
Muskegon,"City of Roosevelt Park, Precinct 1",State House,87,REP,Cody A. Chipman,231,121,106,4,4,0
Muskegon,"City of Roosevelt Park, Precinct 1",State House,87,REP,Ballots Cast,231,121,106,4,4,0
Muskegon,"City of Roosevelt Park, Precinct 1",Muskegon Community College District Operating Millage Restoration,,,Yes,572,277,278,17,17,0
Muskegon,"City of Roosevelt Park, Precinct 1",Muskegon Community College District Operating Millage Restoration,,,No,328,138,186,4,4,0
Muskegon,"City of Roosevelt Park, Precinct 1",Muskegon Community College District Operating Millage Restoration,,,Ballots Cast,900,415,464,21,21,0
Muskegon,"City of Roosevelt Park, Precinct 1","City of Roosevelt Park, Precinct 1 Delegate to County Convention",,DEM,Thomas Westerholm,589,269,303,17,17,0
Muskegon,"City of Roosevelt Park, Precinct 1","City of Roosevelt Park, Precinct 1 Delegate to County Convention",,DEM,Ballots Cast,589,269,303,17,17,0
Muskegon,"City of Roosevelt Park, Precinct 1","City of Roosevelt Park, Precinct 1 Delegate to County Convention",,REP,Matt Johnson,249,132,112,5,5,0
Muskegon,"City of Roosevelt Park, Precinct 1","City of Roosevelt Park, Precinct 1 Delegate to County Convention",,REP,Ballots Cast,249,132,112,5,5,0
Muskegon,"City of Whitehall, Precinct 1",Governor,,DEM,Jocelyn Benson,423,171,250,2,2,0
Muskegon,"City of Whitehall, Precinct 1",Governor,,DEM,Christopher Robert Swanson,42,27,14,1,1,0
Muskegon,"City of Whitehall, Precinct 1",Governor,,DEM,Justin Blackburn,0,0,0,0,0,0
Muskegon,"City of Whitehall, Precinct 1",Governor,,DEM,Ballots Cast,465,198,264,3,3,0
Muskegon,"City of Whitehall, Precinct 1",U.S. Senate,,DEM,Abdul El-Sayed,243,128,112,3,3,0
Muskegon,"City of Whitehall, Precinct 1",U.S. Senate,,DEM,Mallory McMorrow,24,8,16,0,0,0
Muskegon,"City of Whitehall, Precinct 1",U.S. Senate,,DEM,Haley Stevens,200,64,136,0,0,0
Muskegon,"City of Whitehall, Precinct 1",U.S. Senate,,DEM,Ballots Cast,467,200,264,3,3,0
Muskegon,"City of Whitehall, Precinct 1",U.S. House,2,DEM,Ben Ambrose,183,78,104,1,1,0
Muskegon,"City of Whitehall, Precinct 1",U.S. House,2,DEM,Jamie Hill,167,77,89,1,1,0
Muskegon,"City of Whitehall, Precinct 1",U.S. House,2,DEM,Clyde Welford,59,24,34,1,1,0
Muskegon,"City of Whitehall, Precinct 1",U.S. House,2,DEM,Ballots Cast,409,179,227,3,3,0
Muskegon,"City of Whitehall, Precinct 1",State Senate,32,DEM,Rebecca Amidon,397,173,221,3,3,0
Muskegon,"City of Whitehall, Precinct 1",State Senate,32,DEM,Ballots Cast,397,173,221,3,3,0
Muskegon,"City of Whitehall, Precinct 1",State House,102,DEM,Angel Coon,387,168,216,3,3,0
Muskegon,"City of Whitehall, Precinct 1",State House,102,DEM,Ballots Cast,387,168,216,3,3,0
Muskegon,"City of Whitehall, Precinct 1",Governor,,REP,Mike Cox,64,24,40,0,0,0
Muskegon,"City of Whitehall, Precinct 1",Governor,,REP,John James,182,89,90,3,3,0
Muskegon,"City of Whitehall, Precinct 1",Governor,,REP,Perry Johnson,109,62,47,0,0,0
Muskegon,"City of Whitehall, Precinct 1",Governor,,REP,Aric Nesbitt,9,3,6,0,0,0
Muskegon,"City of Whitehall, Precinct 1",Governor,,REP,Ballots Cast,364,178,183,3,3,0
Muskegon,"City of Whitehall, Precinct 1",U.S. Senate,,REP,Mike Rogers,344,173,168,3,3,0
Muskegon,"City of Whitehall, Precinct 1",U.S. Senate,,REP,Ballots Cast,344,173,168,3,3,0
Muskegon,"City of Whitehall, Precinct 1",U.S. House,2,REP,John Moolenaar,339,169,167,3,3,0
Muskegon,"City of Whitehall, Precinct 1",U.S. House,2,REP,Ballots Cast,339,169,167,3,3,0
Muskegon,"City of Whitehall, Precinct 1",State Senate,32,REP,Kim Cole,273,132,138,3,3,0
Muskegon,"City of Whitehall, Precinct 1",State Senate,32,REP,Max Riekse,69,42,27,0,0,0
Muskegon,"City of Whitehall, Precinct 1",State Senate,32,REP,Ballots Cast,342,174,165,3,3,0
Muskegon,"City of Whitehall, Precinct 1",State House,102,REP,Curt VanderWall,335,169,163,3,3,0
Muskegon,"City of Whitehall, Precinct 1",State House,102,REP,Ballots Cast,335,169,163,3,3,0
Muskegon,"City of Whitehall, Precinct 1",Muskegon Community College District Operating Millage Restoration,,,Yes,374,158,213,3,3,0
Muskegon,"City of Whitehall, Precinct 1",Muskegon Community College District Operating Millage Restoration,,,No,409,200,206,3,3,0
Muskegon,"City of Whitehall, Precinct 1",Muskegon Community College District Operating Millage Restoration,,,Ballots Cast,783,358,419,6,6,0
Muskegon,"City of Whitehall, Precinct 1","City of Whitehall, Precinct 1 Delegate to County Convention",,DEM,Frank Hollister,272,98,173,1,1,0
Muskegon,"City of Whitehall, Precinct 1","City of Whitehall, Precinct 1 Delegate to County Convention",,DEM,Mary Koenen,276,111,165,0,0,0
Muskegon,"City of Whitehall, Precinct 1","City of Whitehall, Precinct 1 Delegate to County Convention",,DEM,Joan Scott,263,99,163,1,1,0
Muskegon,"City of Whitehall, Precinct 1","City of Whitehall, Precinct 1 Delegate to County Convention",,DEM,Ruth A. Skinner,277,111,165,1,1,0
Muskegon,"City of Whitehall, Precinct 1","City of Whitehall, Precinct 1 Delegate to County Convention",,DEM,Ballots Cast,1088,419,666,3,3,0
Muskegon,"City of Whitehall, Precinct 1","City of Whitehall, Precinct 1 Delegate to County Convention",,REP,Daniel Hardy,275,145,127,3,3,0
Muskegon,"City of Whitehall, Precinct 1","City of Whitehall, Precinct 1 Delegate to County Convention",,REP,Kimela K. Hardy,214,96,116,2,2,0
Muskegon,"City of Whitehall, Precinct 1","City of Whitehall, Precinct 1 Delegate to County Convention",,REP,Ballots Cast,489,241,243,5,5,0
