county,precinct,office,district,party,candidate,votes
Osceola,"Burdell Township, Precinct 1",Governor,,DEM,Christopher Robert Swanson,20
Osceola,"Burdell Township, Precinct 1",Governor,,DEM,Jocelyn Benson,95
Osceola,"Burdell Township, Precinct 1",Governor,,DEM,Ballots Cast,115
Osceola,"Cedar Township, Precinct 1",Governor,,DEM,Christopher Robert Swanson,9
Osceola,"Cedar Township, Precinct 1",Governor,,DEM,Jocelyn Benson,33
Osceola,"Cedar Township, Precinct 1",Governor,,DEM,Ballots Cast,42
Osceola,"City of Evart, Precinct 1",Governor,,DEM,Christopher Robert Swanson,28
Osceola,"City of Evart, Precinct 1",Governor,,DEM,Jocelyn Benson,79
Osceola,"City of Evart, Precinct 1",Governor,,DEM,Ballots Cast,107
Osceola,"City of Reed City, Precinct 1",Governor,,DEM,Christopher Robert Swanson,52
Osceola,"City of Reed City, Precinct 1",Governor,,DEM,Jocelyn Benson,138
Osceola,"City of Reed City, Precinct 1",Governor,,DEM,Ballots Cast,190
Osceola,"Evart Township, Precinct 1",Governor,,DEM,Christopher Robert Swanson,28
Osceola,"Evart Township, Precinct 1",Governor,,DEM,Jocelyn Benson,117
Osceola,"Evart Township, Precinct 1",Governor,,DEM,Write-In,2
Osceola,"Evart Township, Precinct 1",Governor,,DEM,Ballots Cast,147
Osceola,"Hartwick Township, Precinct 1",Governor,,DEM,Christopher Robert Swanson,14
Osceola,"Hartwick Township, Precinct 1",Governor,,DEM,Jocelyn Benson,26
Osceola,"Hartwick Township, Precinct 1",Governor,,DEM,Write-In,1
Osceola,"Hartwick Township, Precinct 1",Governor,,DEM,Ballots Cast,41
Osceola,"Hersey Township, Precinct 1",Governor,,DEM,Christopher Robert Swanson,35
Osceola,"Hersey Township, Precinct 1",Governor,,DEM,Jocelyn Benson,126
Osceola,"Hersey Township, Precinct 1",Governor,,DEM,Ballots Cast,161
Osceola,"Highland Township, Precinct 1",Governor,,DEM,Christopher Robert Swanson,11
Osceola,"Highland Township, Precinct 1",Governor,,DEM,Jocelyn Benson,51
Osceola,"Highland Township, Precinct 1",Governor,,DEM,Ballots Cast,62
Osceola,"Le Roy Township, Precinct 1",Governor,,DEM,Christopher Robert Swanson,18
Osceola,"Le Roy Township, Precinct 1",Governor,,DEM,Jocelyn Benson,80
Osceola,"Le Roy Township, Precinct 1",Governor,,DEM,Ballots Cast,98
Osceola,"Lincoln Township, Precinct 1",Governor,,DEM,Christopher Robert Swanson,34
Osceola,"Lincoln Township, Precinct 1",Governor,,DEM,Jocelyn Benson,91
Osceola,"Lincoln Township, Precinct 1",Governor,,DEM,Write-In,1
Osceola,"Lincoln Township, Precinct 1",Governor,,DEM,Ballots Cast,126
Osceola,"Marion Township, Precinct 1",Governor,,DEM,Christopher Robert Swanson,12
Osceola,"Marion Township, Precinct 1",Governor,,DEM,Jocelyn Benson,87
Osceola,"Marion Township, Precinct 1",Governor,,DEM,Ballots Cast,99
Osceola,"Middle Branch Township, Precinct 1",Governor,,DEM,Christopher Robert Swanson,5
Osceola,"Middle Branch Township, Precinct 1",Governor,,DEM,Jocelyn Benson,44
Osceola,"Middle Branch Township, Precinct 1",Governor,,DEM,Write-In,1
Osceola,"Middle Branch Township, Precinct 1",Governor,,DEM,Ballots Cast,50
Osceola,"Orient Township, Precinct 1",Governor,,DEM,Christopher Robert Swanson,10
Osceola,"Orient Township, Precinct 1",Governor,,DEM,Jocelyn Benson,45
Osceola,"Orient Township, Precinct 1",Governor,,DEM,Ballots Cast,55
Osceola,"Osceola Township, Precinct 1",Governor,,DEM,Christopher Robert Swanson,14
Osceola,"Osceola Township, Precinct 1",Governor,,DEM,Jocelyn Benson,49
Osceola,"Osceola Township, Precinct 1",Governor,,DEM,Write-In,1
Osceola,"Osceola Township, Precinct 1",Governor,,DEM,Ballots Cast,64
Osceola,"Richmond Township, Precinct 1",Governor,,DEM,Christopher Robert Swanson,27
Osceola,"Richmond Township, Precinct 1",Governor,,DEM,Jocelyn Benson,126
Osceola,"Richmond Township, Precinct 1",Governor,,DEM,Ballots Cast,153
Osceola,"Rose Lake Township, Precinct 1",Governor,,DEM,Christopher Robert Swanson,35
Osceola,"Rose Lake Township, Precinct 1",Governor,,DEM,Jocelyn Benson,102
Osceola,"Rose Lake Township, Precinct 1",Governor,,DEM,Write-In,1
Osceola,"Rose Lake Township, Precinct 1",Governor,,DEM,Ballots Cast,138
Osceola,"Sherman Township, Precinct 1",Governor,,DEM,Christopher Robert Swanson,17
Osceola,"Sherman Township, Precinct 1",Governor,,DEM,Jocelyn Benson,61
Osceola,"Sherman Township, Precinct 1",Governor,,DEM,Ballots Cast,78
Osceola,"Sylvan Township, Precinct 1",Governor,,DEM,Christopher Robert Swanson,15
Osceola,"Sylvan Township, Precinct 1",Governor,,DEM,Jocelyn Benson,49
Osceola,"Sylvan Township, Precinct 1",Governor,,DEM,Ballots Cast,64
Osceola,"Burdell Township, Precinct 1",U.S. Senate,,DEM,Abdul El-Sayed,46
Osceola,"Burdell Township, Precinct 1",U.S. Senate,,DEM,Haley Stevens,62
Osceola,"Burdell Township, Precinct 1",U.S. Senate,,DEM,Mallory McMorrow,6
Osceola,"Burdell Township, Precinct 1",U.S. Senate,,DEM,Ballots Cast,114
Osceola,"Cedar Township, Precinct 1",U.S. Senate,,DEM,Abdul El-Sayed,13
Osceola,"Cedar Township, Precinct 1",U.S. Senate,,DEM,Haley Stevens,26
Osceola,"Cedar Township, Precinct 1",U.S. Senate,,DEM,Mallory McMorrow,3
Osceola,"Cedar Township, Precinct 1",U.S. Senate,,DEM,Ballots Cast,42
Osceola,"City of Evart, Precinct 1",U.S. Senate,,DEM,Abdul El-Sayed,40
Osceola,"City of Evart, Precinct 1",U.S. Senate,,DEM,Haley Stevens,60
Osceola,"City of Evart, Precinct 1",U.S. Senate,,DEM,Mallory McMorrow,7
Osceola,"City of Evart, Precinct 1",U.S. Senate,,DEM,Ballots Cast,107
Osceola,"City of Reed City, Precinct 1",U.S. Senate,,DEM,Abdul El-Sayed,89
Osceola,"City of Reed City, Precinct 1",U.S. Senate,,DEM,Haley Stevens,94
Osceola,"City of Reed City, Precinct 1",U.S. Senate,,DEM,Mallory McMorrow,10
Osceola,"City of Reed City, Precinct 1",U.S. Senate,,DEM,Ballots Cast,193
Osceola,"Evart Township, Precinct 1",U.S. Senate,,DEM,Abdul El-Sayed,56
Osceola,"Evart Township, Precinct 1",U.S. Senate,,DEM,Haley Stevens,80
Osceola,"Evart Township, Precinct 1",U.S. Senate,,DEM,Mallory McMorrow,7
Osceola,"Evart Township, Precinct 1",U.S. Senate,,DEM,Ballots Cast,143
Osceola,"Hartwick Township, Precinct 1",U.S. Senate,,DEM,Abdul El-Sayed,19
Osceola,"Hartwick Township, Precinct 1",U.S. Senate,,DEM,Haley Stevens,21
Osceola,"Hartwick Township, Precinct 1",U.S. Senate,,DEM,Mallory McMorrow,2
Osceola,"Hartwick Township, Precinct 1",U.S. Senate,,DEM,Ballots Cast,42
Osceola,"Hersey Township, Precinct 1",U.S. Senate,,DEM,Abdul El-Sayed,89
Osceola,"Hersey Township, Precinct 1",U.S. Senate,,DEM,Haley Stevens,62
Osceola,"Hersey Township, Precinct 1",U.S. Senate,,DEM,Mallory McMorrow,12
Osceola,"Hersey Township, Precinct 1",U.S. Senate,,DEM,Ballots Cast,163
Osceola,"Highland Township, Precinct 1",U.S. Senate,,DEM,Abdul El-Sayed,24
Osceola,"Highland Township, Precinct 1",U.S. Senate,,DEM,Haley Stevens,37
Osceola,"Highland Township, Precinct 1",U.S. Senate,,DEM,Mallory McMorrow,1
Osceola,"Highland Township, Precinct 1",U.S. Senate,,DEM,Ballots Cast,62
Osceola,"Le Roy Township, Precinct 1",U.S. Senate,,DEM,Abdul El-Sayed,39
Osceola,"Le Roy Township, Precinct 1",U.S. Senate,,DEM,Haley Stevens,48
Osceola,"Le Roy Township, Precinct 1",U.S. Senate,,DEM,Mallory McMorrow,9
Osceola,"Le Roy Township, Precinct 1",U.S. Senate,,DEM,Ballots Cast,96
Osceola,"Lincoln Township, Precinct 1",U.S. Senate,,DEM,Abdul El-Sayed,47
Osceola,"Lincoln Township, Precinct 1",U.S. Senate,,DEM,Haley Stevens,65
Osceola,"Lincoln Township, Precinct 1",U.S. Senate,,DEM,Mallory McMorrow,11
Osceola,"Lincoln Township, Precinct 1",U.S. Senate,,DEM,Ballots Cast,123
Osceola,"Marion Township, Precinct 1",U.S. Senate,,DEM,Abdul El-Sayed,34
Osceola,"Marion Township, Precinct 1",U.S. Senate,,DEM,Haley Stevens,60
Osceola,"Marion Township, Precinct 1",U.S. Senate,,DEM,Mallory McMorrow,6
Osceola,"Marion Township, Precinct 1",U.S. Senate,,DEM,Ballots Cast,100
Osceola,"Middle Branch Township, Precinct 1",U.S. Senate,,DEM,Abdul El-Sayed,23
Osceola,"Middle Branch Township, Precinct 1",U.S. Senate,,DEM,Haley Stevens,27
Osceola,"Middle Branch Township, Precinct 1",U.S. Senate,,DEM,Mallory McMorrow,3
Osceola,"Middle Branch Township, Precinct 1",U.S. Senate,,DEM,Ballots Cast,53
Osceola,"Orient Township, Precinct 1",U.S. Senate,,DEM,Abdul El-Sayed,23
Osceola,"Orient Township, Precinct 1",U.S. Senate,,DEM,Haley Stevens,26
Osceola,"Orient Township, Precinct 1",U.S. Senate,,DEM,Mallory McMorrow,9
Osceola,"Orient Township, Precinct 1",U.S. Senate,,DEM,Ballots Cast,58
Osceola,"Osceola Township, Precinct 1",U.S. Senate,,DEM,Abdul El-Sayed,19
Osceola,"Osceola Township, Precinct 1",U.S. Senate,,DEM,Haley Stevens,42
Osceola,"Osceola Township, Precinct 1",U.S. Senate,,DEM,Mallory McMorrow,2
Osceola,"Osceola Township, Precinct 1",U.S. Senate,,DEM,Ballots Cast,63
Osceola,"Richmond Township, Precinct 1",U.S. Senate,,DEM,Abdul El-Sayed,65
Osceola,"Richmond Township, Precinct 1",U.S. Senate,,DEM,Haley Stevens,80
Osceola,"Richmond Township, Precinct 1",U.S. Senate,,DEM,Mallory McMorrow,9
Osceola,"Richmond Township, Precinct 1",U.S. Senate,,DEM,Ballots Cast,154
Osceola,"Rose Lake Township, Precinct 1",U.S. Senate,,DEM,Abdul El-Sayed,58
Osceola,"Rose Lake Township, Precinct 1",U.S. Senate,,DEM,Haley Stevens,73
Osceola,"Rose Lake Township, Precinct 1",U.S. Senate,,DEM,Mallory McMorrow,5
Osceola,"Rose Lake Township, Precinct 1",U.S. Senate,,DEM,Write-In,1
Osceola,"Rose Lake Township, Precinct 1",U.S. Senate,,DEM,Ballots Cast,137
Osceola,"Sherman Township, Precinct 1",U.S. Senate,,DEM,Abdul El-Sayed,25
Osceola,"Sherman Township, Precinct 1",U.S. Senate,,DEM,Haley Stevens,44
Osceola,"Sherman Township, Precinct 1",U.S. Senate,,DEM,Mallory McMorrow,11
Osceola,"Sherman Township, Precinct 1",U.S. Senate,,DEM,Ballots Cast,80
Osceola,"Sylvan Township, Precinct 1",U.S. Senate,,DEM,Abdul El-Sayed,21
Osceola,"Sylvan Township, Precinct 1",U.S. Senate,,DEM,Haley Stevens,38
Osceola,"Sylvan Township, Precinct 1",U.S. Senate,,DEM,Mallory McMorrow,4
Osceola,"Sylvan Township, Precinct 1",U.S. Senate,,DEM,Ballots Cast,63
Osceola,"Burdell Township, Precinct 1",U.S. House,2,DEM,Ben Ambrose,46
Osceola,"Burdell Township, Precinct 1",U.S. House,2,DEM,Clyde Welford,11
Osceola,"Burdell Township, Precinct 1",U.S. House,2,DEM,Jamie Hill,45
Osceola,"Burdell Township, Precinct 1",U.S. House,2,DEM,Ballots Cast,102
Osceola,"Cedar Township, Precinct 1",U.S. House,2,DEM,Ben Ambrose,13
Osceola,"Cedar Township, Precinct 1",U.S. House,2,DEM,Clyde Welford,6
Osceola,"Cedar Township, Precinct 1",U.S. House,2,DEM,Jamie Hill,19
Osceola,"Cedar Township, Precinct 1",U.S. House,2,DEM,Ballots Cast,38
Osceola,"City of Evart, Precinct 1",U.S. House,2,DEM,Ben Ambrose,42
Osceola,"City of Evart, Precinct 1",U.S. House,2,DEM,Clyde Welford,9
Osceola,"City of Evart, Precinct 1",U.S. House,2,DEM,Jamie Hill,47
Osceola,"City of Evart, Precinct 1",U.S. House,2,DEM,Ballots Cast,98
Osceola,"City of Reed City, Precinct 1",U.S. House,2,DEM,Ben Ambrose,72
Osceola,"City of Reed City, Precinct 1",U.S. House,2,DEM,Clyde Welford,31
Osceola,"City of Reed City, Precinct 1",U.S. House,2,DEM,Jamie Hill,72
Osceola,"City of Reed City, Precinct 1",U.S. House,2,DEM,Ballots Cast,175
Osceola,"Evart Township, Precinct 1",U.S. House,2,DEM,Ben Ambrose,68
Osceola,"Evart Township, Precinct 1",U.S. House,2,DEM,Clyde Welford,14
Osceola,"Evart Township, Precinct 1",U.S. House,2,DEM,Jamie Hill,43
Osceola,"Evart Township, Precinct 1",U.S. House,2,DEM,Write-In,1
Osceola,"Evart Township, Precinct 1",U.S. House,2,DEM,Ballots Cast,126
Osceola,"Hartwick Township, Precinct 1",U.S. House,2,DEM,Ben Ambrose,14
Osceola,"Hartwick Township, Precinct 1",U.S. House,2,DEM,Clyde Welford,5
Osceola,"Hartwick Township, Precinct 1",U.S. House,2,DEM,Jamie Hill,18
Osceola,"Hartwick Township, Precinct 1",U.S. House,2,DEM,Ballots Cast,37
Osceola,"Hersey Township, Precinct 1",U.S. House,2,DEM,Ben Ambrose,43
Osceola,"Hersey Township, Precinct 1",U.S. House,2,DEM,Clyde Welford,29
Osceola,"Hersey Township, Precinct 1",U.S. House,2,DEM,Jamie Hill,57
Osceola,"Hersey Township, Precinct 1",U.S. House,2,DEM,Write-In,1
Osceola,"Hersey Township, Precinct 1",U.S. House,2,DEM,Ballots Cast,130
Osceola,"Highland Township, Precinct 1",U.S. House,2,DEM,Ben Ambrose,22
Osceola,"Highland Township, Precinct 1",U.S. House,2,DEM,Clyde Welford,16
Osceola,"Highland Township, Precinct 1",U.S. House,2,DEM,Jamie Hill,18
Osceola,"Highland Township, Precinct 1",U.S. House,2,DEM,Ballots Cast,56
Osceola,"Le Roy Township, Precinct 1",U.S. House,2,DEM,Ben Ambrose,30
Osceola,"Le Roy Township, Precinct 1",U.S. House,2,DEM,Clyde Welford,11
Osceola,"Le Roy Township, Precinct 1",U.S. House,2,DEM,Jamie Hill,39
Osceola,"Le Roy Township, Precinct 1",U.S. House,2,DEM,Ballots Cast,80
Osceola,"Lincoln Township, Precinct 1",U.S. House,2,DEM,Ben Ambrose,40
Osceola,"Lincoln Township, Precinct 1",U.S. House,2,DEM,Clyde Welford,17
Osceola,"Lincoln Township, Precinct 1",U.S. House,2,DEM,Jamie Hill,52
Osceola,"Lincoln Township, Precinct 1",U.S. House,2,DEM,Write-In,1
Osceola,"Lincoln Township, Precinct 1",U.S. House,2,DEM,Ballots Cast,110
Osceola,"Marion Township, Precinct 1",U.S. House,2,DEM,Ben Ambrose,31
Osceola,"Marion Township, Precinct 1",U.S. House,2,DEM,Clyde Welford,19
Osceola,"Marion Township, Precinct 1",U.S. House,2,DEM,Jamie Hill,40
Osceola,"Marion Township, Precinct 1",U.S. House,2,DEM,Write-In,1
Osceola,"Marion Township, Precinct 1",U.S. House,2,DEM,Ballots Cast,91
Osceola,"Middle Branch Township, Precinct 1",U.S. House,2,DEM,Ben Ambrose,25
Osceola,"Middle Branch Township, Precinct 1",U.S. House,2,DEM,Clyde Welford,4
Osceola,"Middle Branch Township, Precinct 1",U.S. House,2,DEM,Jamie Hill,18
Osceola,"Middle Branch Township, Precinct 1",U.S. House,2,DEM,Ballots Cast,47
Osceola,"Orient Township, Precinct 1",U.S. House,2,DEM,Ben Ambrose,14
Osceola,"Orient Township, Precinct 1",U.S. House,2,DEM,Clyde Welford,8
Osceola,"Orient Township, Precinct 1",U.S. House,2,DEM,Jamie Hill,29
Osceola,"Orient Township, Precinct 1",U.S. House,2,DEM,Ballots Cast,51
Osceola,"Osceola Township, Precinct 1",U.S. House,2,DEM,Ben Ambrose,17
Osceola,"Osceola Township, Precinct 1",U.S. House,2,DEM,Clyde Welford,14
Osceola,"Osceola Township, Precinct 1",U.S. House,2,DEM,Jamie Hill,21
Osceola,"Osceola Township, Precinct 1",U.S. House,2,DEM,Ballots Cast,52
Osceola,"Richmond Township, Precinct 1",U.S. House,2,DEM,Ben Ambrose,57
Osceola,"Richmond Township, Precinct 1",U.S. House,2,DEM,Clyde Welford,23
Osceola,"Richmond Township, Precinct 1",U.S. House,2,DEM,Jamie Hill,54
Osceola,"Richmond Township, Precinct 1",U.S. House,2,DEM,Ballots Cast,134
Osceola,"Rose Lake Township, Precinct 1",U.S. House,2,DEM,Ben Ambrose,37
Osceola,"Rose Lake Township, Precinct 1",U.S. House,2,DEM,Clyde Welford,16
Osceola,"Rose Lake Township, Precinct 1",U.S. House,2,DEM,Jamie Hill,65
Osceola,"Rose Lake Township, Precinct 1",U.S. House,2,DEM,Write-In,1
Osceola,"Rose Lake Township, Precinct 1",U.S. House,2,DEM,Ballots Cast,119
Osceola,"Sherman Township, Precinct 1",U.S. House,2,DEM,Ben Ambrose,32
Osceola,"Sherman Township, Precinct 1",U.S. House,2,DEM,Clyde Welford,8
Osceola,"Sherman Township, Precinct 1",U.S. House,2,DEM,Jamie Hill,25
Osceola,"Sherman Township, Precinct 1",U.S. House,2,DEM,Ballots Cast,65
Osceola,"Sylvan Township, Precinct 1",U.S. House,2,DEM,Ben Ambrose,28
Osceola,"Sylvan Township, Precinct 1",U.S. House,2,DEM,Clyde Welford,6
Osceola,"Sylvan Township, Precinct 1",U.S. House,2,DEM,Jamie Hill,26
Osceola,"Sylvan Township, Precinct 1",U.S. House,2,DEM,Ballots Cast,60
Osceola,"Burdell Township, Precinct 1",State Senate,34,DEM,Tyler Landgraf,94
Osceola,"Burdell Township, Precinct 1",State Senate,34,DEM,Write-In,1
Osceola,"Burdell Township, Precinct 1",State Senate,34,DEM,Ballots Cast,95
Osceola,"Cedar Township, Precinct 1",State Senate,34,DEM,Tyler Landgraf,34
Osceola,"Cedar Township, Precinct 1",State Senate,34,DEM,Ballots Cast,34
Osceola,"City of Evart, Precinct 1",State Senate,34,DEM,Tyler Landgraf,88
Osceola,"City of Evart, Precinct 1",State Senate,34,DEM,Write-In,1
Osceola,"City of Evart, Precinct 1",State Senate,34,DEM,Ballots Cast,89
Osceola,"City of Reed City, Precinct 1",State Senate,34,DEM,Tyler Landgraf,167
Osceola,"City of Reed City, Precinct 1",State Senate,34,DEM,Write-In,2
Osceola,"City of Reed City, Precinct 1",State Senate,34,DEM,Ballots Cast,169
Osceola,"Evart Township, Precinct 1",State Senate,34,DEM,Tyler Landgraf,123
Osceola,"Evart Township, Precinct 1",State Senate,34,DEM,Write-In,2
Osceola,"Evart Township, Precinct 1",State Senate,34,DEM,Ballots Cast,125
Osceola,"Hartwick Township, Precinct 1",State Senate,34,DEM,Tyler Landgraf,38
Osceola,"Hartwick Township, Precinct 1",State Senate,34,DEM,Ballots Cast,38
Osceola,"Hersey Township, Precinct 1",State Senate,34,DEM,Tyler Landgraf,125
Osceola,"Hersey Township, Precinct 1",State Senate,34,DEM,Ballots Cast,125
Osceola,"Highland Township, Precinct 1",State Senate,34,DEM,Tyler Landgraf,51
Osceola,"Highland Township, Precinct 1",State Senate,34,DEM,Ballots Cast,51
Osceola,"Le Roy Township, Precinct 1",State Senate,34,DEM,Tyler Landgraf,78
Osceola,"Le Roy Township, Precinct 1",State Senate,34,DEM,Write-In,1
Osceola,"Le Roy Township, Precinct 1",State Senate,34,DEM,Ballots Cast,79
Osceola,"Lincoln Township, Precinct 1",State Senate,34,DEM,Tyler Landgraf,101
Osceola,"Lincoln Township, Precinct 1",State Senate,34,DEM,Write-In,1
Osceola,"Lincoln Township, Precinct 1",State Senate,34,DEM,Ballots Cast,102
Osceola,"Marion Township, Precinct 1",State Senate,34,DEM,Tyler Landgraf,80
Osceola,"Marion Township, Precinct 1",State Senate,34,DEM,Write-In,2
Osceola,"Marion Township, Precinct 1",State Senate,34,DEM,Ballots Cast,82
Osceola,"Middle Branch Township, Precinct 1",State Senate,34,DEM,Tyler Landgraf,44
Osceola,"Middle Branch Township, Precinct 1",State Senate,34,DEM,Ballots Cast,44
Osceola,"Orient Township, Precinct 1",State Senate,34,DEM,Tyler Landgraf,47
Osceola,"Orient Township, Precinct 1",State Senate,34,DEM,Ballots Cast,47
Osceola,"Osceola Township, Precinct 1",State Senate,34,DEM,Tyler Landgraf,49
Osceola,"Osceola Township, Precinct 1",State Senate,34,DEM,Ballots Cast,49
Osceola,"Richmond Township, Precinct 1",State Senate,34,DEM,Tyler Landgraf,130
Osceola,"Richmond Township, Precinct 1",State Senate,34,DEM,Write-In,1
Osceola,"Richmond Township, Precinct 1",State Senate,34,DEM,Ballots Cast,131
Osceola,"Rose Lake Township, Precinct 1",State Senate,34,DEM,Tyler Landgraf,114
Osceola,"Rose Lake Township, Precinct 1",State Senate,34,DEM,Write-In,1
Osceola,"Rose Lake Township, Precinct 1",State Senate,34,DEM,Ballots Cast,115
Osceola,"Sherman Township, Precinct 1",State Senate,34,DEM,Tyler Landgraf,60
Osceola,"Sherman Township, Precinct 1",State Senate,34,DEM,Ballots Cast,60
Osceola,"Sylvan Township, Precinct 1",State Senate,34,DEM,Tyler Landgraf,56
Osceola,"Sylvan Township, Precinct 1",State Senate,34,DEM,Ballots Cast,56
Osceola,"Burdell Township, Precinct 1",State House,100,DEM,Tracy Ruell,94
Osceola,"Burdell Township, Precinct 1",State House,100,DEM,Write-In,1
Osceola,"Burdell Township, Precinct 1",State House,100,DEM,Ballots Cast,95
Osceola,"Cedar Township, Precinct 1",State House,100,DEM,Tracy Ruell,37
Osceola,"Cedar Township, Precinct 1",State House,100,DEM,Ballots Cast,37
Osceola,"City of Evart, Precinct 1",State House,100,DEM,Tracy Ruell,95
Osceola,"City of Evart, Precinct 1",State House,100,DEM,Write-In,1
Osceola,"City of Evart, Precinct 1",State House,100,DEM,Ballots Cast,96
Osceola,"City of Reed City, Precinct 1",State House,100,DEM,Tracy Ruell,173
Osceola,"City of Reed City, Precinct 1",State House,100,DEM,Write-In,1
Osceola,"City of Reed City, Precinct 1",State House,100,DEM,Ballots Cast,174
Osceola,"Evart Township, Precinct 1",State House,100,DEM,Tracy Ruell,122
Osceola,"Evart Township, Precinct 1",State House,100,DEM,Write-In,3
Osceola,"Evart Township, Precinct 1",State House,100,DEM,Ballots Cast,125
Osceola,"Hartwick Township, Precinct 1",State House,100,DEM,Tracy Ruell,38
Osceola,"Hartwick Township, Precinct 1",State House,100,DEM,Ballots Cast,38
Osceola,"Hersey Township, Precinct 1",State House,100,DEM,Tracy Ruell,138
Osceola,"Hersey Township, Precinct 1",State House,100,DEM,Ballots Cast,138
Osceola,"Highland Township, Precinct 1",State House,100,DEM,Tracy Ruell,51
Osceola,"Highland Township, Precinct 1",State House,100,DEM,Ballots Cast,51
Osceola,"Le Roy Township, Precinct 1",State House,100,DEM,Tracy Ruell,81
Osceola,"Le Roy Township, Precinct 1",State House,100,DEM,Write-In,1
Osceola,"Le Roy Township, Precinct 1",State House,100,DEM,Ballots Cast,82
Osceola,"Lincoln Township, Precinct 1",State House,100,DEM,Tracy Ruell,105
Osceola,"Lincoln Township, Precinct 1",State House,100,DEM,Ballots Cast,105
Osceola,"Marion Township, Precinct 1",State House,100,DEM,Tracy Ruell,82
Osceola,"Marion Township, Precinct 1",State House,100,DEM,Write-In,1
Osceola,"Marion Township, Precinct 1",State House,100,DEM,Ballots Cast,83
Osceola,"Middle Branch Township, Precinct 1",State House,100,DEM,Tracy Ruell,44
Osceola,"Middle Branch Township, Precinct 1",State House,100,DEM,Ballots Cast,44
Osceola,"Orient Township, Precinct 1",State House,100,DEM,Tracy Ruell,49
Osceola,"Orient Township, Precinct 1",State House,100,DEM,Ballots Cast,49
Osceola,"Osceola Township, Precinct 1",State House,100,DEM,Tracy Ruell,52
Osceola,"Osceola Township, Precinct 1",State House,100,DEM,Ballots Cast,52
Osceola,"Richmond Township, Precinct 1",State House,100,DEM,Tracy Ruell,132
Osceola,"Richmond Township, Precinct 1",State House,100,DEM,Write-In,1
Osceola,"Richmond Township, Precinct 1",State House,100,DEM,Ballots Cast,133
Osceola,"Rose Lake Township, Precinct 1",State House,100,DEM,Tracy Ruell,117
Osceola,"Rose Lake Township, Precinct 1",State House,100,DEM,Write-In,1
Osceola,"Rose Lake Township, Precinct 1",State House,100,DEM,Ballots Cast,118
Osceola,"Sherman Township, Precinct 1",State House,100,DEM,Tracy Ruell,59
Osceola,"Sherman Township, Precinct 1",State House,100,DEM,Ballots Cast,59
Osceola,"Sylvan Township, Precinct 1",State House,100,DEM,Tracy Ruell,56
Osceola,"Sylvan Township, Precinct 1",State House,100,DEM,Ballots Cast,56
Osceola,"Burdell Township, Precinct 1",Osceola County Road Commissioner,,DEM,Write-In,9
Osceola,"Burdell Township, Precinct 1",Osceola County Road Commissioner,,DEM,Ballots Cast,9
Osceola,"Cedar Township, Precinct 1",Osceola County Road Commissioner,,DEM,Write-In,3
Osceola,"Cedar Township, Precinct 1",Osceola County Road Commissioner,,DEM,Ballots Cast,3
Osceola,"City of Evart, Precinct 1",Osceola County Road Commissioner,,DEM,Write-In,9
Osceola,"City of Evart, Precinct 1",Osceola County Road Commissioner,,DEM,Ballots Cast,9
Osceola,"City of Reed City, Precinct 1",Osceola County Road Commissioner,,DEM,Write-In,18
Osceola,"City of Reed City, Precinct 1",Osceola County Road Commissioner,,DEM,Ballots Cast,18
Osceola,"Evart Township, Precinct 1",Osceola County Road Commissioner,,DEM,Write-In,17
Osceola,"Evart Township, Precinct 1",Osceola County Road Commissioner,,DEM,Ballots Cast,17
Osceola,"Hartwick Township, Precinct 1",Osceola County Road Commissioner,,DEM,Write-In,3
Osceola,"Hartwick Township, Precinct 1",Osceola County Road Commissioner,,DEM,Ballots Cast,3
Osceola,"Hersey Township, Precinct 1",Osceola County Road Commissioner,,DEM,Write-In,16
Osceola,"Hersey Township, Precinct 1",Osceola County Road Commissioner,,DEM,Ballots Cast,16
Osceola,"Highland Township, Precinct 1",Osceola County Road Commissioner,,DEM,Write-In,4
Osceola,"Highland Township, Precinct 1",Osceola County Road Commissioner,,DEM,Ballots Cast,4
Osceola,"Le Roy Township, Precinct 1",Osceola County Road Commissioner,,DEM,Write-In,5
Osceola,"Le Roy Township, Precinct 1",Osceola County Road Commissioner,,DEM,Ballots Cast,5
Osceola,"Lincoln Township, Precinct 1",Osceola County Road Commissioner,,DEM,Write-In,12
Osceola,"Lincoln Township, Precinct 1",Osceola County Road Commissioner,,DEM,Ballots Cast,12
Osceola,"Marion Township, Precinct 1",Osceola County Road Commissioner,,DEM,Write-In,12
Osceola,"Marion Township, Precinct 1",Osceola County Road Commissioner,,DEM,Ballots Cast,12
Osceola,"Middle Branch Township, Precinct 1",Osceola County Road Commissioner,,DEM,Write-In,7
Osceola,"Middle Branch Township, Precinct 1",Osceola County Road Commissioner,,DEM,Ballots Cast,7
Osceola,"Orient Township, Precinct 1",Osceola County Road Commissioner,,DEM,Write-In,6
Osceola,"Orient Township, Precinct 1",Osceola County Road Commissioner,,DEM,Ballots Cast,6
Osceola,"Osceola Township, Precinct 1",Osceola County Road Commissioner,,DEM,Write-In,6
Osceola,"Osceola Township, Precinct 1",Osceola County Road Commissioner,,DEM,Ballots Cast,6
Osceola,"Richmond Township, Precinct 1",Osceola County Road Commissioner,,DEM,Write-In,5
Osceola,"Richmond Township, Precinct 1",Osceola County Road Commissioner,,DEM,Ballots Cast,5
Osceola,"Rose Lake Township, Precinct 1",Osceola County Road Commissioner,,DEM,Write-In,14
Osceola,"Rose Lake Township, Precinct 1",Osceola County Road Commissioner,,DEM,Ballots Cast,14
Osceola,"Sherman Township, Precinct 1",Osceola County Road Commissioner,,DEM,Write-In,6
Osceola,"Sherman Township, Precinct 1",Osceola County Road Commissioner,,DEM,Ballots Cast,6
Osceola,"Sylvan Township, Precinct 1",Osceola County Road Commissioner,,DEM,Write-In,11
Osceola,"Sylvan Township, Precinct 1",Osceola County Road Commissioner,,DEM,Ballots Cast,11
Osceola,"Hersey Township, Precinct 1",Hersey Township Supervisor Partial Term Ending 11/20/2028,,DEM,Write-In,15
Osceola,"Hersey Township, Precinct 1",Hersey Township Supervisor Partial Term Ending 11/20/2028,,DEM,Ballots Cast,15
Osceola,"Hersey Township, Precinct 1",Hersey Township Treasurer Partial Term Ending 11/20/2028,,DEM,Write-In,14
Osceola,"Hersey Township, Precinct 1",Hersey Township Treasurer Partial Term Ending 11/20/2028,,DEM,Ballots Cast,14
Osceola,"City of Evart, Precinct 1",City of Evart Delegate to County Convention,,DEM,Marvin D. Van Haitsma,89
Osceola,"City of Evart, Precinct 1",City of Evart Delegate to County Convention,,DEM,Write-In,2
Osceola,"City of Evart, Precinct 1",City of Evart Delegate to County Convention,,DEM,Ballots Cast,91
Osceola,"City of Reed City, Precinct 1",Reed City Delegate to County Convention,,DEM,Teri Lovelette,161
Osceola,"City of Reed City, Precinct 1",Reed City Delegate to County Convention,,DEM,Write-In,1
Osceola,"City of Reed City, Precinct 1",Reed City Delegate to County Convention,,DEM,Ballots Cast,162
Osceola,"Burdell Township, Precinct 1",Burdell Township Delegate to County Convention,,DEM,Write-In,9
Osceola,"Burdell Township, Precinct 1",Burdell Township Delegate to County Convention,,DEM,Ballots Cast,9
Osceola,"Cedar Township, Precinct 1",Cedar Township Delegate to County Convention,,DEM,Harold R. Simon Jr.,33
Osceola,"Cedar Township, Precinct 1",Cedar Township Delegate to County Convention,,DEM,Ballots Cast,33
Osceola,"Evart Township, Precinct 1",Evart Township Delegate to County Convention,,DEM,Penney L. Nichols-Whitehead,117
Osceola,"Evart Township, Precinct 1",Evart Township Delegate to County Convention,,DEM,Write-In,3
Osceola,"Evart Township, Precinct 1",Evart Township Delegate to County Convention,,DEM,Ballots Cast,120
Osceola,"Hartwick Township, Precinct 1",Hartwick Township Delegate to County Convention,,DEM,Write-In,4
Osceola,"Hartwick Township, Precinct 1",Hartwick Township Delegate to County Convention,,DEM,Ballots Cast,4
Osceola,"Hersey Township, Precinct 1",Hersey Township Delegate to County Convention,,DEM,Steve Petoskey,114
Osceola,"Hersey Township, Precinct 1",Hersey Township Delegate to County Convention,,DEM,Write-In,1
Osceola,"Hersey Township, Precinct 1",Hersey Township Delegate to County Convention,,DEM,Ballots Cast,115
Osceola,"Highland Township, Precinct 1",Highland Township Delegate to County Convention,,DEM,Christene Weavers,46
Osceola,"Highland Township, Precinct 1",Highland Township Delegate to County Convention,,DEM,Ballots Cast,46
Osceola,"Le Roy Township, Precinct 1",Le Roy Township Delegate to County Convention,,DEM,Write-In,4
Osceola,"Le Roy Township, Precinct 1",Le Roy Township Delegate to County Convention,,DEM,Ballots Cast,4
Osceola,"Lincoln Township, Precinct 1",Lincoln Township Delegate to County Convention,,DEM,Tracy N. Busch,103
Osceola,"Lincoln Township, Precinct 1",Lincoln Township Delegate to County Convention,,DEM,Ballots Cast,103
Osceola,"Marion Township, Precinct 1",Marion Township Delegate to County Convention,,DEM,Write-In,11
Osceola,"Marion Township, Precinct 1",Marion Township Delegate to County Convention,,DEM,Ballots Cast,11
Osceola,"Middle Branch Township, Precinct 1",Middle Branch Township Delegate to County Convention,,DEM,Write-In,6
Osceola,"Middle Branch Township, Precinct 1",Middle Branch Township Delegate to County Convention,,DEM,Ballots Cast,6
Osceola,"Orient Township, Precinct 1",Orient Township Delegate to County Convention,,DEM,Write-In,4
Osceola,"Orient Township, Precinct 1",Orient Township Delegate to County Convention,,DEM,Ballots Cast,4
Osceola,"Osceola Township, Precinct 1",Osceola Township Delegate to County Convention,,DEM,Write-In,5
Osceola,"Osceola Township, Precinct 1",Osceola Township Delegate to County Convention,,DEM,Ballots Cast,5
Osceola,"Richmond Township, Precinct 1",Richmond Township Delegate to County Convention,,DEM,Destiny Potoczek,101
Osceola,"Richmond Township, Precinct 1",Richmond Township Delegate to County Convention,,DEM,Megan F. Wiswesser,102
Osceola,"Richmond Township, Precinct 1",Richmond Township Delegate to County Convention,,DEM,Ballots Cast,203
Osceola,"Rose Lake Township, Precinct 1",Rose Lake Township Delegate to County Convention,,DEM,Sherry Wade,115
Osceola,"Rose Lake Township, Precinct 1",Rose Lake Township Delegate to County Convention,,DEM,Write-In,1
Osceola,"Rose Lake Township, Precinct 1",Rose Lake Township Delegate to County Convention,,DEM,Ballots Cast,116
Osceola,"Sherman Township, Precinct 1",Sherman Township Delegate to County Convention,,DEM,Write-In,5
Osceola,"Sherman Township, Precinct 1",Sherman Township Delegate to County Convention,,DEM,Ballots Cast,5
Osceola,"Sylvan Township, Precinct 1",Sylvan Township Delegate to County Convention,,DEM,Jay B. Pozner,51
Osceola,"Sylvan Township, Precinct 1",Sylvan Township Delegate to County Convention,,DEM,Ballots Cast,51
Osceola,"Burdell Township, Precinct 1",Governor,,REP,Aric Nesbitt,4
Osceola,"Burdell Township, Precinct 1",Governor,,REP,John James,96
Osceola,"Burdell Township, Precinct 1",Governor,,REP,Mike Cox,25
Osceola,"Burdell Township, Precinct 1",Governor,,REP,Perry Johnson,96
Osceola,"Burdell Township, Precinct 1",Governor,,REP,Ballots Cast,221
Osceola,"Cedar Township, Precinct 1",Governor,,REP,John James,53
Osceola,"Cedar Township, Precinct 1",Governor,,REP,Mike Cox,13
Osceola,"Cedar Township, Precinct 1",Governor,,REP,Perry Johnson,57
Osceola,"Cedar Township, Precinct 1",Governor,,REP,Ballots Cast,123
Osceola,"City of Evart, Precinct 1",Governor,,REP,Aric Nesbitt,2
Osceola,"City of Evart, Precinct 1",Governor,,REP,John James,62
Osceola,"City of Evart, Precinct 1",Governor,,REP,Mike Cox,30
Osceola,"City of Evart, Precinct 1",Governor,,REP,Perry Johnson,61
Osceola,"City of Evart, Precinct 1",Governor,,REP,Write-In,2
Osceola,"City of Evart, Precinct 1",Governor,,REP,Ballots Cast,157
Osceola,"City of Reed City, Precinct 1",Governor,,REP,Aric Nesbitt,4
Osceola,"City of Reed City, Precinct 1",Governor,,REP,John James,114
Osceola,"City of Reed City, Precinct 1",Governor,,REP,Mike Cox,27
Osceola,"City of Reed City, Precinct 1",Governor,,REP,Perry Johnson,83
Osceola,"City of Reed City, Precinct 1",Governor,,REP,Ballots Cast,228
Osceola,"Evart Township, Precinct 1",Governor,,REP,Aric Nesbitt,5
Osceola,"Evart Township, Precinct 1",Governor,,REP,John James,100
Osceola,"Evart Township, Precinct 1",Governor,,REP,Mike Cox,25
Osceola,"Evart Township, Precinct 1",Governor,,REP,Perry Johnson,104
Osceola,"Evart Township, Precinct 1",Governor,,REP,Write-In,2
Osceola,"Evart Township, Precinct 1",Governor,,REP,Ballots Cast,236
Osceola,"Hartwick Township, Precinct 1",Governor,,REP,Aric Nesbitt,1
Osceola,"Hartwick Township, Precinct 1",Governor,,REP,John James,49
Osceola,"Hartwick Township, Precinct 1",Governor,,REP,Mike Cox,18
Osceola,"Hartwick Township, Precinct 1",Governor,,REP,Perry Johnson,46
Osceola,"Hartwick Township, Precinct 1",Governor,,REP,Ballots Cast,114
Osceola,"Hersey Township, Precinct 1",Governor,,REP,Aric Nesbitt,2
Osceola,"Hersey Township, Precinct 1",Governor,,REP,John James,111
Osceola,"Hersey Township, Precinct 1",Governor,,REP,Mike Cox,43
Osceola,"Hersey Township, Precinct 1",Governor,,REP,Perry Johnson,133
Osceola,"Hersey Township, Precinct 1",Governor,,REP,Write-In,1
Osceola,"Hersey Township, Precinct 1",Governor,,REP,Ballots Cast,290
Osceola,"Highland Township, Precinct 1",Governor,,REP,Aric Nesbitt,2
Osceola,"Highland Township, Precinct 1",Governor,,REP,John James,75
Osceola,"Highland Township, Precinct 1",Governor,,REP,Mike Cox,13
Osceola,"Highland Township, Precinct 1",Governor,,REP,Perry Johnson,62
Osceola,"Highland Township, Precinct 1",Governor,,REP,Ballots Cast,152
Osceola,"Le Roy Township, Precinct 1",Governor,,REP,Aric Nesbitt,3
Osceola,"Le Roy Township, Precinct 1",Governor,,REP,John James,93
Osceola,"Le Roy Township, Precinct 1",Governor,,REP,Mike Cox,17
Osceola,"Le Roy Township, Precinct 1",Governor,,REP,Perry Johnson,89
Osceola,"Le Roy Township, Precinct 1",Governor,,REP,Write-In,1
Osceola,"Le Roy Township, Precinct 1",Governor,,REP,Ballots Cast,203
Osceola,"Lincoln Township, Precinct 1",Governor,,REP,Aric Nesbitt,7
Osceola,"Lincoln Township, Precinct 1",Governor,,REP,John James,129
Osceola,"Lincoln Township, Precinct 1",Governor,,REP,Mike Cox,27
Osceola,"Lincoln Township, Precinct 1",Governor,,REP,Perry Johnson,95
Osceola,"Lincoln Township, Precinct 1",Governor,,REP,Write-In,2
Osceola,"Lincoln Township, Precinct 1",Governor,,REP,Ballots Cast,260
Osceola,"Marion Township, Precinct 1",Governor,,REP,Aric Nesbitt,5
Osceola,"Marion Township, Precinct 1",Governor,,REP,John James,74
Osceola,"Marion Township, Precinct 1",Governor,,REP,Mike Cox,23
Osceola,"Marion Township, Precinct 1",Governor,,REP,Perry Johnson,97
Osceola,"Marion Township, Precinct 1",Governor,,REP,Ballots Cast,199
Osceola,"Middle Branch Township, Precinct 1",Governor,,REP,Aric Nesbitt,3
Osceola,"Middle Branch Township, Precinct 1",Governor,,REP,John James,52
Osceola,"Middle Branch Township, Precinct 1",Governor,,REP,Mike Cox,22
Osceola,"Middle Branch Township, Precinct 1",Governor,,REP,Perry Johnson,70
Osceola,"Middle Branch Township, Precinct 1",Governor,,REP,Write-In,1
Osceola,"Middle Branch Township, Precinct 1",Governor,,REP,Ballots Cast,148
Osceola,"Orient Township, Precinct 1",Governor,,REP,Aric Nesbitt,6
Osceola,"Orient Township, Precinct 1",Governor,,REP,John James,70
Osceola,"Orient Township, Precinct 1",Governor,,REP,Mike Cox,15
Osceola,"Orient Township, Precinct 1",Governor,,REP,Perry Johnson,62
Osceola,"Orient Township, Precinct 1",Governor,,REP,Write-In,1
Osceola,"Orient Township, Precinct 1",Governor,,REP,Ballots Cast,154
Osceola,"Osceola Township, Precinct 1",Governor,,REP,Aric Nesbitt,5
Osceola,"Osceola Township, Precinct 1",Governor,,REP,John James,75
Osceola,"Osceola Township, Precinct 1",Governor,,REP,Mike Cox,21
Osceola,"Osceola Township, Precinct 1",Governor,,REP,Perry Johnson,60
Osceola,"Osceola Township, Precinct 1",Governor,,REP,Write-In,3
Osceola,"Osceola Township, Precinct 1",Governor,,REP,Ballots Cast,164
Osceola,"Richmond Township, Precinct 1",Governor,,REP,Aric Nesbitt,7
Osceola,"Richmond Township, Precinct 1",Governor,,REP,John James,154
Osceola,"Richmond Township, Precinct 1",Governor,,REP,Mike Cox,50
Osceola,"Richmond Township, Precinct 1",Governor,,REP,Perry Johnson,130
Osceola,"Richmond Township, Precinct 1",Governor,,REP,Write-In,1
Osceola,"Richmond Township, Precinct 1",Governor,,REP,Ballots Cast,342
Osceola,"Rose Lake Township, Precinct 1",Governor,,REP,Aric Nesbitt,3
Osceola,"Rose Lake Township, Precinct 1",Governor,,REP,John James,108
Osceola,"Rose Lake Township, Precinct 1",Governor,,REP,Mike Cox,33
Osceola,"Rose Lake Township, Precinct 1",Governor,,REP,Perry Johnson,94
Osceola,"Rose Lake Township, Precinct 1",Governor,,REP,Write-In,1
Osceola,"Rose Lake Township, Precinct 1",Governor,,REP,Ballots Cast,239
Osceola,"Sherman Township, Precinct 1",Governor,,REP,Aric Nesbitt,1
Osceola,"Sherman Township, Precinct 1",Governor,,REP,John James,77
Osceola,"Sherman Township, Precinct 1",Governor,,REP,Mike Cox,14
Osceola,"Sherman Township, Precinct 1",Governor,,REP,Perry Johnson,82
Osceola,"Sherman Township, Precinct 1",Governor,,REP,Ballots Cast,174
Osceola,"Sylvan Township, Precinct 1",Governor,,REP,Aric Nesbitt,6
Osceola,"Sylvan Township, Precinct 1",Governor,,REP,John James,66
Osceola,"Sylvan Township, Precinct 1",Governor,,REP,Mike Cox,22
Osceola,"Sylvan Township, Precinct 1",Governor,,REP,Perry Johnson,86
Osceola,"Sylvan Township, Precinct 1",Governor,,REP,Ballots Cast,180
Osceola,"Burdell Township, Precinct 1",U.S. Senate,,REP,Mike Rogers,206
Osceola,"Burdell Township, Precinct 1",U.S. Senate,,REP,Write-In,3
Osceola,"Burdell Township, Precinct 1",U.S. Senate,,REP,Ballots Cast,209
Osceola,"Cedar Township, Precinct 1",U.S. Senate,,REP,Mike Rogers,113
Osceola,"Cedar Township, Precinct 1",U.S. Senate,,REP,Write-In,1
Osceola,"Cedar Township, Precinct 1",U.S. Senate,,REP,Ballots Cast,114
Osceola,"City of Evart, Precinct 1",U.S. Senate,,REP,Mike Rogers,150
Osceola,"City of Evart, Precinct 1",U.S. Senate,,REP,Write-In,1
Osceola,"City of Evart, Precinct 1",U.S. Senate,,REP,Ballots Cast,151
Osceola,"City of Reed City, Precinct 1",U.S. Senate,,REP,Mike Rogers,224
Osceola,"City of Reed City, Precinct 1",U.S. Senate,,REP,Ballots Cast,224
Osceola,"Evart Township, Precinct 1",U.S. Senate,,REP,Mike Rogers,221
Osceola,"Evart Township, Precinct 1",U.S. Senate,,REP,Ballots Cast,221
Osceola,"Hartwick Township, Precinct 1",U.S. Senate,,REP,Mike Rogers,112
Osceola,"Hartwick Township, Precinct 1",U.S. Senate,,REP,Ballots Cast,112
Osceola,"Hersey Township, Precinct 1",U.S. Senate,,REP,Mike Rogers,280
Osceola,"Hersey Township, Precinct 1",U.S. Senate,,REP,Write-In,2
Osceola,"Hersey Township, Precinct 1",U.S. Senate,,REP,Ballots Cast,282
Osceola,"Highland Township, Precinct 1",U.S. Senate,,REP,Mike Rogers,147
Osceola,"Highland Township, Precinct 1",U.S. Senate,,REP,Write-In,1
Osceola,"Highland Township, Precinct 1",U.S. Senate,,REP,Ballots Cast,148
Osceola,"Le Roy Township, Precinct 1",U.S. Senate,,REP,Mike Rogers,191
Osceola,"Le Roy Township, Precinct 1",U.S. Senate,,REP,Ballots Cast,191
Osceola,"Lincoln Township, Precinct 1",U.S. Senate,,REP,Mike Rogers,246
Osceola,"Lincoln Township, Precinct 1",U.S. Senate,,REP,Ballots Cast,246
Osceola,"Marion Township, Precinct 1",U.S. Senate,,REP,Mike Rogers,192
Osceola,"Marion Township, Precinct 1",U.S. Senate,,REP,Ballots Cast,192
Osceola,"Middle Branch Township, Precinct 1",U.S. Senate,,REP,Mike Rogers,141
Osceola,"Middle Branch Township, Precinct 1",U.S. Senate,,REP,Write-In,1
Osceola,"Middle Branch Township, Precinct 1",U.S. Senate,,REP,Ballots Cast,142
Osceola,"Orient Township, Precinct 1",U.S. Senate,,REP,Mike Rogers,148
Osceola,"Orient Township, Precinct 1",U.S. Senate,,REP,Ballots Cast,148
Osceola,"Osceola Township, Precinct 1",U.S. Senate,,REP,Mike Rogers,154
Osceola,"Osceola Township, Precinct 1",U.S. Senate,,REP,Ballots Cast,154
Osceola,"Richmond Township, Precinct 1",U.S. Senate,,REP,Mike Rogers,335
Osceola,"Richmond Township, Precinct 1",U.S. Senate,,REP,Ballots Cast,335
Osceola,"Rose Lake Township, Precinct 1",U.S. Senate,,REP,Mike Rogers,227
Osceola,"Rose Lake Township, Precinct 1",U.S. Senate,,REP,Ballots Cast,227
Osceola,"Sherman Township, Precinct 1",U.S. Senate,,REP,Mike Rogers,169
Osceola,"Sherman Township, Precinct 1",U.S. Senate,,REP,Ballots Cast,169
Osceola,"Sylvan Township, Precinct 1",U.S. Senate,,REP,Mike Rogers,173
Osceola,"Sylvan Township, Precinct 1",U.S. Senate,,REP,Ballots Cast,173
Osceola,"Burdell Township, Precinct 1",U.S. House,2,REP,John Moolenaar,205
Osceola,"Burdell Township, Precinct 1",U.S. House,2,REP,Write-In,1
Osceola,"Burdell Township, Precinct 1",U.S. House,2,REP,Ballots Cast,206
Osceola,"Cedar Township, Precinct 1",U.S. House,2,REP,John Moolenaar,117
Osceola,"Cedar Township, Precinct 1",U.S. House,2,REP,Ballots Cast,117
Osceola,"City of Evart, Precinct 1",U.S. House,2,REP,John Moolenaar,148
Osceola,"City of Evart, Precinct 1",U.S. House,2,REP,Write-In,1
Osceola,"City of Evart, Precinct 1",U.S. House,2,REP,Ballots Cast,149
Osceola,"City of Reed City, Precinct 1",U.S. House,2,REP,John Moolenaar,219
Osceola,"City of Reed City, Precinct 1",U.S. House,2,REP,Ballots Cast,219
Osceola,"Evart Township, Precinct 1",U.S. House,2,REP,John Moolenaar,217
Osceola,"Evart Township, Precinct 1",U.S. House,2,REP,Ballots Cast,217
Osceola,"Hartwick Township, Precinct 1",U.S. House,2,REP,John Moolenaar,113
Osceola,"Hartwick Township, Precinct 1",U.S. House,2,REP,Ballots Cast,113
Osceola,"Hersey Township, Precinct 1",U.S. House,2,REP,John Moolenaar,277
Osceola,"Hersey Township, Precinct 1",U.S. House,2,REP,Ballots Cast,277
Osceola,"Highland Township, Precinct 1",U.S. House,2,REP,John Moolenaar,145
Osceola,"Highland Township, Precinct 1",U.S. House,2,REP,Write-In,1
Osceola,"Highland Township, Precinct 1",U.S. House,2,REP,Ballots Cast,146
Osceola,"Le Roy Township, Precinct 1",U.S. House,2,REP,John Moolenaar,185
Osceola,"Le Roy Township, Precinct 1",U.S. House,2,REP,Ballots Cast,185
Osceola,"Lincoln Township, Precinct 1",U.S. House,2,REP,John Moolenaar,240
Osceola,"Lincoln Township, Precinct 1",U.S. House,2,REP,Ballots Cast,240
Osceola,"Marion Township, Precinct 1",U.S. House,2,REP,John Moolenaar,185
Osceola,"Marion Township, Precinct 1",U.S. House,2,REP,Write-In,2
Osceola,"Marion Township, Precinct 1",U.S. House,2,REP,Ballots Cast,187
Osceola,"Middle Branch Township, Precinct 1",U.S. House,2,REP,John Moolenaar,136
Osceola,"Middle Branch Township, Precinct 1",U.S. House,2,REP,Write-In,1
Osceola,"Middle Branch Township, Precinct 1",U.S. House,2,REP,Ballots Cast,137
Osceola,"Orient Township, Precinct 1",U.S. House,2,REP,John Moolenaar,146
Osceola,"Orient Township, Precinct 1",U.S. House,2,REP,Ballots Cast,146
Osceola,"Osceola Township, Precinct 1",U.S. House,2,REP,John Moolenaar,151
Osceola,"Osceola Township, Precinct 1",U.S. House,2,REP,Write-In,1
Osceola,"Osceola Township, Precinct 1",U.S. House,2,REP,Ballots Cast,152
Osceola,"Richmond Township, Precinct 1",U.S. House,2,REP,John Moolenaar,336
Osceola,"Richmond Township, Precinct 1",U.S. House,2,REP,Ballots Cast,336
Osceola,"Rose Lake Township, Precinct 1",U.S. House,2,REP,John Moolenaar,222
Osceola,"Rose Lake Township, Precinct 1",U.S. House,2,REP,Write-In,1
Osceola,"Rose Lake Township, Precinct 1",U.S. House,2,REP,Ballots Cast,223
Osceola,"Sherman Township, Precinct 1",U.S. House,2,REP,John Moolenaar,166
Osceola,"Sherman Township, Precinct 1",U.S. House,2,REP,Ballots Cast,166
Osceola,"Sylvan Township, Precinct 1",U.S. House,2,REP,John Moolenaar,172
Osceola,"Sylvan Township, Precinct 1",U.S. House,2,REP,Ballots Cast,172
Osceola,"Burdell Township, Precinct 1",State Senate,34,REP,Rhonda L. Lange,37
Osceola,"Burdell Township, Precinct 1",State Senate,34,REP,Roger Hauck,170
Osceola,"Burdell Township, Precinct 1",State Senate,34,REP,Write-In,1
Osceola,"Burdell Township, Precinct 1",State Senate,34,REP,Ballots Cast,208
Osceola,"Cedar Township, Precinct 1",State Senate,34,REP,Rhonda L. Lange,41
Osceola,"Cedar Township, Precinct 1",State Senate,34,REP,Roger Hauck,71
Osceola,"Cedar Township, Precinct 1",State Senate,34,REP,Write-In,1
Osceola,"Cedar Township, Precinct 1",State Senate,34,REP,Ballots Cast,113
Osceola,"City of Evart, Precinct 1",State Senate,34,REP,Rhonda L. Lange,28
Osceola,"City of Evart, Precinct 1",State Senate,34,REP,Roger Hauck,122
Osceola,"City of Evart, Precinct 1",State Senate,34,REP,Ballots Cast,150
Osceola,"City of Reed City, Precinct 1",State Senate,34,REP,Rhonda L. Lange,92
Osceola,"City of Reed City, Precinct 1",State Senate,34,REP,Roger Hauck,133
Osceola,"City of Reed City, Precinct 1",State Senate,34,REP,Ballots Cast,225
Osceola,"Evart Township, Precinct 1",State Senate,34,REP,Rhonda L. Lange,48
Osceola,"Evart Township, Precinct 1",State Senate,34,REP,Roger Hauck,177
Osceola,"Evart Township, Precinct 1",State Senate,34,REP,Ballots Cast,225
Osceola,"Hartwick Township, Precinct 1",State Senate,34,REP,Rhonda L. Lange,19
Osceola,"Hartwick Township, Precinct 1",State Senate,34,REP,Roger Hauck,89
Osceola,"Hartwick Township, Precinct 1",State Senate,34,REP,Ballots Cast,108
Osceola,"Hersey Township, Precinct 1",State Senate,34,REP,Rhonda L. Lange,89
Osceola,"Hersey Township, Precinct 1",State Senate,34,REP,Roger Hauck,185
Osceola,"Hersey Township, Precinct 1",State Senate,34,REP,Ballots Cast,274
Osceola,"Highland Township, Precinct 1",State Senate,34,REP,Rhonda L. Lange,31
Osceola,"Highland Township, Precinct 1",State Senate,34,REP,Roger Hauck,114
Osceola,"Highland Township, Precinct 1",State Senate,34,REP,Ballots Cast,145
Osceola,"Le Roy Township, Precinct 1",State Senate,34,REP,Rhonda L. Lange,49
Osceola,"Le Roy Township, Precinct 1",State Senate,34,REP,Roger Hauck,140
Osceola,"Le Roy Township, Precinct 1",State Senate,34,REP,Ballots Cast,189
Osceola,"Lincoln Township, Precinct 1",State Senate,34,REP,Rhonda L. Lange,94
Osceola,"Lincoln Township, Precinct 1",State Senate,34,REP,Roger Hauck,155
Osceola,"Lincoln Township, Precinct 1",State Senate,34,REP,Ballots Cast,249
Osceola,"Marion Township, Precinct 1",State Senate,34,REP,Rhonda L. Lange,34
Osceola,"Marion Township, Precinct 1",State Senate,34,REP,Roger Hauck,154
Osceola,"Marion Township, Precinct 1",State Senate,34,REP,Write-In,2
Osceola,"Marion Township, Precinct 1",State Senate,34,REP,Ballots Cast,190
Osceola,"Middle Branch Township, Precinct 1",State Senate,34,REP,Rhonda L. Lange,33
Osceola,"Middle Branch Township, Precinct 1",State Senate,34,REP,Roger Hauck,109
Osceola,"Middle Branch Township, Precinct 1",State Senate,34,REP,Ballots Cast,142
Osceola,"Orient Township, Precinct 1",State Senate,34,REP,Rhonda L. Lange,29
Osceola,"Orient Township, Precinct 1",State Senate,34,REP,Roger Hauck,121
Osceola,"Orient Township, Precinct 1",State Senate,34,REP,Ballots Cast,150
Osceola,"Osceola Township, Precinct 1",State Senate,34,REP,Rhonda L. Lange,30
Osceola,"Osceola Township, Precinct 1",State Senate,34,REP,Roger Hauck,133
Osceola,"Osceola Township, Precinct 1",State Senate,34,REP,Ballots Cast,163
Osceola,"Richmond Township, Precinct 1",State Senate,34,REP,Rhonda L. Lange,109
Osceola,"Richmond Township, Precinct 1",State Senate,34,REP,Roger Hauck,225
Osceola,"Richmond Township, Precinct 1",State Senate,34,REP,Write-In,1
Osceola,"Richmond Township, Precinct 1",State Senate,34,REP,Ballots Cast,335
Osceola,"Rose Lake Township, Precinct 1",State Senate,34,REP,Rhonda L. Lange,66
Osceola,"Rose Lake Township, Precinct 1",State Senate,34,REP,Roger Hauck,165
Osceola,"Rose Lake Township, Precinct 1",State Senate,34,REP,Ballots Cast,231
Osceola,"Sherman Township, Precinct 1",State Senate,34,REP,Rhonda L. Lange,25
Osceola,"Sherman Township, Precinct 1",State Senate,34,REP,Roger Hauck,143
Osceola,"Sherman Township, Precinct 1",State Senate,34,REP,Ballots Cast,168
Osceola,"Sylvan Township, Precinct 1",State Senate,34,REP,Rhonda L. Lange,43
Osceola,"Sylvan Township, Precinct 1",State Senate,34,REP,Roger Hauck,129
Osceola,"Sylvan Township, Precinct 1",State Senate,34,REP,Ballots Cast,172
Osceola,"Burdell Township, Precinct 1",State House,100,REP,Tom Kunse,198
Osceola,"Burdell Township, Precinct 1",State House,100,REP,Write-In,2
Osceola,"Burdell Township, Precinct 1",State House,100,REP,Ballots Cast,200
Osceola,"Cedar Township, Precinct 1",State House,100,REP,Tom Kunse,112
Osceola,"Cedar Township, Precinct 1",State House,100,REP,Write-In,1
Osceola,"Cedar Township, Precinct 1",State House,100,REP,Ballots Cast,113
Osceola,"City of Evart, Precinct 1",State House,100,REP,Tom Kunse,146
Osceola,"City of Evart, Precinct 1",State House,100,REP,Write-In,2
Osceola,"City of Evart, Precinct 1",State House,100,REP,Ballots Cast,148
Osceola,"City of Reed City, Precinct 1",State House,100,REP,Tom Kunse,216
Osceola,"City of Reed City, Precinct 1",State House,100,REP,Ballots Cast,216
Osceola,"Evart Township, Precinct 1",State House,100,REP,Tom Kunse,214
Osceola,"Evart Township, Precinct 1",State House,100,REP,Ballots Cast,214
Osceola,"Hartwick Township, Precinct 1",State House,100,REP,Tom Kunse,111
Osceola,"Hartwick Township, Precinct 1",State House,100,REP,Ballots Cast,111
Osceola,"Hersey Township, Precinct 1",State House,100,REP,Tom Kunse,263
Osceola,"Hersey Township, Precinct 1",State House,100,REP,Ballots Cast,263
Osceola,"Highland Township, Precinct 1",State House,100,REP,Tom Kunse,145
Osceola,"Highland Township, Precinct 1",State House,100,REP,Write-In,1
Osceola,"Highland Township, Precinct 1",State House,100,REP,Ballots Cast,146
Osceola,"Le Roy Township, Precinct 1",State House,100,REP,Tom Kunse,180
Osceola,"Le Roy Township, Precinct 1",State House,100,REP,Write-In,1
Osceola,"Le Roy Township, Precinct 1",State House,100,REP,Ballots Cast,181
Osceola,"Lincoln Township, Precinct 1",State House,100,REP,Tom Kunse,236
Osceola,"Lincoln Township, Precinct 1",State House,100,REP,Ballots Cast,236
Osceola,"Marion Township, Precinct 1",State House,100,REP,Tom Kunse,184
Osceola,"Marion Township, Precinct 1",State House,100,REP,Ballots Cast,184
Osceola,"Middle Branch Township, Precinct 1",State House,100,REP,Tom Kunse,138
Osceola,"Middle Branch Township, Precinct 1",State House,100,REP,Ballots Cast,138
Osceola,"Orient Township, Precinct 1",State House,100,REP,Tom Kunse,144
Osceola,"Orient Township, Precinct 1",State House,100,REP,Ballots Cast,144
Osceola,"Osceola Township, Precinct 1",State House,100,REP,Tom Kunse,153
Osceola,"Osceola Township, Precinct 1",State House,100,REP,Write-In,1
Osceola,"Osceola Township, Precinct 1",State House,100,REP,Ballots Cast,154
Osceola,"Richmond Township, Precinct 1",State House,100,REP,Tom Kunse,326
Osceola,"Richmond Township, Precinct 1",State House,100,REP,Write-In,1
Osceola,"Richmond Township, Precinct 1",State House,100,REP,Ballots Cast,327
Osceola,"Rose Lake Township, Precinct 1",State House,100,REP,Tom Kunse,223
Osceola,"Rose Lake Township, Precinct 1",State House,100,REP,Ballots Cast,223
Osceola,"Sherman Township, Precinct 1",State House,100,REP,Tom Kunse,166
Osceola,"Sherman Township, Precinct 1",State House,100,REP,Ballots Cast,166
Osceola,"Sylvan Township, Precinct 1",State House,100,REP,Tom Kunse,167
Osceola,"Sylvan Township, Precinct 1",State House,100,REP,Write-In,1
Osceola,"Sylvan Township, Precinct 1",State House,100,REP,Ballots Cast,168
Osceola,"Burdell Township, Precinct 1",Osceola County Road Commissioner,,REP,Terry Robert Wanstead,198
Osceola,"Burdell Township, Precinct 1",Osceola County Road Commissioner,,REP,Write-In,2
Osceola,"Burdell Township, Precinct 1",Osceola County Road Commissioner,,REP,Ballots Cast,200
Osceola,"Cedar Township, Precinct 1",Osceola County Road Commissioner,,REP,Terry Robert Wanstead,111
Osceola,"Cedar Township, Precinct 1",Osceola County Road Commissioner,,REP,Ballots Cast,111
Osceola,"City of Evart, Precinct 1",Osceola County Road Commissioner,,REP,Terry Robert Wanstead,141
Osceola,"City of Evart, Precinct 1",Osceola County Road Commissioner,,REP,Write-In,1
Osceola,"City of Evart, Precinct 1",Osceola County Road Commissioner,,REP,Ballots Cast,142
Osceola,"City of Reed City, Precinct 1",Osceola County Road Commissioner,,REP,Terry Robert Wanstead,214
Osceola,"City of Reed City, Precinct 1",Osceola County Road Commissioner,,REP,Write-In,1
Osceola,"City of Reed City, Precinct 1",Osceola County Road Commissioner,,REP,Ballots Cast,215
Osceola,"Evart Township, Precinct 1",Osceola County Road Commissioner,,REP,Terry Robert Wanstead,212
Osceola,"Evart Township, Precinct 1",Osceola County Road Commissioner,,REP,Ballots Cast,212
Osceola,"Hartwick Township, Precinct 1",Osceola County Road Commissioner,,REP,Terry Robert Wanstead,106
Osceola,"Hartwick Township, Precinct 1",Osceola County Road Commissioner,,REP,Ballots Cast,106
Osceola,"Hersey Township, Precinct 1",Osceola County Road Commissioner,,REP,Terry Robert Wanstead,250
Osceola,"Hersey Township, Precinct 1",Osceola County Road Commissioner,,REP,Write-In,1
Osceola,"Hersey Township, Precinct 1",Osceola County Road Commissioner,,REP,Ballots Cast,251
Osceola,"Highland Township, Precinct 1",Osceola County Road Commissioner,,REP,Terry Robert Wanstead,140
Osceola,"Highland Township, Precinct 1",Osceola County Road Commissioner,,REP,Write-In,2
Osceola,"Highland Township, Precinct 1",Osceola County Road Commissioner,,REP,Ballots Cast,142
Osceola,"Le Roy Township, Precinct 1",Osceola County Road Commissioner,,REP,Terry Robert Wanstead,188
Osceola,"Le Roy Township, Precinct 1",Osceola County Road Commissioner,,REP,Write-In,2
Osceola,"Le Roy Township, Precinct 1",Osceola County Road Commissioner,,REP,Ballots Cast,190
Osceola,"Lincoln Township, Precinct 1",Osceola County Road Commissioner,,REP,Terry Robert Wanstead,237
Osceola,"Lincoln Township, Precinct 1",Osceola County Road Commissioner,,REP,Ballots Cast,237
Osceola,"Marion Township, Precinct 1",Osceola County Road Commissioner,,REP,Terry Robert Wanstead,177
Osceola,"Marion Township, Precinct 1",Osceola County Road Commissioner,,REP,Write-In,3
Osceola,"Marion Township, Precinct 1",Osceola County Road Commissioner,,REP,Ballots Cast,180
Osceola,"Middle Branch Township, Precinct 1",Osceola County Road Commissioner,,REP,Terry Robert Wanstead,134
Osceola,"Middle Branch Township, Precinct 1",Osceola County Road Commissioner,,REP,Ballots Cast,134
Osceola,"Orient Township, Precinct 1",Osceola County Road Commissioner,,REP,Terry Robert Wanstead,138
Osceola,"Orient Township, Precinct 1",Osceola County Road Commissioner,,REP,Write-In,2
Osceola,"Orient Township, Precinct 1",Osceola County Road Commissioner,,REP,Ballots Cast,140
Osceola,"Osceola Township, Precinct 1",Osceola County Road Commissioner,,REP,Terry Robert Wanstead,151
Osceola,"Osceola Township, Precinct 1",Osceola County Road Commissioner,,REP,Ballots Cast,151
Osceola,"Richmond Township, Precinct 1",Osceola County Road Commissioner,,REP,Terry Robert Wanstead,321
Osceola,"Richmond Township, Precinct 1",Osceola County Road Commissioner,,REP,Ballots Cast,321
Osceola,"Rose Lake Township, Precinct 1",Osceola County Road Commissioner,,REP,Terry Robert Wanstead,227
Osceola,"Rose Lake Township, Precinct 1",Osceola County Road Commissioner,,REP,Ballots Cast,227
Osceola,"Sherman Township, Precinct 1",Osceola County Road Commissioner,,REP,Terry Robert Wanstead,166
Osceola,"Sherman Township, Precinct 1",Osceola County Road Commissioner,,REP,Ballots Cast,166
Osceola,"Sylvan Township, Precinct 1",Osceola County Road Commissioner,,REP,Terry Robert Wanstead,165
Osceola,"Sylvan Township, Precinct 1",Osceola County Road Commissioner,,REP,Write-In,2
Osceola,"Sylvan Township, Precinct 1",Osceola County Road Commissioner,,REP,Ballots Cast,167
Osceola,"Hersey Township, Precinct 1",Hersey Township Supervisor Partial Term Ending 11/20/2028,,REP,Write-In,48
Osceola,"Hersey Township, Precinct 1",Hersey Township Supervisor Partial Term Ending 11/20/2028,,REP,Ballots Cast,48
Osceola,"Hersey Township, Precinct 1",Hersey Township Treasurer Partial Term Ending 11/20/2028,,REP,Susan Martinez,240
Osceola,"Hersey Township, Precinct 1",Hersey Township Treasurer Partial Term Ending 11/20/2028,,REP,Write-In,1
Osceola,"Hersey Township, Precinct 1",Hersey Township Treasurer Partial Term Ending 11/20/2028,,REP,Ballots Cast,241
Osceola,"City of Evart, Precinct 1",City of Evart Delegate to County Convention,,REP,Write-In,8
Osceola,"City of Evart, Precinct 1",City of Evart Delegate to County Convention,,REP,Ballots Cast,8
Osceola,"City of Reed City, Precinct 1",Reed City Delegate to County Convention(REP),,,Write-In,11
Osceola,"City of Reed City, Precinct 1",Reed City Delegate to County Convention(REP),,,Ballots Cast,11
Osceola,"Burdell Township, Precinct 1",Burdell Township Delegate to County Convention,,REP,Laurie Jo Millen,190
Osceola,"Burdell Township, Precinct 1",Burdell Township Delegate to County Convention,,REP,Write-In,3
Osceola,"Burdell Township, Precinct 1",Burdell Township Delegate to County Convention,,REP,Ballots Cast,193
Osceola,"Cedar Township, Precinct 1",Cedar Township Delegate to County Convention,,REP,Write-In,22
Osceola,"Cedar Township, Precinct 1",Cedar Township Delegate to County Convention,,REP,Ballots Cast,22
Osceola,"Evart Township, Precinct 1",Evart Township Delegate to County Convention,,REP,Write-In,6
Osceola,"Evart Township, Precinct 1",Evart Township Delegate to County Convention,,REP,Ballots Cast,6
Osceola,"Hartwick Township, Precinct 1",Hartwick Township Delegate to County Convention,,REP,Write-In,6
Osceola,"Hartwick Township, Precinct 1",Hartwick Township Delegate to County Convention,,REP,Ballots Cast,6
Osceola,"Hersey Township, Precinct 1",Hersey Township Delegate to County Convention,,REP,Write-In,10
Osceola,"Hersey Township, Precinct 1",Hersey Township Delegate to County Convention,,REP,Ballots Cast,10
Osceola,"Highland Township, Precinct 1",Highland Township Delegate to County Convention,,REP,Lynn L. Rice,122
Osceola,"Highland Township, Precinct 1",Highland Township Delegate to County Convention,,REP,Paul Siewinski,95
Osceola,"Highland Township, Precinct 1",Highland Township Delegate to County Convention,,REP,Ballots Cast,217
Osceola,"Le Roy Township, Precinct 1",Le Roy Township Delegate to County Convention,,REP,Write-In,11
Osceola,"Le Roy Township, Precinct 1",Le Roy Township Delegate to County Convention,,REP,Ballots Cast,11
Osceola,"Lincoln Township, Precinct 1",Lincoln Township Delegate to County Convention,,REP,Write-In,6
Osceola,"Lincoln Township, Precinct 1",Lincoln Township Delegate to County Convention,,REP,Ballots Cast,6
Osceola,"Marion Township, Precinct 1",Marion Township Delegate to County Convention,,REP,Daniel L. Williams,157
Osceola,"Marion Township, Precinct 1",Marion Township Delegate to County Convention,,REP,Lola G. Williams,121
Osceola,"Marion Township, Precinct 1",Marion Township Delegate to County Convention,,REP,Write-In,5
Osceola,"Marion Township, Precinct 1",Marion Township Delegate to County Convention,,REP,Ballots Cast,283
Osceola,"Middle Branch Township, Precinct 1",Middle Branch Township Delegate to County Convention,,REP,Write-In,8
Osceola,"Middle Branch Township, Precinct 1",Middle Branch Township Delegate to County Convention,,REP,Ballots Cast,8
Osceola,"Orient Township, Precinct 1",Orient Township Delegate to County Convention,,REP,Alan J. Tiedt,126
Osceola,"Orient Township, Precinct 1",Orient Township Delegate to County Convention,,REP,Patrick A. Tiedt,114
Osceola,"Orient Township, Precinct 1",Orient Township Delegate to County Convention,,REP,Terry Cornelius,2
Osceola,"Orient Township, Precinct 1",Orient Township Delegate to County Convention,,REP,Write-In,4
Osceola,"Orient Township, Precinct 1",Orient Township Delegate to County Convention,,REP,Ballots Cast,246
Osceola,"Osceola Township, Precinct 1",Osceola Township Delegate to County Convention,,REP,Write-In,9
Osceola,"Osceola Township, Precinct 1",Osceola Township Delegate to County Convention,,REP,Ballots Cast,9
Osceola,"Richmond Township, Precinct 1",Richmond Township Delegate to County Convention,,REP,Katherine Fleming,272
Osceola,"Richmond Township, Precinct 1",Richmond Township Delegate to County Convention,,REP,Patrick Paul Fleming,262
Osceola,"Richmond Township, Precinct 1",Richmond Township Delegate to County Convention,,REP,Write-In,5
Osceola,"Richmond Township, Precinct 1",Richmond Township Delegate to County Convention,,REP,Ballots Cast,539
Osceola,"Rose Lake Township, Precinct 1",Rose Lake Township Delegate to County Convention,,REP,Sarah Hayes,221
Osceola,"Rose Lake Township, Precinct 1",Rose Lake Township Delegate to County Convention,,REP,Ballots Cast,221
Osceola,"Sherman Township, Precinct 1",Sherman Township Delegate to County Convention,,REP,Write-In,11
Osceola,"Sherman Township, Precinct 1",Sherman Township Delegate to County Convention,,REP,Ballots Cast,11
Osceola,"Sylvan Township, Precinct 1",Sylvan Township Delegate to County Convention,,REP,Bridget Silvernail,140
Osceola,"Sylvan Township, Precinct 1",Sylvan Township Delegate to County Convention,,REP,Teijin J. Wing,95
Osceola,"Sylvan Township, Precinct 1",Sylvan Township Delegate to County Convention,,REP,Write-In,1
Osceola,"Sylvan Township, Precinct 1",Sylvan Township Delegate to County Convention,,REP,Ballots Cast,236
Osceola,"Burdell Township, Precinct 1",Osceola County Senior Citizen Services Millage Proposal,,,No,99
Osceola,"Burdell Township, Precinct 1",Osceola County Senior Citizen Services Millage Proposal,,,Yes,238
Osceola,"Burdell Township, Precinct 1",Osceola County Senior Citizen Services Millage Proposal,,,Ballots Cast,337
Osceola,"Cedar Township, Precinct 1",Osceola County Senior Citizen Services Millage Proposal,,,No,59
Osceola,"Cedar Township, Precinct 1",Osceola County Senior Citizen Services Millage Proposal,,,Yes,107
Osceola,"Cedar Township, Precinct 1",Osceola County Senior Citizen Services Millage Proposal,,,Ballots Cast,166
Osceola,"City of Evart, Precinct 1",Osceola County Senior Citizen Services Millage Proposal,,,No,80
Osceola,"City of Evart, Precinct 1",Osceola County Senior Citizen Services Millage Proposal,,,Yes,193
Osceola,"City of Evart, Precinct 1",Osceola County Senior Citizen Services Millage Proposal,,,Ballots Cast,273
Osceola,"City of Reed City, Precinct 1",Osceola County Senior Citizen Services Millage Proposal,,,No,107
Osceola,"City of Reed City, Precinct 1",Osceola County Senior Citizen Services Millage Proposal,,,Yes,305
Osceola,"City of Reed City, Precinct 1",Osceola County Senior Citizen Services Millage Proposal,,,Ballots Cast,412
Osceola,"Evart Township, Precinct 1",Osceola County Senior Citizen Services Millage Proposal,,,No,118
Osceola,"Evart Township, Precinct 1",Osceola County Senior Citizen Services Millage Proposal,,,Yes,264
Osceola,"Evart Township, Precinct 1",Osceola County Senior Citizen Services Millage Proposal,,,Ballots Cast,382
Osceola,"Hartwick Township, Precinct 1",Osceola County Senior Citizen Services Millage Proposal,,,No,44
Osceola,"Hartwick Township, Precinct 1",Osceola County Senior Citizen Services Millage Proposal,,,Yes,110
Osceola,"Hartwick Township, Precinct 1",Osceola County Senior Citizen Services Millage Proposal,,,Ballots Cast,154
Osceola,"Hersey Township, Precinct 1",Osceola County Senior Citizen Services Millage Proposal,,,No,130
Osceola,"Hersey Township, Precinct 1",Osceola County Senior Citizen Services Millage Proposal,,,Yes,313
Osceola,"Hersey Township, Precinct 1",Osceola County Senior Citizen Services Millage Proposal,,,Ballots Cast,443
Osceola,"Highland Township, Precinct 1",Osceola County Senior Citizen Services Millage Proposal,,,No,68
Osceola,"Highland Township, Precinct 1",Osceola County Senior Citizen Services Millage Proposal,,,Yes,141
Osceola,"Highland Township, Precinct 1",Osceola County Senior Citizen Services Millage Proposal,,,Ballots Cast,209
Osceola,"Le Roy Township, Precinct 1",Osceola County Senior Citizen Services Millage Proposal,,,No,81
Osceola,"Le Roy Township, Precinct 1",Osceola County Senior Citizen Services Millage Proposal,,,Yes,213
Osceola,"Le Roy Township, Precinct 1",Osceola County Senior Citizen Services Millage Proposal,,,Ballots Cast,294
Osceola,"Lincoln Township, Precinct 1",Osceola County Senior Citizen Services Millage Proposal,,,No,130
Osceola,"Lincoln Township, Precinct 1",Osceola County Senior Citizen Services Millage Proposal,,,Yes,255
Osceola,"Lincoln Township, Precinct 1",Osceola County Senior Citizen Services Millage Proposal,,,Ballots Cast,385
Osceola,"Marion Township, Precinct 1",Osceola County Senior Citizen Services Millage Proposal,,,No,80
Osceola,"Marion Township, Precinct 1",Osceola County Senior Citizen Services Millage Proposal,,,Yes,216
Osceola,"Marion Township, Precinct 1",Osceola County Senior Citizen Services Millage Proposal,,,Ballots Cast,296
Osceola,"Middle Branch Township, Precinct 1",Osceola County Senior Citizen Services Millage Proposal,,,No,64
Osceola,"Middle Branch Township, Precinct 1",Osceola County Senior Citizen Services Millage Proposal,,,Yes,134
Osceola,"Middle Branch Township, Precinct 1",Osceola County Senior Citizen Services Millage Proposal,,,Ballots Cast,198
Osceola,"Orient Township, Precinct 1",Osceola County Senior Citizen Services Millage Proposal,,,No,78
Osceola,"Orient Township, Precinct 1",Osceola County Senior Citizen Services Millage Proposal,,,Yes,133
Osceola,"Orient Township, Precinct 1",Osceola County Senior Citizen Services Millage Proposal,,,Ballots Cast,211
Osceola,"Osceola Township, Precinct 1",Osceola County Senior Citizen Services Millage Proposal,,,No,86
Osceola,"Osceola Township, Precinct 1",Osceola County Senior Citizen Services Millage Proposal,,,Yes,139
Osceola,"Osceola Township, Precinct 1",Osceola County Senior Citizen Services Millage Proposal,,,Ballots Cast,225
Osceola,"Richmond Township, Precinct 1",Osceola County Senior Citizen Services Millage Proposal,,,No,157
Osceola,"Richmond Township, Precinct 1",Osceola County Senior Citizen Services Millage Proposal,,,Yes,351
Osceola,"Richmond Township, Precinct 1",Osceola County Senior Citizen Services Millage Proposal,,,Ballots Cast,508
Osceola,"Rose Lake Township, Precinct 1",Osceola County Senior Citizen Services Millage Proposal,,,No,120
Osceola,"Rose Lake Township, Precinct 1",Osceola County Senior Citizen Services Millage Proposal,,,Yes,257
Osceola,"Rose Lake Township, Precinct 1",Osceola County Senior Citizen Services Millage Proposal,,,Ballots Cast,377
Osceola,"Sherman Township, Precinct 1",Osceola County Senior Citizen Services Millage Proposal,,,No,75
Osceola,"Sherman Township, Precinct 1",Osceola County Senior Citizen Services Millage Proposal,,,Yes,171
Osceola,"Sherman Township, Precinct 1",Osceola County Senior Citizen Services Millage Proposal,,,Ballots Cast,246
Osceola,"Sylvan Township, Precinct 1",Osceola County Senior Citizen Services Millage Proposal,,,No,94
Osceola,"Sylvan Township, Precinct 1",Osceola County Senior Citizen Services Millage Proposal,,,Yes,146
Osceola,"Sylvan Township, Precinct 1",Osceola County Senior Citizen Services Millage Proposal,,,Ballots Cast,240
Osceola,"Burdell Township, Precinct 1",Osceola County Emergency Medical Services (Ambulance) Millage Renewal and Restoration Proposal,,,No,86
Osceola,"Burdell Township, Precinct 1",Osceola County Emergency Medical Services (Ambulance) Millage Renewal and Restoration Proposal,,,Yes,249
Osceola,"Burdell Township, Precinct 1",Osceola County Emergency Medical Services (Ambulance) Millage Renewal and Restoration Proposal,,,Ballots Cast,335
Osceola,"Cedar Township, Precinct 1",Osceola County Emergency Medical Services (Ambulance) Millage Renewal and Restoration Proposal,,,No,61
Osceola,"Cedar Township, Precinct 1",Osceola County Emergency Medical Services (Ambulance) Millage Renewal and Restoration Proposal,,,Yes,102
Osceola,"Cedar Township, Precinct 1",Osceola County Emergency Medical Services (Ambulance) Millage Renewal and Restoration Proposal,,,Ballots Cast,163
Osceola,"City of Evart, Precinct 1",Osceola County Emergency Medical Services (Ambulance) Millage Renewal and Restoration Proposal,,,No,82
Osceola,"City of Evart, Precinct 1",Osceola County Emergency Medical Services (Ambulance) Millage Renewal and Restoration Proposal,,,Yes,192
Osceola,"City of Evart, Precinct 1",Osceola County Emergency Medical Services (Ambulance) Millage Renewal and Restoration Proposal,,,Ballots Cast,274
Osceola,"City of Reed City, Precinct 1",Osceola County Emergency Medical Services (Ambulance) Millage Renewal and Restoration Proposal,,,No,94
Osceola,"City of Reed City, Precinct 1",Osceola County Emergency Medical Services (Ambulance) Millage Renewal and Restoration Proposal,,,Yes,320
Osceola,"City of Reed City, Precinct 1",Osceola County Emergency Medical Services (Ambulance) Millage Renewal and Restoration Proposal,,,Ballots Cast,414
Osceola,"Evart Township, Precinct 1",Osceola County Emergency Medical Services (Ambulance) Millage Renewal and Restoration Proposal,,,No,111
Osceola,"Evart Township, Precinct 1",Osceola County Emergency Medical Services (Ambulance) Millage Renewal and Restoration Proposal,,,Yes,271
Osceola,"Evart Township, Precinct 1",Osceola County Emergency Medical Services (Ambulance) Millage Renewal and Restoration Proposal,,,Ballots Cast,382
Osceola,"Hartwick Township, Precinct 1",Osceola County Emergency Medical Services (Ambulance) Millage Renewal and Restoration Proposal,,,No,40
Osceola,"Hartwick Township, Precinct 1",Osceola County Emergency Medical Services (Ambulance) Millage Renewal and Restoration Proposal,,,Yes,115
Osceola,"Hartwick Township, Precinct 1",Osceola County Emergency Medical Services (Ambulance) Millage Renewal and Restoration Proposal,,,Ballots Cast,155
Osceola,"Hersey Township, Precinct 1",Osceola County Emergency Medical Services (Ambulance) Millage Renewal and Restoration Proposal,,,No,133
Osceola,"Hersey Township, Precinct 1",Osceola County Emergency Medical Services (Ambulance) Millage Renewal and Restoration Proposal,,,Yes,310
Osceola,"Hersey Township, Precinct 1",Osceola County Emergency Medical Services (Ambulance) Millage Renewal and Restoration Proposal,,,Ballots Cast,443
Osceola,"Highland Township, Precinct 1",Osceola County Emergency Medical Services (Ambulance) Millage Renewal and Restoration Proposal,,,No,51
Osceola,"Highland Township, Precinct 1",Osceola County Emergency Medical Services (Ambulance) Millage Renewal and Restoration Proposal,,,Yes,159
Osceola,"Highland Township, Precinct 1",Osceola County Emergency Medical Services (Ambulance) Millage Renewal and Restoration Proposal,,,Ballots Cast,210
Osceola,"Le Roy Township, Precinct 1",Osceola County Emergency Medical Services (Ambulance) Millage Renewal and Restoration Proposal,,,No,72
Osceola,"Le Roy Township, Precinct 1",Osceola County Emergency Medical Services (Ambulance) Millage Renewal and Restoration Proposal,,,Yes,222
Osceola,"Le Roy Township, Precinct 1",Osceola County Emergency Medical Services (Ambulance) Millage Renewal and Restoration Proposal,,,Ballots Cast,294
Osceola,"Lincoln Township, Precinct 1",Osceola County Emergency Medical Services (Ambulance) Millage Renewal and Restoration Proposal,,,No,134
Osceola,"Lincoln Township, Precinct 1",Osceola County Emergency Medical Services (Ambulance) Millage Renewal and Restoration Proposal,,,Yes,248
Osceola,"Lincoln Township, Precinct 1",Osceola County Emergency Medical Services (Ambulance) Millage Renewal and Restoration Proposal,,,Ballots Cast,382
Osceola,"Marion Township, Precinct 1",Osceola County Emergency Medical Services (Ambulance) Millage Renewal and Restoration Proposal,,,No,64
Osceola,"Marion Township, Precinct 1",Osceola County Emergency Medical Services (Ambulance) Millage Renewal and Restoration Proposal,,,Yes,229
Osceola,"Marion Township, Precinct 1",Osceola County Emergency Medical Services (Ambulance) Millage Renewal and Restoration Proposal,,,Ballots Cast,293
Osceola,"Middle Branch Township, Precinct 1",Osceola County Emergency Medical Services (Ambulance) Millage Renewal and Restoration Proposal,,,No,66
Osceola,"Middle Branch Township, Precinct 1",Osceola County Emergency Medical Services (Ambulance) Millage Renewal and Restoration Proposal,,,Yes,134
Osceola,"Middle Branch Township, Precinct 1",Osceola County Emergency Medical Services (Ambulance) Millage Renewal and Restoration Proposal,,,Ballots Cast,200
Osceola,"Orient Township, Precinct 1",Osceola County Emergency Medical Services (Ambulance) Millage Renewal and Restoration Proposal,,,No,80
Osceola,"Orient Township, Precinct 1",Osceola County Emergency Medical Services (Ambulance) Millage Renewal and Restoration Proposal,,,Yes,131
Osceola,"Orient Township, Precinct 1",Osceola County Emergency Medical Services (Ambulance) Millage Renewal and Restoration Proposal,,,Ballots Cast,211
Osceola,"Osceola Township, Precinct 1",Osceola County Emergency Medical Services (Ambulance) Millage Renewal and Restoration Proposal,,,No,78
Osceola,"Osceola Township, Precinct 1",Osceola County Emergency Medical Services (Ambulance) Millage Renewal and Restoration Proposal,,,Yes,148
Osceola,"Osceola Township, Precinct 1",Osceola County Emergency Medical Services (Ambulance) Millage Renewal and Restoration Proposal,,,Ballots Cast,226
Osceola,"Richmond Township, Precinct 1",Osceola County Emergency Medical Services (Ambulance) Millage Renewal and Restoration Proposal,,,No,147
Osceola,"Richmond Township, Precinct 1",Osceola County Emergency Medical Services (Ambulance) Millage Renewal and Restoration Proposal,,,Yes,358
Osceola,"Richmond Township, Precinct 1",Osceola County Emergency Medical Services (Ambulance) Millage Renewal and Restoration Proposal,,,Ballots Cast,505
Osceola,"Rose Lake Township, Precinct 1",Osceola County Emergency Medical Services (Ambulance) Millage Renewal and Restoration Proposal,,,No,103
Osceola,"Rose Lake Township, Precinct 1",Osceola County Emergency Medical Services (Ambulance) Millage Renewal and Restoration Proposal,,,Yes,273
Osceola,"Rose Lake Township, Precinct 1",Osceola County Emergency Medical Services (Ambulance) Millage Renewal and Restoration Proposal,,,Ballots Cast,376
Osceola,"Sherman Township, Precinct 1",Osceola County Emergency Medical Services (Ambulance) Millage Renewal and Restoration Proposal,,,No,55
Osceola,"Sherman Township, Precinct 1",Osceola County Emergency Medical Services (Ambulance) Millage Renewal and Restoration Proposal,,,Yes,192
Osceola,"Sherman Township, Precinct 1",Osceola County Emergency Medical Services (Ambulance) Millage Renewal and Restoration Proposal,,,Ballots Cast,247
Osceola,"Sylvan Township, Precinct 1",Osceola County Emergency Medical Services (Ambulance) Millage Renewal and Restoration Proposal,,,No,94
Osceola,"Sylvan Township, Precinct 1",Osceola County Emergency Medical Services (Ambulance) Millage Renewal and Restoration Proposal,,,Yes,145
Osceola,"Sylvan Township, Precinct 1",Osceola County Emergency Medical Services (Ambulance) Millage Renewal and Restoration Proposal,,,Ballots Cast,239
Osceola,"Burdell Township, Precinct 1",Osceola County Emergency Medical Services Network (Ambulance) Millage Proposal,,,No,107
Osceola,"Burdell Township, Precinct 1",Osceola County Emergency Medical Services Network (Ambulance) Millage Proposal,,,Yes,230
Osceola,"Burdell Township, Precinct 1",Osceola County Emergency Medical Services Network (Ambulance) Millage Proposal,,,Ballots Cast,337
Osceola,"Cedar Township, Precinct 1",Osceola County Emergency Medical Services Network (Ambulance) Millage Proposal,,,No,67
Osceola,"Cedar Township, Precinct 1",Osceola County Emergency Medical Services Network (Ambulance) Millage Proposal,,,Yes,97
Osceola,"Cedar Township, Precinct 1",Osceola County Emergency Medical Services Network (Ambulance) Millage Proposal,,,Ballots Cast,164
Osceola,"City of Evart, Precinct 1",Osceola County Emergency Medical Services Network (Ambulance) Millage Proposal,,,No,95
Osceola,"City of Evart, Precinct 1",Osceola County Emergency Medical Services Network (Ambulance) Millage Proposal,,,Yes,179
Osceola,"City of Evart, Precinct 1",Osceola County Emergency Medical Services Network (Ambulance) Millage Proposal,,,Ballots Cast,274
Osceola,"City of Reed City, Precinct 1",Osceola County Emergency Medical Services Network (Ambulance) Millage Proposal,,,No,142
Osceola,"City of Reed City, Precinct 1",Osceola County Emergency Medical Services Network (Ambulance) Millage Proposal,,,Yes,271
Osceola,"City of Reed City, Precinct 1",Osceola County Emergency Medical Services Network (Ambulance) Millage Proposal,,,Ballots Cast,413
Osceola,"Evart Township, Precinct 1",Osceola County Emergency Medical Services Network (Ambulance) Millage Proposal,,,No,141
Osceola,"Evart Township, Precinct 1",Osceola County Emergency Medical Services Network (Ambulance) Millage Proposal,,,Yes,237
Osceola,"Evart Township, Precinct 1",Osceola County Emergency Medical Services Network (Ambulance) Millage Proposal,,,Ballots Cast,378
Osceola,"Hartwick Township, Precinct 1",Osceola County Emergency Medical Services Network (Ambulance) Millage Proposal,,,No,42
Osceola,"Hartwick Township, Precinct 1",Osceola County Emergency Medical Services Network (Ambulance) Millage Proposal,,,Yes,111
Osceola,"Hartwick Township, Precinct 1",Osceola County Emergency Medical Services Network (Ambulance) Millage Proposal,,,Ballots Cast,153
Osceola,"Hersey Township, Precinct 1",Osceola County Emergency Medical Services Network (Ambulance) Millage Proposal,,,No,164
Osceola,"Hersey Township, Precinct 1",Osceola County Emergency Medical Services Network (Ambulance) Millage Proposal,,,Yes,278
Osceola,"Hersey Township, Precinct 1",Osceola County Emergency Medical Services Network (Ambulance) Millage Proposal,,,Ballots Cast,442
Osceola,"Highland Township, Precinct 1",Osceola County Emergency Medical Services Network (Ambulance) Millage Proposal,,,No,73
Osceola,"Highland Township, Precinct 1",Osceola County Emergency Medical Services Network (Ambulance) Millage Proposal,,,Yes,138
Osceola,"Highland Township, Precinct 1",Osceola County Emergency Medical Services Network (Ambulance) Millage Proposal,,,Ballots Cast,211
Osceola,"Le Roy Township, Precinct 1",Osceola County Emergency Medical Services Network (Ambulance) Millage Proposal,,,No,80
Osceola,"Le Roy Township, Precinct 1",Osceola County Emergency Medical Services Network (Ambulance) Millage Proposal,,,Yes,211
Osceola,"Le Roy Township, Precinct 1",Osceola County Emergency Medical Services Network (Ambulance) Millage Proposal,,,Ballots Cast,291
Osceola,"Lincoln Township, Precinct 1",Osceola County Emergency Medical Services Network (Ambulance) Millage Proposal,,,No,167
Osceola,"Lincoln Township, Precinct 1",Osceola County Emergency Medical Services Network (Ambulance) Millage Proposal,,,Yes,214
Osceola,"Lincoln Township, Precinct 1",Osceola County Emergency Medical Services Network (Ambulance) Millage Proposal,,,Ballots Cast,381
Osceola,"Marion Township, Precinct 1",Osceola County Emergency Medical Services Network (Ambulance) Millage Proposal,,,No,82
Osceola,"Marion Township, Precinct 1",Osceola County Emergency Medical Services Network (Ambulance) Millage Proposal,,,Yes,211
Osceola,"Marion Township, Precinct 1",Osceola County Emergency Medical Services Network (Ambulance) Millage Proposal,,,Ballots Cast,293
Osceola,"Middle Branch Township, Precinct 1",Osceola County Emergency Medical Services Network (Ambulance) Millage Proposal,,,No,87
Osceola,"Middle Branch Township, Precinct 1",Osceola County Emergency Medical Services Network (Ambulance) Millage Proposal,,,Yes,112
Osceola,"Middle Branch Township, Precinct 1",Osceola County Emergency Medical Services Network (Ambulance) Millage Proposal,,,Ballots Cast,199
Osceola,"Orient Township, Precinct 1",Osceola County Emergency Medical Services Network (Ambulance) Millage Proposal,,,No,101
Osceola,"Orient Township, Precinct 1",Osceola County Emergency Medical Services Network (Ambulance) Millage Proposal,,,Yes,106
Osceola,"Orient Township, Precinct 1",Osceola County Emergency Medical Services Network (Ambulance) Millage Proposal,,,Ballots Cast,207
Osceola,"Osceola Township, Precinct 1",Osceola County Emergency Medical Services Network (Ambulance) Millage Proposal,,,No,93
Osceola,"Osceola Township, Precinct 1",Osceola County Emergency Medical Services Network (Ambulance) Millage Proposal,,,Yes,132
Osceola,"Osceola Township, Precinct 1",Osceola County Emergency Medical Services Network (Ambulance) Millage Proposal,,,Ballots Cast,225
Osceola,"Richmond Township, Precinct 1",Osceola County Emergency Medical Services Network (Ambulance) Millage Proposal,,,No,191
Osceola,"Richmond Township, Precinct 1",Osceola County Emergency Medical Services Network (Ambulance) Millage Proposal,,,Yes,313
Osceola,"Richmond Township, Precinct 1",Osceola County Emergency Medical Services Network (Ambulance) Millage Proposal,,,Ballots Cast,504
Osceola,"Rose Lake Township, Precinct 1",Osceola County Emergency Medical Services Network (Ambulance) Millage Proposal,,,No,119
Osceola,"Rose Lake Township, Precinct 1",Osceola County Emergency Medical Services Network (Ambulance) Millage Proposal,,,Yes,259
Osceola,"Rose Lake Township, Precinct 1",Osceola County Emergency Medical Services Network (Ambulance) Millage Proposal,,,Ballots Cast,378
Osceola,"Sherman Township, Precinct 1",Osceola County Emergency Medical Services Network (Ambulance) Millage Proposal,,,No,82
Osceola,"Sherman Township, Precinct 1",Osceola County Emergency Medical Services Network (Ambulance) Millage Proposal,,,Yes,164
Osceola,"Sherman Township, Precinct 1",Osceola County Emergency Medical Services Network (Ambulance) Millage Proposal,,,Ballots Cast,246
Osceola,"Sylvan Township, Precinct 1",Osceola County Emergency Medical Services Network (Ambulance) Millage Proposal,,,No,112
Osceola,"Sylvan Township, Precinct 1",Osceola County Emergency Medical Services Network (Ambulance) Millage Proposal,,,Yes,127
Osceola,"Sylvan Township, Precinct 1",Osceola County Emergency Medical Services Network (Ambulance) Millage Proposal,,,Ballots Cast,239
Osceola,"Burdell Township, Precinct 1",Osceola County Community/School Resource Officers in the Schools and Sheriff/Jail Department General Operations Millage Renewal,,,No,111
Osceola,"Burdell Township, Precinct 1",Osceola County Community/School Resource Officers in the Schools and Sheriff/Jail Department General Operations Millage Renewal,,,Yes,225
Osceola,"Burdell Township, Precinct 1",Osceola County Community/School Resource Officers in the Schools and Sheriff/Jail Department General Operations Millage Renewal,,,Ballots Cast,336
Osceola,"Cedar Township, Precinct 1",Osceola County Community/School Resource Officers in the Schools and Sheriff/Jail Department General Operations Millage Renewal,,,No,59
Osceola,"Cedar Township, Precinct 1",Osceola County Community/School Resource Officers in the Schools and Sheriff/Jail Department General Operations Millage Renewal,,,Yes,106
Osceola,"Cedar Township, Precinct 1",Osceola County Community/School Resource Officers in the Schools and Sheriff/Jail Department General Operations Millage Renewal,,,Ballots Cast,165
Osceola,"City of Evart, Precinct 1",Osceola County Community/School Resource Officers in the Schools and Sheriff/Jail Department General Operations Millage Renewal,,,No,91
Osceola,"City of Evart, Precinct 1",Osceola County Community/School Resource Officers in the Schools and Sheriff/Jail Department General Operations Millage Renewal,,,Yes,187
Osceola,"City of Evart, Precinct 1",Osceola County Community/School Resource Officers in the Schools and Sheriff/Jail Department General Operations Millage Renewal,,,Ballots Cast,278
Osceola,"City of Reed City, Precinct 1",Osceola County Community/School Resource Officers in the Schools and Sheriff/Jail Department General Operations Millage Renewal,,,No,130
Osceola,"City of Reed City, Precinct 1",Osceola County Community/School Resource Officers in the Schools and Sheriff/Jail Department General Operations Millage Renewal,,,Yes,247
Osceola,"City of Reed City, Precinct 1",Osceola County Community/School Resource Officers in the Schools and Sheriff/Jail Department General Operations Millage Renewal,,,Ballots Cast,377
Osceola,"Evart Township, Precinct 1",Osceola County Community/School Resource Officers in the Schools and Sheriff/Jail Department General Operations Millage Renewal,,,No,139
Osceola,"Evart Township, Precinct 1",Osceola County Community/School Resource Officers in the Schools and Sheriff/Jail Department General Operations Millage Renewal,,,Yes,236
Osceola,"Evart Township, Precinct 1",Osceola County Community/School Resource Officers in the Schools and Sheriff/Jail Department General Operations Millage Renewal,,,Ballots Cast,375
Osceola,"Hartwick Township, Precinct 1",Osceola County Community/School Resource Officers in the Schools and Sheriff/Jail Department General Operations Millage Renewal,,,No,50
Osceola,"Hartwick Township, Precinct 1",Osceola County Community/School Resource Officers in the Schools and Sheriff/Jail Department General Operations Millage Renewal,,,Yes,105
Osceola,"Hartwick Township, Precinct 1",Osceola County Community/School Resource Officers in the Schools and Sheriff/Jail Department General Operations Millage Renewal,,,Ballots Cast,155
Osceola,"Hersey Township, Precinct 1",Osceola County Community/School Resource Officers in the Schools and Sheriff/Jail Department General Operations Millage Renewal,,,No,183
Osceola,"Hersey Township, Precinct 1",Osceola County Community/School Resource Officers in the Schools and Sheriff/Jail Department General Operations Millage Renewal,,,Yes,252
Osceola,"Hersey Township, Precinct 1",Osceola County Community/School Resource Officers in the Schools and Sheriff/Jail Department General Operations Millage Renewal,,,Ballots Cast,435
Osceola,"Highland Township, Precinct 1",Osceola County Community/School Resource Officers in the Schools and Sheriff/Jail Department General Operations Millage Renewal,,,No,87
Osceola,"Highland Township, Precinct 1",Osceola County Community/School Resource Officers in the Schools and Sheriff/Jail Department General Operations Millage Renewal,,,Yes,122
Osceola,"Highland Township, Precinct 1",Osceola County Community/School Resource Officers in the Schools and Sheriff/Jail Department General Operations Millage Renewal,,,Ballots Cast,209
Osceola,"Le Roy Township, Precinct 1",Osceola County Community/School Resource Officers in the Schools and Sheriff/Jail Department General Operations Millage Renewal,,,No,79
Osceola,"Le Roy Township, Precinct 1",Osceola County Community/School Resource Officers in the Schools and Sheriff/Jail Department General Operations Millage Renewal,,,Yes,205
Osceola,"Le Roy Township, Precinct 1",Osceola County Community/School Resource Officers in the Schools and Sheriff/Jail Department General Operations Millage Renewal,,,Ballots Cast,284
Osceola,"Lincoln Township, Precinct 1",Osceola County Community/School Resource Officers in the Schools and Sheriff/Jail Department General Operations Millage Renewal,,,No,152
Osceola,"Lincoln Township, Precinct 1",Osceola County Community/School Resource Officers in the Schools and Sheriff/Jail Department General Operations Millage Renewal,,,Yes,228
Osceola,"Lincoln Township, Precinct 1",Osceola County Community/School Resource Officers in the Schools and Sheriff/Jail Department General Operations Millage Renewal,,,Ballots Cast,380
Osceola,"Marion Township, Precinct 1",Osceola County Community/School Resource Officers in the Schools and Sheriff/Jail Department General Operations Millage Renewal,,,No,120
Osceola,"Marion Township, Precinct 1",Osceola County Community/School Resource Officers in the Schools and Sheriff/Jail Department General Operations Millage Renewal,,,Yes,172
Osceola,"Marion Township, Precinct 1",Osceola County Community/School Resource Officers in the Schools and Sheriff/Jail Department General Operations Millage Renewal,,,Ballots Cast,292
Osceola,"Middle Branch Township, Precinct 1",Osceola County Community/School Resource Officers in the Schools and Sheriff/Jail Department General Operations Millage Renewal,,,No,92
Osceola,"Middle Branch Township, Precinct 1",Osceola County Community/School Resource Officers in the Schools and Sheriff/Jail Department General Operations Millage Renewal,,,Yes,107
Osceola,"Middle Branch Township, Precinct 1",Osceola County Community/School Resource Officers in the Schools and Sheriff/Jail Department General Operations Millage Renewal,,,Ballots Cast,199
Osceola,"Orient Township, Precinct 1",Osceola County Community/School Resource Officers in the Schools and Sheriff/Jail Department General Operations Millage Renewal,,,No,98
Osceola,"Orient Township, Precinct 1",Osceola County Community/School Resource Officers in the Schools and Sheriff/Jail Department General Operations Millage Renewal,,,Yes,105
Osceola,"Orient Township, Precinct 1",Osceola County Community/School Resource Officers in the Schools and Sheriff/Jail Department General Operations Millage Renewal,,,Ballots Cast,203
Osceola,"Osceola Township, Precinct 1",Osceola County Community/School Resource Officers in the Schools and Sheriff/Jail Department General Operations Millage Renewal,,,No,86
Osceola,"Osceola Township, Precinct 1",Osceola County Community/School Resource Officers in the Schools and Sheriff/Jail Department General Operations Millage Renewal,,,Yes,135
Osceola,"Osceola Township, Precinct 1",Osceola County Community/School Resource Officers in the Schools and Sheriff/Jail Department General Operations Millage Renewal,,,Ballots Cast,221
Osceola,"Richmond Township, Precinct 1",Osceola County Community/School Resource Officers in the Schools and Sheriff/Jail Department General Operations Millage Renewal,,,No,191
Osceola,"Richmond Township, Precinct 1",Osceola County Community/School Resource Officers in the Schools and Sheriff/Jail Department General Operations Millage Renewal,,,Yes,309
Osceola,"Richmond Township, Precinct 1",Osceola County Community/School Resource Officers in the Schools and Sheriff/Jail Department General Operations Millage Renewal,,,Ballots Cast,500
Osceola,"Rose Lake Township, Precinct 1",Osceola County Community/School Resource Officers in the Schools and Sheriff/Jail Department General Operations Millage Renewal,,,No,132
Osceola,"Rose Lake Township, Precinct 1",Osceola County Community/School Resource Officers in the Schools and Sheriff/Jail Department General Operations Millage Renewal,,,Yes,246
Osceola,"Rose Lake Township, Precinct 1",Osceola County Community/School Resource Officers in the Schools and Sheriff/Jail Department General Operations Millage Renewal,,,Ballots Cast,378
Osceola,"Sherman Township, Precinct 1",Osceola County Community/School Resource Officers in the Schools and Sheriff/Jail Department General Operations Millage Renewal,,,No,59
Osceola,"Sherman Township, Precinct 1",Osceola County Community/School Resource Officers in the Schools and Sheriff/Jail Department General Operations Millage Renewal,,,Yes,189
Osceola,"Sherman Township, Precinct 1",Osceola County Community/School Resource Officers in the Schools and Sheriff/Jail Department General Operations Millage Renewal,,,Ballots Cast,248
Osceola,"Sylvan Township, Precinct 1",Osceola County Community/School Resource Officers in the Schools and Sheriff/Jail Department General Operations Millage Renewal,,,No,115
Osceola,"Sylvan Township, Precinct 1",Osceola County Community/School Resource Officers in the Schools and Sheriff/Jail Department General Operations Millage Renewal,,,Yes,117
Osceola,"Sylvan Township, Precinct 1",Osceola County Community/School Resource Officers in the Schools and Sheriff/Jail Department General Operations Millage Renewal,,,Ballots Cast,232
Osceola,"Burdell Township, Precinct 1",Osceola County Millage Renewal and Restoration for Michigan State University Extension and 4-H Services,,,No,124
Osceola,"Burdell Township, Precinct 1",Osceola County Millage Renewal and Restoration for Michigan State University Extension and 4-H Services,,,Yes,212
Osceola,"Burdell Township, Precinct 1",Osceola County Millage Renewal and Restoration for Michigan State University Extension and 4-H Services,,,Ballots Cast,336
Osceola,"Cedar Township, Precinct 1",Osceola County Millage Renewal and Restoration for Michigan State University Extension and 4-H Services,,,No,74
Osceola,"Cedar Township, Precinct 1",Osceola County Millage Renewal and Restoration for Michigan State University Extension and 4-H Services,,,Yes,89
Osceola,"Cedar Township, Precinct 1",Osceola County Millage Renewal and Restoration for Michigan State University Extension and 4-H Services,,,Ballots Cast,163
Osceola,"City of Evart, Precinct 1",Osceola County Millage Renewal and Restoration for Michigan State University Extension and 4-H Services,,,No,111
Osceola,"City of Evart, Precinct 1",Osceola County Millage Renewal and Restoration for Michigan State University Extension and 4-H Services,,,Yes,168
Osceola,"City of Evart, Precinct 1",Osceola County Millage Renewal and Restoration for Michigan State University Extension and 4-H Services,,,Ballots Cast,279
Osceola,"City of Reed City, Precinct 1",Osceola County Millage Renewal and Restoration for Michigan State University Extension and 4-H Services,,,No,140
Osceola,"City of Reed City, Precinct 1",Osceola County Millage Renewal and Restoration for Michigan State University Extension and 4-H Services,,,Yes,236
Osceola,"City of Reed City, Precinct 1",Osceola County Millage Renewal and Restoration for Michigan State University Extension and 4-H Services,,,Ballots Cast,376
Osceola,"Evart Township, Precinct 1",Osceola County Millage Renewal and Restoration for Michigan State University Extension and 4-H Services,,,No,150
Osceola,"Evart Township, Precinct 1",Osceola County Millage Renewal and Restoration for Michigan State University Extension and 4-H Services,,,Yes,223
Osceola,"Evart Township, Precinct 1",Osceola County Millage Renewal and Restoration for Michigan State University Extension and 4-H Services,,,Ballots Cast,373
Osceola,"Hartwick Township, Precinct 1",Osceola County Millage Renewal and Restoration for Michigan State University Extension and 4-H Services,,,No,54
Osceola,"Hartwick Township, Precinct 1",Osceola County Millage Renewal and Restoration for Michigan State University Extension and 4-H Services,,,Yes,101
Osceola,"Hartwick Township, Precinct 1",Osceola County Millage Renewal and Restoration for Michigan State University Extension and 4-H Services,,,Ballots Cast,155
Osceola,"Hersey Township, Precinct 1",Osceola County Millage Renewal and Restoration for Michigan State University Extension and 4-H Services,,,No,171
Osceola,"Hersey Township, Precinct 1",Osceola County Millage Renewal and Restoration for Michigan State University Extension and 4-H Services,,,Yes,267
Osceola,"Hersey Township, Precinct 1",Osceola County Millage Renewal and Restoration for Michigan State University Extension and 4-H Services,,,Ballots Cast,438
Osceola,"Highland Township, Precinct 1",Osceola County Millage Renewal and Restoration for Michigan State University Extension and 4-H Services,,,No,80
Osceola,"Highland Township, Precinct 1",Osceola County Millage Renewal and Restoration for Michigan State University Extension and 4-H Services,,,Yes,125
Osceola,"Highland Township, Precinct 1",Osceola County Millage Renewal and Restoration for Michigan State University Extension and 4-H Services,,,Ballots Cast,205
Osceola,"Le Roy Township, Precinct 1",Osceola County Millage Renewal and Restoration for Michigan State University Extension and 4-H Services,,,No,93
Osceola,"Le Roy Township, Precinct 1",Osceola County Millage Renewal and Restoration for Michigan State University Extension and 4-H Services,,,Yes,189
Osceola,"Le Roy Township, Precinct 1",Osceola County Millage Renewal and Restoration for Michigan State University Extension and 4-H Services,,,Ballots Cast,282
Osceola,"Lincoln Township, Precinct 1",Osceola County Millage Renewal and Restoration for Michigan State University Extension and 4-H Services,,,No,173
Osceola,"Lincoln Township, Precinct 1",Osceola County Millage Renewal and Restoration for Michigan State University Extension and 4-H Services,,,Yes,210
Osceola,"Lincoln Township, Precinct 1",Osceola County Millage Renewal and Restoration for Michigan State University Extension and 4-H Services,,,Ballots Cast,383
Osceola,"Marion Township, Precinct 1",Osceola County Millage Renewal and Restoration for Michigan State University Extension and 4-H Services,,,No,127
Osceola,"Marion Township, Precinct 1",Osceola County Millage Renewal and Restoration for Michigan State University Extension and 4-H Services,,,Yes,164
Osceola,"Marion Township, Precinct 1",Osceola County Millage Renewal and Restoration for Michigan State University Extension and 4-H Services,,,Ballots Cast,291
Osceola,"Middle Branch Township, Precinct 1",Osceola County Millage Renewal and Restoration for Michigan State University Extension and 4-H Services,,,No,85
Osceola,"Middle Branch Township, Precinct 1",Osceola County Millage Renewal and Restoration for Michigan State University Extension and 4-H Services,,,Yes,113
Osceola,"Middle Branch Township, Precinct 1",Osceola County Millage Renewal and Restoration for Michigan State University Extension and 4-H Services,,,Ballots Cast,198
Osceola,"Orient Township, Precinct 1",Osceola County Millage Renewal and Restoration for Michigan State University Extension and 4-H Services,,,No,98
Osceola,"Orient Township, Precinct 1",Osceola County Millage Renewal and Restoration for Michigan State University Extension and 4-H Services,,,Yes,104
Osceola,"Orient Township, Precinct 1",Osceola County Millage Renewal and Restoration for Michigan State University Extension and 4-H Services,,,Ballots Cast,202
Osceola,"Osceola Township, Precinct 1",Osceola County Millage Renewal and Restoration for Michigan State University Extension and 4-H Services,,,No,97
Osceola,"Osceola Township, Precinct 1",Osceola County Millage Renewal and Restoration for Michigan State University Extension and 4-H Services,,,Yes,125
Osceola,"Osceola Township, Precinct 1",Osceola County Millage Renewal and Restoration for Michigan State University Extension and 4-H Services,,,Ballots Cast,222
Osceola,"Richmond Township, Precinct 1",Osceola County Millage Renewal and Restoration for Michigan State University Extension and 4-H Services,,,No,177
Osceola,"Richmond Township, Precinct 1",Osceola County Millage Renewal and Restoration for Michigan State University Extension and 4-H Services,,,Yes,323
Osceola,"Richmond Township, Precinct 1",Osceola County Millage Renewal and Restoration for Michigan State University Extension and 4-H Services,,,Ballots Cast,500
Osceola,"Rose Lake Township, Precinct 1",Osceola County Millage Renewal and Restoration for Michigan State University Extension and 4-H Services,,,No,162
Osceola,"Rose Lake Township, Precinct 1",Osceola County Millage Renewal and Restoration for Michigan State University Extension and 4-H Services,,,Yes,210
Osceola,"Rose Lake Township, Precinct 1",Osceola County Millage Renewal and Restoration for Michigan State University Extension and 4-H Services,,,Ballots Cast,372
Osceola,"Sherman Township, Precinct 1",Osceola County Millage Renewal and Restoration for Michigan State University Extension and 4-H Services,,,No,97
Osceola,"Sherman Township, Precinct 1",Osceola County Millage Renewal and Restoration for Michigan State University Extension and 4-H Services,,,Yes,150
Osceola,"Sherman Township, Precinct 1",Osceola County Millage Renewal and Restoration for Michigan State University Extension and 4-H Services,,,Ballots Cast,247
Osceola,"Sylvan Township, Precinct 1",Osceola County Millage Renewal and Restoration for Michigan State University Extension and 4-H Services,,,No,103
Osceola,"Sylvan Township, Precinct 1",Osceola County Millage Renewal and Restoration for Michigan State University Extension and 4-H Services,,,Yes,131
Osceola,"Sylvan Township, Precinct 1",Osceola County Millage Renewal and Restoration for Michigan State University Extension and 4-H Services,,,Ballots Cast,234
Osceola,"City of Evart, Precinct 1",City of Evart Police Millage Proposal,,,No,92
Osceola,"City of Evart, Precinct 1",City of Evart Police Millage Proposal,,,Yes,184
Osceola,"City of Evart, Precinct 1",City of Evart Police Millage Proposal,,,Ballots Cast,276
Osceola,"Burdell Township, Precinct 1",Burdell Township Library Support,,,No,105
Osceola,"Burdell Township, Precinct 1",Burdell Township Library Support,,,Yes,233
Osceola,"Burdell Township, Precinct 1",Burdell Township Library Support,,,Ballots Cast,338
Osceola,"Evart Township, Precinct 1",Evart Township Operating Millage Renewal Proposal,,,No,162
Osceola,"Evart Township, Precinct 1",Evart Township Operating Millage Renewal Proposal,,,Yes,207
Osceola,"Evart Township, Precinct 1",Evart Township Operating Millage Renewal Proposal,,,Ballots Cast,369
Osceola,"Highland Township, Precinct 1",Highland Township Road Improvement Millage Proposal,,,No,59
Osceola,"Highland Township, Precinct 1",Highland Township Road Improvement Millage Proposal,,,Yes,152
Osceola,"Highland Township, Precinct 1",Highland Township Road Improvement Millage Proposal,,,Ballots Cast,211
Osceola,"Rose Lake Township, Precinct 1",Rose Lake Township Road Maintenance & Improvement Millage Proposal,,,No,145
Osceola,"Rose Lake Township, Precinct 1",Rose Lake Township Road Maintenance & Improvement Millage Proposal,,,Yes,235
Osceola,"Rose Lake Township, Precinct 1",Rose Lake Township Road Maintenance & Improvement Millage Proposal,,,Ballots Cast,380
Osceola,"Orient Township, Precinct 1",Chippewa Hills School District Operating Millage Renewal Proposal,,,No,19
Osceola,"Orient Township, Precinct 1",Chippewa Hills School District Operating Millage Renewal Proposal,,,Yes,14
Osceola,"Orient Township, Precinct 1",Chippewa Hills School District Operating Millage Renewal Proposal,,,Ballots Cast,33
Osceola,"Cedar Township, Precinct 1",Evart Public Schools Operating Millage Renewal Proposal,,,No,9
Osceola,"Cedar Township, Precinct 1",Evart Public Schools Operating Millage Renewal Proposal,,,Yes,13
Osceola,"Cedar Township, Precinct 1",Evart Public Schools Operating Millage Renewal Proposal,,,Ballots Cast,22
Osceola,Chippewa Township (Mecosta County),Evart Public Schools Operating Millage Renewal Proposal,,,No,26
Osceola,Chippewa Township (Mecosta County),Evart Public Schools Operating Millage Renewal Proposal,,,Yes,46
Osceola,Chippewa Township (Mecosta County),Evart Public Schools Operating Millage Renewal Proposal,,,Ballots Cast,72
Osceola,"City of Evart, Precinct 1",Evart Public Schools Operating Millage Renewal Proposal,,,No,94
Osceola,"City of Evart, Precinct 1",Evart Public Schools Operating Millage Renewal Proposal,,,Yes,184
Osceola,"City of Evart, Precinct 1",Evart Public Schools Operating Millage Renewal Proposal,,,Ballots Cast,278
Osceola,"Evart Township, Precinct 1",Evart Public Schools Operating Millage Renewal Proposal,,,No,141
Osceola,"Evart Township, Precinct 1",Evart Public Schools Operating Millage Renewal Proposal,,,Yes,233
Osceola,"Evart Township, Precinct 1",Evart Public Schools Operating Millage Renewal Proposal,,,Ballots Cast,374
Osceola,Grant Township (Mecosta County),Evart Public Schools Operating Millage Renewal Proposal,,,No,4
Osceola,Grant Township (Mecosta County),Evart Public Schools Operating Millage Renewal Proposal,,,Yes,3
Osceola,Grant Township (Mecosta County),Evart Public Schools Operating Millage Renewal Proposal,,,Ballots Cast,7
Osceola,"Hartwick Township, Precinct 1",Evart Public Schools Operating Millage Renewal Proposal,,,No,56
Osceola,"Hartwick Township, Precinct 1",Evart Public Schools Operating Millage Renewal Proposal,,,Yes,93
Osceola,"Hartwick Township, Precinct 1",Evart Public Schools Operating Millage Renewal Proposal,,,Ballots Cast,149
Osceola,"Hersey Township, Precinct 1",Evart Public Schools Operating Millage Renewal Proposal,,,No,2
Osceola,"Hersey Township, Precinct 1",Evart Public Schools Operating Millage Renewal Proposal,,,Yes,4
Osceola,"Hersey Township, Precinct 1",Evart Public Schools Operating Millage Renewal Proposal,,,Ballots Cast,6
Osceola,"Middle Branch Township, Precinct 1",Evart Public Schools Operating Millage Renewal Proposal,,,No,14
Osceola,"Middle Branch Township, Precinct 1",Evart Public Schools Operating Millage Renewal Proposal,,,Yes,11
Osceola,"Middle Branch Township, Precinct 1",Evart Public Schools Operating Millage Renewal Proposal,,,Ballots Cast,25
Osceola,"Orient Township, Precinct 1",Evart Public Schools Operating Millage Renewal Proposal,,,No,80
Osceola,"Orient Township, Precinct 1",Evart Public Schools Operating Millage Renewal Proposal,,,Yes,90
Osceola,"Orient Township, Precinct 1",Evart Public Schools Operating Millage Renewal Proposal,,,Ballots Cast,170
Osceola,"Osceola Township, Precinct 1",Evart Public Schools Operating Millage Renewal Proposal,,,No,99
Osceola,"Osceola Township, Precinct 1",Evart Public Schools Operating Millage Renewal Proposal,,,Yes,123
Osceola,"Osceola Township, Precinct 1",Evart Public Schools Operating Millage Renewal Proposal,,,Ballots Cast,222
Osceola,"Sylvan Township, Precinct 1",Evart Public Schools Operating Millage Renewal Proposal,,,No,115
Osceola,"Sylvan Township, Precinct 1",Evart Public Schools Operating Millage Renewal Proposal,,,Yes,112
Osceola,"Sylvan Township, Precinct 1",Evart Public Schools Operating Millage Renewal Proposal,,,Ballots Cast,227
