county,precinct,office,district,party,candidate,votes,election_day,early_voting,av_counting_boards
Newaygo,"City of Fremont, Precinct 1",Delegate to County Convention for City of Fremont Precinct 1,,DEM,Ballots Cast,708,704,4,0
Newaygo,"City of Fremont, Precinct 1",Delegate to County Convention for City of Fremont Precinct 1,,DEM,Write-in,52,52,0,0
Newaygo,"City of Fremont, Precinct 1",Delegate to County Convention for City of Fremont Precinct 1,,REP,Ballots Cast,708,704,4,0
Newaygo,"City of Fremont, Precinct 1",Delegate to County Convention for City of Fremont Precinct 1,,REP,Lisa VanHouten,292,292,0,0
Newaygo,"City of Fremont, Precinct 1",Delegate to County Convention for City of Fremont Precinct 1,,REP,Nicole Hall,256,256,0,0
Newaygo,"City of Fremont, Precinct 1",Delegate to County Convention for City of Fremont Precinct 1,,REP,Norman Knorr,7,7,0,0
Newaygo,"City of Fremont, Precinct 1",Delegate to County Convention for City of Fremont Precinct 1,,REP,Write-in,13,13,0,0
Newaygo,"City of Fremont, Precinct 1",Governor,,DEM,Ballots Cast,708,704,4,0
Newaygo,"City of Fremont, Precinct 1",Governor,,DEM,Christopher Robert Swanson,19,19,0,0
Newaygo,"City of Fremont, Precinct 1",Governor,,DEM,Jocelyn Benson,268,264,4,0
Newaygo,"City of Fremont, Precinct 1",Governor,,DEM,Write-in,0,0,0,0
Newaygo,"City of Fremont, Precinct 1",Governor,,REP,Aric Nesbitt,16,16,0,0
Newaygo,"City of Fremont, Precinct 1",Governor,,REP,Ballots Cast,708,704,4,0
Newaygo,"City of Fremont, Precinct 1",Governor,,REP,John James,176,176,0,0
Newaygo,"City of Fremont, Precinct 1",Governor,,REP,Mike Cox,87,87,0,0
Newaygo,"City of Fremont, Precinct 1",Governor,,REP,Perry Johnson,118,118,0,0
Newaygo,"City of Fremont, Precinct 1",Governor,,REP,Write-in,0,0,0,0
Newaygo,"City of Fremont, Precinct 1",State House,101,DEM,Ballots Cast,708,704,4,0
Newaygo,"City of Fremont, Precinct 1",State House,101,DEM,Christopher R. Crain,258,254,4,0
Newaygo,"City of Fremont, Precinct 1",State House,101,DEM,Write-in,1,1,0,0
Newaygo,"City of Fremont, Precinct 1",State House,101,REP,Ballots Cast,708,704,4,0
Newaygo,"City of Fremont, Precinct 1",State House,101,REP,Ben Townsend,15,15,0,0
Newaygo,"City of Fremont, Precinct 1",State House,101,REP,Gary Anderson,66,66,0,0
Newaygo,"City of Fremont, Precinct 1",State House,101,REP,Jaxon Deur,210,210,0,0
Newaygo,"City of Fremont, Precinct 1",State House,101,REP,Luke Eising,41,41,0,0
Newaygo,"City of Fremont, Precinct 1",State House,101,REP,Rich Vance,59,59,0,0
Newaygo,"City of Fremont, Precinct 1",State House,101,REP,Write-in,0,0,0,0
Newaygo,"City of Fremont, Precinct 1",State Senate,33,DEM,Ballots Cast,708,704,4,0
Newaygo,"City of Fremont, Precinct 1",State Senate,33,DEM,Stan Opal,261,257,4,0
Newaygo,"City of Fremont, Precinct 1",State Senate,33,DEM,Write-in,0,0,0,0
Newaygo,"City of Fremont, Precinct 1",State Senate,33,REP,Ballots Cast,708,704,4,0
Newaygo,"City of Fremont, Precinct 1",State Senate,33,REP,Gina Johnsen,81,81,0,0
Newaygo,"City of Fremont, Precinct 1",State Senate,33,REP,Joseph D. Fox,215,215,0,0
Newaygo,"City of Fremont, Precinct 1",State Senate,33,REP,Katie DeBoer,78,78,0,0
Newaygo,"City of Fremont, Precinct 1",State Senate,33,REP,Thomas J. Norton,23,23,0,0
Newaygo,"City of Fremont, Precinct 1",State Senate,33,REP,Write-in,0,0,0,0
Newaygo,"City of Fremont, Precinct 1",U.S. House,2,DEM,Ballots Cast,708,704,4,0
Newaygo,"City of Fremont, Precinct 1",U.S. House,2,DEM,Ben Ambrose,118,118,0,0
Newaygo,"City of Fremont, Precinct 1",U.S. House,2,DEM,Clyde Welford,18,18,0,0
Newaygo,"City of Fremont, Precinct 1",U.S. House,2,DEM,Jamie Hill,133,129,4,0
Newaygo,"City of Fremont, Precinct 1",U.S. House,2,DEM,Write-in,0,0,0,0
Newaygo,"City of Fremont, Precinct 1",U.S. House,2,REP,Ballots Cast,708,704,4,0
Newaygo,"City of Fremont, Precinct 1",U.S. House,2,REP,John Moolenaar,374,374,0,0
Newaygo,"City of Fremont, Precinct 1",U.S. House,2,REP,Write-in,3,3,0,0
Newaygo,"City of Fremont, Precinct 1",U.S. Senate,,DEM,Abdul El-Sayed,138,135,3,0
Newaygo,"City of Fremont, Precinct 1",U.S. Senate,,DEM,Ballots Cast,708,704,4,0
Newaygo,"City of Fremont, Precinct 1",U.S. Senate,,DEM,Haley Stevens,134,133,1,0
Newaygo,"City of Fremont, Precinct 1",U.S. Senate,,DEM,Mallory McMorrow,18,18,0,0
Newaygo,"City of Fremont, Precinct 1",U.S. Senate,,DEM,Write-in,1,1,0,0
Newaygo,"City of Fremont, Precinct 1",U.S. Senate,,REP,Ballots Cast,708,704,4,0
Newaygo,"City of Fremont, Precinct 1",U.S. Senate,,REP,Mike Rogers,387,387,0,0
Newaygo,"City of Fremont, Precinct 1",U.S. Senate,,REP,Write-in,1,1,0,0
Newaygo,"City of Fremont, Precinct 2",Delegate to County Convention for City of Fremont Precinct 2,,DEM,Ballots Cast,594,589,5,0
Newaygo,"City of Fremont, Precinct 2",Delegate to County Convention for City of Fremont Precinct 2,,DEM,Write-in,18,18,0,0
Newaygo,"City of Fremont, Precinct 2",Delegate to County Convention for City of Fremont Precinct 2,,REP,Ballots Cast,594,589,5,0
Newaygo,"City of Fremont, Precinct 2",Delegate to County Convention for City of Fremont Precinct 2,,REP,Lou Ann Johnson,288,286,2,0
Newaygo,"City of Fremont, Precinct 2",Delegate to County Convention for City of Fremont Precinct 2,,REP,Write-in,6,6,0,0
Newaygo,"City of Fremont, Precinct 2",Governor,,DEM,Ballots Cast,594,589,5,0
Newaygo,"City of Fremont, Precinct 2",Governor,,DEM,Christopher Robert Swanson,34,34,0,0
Newaygo,"City of Fremont, Precinct 2",Governor,,DEM,Jocelyn Benson,208,205,3,0
Newaygo,"City of Fremont, Precinct 2",Governor,,DEM,Write-in,0,0,0,0
Newaygo,"City of Fremont, Precinct 2",Governor,,REP,Aric Nesbitt,10,10,0,0
Newaygo,"City of Fremont, Precinct 2",Governor,,REP,Ballots Cast,594,589,5,0
Newaygo,"City of Fremont, Precinct 2",Governor,,REP,John James,171,171,0,0
Newaygo,"City of Fremont, Precinct 2",Governor,,REP,Mike Cox,48,46,2,0
Newaygo,"City of Fremont, Precinct 2",Governor,,REP,Perry Johnson,113,113,0,0
Newaygo,"City of Fremont, Precinct 2",Governor,,REP,Write-in,0,0,0,0
Newaygo,"City of Fremont, Precinct 2",State House,101,DEM,Ballots Cast,594,589,5,0
Newaygo,"City of Fremont, Precinct 2",State House,101,DEM,Christopher R. Crain,216,215,1,0
Newaygo,"City of Fremont, Precinct 2",State House,101,DEM,Write-in,1,1,0,0
Newaygo,"City of Fremont, Precinct 2",State House,101,REP,Ballots Cast,594,589,5,0
Newaygo,"City of Fremont, Precinct 2",State House,101,REP,Ben Townsend,12,12,0,0
Newaygo,"City of Fremont, Precinct 2",State House,101,REP,Gary Anderson,70,70,0,0
Newaygo,"City of Fremont, Precinct 2",State House,101,REP,Jaxon Deur,176,174,2,0
Newaygo,"City of Fremont, Precinct 2",State House,101,REP,Luke Eising,38,38,0,0
Newaygo,"City of Fremont, Precinct 2",State House,101,REP,Rich Vance,44,44,0,0
Newaygo,"City of Fremont, Precinct 2",State House,101,REP,Write-in,1,1,0,0
Newaygo,"City of Fremont, Precinct 2",State Senate,33,DEM,Ballots Cast,594,589,5,0
Newaygo,"City of Fremont, Precinct 2",State Senate,33,DEM,Stan Opal,217,216,1,0
Newaygo,"City of Fremont, Precinct 2",State Senate,33,DEM,Write-in,1,1,0,0
Newaygo,"City of Fremont, Precinct 2",State Senate,33,REP,Ballots Cast,594,589,5,0
Newaygo,"City of Fremont, Precinct 2",State Senate,33,REP,Gina Johnsen,73,73,0,0
Newaygo,"City of Fremont, Precinct 2",State Senate,33,REP,Joseph D. Fox,191,190,1,0
Newaygo,"City of Fremont, Precinct 2",State Senate,33,REP,Katie DeBoer,64,63,1,0
Newaygo,"City of Fremont, Precinct 2",State Senate,33,REP,Thomas J. Norton,14,14,0,0
Newaygo,"City of Fremont, Precinct 2",State Senate,33,REP,Write-in,0,0,0,0
Newaygo,"City of Fremont, Precinct 2",U.S. House,2,DEM,Ballots Cast,594,589,5,0
Newaygo,"City of Fremont, Precinct 2",U.S. House,2,DEM,Ben Ambrose,78,77,1,0
Newaygo,"City of Fremont, Precinct 2",U.S. House,2,DEM,Clyde Welford,26,26,0,0
Newaygo,"City of Fremont, Precinct 2",U.S. House,2,DEM,Jamie Hill,114,113,1,0
Newaygo,"City of Fremont, Precinct 2",U.S. House,2,DEM,Write-in,1,1,0,0
Newaygo,"City of Fremont, Precinct 2",U.S. House,2,REP,Ballots Cast,594,589,5,0
Newaygo,"City of Fremont, Precinct 2",U.S. House,2,REP,John Moolenaar,330,328,2,0
Newaygo,"City of Fremont, Precinct 2",U.S. House,2,REP,Write-in,2,2,0,0
Newaygo,"City of Fremont, Precinct 2",U.S. Senate,,DEM,Abdul El-Sayed,101,100,1,0
Newaygo,"City of Fremont, Precinct 2",U.S. Senate,,DEM,Ballots Cast,594,589,5,0
Newaygo,"City of Fremont, Precinct 2",U.S. Senate,,DEM,Haley Stevens,133,131,2,0
Newaygo,"City of Fremont, Precinct 2",U.S. Senate,,DEM,Mallory McMorrow,8,8,0,0
Newaygo,"City of Fremont, Precinct 2",U.S. Senate,,DEM,Write-in,0,0,0,0
Newaygo,"City of Fremont, Precinct 2",U.S. Senate,,REP,Ballots Cast,594,589,5,0
Newaygo,"City of Fremont, Precinct 2",U.S. Senate,,REP,Mike Rogers,326,324,2,0
Newaygo,"City of Fremont, Precinct 2",U.S. Senate,,REP,Write-in,2,2,0,0
Newaygo,"City of Grant, Precinct 1",Delegate to County Convention for City of Grant Precinct 1,,DEM,Ballots Cast,175,174,1,0
Newaygo,"City of Grant, Precinct 1",Delegate to County Convention for City of Grant Precinct 1,,DEM,Write-in,4,4,0,0
Newaygo,"City of Grant, Precinct 1",Delegate to County Convention for City of Grant Precinct 1,,REP,Ballots Cast,175,174,1,0
Newaygo,"City of Grant, Precinct 1",Delegate to County Convention for City of Grant Precinct 1,,REP,Brent Raterink,2,2,0,0
Newaygo,"City of Grant, Precinct 1",Delegate to County Convention for City of Grant Precinct 1,,REP,Write-in,34,33,1,0
Newaygo,"City of Grant, Precinct 1",Governor,,DEM,Ballots Cast,175,174,1,0
Newaygo,"City of Grant, Precinct 1",Governor,,DEM,Christopher Robert Swanson,6,6,0,0
Newaygo,"City of Grant, Precinct 1",Governor,,DEM,Jocelyn Benson,52,52,0,0
Newaygo,"City of Grant, Precinct 1",Governor,,DEM,Write-in,0,0,0,0
Newaygo,"City of Grant, Precinct 1",Governor,,REP,Aric Nesbitt,2,2,0,0
Newaygo,"City of Grant, Precinct 1",Governor,,REP,Ballots Cast,175,174,1,0
Newaygo,"City of Grant, Precinct 1",Governor,,REP,John James,58,57,1,0
Newaygo,"City of Grant, Precinct 1",Governor,,REP,Mike Cox,16,16,0,0
Newaygo,"City of Grant, Precinct 1",Governor,,REP,Perry Johnson,31,31,0,0
Newaygo,"City of Grant, Precinct 1",Governor,,REP,Write-in,0,0,0,0
Newaygo,"City of Grant, Precinct 1",Grant Public Schools Operating Millage Renewal Proposal,,,Ballots Cast,175,174,1,0
Newaygo,"City of Grant, Precinct 1",Grant Public Schools Operating Millage Renewal Proposal,,,No,54,54,0,0
Newaygo,"City of Grant, Precinct 1",Grant Public Schools Operating Millage Renewal Proposal,,,Yes,99,98,1,0
Newaygo,"City of Grant, Precinct 1",State House,101,DEM,Ballots Cast,175,174,1,0
Newaygo,"City of Grant, Precinct 1",State House,101,DEM,Christopher R. Crain,47,47,0,0
Newaygo,"City of Grant, Precinct 1",State House,101,DEM,Write-in,1,1,0,0
Newaygo,"City of Grant, Precinct 1",State House,101,REP,Ballots Cast,175,174,1,0
Newaygo,"City of Grant, Precinct 1",State House,101,REP,Ben Townsend,9,9,0,0
Newaygo,"City of Grant, Precinct 1",State House,101,REP,Gary Anderson,3,3,0,0
Newaygo,"City of Grant, Precinct 1",State House,101,REP,Jaxon Deur,30,29,1,0
Newaygo,"City of Grant, Precinct 1",State House,101,REP,Luke Eising,26,26,0,0
Newaygo,"City of Grant, Precinct 1",State House,101,REP,Rich Vance,38,38,0,0
Newaygo,"City of Grant, Precinct 1",State House,101,REP,Write-in,0,0,0,0
Newaygo,"City of Grant, Precinct 1",State Senate,33,DEM,Ballots Cast,175,174,1,0
Newaygo,"City of Grant, Precinct 1",State Senate,33,DEM,Stan Opal,46,46,0,0
Newaygo,"City of Grant, Precinct 1",State Senate,33,DEM,Write-in,1,1,0,0
Newaygo,"City of Grant, Precinct 1",State Senate,33,REP,Ballots Cast,175,174,1,0
Newaygo,"City of Grant, Precinct 1",State Senate,33,REP,Gina Johnsen,31,30,1,0
Newaygo,"City of Grant, Precinct 1",State Senate,33,REP,Joseph D. Fox,45,45,0,0
Newaygo,"City of Grant, Precinct 1",State Senate,33,REP,Katie DeBoer,22,22,0,0
Newaygo,"City of Grant, Precinct 1",State Senate,33,REP,Thomas J. Norton,9,9,0,0
Newaygo,"City of Grant, Precinct 1",State Senate,33,REP,Write-in,0,0,0,0
Newaygo,"City of Grant, Precinct 1",U.S. House,2,DEM,Ballots Cast,175,174,1,0
Newaygo,"City of Grant, Precinct 1",U.S. House,2,DEM,Ben Ambrose,17,17,0,0
Newaygo,"City of Grant, Precinct 1",U.S. House,2,DEM,Clyde Welford,8,8,0,0
Newaygo,"City of Grant, Precinct 1",U.S. House,2,DEM,Jamie Hill,22,22,0,0
Newaygo,"City of Grant, Precinct 1",U.S. House,2,DEM,Write-in,1,1,0,0
Newaygo,"City of Grant, Precinct 1",U.S. House,2,REP,Ballots Cast,175,174,1,0
Newaygo,"City of Grant, Precinct 1",U.S. House,2,REP,John Moolenaar,99,98,1,0
Newaygo,"City of Grant, Precinct 1",U.S. House,2,REP,Write-in,1,1,0,0
Newaygo,"City of Grant, Precinct 1",U.S. Senate,,DEM,Abdul El-Sayed,21,21,0,0
Newaygo,"City of Grant, Precinct 1",U.S. Senate,,DEM,Ballots Cast,175,174,1,0
Newaygo,"City of Grant, Precinct 1",U.S. Senate,,DEM,Haley Stevens,38,38,0,0
Newaygo,"City of Grant, Precinct 1",U.S. Senate,,DEM,Mallory McMorrow,0,0,0,0
Newaygo,"City of Grant, Precinct 1",U.S. Senate,,DEM,Write-in,0,0,0,0
Newaygo,"City of Grant, Precinct 1",U.S. Senate,,REP,Ballots Cast,175,174,1,0
Newaygo,"City of Grant, Precinct 1",U.S. Senate,,REP,Mike Rogers,100,99,1,0
Newaygo,"City of Grant, Precinct 1",U.S. Senate,,REP,Write-in,2,2,0,0
Newaygo,"City of Newaygo, Precinct 1",Delegate to County Convention for City of Newaygo Precinct 1,,DEM,Ballots Cast,408,404,4,0
Newaygo,"City of Newaygo, Precinct 1",Delegate to County Convention for City of Newaygo Precinct 1,,DEM,Write-in,23,16,7,0
Newaygo,"City of Newaygo, Precinct 1",Delegate to County Convention for City of Newaygo Precinct 1,,REP,Ballots Cast,408,404,4,0
Newaygo,"City of Newaygo, Precinct 1",Delegate to County Convention for City of Newaygo Precinct 1,,REP,Write-in,27,27,0,0
Newaygo,"City of Newaygo, Precinct 1",Governor,,DEM,Ballots Cast,408,404,4,0
Newaygo,"City of Newaygo, Precinct 1",Governor,,DEM,Christopher Robert Swanson,31,31,0,0
Newaygo,"City of Newaygo, Precinct 1",Governor,,DEM,Jocelyn Benson,158,156,2,0
Newaygo,"City of Newaygo, Precinct 1",Governor,,DEM,Write-in,0,0,0,0
Newaygo,"City of Newaygo, Precinct 1",Governor,,REP,Aric Nesbitt,4,4,0,0
Newaygo,"City of Newaygo, Precinct 1",Governor,,REP,Ballots Cast,408,404,4,0
Newaygo,"City of Newaygo, Precinct 1",Governor,,REP,John James,107,107,0,0
Newaygo,"City of Newaygo, Precinct 1",Governor,,REP,Mike Cox,43,43,0,0
Newaygo,"City of Newaygo, Precinct 1",Governor,,REP,Perry Johnson,56,54,2,0
Newaygo,"City of Newaygo, Precinct 1",Governor,,REP,Write-in,0,0,0,0
Newaygo,"City of Newaygo, Precinct 1",State House,101,DEM,Ballots Cast,408,404,4,0
Newaygo,"City of Newaygo, Precinct 1",State House,101,DEM,Christopher R. Crain,167,165,2,0
Newaygo,"City of Newaygo, Precinct 1",State House,101,DEM,Write-in,3,3,0,0
Newaygo,"City of Newaygo, Precinct 1",State House,101,REP,Ballots Cast,408,404,4,0
Newaygo,"City of Newaygo, Precinct 1",State House,101,REP,Ben Townsend,14,14,0,0
Newaygo,"City of Newaygo, Precinct 1",State House,101,REP,Gary Anderson,23,21,2,0
Newaygo,"City of Newaygo, Precinct 1",State House,101,REP,Jaxon Deur,73,73,0,0
Newaygo,"City of Newaygo, Precinct 1",State House,101,REP,Luke Eising,29,29,0,0
Newaygo,"City of Newaygo, Precinct 1",State House,101,REP,Rich Vance,70,70,0,0
Newaygo,"City of Newaygo, Precinct 1",State House,101,REP,Write-in,2,2,0,0
Newaygo,"City of Newaygo, Precinct 1",State Senate,33,DEM,Ballots Cast,408,404,4,0
Newaygo,"City of Newaygo, Precinct 1",State Senate,33,DEM,Stan Opal,168,166,2,0
Newaygo,"City of Newaygo, Precinct 1",State Senate,33,DEM,Write-in,3,3,0,0
Newaygo,"City of Newaygo, Precinct 1",State Senate,33,REP,Ballots Cast,408,404,4,0
Newaygo,"City of Newaygo, Precinct 1",State Senate,33,REP,Gina Johnsen,65,65,0,0
Newaygo,"City of Newaygo, Precinct 1",State Senate,33,REP,Joseph D. Fox,76,76,0,0
Newaygo,"City of Newaygo, Precinct 1",State Senate,33,REP,Katie DeBoer,30,30,0,0
Newaygo,"City of Newaygo, Precinct 1",State Senate,33,REP,Thomas J. Norton,36,34,2,0
Newaygo,"City of Newaygo, Precinct 1",State Senate,33,REP,Write-in,0,0,0,0
Newaygo,"City of Newaygo, Precinct 1",U.S. House,2,DEM,Ballots Cast,408,404,4,0
Newaygo,"City of Newaygo, Precinct 1",U.S. House,2,DEM,Ben Ambrose,64,63,1,0
Newaygo,"City of Newaygo, Precinct 1",U.S. House,2,DEM,Clyde Welford,18,18,0,0
Newaygo,"City of Newaygo, Precinct 1",U.S. House,2,DEM,Jamie Hill,93,92,1,0
Newaygo,"City of Newaygo, Precinct 1",U.S. House,2,DEM,Write-in,3,3,0,0
Newaygo,"City of Newaygo, Precinct 1",U.S. House,2,REP,Ballots Cast,408,404,4,0
Newaygo,"City of Newaygo, Precinct 1",U.S. House,2,REP,John Moolenaar,205,203,2,0
Newaygo,"City of Newaygo, Precinct 1",U.S. House,2,REP,Write-in,0,0,0,0
Newaygo,"City of Newaygo, Precinct 1",U.S. Senate,,DEM,Abdul El-Sayed,95,95,0,0
Newaygo,"City of Newaygo, Precinct 1",U.S. Senate,,DEM,Ballots Cast,408,404,4,0
Newaygo,"City of Newaygo, Precinct 1",U.S. Senate,,DEM,Haley Stevens,82,80,2,0
Newaygo,"City of Newaygo, Precinct 1",U.S. Senate,,DEM,Mallory McMorrow,14,14,0,0
Newaygo,"City of Newaygo, Precinct 1",U.S. Senate,,DEM,Write-in,0,0,0,0
Newaygo,"City of Newaygo, Precinct 1",U.S. Senate,,REP,Ballots Cast,408,404,4,0
Newaygo,"City of Newaygo, Precinct 1",U.S. Senate,,REP,Mike Rogers,207,205,2,0
Newaygo,"City of Newaygo, Precinct 1",U.S. Senate,,REP,Write-in,0,0,0,0
Newaygo,"City of White Cloud, Precinct 1",Delegate to County Convention for City of White Cloud Precinct 1,,DEM,Ballots Cast,269,266,3,0
Newaygo,"City of White Cloud, Precinct 1",Delegate to County Convention for City of White Cloud Precinct 1,,DEM,Write-in,13,13,0,0
Newaygo,"City of White Cloud, Precinct 1",Delegate to County Convention for City of White Cloud Precinct 1,,REP,Ballots Cast,269,266,3,0
Newaygo,"City of White Cloud, Precinct 1",Delegate to County Convention for City of White Cloud Precinct 1,,REP,Deborah Renee Frisbey,129,129,0,0
Newaygo,"City of White Cloud, Precinct 1",Delegate to County Convention for City of White Cloud Precinct 1,,REP,Write-in,4,4,0,0
Newaygo,"City of White Cloud, Precinct 1",Governor,,DEM,Ballots Cast,269,266,3,0
Newaygo,"City of White Cloud, Precinct 1",Governor,,DEM,Christopher Robert Swanson,20,19,1,0
Newaygo,"City of White Cloud, Precinct 1",Governor,,DEM,Jocelyn Benson,77,76,1,0
Newaygo,"City of White Cloud, Precinct 1",Governor,,DEM,Write-in,1,1,0,0
Newaygo,"City of White Cloud, Precinct 1",Governor,,REP,Aric Nesbitt,1,1,0,0
Newaygo,"City of White Cloud, Precinct 1",Governor,,REP,Ballots Cast,269,266,3,0
Newaygo,"City of White Cloud, Precinct 1",Governor,,REP,John James,72,71,1,0
Newaygo,"City of White Cloud, Precinct 1",Governor,,REP,Mike Cox,35,35,0,0
Newaygo,"City of White Cloud, Precinct 1",Governor,,REP,Perry Johnson,51,51,0,0
Newaygo,"City of White Cloud, Precinct 1",Governor,,REP,Write-in,0,0,0,0
Newaygo,"City of White Cloud, Precinct 1",State House,101,DEM,Ballots Cast,269,266,3,0
Newaygo,"City of White Cloud, Precinct 1",State House,101,DEM,Christopher R. Crain,81,81,0,0
Newaygo,"City of White Cloud, Precinct 1",State House,101,DEM,Write-in,2,2,0,0
Newaygo,"City of White Cloud, Precinct 1",State House,101,REP,Ballots Cast,269,266,3,0
Newaygo,"City of White Cloud, Precinct 1",State House,101,REP,Ben Townsend,3,3,0,0
Newaygo,"City of White Cloud, Precinct 1",State House,101,REP,Gary Anderson,34,34,0,0
Newaygo,"City of White Cloud, Precinct 1",State House,101,REP,Jaxon Deur,60,59,1,0
Newaygo,"City of White Cloud, Precinct 1",State House,101,REP,Luke Eising,27,27,0,0
Newaygo,"City of White Cloud, Precinct 1",State House,101,REP,Rich Vance,33,33,0,0
Newaygo,"City of White Cloud, Precinct 1",State House,101,REP,Write-in,1,1,0,0
Newaygo,"City of White Cloud, Precinct 1",State Senate,33,DEM,Ballots Cast,269,266,3,0
Newaygo,"City of White Cloud, Precinct 1",State Senate,33,DEM,Stan Opal,87,87,0,0
Newaygo,"City of White Cloud, Precinct 1",State Senate,33,DEM,Write-in,1,1,0,0
Newaygo,"City of White Cloud, Precinct 1",State Senate,33,REP,Ballots Cast,269,266,3,0
Newaygo,"City of White Cloud, Precinct 1",State Senate,33,REP,Gina Johnsen,22,22,0,0
Newaygo,"City of White Cloud, Precinct 1",State Senate,33,REP,Joseph D. Fox,88,87,1,0
Newaygo,"City of White Cloud, Precinct 1",State Senate,33,REP,Katie DeBoer,29,29,0,0
Newaygo,"City of White Cloud, Precinct 1",State Senate,33,REP,Thomas J. Norton,21,21,0,0
Newaygo,"City of White Cloud, Precinct 1",State Senate,33,REP,Write-in,0,0,0,0
Newaygo,"City of White Cloud, Precinct 1",U.S. House,2,DEM,Ballots Cast,269,266,3,0
Newaygo,"City of White Cloud, Precinct 1",U.S. House,2,DEM,Ben Ambrose,35,35,0,0
Newaygo,"City of White Cloud, Precinct 1",U.S. House,2,DEM,Clyde Welford,12,12,0,0
Newaygo,"City of White Cloud, Precinct 1",U.S. House,2,DEM,Jamie Hill,42,42,0,0
Newaygo,"City of White Cloud, Precinct 1",U.S. House,2,DEM,Write-in,1,1,0,0
Newaygo,"City of White Cloud, Precinct 1",U.S. House,2,REP,Ballots Cast,269,266,3,0
Newaygo,"City of White Cloud, Precinct 1",U.S. House,2,REP,John Moolenaar,149,148,1,0
Newaygo,"City of White Cloud, Precinct 1",U.S. House,2,REP,Write-in,0,0,0,0
Newaygo,"City of White Cloud, Precinct 1",U.S. Senate,,DEM,Abdul El-Sayed,47,47,0,0
Newaygo,"City of White Cloud, Precinct 1",U.S. Senate,,DEM,Ballots Cast,269,266,3,0
Newaygo,"City of White Cloud, Precinct 1",U.S. Senate,,DEM,Haley Stevens,48,46,2,0
Newaygo,"City of White Cloud, Precinct 1",U.S. Senate,,DEM,Mallory McMorrow,2,2,0,0
Newaygo,"City of White Cloud, Precinct 1",U.S. Senate,,DEM,Write-in,0,0,0,0
Newaygo,"City of White Cloud, Precinct 1",U.S. Senate,,REP,Ballots Cast,269,266,3,0
Newaygo,"City of White Cloud, Precinct 1",U.S. Senate,,REP,Mike Rogers,153,152,1,0
Newaygo,"City of White Cloud, Precinct 1",U.S. Senate,,REP,Write-in,1,1,0,0
Newaygo,"City of White Cloud, Precinct 1",White Cloud Public Schools Operating Millage Proposal,,,Ballots Cast,269,266,3,0
Newaygo,"City of White Cloud, Precinct 1",White Cloud Public Schools Operating Millage Proposal,,,No,55,55,0,0
Newaygo,"City of White Cloud, Precinct 1",White Cloud Public Schools Operating Millage Proposal,,,Yes,180,177,3,0
Newaygo,"Ashland Township, Precinct 1",Ashland Fire Equipment Millage,,,Ballots Cast,683,677,6,0
Newaygo,"Ashland Township, Precinct 1",Ashland Fire Equipment Millage,,,No,196,194,2,0
Newaygo,"Ashland Township, Precinct 1",Ashland Fire Equipment Millage,,,Yes,455,451,4,0
Newaygo,"Ashland Township, Precinct 1",Ashland Fire Protection Millage,,,Ballots Cast,683,677,6,0
Newaygo,"Ashland Township, Precinct 1",Ashland Fire Protection Millage,,,No,196,194,2,0
Newaygo,"Ashland Township, Precinct 1",Ashland Fire Protection Millage,,,Yes,453,449,4,0
Newaygo,"Ashland Township, Precinct 1",Delegate to County Convention for Ashland Township Precinct 1,,DEM,Ballots Cast,683,677,6,0
Newaygo,"Ashland Township, Precinct 1",Delegate to County Convention for Ashland Township Precinct 1,,DEM,Dallas Dean Jr.,184,181,3,0
Newaygo,"Ashland Township, Precinct 1",Delegate to County Convention for Ashland Township Precinct 1,,DEM,Write-in,3,3,0,0
Newaygo,"Ashland Township, Precinct 1",Delegate to County Convention for Ashland Township Precinct 1,,REP,Ballots Cast,683,677,6,0
Newaygo,"Ashland Township, Precinct 1",Delegate to County Convention for Ashland Township Precinct 1,,REP,Write-in,46,46,0,0
Newaygo,"Ashland Township, Precinct 1",Governor,,DEM,Ballots Cast,683,677,6,0
Newaygo,"Ashland Township, Precinct 1",Governor,,DEM,Christopher Robert Swanson,28,28,0,0
Newaygo,"Ashland Township, Precinct 1",Governor,,DEM,Jocelyn Benson,197,193,4,0
Newaygo,"Ashland Township, Precinct 1",Governor,,DEM,Write-in,1,1,0,0
Newaygo,"Ashland Township, Precinct 1",Governor,,REP,Aric Nesbitt,4,4,0,0
Newaygo,"Ashland Township, Precinct 1",Governor,,REP,Ballots Cast,683,677,6,0
Newaygo,"Ashland Township, Precinct 1",Governor,,REP,John James,218,217,1,0
Newaygo,"Ashland Township, Precinct 1",Governor,,REP,Mike Cox,41,41,0,0
Newaygo,"Ashland Township, Precinct 1",Governor,,REP,Perry Johnson,164,163,1,0
Newaygo,"Ashland Township, Precinct 1",Governor,,REP,Write-in,0,0,0,0
Newaygo,"Ashland Township, Precinct 1",Grant Public Schools Operating Millage Renewal Proposal,,,Ballots Cast,657,651,6,0
Newaygo,"Ashland Township, Precinct 1",Grant Public Schools Operating Millage Renewal Proposal,,,No,208,205,3,0
Newaygo,"Ashland Township, Precinct 1",Grant Public Schools Operating Millage Renewal Proposal,,,Yes,424,421,3,0
Newaygo,"Ashland Township, Precinct 1",State House,101,DEM,Ballots Cast,683,677,6,0
Newaygo,"Ashland Township, Precinct 1",State House,101,DEM,Christopher R. Crain,195,191,4,0
Newaygo,"Ashland Township, Precinct 1",State House,101,DEM,Write-in,1,1,0,0
Newaygo,"Ashland Township, Precinct 1",State House,101,REP,Ballots Cast,683,677,6,0
Newaygo,"Ashland Township, Precinct 1",State House,101,REP,Ben Townsend,12,12,0,0
Newaygo,"Ashland Township, Precinct 1",State House,101,REP,Gary Anderson,31,31,0,0
Newaygo,"Ashland Township, Precinct 1",State House,101,REP,Jaxon Deur,145,145,0,0
Newaygo,"Ashland Township, Precinct 1",State House,101,REP,Luke Eising,50,50,0,0
Newaygo,"Ashland Township, Precinct 1",State House,101,REP,Rich Vance,184,182,2,0
Newaygo,"Ashland Township, Precinct 1",State House,101,REP,Write-in,0,0,0,0
Newaygo,"Ashland Township, Precinct 1",State Senate,33,DEM,Ballots Cast,683,677,6,0
Newaygo,"Ashland Township, Precinct 1",State Senate,33,DEM,Stan Opal,196,192,4,0
Newaygo,"Ashland Township, Precinct 1",State Senate,33,DEM,Write-in,1,1,0,0
Newaygo,"Ashland Township, Precinct 1",State Senate,33,REP,Ballots Cast,683,677,6,0
Newaygo,"Ashland Township, Precinct 1",State Senate,33,REP,Gina Johnsen,95,94,1,0
Newaygo,"Ashland Township, Precinct 1",State Senate,33,REP,Joseph D. Fox,244,244,0,0
Newaygo,"Ashland Township, Precinct 1",State Senate,33,REP,Katie DeBoer,55,55,0,0
Newaygo,"Ashland Township, Precinct 1",State Senate,33,REP,Thomas J. Norton,32,31,1,0
Newaygo,"Ashland Township, Precinct 1",State Senate,33,REP,Write-in,0,0,0,0
Newaygo,"Ashland Township, Precinct 1",U.S. House,2,DEM,Ballots Cast,683,677,6,0
Newaygo,"Ashland Township, Precinct 1",U.S. House,2,DEM,Ben Ambrose,85,84,1,0
Newaygo,"Ashland Township, Precinct 1",U.S. House,2,DEM,Clyde Welford,35,35,0,0
Newaygo,"Ashland Township, Precinct 1",U.S. House,2,DEM,Jamie Hill,80,77,3,0
Newaygo,"Ashland Township, Precinct 1",U.S. House,2,DEM,Write-in,1,1,0,0
Newaygo,"Ashland Township, Precinct 1",U.S. House,2,REP,Ballots Cast,683,677,6,0
Newaygo,"Ashland Township, Precinct 1",U.S. House,2,REP,John Moolenaar,400,398,2,0
Newaygo,"Ashland Township, Precinct 1",U.S. House,2,REP,Write-in,0,0,0,0
Newaygo,"Ashland Township, Precinct 1",U.S. Senate,,DEM,Abdul El-Sayed,97,94,3,0
Newaygo,"Ashland Township, Precinct 1",U.S. Senate,,DEM,Ballots Cast,683,677,6,0
Newaygo,"Ashland Township, Precinct 1",U.S. Senate,,DEM,Haley Stevens,128,127,1,0
Newaygo,"Ashland Township, Precinct 1",U.S. Senate,,DEM,Mallory McMorrow,7,7,0,0
Newaygo,"Ashland Township, Precinct 1",U.S. Senate,,DEM,Write-in,0,0,0,0
Newaygo,"Ashland Township, Precinct 1",U.S. Senate,,REP,Ballots Cast,683,677,6,0
Newaygo,"Ashland Township, Precinct 1",U.S. Senate,,REP,Mike Rogers,415,413,2,0
Newaygo,"Ashland Township, Precinct 1",U.S. Senate,,REP,Write-in,0,0,0,0
Newaygo,"Barton Township, Precinct 1",Big Jackson Public Schools Operating Millage Proposal,,,Ballots Cast,42,42,0,0
Newaygo,"Barton Township, Precinct 1",Big Jackson Public Schools Operating Millage Proposal,,,No,7,7,0,0
Newaygo,"Barton Township, Precinct 1",Big Jackson Public Schools Operating Millage Proposal,,,Yes,29,29,0,0
Newaygo,"Barton Township, Precinct 1",Delegate to County Convention for Barton Township Precinct 1,,DEM,Ballots Cast,197,194,3,0
Newaygo,"Barton Township, Precinct 1",Delegate to County Convention for Barton Township Precinct 1,,DEM,Write-in,10,10,0,0
Newaygo,"Barton Township, Precinct 1",Delegate to County Convention for Barton Township Precinct 1,,REP,Ballots Cast,197,194,3,0
Newaygo,"Barton Township, Precinct 1",Delegate to County Convention for Barton Township Precinct 1,,REP,Joan Luce,114,113,1,0
Newaygo,"Barton Township, Precinct 1",Delegate to County Convention for Barton Township Precinct 1,,REP,Write-in,0,0,0,0
Newaygo,"Barton Township, Precinct 1",Governor,,DEM,Ballots Cast,197,194,3,0
Newaygo,"Barton Township, Precinct 1",Governor,,DEM,Christopher Robert Swanson,8,8,0,0
Newaygo,"Barton Township, Precinct 1",Governor,,DEM,Jocelyn Benson,44,43,1,0
Newaygo,"Barton Township, Precinct 1",Governor,,DEM,Write-in,0,0,0,0
Newaygo,"Barton Township, Precinct 1",Governor,,REP,Aric Nesbitt,2,2,0,0
Newaygo,"Barton Township, Precinct 1",Governor,,REP,Ballots Cast,197,194,3,0
Newaygo,"Barton Township, Precinct 1",Governor,,REP,John James,52,52,0,0
Newaygo,"Barton Township, Precinct 1",Governor,,REP,Mike Cox,15,15,0,0
Newaygo,"Barton Township, Precinct 1",Governor,,REP,Perry Johnson,66,64,2,0
Newaygo,"Barton Township, Precinct 1",Governor,,REP,Write-in,0,0,0,0
Newaygo,"Barton Township, Precinct 1",State House,101,DEM,Ballots Cast,197,194,3,0
Newaygo,"Barton Township, Precinct 1",State House,101,DEM,Christopher R. Crain,50,49,1,0
Newaygo,"Barton Township, Precinct 1",State House,101,DEM,Write-in,0,0,0,0
Newaygo,"Barton Township, Precinct 1",State House,101,REP,Ballots Cast,197,194,3,0
Newaygo,"Barton Township, Precinct 1",State House,101,REP,Ben Townsend,12,12,0,0
Newaygo,"Barton Township, Precinct 1",State House,101,REP,Gary Anderson,18,16,2,0
Newaygo,"Barton Township, Precinct 1",State House,101,REP,Jaxon Deur,16,16,0,0
Newaygo,"Barton Township, Precinct 1",State House,101,REP,Luke Eising,54,54,0,0
Newaygo,"Barton Township, Precinct 1",State House,101,REP,Rich Vance,26,26,0,0
Newaygo,"Barton Township, Precinct 1",State House,101,REP,Write-in,0,0,0,0
Newaygo,"Barton Township, Precinct 1",State Senate,33,DEM,Ballots Cast,197,194,3,0
Newaygo,"Barton Township, Precinct 1",State Senate,33,DEM,Stan Opal,50,49,1,0
Newaygo,"Barton Township, Precinct 1",State Senate,33,DEM,Write-in,0,0,0,0
Newaygo,"Barton Township, Precinct 1",State Senate,33,REP,Ballots Cast,197,194,3,0
Newaygo,"Barton Township, Precinct 1",State Senate,33,REP,Gina Johnsen,28,28,0,0
Newaygo,"Barton Township, Precinct 1",State Senate,33,REP,Joseph D. Fox,43,43,0,0
Newaygo,"Barton Township, Precinct 1",State Senate,33,REP,Katie DeBoer,27,27,0,0
Newaygo,"Barton Township, Precinct 1",State Senate,33,REP,Thomas J. Norton,30,28,2,0
Newaygo,"Barton Township, Precinct 1",State Senate,33,REP,Write-in,0,0,0,0
Newaygo,"Barton Township, Precinct 1",U.S. House,2,DEM,Ballots Cast,197,194,3,0
Newaygo,"Barton Township, Precinct 1",U.S. House,2,DEM,Ben Ambrose,15,14,1,0
Newaygo,"Barton Township, Precinct 1",U.S. House,2,DEM,Clyde Welford,7,7,0,0
Newaygo,"Barton Township, Precinct 1",U.S. House,2,DEM,Jamie Hill,28,28,0,0
Newaygo,"Barton Township, Precinct 1",U.S. House,2,DEM,Write-in,0,0,0,0
Newaygo,"Barton Township, Precinct 1",U.S. House,2,REP,Ballots Cast,197,194,3,0
Newaygo,"Barton Township, Precinct 1",U.S. House,2,REP,John Moolenaar,129,127,2,0
Newaygo,"Barton Township, Precinct 1",U.S. House,2,REP,Write-in,0,0,0,0
Newaygo,"Barton Township, Precinct 1",U.S. Senate,,DEM,Abdul El-Sayed,23,22,1,0
Newaygo,"Barton Township, Precinct 1",U.S. Senate,,DEM,Ballots Cast,197,194,3,0
Newaygo,"Barton Township, Precinct 1",U.S. Senate,,DEM,Haley Stevens,26,26,0,0
Newaygo,"Barton Township, Precinct 1",U.S. Senate,,DEM,Mallory McMorrow,3,3,0,0
Newaygo,"Barton Township, Precinct 1",U.S. Senate,,DEM,Write-in,0,0,0,0
Newaygo,"Barton Township, Precinct 1",U.S. Senate,,REP,Ballots Cast,197,194,3,0
Newaygo,"Barton Township, Precinct 1",U.S. Senate,,REP,Mike Rogers,130,128,2,0
Newaygo,"Barton Township, Precinct 1",U.S. Senate,,REP,Write-in,0,0,0,0
Newaygo,"Beaver Township, Precinct 1",Delegate to County Convention for Beaver Township Precinct 1,,DEM,Ballots Cast,113,113,0,0
Newaygo,"Beaver Township, Precinct 1",Delegate to County Convention for Beaver Township Precinct 1,,DEM,Write-in,2,2,0,0
Newaygo,"Beaver Township, Precinct 1",Delegate to County Convention for Beaver Township Precinct 1,,REP,Ballots Cast,113,113,0,0
Newaygo,"Beaver Township, Precinct 1",Delegate to County Convention for Beaver Township Precinct 1,,REP,Write-in,18,18,0,0
Newaygo,"Beaver Township, Precinct 1",Governor,,DEM,Ballots Cast,113,113,0,0
Newaygo,"Beaver Township, Precinct 1",Governor,,DEM,Christopher Robert Swanson,2,2,0,0
Newaygo,"Beaver Township, Precinct 1",Governor,,DEM,Jocelyn Benson,34,34,0,0
Newaygo,"Beaver Township, Precinct 1",Governor,,DEM,Write-in,1,1,0,0
Newaygo,"Beaver Township, Precinct 1",Governor,,REP,Aric Nesbitt,0,0,0,0
Newaygo,"Beaver Township, Precinct 1",Governor,,REP,Ballots Cast,113,113,0,0
Newaygo,"Beaver Township, Precinct 1",Governor,,REP,John James,38,38,0,0
Newaygo,"Beaver Township, Precinct 1",Governor,,REP,Mike Cox,10,10,0,0
Newaygo,"Beaver Township, Precinct 1",Governor,,REP,Perry Johnson,25,25,0,0
Newaygo,"Beaver Township, Precinct 1",Governor,,REP,Write-in,0,0,0,0
Newaygo,"Beaver Township, Precinct 1",Hesperia Community Library Millage Proposal,,,Ballots Cast,87,87,0,0
Newaygo,"Beaver Township, Precinct 1",Hesperia Community Library Millage Proposal,,,No,44,44,0,0
Newaygo,"Beaver Township, Precinct 1",Hesperia Community Library Millage Proposal,,,Yes,31,31,0,0
Newaygo,"Beaver Township, Precinct 1",State House,101,DEM,Ballots Cast,113,113,0,0
Newaygo,"Beaver Township, Precinct 1",State House,101,DEM,Christopher R. Crain,30,30,0,0
Newaygo,"Beaver Township, Precinct 1",State House,101,DEM,Write-in,3,3,0,0
Newaygo,"Beaver Township, Precinct 1",State House,101,REP,Ballots Cast,113,113,0,0
Newaygo,"Beaver Township, Precinct 1",State House,101,REP,Ben Townsend,2,2,0,0
Newaygo,"Beaver Township, Precinct 1",State House,101,REP,Gary Anderson,6,6,0,0
Newaygo,"Beaver Township, Precinct 1",State House,101,REP,Jaxon Deur,23,23,0,0
Newaygo,"Beaver Township, Precinct 1",State House,101,REP,Luke Eising,27,27,0,0
Newaygo,"Beaver Township, Precinct 1",State House,101,REP,Rich Vance,15,15,0,0
Newaygo,"Beaver Township, Precinct 1",State House,101,REP,Write-in,1,1,0,0
Newaygo,"Beaver Township, Precinct 1",State Senate,33,DEM,Ballots Cast,113,113,0,0
Newaygo,"Beaver Township, Precinct 1",State Senate,33,DEM,Stan Opal,30,30,0,0
Newaygo,"Beaver Township, Precinct 1",State Senate,33,DEM,Write-in,3,3,0,0
Newaygo,"Beaver Township, Precinct 1",State Senate,33,REP,Ballots Cast,113,113,0,0
Newaygo,"Beaver Township, Precinct 1",State Senate,33,REP,Gina Johnsen,18,18,0,0
Newaygo,"Beaver Township, Precinct 1",State Senate,33,REP,Joseph D. Fox,37,37,0,0
Newaygo,"Beaver Township, Precinct 1",State Senate,33,REP,Katie DeBoer,12,12,0,0
Newaygo,"Beaver Township, Precinct 1",State Senate,33,REP,Thomas J. Norton,5,5,0,0
Newaygo,"Beaver Township, Precinct 1",State Senate,33,REP,Write-in,0,0,0,0
Newaygo,"Beaver Township, Precinct 1",U.S. House,2,DEM,Ballots Cast,113,113,0,0
Newaygo,"Beaver Township, Precinct 1",U.S. House,2,DEM,Ben Ambrose,13,13,0,0
Newaygo,"Beaver Township, Precinct 1",U.S. House,2,DEM,Clyde Welford,2,2,0,0
Newaygo,"Beaver Township, Precinct 1",U.S. House,2,DEM,Jamie Hill,17,17,0,0
Newaygo,"Beaver Township, Precinct 1",U.S. House,2,DEM,Write-in,1,1,0,0
Newaygo,"Beaver Township, Precinct 1",U.S. House,2,REP,Ballots Cast,113,113,0,0
Newaygo,"Beaver Township, Precinct 1",U.S. House,2,REP,John Moolenaar,67,67,0,0
Newaygo,"Beaver Township, Precinct 1",U.S. House,2,REP,Write-in,1,1,0,0
Newaygo,"Beaver Township, Precinct 1",U.S. Senate,,DEM,Abdul El-Sayed,15,15,0,0
Newaygo,"Beaver Township, Precinct 1",U.S. Senate,,DEM,Ballots Cast,113,113,0,0
Newaygo,"Beaver Township, Precinct 1",U.S. Senate,,DEM,Haley Stevens,23,23,0,0
Newaygo,"Beaver Township, Precinct 1",U.S. Senate,,DEM,Mallory McMorrow,1,1,0,0
Newaygo,"Beaver Township, Precinct 1",U.S. Senate,,DEM,Write-in,0,0,0,0
Newaygo,"Beaver Township, Precinct 1",U.S. Senate,,REP,Ballots Cast,113,113,0,0
Newaygo,"Beaver Township, Precinct 1",U.S. Senate,,REP,Mike Rogers,67,67,0,0
Newaygo,"Beaver Township, Precinct 1",U.S. Senate,,REP,Write-in,0,0,0,0
Newaygo,"Beaver Township, Precinct 1",Walkerville Public Schools Operating Millage Proposal,,,Ballots Cast,26,26,0,0
Newaygo,"Beaver Township, Precinct 1",Walkerville Public Schools Operating Millage Proposal,,,No,12,12,0,0
Newaygo,"Beaver Township, Precinct 1",Walkerville Public Schools Operating Millage Proposal,,,Yes,9,9,0,0
Newaygo,"Big Prairie Township, Precinct 1",Delegate to County Convention for Big Prairie Township Precinct 1,,DEM,Ballots Cast,495,484,11,0
Newaygo,"Big Prairie Township, Precinct 1",Delegate to County Convention for Big Prairie Township Precinct 1,,DEM,Write-in,9,9,0,0
Newaygo,"Big Prairie Township, Precinct 1",Delegate to County Convention for Big Prairie Township Precinct 1,,REP,Ballots Cast,495,484,11,0
Newaygo,"Big Prairie Township, Precinct 1",Delegate to County Convention for Big Prairie Township Precinct 1,,REP,Michelle M. Kuikstra,197,193,4,0
Newaygo,"Big Prairie Township, Precinct 1",Delegate to County Convention for Big Prairie Township Precinct 1,,REP,Nancy M. Neve,147,145,2,0
Newaygo,"Big Prairie Township, Precinct 1",Delegate to County Convention for Big Prairie Township Precinct 1,,REP,Write-in,3,3,0,0
Newaygo,"Big Prairie Township, Precinct 1",Governor,,DEM,Ballots Cast,495,484,11,0
Newaygo,"Big Prairie Township, Precinct 1",Governor,,DEM,Christopher Robert Swanson,16,16,0,0
Newaygo,"Big Prairie Township, Precinct 1",Governor,,DEM,Jocelyn Benson,166,162,4,0
Newaygo,"Big Prairie Township, Precinct 1",Governor,,DEM,Write-in,0,0,0,0
Newaygo,"Big Prairie Township, Precinct 1",Governor,,REP,Aric Nesbitt,8,8,0,0
Newaygo,"Big Prairie Township, Precinct 1",Governor,,REP,Ballots Cast,495,484,11,0
Newaygo,"Big Prairie Township, Precinct 1",Governor,,REP,John James,136,131,5,0
Newaygo,"Big Prairie Township, Precinct 1",Governor,,REP,Mike Cox,40,39,1,0
Newaygo,"Big Prairie Township, Precinct 1",Governor,,REP,Perry Johnson,122,121,1,0
Newaygo,"Big Prairie Township, Precinct 1",Governor,,REP,Write-in,0,0,0,0
Newaygo,"Big Prairie Township, Precinct 1",Morley Stanwood Community Schools Operating Millage Proposal,,,Ballots Cast,124,123,1,0
Newaygo,"Big Prairie Township, Precinct 1",Morley Stanwood Community Schools Operating Millage Proposal,,,No,32,32,0,0
Newaygo,"Big Prairie Township, Precinct 1",Morley Stanwood Community Schools Operating Millage Proposal,,,Yes,54,53,1,0
Newaygo,"Big Prairie Township, Precinct 1",State House,101,DEM,Ballots Cast,495,484,11,0
Newaygo,"Big Prairie Township, Precinct 1",State House,101,DEM,Christopher R. Crain,156,152,4,0
Newaygo,"Big Prairie Township, Precinct 1",State House,101,DEM,Write-in,1,1,0,0
Newaygo,"Big Prairie Township, Precinct 1",State House,101,REP,Ballots Cast,495,484,11,0
Newaygo,"Big Prairie Township, Precinct 1",State House,101,REP,Ben Townsend,20,20,0,0
Newaygo,"Big Prairie Township, Precinct 1",State House,101,REP,Gary Anderson,34,33,1,0
Newaygo,"Big Prairie Township, Precinct 1",State House,101,REP,Jaxon Deur,51,50,1,0
Newaygo,"Big Prairie Township, Precinct 1",State House,101,REP,Luke Eising,69,69,0,0
Newaygo,"Big Prairie Township, Precinct 1",State House,101,REP,Rich Vance,108,103,5,0
Newaygo,"Big Prairie Township, Precinct 1",State House,101,REP,Write-in,2,2,0,0
Newaygo,"Big Prairie Township, Precinct 1",State Senate,33,DEM,Ballots Cast,495,484,11,0
Newaygo,"Big Prairie Township, Precinct 1",State Senate,33,DEM,Stan Opal,158,154,4,0
Newaygo,"Big Prairie Township, Precinct 1",State Senate,33,DEM,Write-in,0,0,0,0
Newaygo,"Big Prairie Township, Precinct 1",State Senate,33,REP,Ballots Cast,495,484,11,0
Newaygo,"Big Prairie Township, Precinct 1",State Senate,33,REP,Gina Johnsen,43,42,1,0
Newaygo,"Big Prairie Township, Precinct 1",State Senate,33,REP,Joseph D. Fox,125,123,2,0
Newaygo,"Big Prairie Township, Precinct 1",State Senate,33,REP,Katie DeBoer,59,56,3,0
Newaygo,"Big Prairie Township, Precinct 1",State Senate,33,REP,Thomas J. Norton,67,66,1,0
Newaygo,"Big Prairie Township, Precinct 1",State Senate,33,REP,Write-in,1,1,0,0
Newaygo,"Big Prairie Township, Precinct 1",Township Park Commissioner for Big Prairie Township,,DEM,Ballots Cast,495,484,11,0
Newaygo,"Big Prairie Township, Precinct 1",Township Park Commissioner for Big Prairie Township,,DEM,Write-in,11,11,0,0
Newaygo,"Big Prairie Township, Precinct 1",Township Park Commissioner for Big Prairie Township,,REP,Ballots Cast,495,484,11,0
Newaygo,"Big Prairie Township, Precinct 1",Township Park Commissioner for Big Prairie Township,,REP,Edward C. Rubringer,176,169,7,0
Newaygo,"Big Prairie Township, Precinct 1",Township Park Commissioner for Big Prairie Township,,REP,Timothy Polasek,201,196,5,0
Newaygo,"Big Prairie Township, Precinct 1",Township Park Commissioner for Big Prairie Township,,REP,Write-in,5,5,0,0
Newaygo,"Big Prairie Township, Precinct 1",U.S. House,2,DEM,Ballots Cast,495,484,11,0
Newaygo,"Big Prairie Township, Precinct 1",U.S. House,2,DEM,Ben Ambrose,66,65,1,0
Newaygo,"Big Prairie Township, Precinct 1",U.S. House,2,DEM,Clyde Welford,32,31,1,0
Newaygo,"Big Prairie Township, Precinct 1",U.S. House,2,DEM,Jamie Hill,65,63,2,0
Newaygo,"Big Prairie Township, Precinct 1",U.S. House,2,DEM,Write-in,1,1,0,0
Newaygo,"Big Prairie Township, Precinct 1",U.S. House,2,REP,Ballots Cast,495,484,11,0
Newaygo,"Big Prairie Township, Precinct 1",U.S. House,2,REP,John Moolenaar,279,272,7,0
Newaygo,"Big Prairie Township, Precinct 1",U.S. House,2,REP,Write-in,1,1,0,0
Newaygo,"Big Prairie Township, Precinct 1",U.S. Senate,,DEM,Abdul El-Sayed,64,64,0,0
Newaygo,"Big Prairie Township, Precinct 1",U.S. Senate,,DEM,Ballots Cast,495,484,11,0
Newaygo,"Big Prairie Township, Precinct 1",U.S. Senate,,DEM,Haley Stevens,119,115,4,0
Newaygo,"Big Prairie Township, Precinct 1",U.S. Senate,,DEM,Mallory McMorrow,2,2,0,0
Newaygo,"Big Prairie Township, Precinct 1",U.S. Senate,,DEM,Write-in,0,0,0,0
Newaygo,"Big Prairie Township, Precinct 1",U.S. Senate,,REP,Ballots Cast,495,484,11,0
Newaygo,"Big Prairie Township, Precinct 1",U.S. Senate,,REP,Mike Rogers,290,283,7,0
Newaygo,"Big Prairie Township, Precinct 1",U.S. Senate,,REP,Write-in,0,0,0,0
Newaygo,"Big Prairie Township, Precinct 1",White Cloud Public Schools Operating Millage Proposal,,,Ballots Cast,201,197,4,0
Newaygo,"Big Prairie Township, Precinct 1",White Cloud Public Schools Operating Millage Proposal,,,No,81,79,2,0
Newaygo,"Big Prairie Township, Precinct 1",White Cloud Public Schools Operating Millage Proposal,,,Yes,63,61,2,0
Newaygo,"Bridgeton Township, Precinct 1",Bridgeton Township Township Treasurer,,DEM,Ballots Cast,528,523,5,0
Newaygo,"Bridgeton Township, Precinct 1",Bridgeton Township Township Treasurer,,DEM,Write-in,49,49,0,0
Newaygo,"Bridgeton Township, Precinct 1",Bridgeton Township Township Treasurer,,REP,Ballots Cast,528,523,5,0
Newaygo,"Bridgeton Township, Precinct 1",Bridgeton Township Township Treasurer,,REP,Charity Jimenez,276,273,3,0
Newaygo,"Bridgeton Township, Precinct 1",Bridgeton Township Township Treasurer,,REP,Write-in,3,3,0,0
Newaygo,"Bridgeton Township, Precinct 1",Bridgeton Township Township Trustee,,DEM,Ballots Cast,528,523,5,0
Newaygo,"Bridgeton Township, Precinct 1",Bridgeton Township Township Trustee,,DEM,Write-in,47,47,0,0
Newaygo,"Bridgeton Township, Precinct 1",Bridgeton Township Township Trustee,,REP,Ballots Cast,528,523,5,0
Newaygo,"Bridgeton Township, Precinct 1",Bridgeton Township Township Trustee,,REP,Kathleen L. Clough,274,271,3,0
Newaygo,"Bridgeton Township, Precinct 1",Bridgeton Township Township Trustee,,REP,Write-in,3,3,0,0
Newaygo,"Bridgeton Township, Precinct 1",Delegate to County Convention for Bridgeton Township Precinct 1,,DEM,Ballots Cast,528,523,5,0
Newaygo,"Bridgeton Township, Precinct 1",Delegate to County Convention for Bridgeton Township Precinct 1,,DEM,Peggy Herman-Hinton,5,5,0,0
Newaygo,"Bridgeton Township, Precinct 1",Delegate to County Convention for Bridgeton Township Precinct 1,,DEM,Write-in,65,65,0,0
Newaygo,"Bridgeton Township, Precinct 1",Delegate to County Convention for Bridgeton Township Precinct 1,,REP,Ballots Cast,528,523,5,0
Newaygo,"Bridgeton Township, Precinct 1",Delegate to County Convention for Bridgeton Township Precinct 1,,REP,Write-in,18,18,0,0
Newaygo,"Bridgeton Township, Precinct 1",Governor,,DEM,Ballots Cast,528,523,5,0
Newaygo,"Bridgeton Township, Precinct 1",Governor,,DEM,Christopher Robert Swanson,35,35,0,0
Newaygo,"Bridgeton Township, Precinct 1",Governor,,DEM,Jocelyn Benson,167,167,0,0
Newaygo,"Bridgeton Township, Precinct 1",Governor,,DEM,Write-in,1,1,0,0
Newaygo,"Bridgeton Township, Precinct 1",Governor,,REP,Aric Nesbitt,9,9,0,0
Newaygo,"Bridgeton Township, Precinct 1",Governor,,REP,Ballots Cast,528,523,5,0
Newaygo,"Bridgeton Township, Precinct 1",Governor,,REP,John James,129,127,2,0
Newaygo,"Bridgeton Township, Precinct 1",Governor,,REP,Mike Cox,41,40,1,0
Newaygo,"Bridgeton Township, Precinct 1",Governor,,REP,Perry Johnson,123,123,0,0
Newaygo,"Bridgeton Township, Precinct 1",Governor,,REP,Write-in,2,2,0,0
Newaygo,"Bridgeton Township, Precinct 1",Grant Public Schools Operating Millage Renewal Proposal,,,Ballots Cast,178,178,0,0
Newaygo,"Bridgeton Township, Precinct 1",Grant Public Schools Operating Millage Renewal Proposal,,,No,69,69,0,0
Newaygo,"Bridgeton Township, Precinct 1",Grant Public Schools Operating Millage Renewal Proposal,,,Yes,89,89,0,0
Newaygo,"Bridgeton Township, Precinct 1",State House,101,DEM,Ballots Cast,528,523,5,0
Newaygo,"Bridgeton Township, Precinct 1",State House,101,DEM,Christopher R. Crain,183,183,0,0
Newaygo,"Bridgeton Township, Precinct 1",State House,101,DEM,Write-in,4,4,0,0
Newaygo,"Bridgeton Township, Precinct 1",State House,101,REP,Ballots Cast,528,523,5,0
Newaygo,"Bridgeton Township, Precinct 1",State House,101,REP,Ben Townsend,11,11,0,0
Newaygo,"Bridgeton Township, Precinct 1",State House,101,REP,Gary Anderson,41,37,4,0
Newaygo,"Bridgeton Township, Precinct 1",State House,101,REP,Jaxon Deur,129,129,0,0
Newaygo,"Bridgeton Township, Precinct 1",State House,101,REP,Luke Eising,21,21,0,0
Newaygo,"Bridgeton Township, Precinct 1",State House,101,REP,Rich Vance,101,100,1,0
Newaygo,"Bridgeton Township, Precinct 1",State House,101,REP,Write-in,2,2,0,0
Newaygo,"Bridgeton Township, Precinct 1",State Senate,33,DEM,Ballots Cast,528,523,5,0
Newaygo,"Bridgeton Township, Precinct 1",State Senate,33,DEM,Stan Opal,184,184,0,0
Newaygo,"Bridgeton Township, Precinct 1",State Senate,33,DEM,Write-in,4,4,0,0
Newaygo,"Bridgeton Township, Precinct 1",State Senate,33,REP,Ballots Cast,528,523,5,0
Newaygo,"Bridgeton Township, Precinct 1",State Senate,33,REP,Gina Johnsen,83,81,2,0
Newaygo,"Bridgeton Township, Precinct 1",State Senate,33,REP,Joseph D. Fox,143,141,2,0
Newaygo,"Bridgeton Township, Precinct 1",State Senate,33,REP,Katie DeBoer,45,45,0,0
Newaygo,"Bridgeton Township, Precinct 1",State Senate,33,REP,Thomas J. Norton,30,29,1,0
Newaygo,"Bridgeton Township, Precinct 1",State Senate,33,REP,Write-in,2,2,0,0
Newaygo,"Bridgeton Township, Precinct 1",U.S. House,2,DEM,Ballots Cast,528,523,5,0
Newaygo,"Bridgeton Township, Precinct 1",U.S. House,2,DEM,Ben Ambrose,66,66,0,0
Newaygo,"Bridgeton Township, Precinct 1",U.S. House,2,DEM,Clyde Welford,15,15,0,0
Newaygo,"Bridgeton Township, Precinct 1",U.S. House,2,DEM,Jamie Hill,109,109,0,0
Newaygo,"Bridgeton Township, Precinct 1",U.S. House,2,DEM,Write-in,2,2,0,0
Newaygo,"Bridgeton Township, Precinct 1",U.S. House,2,REP,Ballots Cast,528,523,5,0
Newaygo,"Bridgeton Township, Precinct 1",U.S. House,2,REP,John Moolenaar,284,281,3,0
Newaygo,"Bridgeton Township, Precinct 1",U.S. House,2,REP,Write-in,1,1,0,0
Newaygo,"Bridgeton Township, Precinct 1",U.S. Senate,,DEM,Abdul El-Sayed,94,94,0,0
Newaygo,"Bridgeton Township, Precinct 1",U.S. Senate,,DEM,Ballots Cast,528,523,5,0
Newaygo,"Bridgeton Township, Precinct 1",U.S. Senate,,DEM,Haley Stevens,101,101,0,0
Newaygo,"Bridgeton Township, Precinct 1",U.S. Senate,,DEM,Mallory McMorrow,10,10,0,0
Newaygo,"Bridgeton Township, Precinct 1",U.S. Senate,,DEM,Write-in,0,0,0,0
Newaygo,"Bridgeton Township, Precinct 1",U.S. Senate,,REP,Ballots Cast,528,523,5,0
Newaygo,"Bridgeton Township, Precinct 1",U.S. Senate,,REP,Mike Rogers,295,292,3,0
Newaygo,"Bridgeton Township, Precinct 1",U.S. Senate,,REP,Write-in,2,2,0,0
Newaygo,"Brooks Township, Precinct 1",Delegate to County Convention for Brooks Township Precinct 1,,DEM,Ballots Cast,1019,997,22,0
Newaygo,"Brooks Township, Precinct 1",Delegate to County Convention for Brooks Township Precinct 1,,DEM,Write-in,56,56,0,0
Newaygo,"Brooks Township, Precinct 1",Delegate to County Convention for Brooks Township Precinct 1,,REP,Alicia Webber,247,243,4,0
Newaygo,"Brooks Township, Precinct 1",Delegate to County Convention for Brooks Township Precinct 1,,REP,Ballots Cast,1019,997,22,0
Newaygo,"Brooks Township, Precinct 1",Delegate to County Convention for Brooks Township Precinct 1,,REP,Bob Hayes,320,313,7,0
Newaygo,"Brooks Township, Precinct 1",Delegate to County Convention for Brooks Township Precinct 1,,REP,Brian Ferris,327,319,8,0
Newaygo,"Brooks Township, Precinct 1",Delegate to County Convention for Brooks Township Precinct 1,,REP,Chad Palmiter,348,341,7,0
Newaygo,"Brooks Township, Precinct 1",Delegate to County Convention for Brooks Township Precinct 1,,REP,Joan M. Hayes,277,269,8,0
Newaygo,"Brooks Township, Precinct 1",Delegate to County Convention for Brooks Township Precinct 1,,REP,Pauline Ferris,264,256,8,0
Newaygo,"Brooks Township, Precinct 1",Delegate to County Convention for Brooks Township Precinct 1,,REP,Robert Hanlon,2,2,0,0
Newaygo,"Brooks Township, Precinct 1",Delegate to County Convention for Brooks Township Precinct 1,,REP,Thomas Smith,285,279,6,0
Newaygo,"Brooks Township, Precinct 1",Delegate to County Convention for Brooks Township Precinct 1,,REP,Write-in,5,5,0,0
Newaygo,"Brooks Township, Precinct 1",Governor,,DEM,Ballots Cast,1019,997,22,0
Newaygo,"Brooks Township, Precinct 1",Governor,,DEM,Christopher Robert Swanson,32,31,1,0
Newaygo,"Brooks Township, Precinct 1",Governor,,DEM,Jocelyn Benson,313,304,9,0
Newaygo,"Brooks Township, Precinct 1",Governor,,DEM,Write-in,3,3,0,0
Newaygo,"Brooks Township, Precinct 1",Governor,,REP,Aric Nesbitt,10,10,0,0
Newaygo,"Brooks Township, Precinct 1",Governor,,REP,Ballots Cast,1019,997,22,0
Newaygo,"Brooks Township, Precinct 1",Governor,,REP,John James,334,329,5,0
Newaygo,"Brooks Township, Precinct 1",Governor,,REP,Mike Cox,74,74,0,0
Newaygo,"Brooks Township, Precinct 1",Governor,,REP,Perry Johnson,227,220,7,0
Newaygo,"Brooks Township, Precinct 1",Governor,,REP,Write-in,3,3,0,0
Newaygo,"Brooks Township, Precinct 1",State House,101,DEM,Ballots Cast,1019,997,22,0
Newaygo,"Brooks Township, Precinct 1",State House,101,DEM,Christopher R. Crain,298,289,9,0
Newaygo,"Brooks Township, Precinct 1",State House,101,DEM,Write-in,2,2,0,0
Newaygo,"Brooks Township, Precinct 1",State House,101,REP,Ballots Cast,1019,997,22,0
Newaygo,"Brooks Township, Precinct 1",State House,101,REP,Ben Townsend,27,27,0,0
Newaygo,"Brooks Township, Precinct 1",State House,101,REP,Gary Anderson,80,77,3,0
Newaygo,"Brooks Township, Precinct 1",State House,101,REP,Jaxon Deur,180,176,4,0
Newaygo,"Brooks Township, Precinct 1",State House,101,REP,Luke Eising,98,98,0,0
Newaygo,"Brooks Township, Precinct 1",State House,101,REP,Rich Vance,241,236,5,0
Newaygo,"Brooks Township, Precinct 1",State House,101,REP,Write-in,1,1,0,0
Newaygo,"Brooks Township, Precinct 1",State Senate,33,DEM,Ballots Cast,1019,997,22,0
Newaygo,"Brooks Township, Precinct 1",State Senate,33,DEM,Stan Opal,304,294,10,0
Newaygo,"Brooks Township, Precinct 1",State Senate,33,DEM,Write-in,2,2,0,0
Newaygo,"Brooks Township, Precinct 1",State Senate,33,REP,Ballots Cast,1019,997,22,0
Newaygo,"Brooks Township, Precinct 1",State Senate,33,REP,Gina Johnsen,168,166,2,0
Newaygo,"Brooks Township, Precinct 1",State Senate,33,REP,Joseph D. Fox,312,306,6,0
Newaygo,"Brooks Township, Precinct 1",State Senate,33,REP,Katie DeBoer,75,74,1,0
Newaygo,"Brooks Township, Precinct 1",State Senate,33,REP,Thomas J. Norton,82,79,3,0
Newaygo,"Brooks Township, Precinct 1",State Senate,33,REP,Write-in,1,1,0,0
Newaygo,"Brooks Township, Precinct 1",U.S. House,2,DEM,Ballots Cast,1019,997,22,0
Newaygo,"Brooks Township, Precinct 1",U.S. House,2,DEM,Ben Ambrose,129,124,5,0
Newaygo,"Brooks Township, Precinct 1",U.S. House,2,DEM,Clyde Welford,35,35,0,0
Newaygo,"Brooks Township, Precinct 1",U.S. House,2,DEM,Jamie Hill,149,144,5,0
Newaygo,"Brooks Township, Precinct 1",U.S. House,2,DEM,Write-in,5,5,0,0
Newaygo,"Brooks Township, Precinct 1",U.S. House,2,REP,Ballots Cast,1019,997,22,0
Newaygo,"Brooks Township, Precinct 1",U.S. House,2,REP,John Moolenaar,595,584,11,0
Newaygo,"Brooks Township, Precinct 1",U.S. House,2,REP,Write-in,4,4,0,0
Newaygo,"Brooks Township, Precinct 1",U.S. Senate,,DEM,Abdul El-Sayed,159,155,4,0
Newaygo,"Brooks Township, Precinct 1",U.S. Senate,,DEM,Ballots Cast,1019,997,22,0
Newaygo,"Brooks Township, Precinct 1",U.S. Senate,,DEM,Haley Stevens,178,172,6,0
Newaygo,"Brooks Township, Precinct 1",U.S. Senate,,DEM,Mallory McMorrow,14,14,0,0
Newaygo,"Brooks Township, Precinct 1",U.S. Senate,,DEM,Write-in,0,0,0,0
Newaygo,"Brooks Township, Precinct 1",U.S. Senate,,REP,Ballots Cast,1019,997,22,0
Newaygo,"Brooks Township, Precinct 1",U.S. Senate,,REP,Mike Rogers,606,594,12,0
Newaygo,"Brooks Township, Precinct 1",U.S. Senate,,REP,Write-in,4,4,0,0
Newaygo,"Croton Township, Precinct 1",Delegate to County Convention for Croton Township Precinct 1,,DEM,Ballots Cast,968,951,17,0
Newaygo,"Croton Township, Precinct 1",Delegate to County Convention for Croton Township Precinct 1,,DEM,Jennie Chatman,224,216,8,0
Newaygo,"Croton Township, Precinct 1",Delegate to County Convention for Croton Township Precinct 1,,DEM,Sally Wagoner,234,230,4,0
Newaygo,"Croton Township, Precinct 1",Delegate to County Convention for Croton Township Precinct 1,,DEM,Write-in,10,10,0,0
Newaygo,"Croton Township, Precinct 1",Delegate to County Convention for Croton Township Precinct 1,,REP,Ballots Cast,968,951,17,0
Newaygo,"Croton Township, Precinct 1",Delegate to County Convention for Croton Township Precinct 1,,REP,Gloria J. Renner,284,283,1,0
Newaygo,"Croton Township, Precinct 1",Delegate to County Convention for Croton Township Precinct 1,,REP,Jeff Pols,288,286,2,0
Newaygo,"Croton Township, Precinct 1",Delegate to County Convention for Croton Township Precinct 1,,REP,Michael Stack,276,274,2,0
Newaygo,"Croton Township, Precinct 1",Delegate to County Convention for Croton Township Precinct 1,,REP,Vince Follett,278,277,1,0
Newaygo,"Croton Township, Precinct 1",Delegate to County Convention for Croton Township Precinct 1,,REP,Write-in,6,6,0,0
Newaygo,"Croton Township, Precinct 1",Governor,,DEM,Ballots Cast,968,951,17,0
Newaygo,"Croton Township, Precinct 1",Governor,,DEM,Christopher Robert Swanson,48,48,0,0
Newaygo,"Croton Township, Precinct 1",Governor,,DEM,Jocelyn Benson,315,306,9,0
Newaygo,"Croton Township, Precinct 1",Governor,,DEM,Write-in,2,2,0,0
Newaygo,"Croton Township, Precinct 1",Governor,,REP,Aric Nesbitt,10,10,0,0
Newaygo,"Croton Township, Precinct 1",Governor,,REP,Ballots Cast,968,951,17,0
Newaygo,"Croton Township, Precinct 1",Governor,,REP,John James,286,282,4,0
Newaygo,"Croton Township, Precinct 1",Governor,,REP,Mike Cox,78,78,0,0
Newaygo,"Croton Township, Precinct 1",Governor,,REP,Perry Johnson,207,203,4,0
Newaygo,"Croton Township, Precinct 1",Governor,,REP,Write-in,3,3,0,0
Newaygo,"Croton Township, Precinct 1",State House,101,DEM,Ballots Cast,968,951,17,0
Newaygo,"Croton Township, Precinct 1",State House,101,DEM,Christopher R. Crain,319,310,9,0
Newaygo,"Croton Township, Precinct 1",State House,101,DEM,Write-in,2,2,0,0
Newaygo,"Croton Township, Precinct 1",State House,101,REP,Ballots Cast,968,951,17,0
Newaygo,"Croton Township, Precinct 1",State House,101,REP,Ben Townsend,41,41,0,0
Newaygo,"Croton Township, Precinct 1",State House,101,REP,Gary Anderson,64,64,0,0
Newaygo,"Croton Township, Precinct 1",State House,101,REP,Jaxon Deur,161,158,3,0
Newaygo,"Croton Township, Precinct 1",State House,101,REP,Luke Eising,124,121,3,0
Newaygo,"Croton Township, Precinct 1",State House,101,REP,Rich Vance,159,159,0,0
Newaygo,"Croton Township, Precinct 1",State House,101,REP,Write-in,5,5,0,0
Newaygo,"Croton Township, Precinct 1",State Senate,33,DEM,Ballots Cast,968,951,17,0
Newaygo,"Croton Township, Precinct 1",State Senate,33,DEM,Stan Opal,319,310,9,0
Newaygo,"Croton Township, Precinct 1",State Senate,33,DEM,Write-in,4,4,0,0
Newaygo,"Croton Township, Precinct 1",State Senate,33,REP,Ballots Cast,968,951,17,0
Newaygo,"Croton Township, Precinct 1",State Senate,33,REP,Gina Johnsen,120,120,0,0
Newaygo,"Croton Township, Precinct 1",State Senate,33,REP,Joseph D. Fox,217,213,4,0
Newaygo,"Croton Township, Precinct 1",State Senate,33,REP,Katie DeBoer,121,120,1,0
Newaygo,"Croton Township, Precinct 1",State Senate,33,REP,Thomas J. Norton,101,99,2,0
Newaygo,"Croton Township, Precinct 1",State Senate,33,REP,Write-in,4,4,0,0
Newaygo,"Croton Township, Precinct 1",Tri County Area Schools Operating Millage Proposal,,,Ballots Cast,262,258,4,0
Newaygo,"Croton Township, Precinct 1",Tri County Area Schools Operating Millage Proposal,,,No,113,112,1,0
Newaygo,"Croton Township, Precinct 1",Tri County Area Schools Operating Millage Proposal,,,Yes,113,110,3,0
Newaygo,"Croton Township, Precinct 1",U.S. House,2,DEM,Ballots Cast,968,951,17,0
Newaygo,"Croton Township, Precinct 1",U.S. House,2,DEM,Ben Ambrose,170,169,1,0
Newaygo,"Croton Township, Precinct 1",U.S. House,2,DEM,Clyde Welford,54,52,2,0
Newaygo,"Croton Township, Precinct 1",U.S. House,2,DEM,Jamie Hill,115,109,6,0
Newaygo,"Croton Township, Precinct 1",U.S. House,2,DEM,Write-in,2,2,0,0
Newaygo,"Croton Township, Precinct 1",U.S. House,2,REP,Ballots Cast,968,951,17,0
Newaygo,"Croton Township, Precinct 1",U.S. House,2,REP,John Moolenaar,550,542,8,0
Newaygo,"Croton Township, Precinct 1",U.S. House,2,REP,Write-in,3,3,0,0
Newaygo,"Croton Township, Precinct 1",U.S. Senate,,DEM,Abdul El-Sayed,145,140,5,0
Newaygo,"Croton Township, Precinct 1",U.S. Senate,,DEM,Ballots Cast,968,951,17,0
Newaygo,"Croton Township, Precinct 1",U.S. Senate,,DEM,Haley Stevens,211,207,4,0
Newaygo,"Croton Township, Precinct 1",U.S. Senate,,DEM,Mallory McMorrow,11,11,0,0
Newaygo,"Croton Township, Precinct 1",U.S. Senate,,DEM,Write-in,1,1,0,0
Newaygo,"Croton Township, Precinct 1",U.S. Senate,,REP,Ballots Cast,968,951,17,0
Newaygo,"Croton Township, Precinct 1",U.S. Senate,,REP,Mike Rogers,560,552,8,0
Newaygo,"Croton Township, Precinct 1",U.S. Senate,,REP,Write-in,2,2,0,0
Newaygo,"Dayton Township, Precinct 1",Delegate to County Convention for Dayton Township Precinct 1,,DEM,Ballots Cast,590,578,12,0
Newaygo,"Dayton Township, Precinct 1",Delegate to County Convention for Dayton Township Precinct 1,,DEM,Write-in,18,18,0,0
Newaygo,"Dayton Township, Precinct 1",Delegate to County Convention for Dayton Township Precinct 1,,REP,Ballots Cast,590,578,12,0
Newaygo,"Dayton Township, Precinct 1",Delegate to County Convention for Dayton Township Precinct 1,,REP,Bill Johnson,202,197,5,0
Newaygo,"Dayton Township, Precinct 1",Delegate to County Convention for Dayton Township Precinct 1,,REP,Brian A. Frens,235,228,7,0
Newaygo,"Dayton Township, Precinct 1",Delegate to County Convention for Dayton Township Precinct 1,,REP,Carol Sue Frens,186,181,5,0
Newaygo,"Dayton Township, Precinct 1",Delegate to County Convention for Dayton Township Precinct 1,,REP,Glen H. Sparks,233,229,4,0
Newaygo,"Dayton Township, Precinct 1",Delegate to County Convention for Dayton Township Precinct 1,,REP,Write-in,3,3,0,0
Newaygo,"Dayton Township, Precinct 1",Governor,,DEM,Ballots Cast,590,578,12,0
Newaygo,"Dayton Township, Precinct 1",Governor,,DEM,Christopher Robert Swanson,21,21,0,0
Newaygo,"Dayton Township, Precinct 1",Governor,,DEM,Jocelyn Benson,161,157,4,0
Newaygo,"Dayton Township, Precinct 1",Governor,,DEM,Write-in,0,0,0,0
Newaygo,"Dayton Township, Precinct 1",Governor,,REP,Aric Nesbitt,13,13,0,0
Newaygo,"Dayton Township, Precinct 1",Governor,,REP,Ballots Cast,590,578,12,0
Newaygo,"Dayton Township, Precinct 1",Governor,,REP,John James,192,189,3,0
Newaygo,"Dayton Township, Precinct 1",Governor,,REP,Mike Cox,58,58,0,0
Newaygo,"Dayton Township, Precinct 1",Governor,,REP,Perry Johnson,127,122,5,0
Newaygo,"Dayton Township, Precinct 1",Governor,,REP,Write-in,0,0,0,0
Newaygo,"Dayton Township, Precinct 1",State House,101,DEM,Ballots Cast,590,578,12,0
Newaygo,"Dayton Township, Precinct 1",State House,101,DEM,Christopher R. Crain,164,160,4,0
Newaygo,"Dayton Township, Precinct 1",State House,101,DEM,Write-in,1,1,0,0
Newaygo,"Dayton Township, Precinct 1",State House,101,REP,Ballots Cast,590,578,12,0
Newaygo,"Dayton Township, Precinct 1",State House,101,REP,Ben Townsend,9,8,1,0
Newaygo,"Dayton Township, Precinct 1",State House,101,REP,Gary Anderson,74,73,1,0
Newaygo,"Dayton Township, Precinct 1",State House,101,REP,Jaxon Deur,224,221,3,0
Newaygo,"Dayton Township, Precinct 1",State House,101,REP,Luke Eising,25,25,0,0
Newaygo,"Dayton Township, Precinct 1",State House,101,REP,Rich Vance,57,54,3,0
Newaygo,"Dayton Township, Precinct 1",State House,101,REP,Write-in,0,0,0,0
Newaygo,"Dayton Township, Precinct 1",State Senate,33,DEM,Ballots Cast,590,578,12,0
Newaygo,"Dayton Township, Precinct 1",State Senate,33,DEM,Stan Opal,168,164,4,0
Newaygo,"Dayton Township, Precinct 1",State Senate,33,DEM,Write-in,1,1,0,0
Newaygo,"Dayton Township, Precinct 1",State Senate,33,REP,Ballots Cast,590,578,12,0
Newaygo,"Dayton Township, Precinct 1",State Senate,33,REP,Gina Johnsen,98,97,1,0
Newaygo,"Dayton Township, Precinct 1",State Senate,33,REP,Joseph D. Fox,207,203,4,0
Newaygo,"Dayton Township, Precinct 1",State Senate,33,REP,Katie DeBoer,73,70,3,0
Newaygo,"Dayton Township, Precinct 1",State Senate,33,REP,Thomas J. Norton,15,15,0,0
Newaygo,"Dayton Township, Precinct 1",State Senate,33,REP,Write-in,0,0,0,0
Newaygo,"Dayton Township, Precinct 1",U.S. House,2,DEM,Ballots Cast,590,578,12,0
Newaygo,"Dayton Township, Precinct 1",U.S. House,2,DEM,Ben Ambrose,86,84,2,0
Newaygo,"Dayton Township, Precinct 1",U.S. House,2,DEM,Clyde Welford,16,16,0,0
Newaygo,"Dayton Township, Precinct 1",U.S. House,2,DEM,Jamie Hill,79,77,2,0
Newaygo,"Dayton Township, Precinct 1",U.S. House,2,DEM,Write-in,0,0,0,0
Newaygo,"Dayton Township, Precinct 1",U.S. House,2,REP,Ballots Cast,590,578,12,0
Newaygo,"Dayton Township, Precinct 1",U.S. House,2,REP,John Moolenaar,370,362,8,0
Newaygo,"Dayton Township, Precinct 1",U.S. House,2,REP,Write-in,0,0,0,0
Newaygo,"Dayton Township, Precinct 1",U.S. Senate,,DEM,Abdul El-Sayed,67,67,0,0
Newaygo,"Dayton Township, Precinct 1",U.S. Senate,,DEM,Ballots Cast,590,578,12,0
Newaygo,"Dayton Township, Precinct 1",U.S. Senate,,DEM,Haley Stevens,110,106,4,0
Newaygo,"Dayton Township, Precinct 1",U.S. Senate,,DEM,Mallory McMorrow,7,7,0,0
Newaygo,"Dayton Township, Precinct 1",U.S. Senate,,DEM,Write-in,0,0,0,0
Newaygo,"Dayton Township, Precinct 1",U.S. Senate,,REP,Ballots Cast,590,578,12,0
Newaygo,"Dayton Township, Precinct 1",U.S. Senate,,REP,Mike Rogers,373,366,7,0
Newaygo,"Dayton Township, Precinct 1",U.S. Senate,,REP,Write-in,2,1,1,0
Newaygo,"Denver Township, Precinct 1",Delegate to County Convention for Denver Township Precinct 1,,DEM,Ballots Cast,407,403,4,0
Newaygo,"Denver Township, Precinct 1",Delegate to County Convention for Denver Township Precinct 1,,DEM,Write-in,17,17,0,0
Newaygo,"Denver Township, Precinct 1",Delegate to County Convention for Denver Township Precinct 1,,REP,Ballots Cast,407,403,4,0
Newaygo,"Denver Township, Precinct 1",Delegate to County Convention for Denver Township Precinct 1,,REP,Curt Bengtsson,149,147,2,0
Newaygo,"Denver Township, Precinct 1",Delegate to County Convention for Denver Township Precinct 1,,REP,James Kelley,9,9,0,0
Newaygo,"Denver Township, Precinct 1",Delegate to County Convention for Denver Township Precinct 1,,REP,Write-in,9,9,0,0
Newaygo,"Denver Township, Precinct 1",Denver Township Township Clerk,,DEM,Ballots Cast,407,403,4,0
Newaygo,"Denver Township, Precinct 1",Denver Township Township Clerk,,DEM,Write-in,26,26,0,0
Newaygo,"Denver Township, Precinct 1",Denver Township Township Clerk,,REP,Ballots Cast,407,403,4,0
Newaygo,"Denver Township, Precinct 1",Denver Township Township Clerk,,REP,Nicki McWilliams,193,191,2,0
Newaygo,"Denver Township, Precinct 1",Denver Township Township Clerk,,REP,Write-in,2,2,0,0
Newaygo,"Denver Township, Precinct 1",Denver Township Township Treasurer,,DEM,Ballots Cast,407,403,4,0
Newaygo,"Denver Township, Precinct 1",Denver Township Township Treasurer,,DEM,Sherrilee Craner,136,134,2,0
Newaygo,"Denver Township, Precinct 1",Denver Township Township Treasurer,,DEM,Write-in,2,2,0,0
Newaygo,"Denver Township, Precinct 1",Denver Township Township Treasurer,,REP,Ballots Cast,407,403,4,0
Newaygo,"Denver Township, Precinct 1",Denver Township Township Treasurer,,REP,Write-in,30,30,0,0
Newaygo,"Denver Township, Precinct 1",Governor,,DEM,Ballots Cast,407,403,4,0
Newaygo,"Denver Township, Precinct 1",Governor,,DEM,Christopher Robert Swanson,19,19,0,0
Newaygo,"Denver Township, Precinct 1",Governor,,DEM,Jocelyn Benson,136,134,2,0
Newaygo,"Denver Township, Precinct 1",Governor,,DEM,Write-in,1,1,0,0
Newaygo,"Denver Township, Precinct 1",Governor,,REP,Aric Nesbitt,5,4,1,0
Newaygo,"Denver Township, Precinct 1",Governor,,REP,Ballots Cast,407,403,4,0
Newaygo,"Denver Township, Precinct 1",Governor,,REP,John James,108,107,1,0
Newaygo,"Denver Township, Precinct 1",Governor,,REP,Mike Cox,31,31,0,0
Newaygo,"Denver Township, Precinct 1",Governor,,REP,Perry Johnson,91,91,0,0
Newaygo,"Denver Township, Precinct 1",Governor,,REP,Write-in,0,0,0,0
Newaygo,"Denver Township, Precinct 1",Hesperia Community Library Millage Proposal,,,Ballots Cast,407,403,4,0
Newaygo,"Denver Township, Precinct 1",Hesperia Community Library Millage Proposal,,,No,124,123,1,0
Newaygo,"Denver Township, Precinct 1",Hesperia Community Library Millage Proposal,,,Yes,189,187,2,0
Newaygo,"Denver Township, Precinct 1",State House,101,DEM,Ballots Cast,407,403,4,0
Newaygo,"Denver Township, Precinct 1",State House,101,DEM,Christopher R. Crain,136,134,2,0
Newaygo,"Denver Township, Precinct 1",State House,101,DEM,Write-in,1,1,0,0
Newaygo,"Denver Township, Precinct 1",State House,101,REP,Ballots Cast,407,403,4,0
Newaygo,"Denver Township, Precinct 1",State House,101,REP,Ben Townsend,17,17,0,0
Newaygo,"Denver Township, Precinct 1",State House,101,REP,Gary Anderson,31,31,0,0
Newaygo,"Denver Township, Precinct 1",State House,101,REP,Jaxon Deur,89,88,1,0
Newaygo,"Denver Township, Precinct 1",State House,101,REP,Luke Eising,23,22,1,0
Newaygo,"Denver Township, Precinct 1",State House,101,REP,Rich Vance,58,58,0,0
Newaygo,"Denver Township, Precinct 1",State House,101,REP,Write-in,0,0,0,0
Newaygo,"Denver Township, Precinct 1",State Senate,33,DEM,Ballots Cast,407,403,4,0
Newaygo,"Denver Township, Precinct 1",State Senate,33,DEM,Stan Opal,136,134,2,0
Newaygo,"Denver Township, Precinct 1",State Senate,33,DEM,Write-in,1,1,0,0
Newaygo,"Denver Township, Precinct 1",State Senate,33,REP,Ballots Cast,407,403,4,0
Newaygo,"Denver Township, Precinct 1",State Senate,33,REP,Gina Johnsen,28,28,0,0
Newaygo,"Denver Township, Precinct 1",State Senate,33,REP,Joseph D. Fox,156,156,0,0
Newaygo,"Denver Township, Precinct 1",State Senate,33,REP,Katie DeBoer,27,27,0,0
Newaygo,"Denver Township, Precinct 1",State Senate,33,REP,Thomas J. Norton,12,10,2,0
Newaygo,"Denver Township, Precinct 1",State Senate,33,REP,Write-in,1,1,0,0
Newaygo,"Denver Township, Precinct 1",U.S. House,2,DEM,Ballots Cast,407,403,4,0
Newaygo,"Denver Township, Precinct 1",U.S. House,2,DEM,Ben Ambrose,69,67,2,0
Newaygo,"Denver Township, Precinct 1",U.S. House,2,DEM,Clyde Welford,17,17,0,0
Newaygo,"Denver Township, Precinct 1",U.S. House,2,DEM,Jamie Hill,52,52,0,0
Newaygo,"Denver Township, Precinct 1",U.S. House,2,DEM,Write-in,0,0,0,0
Newaygo,"Denver Township, Precinct 1",U.S. House,2,REP,Ballots Cast,407,403,4,0
Newaygo,"Denver Township, Precinct 1",U.S. House,2,REP,John Moolenaar,212,210,2,0
Newaygo,"Denver Township, Precinct 1",U.S. House,2,REP,Write-in,0,0,0,0
Newaygo,"Denver Township, Precinct 1",U.S. Senate,,DEM,Abdul El-Sayed,56,56,0,0
Newaygo,"Denver Township, Precinct 1",U.S. Senate,,DEM,Ballots Cast,407,403,4,0
Newaygo,"Denver Township, Precinct 1",U.S. Senate,,DEM,Haley Stevens,97,95,2,0
Newaygo,"Denver Township, Precinct 1",U.S. Senate,,DEM,Mallory McMorrow,4,4,0,0
Newaygo,"Denver Township, Precinct 1",U.S. Senate,,DEM,Write-in,0,0,0,0
Newaygo,"Denver Township, Precinct 1",U.S. Senate,,REP,Ballots Cast,407,403,4,0
Newaygo,"Denver Township, Precinct 1",U.S. Senate,,REP,Mike Rogers,212,210,2,0
Newaygo,"Denver Township, Precinct 1",U.S. Senate,,REP,Write-in,1,1,0,0
Newaygo,"Denver Township, Precinct 1",White Cloud Public Schools Operating Millage Proposal,,,Ballots Cast,3,3,0,0
Newaygo,"Denver Township, Precinct 1",White Cloud Public Schools Operating Millage Proposal,,,No,2,2,0,0
Newaygo,"Denver Township, Precinct 1",White Cloud Public Schools Operating Millage Proposal,,,Yes,0,0,0,0
Newaygo,"Ensley Township, Precinct 1",Delegate to County Convention for Ensley Township Precinct 1,,DEM,Ballots Cast,778,772,6,0
Newaygo,"Ensley Township, Precinct 1",Delegate to County Convention for Ensley Township Precinct 1,,DEM,Write-in,24,24,0,0
Newaygo,"Ensley Township, Precinct 1",Delegate to County Convention for Ensley Township Precinct 1,,REP,Ballots Cast,778,772,6,0
Newaygo,"Ensley Township, Precinct 1",Delegate to County Convention for Ensley Township Precinct 1,,REP,Ken Thorne,329,324,5,0
Newaygo,"Ensley Township, Precinct 1",Delegate to County Convention for Ensley Township Precinct 1,,REP,Lois Waldron,274,270,4,0
Newaygo,"Ensley Township, Precinct 1",Delegate to County Convention for Ensley Township Precinct 1,,REP,Michele Guppy,281,277,4,0
Newaygo,"Ensley Township, Precinct 1",Delegate to County Convention for Ensley Township Precinct 1,,REP,Randy Guppy,273,269,4,0
Newaygo,"Ensley Township, Precinct 1",Delegate to County Convention for Ensley Township Precinct 1,,REP,Write-in,4,4,0,0
Newaygo,"Ensley Township, Precinct 1",Ensley Road Millage Proposal,,,Ballots Cast,778,772,6,0
Newaygo,"Ensley Township, Precinct 1",Ensley Road Millage Proposal,,,No,398,395,3,0
Newaygo,"Ensley Township, Precinct 1",Ensley Road Millage Proposal,,,Yes,339,336,3,0
Newaygo,"Ensley Township, Precinct 1",Governor,,DEM,Ballots Cast,778,772,6,0
Newaygo,"Ensley Township, Precinct 1",Governor,,DEM,Christopher Robert Swanson,39,39,0,0
Newaygo,"Ensley Township, Precinct 1",Governor,,DEM,Jocelyn Benson,165,165,0,0
Newaygo,"Ensley Township, Precinct 1",Governor,,DEM,Write-in,0,0,0,0
Newaygo,"Ensley Township, Precinct 1",Governor,,REP,Aric Nesbitt,7,7,0,0
Newaygo,"Ensley Township, Precinct 1",Governor,,REP,Ballots Cast,778,772,6,0
Newaygo,"Ensley Township, Precinct 1",Governor,,REP,John James,256,255,1,0
Newaygo,"Ensley Township, Precinct 1",Governor,,REP,Mike Cox,65,63,2,0
Newaygo,"Ensley Township, Precinct 1",Governor,,REP,Perry Johnson,213,210,3,0
Newaygo,"Ensley Township, Precinct 1",Governor,,REP,Write-in,2,2,0,0
Newaygo,"Ensley Township, Precinct 1",Grant Public Schools Operating Millage Renewal Proposal,,,Ballots Cast,315,313,2,0
Newaygo,"Ensley Township, Precinct 1",Grant Public Schools Operating Millage Renewal Proposal,,,No,148,148,0,0
Newaygo,"Ensley Township, Precinct 1",Grant Public Schools Operating Millage Renewal Proposal,,,Yes,151,149,2,0
Newaygo,"Ensley Township, Precinct 1",State House,101,DEM,Ballots Cast,778,772,6,0
Newaygo,"Ensley Township, Precinct 1",State House,101,DEM,Christopher R. Crain,171,171,0,0
Newaygo,"Ensley Township, Precinct 1",State House,101,DEM,Write-in,1,1,0,0
Newaygo,"Ensley Township, Precinct 1",State House,101,REP,Ballots Cast,778,772,6,0
Newaygo,"Ensley Township, Precinct 1",State House,101,REP,Ben Townsend,49,49,0,0
Newaygo,"Ensley Township, Precinct 1",State House,101,REP,Gary Anderson,42,42,0,0
Newaygo,"Ensley Township, Precinct 1",State House,101,REP,Jaxon Deur,103,100,3,0
Newaygo,"Ensley Township, Precinct 1",State House,101,REP,Luke Eising,143,142,1,0
Newaygo,"Ensley Township, Precinct 1",State House,101,REP,Rich Vance,179,177,2,0
Newaygo,"Ensley Township, Precinct 1",State House,101,REP,Write-in,3,3,0,0
Newaygo,"Ensley Township, Precinct 1",State Senate,33,DEM,Ballots Cast,778,772,6,0
Newaygo,"Ensley Township, Precinct 1",State Senate,33,DEM,Stan Opal,172,172,0,0
Newaygo,"Ensley Township, Precinct 1",State Senate,33,DEM,Write-in,1,1,0,0
Newaygo,"Ensley Township, Precinct 1",State Senate,33,REP,Ballots Cast,778,772,6,0
Newaygo,"Ensley Township, Precinct 1",State Senate,33,REP,Gina Johnsen,116,114,2,0
Newaygo,"Ensley Township, Precinct 1",State Senate,33,REP,Joseph D. Fox,207,205,2,0
Newaygo,"Ensley Township, Precinct 1",State Senate,33,REP,Katie DeBoer,115,113,2,0
Newaygo,"Ensley Township, Precinct 1",State Senate,33,REP,Thomas J. Norton,96,96,0,0
Newaygo,"Ensley Township, Precinct 1",State Senate,33,REP,Write-in,0,0,0,0
Newaygo,"Ensley Township, Precinct 1",Tri County Area Schools Operating Millage Proposal,,,Ballots Cast,442,440,2,0
Newaygo,"Ensley Township, Precinct 1",Tri County Area Schools Operating Millage Proposal,,,No,252,250,2,0
Newaygo,"Ensley Township, Precinct 1",Tri County Area Schools Operating Millage Proposal,,,Yes,165,165,0,0
Newaygo,"Ensley Township, Precinct 1",U.S. House,2,DEM,Ballots Cast,778,772,6,0
Newaygo,"Ensley Township, Precinct 1",U.S. House,2,DEM,Ben Ambrose,79,79,0,0
Newaygo,"Ensley Township, Precinct 1",U.S. House,2,DEM,Clyde Welford,33,33,0,0
Newaygo,"Ensley Township, Precinct 1",U.S. House,2,DEM,Jamie Hill,68,68,0,0
Newaygo,"Ensley Township, Precinct 1",U.S. House,2,DEM,Write-in,1,1,0,0
Newaygo,"Ensley Township, Precinct 1",U.S. House,2,REP,Ballots Cast,778,772,6,0
Newaygo,"Ensley Township, Precinct 1",U.S. House,2,REP,John Moolenaar,492,486,6,0
Newaygo,"Ensley Township, Precinct 1",U.S. House,2,REP,Write-in,3,3,0,0
Newaygo,"Ensley Township, Precinct 1",U.S. Senate,,DEM,Abdul El-Sayed,87,87,0,0
Newaygo,"Ensley Township, Precinct 1",U.S. Senate,,DEM,Ballots Cast,778,772,6,0
Newaygo,"Ensley Township, Precinct 1",U.S. Senate,,DEM,Haley Stevens,106,106,0,0
Newaygo,"Ensley Township, Precinct 1",U.S. Senate,,DEM,Mallory McMorrow,12,12,0,0
Newaygo,"Ensley Township, Precinct 1",U.S. Senate,,DEM,Write-in,0,0,0,0
Newaygo,"Ensley Township, Precinct 1",U.S. Senate,,REP,Ballots Cast,778,772,6,0
Newaygo,"Ensley Township, Precinct 1",U.S. Senate,,REP,Mike Rogers,519,513,6,0
Newaygo,"Ensley Township, Precinct 1",U.S. Senate,,REP,Write-in,2,2,0,0
Newaygo,"Everett Township, Precinct 1",Delegate to County Convention for Everett Township Precinct 1,,DEM,Ballots Cast,502,488,14,0
Newaygo,"Everett Township, Precinct 1",Delegate to County Convention for Everett Township Precinct 1,,DEM,Stan Opal,129,127,2,0
Newaygo,"Everett Township, Precinct 1",Delegate to County Convention for Everett Township Precinct 1,,DEM,Write-in,1,1,0,0
Newaygo,"Everett Township, Precinct 1",Delegate to County Convention for Everett Township Precinct 1,,REP,Ballots Cast,502,488,14,0
Newaygo,"Everett Township, Precinct 1",Delegate to County Convention for Everett Township Precinct 1,,REP,Judith Maike,3,3,0,0
Newaygo,"Everett Township, Precinct 1",Delegate to County Convention for Everett Township Precinct 1,,REP,Write-in,54,54,0,0
Newaygo,"Everett Township, Precinct 1",Governor,,DEM,Ballots Cast,502,488,14,0
Newaygo,"Everett Township, Precinct 1",Governor,,DEM,Christopher Robert Swanson,34,33,1,0
Newaygo,"Everett Township, Precinct 1",Governor,,DEM,Jocelyn Benson,144,140,4,0
Newaygo,"Everett Township, Precinct 1",Governor,,DEM,Write-in,0,0,0,0
Newaygo,"Everett Township, Precinct 1",Governor,,REP,Aric Nesbitt,15,14,1,0
Newaygo,"Everett Township, Precinct 1",Governor,,REP,Ballots Cast,502,488,14,0
Newaygo,"Everett Township, Precinct 1",Governor,,REP,John James,131,131,0,0
Newaygo,"Everett Township, Precinct 1",Governor,,REP,Mike Cox,39,37,2,0
Newaygo,"Everett Township, Precinct 1",Governor,,REP,Perry Johnson,115,109,6,0
Newaygo,"Everett Township, Precinct 1",Governor,,REP,Write-in,2,2,0,0
Newaygo,"Everett Township, Precinct 1",State House,101,DEM,Ballots Cast,502,488,14,0
Newaygo,"Everett Township, Precinct 1",State House,101,DEM,Christopher R. Crain,157,152,5,0
Newaygo,"Everett Township, Precinct 1",State House,101,DEM,Write-in,1,1,0,0
Newaygo,"Everett Township, Precinct 1",State House,101,REP,Ballots Cast,502,488,14,0
Newaygo,"Everett Township, Precinct 1",State House,101,REP,Ben Townsend,17,17,0,0
Newaygo,"Everett Township, Precinct 1",State House,101,REP,Gary Anderson,50,44,6,0
Newaygo,"Everett Township, Precinct 1",State House,101,REP,Jaxon Deur,102,99,3,0
Newaygo,"Everett Township, Precinct 1",State House,101,REP,Luke Eising,55,55,0,0
Newaygo,"Everett Township, Precinct 1",State House,101,REP,Rich Vance,78,78,0,0
Newaygo,"Everett Township, Precinct 1",State House,101,REP,Write-in,1,1,0,0
Newaygo,"Everett Township, Precinct 1",State Senate,33,DEM,Ballots Cast,502,488,14,0
Newaygo,"Everett Township, Precinct 1",State Senate,33,DEM,Stan Opal,157,152,5,0
Newaygo,"Everett Township, Precinct 1",State Senate,33,DEM,Write-in,1,1,0,0
Newaygo,"Everett Township, Precinct 1",State Senate,33,REP,Ballots Cast,502,488,14,0
Newaygo,"Everett Township, Precinct 1",State Senate,33,REP,Gina Johnsen,52,51,1,0
Newaygo,"Everett Township, Precinct 1",State Senate,33,REP,Joseph D. Fox,158,154,4,0
Newaygo,"Everett Township, Precinct 1",State Senate,33,REP,Katie DeBoer,48,47,1,0
Newaygo,"Everett Township, Precinct 1",State Senate,33,REP,Thomas J. Norton,42,41,1,0
Newaygo,"Everett Township, Precinct 1",State Senate,33,REP,Write-in,1,1,0,0
Newaygo,"Everett Township, Precinct 1",U.S. House,2,DEM,Ballots Cast,502,488,14,0
Newaygo,"Everett Township, Precinct 1",U.S. House,2,DEM,Ben Ambrose,62,61,1,0
Newaygo,"Everett Township, Precinct 1",U.S. House,2,DEM,Clyde Welford,17,16,1,0
Newaygo,"Everett Township, Precinct 1",U.S. House,2,DEM,Jamie Hill,81,78,3,0
Newaygo,"Everett Township, Precinct 1",U.S. House,2,DEM,Write-in,1,1,0,0
Newaygo,"Everett Township, Precinct 1",U.S. House,2,REP,Ballots Cast,502,488,14,0
Newaygo,"Everett Township, Precinct 1",U.S. House,2,REP,John Moolenaar,286,279,7,0
Newaygo,"Everett Township, Precinct 1",U.S. House,2,REP,Write-in,2,2,0,0
Newaygo,"Everett Township, Precinct 1",U.S. Senate,,DEM,Abdul El-Sayed,71,67,4,0
Newaygo,"Everett Township, Precinct 1",U.S. Senate,,DEM,Ballots Cast,502,488,14,0
Newaygo,"Everett Township, Precinct 1",U.S. Senate,,DEM,Haley Stevens,103,102,1,0
Newaygo,"Everett Township, Precinct 1",U.S. Senate,,DEM,Mallory McMorrow,2,2,0,0
Newaygo,"Everett Township, Precinct 1",U.S. Senate,,DEM,Write-in,0,0,0,0
Newaygo,"Everett Township, Precinct 1",U.S. Senate,,REP,Ballots Cast,502,488,14,0
Newaygo,"Everett Township, Precinct 1",U.S. Senate,,REP,Mike Rogers,295,288,7,0
Newaygo,"Everett Township, Precinct 1",U.S. Senate,,REP,Write-in,2,2,0,0
Newaygo,"Everett Township, Precinct 1",White Cloud Public Schools Operating Millage Proposal,,,Ballots Cast,469,459,10,0
Newaygo,"Everett Township, Precinct 1",White Cloud Public Schools Operating Millage Proposal,,,No,184,181,3,0
Newaygo,"Everett Township, Precinct 1",White Cloud Public Schools Operating Millage Proposal,,,Yes,230,224,6,0
Newaygo,"Garfield Township, Precinct 1",Delegate to County Convention for Garfield Township Precinct 1,,DEM,Ballots Cast,680,663,17,0
Newaygo,"Garfield Township, Precinct 1",Delegate to County Convention for Garfield Township Precinct 1,,DEM,Write-in,50,50,0,0
Newaygo,"Garfield Township, Precinct 1",Delegate to County Convention for Garfield Township Precinct 1,,REP,Ballots Cast,680,663,17,0
Newaygo,"Garfield Township, Precinct 1",Delegate to County Convention for Garfield Township Precinct 1,,REP,Elizabeth Letter,3,3,0,0
Newaygo,"Garfield Township, Precinct 1",Delegate to County Convention for Garfield Township Precinct 1,,REP,Paul Herbert,6,6,0,0
Newaygo,"Garfield Township, Precinct 1",Delegate to County Convention for Garfield Township Precinct 1,,REP,Write-in,69,69,0,0
Newaygo,"Garfield Township, Precinct 1",Governor,,DEM,Ballots Cast,680,663,17,0
Newaygo,"Garfield Township, Precinct 1",Governor,,DEM,Christopher Robert Swanson,26,26,0,0
Newaygo,"Garfield Township, Precinct 1",Governor,,DEM,Jocelyn Benson,188,177,11,0
Newaygo,"Garfield Township, Precinct 1",Governor,,DEM,Write-in,0,0,0,0
Newaygo,"Garfield Township, Precinct 1",Governor,,REP,Aric Nesbitt,8,8,0,0
Newaygo,"Garfield Township, Precinct 1",Governor,,REP,Ballots Cast,680,663,17,0
Newaygo,"Garfield Township, Precinct 1",Governor,,REP,John James,226,220,6,0
Newaygo,"Garfield Township, Precinct 1",Governor,,REP,Mike Cox,66,66,0,0
Newaygo,"Garfield Township, Precinct 1",Governor,,REP,Perry Johnson,150,150,0,0
Newaygo,"Garfield Township, Precinct 1",Governor,,REP,Write-in,2,2,0,0
Newaygo,"Garfield Township, Precinct 1",Grant Public Schools Operating Millage Renewal Proposal,,,Ballots Cast,31,31,0,0
Newaygo,"Garfield Township, Precinct 1",Grant Public Schools Operating Millage Renewal Proposal,,,No,8,8,0,0
Newaygo,"Garfield Township, Precinct 1",Grant Public Schools Operating Millage Renewal Proposal,,,Yes,18,18,0,0
Newaygo,"Garfield Township, Precinct 1",State House,101,DEM,Ballots Cast,680,663,17,0
Newaygo,"Garfield Township, Precinct 1",State House,101,DEM,Christopher R. Crain,181,171,10,0
Newaygo,"Garfield Township, Precinct 1",State House,101,DEM,Write-in,0,0,0,0
Newaygo,"Garfield Township, Precinct 1",State House,101,REP,Ballots Cast,680,663,17,0
Newaygo,"Garfield Township, Precinct 1",State House,101,REP,Ben Townsend,11,11,0,0
Newaygo,"Garfield Township, Precinct 1",State House,101,REP,Gary Anderson,40,40,0,0
Newaygo,"Garfield Township, Precinct 1",State House,101,REP,Jaxon Deur,184,183,1,0
Newaygo,"Garfield Township, Precinct 1",State House,101,REP,Luke Eising,58,57,1,0
Newaygo,"Garfield Township, Precinct 1",State House,101,REP,Rich Vance,150,146,4,0
Newaygo,"Garfield Township, Precinct 1",State House,101,REP,Write-in,0,0,0,0
Newaygo,"Garfield Township, Precinct 1",State Senate,33,DEM,Ballots Cast,680,663,17,0
Newaygo,"Garfield Township, Precinct 1",State Senate,33,DEM,Stan Opal,182,172,10,0
Newaygo,"Garfield Township, Precinct 1",State Senate,33,DEM,Write-in,0,0,0,0
Newaygo,"Garfield Township, Precinct 1",State Senate,33,REP,Ballots Cast,680,663,17,0
Newaygo,"Garfield Township, Precinct 1",State Senate,33,REP,Gina Johnsen,85,84,1,0
Newaygo,"Garfield Township, Precinct 1",State Senate,33,REP,Joseph D. Fox,259,256,3,0
Newaygo,"Garfield Township, Precinct 1",State Senate,33,REP,Katie DeBoer,66,65,1,0
Newaygo,"Garfield Township, Precinct 1",State Senate,33,REP,Thomas J. Norton,39,38,1,0
Newaygo,"Garfield Township, Precinct 1",State Senate,33,REP,Write-in,1,1,0,0
Newaygo,"Garfield Township, Precinct 1",U.S. House,2,DEM,Ballots Cast,680,663,17,0
Newaygo,"Garfield Township, Precinct 1",U.S. House,2,DEM,Ben Ambrose,71,69,2,0
Newaygo,"Garfield Township, Precinct 1",U.S. House,2,DEM,Clyde Welford,25,22,3,0
Newaygo,"Garfield Township, Precinct 1",U.S. House,2,DEM,Jamie Hill,100,94,6,0
Newaygo,"Garfield Township, Precinct 1",U.S. House,2,DEM,Write-in,0,0,0,0
Newaygo,"Garfield Township, Precinct 1",U.S. House,2,REP,Ballots Cast,680,663,17,0
Newaygo,"Garfield Township, Precinct 1",U.S. House,2,REP,John Moolenaar,414,409,5,0
Newaygo,"Garfield Township, Precinct 1",U.S. House,2,REP,Write-in,1,1,0,0
Newaygo,"Garfield Township, Precinct 1",U.S. Senate,,DEM,Abdul El-Sayed,77,71,6,0
Newaygo,"Garfield Township, Precinct 1",U.S. Senate,,DEM,Ballots Cast,680,663,17,0
Newaygo,"Garfield Township, Precinct 1",U.S. Senate,,DEM,Haley Stevens,132,127,5,0
Newaygo,"Garfield Township, Precinct 1",U.S. Senate,,DEM,Mallory McMorrow,9,9,0,0
Newaygo,"Garfield Township, Precinct 1",U.S. Senate,,DEM,Write-in,0,0,0,0
Newaygo,"Garfield Township, Precinct 1",U.S. Senate,,REP,Ballots Cast,680,663,17,0
Newaygo,"Garfield Township, Precinct 1",U.S. Senate,,REP,Mike Rogers,429,424,5,0
Newaygo,"Garfield Township, Precinct 1",U.S. Senate,,REP,Write-in,2,2,0,0
Newaygo,"Goodwell Township, Precinct 1",Delegate to County Convention for Goodwell Township Precinct 1,,DEM,Ballots Cast,170,168,2,0
Newaygo,"Goodwell Township, Precinct 1",Delegate to County Convention for Goodwell Township Precinct 1,,DEM,Write-in,3,3,0,0
Newaygo,"Goodwell Township, Precinct 1",Delegate to County Convention for Goodwell Township Precinct 1,,REP,Ballots Cast,170,168,2,0
Newaygo,"Goodwell Township, Precinct 1",Delegate to County Convention for Goodwell Township Precinct 1,,REP,Write-in,21,21,0,0
Newaygo,"Goodwell Township, Precinct 1",Goodwell Township Township Clerk,,DEM,Ballots Cast,170,168,2,0
Newaygo,"Goodwell Township, Precinct 1",Goodwell Township Township Clerk,,DEM,Write-in,1,1,0,0
Newaygo,"Goodwell Township, Precinct 1",Goodwell Township Township Clerk,,REP,Ballots Cast,170,168,2,0
Newaygo,"Goodwell Township, Precinct 1",Goodwell Township Township Clerk,,REP,Leona Harvey,107,106,1,0
Newaygo,"Goodwell Township, Precinct 1",Goodwell Township Township Clerk,,REP,Write-in,0,0,0,0
Newaygo,"Goodwell Township, Precinct 1",Governor,,DEM,Ballots Cast,170,168,2,0
Newaygo,"Goodwell Township, Precinct 1",Governor,,DEM,Christopher Robert Swanson,12,11,1,0
Newaygo,"Goodwell Township, Precinct 1",Governor,,DEM,Jocelyn Benson,27,27,0,0
Newaygo,"Goodwell Township, Precinct 1",Governor,,DEM,Write-in,0,0,0,0
Newaygo,"Goodwell Township, Precinct 1",Governor,,REP,Aric Nesbitt,3,3,0,0
Newaygo,"Goodwell Township, Precinct 1",Governor,,REP,Ballots Cast,170,168,2,0
Newaygo,"Goodwell Township, Precinct 1",Governor,,REP,John James,68,67,1,0
Newaygo,"Goodwell Township, Precinct 1",Governor,,REP,Mike Cox,13,13,0,0
Newaygo,"Goodwell Township, Precinct 1",Governor,,REP,Perry Johnson,32,32,0,0
Newaygo,"Goodwell Township, Precinct 1",Governor,,REP,Write-in,0,0,0,0
Newaygo,"Goodwell Township, Precinct 1",Morley Stanwood Community Schools Operating Millage Proposal,,,Ballots Cast,0,0,0,0
Newaygo,"Goodwell Township, Precinct 1",Morley Stanwood Community Schools Operating Millage Proposal,,,No,0,0,0,0
Newaygo,"Goodwell Township, Precinct 1",Morley Stanwood Community Schools Operating Millage Proposal,,,Yes,0,0,0,0
Newaygo,"Goodwell Township, Precinct 1",State House,101,DEM,Ballots Cast,170,168,2,0
Newaygo,"Goodwell Township, Precinct 1",State House,101,DEM,Christopher R. Crain,32,31,1,0
Newaygo,"Goodwell Township, Precinct 1",State House,101,DEM,Write-in,0,0,0,0
Newaygo,"Goodwell Township, Precinct 1",State House,101,REP,Ballots Cast,170,168,2,0
Newaygo,"Goodwell Township, Precinct 1",State House,101,REP,Ben Townsend,1,1,0,0
Newaygo,"Goodwell Township, Precinct 1",State House,101,REP,Gary Anderson,20,20,0,0
Newaygo,"Goodwell Township, Precinct 1",State House,101,REP,Jaxon Deur,27,26,1,0
Newaygo,"Goodwell Township, Precinct 1",State House,101,REP,Luke Eising,53,53,0,0
Newaygo,"Goodwell Township, Precinct 1",State House,101,REP,Rich Vance,16,16,0,0
Newaygo,"Goodwell Township, Precinct 1",State House,101,REP,Write-in,0,0,0,0
Newaygo,"Goodwell Township, Precinct 1",State Senate,33,DEM,Ballots Cast,170,168,2,0
Newaygo,"Goodwell Township, Precinct 1",State Senate,33,DEM,Stan Opal,33,32,1,0
Newaygo,"Goodwell Township, Precinct 1",State Senate,33,DEM,Write-in,0,0,0,0
Newaygo,"Goodwell Township, Precinct 1",State Senate,33,REP,Ballots Cast,170,168,2,0
Newaygo,"Goodwell Township, Precinct 1",State Senate,33,REP,Gina Johnsen,17,17,0,0
Newaygo,"Goodwell Township, Precinct 1",State Senate,33,REP,Joseph D. Fox,63,62,1,0
Newaygo,"Goodwell Township, Precinct 1",State Senate,33,REP,Katie DeBoer,25,25,0,0
Newaygo,"Goodwell Township, Precinct 1",State Senate,33,REP,Thomas J. Norton,9,9,0,0
Newaygo,"Goodwell Township, Precinct 1",State Senate,33,REP,Write-in,0,0,0,0
Newaygo,"Goodwell Township, Precinct 1",U.S. House,2,DEM,Ballots Cast,170,168,2,0
Newaygo,"Goodwell Township, Precinct 1",U.S. House,2,DEM,Ben Ambrose,14,14,0,0
Newaygo,"Goodwell Township, Precinct 1",U.S. House,2,DEM,Clyde Welford,8,8,0,0
Newaygo,"Goodwell Township, Precinct 1",U.S. House,2,DEM,Jamie Hill,13,12,1,0
Newaygo,"Goodwell Township, Precinct 1",U.S. House,2,DEM,Write-in,0,0,0,0
Newaygo,"Goodwell Township, Precinct 1",U.S. House,2,REP,Ballots Cast,170,168,2,0
Newaygo,"Goodwell Township, Precinct 1",U.S. House,2,REP,John Moolenaar,107,106,1,0
Newaygo,"Goodwell Township, Precinct 1",U.S. House,2,REP,Write-in,0,0,0,0
Newaygo,"Goodwell Township, Precinct 1",U.S. Senate,,DEM,Abdul El-Sayed,15,15,0,0
Newaygo,"Goodwell Township, Precinct 1",U.S. Senate,,DEM,Ballots Cast,170,168,2,0
Newaygo,"Goodwell Township, Precinct 1",U.S. Senate,,DEM,Haley Stevens,23,22,1,0
Newaygo,"Goodwell Township, Precinct 1",U.S. Senate,,DEM,Mallory McMorrow,3,3,0,0
Newaygo,"Goodwell Township, Precinct 1",U.S. Senate,,DEM,Write-in,0,0,0,0
Newaygo,"Goodwell Township, Precinct 1",U.S. Senate,,REP,Ballots Cast,170,168,2,0
Newaygo,"Goodwell Township, Precinct 1",U.S. Senate,,REP,Mike Rogers,113,112,1,0
Newaygo,"Goodwell Township, Precinct 1",U.S. Senate,,REP,Write-in,0,0,0,0
Newaygo,"Goodwell Township, Precinct 1",White Cloud Public Schools Operating Millage Proposal,,,Ballots Cast,150,148,2,0
Newaygo,"Goodwell Township, Precinct 1",White Cloud Public Schools Operating Millage Proposal,,,No,75,75,0,0
Newaygo,"Goodwell Township, Precinct 1",White Cloud Public Schools Operating Millage Proposal,,,Yes,43,41,2,0
Newaygo,"Grant Township, Precinct 1",Delegate to County Convention for Grant Township Precinct 1,,DEM,Ballots Cast,824,814,10,0
Newaygo,"Grant Township, Precinct 1",Delegate to County Convention for Grant Township Precinct 1,,DEM,Write-in,17,17,0,0
Newaygo,"Grant Township, Precinct 1",Delegate to County Convention for Grant Township Precinct 1,,REP,Ballots Cast,824,814,10,0
Newaygo,"Grant Township, Precinct 1",Delegate to County Convention for Grant Township Precinct 1,,REP,Deb Steenstra,277,276,1,0
Newaygo,"Grant Township, Precinct 1",Delegate to County Convention for Grant Township Precinct 1,,REP,Douglas Berends,272,270,2,0
Newaygo,"Grant Township, Precinct 1",Delegate to County Convention for Grant Township Precinct 1,,REP,Rick Steenstra,302,301,1,0
Newaygo,"Grant Township, Precinct 1",Delegate to County Convention for Grant Township Precinct 1,,REP,Scott A. VanSingel,390,387,3,0
Newaygo,"Grant Township, Precinct 1",Delegate to County Convention for Grant Township Precinct 1,,REP,Write-in,13,13,0,0
Newaygo,"Grant Township, Precinct 1",Governor,,DEM,Ballots Cast,824,814,10,0
Newaygo,"Grant Township, Precinct 1",Governor,,DEM,Christopher Robert Swanson,35,34,1,0
Newaygo,"Grant Township, Precinct 1",Governor,,DEM,Jocelyn Benson,188,183,5,0
Newaygo,"Grant Township, Precinct 1",Governor,,DEM,Write-in,0,0,0,0
Newaygo,"Grant Township, Precinct 1",Governor,,REP,Aric Nesbitt,16,16,0,0
Newaygo,"Grant Township, Precinct 1",Governor,,REP,Ballots Cast,824,814,10,0
Newaygo,"Grant Township, Precinct 1",Governor,,REP,John James,246,244,2,0
Newaygo,"Grant Township, Precinct 1",Governor,,REP,Mike Cox,53,53,0,0
Newaygo,"Grant Township, Precinct 1",Governor,,REP,Perry Johnson,258,256,2,0
Newaygo,"Grant Township, Precinct 1",Governor,,REP,Write-in,1,1,0,0
Newaygo,"Grant Township, Precinct 1",Grant Public Schools Operating Millage Renewal Proposal,,,Ballots Cast,743,734,9,0
Newaygo,"Grant Township, Precinct 1",Grant Public Schools Operating Millage Renewal Proposal,,,No,282,279,3,0
Newaygo,"Grant Township, Precinct 1",Grant Public Schools Operating Millage Renewal Proposal,,,Yes,368,364,4,0
Newaygo,"Grant Township, Precinct 1",State House,101,DEM,Ballots Cast,824,814,10,0
Newaygo,"Grant Township, Precinct 1",State House,101,DEM,Christopher R. Crain,192,186,6,0
Newaygo,"Grant Township, Precinct 1",State House,101,DEM,Write-in,2,2,0,0
Newaygo,"Grant Township, Precinct 1",State House,101,REP,Ballots Cast,824,814,10,0
Newaygo,"Grant Township, Precinct 1",State House,101,REP,Ben Townsend,25,25,0,0
Newaygo,"Grant Township, Precinct 1",State House,101,REP,Gary Anderson,51,51,0,0
Newaygo,"Grant Township, Precinct 1",State House,101,REP,Jaxon Deur,119,117,2,0
Newaygo,"Grant Township, Precinct 1",State House,101,REP,Luke Eising,56,56,0,0
Newaygo,"Grant Township, Precinct 1",State House,101,REP,Rich Vance,314,312,2,0
Newaygo,"Grant Township, Precinct 1",State House,101,REP,Write-in,0,0,0,0
Newaygo,"Grant Township, Precinct 1",State Senate,33,DEM,Ballots Cast,824,814,10,0
Newaygo,"Grant Township, Precinct 1",State Senate,33,DEM,Stan Opal,192,186,6,0
Newaygo,"Grant Township, Precinct 1",State Senate,33,DEM,Write-in,3,3,0,0
Newaygo,"Grant Township, Precinct 1",State Senate,33,REP,Ballots Cast,824,814,10,0
Newaygo,"Grant Township, Precinct 1",State Senate,33,REP,Gina Johnsen,166,162,4,0
Newaygo,"Grant Township, Precinct 1",State Senate,33,REP,Joseph D. Fox,260,260,0,0
Newaygo,"Grant Township, Precinct 1",State Senate,33,REP,Katie DeBoer,86,86,0,0
Newaygo,"Grant Township, Precinct 1",State Senate,33,REP,Thomas J. Norton,66,66,0,0
Newaygo,"Grant Township, Precinct 1",State Senate,33,REP,Write-in,0,0,0,0
Newaygo,"Grant Township, Precinct 1",U.S. House,2,DEM,Ballots Cast,824,814,10,0
Newaygo,"Grant Township, Precinct 1",U.S. House,2,DEM,Ben Ambrose,86,83,3,0
Newaygo,"Grant Township, Precinct 1",U.S. House,2,DEM,Clyde Welford,22,22,0,0
Newaygo,"Grant Township, Precinct 1",U.S. House,2,DEM,Jamie Hill,104,101,3,0
Newaygo,"Grant Township, Precinct 1",U.S. House,2,DEM,Write-in,0,0,0,0
Newaygo,"Grant Township, Precinct 1",U.S. House,2,REP,Ballots Cast,824,814,10,0
Newaygo,"Grant Township, Precinct 1",U.S. House,2,REP,John Moolenaar,527,523,4,0
Newaygo,"Grant Township, Precinct 1",U.S. House,2,REP,Write-in,6,6,0,0
Newaygo,"Grant Township, Precinct 1",U.S. Senate,,DEM,Abdul El-Sayed,110,104,6,0
Newaygo,"Grant Township, Precinct 1",U.S. Senate,,DEM,Ballots Cast,824,814,10,0
Newaygo,"Grant Township, Precinct 1",U.S. Senate,,DEM,Haley Stevens,111,111,0,0
Newaygo,"Grant Township, Precinct 1",U.S. Senate,,DEM,Mallory McMorrow,5,5,0,0
Newaygo,"Grant Township, Precinct 1",U.S. Senate,,DEM,Write-in,0,0,0,0
Newaygo,"Grant Township, Precinct 1",U.S. Senate,,REP,Ballots Cast,824,814,10,0
Newaygo,"Grant Township, Precinct 1",U.S. Senate,,REP,Mike Rogers,545,541,4,0
Newaygo,"Grant Township, Precinct 1",U.S. Senate,,REP,Write-in,5,5,0,0
Newaygo,"Home Township, Precinct 1",Big Jackson Public Schools Operating Millage Proposal,,,Ballots Cast,104,104,0,0
Newaygo,"Home Township, Precinct 1",Big Jackson Public Schools Operating Millage Proposal,,,No,22,22,0,0
Newaygo,"Home Township, Precinct 1",Big Jackson Public Schools Operating Millage Proposal,,,Yes,53,53,0,0
Newaygo,"Home Township, Precinct 1",Delegate to County Convention for Home Township Precinct 1,,DEM,Ballots Cast,104,104,0,0
Newaygo,"Home Township, Precinct 1",Delegate to County Convention for Home Township Precinct 1,,DEM,Write-in,7,7,0,0
Newaygo,"Home Township, Precinct 1",Delegate to County Convention for Home Township Precinct 1,,REP,Ballots Cast,104,104,0,0
Newaygo,"Home Township, Precinct 1",Delegate to County Convention for Home Township Precinct 1,,REP,Write-in,17,17,0,0
Newaygo,"Home Township, Precinct 1",Governor,,DEM,Ballots Cast,104,104,0,0
Newaygo,"Home Township, Precinct 1",Governor,,DEM,Christopher Robert Swanson,4,4,0,0
Newaygo,"Home Township, Precinct 1",Governor,,DEM,Jocelyn Benson,24,24,0,0
Newaygo,"Home Township, Precinct 1",Governor,,DEM,Write-in,0,0,0,0
Newaygo,"Home Township, Precinct 1",Governor,,REP,Aric Nesbitt,1,1,0,0
Newaygo,"Home Township, Precinct 1",Governor,,REP,Ballots Cast,104,104,0,0
Newaygo,"Home Township, Precinct 1",Governor,,REP,John James,37,37,0,0
Newaygo,"Home Township, Precinct 1",Governor,,REP,Mike Cox,6,6,0,0
Newaygo,"Home Township, Precinct 1",Governor,,REP,Perry Johnson,21,21,0,0
Newaygo,"Home Township, Precinct 1",Governor,,REP,Write-in,0,0,0,0
Newaygo,"Home Township, Precinct 1",Home Township Township Clerk,,DEM,Ballots Cast,104,104,0,0
Newaygo,"Home Township, Precinct 1",Home Township Township Clerk,,DEM,Theresa Ouderkirk,27,27,0,0
Newaygo,"Home Township, Precinct 1",Home Township Township Clerk,,DEM,Write-in,0,0,0,0
Newaygo,"Home Township, Precinct 1",Home Township Township Clerk,,REP,Ballots Cast,104,104,0,0
Newaygo,"Home Township, Precinct 1",Home Township Township Clerk,,REP,Write-in,15,15,0,0
Newaygo,"Home Township, Precinct 1",Home Township Township Trustee,,DEM,Ballots Cast,104,104,0,0
Newaygo,"Home Township, Precinct 1",Home Township Township Trustee,,DEM,Write-in,6,6,0,0
Newaygo,"Home Township, Precinct 1",Home Township Township Trustee,,REP,Austin Snyder,56,56,0,0
Newaygo,"Home Township, Precinct 1",Home Township Township Trustee,,REP,Ballots Cast,104,104,0,0
Newaygo,"Home Township, Precinct 1",Home Township Township Trustee,,REP,Write-in,1,1,0,0
Newaygo,"Home Township, Precinct 1",State House,101,DEM,Ballots Cast,104,104,0,0
Newaygo,"Home Township, Precinct 1",State House,101,DEM,Christopher R. Crain,25,25,0,0
Newaygo,"Home Township, Precinct 1",State House,101,DEM,Write-in,0,0,0,0
Newaygo,"Home Township, Precinct 1",State House,101,REP,Ballots Cast,104,104,0,0
Newaygo,"Home Township, Precinct 1",State House,101,REP,Ben Townsend,1,1,0,0
Newaygo,"Home Township, Precinct 1",State House,101,REP,Gary Anderson,7,7,0,0
Newaygo,"Home Township, Precinct 1",State House,101,REP,Jaxon Deur,14,14,0,0
Newaygo,"Home Township, Precinct 1",State House,101,REP,Luke Eising,15,15,0,0
Newaygo,"Home Township, Precinct 1",State House,101,REP,Rich Vance,22,22,0,0
Newaygo,"Home Township, Precinct 1",State House,101,REP,Write-in,1,1,0,0
Newaygo,"Home Township, Precinct 1",State Senate,33,DEM,Ballots Cast,104,104,0,0
Newaygo,"Home Township, Precinct 1",State Senate,33,DEM,Stan Opal,26,26,0,0
Newaygo,"Home Township, Precinct 1",State Senate,33,DEM,Write-in,0,0,0,0
Newaygo,"Home Township, Precinct 1",State Senate,33,REP,Ballots Cast,104,104,0,0
Newaygo,"Home Township, Precinct 1",State Senate,33,REP,Gina Johnsen,3,3,0,0
Newaygo,"Home Township, Precinct 1",State Senate,33,REP,Joseph D. Fox,35,35,0,0
Newaygo,"Home Township, Precinct 1",State Senate,33,REP,Katie DeBoer,12,12,0,0
Newaygo,"Home Township, Precinct 1",State Senate,33,REP,Thomas J. Norton,11,11,0,0
Newaygo,"Home Township, Precinct 1",State Senate,33,REP,Write-in,0,0,0,0
Newaygo,"Home Township, Precinct 1",U.S. House,2,DEM,Ballots Cast,104,104,0,0
Newaygo,"Home Township, Precinct 1",U.S. House,2,DEM,Ben Ambrose,7,7,0,0
Newaygo,"Home Township, Precinct 1",U.S. House,2,DEM,Clyde Welford,6,6,0,0
Newaygo,"Home Township, Precinct 1",U.S. House,2,DEM,Jamie Hill,13,13,0,0
Newaygo,"Home Township, Precinct 1",U.S. House,2,DEM,Write-in,0,0,0,0
Newaygo,"Home Township, Precinct 1",U.S. House,2,REP,Ballots Cast,104,104,0,0
Newaygo,"Home Township, Precinct 1",U.S. House,2,REP,John Moolenaar,65,65,0,0
Newaygo,"Home Township, Precinct 1",U.S. House,2,REP,Write-in,0,0,0,0
Newaygo,"Home Township, Precinct 1",U.S. Senate,,DEM,Abdul El-Sayed,11,11,0,0
Newaygo,"Home Township, Precinct 1",U.S. Senate,,DEM,Ballots Cast,104,104,0,0
Newaygo,"Home Township, Precinct 1",U.S. Senate,,DEM,Haley Stevens,17,17,0,0
Newaygo,"Home Township, Precinct 1",U.S. Senate,,DEM,Mallory McMorrow,0,0,0,0
Newaygo,"Home Township, Precinct 1",U.S. Senate,,DEM,Write-in,0,0,0,0
Newaygo,"Home Township, Precinct 1",U.S. Senate,,REP,Ballots Cast,104,104,0,0
Newaygo,"Home Township, Precinct 1",U.S. Senate,,REP,Mike Rogers,65,65,0,0
Newaygo,"Home Township, Precinct 1",U.S. Senate,,REP,Write-in,0,0,0,0
Newaygo,"Lilley Township, Precinct 1",Delegate to County Convention for Lilley Township Precinct 1,,DEM,Ballots Cast,230,227,3,0
Newaygo,"Lilley Township, Precinct 1",Delegate to County Convention for Lilley Township Precinct 1,,DEM,Write-in,11,11,0,0
Newaygo,"Lilley Township, Precinct 1",Delegate to County Convention for Lilley Township Precinct 1,,REP,Ballots Cast,230,227,3,0
Newaygo,"Lilley Township, Precinct 1",Delegate to County Convention for Lilley Township Precinct 1,,REP,Write-in,43,43,0,0
Newaygo,"Lilley Township, Precinct 1",Governor,,DEM,Ballots Cast,230,227,3,0
Newaygo,"Lilley Township, Precinct 1",Governor,,DEM,Christopher Robert Swanson,6,6,0,0
Newaygo,"Lilley Township, Precinct 1",Governor,,DEM,Jocelyn Benson,74,71,3,0
Newaygo,"Lilley Township, Precinct 1",Governor,,DEM,Write-in,0,0,0,0
Newaygo,"Lilley Township, Precinct 1",Governor,,REP,Aric Nesbitt,2,2,0,0
Newaygo,"Lilley Township, Precinct 1",Governor,,REP,Ballots Cast,230,227,3,0
Newaygo,"Lilley Township, Precinct 1",Governor,,REP,John James,63,63,0,0
Newaygo,"Lilley Township, Precinct 1",Governor,,REP,Mike Cox,28,28,0,0
Newaygo,"Lilley Township, Precinct 1",Governor,,REP,Perry Johnson,52,52,0,0
Newaygo,"Lilley Township, Precinct 1",Governor,,REP,Write-in,0,0,0,0
Newaygo,"Lilley Township, Precinct 1",Lilley Cemetery Millage Renewal Proposal,,,Ballots Cast,230,227,3,0
Newaygo,"Lilley Township, Precinct 1",Lilley Cemetery Millage Renewal Proposal,,,No,75,74,1,0
Newaygo,"Lilley Township, Precinct 1",Lilley Cemetery Millage Renewal Proposal,,,Yes,145,143,2,0
Newaygo,"Lilley Township, Precinct 1",Lilley Fire Protection Services Millage Renewal Proposal,,,Ballots Cast,230,227,3,0
Newaygo,"Lilley Township, Precinct 1",Lilley Fire Protection Services Millage Renewal Proposal,,,No,46,46,0,0
Newaygo,"Lilley Township, Precinct 1",Lilley Fire Protection Services Millage Renewal Proposal,,,Yes,174,171,3,0
Newaygo,"Lilley Township, Precinct 1",Lilley Medical First Responders Millage Renewal Proposal,,,Ballots Cast,230,227,3,0
Newaygo,"Lilley Township, Precinct 1",Lilley Medical First Responders Millage Renewal Proposal,,,No,38,38,0,0
Newaygo,"Lilley Township, Precinct 1",Lilley Medical First Responders Millage Renewal Proposal,,,Yes,183,180,3,0
Newaygo,"Lilley Township, Precinct 1",Lilley Operating Funds Millage Renewal Proposal,,,Ballots Cast,230,227,3,0
Newaygo,"Lilley Township, Precinct 1",Lilley Operating Funds Millage Renewal Proposal,,,No,68,68,0,0
Newaygo,"Lilley Township, Precinct 1",Lilley Operating Funds Millage Renewal Proposal,,,Yes,150,148,2,0
Newaygo,"Lilley Township, Precinct 1",Lilley Road Millage Renewal Proposal,,,Ballots Cast,230,227,3,0
Newaygo,"Lilley Township, Precinct 1",Lilley Road Millage Renewal Proposal,,,No,59,59,0,0
Newaygo,"Lilley Township, Precinct 1",Lilley Road Millage Renewal Proposal,,,Yes,158,156,2,0
Newaygo,"Lilley Township, Precinct 1",Lilley Waste & Transfer Station Millage Renewal Proposal,,,Ballots Cast,230,227,3,0
Newaygo,"Lilley Township, Precinct 1",Lilley Waste & Transfer Station Millage Renewal Proposal,,,No,52,52,0,0
Newaygo,"Lilley Township, Precinct 1",Lilley Waste & Transfer Station Millage Renewal Proposal,,,Yes,165,163,2,0
Newaygo,"Lilley Township, Precinct 1",State House,101,DEM,Ballots Cast,230,227,3,0
Newaygo,"Lilley Township, Precinct 1",State House,101,DEM,Christopher R. Crain,73,71,2,0
Newaygo,"Lilley Township, Precinct 1",State House,101,DEM,Write-in,0,0,0,0
Newaygo,"Lilley Township, Precinct 1",State House,101,REP,Ballots Cast,230,227,3,0
Newaygo,"Lilley Township, Precinct 1",State House,101,REP,Ben Townsend,5,5,0,0
Newaygo,"Lilley Township, Precinct 1",State House,101,REP,Gary Anderson,23,23,0,0
Newaygo,"Lilley Township, Precinct 1",State House,101,REP,Jaxon Deur,25,25,0,0
Newaygo,"Lilley Township, Precinct 1",State House,101,REP,Luke Eising,25,25,0,0
Newaygo,"Lilley Township, Precinct 1",State House,101,REP,Rich Vance,56,56,0,0
Newaygo,"Lilley Township, Precinct 1",State House,101,REP,Write-in,0,0,0,0
Newaygo,"Lilley Township, Precinct 1",State Senate,33,DEM,Ballots Cast,230,227,3,0
Newaygo,"Lilley Township, Precinct 1",State Senate,33,DEM,Stan Opal,74,72,2,0
Newaygo,"Lilley Township, Precinct 1",State Senate,33,DEM,Write-in,0,0,0,0
Newaygo,"Lilley Township, Precinct 1",State Senate,33,REP,Ballots Cast,230,227,3,0
Newaygo,"Lilley Township, Precinct 1",State Senate,33,REP,Gina Johnsen,20,20,0,0
Newaygo,"Lilley Township, Precinct 1",State Senate,33,REP,Joseph D. Fox,70,70,0,0
Newaygo,"Lilley Township, Precinct 1",State Senate,33,REP,Katie DeBoer,30,30,0,0
Newaygo,"Lilley Township, Precinct 1",State Senate,33,REP,Thomas J. Norton,19,19,0,0
Newaygo,"Lilley Township, Precinct 1",State Senate,33,REP,Write-in,0,0,0,0
Newaygo,"Lilley Township, Precinct 1",U.S. House,2,DEM,Ballots Cast,230,227,3,0
Newaygo,"Lilley Township, Precinct 1",U.S. House,2,DEM,Ben Ambrose,29,29,0,0
Newaygo,"Lilley Township, Precinct 1",U.S. House,2,DEM,Clyde Welford,27,25,2,0
Newaygo,"Lilley Township, Precinct 1",U.S. House,2,DEM,Jamie Hill,21,20,1,0
Newaygo,"Lilley Township, Precinct 1",U.S. House,2,DEM,Write-in,0,0,0,0
Newaygo,"Lilley Township, Precinct 1",U.S. House,2,REP,Ballots Cast,230,227,3,0
Newaygo,"Lilley Township, Precinct 1",U.S. House,2,REP,John Moolenaar,129,129,0,0
Newaygo,"Lilley Township, Precinct 1",U.S. House,2,REP,Write-in,0,0,0,0
Newaygo,"Lilley Township, Precinct 1",U.S. Senate,,DEM,Abdul El-Sayed,17,17,0,0
Newaygo,"Lilley Township, Precinct 1",U.S. Senate,,DEM,Ballots Cast,230,227,3,0
Newaygo,"Lilley Township, Precinct 1",U.S. Senate,,DEM,Haley Stevens,62,59,3,0
Newaygo,"Lilley Township, Precinct 1",U.S. Senate,,DEM,Mallory McMorrow,2,2,0,0
Newaygo,"Lilley Township, Precinct 1",U.S. Senate,,DEM,Write-in,0,0,0,0
Newaygo,"Lilley Township, Precinct 1",U.S. Senate,,REP,Ballots Cast,230,227,3,0
Newaygo,"Lilley Township, Precinct 1",U.S. Senate,,REP,Mike Rogers,137,137,0,0
Newaygo,"Lilley Township, Precinct 1",U.S. Senate,,REP,Write-in,0,0,0,0
Newaygo,"Lincoln Township, Precinct 1",Delegate to County Convention for Lincoln Township Precinct 1,,DEM,Ballots Cast,417,405,12,0
Newaygo,"Lincoln Township, Precinct 1",Delegate to County Convention for Lincoln Township Precinct 1,,DEM,Cindy Lowe,112,112,0,0
Newaygo,"Lincoln Township, Precinct 1",Delegate to County Convention for Lincoln Township Precinct 1,,DEM,Write-in,0,0,0,0
Newaygo,"Lincoln Township, Precinct 1",Delegate to County Convention for Lincoln Township Precinct 1,,REP,Annie Trapp,6,6,0,0
Newaygo,"Lincoln Township, Precinct 1",Delegate to County Convention for Lincoln Township Precinct 1,,REP,Ballots Cast,417,405,12,0
Newaygo,"Lincoln Township, Precinct 1",Delegate to County Convention for Lincoln Township Precinct 1,,REP,Joshua Frantz,5,5,0,0
Newaygo,"Lincoln Township, Precinct 1",Delegate to County Convention for Lincoln Township Precinct 1,,REP,Theresa Emshwiller,8,8,0,0
Newaygo,"Lincoln Township, Precinct 1",Delegate to County Convention for Lincoln Township Precinct 1,,REP,Write-in,53,48,5,0
Newaygo,"Lincoln Township, Precinct 1",Governor,,DEM,Ballots Cast,417,405,12,0
Newaygo,"Lincoln Township, Precinct 1",Governor,,DEM,Christopher Robert Swanson,12,12,0,0
Newaygo,"Lincoln Township, Precinct 1",Governor,,DEM,Jocelyn Benson,130,129,1,0
Newaygo,"Lincoln Township, Precinct 1",Governor,,DEM,Write-in,1,1,0,0
Newaygo,"Lincoln Township, Precinct 1",Governor,,REP,Aric Nesbitt,7,7,0,0
Newaygo,"Lincoln Township, Precinct 1",Governor,,REP,Ballots Cast,417,405,12,0
Newaygo,"Lincoln Township, Precinct 1",Governor,,REP,John James,150,142,8,0
Newaygo,"Lincoln Township, Precinct 1",Governor,,REP,Mike Cox,31,30,1,0
Newaygo,"Lincoln Township, Precinct 1",Governor,,REP,Perry Johnson,69,68,1,0
Newaygo,"Lincoln Township, Precinct 1",Governor,,REP,Write-in,1,1,0,0
Newaygo,"Lincoln Township, Precinct 1",State House,101,DEM,Ballots Cast,417,405,12,0
Newaygo,"Lincoln Township, Precinct 1",State House,101,DEM,Christopher R. Crain,128,128,0,0
Newaygo,"Lincoln Township, Precinct 1",State House,101,DEM,Write-in,1,1,0,0
Newaygo,"Lincoln Township, Precinct 1",State House,101,REP,Ballots Cast,417,405,12,0
Newaygo,"Lincoln Township, Precinct 1",State House,101,REP,Ben Townsend,8,8,0,0
Newaygo,"Lincoln Township, Precinct 1",State House,101,REP,Gary Anderson,60,55,5,0
Newaygo,"Lincoln Township, Precinct 1",State House,101,REP,Jaxon Deur,73,69,4,0
Newaygo,"Lincoln Township, Precinct 1",State House,101,REP,Luke Eising,63,61,2,0
Newaygo,"Lincoln Township, Precinct 1",State House,101,REP,Rich Vance,51,51,0,0
Newaygo,"Lincoln Township, Precinct 1",State House,101,REP,Write-in,2,2,0,0
Newaygo,"Lincoln Township, Precinct 1",State Senate,33,DEM,Ballots Cast,417,405,12,0
Newaygo,"Lincoln Township, Precinct 1",State Senate,33,DEM,Stan Opal,128,128,0,0
Newaygo,"Lincoln Township, Precinct 1",State Senate,33,DEM,Write-in,1,1,0,0
Newaygo,"Lincoln Township, Precinct 1",State Senate,33,REP,Ballots Cast,417,405,12,0
Newaygo,"Lincoln Township, Precinct 1",State Senate,33,REP,Gina Johnsen,40,38,2,0
Newaygo,"Lincoln Township, Precinct 1",State Senate,33,REP,Joseph D. Fox,138,134,4,0
Newaygo,"Lincoln Township, Precinct 1",State Senate,33,REP,Katie DeBoer,40,37,3,0
Newaygo,"Lincoln Township, Precinct 1",State Senate,33,REP,Thomas J. Norton,35,33,2,0
Newaygo,"Lincoln Township, Precinct 1",State Senate,33,REP,Write-in,2,2,0,0
Newaygo,"Lincoln Township, Precinct 1",U.S. House,2,DEM,Ballots Cast,417,405,12,0
Newaygo,"Lincoln Township, Precinct 1",U.S. House,2,DEM,Ben Ambrose,55,55,0,0
Newaygo,"Lincoln Township, Precinct 1",U.S. House,2,DEM,Clyde Welford,8,8,0,0
Newaygo,"Lincoln Township, Precinct 1",U.S. House,2,DEM,Jamie Hill,73,73,0,0
Newaygo,"Lincoln Township, Precinct 1",U.S. House,2,DEM,Write-in,0,0,0,0
Newaygo,"Lincoln Township, Precinct 1",U.S. House,2,REP,Ballots Cast,417,405,12,0
Newaygo,"Lincoln Township, Precinct 1",U.S. House,2,REP,John Moolenaar,240,230,10,0
Newaygo,"Lincoln Township, Precinct 1",U.S. House,2,REP,Write-in,2,2,0,0
Newaygo,"Lincoln Township, Precinct 1",U.S. Senate,,DEM,Abdul El-Sayed,49,48,1,0
Newaygo,"Lincoln Township, Precinct 1",U.S. Senate,,DEM,Ballots Cast,417,405,12,0
Newaygo,"Lincoln Township, Precinct 1",U.S. Senate,,DEM,Haley Stevens,86,86,0,0
Newaygo,"Lincoln Township, Precinct 1",U.S. Senate,,DEM,Mallory McMorrow,10,10,0,0
Newaygo,"Lincoln Township, Precinct 1",U.S. Senate,,DEM,Write-in,0,0,0,0
Newaygo,"Lincoln Township, Precinct 1",U.S. Senate,,REP,Ballots Cast,417,405,12,0
Newaygo,"Lincoln Township, Precinct 1",U.S. Senate,,REP,Mike Rogers,241,233,8,0
Newaygo,"Lincoln Township, Precinct 1",U.S. Senate,,REP,Write-in,1,1,0,0
Newaygo,"Lincoln Township, Precinct 1",White Cloud Public Schools Operating Millage Proposal,,,Ballots Cast,308,296,12,0
Newaygo,"Lincoln Township, Precinct 1",White Cloud Public Schools Operating Millage Proposal,,,No,125,121,4,0
Newaygo,"Lincoln Township, Precinct 1",White Cloud Public Schools Operating Millage Proposal,,,Yes,131,126,5,0
Newaygo,"Merrill Township, Precinct 1",Big Jackson Public Schools Operating Millage Proposal,,,Ballots Cast,1,1,0,0
Newaygo,"Merrill Township, Precinct 1",Big Jackson Public Schools Operating Millage Proposal,,,No,0,0,0,0
Newaygo,"Merrill Township, Precinct 1",Big Jackson Public Schools Operating Millage Proposal,,,Yes,0,0,0,0
Newaygo,"Merrill Township, Precinct 1",Delegate to County Convention for Merrill Township Precinct 1,,DEM,Ballots Cast,273,264,9,0
Newaygo,"Merrill Township, Precinct 1",Delegate to County Convention for Merrill Township Precinct 1,,DEM,Write-in,10,10,0,0
Newaygo,"Merrill Township, Precinct 1",Delegate to County Convention for Merrill Township Precinct 1,,REP,Ballots Cast,273,264,9,0
Newaygo,"Merrill Township, Precinct 1",Delegate to County Convention for Merrill Township Precinct 1,,REP,Write-in,47,46,1,0
Newaygo,"Merrill Township, Precinct 1",Governor,,DEM,Ballots Cast,273,264,9,0
Newaygo,"Merrill Township, Precinct 1",Governor,,DEM,Christopher Robert Swanson,10,9,1,0
Newaygo,"Merrill Township, Precinct 1",Governor,,DEM,Jocelyn Benson,53,51,2,0
Newaygo,"Merrill Township, Precinct 1",Governor,,DEM,Write-in,0,0,0,0
Newaygo,"Merrill Township, Precinct 1",Governor,,REP,Aric Nesbitt,2,2,0,0
Newaygo,"Merrill Township, Precinct 1",Governor,,REP,Ballots Cast,273,264,9,0
Newaygo,"Merrill Township, Precinct 1",Governor,,REP,John James,83,79,4,0
Newaygo,"Merrill Township, Precinct 1",Governor,,REP,Mike Cox,33,31,2,0
Newaygo,"Merrill Township, Precinct 1",Governor,,REP,Perry Johnson,65,65,0,0
Newaygo,"Merrill Township, Precinct 1",Governor,,REP,Write-in,3,3,0,0
Newaygo,"Merrill Township, Precinct 1",Merrill Township Township Trustee,,DEM,Ballots Cast,273,264,9,0
Newaygo,"Merrill Township, Precinct 1",Merrill Township Township Trustee,,DEM,Write-in,21,21,0,0
Newaygo,"Merrill Township, Precinct 1",Merrill Township Township Trustee,,REP,Ashely Miles,100,100,0,0
Newaygo,"Merrill Township, Precinct 1",Merrill Township Township Trustee,,REP,Ballots Cast,273,264,9,0
Newaygo,"Merrill Township, Precinct 1",Merrill Township Township Trustee,,REP,Charles Dryer,100,95,5,0
Newaygo,"Merrill Township, Precinct 1",Merrill Township Township Trustee,,REP,Write-in,0,0,0,0
Newaygo,"Merrill Township, Precinct 1",State House,101,DEM,Ballots Cast,273,264,9,0
Newaygo,"Merrill Township, Precinct 1",State House,101,DEM,Christopher R. Crain,50,48,2,0
Newaygo,"Merrill Township, Precinct 1",State House,101,DEM,Write-in,0,0,0,0
Newaygo,"Merrill Township, Precinct 1",State House,101,REP,Ballots Cast,273,264,9,0
Newaygo,"Merrill Township, Precinct 1",State House,101,REP,Ben Townsend,5,5,0,0
Newaygo,"Merrill Township, Precinct 1",State House,101,REP,Gary Anderson,21,21,0,0
Newaygo,"Merrill Township, Precinct 1",State House,101,REP,Jaxon Deur,53,51,2,0
Newaygo,"Merrill Township, Precinct 1",State House,101,REP,Luke Eising,47,44,3,0
Newaygo,"Merrill Township, Precinct 1",State House,101,REP,Rich Vance,49,48,1,0
Newaygo,"Merrill Township, Precinct 1",State House,101,REP,Write-in,3,3,0,0
Newaygo,"Merrill Township, Precinct 1",State Senate,33,DEM,Ballots Cast,273,264,9,0
Newaygo,"Merrill Township, Precinct 1",State Senate,33,DEM,Stan Opal,49,47,2,0
Newaygo,"Merrill Township, Precinct 1",State Senate,33,DEM,Write-in,2,2,0,0
Newaygo,"Merrill Township, Precinct 1",State Senate,33,REP,Ballots Cast,273,264,9,0
Newaygo,"Merrill Township, Precinct 1",State Senate,33,REP,Gina Johnsen,29,29,0,0
Newaygo,"Merrill Township, Precinct 1",State Senate,33,REP,Joseph D. Fox,98,96,2,0
Newaygo,"Merrill Township, Precinct 1",State Senate,33,REP,Katie DeBoer,30,26,4,0
Newaygo,"Merrill Township, Precinct 1",State Senate,33,REP,Thomas J. Norton,23,23,0,0
Newaygo,"Merrill Township, Precinct 1",State Senate,33,REP,Write-in,2,2,0,0
Newaygo,"Merrill Township, Precinct 1",U.S. House,2,DEM,Ballots Cast,273,264,9,0
Newaygo,"Merrill Township, Precinct 1",U.S. House,2,DEM,Ben Ambrose,13,13,0,0
Newaygo,"Merrill Township, Precinct 1",U.S. House,2,DEM,Clyde Welford,14,14,0,0
Newaygo,"Merrill Township, Precinct 1",U.S. House,2,DEM,Jamie Hill,26,24,2,0
Newaygo,"Merrill Township, Precinct 1",U.S. House,2,DEM,Write-in,1,1,0,0
Newaygo,"Merrill Township, Precinct 1",U.S. House,2,REP,Ballots Cast,273,264,9,0
Newaygo,"Merrill Township, Precinct 1",U.S. House,2,REP,John Moolenaar,159,154,5,0
Newaygo,"Merrill Township, Precinct 1",U.S. House,2,REP,Write-in,4,4,0,0
Newaygo,"Merrill Township, Precinct 1",U.S. Senate,,DEM,Abdul El-Sayed,19,18,1,0
Newaygo,"Merrill Township, Precinct 1",U.S. Senate,,DEM,Ballots Cast,273,264,9,0
Newaygo,"Merrill Township, Precinct 1",U.S. Senate,,DEM,Haley Stevens,41,39,2,0
Newaygo,"Merrill Township, Precinct 1",U.S. Senate,,DEM,Mallory McMorrow,4,4,0,0
Newaygo,"Merrill Township, Precinct 1",U.S. Senate,,DEM,Write-in,0,0,0,0
Newaygo,"Merrill Township, Precinct 1",U.S. Senate,,REP,Ballots Cast,273,264,9,0
Newaygo,"Merrill Township, Precinct 1",U.S. Senate,,REP,Mike Rogers,166,161,5,0
Newaygo,"Merrill Township, Precinct 1",U.S. Senate,,REP,Write-in,3,3,0,0
Newaygo,"Merrill Township, Precinct 1",White Cloud Public Schools Operating Millage Proposal,,,Ballots Cast,96,93,3,0
Newaygo,"Merrill Township, Precinct 1",White Cloud Public Schools Operating Millage Proposal,,,No,46,43,3,0
Newaygo,"Merrill Township, Precinct 1",White Cloud Public Schools Operating Millage Proposal,,,Yes,37,37,0,0
Newaygo,"Monroe Township, Precinct 1",Big Jackson Public Schools Operating Millage Proposal,,,Ballots Cast,18,16,2,0
Newaygo,"Monroe Township, Precinct 1",Big Jackson Public Schools Operating Millage Proposal,,,No,0,0,0,0
Newaygo,"Monroe Township, Precinct 1",Big Jackson Public Schools Operating Millage Proposal,,,Yes,9,8,1,0
Newaygo,"Monroe Township, Precinct 1",Delegate to County Convention for Monroe Township Precinct 1,,DEM,Ballots Cast,82,74,8,0
Newaygo,"Monroe Township, Precinct 1",Delegate to County Convention for Monroe Township Precinct 1,,DEM,Write-in,5,3,2,0
Newaygo,"Monroe Township, Precinct 1",Delegate to County Convention for Monroe Township Precinct 1,,REP,Ballots Cast,82,74,8,0
Newaygo,"Monroe Township, Precinct 1",Delegate to County Convention for Monroe Township Precinct 1,,REP,Write-in,11,11,0,0
Newaygo,"Monroe Township, Precinct 1",Governor,,DEM,Ballots Cast,82,74,8,0
Newaygo,"Monroe Township, Precinct 1",Governor,,DEM,Christopher Robert Swanson,4,4,0,0
Newaygo,"Monroe Township, Precinct 1",Governor,,DEM,Jocelyn Benson,17,13,4,0
Newaygo,"Monroe Township, Precinct 1",Governor,,DEM,Write-in,0,0,0,0
Newaygo,"Monroe Township, Precinct 1",Governor,,REP,Aric Nesbitt,2,2,0,0
Newaygo,"Monroe Township, Precinct 1",Governor,,REP,Ballots Cast,82,74,8,0
Newaygo,"Monroe Township, Precinct 1",Governor,,REP,John James,25,21,4,0
Newaygo,"Monroe Township, Precinct 1",Governor,,REP,Mike Cox,7,7,0,0
Newaygo,"Monroe Township, Precinct 1",Governor,,REP,Perry Johnson,27,27,0,0
Newaygo,"Monroe Township, Precinct 1",Governor,,REP,Write-in,0,0,0,0
Newaygo,"Monroe Township, Precinct 1",Monroe Township Township Clerk,,DEM,Ballots Cast,82,74,8,0
Newaygo,"Monroe Township, Precinct 1",Monroe Township Township Clerk,,DEM,Write-in,5,5,0,0
Newaygo,"Monroe Township, Precinct 1",Monroe Township Township Clerk,,REP,Ballots Cast,82,74,8,0
Newaygo,"Monroe Township, Precinct 1",Monroe Township Township Clerk,,REP,Write-in,12,11,1,0
Newaygo,"Monroe Township, Precinct 1",Monroe Township Township Supervisor,,DEM,Ballots Cast,82,74,8,0
Newaygo,"Monroe Township, Precinct 1",Monroe Township Township Supervisor,,DEM,Write-in,5,5,0,0
Newaygo,"Monroe Township, Precinct 1",Monroe Township Township Supervisor,,REP,Ballots Cast,82,74,8,0
Newaygo,"Monroe Township, Precinct 1",Monroe Township Township Supervisor,,REP,Jacob M. Bills,58,55,3,0
Newaygo,"Monroe Township, Precinct 1",Monroe Township Township Supervisor,,REP,Write-in,0,0,0,0
Newaygo,"Monroe Township, Precinct 1",State House,101,DEM,Ballots Cast,82,74,8,0
Newaygo,"Monroe Township, Precinct 1",State House,101,DEM,Christopher R. Crain,20,16,4,0
Newaygo,"Monroe Township, Precinct 1",State House,101,DEM,Write-in,0,0,0,0
Newaygo,"Monroe Township, Precinct 1",State House,101,REP,Ballots Cast,82,74,8,0
Newaygo,"Monroe Township, Precinct 1",State House,101,REP,Ben Townsend,4,4,0,0
Newaygo,"Monroe Township, Precinct 1",State House,101,REP,Gary Anderson,8,6,2,0
Newaygo,"Monroe Township, Precinct 1",State House,101,REP,Jaxon Deur,7,7,0,0
Newaygo,"Monroe Township, Precinct 1",State House,101,REP,Luke Eising,27,27,0,0
Newaygo,"Monroe Township, Precinct 1",State House,101,REP,Rich Vance,13,13,0,0
Newaygo,"Monroe Township, Precinct 1",State House,101,REP,Write-in,0,0,0,0
Newaygo,"Monroe Township, Precinct 1",State Senate,33,DEM,Ballots Cast,82,74,8,0
Newaygo,"Monroe Township, Precinct 1",State Senate,33,DEM,Stan Opal,19,15,4,0
Newaygo,"Monroe Township, Precinct 1",State Senate,33,DEM,Write-in,0,0,0,0
Newaygo,"Monroe Township, Precinct 1",State Senate,33,REP,Ballots Cast,82,74,8,0
Newaygo,"Monroe Township, Precinct 1",State Senate,33,REP,Gina Johnsen,11,8,3,0
Newaygo,"Monroe Township, Precinct 1",State Senate,33,REP,Joseph D. Fox,24,24,0,0
Newaygo,"Monroe Township, Precinct 1",State Senate,33,REP,Katie DeBoer,15,14,1,0
Newaygo,"Monroe Township, Precinct 1",State Senate,33,REP,Thomas J. Norton,10,10,0,0
Newaygo,"Monroe Township, Precinct 1",State Senate,33,REP,Write-in,0,0,0,0
Newaygo,"Monroe Township, Precinct 1",U.S. House,2,DEM,Ballots Cast,82,74,8,0
Newaygo,"Monroe Township, Precinct 1",U.S. House,2,DEM,Ben Ambrose,6,4,2,0
Newaygo,"Monroe Township, Precinct 1",U.S. House,2,DEM,Clyde Welford,3,3,0,0
Newaygo,"Monroe Township, Precinct 1",U.S. House,2,DEM,Jamie Hill,10,10,0,0
Newaygo,"Monroe Township, Precinct 1",U.S. House,2,DEM,Write-in,0,0,0,0
Newaygo,"Monroe Township, Precinct 1",U.S. House,2,REP,Ballots Cast,82,74,8,0
Newaygo,"Monroe Township, Precinct 1",U.S. House,2,REP,John Moolenaar,54,51,3,0
Newaygo,"Monroe Township, Precinct 1",U.S. House,2,REP,Write-in,1,1,0,0
Newaygo,"Monroe Township, Precinct 1",U.S. Senate,,DEM,Abdul El-Sayed,5,5,0,0
Newaygo,"Monroe Township, Precinct 1",U.S. Senate,,DEM,Ballots Cast,82,74,8,0
Newaygo,"Monroe Township, Precinct 1",U.S. Senate,,DEM,Haley Stevens,14,12,2,0
Newaygo,"Monroe Township, Precinct 1",U.S. Senate,,DEM,Mallory McMorrow,2,0,2,0
Newaygo,"Monroe Township, Precinct 1",U.S. Senate,,DEM,Write-in,0,0,0,0
Newaygo,"Monroe Township, Precinct 1",U.S. Senate,,REP,Ballots Cast,82,74,8,0
Newaygo,"Monroe Township, Precinct 1",U.S. Senate,,REP,Mike Rogers,54,51,3,0
Newaygo,"Monroe Township, Precinct 1",U.S. Senate,,REP,Write-in,2,2,0,0
Newaygo,"Monroe Township, Precinct 1",White Cloud Public Schools Operating Millage Proposal,,,Ballots Cast,54,48,6,0
Newaygo,"Monroe Township, Precinct 1",White Cloud Public Schools Operating Millage Proposal,,,No,26,22,4,0
Newaygo,"Monroe Township, Precinct 1",White Cloud Public Schools Operating Millage Proposal,,,Yes,20,18,2,0
Newaygo,"Norwich Township, Precinct 1",Big Jackson Public Schools Operating Millage Proposal,,,Ballots Cast,1,1,0,0
Newaygo,"Norwich Township, Precinct 1",Big Jackson Public Schools Operating Millage Proposal,,,No,0,0,0,0
Newaygo,"Norwich Township, Precinct 1",Big Jackson Public Schools Operating Millage Proposal,,,Yes,1,1,0,0
Newaygo,"Norwich Township, Precinct 1",Delegate to County Convention for Norwich Township Precinct 1,,DEM,Ballots Cast,151,143,8,0
Newaygo,"Norwich Township, Precinct 1",Delegate to County Convention for Norwich Township Precinct 1,,DEM,Write-in,12,10,2,0
Newaygo,"Norwich Township, Precinct 1",Delegate to County Convention for Norwich Township Precinct 1,,REP,Ballots Cast,151,143,8,0
Newaygo,"Norwich Township, Precinct 1",Delegate to County Convention for Norwich Township Precinct 1,,REP,Write-in,38,36,2,0
Newaygo,"Norwich Township, Precinct 1",Governor,,DEM,Ballots Cast,151,143,8,0
Newaygo,"Norwich Township, Precinct 1",Governor,,DEM,Christopher Robert Swanson,9,9,0,0
Newaygo,"Norwich Township, Precinct 1",Governor,,DEM,Jocelyn Benson,40,38,2,0
Newaygo,"Norwich Township, Precinct 1",Governor,,DEM,Write-in,0,0,0,0
Newaygo,"Norwich Township, Precinct 1",Governor,,REP,Aric Nesbitt,0,0,0,0
Newaygo,"Norwich Township, Precinct 1",Governor,,REP,Ballots Cast,151,143,8,0
Newaygo,"Norwich Township, Precinct 1",Governor,,REP,John James,56,52,4,0
Newaygo,"Norwich Township, Precinct 1",Governor,,REP,Mike Cox,8,8,0,0
Newaygo,"Norwich Township, Precinct 1",Governor,,REP,Perry Johnson,32,30,2,0
Newaygo,"Norwich Township, Precinct 1",Governor,,REP,Write-in,1,1,0,0
Newaygo,"Norwich Township, Precinct 1",Norwich EMS Millage Renewal Proposal,,,Ballots Cast,151,143,8,0
Newaygo,"Norwich Township, Precinct 1",Norwich EMS Millage Renewal Proposal,,,No,32,31,1,0
Newaygo,"Norwich Township, Precinct 1",Norwich EMS Millage Renewal Proposal,,,Yes,115,108,7,0
Newaygo,"Norwich Township, Precinct 1",Norwich Fire Protection Millage Renewal Proposal,,,Ballots Cast,151,143,8,0
Newaygo,"Norwich Township, Precinct 1",Norwich Fire Protection Millage Renewal Proposal,,,No,33,32,1,0
Newaygo,"Norwich Township, Precinct 1",Norwich Fire Protection Millage Renewal Proposal,,,Yes,114,107,7,0
Newaygo,"Norwich Township, Precinct 1",Norwich Road Millage Renewal Proposal,,,Ballots Cast,151,143,8,0
Newaygo,"Norwich Township, Precinct 1",Norwich Road Millage Renewal Proposal,,,No,39,38,1,0
Newaygo,"Norwich Township, Precinct 1",Norwich Road Millage Renewal Proposal,,,Yes,108,101,7,0
Newaygo,"Norwich Township, Precinct 1",State House,101,DEM,Ballots Cast,151,143,8,0
Newaygo,"Norwich Township, Precinct 1",State House,101,DEM,Christopher R. Crain,43,41,2,0
Newaygo,"Norwich Township, Precinct 1",State House,101,DEM,Write-in,0,0,0,0
Newaygo,"Norwich Township, Precinct 1",State House,101,REP,Ballots Cast,151,143,8,0
Newaygo,"Norwich Township, Precinct 1",State House,101,REP,Ben Townsend,1,1,0,0
Newaygo,"Norwich Township, Precinct 1",State House,101,REP,Gary Anderson,9,7,2,0
Newaygo,"Norwich Township, Precinct 1",State House,101,REP,Jaxon Deur,15,15,0,0
Newaygo,"Norwich Township, Precinct 1",State House,101,REP,Luke Eising,60,58,2,0
Newaygo,"Norwich Township, Precinct 1",State House,101,REP,Rich Vance,7,5,2,0
Newaygo,"Norwich Township, Precinct 1",State House,101,REP,Write-in,1,1,0,0
Newaygo,"Norwich Township, Precinct 1",State Senate,33,DEM,Ballots Cast,151,143,8,0
Newaygo,"Norwich Township, Precinct 1",State Senate,33,DEM,Stan Opal,44,42,2,0
Newaygo,"Norwich Township, Precinct 1",State Senate,33,DEM,Write-in,0,0,0,0
Newaygo,"Norwich Township, Precinct 1",State Senate,33,REP,Ballots Cast,151,143,8,0
Newaygo,"Norwich Township, Precinct 1",State Senate,33,REP,Gina Johnsen,14,13,1,0
Newaygo,"Norwich Township, Precinct 1",State Senate,33,REP,Joseph D. Fox,47,43,4,0
Newaygo,"Norwich Township, Precinct 1",State Senate,33,REP,Katie DeBoer,18,17,1,0
Newaygo,"Norwich Township, Precinct 1",State Senate,33,REP,Thomas J. Norton,10,10,0,0
Newaygo,"Norwich Township, Precinct 1",State Senate,33,REP,Write-in,2,2,0,0
Newaygo,"Norwich Township, Precinct 1",U.S. House,2,DEM,Ballots Cast,151,143,8,0
Newaygo,"Norwich Township, Precinct 1",U.S. House,2,DEM,Ben Ambrose,28,27,1,0
Newaygo,"Norwich Township, Precinct 1",U.S. House,2,DEM,Clyde Welford,2,2,0,0
Newaygo,"Norwich Township, Precinct 1",U.S. House,2,DEM,Jamie Hill,14,13,1,0
Newaygo,"Norwich Township, Precinct 1",U.S. House,2,DEM,Write-in,1,1,0,0
Newaygo,"Norwich Township, Precinct 1",U.S. House,2,REP,Ballots Cast,151,143,8,0
Newaygo,"Norwich Township, Precinct 1",U.S. House,2,REP,John Moolenaar,88,82,6,0
Newaygo,"Norwich Township, Precinct 1",U.S. House,2,REP,Write-in,1,1,0,0
Newaygo,"Norwich Township, Precinct 1",U.S. Senate,,DEM,Abdul El-Sayed,27,25,2,0
Newaygo,"Norwich Township, Precinct 1",U.S. Senate,,DEM,Ballots Cast,151,143,8,0
Newaygo,"Norwich Township, Precinct 1",U.S. Senate,,DEM,Haley Stevens,18,18,0,0
Newaygo,"Norwich Township, Precinct 1",U.S. Senate,,DEM,Mallory McMorrow,3,3,0,0
Newaygo,"Norwich Township, Precinct 1",U.S. Senate,,DEM,Write-in,0,0,0,0
Newaygo,"Norwich Township, Precinct 1",U.S. Senate,,REP,Ballots Cast,151,143,8,0
Newaygo,"Norwich Township, Precinct 1",U.S. Senate,,REP,Mike Rogers,92,86,6,0
Newaygo,"Norwich Township, Precinct 1",U.S. Senate,,REP,Write-in,1,1,0,0
Newaygo,"Norwich Township, Precinct 1",White Cloud Public Schools Operating Millage Proposal,,,Ballots Cast,2,0,2,0
Newaygo,"Norwich Township, Precinct 1",White Cloud Public Schools Operating Millage Proposal,,,No,1,0,1,0
Newaygo,"Norwich Township, Precinct 1",White Cloud Public Schools Operating Millage Proposal,,,Yes,1,0,1,0
Newaygo,"Sheridan Charter Township, Precinct 1",Delegate to County Convention for Sheridan Charter Township Precinct 1,,DEM,Ballots Cast,731,720,11,0
Newaygo,"Sheridan Charter Township, Precinct 1",Delegate to County Convention for Sheridan Charter Township Precinct 1,,DEM,Write-in,19,19,0,0
Newaygo,"Sheridan Charter Township, Precinct 1",Delegate to County Convention for Sheridan Charter Township Precinct 1,,REP,Ballots Cast,731,720,11,0
Newaygo,"Sheridan Charter Township, Precinct 1",Delegate to County Convention for Sheridan Charter Township Precinct 1,,REP,Jennifer Hollowell,329,323,6,0
Newaygo,"Sheridan Charter Township, Precinct 1",Delegate to County Convention for Sheridan Charter Township Precinct 1,,REP,Maggie Kolk,301,296,5,0
Newaygo,"Sheridan Charter Township, Precinct 1",Delegate to County Convention for Sheridan Charter Township Precinct 1,,REP,Sarah Cummins,258,253,5,0
Newaygo,"Sheridan Charter Township, Precinct 1",Delegate to County Convention for Sheridan Charter Township Precinct 1,,REP,Thomas Thiebout,295,289,6,0
Newaygo,"Sheridan Charter Township, Precinct 1",Delegate to County Convention for Sheridan Charter Township Precinct 1,,REP,Write-in,1,1,0,0
Newaygo,"Sheridan Charter Township, Precinct 1",Governor,,DEM,Ballots Cast,731,720,11,0
Newaygo,"Sheridan Charter Township, Precinct 1",Governor,,DEM,Christopher Robert Swanson,26,26,0,0
Newaygo,"Sheridan Charter Township, Precinct 1",Governor,,DEM,Jocelyn Benson,200,200,0,0
Newaygo,"Sheridan Charter Township, Precinct 1",Governor,,DEM,Write-in,0,0,0,0
Newaygo,"Sheridan Charter Township, Precinct 1",Governor,,REP,Aric Nesbitt,6,6,0,0
Newaygo,"Sheridan Charter Township, Precinct 1",Governor,,REP,Ballots Cast,731,720,11,0
Newaygo,"Sheridan Charter Township, Precinct 1",Governor,,REP,John James,248,246,2,0
Newaygo,"Sheridan Charter Township, Precinct 1",Governor,,REP,Mike Cox,60,60,0,0
Newaygo,"Sheridan Charter Township, Precinct 1",Governor,,REP,Perry Johnson,170,162,8,0
Newaygo,"Sheridan Charter Township, Precinct 1",Governor,,REP,Write-in,2,2,0,0
Newaygo,"Sheridan Charter Township, Precinct 1",Sheridan Charter Township Township Trustee,,DEM,Ballots Cast,731,720,11,0
Newaygo,"Sheridan Charter Township, Precinct 1",Sheridan Charter Township Township Trustee,,DEM,Theodore Rancour,200,200,0,0
Newaygo,"Sheridan Charter Township, Precinct 1",Sheridan Charter Township Township Trustee,,DEM,Write-in,1,1,0,0
Newaygo,"Sheridan Charter Township, Precinct 1",Sheridan Charter Township Township Trustee,,REP,Ballots Cast,731,720,11,0
Newaygo,"Sheridan Charter Township, Precinct 1",Sheridan Charter Township Township Trustee,,REP,Write-in,62,61,1,0
Newaygo,"Sheridan Charter Township, Precinct 1",State House,101,DEM,Ballots Cast,731,720,11,0
Newaygo,"Sheridan Charter Township, Precinct 1",State House,101,DEM,Christopher R. Crain,201,201,0,0
Newaygo,"Sheridan Charter Township, Precinct 1",State House,101,DEM,Write-in,1,1,0,0
Newaygo,"Sheridan Charter Township, Precinct 1",State House,101,REP,Ballots Cast,731,720,11,0
Newaygo,"Sheridan Charter Township, Precinct 1",State House,101,REP,Ben Townsend,11,10,1,0
Newaygo,"Sheridan Charter Township, Precinct 1",State House,101,REP,Gary Anderson,83,81,2,0
Newaygo,"Sheridan Charter Township, Precinct 1",State House,101,REP,Jaxon Deur,268,264,4,0
Newaygo,"Sheridan Charter Township, Precinct 1",State House,101,REP,Luke Eising,41,41,0,0
Newaygo,"Sheridan Charter Township, Precinct 1",State House,101,REP,Rich Vance,76,72,4,0
Newaygo,"Sheridan Charter Township, Precinct 1",State House,101,REP,Write-in,0,0,0,0
Newaygo,"Sheridan Charter Township, Precinct 1",State Senate,33,DEM,Ballots Cast,731,720,11,0
Newaygo,"Sheridan Charter Township, Precinct 1",State Senate,33,DEM,Stan Opal,199,199,0,0
Newaygo,"Sheridan Charter Township, Precinct 1",State Senate,33,DEM,Write-in,1,1,0,0
Newaygo,"Sheridan Charter Township, Precinct 1",State Senate,33,REP,Ballots Cast,731,720,11,0
Newaygo,"Sheridan Charter Township, Precinct 1",State Senate,33,REP,Gina Johnsen,135,134,1,0
Newaygo,"Sheridan Charter Township, Precinct 1",State Senate,33,REP,Joseph D. Fox,242,238,4,0
Newaygo,"Sheridan Charter Township, Precinct 1",State Senate,33,REP,Katie DeBoer,73,71,2,0
Newaygo,"Sheridan Charter Township, Precinct 1",State Senate,33,REP,Thomas J. Norton,33,30,3,0
Newaygo,"Sheridan Charter Township, Precinct 1",State Senate,33,REP,Write-in,1,1,0,0
Newaygo,"Sheridan Charter Township, Precinct 1",U.S. House,2,DEM,Ballots Cast,731,720,11,0
Newaygo,"Sheridan Charter Township, Precinct 1",U.S. House,2,DEM,Ben Ambrose,75,75,0,0
Newaygo,"Sheridan Charter Township, Precinct 1",U.S. House,2,DEM,Clyde Welford,14,14,0,0
Newaygo,"Sheridan Charter Township, Precinct 1",U.S. House,2,DEM,Jamie Hill,116,116,0,0
Newaygo,"Sheridan Charter Township, Precinct 1",U.S. House,2,DEM,Write-in,0,0,0,0
Newaygo,"Sheridan Charter Township, Precinct 1",U.S. House,2,REP,Ballots Cast,731,720,11,0
Newaygo,"Sheridan Charter Township, Precinct 1",U.S. House,2,REP,John Moolenaar,459,449,10,0
Newaygo,"Sheridan Charter Township, Precinct 1",U.S. House,2,REP,Write-in,1,1,0,0
Newaygo,"Sheridan Charter Township, Precinct 1",U.S. Senate,,DEM,Abdul El-Sayed,103,103,0,0
Newaygo,"Sheridan Charter Township, Precinct 1",U.S. Senate,,DEM,Ballots Cast,731,720,11,0
Newaygo,"Sheridan Charter Township, Precinct 1",U.S. Senate,,DEM,Haley Stevens,115,115,0,0
Newaygo,"Sheridan Charter Township, Precinct 1",U.S. Senate,,DEM,Mallory McMorrow,9,9,0,0
Newaygo,"Sheridan Charter Township, Precinct 1",U.S. Senate,,DEM,Write-in,0,0,0,0
Newaygo,"Sheridan Charter Township, Precinct 1",U.S. Senate,,REP,Ballots Cast,731,720,11,0
Newaygo,"Sheridan Charter Township, Precinct 1",U.S. Senate,,REP,Mike Rogers,462,452,10,0
Newaygo,"Sheridan Charter Township, Precinct 1",U.S. Senate,,REP,Write-in,2,2,0,0
Newaygo,"Sherman Township, Precinct 1",Delegate to County Convention for Sherman Township Precinct 1,,DEM,Ballots Cast,633,621,12,0
Newaygo,"Sherman Township, Precinct 1",Delegate to County Convention for Sherman Township Precinct 1,,DEM,Ellen McIntee,116,113,3,0
Newaygo,"Sherman Township, Precinct 1",Delegate to County Convention for Sherman Township Precinct 1,,DEM,Furlo K. Bengtsson,100,97,3,0
Newaygo,"Sherman Township, Precinct 1",Delegate to County Convention for Sherman Township Precinct 1,,DEM,Terence McIntee,93,90,3,0
Newaygo,"Sherman Township, Precinct 1",Delegate to County Convention for Sherman Township Precinct 1,,DEM,Write-in,1,1,0,0
Newaygo,"Sherman Township, Precinct 1",Delegate to County Convention for Sherman Township Precinct 1,,REP,Ballots Cast,633,621,12,0
Newaygo,"Sherman Township, Precinct 1",Delegate to County Convention for Sherman Township Precinct 1,,REP,Gary L. Anderson,237,230,7,0
Newaygo,"Sherman Township, Precinct 1",Delegate to County Convention for Sherman Township Precinct 1,,REP,Karla Johnson,141,136,5,0
Newaygo,"Sherman Township, Precinct 1",Delegate to County Convention for Sherman Township Precinct 1,,REP,Ryan O. Seyferth,172,168,4,0
Newaygo,"Sherman Township, Precinct 1",Delegate to County Convention for Sherman Township Precinct 1,,REP,Steve Johnson,152,149,3,0
Newaygo,"Sherman Township, Precinct 1",Delegate to County Convention for Sherman Township Precinct 1,,REP,Write-in,0,0,0,0
Newaygo,"Sherman Township, Precinct 1",Governor,,DEM,Ballots Cast,633,621,12,0
Newaygo,"Sherman Township, Precinct 1",Governor,,DEM,Christopher Robert Swanson,18,18,0,0
Newaygo,"Sherman Township, Precinct 1",Governor,,DEM,Jocelyn Benson,156,153,3,0
Newaygo,"Sherman Township, Precinct 1",Governor,,DEM,Write-in,0,0,0,0
Newaygo,"Sherman Township, Precinct 1",Governor,,REP,Aric Nesbitt,3,3,0,0
Newaygo,"Sherman Township, Precinct 1",Governor,,REP,Ballots Cast,633,621,12,0
Newaygo,"Sherman Township, Precinct 1",Governor,,REP,John James,219,213,6,0
Newaygo,"Sherman Township, Precinct 1",Governor,,REP,Mike Cox,51,51,0,0
Newaygo,"Sherman Township, Precinct 1",Governor,,REP,Perry Johnson,171,168,3,0
Newaygo,"Sherman Township, Precinct 1",Governor,,REP,Write-in,0,0,0,0
Newaygo,"Sherman Township, Precinct 1",State House,101,DEM,Ballots Cast,633,621,12,0
Newaygo,"Sherman Township, Precinct 1",State House,101,DEM,Christopher R. Crain,158,155,3,0
Newaygo,"Sherman Township, Precinct 1",State House,101,DEM,Write-in,0,0,0,0
Newaygo,"Sherman Township, Precinct 1",State House,101,REP,Ballots Cast,633,621,12,0
Newaygo,"Sherman Township, Precinct 1",State House,101,REP,Ben Townsend,9,9,0,0
Newaygo,"Sherman Township, Precinct 1",State House,101,REP,Gary Anderson,121,118,3,0
Newaygo,"Sherman Township, Precinct 1",State House,101,REP,Jaxon Deur,181,179,2,0
Newaygo,"Sherman Township, Precinct 1",State House,101,REP,Luke Eising,63,59,4,0
Newaygo,"Sherman Township, Precinct 1",State House,101,REP,Rich Vance,69,69,0,0
Newaygo,"Sherman Township, Precinct 1",State House,101,REP,Write-in,0,0,0,0
Newaygo,"Sherman Township, Precinct 1",State Senate,33,DEM,Ballots Cast,633,621,12,0
Newaygo,"Sherman Township, Precinct 1",State Senate,33,DEM,Stan Opal,158,155,3,0
Newaygo,"Sherman Township, Precinct 1",State Senate,33,DEM,Write-in,0,0,0,0
Newaygo,"Sherman Township, Precinct 1",State Senate,33,REP,Ballots Cast,633,621,12,0
Newaygo,"Sherman Township, Precinct 1",State Senate,33,REP,Gina Johnsen,124,123,1,0
Newaygo,"Sherman Township, Precinct 1",State Senate,33,REP,Joseph D. Fox,239,235,4,0
Newaygo,"Sherman Township, Precinct 1",State Senate,33,REP,Katie DeBoer,61,57,4,0
Newaygo,"Sherman Township, Precinct 1",State Senate,33,REP,Thomas J. Norton,21,21,0,0
Newaygo,"Sherman Township, Precinct 1",State Senate,33,REP,Write-in,0,0,0,0
Newaygo,"Sherman Township, Precinct 1",U.S. House,2,DEM,Ballots Cast,633,621,12,0
Newaygo,"Sherman Township, Precinct 1",U.S. House,2,DEM,Ben Ambrose,69,69,0,0
Newaygo,"Sherman Township, Precinct 1",U.S. House,2,DEM,Clyde Welford,20,20,0,0
Newaygo,"Sherman Township, Precinct 1",U.S. House,2,DEM,Jamie Hill,70,67,3,0
Newaygo,"Sherman Township, Precinct 1",U.S. House,2,DEM,Write-in,0,0,0,0
Newaygo,"Sherman Township, Precinct 1",U.S. House,2,REP,Ballots Cast,633,621,12,0
Newaygo,"Sherman Township, Precinct 1",U.S. House,2,REP,John Moolenaar,403,396,7,0
Newaygo,"Sherman Township, Precinct 1",U.S. House,2,REP,Write-in,2,2,0,0
Newaygo,"Sherman Township, Precinct 1",U.S. Senate,,DEM,Abdul El-Sayed,65,63,2,0
Newaygo,"Sherman Township, Precinct 1",U.S. Senate,,DEM,Ballots Cast,633,621,12,0
Newaygo,"Sherman Township, Precinct 1",U.S. Senate,,DEM,Haley Stevens,104,103,1,0
Newaygo,"Sherman Township, Precinct 1",U.S. Senate,,DEM,Mallory McMorrow,5,5,0,0
Newaygo,"Sherman Township, Precinct 1",U.S. Senate,,DEM,Write-in,0,0,0,0
Newaygo,"Sherman Township, Precinct 1",U.S. Senate,,REP,Ballots Cast,633,621,12,0
Newaygo,"Sherman Township, Precinct 1",U.S. Senate,,REP,Mike Rogers,414,407,7,0
Newaygo,"Sherman Township, Precinct 1",U.S. Senate,,REP,Write-in,2,2,0,0
Newaygo,"Sherman Township, Precinct 1",White Cloud Public Schools Operating Millage Proposal,,,Ballots Cast,126,125,1,0
Newaygo,"Sherman Township, Precinct 1",White Cloud Public Schools Operating Millage Proposal,,,No,40,40,0,0
Newaygo,"Sherman Township, Precinct 1",White Cloud Public Schools Operating Millage Proposal,,,Yes,56,55,1,0
Newaygo,"Troy Township, Precinct 1",Delegate to County Convention for Troy Township Precinct 1,,DEM,Ballots Cast,61,61,0,0
Newaygo,"Troy Township, Precinct 1",Delegate to County Convention for Troy Township Precinct 1,,DEM,Write-in,10,10,0,0
Newaygo,"Troy Township, Precinct 1",Delegate to County Convention for Troy Township Precinct 1,,REP,Ballots Cast,61,61,0,0
Newaygo,"Troy Township, Precinct 1",Delegate to County Convention for Troy Township Precinct 1,,REP,Write-in,11,11,0,0
Newaygo,"Troy Township, Precinct 1",Governor,,DEM,Ballots Cast,61,61,0,0
Newaygo,"Troy Township, Precinct 1",Governor,,DEM,Christopher Robert Swanson,1,1,0,0
Newaygo,"Troy Township, Precinct 1",Governor,,DEM,Jocelyn Benson,15,15,0,0
Newaygo,"Troy Township, Precinct 1",Governor,,DEM,Write-in,0,0,0,0
Newaygo,"Troy Township, Precinct 1",Governor,,REP,Aric Nesbitt,0,0,0,0
Newaygo,"Troy Township, Precinct 1",Governor,,REP,Ballots Cast,61,61,0,0
Newaygo,"Troy Township, Precinct 1",Governor,,REP,John James,18,18,0,0
Newaygo,"Troy Township, Precinct 1",Governor,,REP,Mike Cox,7,7,0,0
Newaygo,"Troy Township, Precinct 1",Governor,,REP,Perry Johnson,13,13,0,0
Newaygo,"Troy Township, Precinct 1",Governor,,REP,Write-in,0,0,0,0
Newaygo,"Troy Township, Precinct 1",State House,101,DEM,Ballots Cast,61,61,0,0
Newaygo,"Troy Township, Precinct 1",State House,101,DEM,Christopher R. Crain,15,15,0,0
Newaygo,"Troy Township, Precinct 1",State House,101,DEM,Write-in,1,1,0,0
Newaygo,"Troy Township, Precinct 1",State House,101,REP,Ballots Cast,61,61,0,0
Newaygo,"Troy Township, Precinct 1",State House,101,REP,Ben Townsend,4,4,0,0
Newaygo,"Troy Township, Precinct 1",State House,101,REP,Gary Anderson,3,3,0,0
Newaygo,"Troy Township, Precinct 1",State House,101,REP,Jaxon Deur,8,8,0,0
Newaygo,"Troy Township, Precinct 1",State House,101,REP,Luke Eising,3,3,0,0
Newaygo,"Troy Township, Precinct 1",State House,101,REP,Rich Vance,17,17,0,0
Newaygo,"Troy Township, Precinct 1",State House,101,REP,Write-in,0,0,0,0
Newaygo,"Troy Township, Precinct 1",State Senate,33,DEM,Ballots Cast,61,61,0,0
Newaygo,"Troy Township, Precinct 1",State Senate,33,DEM,Stan Opal,15,15,0,0
Newaygo,"Troy Township, Precinct 1",State Senate,33,DEM,Write-in,1,1,0,0
Newaygo,"Troy Township, Precinct 1",State Senate,33,REP,Ballots Cast,61,61,0,0
Newaygo,"Troy Township, Precinct 1",State Senate,33,REP,Gina Johnsen,6,6,0,0
Newaygo,"Troy Township, Precinct 1",State Senate,33,REP,Joseph D. Fox,22,22,0,0
Newaygo,"Troy Township, Precinct 1",State Senate,33,REP,Katie DeBoer,5,5,0,0
Newaygo,"Troy Township, Precinct 1",State Senate,33,REP,Thomas J. Norton,2,2,0,0
Newaygo,"Troy Township, Precinct 1",State Senate,33,REP,Write-in,0,0,0,0
Newaygo,"Troy Township, Precinct 1","Troy Township Millage Renewal Proposition 0.4998 for Cemetery Maintenance, Repair and Upkeep Purposes",,,Ballots Cast,61,61,0,0
Newaygo,"Troy Township, Precinct 1","Troy Township Millage Renewal Proposition 0.4998 for Cemetery Maintenance, Repair and Upkeep Purposes",,,No,17,17,0,0
Newaygo,"Troy Township, Precinct 1","Troy Township Millage Renewal Proposition 0.4998 for Cemetery Maintenance, Repair and Upkeep Purposes",,,Yes,36,36,0,0
Newaygo,"Troy Township, Precinct 1",Troy Township Township Treasurer,,DEM,Ballots Cast,61,61,0,0
Newaygo,"Troy Township, Precinct 1",Troy Township Township Treasurer,,DEM,Susan Hollar,16,16,0,0
Newaygo,"Troy Township, Precinct 1",Troy Township Township Treasurer,,DEM,Write-in,0,0,0,0
Newaygo,"Troy Township, Precinct 1",Troy Township Township Treasurer,,REP,Ballots Cast,61,61,0,0
Newaygo,"Troy Township, Precinct 1",Troy Township Township Treasurer,,REP,Write-in,5,5,0,0
Newaygo,"Troy Township, Precinct 1",U.S. House,2,DEM,Ballots Cast,61,61,0,0
Newaygo,"Troy Township, Precinct 1",U.S. House,2,DEM,Ben Ambrose,2,2,0,0
Newaygo,"Troy Township, Precinct 1",U.S. House,2,DEM,Clyde Welford,4,4,0,0
Newaygo,"Troy Township, Precinct 1",U.S. House,2,DEM,Jamie Hill,9,9,0,0
Newaygo,"Troy Township, Precinct 1",U.S. House,2,DEM,Write-in,1,1,0,0
Newaygo,"Troy Township, Precinct 1",U.S. House,2,REP,Ballots Cast,61,61,0,0
Newaygo,"Troy Township, Precinct 1",U.S. House,2,REP,John Moolenaar,29,29,0,0
Newaygo,"Troy Township, Precinct 1",U.S. House,2,REP,Write-in,1,1,0,0
Newaygo,"Troy Township, Precinct 1",U.S. Senate,,DEM,Abdul El-Sayed,2,2,0,0
Newaygo,"Troy Township, Precinct 1",U.S. Senate,,DEM,Ballots Cast,61,61,0,0
Newaygo,"Troy Township, Precinct 1",U.S. Senate,,DEM,Haley Stevens,13,13,0,0
Newaygo,"Troy Township, Precinct 1",U.S. Senate,,DEM,Mallory McMorrow,1,1,0,0
Newaygo,"Troy Township, Precinct 1",U.S. Senate,,DEM,Write-in,0,0,0,0
Newaygo,"Troy Township, Precinct 1",U.S. Senate,,REP,Ballots Cast,61,61,0,0
Newaygo,"Troy Township, Precinct 1",U.S. Senate,,REP,Mike Rogers,36,36,0,0
Newaygo,"Troy Township, Precinct 1",U.S. Senate,,REP,Write-in,2,2,0,0
Newaygo,"Troy Township, Precinct 1",Walkerville Public Schools Operating Millage Proposal,,,Ballots Cast,61,61,0,0
Newaygo,"Troy Township, Precinct 1",Walkerville Public Schools Operating Millage Proposal,,,No,25,25,0,0
Newaygo,"Troy Township, Precinct 1",Walkerville Public Schools Operating Millage Proposal,,,Yes,30,30,0,0
Newaygo,"Wilcox Township, Precinct 1",Delegate to County Convention for Wilcox Township Precinct 1,,DEM,Ballots Cast,269,260,9,0
Newaygo,"Wilcox Township, Precinct 1",Delegate to County Convention for Wilcox Township Precinct 1,,DEM,Write-in,20,17,3,0
Newaygo,"Wilcox Township, Precinct 1",Delegate to County Convention for Wilcox Township Precinct 1,,REP,Ballots Cast,269,260,9,0
Newaygo,"Wilcox Township, Precinct 1",Delegate to County Convention for Wilcox Township Precinct 1,,REP,Jerry L. Jaquish,135,130,5,0
Newaygo,"Wilcox Township, Precinct 1",Delegate to County Convention for Wilcox Township Precinct 1,,REP,Write-in,1,1,0,0
Newaygo,"Wilcox Township, Precinct 1",Governor,,DEM,Ballots Cast,269,260,9,0
Newaygo,"Wilcox Township, Precinct 1",Governor,,DEM,Christopher Robert Swanson,12,12,0,0
Newaygo,"Wilcox Township, Precinct 1",Governor,,DEM,Jocelyn Benson,76,74,2,0
Newaygo,"Wilcox Township, Precinct 1",Governor,,DEM,Write-in,0,0,0,0
Newaygo,"Wilcox Township, Precinct 1",Governor,,REP,Aric Nesbitt,3,3,0,0
Newaygo,"Wilcox Township, Precinct 1",Governor,,REP,Ballots Cast,269,260,9,0
Newaygo,"Wilcox Township, Precinct 1",Governor,,REP,John James,67,62,5,0
Newaygo,"Wilcox Township, Precinct 1",Governor,,REP,Mike Cox,30,30,0,0
Newaygo,"Wilcox Township, Precinct 1",Governor,,REP,Perry Johnson,66,64,2,0
Newaygo,"Wilcox Township, Precinct 1",Governor,,REP,Write-in,2,2,0,0
Newaygo,"Wilcox Township, Precinct 1",State House,101,DEM,Ballots Cast,269,260,9,0
Newaygo,"Wilcox Township, Precinct 1",State House,101,DEM,Christopher R. Crain,77,75,2,0
Newaygo,"Wilcox Township, Precinct 1",State House,101,DEM,Write-in,0,0,0,0
Newaygo,"Wilcox Township, Precinct 1",State House,101,REP,Ballots Cast,269,260,9,0
Newaygo,"Wilcox Township, Precinct 1",State House,101,REP,Ben Townsend,16,16,0,0
Newaygo,"Wilcox Township, Precinct 1",State House,101,REP,Gary Anderson,44,41,3,0
Newaygo,"Wilcox Township, Precinct 1",State House,101,REP,Jaxon Deur,41,38,3,0
Newaygo,"Wilcox Township, Precinct 1",State House,101,REP,Luke Eising,34,33,1,0
Newaygo,"Wilcox Township, Precinct 1",State House,101,REP,Rich Vance,23,23,0,0
Newaygo,"Wilcox Township, Precinct 1",State House,101,REP,Write-in,1,1,0,0
Newaygo,"Wilcox Township, Precinct 1",State Senate,33,DEM,Ballots Cast,269,260,9,0
Newaygo,"Wilcox Township, Precinct 1",State Senate,33,DEM,Stan Opal,77,75,2,0
Newaygo,"Wilcox Township, Precinct 1",State Senate,33,DEM,Write-in,0,0,0,0
Newaygo,"Wilcox Township, Precinct 1",State Senate,33,REP,Ballots Cast,269,260,9,0
Newaygo,"Wilcox Township, Precinct 1",State Senate,33,REP,Gina Johnsen,31,31,0,0
Newaygo,"Wilcox Township, Precinct 1",State Senate,33,REP,Joseph D. Fox,74,72,2,0
Newaygo,"Wilcox Township, Precinct 1",State Senate,33,REP,Katie DeBoer,36,33,3,0
Newaygo,"Wilcox Township, Precinct 1",State Senate,33,REP,Thomas J. Norton,20,18,2,0
Newaygo,"Wilcox Township, Precinct 1",State Senate,33,REP,Write-in,1,1,0,0
Newaygo,"Wilcox Township, Precinct 1",U.S. House,2,DEM,Ballots Cast,269,260,9,0
Newaygo,"Wilcox Township, Precinct 1",U.S. House,2,DEM,Ben Ambrose,22,21,1,0
Newaygo,"Wilcox Township, Precinct 1",U.S. House,2,DEM,Clyde Welford,10,10,0,0
Newaygo,"Wilcox Township, Precinct 1",U.S. House,2,DEM,Jamie Hill,48,47,1,0
Newaygo,"Wilcox Township, Precinct 1",U.S. House,2,DEM,Write-in,0,0,0,0
Newaygo,"Wilcox Township, Precinct 1",U.S. House,2,REP,Ballots Cast,269,260,9,0
Newaygo,"Wilcox Township, Precinct 1",U.S. House,2,REP,John Moolenaar,157,152,5,0
Newaygo,"Wilcox Township, Precinct 1",U.S. House,2,REP,Write-in,2,2,0,0
Newaygo,"Wilcox Township, Precinct 1",U.S. Senate,,DEM,Abdul El-Sayed,28,26,2,0
Newaygo,"Wilcox Township, Precinct 1",U.S. Senate,,DEM,Ballots Cast,269,260,9,0
Newaygo,"Wilcox Township, Precinct 1",U.S. Senate,,DEM,Haley Stevens,57,57,0,0
Newaygo,"Wilcox Township, Precinct 1",U.S. Senate,,DEM,Mallory McMorrow,4,4,0,0
Newaygo,"Wilcox Township, Precinct 1",U.S. Senate,,DEM,Write-in,0,0,0,0
Newaygo,"Wilcox Township, Precinct 1",U.S. Senate,,REP,Ballots Cast,269,260,9,0
Newaygo,"Wilcox Township, Precinct 1",U.S. Senate,,REP,Mike Rogers,156,151,5,0
Newaygo,"Wilcox Township, Precinct 1",U.S. Senate,,REP,Write-in,1,1,0,0
Newaygo,"Wilcox Township, Precinct 1",White Cloud Public Schools Operating Millage Proposal,,,Ballots Cast,269,260,9,0
Newaygo,"Wilcox Township, Precinct 1",White Cloud Public Schools Operating Millage Proposal,,,No,113,109,4,0
Newaygo,"Wilcox Township, Precinct 1",White Cloud Public Schools Operating Millage Proposal,,,Yes,116,111,5,0
